comparison	model	n	ll_zinb	ll_nb	df_zinb	df_nb	q	lambda_lr	p_conservative	aic_zinb	aic_nb	delta_aic	bic_zinb	bic_nb	delta_bic
shendure_obs / by_cre	Bend5_chr4_8168	2011.0	-229.10482620875192	-231.27830338160348	12	6	6	4.346954345703125	0.6298339111504021	482.20965241750383	474.55660676320696	-7.653045654296875	549.4863010947756	508.1949311018429	-41.291369992932744
shendure_obs / by_cre	Bend5_chr4_8170	1325.0	-219.58909556233328	-230.93332621418875	10	4	6	22.688461303710938	0.0009078248159362128	459.17819112466657	469.8666524283775	10.688461303710938	511.0698685088698	490.6233233820588	-20.446545126810975
shendure_obs / by_cre	Bend5_chr4_8172	1410.0	-115.6387366661388	-118.7344397911388	11	5	6	6.19140625	0.4020939637981609	253.2774733322776	247.4688795822776	-5.80859375	311.0422681493719	273.7256044991387	-37.31666365023324
shendure_obs / by_cre	Bend5_chr4_8174	6252.0	-1257.0308709952358	-1291.0403314444545	15	9	6	68.0189208984375	1.041295578001055e-12	2544.0617419904715	2600.080662888909	56.0189208984375	2645.171592363592	2660.7465731127813	15.574980749189308
shendure_obs / by_cre	Bend5_chr4_8175	4946.0	-5852.126293657993	-5853.697826861118	17	11	6	3.14306640625	0.7906881998424895	11738.252587315987	11729.395653722237	-8.85693359375	11848.860272933369	11800.965332651132	-47.89494028223635
shendure_obs / by_cre	Bend5_chr4_8179	2091.0	-534.403649965277	-535.7141358051208	15	9	6	2.6209716796875	0.8546909340383771	1098.807299930554	1089.4282716102416	-9.3790283203125	1183.4882654219837	1140.2368509050993	-43.251414516884324
shendure_obs / by_cre	Bend5_chr4_8192	3370.0	-205.8417396566106	-213.2986946126653	12	6	6	14.913909912109375	0.020936974896438396	435.6834793132212	438.5973892253306	2.913909912109375	509.1554955933781	475.33339736540904	-33.822098227969036
shendure_obs / by_cre	Bend5_chr4_8199	5535.0	-676.8704539551155	-681.743622900428	15	9	6	9.746337890625	0.1357487862653112	1383.740907910231	1381.487245800856	-2.253662109375	1483.023610587372	1441.0568674071408	-41.96674318023133
shendure_obs / by_cre	Bend5_chr4_8201	5517.0	-2056.934343232166	-2060.531511200916	14	8	6	7.1943359375	0.3032485933170755	4141.868686464332	4137.063022401832	-4.8056640625	4234.486939650146	4189.987738508012	-44.49920114213455
shendure_obs / by_cre	Btg1_chr10_9572	1338.0	-171.8423671646226	-176.63194846345073	10	4	6	9.57916259765625	0.14352998755043433	363.6847343292452	361.26389692690145	-2.42083740234375	415.6740467361269	382.0596218896541	-33.61442484647279
shendure_obs / by_cre	Btg1_chr10_9578	1059.0	-2779.529114654073	-2783.867005279073	17	11	6	8.67578125	0.19264960261809067	5593.058229308146	5589.734010558146	-3.32421875	5677.46459518337	5644.3498943597615	-33.11470082360847
shendure_obs / by_cre	Btg1_chr10_9588	2950.0	-218.87879695019393	-221.79520930370956	12	6	6	5.83282470703125	0.44217552379490555	461.75759390038786	455.5904186074191	-6.16717529296875	533.6323192923942	491.52778130342233	-42.104537988971856
shendure_obs / by_cre	Btg1_chr10_9593	4677.0	-882.4854358577196	-889.5994495295946	15	9	6	14.22802734375	0.02719014266619889	1794.9708717154392	1797.1988990591892	2.22802734375	1891.7270540813274	1855.252608478722	-36.47444560260533
shendure_obs / by_cre	Btg1_chr10_9612	2433.0	-353.1959898089906	-359.9059507464906	13	7	6	13.419921875	0.036831599786757506	732.3919796179812	733.8119014929812	1.419921875	807.751424074167	774.3900638924658	-33.361360181701116
shendure_obs / by_cre	Btg1_chr10_9613	660.0	-108.84665829520904	-114.71980435233795	10	4	6	11.746292114257812	0.06787402597841259	237.69331659041808	237.4396087046759	-0.2537078857421875	282.6157149406228	255.40856804475777	-27.207146895865037
shendure_obs / by_cre	Cdk5r1_chr11_12559	11492.0	-7162.977495543287	-7164.522905699537	17	11	6	3.0908203125	0.7973646688234068	14359.954991086574	14351.045811399074	-8.9091796875	14484.894900228259	14431.889282020164	-53.00561820809526
shendure_obs / by_cre	Cdk5r1_chr11_12562	3610.0	-3725.116035437657	-3726.757148718907	17	11	6	3.2822265625	0.7726812216750188	7484.232070875314	7475.514297437814	-8.7177734375	7589.486942747872	7543.6203910024105	-45.86655174546104
shendure_obs / by_cre	Cdk5r1_chr11_12574	2551.0	-6224.538810720085	-6242.173088063835	17	11	6	35.2685546875	3.822739389826705e-06	12483.07762144017	12506.34617612767	23.2685546875	12582.42971364858	12570.63282402723	-11.796889621349692
shendure_obs / by_cre	Cdk5r1_chr11_12575	6293.0	-1161.1147905718099	-1164.3567339311849	15	9	6	6.48388671875	0.37121903272250184	2352.2295811436197	2346.7134678623697	-5.51611328125	2453.4374788965238	2407.438206514112	-45.99927238241162
shendure_obs / by_cre	Cdk5r1_chr11_12582	5425.0	-2809.2074528304574	-2812.651178416395	17	11	6	6.887451171875	0.33138126475824664	5652.414905660915	5647.30235683279	-5.112548828125	5764.594049693862	5719.888861795285	-44.705187898576696
shendure_obs / by_cre	Cdk5r1_chr11_12590	2096.0	-295.3448566746155	-302.6324543308655	12	6	6	14.5751953125	0.02383094922389245	614.689713349231	617.264908661731	2.5751953125	682.4631458945223	651.1516249343766	-31.311520960145685
shendure_obs / by_cre	Cdk5r1_chr11_12595	1336.0	-128.61374659958892	-131.36661525193267	10	4	6	5.5057373046875	0.4807635447788381	277.22749319917784	270.73323050386534	-6.4942626953125	329.20184674014376	291.52297192025173	-37.67887481989203
shendure_obs / by_cre	Cited2_chr10_1239	364.0	-80.64753190638567	-81.46551362635637	9	3	6	1.6359634399414062	0.9499571523007463	179.29506381277133	168.93102725271274	-10.364036560058594	214.369448621502	180.62248885562298	-33.74695976587901
shendure_obs / by_cre	Cited2_chr10_1246	512.0	-60.08036849137664	-65.10035750504852	10	4	6	10.039978027343764	0.12297852249998514	140.1607369827533	138.20071501009704	-1.96002197265625	182.54398323314837	155.15401351025508	-27.389969722893284
shendure_obs / by_cre	Cited2_chr10_1248	1285.0	-142.5777582592246	-144.4965357250449	10	4	6	3.837554931640625	0.6986486340239548	305.1555165184492	296.9930714500898	-8.162445068359375	356.7406564917424	317.6271274394071	-39.11352905233531
shendure_obs / by_cre	Cited2_chr10_1253	1895.0	-438.2683593928855	-439.3907196223777	15	9	6	2.244720458984375	0.8958724006640312	906.536718785771	896.7814392447553	-9.755279541015625	989.7413305485188	946.7042063024041	-43.03712424611467
shendure_obs / by_cre	Cited2_chr10_1254	3771.0	-5955.037272719464	-5960.314616469464	17	11	6	10.5546875	0.1031535846605546	11944.074545438929	11942.629232938929	-1.4453125	12050.07116889232	12011.21528340877	-38.85588548355008
shendure_obs / by_cre	Cited2_chr10_1267	4909.0	-417.65433782254115	-422.6409406057443	14	8	6	9.97320556640625	0.12578493575982364	863.3086756450823	861.2818812114886	-2.02679443359375	954.292233121895	913.272485483953	-41.01974763794203
shendure_obs / by_cre	Cited2_chr10_1270	340.0	-44.29048094984178	-46.03460870023851	9	3	6	3.488255500793457	0.7455315891314003	106.58096189968356	98.06921740047702	-8.511744499206543	141.04147245817543	109.55605425330764	-31.4854182048678
shendure_obs / by_cre	Col1a1_chr11_15258	3844.0	-742.2092920293456	-745.6790185918456	15	9	6	6.939453125	0.32648288264376546	1514.4185840586913	1509.3580371836913	-5.060546875	1608.2326156100441	1565.646456114503	-42.5861594955411
shendure_obs / by_cre	Col1a1_chr11_15259	4727.0	-717.9021491419697	-720.8225592982197	16	10	6	5.8408203125	0.441255848744354	1467.8042982839395	1461.6451185964395	-6.1591796875	1571.1810347766313	1526.2555789043718	-44.92545587225959
shendure_obs / by_cre	Col1a1_chr11_15269	2266.0	-231.54552596841623	-235.13982528482248	11	5	6	7.1885986328125	0.30375747366189343	485.09105193683246	480.27965056964496	-4.8114013671875	548.0745377942999	508.9085077775847	-39.16603001671518
shendure_obs / by_cre	Col1a1_chr11_15270	2166.0	-788.6472869441772	-790.2210174129272	16	10	6	3.1474609375	0.7901244047392934	1609.2945738883543	1600.4420348258543	-8.8525390625	1700.1847727293293	1657.2484091014637	-42.9363636278656
shendure_obs / by_cre	Col1a1_chr11_15273	2521.0	-297.7508061317763	-300.2100651649794	12	6	6	4.91851806640625	0.5543055648895174	619.5016122635526	612.4201303299589	-7.08148193359375	689.4905433898076	647.4145958930864	-42.075947496721255
shendure_obs / by_cre	Col1a1_chr11_15275	3783.0	-906.0051740488703	-907.3207181772883	15	9	6	2.6310882568359375	0.8535179897133303	1842.0103480977407	1832.6414363545766	-9.368911743164062	1935.584437467236	1888.785889976274	-46.798547490962164
shendure_obs / by_cre	Col1a1_chr11_15276	2989.0	-1212.449728138555	-1218.88649571668	16	10	6	12.87353515625	0.04508875835117957	2456.89945627711	2457.77299143336	0.87353515625	2552.942562873653	2517.7999330561993	-35.14262981745378
shendure_obs / by_cre	Col1a1_chr11_15301	893.0	-166.90600961464412	-168.148166597066	13	7	6	2.48431396484375	0.8702190356709746	359.81201922928824	350.296333194132	-9.51568603515625	422.1416447806827	383.85843926026746	-38.283205520415265
shendure_obs / by_cre	Col1a1_chr11_15307	5389.0	-5188.108635689331	-5194.086663033081	17	11	6	11.9560546875	0.06295638143199049	10410.217271378662	10410.173326066162	-0.0439453125	10522.283228383532	10482.68659236343	-39.59663602010187
shendure_obs / by_cre	Col1a1_chr11_15316	2801.0	-603.7225534345721	-607.490345182619	15	9	6	7.53558349609375	0.2741386167356048	1237.4451068691442	1232.980690365238	-4.46441650390625	1326.5110834980458	1286.420276342579	-40.09080715546679
shendure_obs / by_cre	Col1a1_chr11_15322	3592.0	-1542.6818911230828	-1549.3408266699578	17	11	6	13.31787109375	0.038256844750862336	3119.3637822461656	3120.6816533399156	1.31787109375	3224.533677546341	3188.7327620635588	-35.80091548278233
shendure_obs / by_cre	Col1a2_chr6_72	1775.0	-246.90205682618503	-249.6254149804819	11	5	6	5.44671630859375	0.4879200139557227	515.80411365237	509.2508299609638	-6.553283691406193	576.1012263733747	536.6586084705114	-39.44261790286339
shendure_obs / by_cre	Col1a2_chr6_73	2875.0	-514.6881195189346	-515.7224823119034	13	7	6	2.0687255859375	0.913270576474068	1055.3762390378693	1045.4449646238068	-9.9312744140625	1132.905742429878	1087.191620296427	-45.714122133451156
shendure_obs / by_cre	Col1a2_chr6_77	6896.0	-1533.9858457179025	-1536.254034194465	16	10	6	4.536376953125	0.6044917359888842	3099.971691435805	3092.50806838893	-7.463623046875	3209.3908404333015	3160.8950365123656	-48.49580392093594
shendure_obs / by_cre	Col1a2_chr6_88	2386.0	-154.09607496340982	-158.31415357669107	11	5	6	8.4361572265625	0.20785819229229863	330.19214992681964	326.62830715338214	-3.5638427734375	393.7432595560561	355.51517516667144	-38.22808438938466
shendure_obs / by_cre	Col1a2_chr6_93	734.0	-641.4091155716511	-642.4266936966511	16	10	6	2.03515625	0.9164370369461122	1314.8182311433022	1304.8533873933022	-9.96484375	1388.3943756011345	1350.8384776794474	-37.55589792168712
shendure_obs / by_cre	Col5a1_chr2_2558	6994.0	-539.6535156406949	-542.5240295567105	14	8	6	5.74102783203125	0.4528165439857078	1107.3070312813898	1101.048059113421	-6.25897216796875	1203.2463421281163	1155.8705224544076	-47.37581967370875
shendure_obs / by_cre	Col5a1_chr2_2562	2102.0	-170.7620797023962	-176.72440575220088	11	5	6	11.924652099609375	0.06367098757540043	363.5241594047924	363.44881150440176	-0.075347900390625	425.68124947059823	391.7020342615862	-33.97921520901201
shendure_obs / by_cre	Col5a1_chr2_2565	5182.0	-456.85528122958044	-458.79134690340857	14	8	6	3.87213134765625	0.6939755675680386	941.7105624591609	933.5826938068171	-8.12786865234375	1033.4518115148696	986.0062646957936	-47.44554681907607
shendure_obs / by_cre	Col5a1_chr2_2571	1948.0	-410.1073076844247	-412.8868639588388	14	8	6	5.559112548828125	0.4743411386949047	848.2146153688494	841.7737279176775	-6.440887451171875	926.2584341476842	886.3701957912974	-39.88823835638675
shendure_obs / by_cre	Col5a1_chr2_2575	5108.0	-4355.608729185494	-4355.746424497994	17	11	6	0.275390625	0.999607435019125	8745.217458370988	8733.492848995988	-11.724609375	8856.373033062579	8805.417044384665	-50.95598867791341
shendure_obs / by_cre	Col5a1_chr2_2576	4307.0	-682.1454917638569	-683.0504600255756	17	11	6	1.8099365234375	0.936322507664597	1398.2909835277137	1388.1009200511512	-10.1900634765625	1506.5469305736335	1458.1488857867464	-48.39804478688711
shendure_obs / by_cre	Col5a1_chr2_2586	1774.0	-130.53577990190684	-132.816457697317	10	4	6	4.5613555908203125	0.6011691188977175	281.07155980381367	273.632915394634	-7.4386444091796875	335.8814814325089	295.5568840461121	-40.32459738639682
shendure_obs / by_cre	Epas1_chr17_10056	4857.0	-399.07066755911967	-408.2352488579478	15	9	6	18.32916259765625	0.005460157090350364	828.1413351182393	834.4704977158956	6.32916259765625	925.4639787534255	892.8640838970073	-32.599894856418246
shendure_obs / by_cre	Epas1_chr17_10057	2487.0	-342.84323222332534	-348.43783671551284	13	7	6	11.189208984375	0.08270179174019875	711.6864644466507	710.8756734310257	-0.810791015625	787.3312862160949	751.6075005376496	-35.723785678445324
shendure_obs / by_cre	Epas1_chr17_10061	5490.0	-1056.93010639548	-1062.8613197743862	17	11	6	11.8624267578125	0.0651092131074171	2147.86021279096	2147.7226395487723	-0.1375732421875	2260.2418328775207	2220.440158428312	-39.801674449208804
shendure_obs / by_cre	Epas1_chr17_10063	1773.0	-762.1748900200218	-763.8409056450218	14	8	6	3.33203125	0.7661662752242299	1552.3497800400437	1543.6818112900437	-8.66796875	1629.0757763250826	1587.5252377386373	-41.55053858644533
shendure_obs / by_cre	Epas1_chr17_10064	610.0	-116.32461392597786	-118.23836362080208	10	4	6	3.8274993896484375	0.7000070508017426	252.64922785195571	244.47672724160415	-8.172500610351562	296.7838174236293	262.1305630702736	-34.65325435335569
shendure_obs / by_cre	Epas1_chr17_10066	3916.0	-399.2383930138588	-403.3752338341713	14	8	6	8.273681640625	0.21873054957563476	826.4767860277176	822.7504676683426	-3.726318359375	914.2963500788233	872.9330756975457	-41.363274381277506
shendure_obs / by_cre	Epas1_chr17_10070	4106.0	-3359.6459213261373	-3359.773057556606	17	11	6	0.2542724609375	0.9996885571463806	6753.291842652275	6741.546115113212	-11.7457275390625	6860.735320811115	6811.068365686579	-49.66695512453589
shendure_obs / by_cre	Epas1_chr17_10071	3037.0	-1367.5753139634214	-1394.992184080609	16	10	6	54.833740234375	5.008002844576954e-10	2767.150627926843	2809.984368161218	42.833740234375	2863.4486353675748	2870.1706228116755	6.721987444100705
shendure_obs / by_cre	Epas1_chr17_10116	2247.0	-253.2579616057911	-257.12514910579114	13	7	6	7.734375000000057	0.2582167178492239	532.5159232115823	528.2502982115823	-4.265625	606.8414897499915	568.2717571168796	-38.569732633111926
shendure_obs / by_cre	Foxa2_chr2_13806	698.0	-64.44611644363943	-69.29506969070974	10	4	6	9.697906494140625	0.13796391987703777	148.89223288727885	146.59013938141948	-2.302093505859375	194.3744239149026	164.78301579246897	-29.59140812243362
shendure_obs / by_cre	Foxa2_chr2_13808	2896.0	-515.1920490291058	-523.2172260310589	15	9	6	16.05035400390625	0.01348623417546064	1060.3840980582115	1064.4344520621178	4.05035400390625	1149.9503843607956	1118.1742238436682	-31.776160517127437
shendure_obs / by_cre	Foxa2_chr2_13812	2859.0	-353.3928006821173	-355.8451017075079	12	6	6	4.90460205078125	0.556105686589109	730.7856013642346	723.6902034150158	-7.09539794921875	802.2843276721023	759.4395665689497	-42.84476110315268
shendure_obs / by_cre	Foxa2_chr2_13818	2815.0	-408.46452741513707	-412.52519636044957	14	8	6	8.121337890625	0.22934791935708593	844.9290548302741	841.0503927208991	-3.878662109375	928.1271003983072	888.5921330454895	-39.534967352817716
shendure_obs / by_cre	Foxa2_chr2_13820	1368.0	-724.8516010473813	-733.6013569067563	14	8	6	17.49951171875	0.0076125766422959745	1477.7032020947627	1483.2027138135127	5.49951171875	1550.7986734693177	1524.9715545989727	-25.827118870344975
shendure_obs / by_cre	Foxa2_chr2_13830	2299.0	-178.7359967174611	-181.38733338738297	12	6	6	5.30267333984375	0.5056194607593869	381.4719934349222	374.77466677476593	-6.69732666015625	450.35474773208034	409.216043923345	-41.13870380873533
shendure_obs / by_cre	Foxa2_chr2_13835	2054.0	-390.2418463265172	-392.5559637581578	14	8	6	4.62823486328125	0.5922985914293302	808.4836926530344	801.1119275163156	-7.37176513671875	887.2693141198735	846.1322826402237	-41.13703147964975
shendure_obs / by_cre	Foxa2_chr2_13840	4424.0	-2368.435801609707	-2369.9083357893946	17	11	6	2.945068359375	0.8157091033166417	4770.871603219414	4761.816671578789	-9.054931640625	4879.583195453851	4832.159466554013	-47.42372889983744
shendure_obs / by_cre	Foxa2_chr2_13841	6195.0	-1253.9801302782287	-1258.1428500047912	17	11	6	8.325439453125	0.2152170387467487	2541.9602605564573	2538.2857000095823	-3.674560546875	2656.3957230555325	2612.332175744278	-44.0635473112543
shendure_obs / by_cre	Foxa2_chr2_13856	1035.0	-295.25403807198495	-299.5259496930787	10	4	6	8.5438232421875	0.20090468472678993	610.5080761439699	607.0518993861574	-3.4561767578125	659.9296432009646	626.8205262089552	-33.109116992009376
shendure_obs / by_cre	Foxa2_chr2_13858	1674.0	-895.8775640979029	-897.9217535510279	13	7	6	4.08837890625	0.6647175567009274	1817.7551281958058	1809.8435071020558	-7.91162109375	1888.2537544594484	1847.8043058594017	-40.44944860004671
shendure_obs / by_cre	Foxa2_chr2_13861	4112.0	-248.21283289644185	-252.67267176362935	13	7	6	8.919677734375	0.17814598693995626	522.4256657928837	519.3453435272587	-3.080322265625	604.6073082856387	563.5969971772037	-41.010311108435076
shendure_obs / by_cre	Foxa2_chr2_13862	2154.0	-481.9447741981707	-494.8774371620379	15	9	6	25.865325927734375	0.0002358770137161156	993.8895483963414	1007.7548743240758	13.865325927734375	1079.0157762620863	1058.8306110435228	-20.185165218563498
shendure_obs / by_cre	Gata4_chr14_5677	933.0	-1319.8860298066702	-1319.3163276582327	17	11	6	-1.139404296875	1.0	2673.7720596133404	2660.6326553164654	-13.139404296875	2756.0249480277453	2713.8551125257864	-42.169835501958914
shendure_obs / by_cre	Gata4_chr14_5693	2411.0	-278.34839859095587	-279.3741859444715	13	7	6	2.05157470703125	0.914894654522093	582.6967971819117	572.748371888943	-9.94842529296875	657.9381565982669	613.2629500362111	-44.67520656205579
shendure_obs / by_cre	Gata4_chr14_5710	3460.0	-214.06263822787048	-219.20962614290954	13	7	6	10.293975830078125	0.11280555998953401	454.12527645574096	452.4192522858191	-1.706024169921875	534.062586740414	495.4624193621815	-38.60016737823247
shendure_obs / by_cre	Gata4_chr14_5714	2118.0	-325.66725277273366	-332.7641155657024	15	9	6	14.1937255859375	0.02754543680514328	681.3345055454673	683.5282311314048	2.1937255859375	766.2079184378877	734.452278866857	-31.755639571030656
shendure_obs / by_cre	Gata4_chr14_5729	1352.0	-896.5825991643032	-901.1372866643032	11	5	6	9.109375	0.16751969535271483	1815.1651983286065	1812.2745733286065	-2.890625	1872.4679411512384	1838.321274611621	-34.1466665396174
shendure_obs / by_cre	Gata4_chr14_5742	4491.0	-6351.333220536686	-6350.4911146712075	17	11	6	-1.6842117309570312	1.0	12736.666441073372	12722.982229342415	-13.684211730957031	12845.633562515863	12793.49036674638	-52.14319576948219
shendure_obs / by_cre	Gata4_chr14_5749	4903.0	-2267.632013688649	-2269.824396501149	17	11	6	4.384765625	0.6247569495736454	4569.264027377298	4561.648793002298	-7.615234375	4679.7232705853685	4633.122420960462	-46.600849624906914
shendure_obs / by_cre	Gata4_chr14_5752	3540.0	-518.656690988443	-526.8090042208648	12	6	6	16.30462646484375	0.012209027910396101	1061.313381976886	1065.6180084417297	4.30462646484375	1135.3759660504197	1102.6493004784966	-32.72666557192315
shendure_obs / by_cre	Gata4_chr14_5760	2676.0	-344.8017823786517	-345.94808364818294	15	9	6	2.2926025390625	0.8909184832586023	719.6035647573034	709.8961672963659	-9.7073974609375	807.9847410760252	762.9248730875989	-45.05986798842628
shendure_obs / by_cre	Gata4_chr14_5762	1334.0	-111.5474972667775	-112.71479463005875	10	4	6	2.3345947265625	0.886500487338807	243.094994533555	233.4295892601175	-9.6654052734375	295.0543667983107	254.21333816601978	-40.841028632290914
shendure_obs / by_cre	Gata4_chr14_5763	4073.0	-287.2305384037004	-290.73453620643477	14	8	6	7.00799560546875	0.3201084027801941	602.4610768074008	597.4690724128695	-4.99200439453125	690.8309683144786	647.9661532740569	-42.86481504042172
shendure_obs / by_cre	Gata4_chr14_5776	2439.0	-483.94488595750454	-486.31951974656704	15	9	6	4.749267578125	0.5763498985530477	997.8897719150091	990.6390394931341	-7.250732421875	1084.8799228882478	1042.8331300770774	-42.04679281117046
shendure_obs / by_cre	Gata4_chr14_5779	1622.0	-187.26515662578902	-192.25479590801558	11	5	6	9.979278564453125	0.12552736075152657	396.53031325157804	394.50959181603116	-2.020721435546875	455.83588083300697	421.46666798940794	-34.36921284359903
shendure_obs / by_cre	Igfbp4_chr11_16694	715.0	-241.32796849521992	-244.53190221104023	14	8	6	6.407867431640625	0.37908337045793317	510.65593699043984	505.06380442208047	-5.592132568359375	574.667892588156	541.6420647636326	-33.02582782452339
shendure_obs / by_cre	Igfbp4_chr11_16710	6126.0	-2870.1755890965537	-2871.232840073116	17	11	6	2.114501953125	0.9088722574846975	5774.351178193107	5764.465680146232	-9.885498046875	5888.596232078784	5838.3889503075525	-50.207281771231465
shendure_obs / by_cre	Igfbp4_chr11_16711	3786.0	-2848.7531740171034	-2851.426880071791	17	11	6	5.347412109375	0.500087362104686	5731.506348034207	5724.853760143582	-6.652587890625	5837.570458674284	5793.483478793044	-44.08697988124004
shendure_obs / by_cre	Igfbp4_chr11_16716	3335.0	-811.5347023427686	-818.1176491201123	15	9	6	13.1658935546875	0.040475893227065636	1653.0694046855372	1654.2352982402247	1.1658935546875	1744.752824060783	1709.2453498653722	-35.50747419541085
shendure_obs / by_cre	Igfbp4_chr11_16728	3488.0	-1367.9307543336308	-1368.5579515992558	17	11	6	1.25439453125	0.9741128046632447	2769.8615086672617	2759.1159031985117	-10.74560546875	2874.5319330127522	2826.8438248338293	-47.6881081789229
shendure_obs / by_cre	Igfbp4_chr11_16735	2277.0	-1003.7096795513933	-1011.0909814312761	15	9	6	14.762603759765625	0.0221857014050724	2037.4193591027865	2040.1819628625522	2.762603759765625	2123.378570093743	2091.7574894571258	-31.62108063661708
shendure_obs / by_cre	Igfbp4_chr11_16738	2601.0	-813.5762017550121	-821.4559014620434	16	10	6	15.7593994140625	0.015105313663449482	1659.1524035100242	1662.9118029240867	3.7593994140625	1752.9708237572027	1721.5483155785732	-31.422508178629414
shendure_obs / by_cre	Igfbp4_chr11_16740	6746.0	-3169.856221829542	-3172.422872220167	17	11	6	5.13330078125	0.5268336531189606	6373.712443659084	6366.845744440334	-6.86669921875	6489.596428924651	6441.829499612171	-47.76692931247999
shendure_obs / by_cre	Igfbp4_chr11_16743	6715.0	-2686.3603163074617	-2751.9025526355867	17	11	6	131.08447265625	7.59681046489492e-26	5406.7206326149235	5525.8051052711735	119.08447265625	5522.526317467198	5600.738195469704	78.21187800250573
shendure_obs / by_cre	Igfbp4_chr11_16784	2539.0	-311.5106308473689	-312.15720677510325	13	7	6	1.29315185546875	0.9720339731031187	649.0212616947377	638.3144135502065	-10.70684814453125	724.9350942568985	679.1910926221392	-45.74400163475934
shendure_obs / by_cre	Klf4_chr4_3934	5014.0	-1743.7778292859848	-1748.2982150281723	17	11	6	9.040771484375	0.17129806236838108	3521.5556585719696	3518.5964300563446	-2.959228515625	3632.3954763101797	3590.316312122245	-42.079164187934566
shendure_obs / by_cre	Klf4_chr4_3936	792.0	-213.23065812778532	-216.07465226841032	10	4	6	5.68798828125	0.4590330437723019	446.46131625557064	440.14930453682064	-6.31201171875	493.2069301737149	458.8475501040783	-34.359380069636586
shendure_obs / by_cre	Klf4_chr4_3946	6991.0	-920.043722646488	-921.9568696191443	16	10	6	3.8262939453125	0.7001698756166338	1872.087445292976	1863.9137392382886	-8.1737060546875	1981.7255074771679	1932.4375281034086	-49.2879793737593
shendure_obs / by_cre	Klf4_chr4_3948	2725.0	-4529.509665117388	-4530.957907304888	17	11	6	2.896484375	0.8217225390281808	9093.019330234776	9083.915814609776	-9.103515625	9193.493133255432	9148.928275387847	-44.56485786758458
shendure_obs / by_cre	Klf4_chr4_3949	3784.0	-1497.5709451416149	-1499.0511697509899	16	10	6	2.96044921875	0.8137942642077002	3027.1418902832297	3018.1023395019797	-9.03955078125	3126.958481165978	3080.4877088036974	-46.47077236228051
shendure_obs / by_cre	Klf4_chr4_3951	3597.0	-880.0152517535342	-881.5761038043155	15	9	6	3.1217041015625	0.7934240236445631	1790.0305035070685	1781.152207608631	-8.8782958984375	1882.8483351625027	1836.8429066018916	-46.00542856061111
shendure_obs / by_cre	Klf4_chr4_3952	1419.0	-210.8754760651758	-215.10718077708987	11	5	6	8.463409423828125	0.20607939644811754	443.7509521303516	440.21436155417973	-3.536590576171875	501.5857365791121	466.50289993997995	-35.082836639132154
shendure_obs / by_cre	Klf4_chr4_3958	1929.0	-246.92292973401183	-253.6137408912384	13	7	6	13.381622314453125	0.037360526782912115	519.8458594680237	521.2274817824768	1.381622314453125	592.1877006357981	560.1807808728169	-32.00691976298128
shendure_obs / by_cre	Lama1_chr17_7784	2876.0	-1222.7208576582852	-1249.4435139082852	14	8	6	53.4453125	9.543380764833268e-10	2473.4417153165705	2514.8870278165705	41.4453125	2556.9398953803434	2562.600273567298	5.660378186954404
shendure_obs / by_cre	Lama1_chr17_7787	584.0	-76.31823538972024	-77.80729483796243	10	4	6	2.978118896484375	0.8115880931289241	172.6364707794405	163.61458967592486	-9.021881103515625	216.33548060772276	181.09419360723777	-35.24128700048499
shendure_obs / by_cre	Lama1_chr17_7788	2043.0	-386.44903146183754	-390.3764606610563	14	8	6	7.8548583984375	0.24893081450370175	800.8980629236751	796.7529213221126	-4.1451416015625	879.6085072511218	841.7303180806535	-37.878189170468204
shendure_obs / by_cre	Lama1_chr17_7791	782.0	-447.3292152696722	-461.0936195665472	10	4	6	27.52880859375	0.00011523509478530588	914.6584305393444	930.1872391330944	15.52880859375	961.2769779447975	948.8346580952757	-12.442319849521823
shendure_obs / by_cre	Lama1_chr17_7793	3830.0	-1514.260587122239	-1528.7748693488015	17	11	6	29.028564453125	6.0084342421759034e-05	3062.521174244478	3079.549738697603	17.028564453125	3168.7817156414476	3148.306559601525	-20.475156039922695
shendure_obs / by_cre	Lama1_chr17_7799	3196.0	-470.0666020819052	-470.13123831237397	12	6	6	0.1292724609375	0.9999571197226369	964.1332041638104	952.2624766247479	-11.8707275390625	1036.9690678464444	988.6804084660649	-48.2886593803795
shendure_obs / by_cre	Lama1_chr17_7814	4104.0	-1131.3264239829011	-1138.2009357016511	16	10	6	13.7490234375	0.03256887401559797	2294.6528479658023	2296.4018714033023	1.7490234375	2395.768326155412	2359.5990452718083	-36.16928088360373
shendure_obs / by_cre	Lama1_chr17_7874	933.0	-340.41530487946807	-344.8008334439212	11	5	6	8.77105712890625	0.18686893791890058	702.8306097589361	699.6016668878424	-3.22894287109375	756.0530669682569	723.7936928920791	-32.25937407617778
shendure_obs / by_cre	Lama1_chr17_7892	590.0	-41.234310150146484	-42.404144287109375	9	3	6	2.3396682739257812	0.8859621478154809	100.46862030029297	90.80828857421875	-9.660331726074219	139.88972313239086	103.94865618491804	-35.94106694747282
shendure_obs / by_cre	Lama1_chr17_7907	512.0	-55.63684651300104	-58.004655808655336	9	3	6	4.735618591308594	0.5781412301083524	129.2736930260021	122.00931161731067	-7.2643814086914205	167.41861465135764	134.7242854924292	-32.69432915892844
shendure_obs / by_cre	Lamb1_chr12_2182	1195.0	-142.07764761126515	-146.9349321571636	10	4	6	9.714569091796875	0.13719824896314392	304.1552952225303	301.8698643143272	-2.285430908203125	355.0143098661864	322.2134701717896	-32.800839694396814
shendure_obs / by_cre	Lamb1_chr12_2183	8797.0	-3539.80351500713	-3547.03789000713	16	10	6	14.46875	0.024816494220062775	7111.60703001426	7114.07578001426	2.46875	7224.921686546303	7184.897440346786	-40.02424619951671
shendure_obs / by_cre	Lamb1_chr12_2186	2978.0	-883.1966507961848	-904.2274125149348	16	10	6	42.0615234375	1.788047880500363e-07	1798.3933015923697	1828.4548250298697	30.0615234375	1894.377417004273	1888.4448971623092	-5.932519841963767
shendure_obs / by_cre	Lamb1_chr12_2189	1986.0	-292.6355537969817	-296.3636116583098	12	6	6	7.45611572265625	0.28071537495599536	609.2711075939634	604.7272233166196	-4.54388427734375	676.3976417292248	638.2904903842503	-38.107151344974454
shendure_obs / by_cre	Lamb1_chr12_2196	1861.0	-199.6783598903036	-200.88505544694422	12	6	6	2.41339111328125	0.8780318710973632	423.3567197806072	413.77011089388844	-9.58660888671875	489.70315086031417	446.94332643374196	-42.75982442657221
shendure_obs / by_cre	Lamb1_chr12_2203	854.0	-74.14274499245732	-74.52926537819951	10	4	6	0.773040771484375	0.9927771114013749	168.28548998491465	157.05853075639902	-11.226959228515625	215.78480192280034	176.0582555315533	-39.72654639124704
shendure_obs / by_cre	Lamb1_chr12_2206	666.0	-63.7696242313412	-67.6648650150326	9	3	6	7.7904815673828125	0.2538585847649078	145.5392484626824	141.3297300300652	-4.2095184326171875	186.0508554975459	154.83359904168637	-31.21725645585954
shendure_obs / by_cre	Lamb1_chr12_2207	1053.0	-116.90070004312423	-117.99005551187423	11	5	6	2.1787109375	0.9025505771348483	255.80140008624846	245.98011102374846	-9.8212890625	310.3547837197222	270.77710358441834	-39.577680135303865
shendure_obs / by_cre	Lamb1_chr12_2210	2962.0	-2697.4443644401936	-2698.436643492928	17	11	6	1.98455810546875	0.9211132951267208	5428.888728880387	5418.873286985856	-10.01544189453125	5530.780268792459	5484.803106928961	-45.97716186349771
shendure_obs / by_cre	Lamb1_chr12_2215	1218.0	-212.89507049220654	-215.60678619044873	14	8	6	5.423431396484375	0.4907589377514313	453.7901409844131	447.21357238089746	-6.576568603515625	525.2596572601909	488.0532959670562	-37.206361293134705
shendure_obs / by_cre	Lamb1_chr12_2216	4568.0	-1498.0015558319822	-1502.1666864472165	16	10	6	8.33026123046875	0.2148921136291946	3028.0031116639643	3024.333372894433	-3.66973876953125	3130.832403685338	3088.6016804077917	-42.230723277546076
shendure_obs / by_cre	Lamb1_chr12_2238	2688.0	-315.8356403660218	-319.3975605320374	13	7	6	7.12384033203125	0.30954629540372297	657.6712807320436	652.7951210640748	-4.87615966796875	734.3264658534031	694.0709899755761	-40.25547587782694
shendure_obs / by_cre	Lamb1_chr12_2239	3616.0	-605.0042554552394	-607.4988843614894	16	10	6	4.9892578125	0.5451916234845671	1242.008510910479	1234.997768722979	-7.0107421875	1341.098490454672	1296.9290059380996	-44.16948451657231
shendure_obs / by_cre	Lamb1_chr12_2288	2318.0	-177.87917992898076	-182.7572164280042	12	6	6	9.756072998046875	0.1353073275111326	379.7583598579615	377.5144328560084	-2.243927001953125	448.7398801447579	412.0051929994066	-36.7346871453513
shendure_obs / by_cre	Lamb1_chr12_2289	2312.0	-248.07085448285147	-252.7605364896874	12	6	6	9.379364013671875	0.15334000948063067	520.141708965703	517.5210729793748	-2.620635986328125	589.0921277232102	551.9962823581284	-37.0958453650818
shendure_obs / by_cre	Lamb1_chr12_2296	4808.0	-3330.4322793328583	-3344.8365762078583	17	11	6	28.80859375	6.612618660235101e-05	6694.864558665717	6711.673152415717	16.80859375	6804.991178761373	6782.931553654083	-22.05962510729023
shendure_obs / by_cre	Lamc1_chr1_12127	1112.0	-125.18652295113957	-133.157203187956	11	5	6	15.941360473632841	0.014072194287697324	272.37304590227916	276.314406375912	3.9413604736328125	327.5261161251949	301.3839837499646	-26.14213237523029
shendure_obs / by_cre	Lamc1_chr1_12152	21482.0	-3143.8125831171465	-3151.566123156209	17	11	6	15.507080078125	0.01665900122548996	6321.625166234293	6325.132246312418	3.507080078125	6457.199667354978	6412.856923508156	-44.342743846822486
shendure_obs / by_cre	Lamc1_chr1_12175	2838.0	-4871.645091302009	-4870.917552239509	17	11	6	-1.455078125	1.0	9777.290182604018	9763.835104479018	-13.455078125	9878.454715185258	9829.294507913937	-49.16020727132127
shendure_obs / by_cre	Lamc1_chr1_12183	523.0	-33.97766017532887	-37.446425434117934	8	2	6	6.937530517578125	0.3266630293965108	83.95532035065774	78.89285086823587	-5.062469482421875	118.03197206317714	87.41201379636571	-30.619958266811423
shendure_obs / by_cre	Lamc1_chr1_12185	6347.0	-828.7825034411283	-833.5522788317533	14	8	6	9.53955078125	0.14543008536041016	1685.5650068822565	1683.1045576635065	-2.46044921875	1780.145332432547	1737.1504579779582	-42.99487445458885
shendure_obs / by_cre	Lamc1_chr1_12188	766.0	-147.4117898391986	-150.79390043490173	9	3	6	6.76422119140625	0.34320341849189645	312.8235796783972	307.58780086980346	-5.23577880859375	354.5942192060625	321.5113473790252	-33.08287182703731
shendure_obs / by_cre	Lamc1_chr1_12189	2902.0	-1731.4052134072263	-1735.7239389931638	13	7	6	8.637451171875	0.1950174676090231	3488.8104268144525	3485.4478779863275	-3.362548828125	3566.4614474492264	3527.2599660204364	-39.201481428789975
shendure_obs / by_cre	Lamc1_chr1_12193	2207.0	-339.304524232693	-349.7615860002711	13	7	6	20.91412353515625	0.0019009395324510476	704.609048465386	713.5231720005422	8.91412353515625	778.7011107467235	753.4188978443394	-25.282212902384117
shendure_obs / by_cre	Lamc1_chr1_12201	2481.0	-298.18134919852275	-300.39594880789775	14	8	6	4.42919921875	0.6188016115489585	624.3626983970455	616.7918976157955	-7.57080078125	705.7925361687307	663.3232334853299	-42.46930268340088
shendure_obs / by_cre	Map1b_chr13_9429	5065.0	-1519.5077665722538	-1520.0492704785038	16	10	6	1.0830078125	0.9822689651123427	3071.0155331445076	3060.0985409570076	-10.9169921875	3175.497283811432	3125.399635123835	-50.09764868759703
shendure_obs / by_cre	Map1b_chr13_9436	1830.0	-372.7685377489149	-374.3319532762587	12	6	6	3.1268310546875	0.7927681659238878	769.5370754978298	760.6639065525173	-8.8731689453125	835.6819304478554	793.7363340275301	-41.94559642032527
shendure_obs / by_cre	Map1b_chr13_9445	4829.0	-846.3369162150877	-852.4555685588377	17	11	6	12.2373046875	0.05687944039732988	1726.6738324301755	1726.9111371176755	0.2373046875	1836.8745420900257	1798.2174786622845	-38.65706342774115
shendure_obs / by_cre	Map1b_chr13_9447	6453.0	-5592.982108312006	-5594.378958897943	17	11	6	2.793701171875	0.8342583266475952	11219.964216624012	11210.757917795887	-9.206298828125	11335.093323728921	11285.253222393181	-49.840101335739746
shendure_obs / by_cre	Sox17_chr1_58	3093.0	-509.9449591594952	-514.861890311839	15	9	6	9.833862304687614	0.13182505280504989	1049.8899183189906	1047.723780623678	-2.1661376953125	1140.4433699092665	1102.0558515778437	-38.387518331422825
shendure_obs / by_cre	Sox17_chr1_59	3745.0	-225.46570012017878	-226.99272343560847	13	7	6	3.054046630859375	0.8020334877033886	476.93140024035756	467.98544687121694	-8.945953369140625	557.8976998877247	511.5826851428762	-46.3150147448485
shendure_obs / by_cre	Sox17_chr1_60	2692.0	-291.9509844090454	-292.7308916356079	13	7	6	1.559814453125	0.9554227448113244	609.9019688180908	599.4617832712158	-10.440185546875	686.5764847980308	640.7480611065681	-45.82842369146272
shendure_obs / by_cre	Sox17_chr1_65	1688.0	-264.6351428753138	-266.66039617121226	13	7	6	4.050506591796875	0.6698414532406518	555.2702857506276	547.3207923424245	-7.949493408203125	625.8771815276543	585.3398900685158	-40.53729145913849
shendure_obs / by_cre	Sox17_chr1_67	2892.0	-741.4942441066287	-745.8615536769412	15	9	6	8.734619140625	0.18906214023536014	1512.9884882132574	1509.7231073538824	-3.265380859375	1602.5340419624372	1563.4504396033904	-39.083602359046836
shendure_obs / by_cre	Sox17_chr1_68	407.0	-78.33904883081169	-80.40168234521599	10	4	6	4.125267028808594	0.6597288227734275	176.67809766162338	168.80336469043198	-7.874732971191406	216.76622951604932	184.83861743220234	-31.92761208384698
shendure_obs / by_cre	Sox17_chr1_69	3413.0	-458.1343305782019	-458.2549055293738	14	8	6	0.24114990234375	0.9997330281714178	944.2686611564038	932.5098110587476	-11.75885009765625	1030.1635184410977	981.5925866500012	-48.57093179109654
shendure_obs / by_cre	Sox17_chr1_73	1214.0	-234.9770982674866	-237.09869555752567	12	6	6	4.243194580078125	0.6438029309550906	493.9541965349732	486.19739111505135	-7.756805419921875	555.1743081944065	516.807446944768	-38.36686124963853
shendure_obs / by_cre	Sox17_chr1_77	2199.0	-720.7386668304703	-723.5122264007828	14	8	6	5.547119140625	0.47578011021135136	1469.4773336609405	1463.0244528015655	-6.452880859375	1549.217945528707	1508.5905167260037	-40.627428802703434
shendure_obs / by_cre	Sox17_chr1_78	1798.0	-146.22801682016586	-148.93455978891586	12	6	6	5.4130859375	0.4920230604518915	316.4560336403317	309.8691195778317	-6.5869140625	382.3891962207105	342.83570086802115	-39.55349535268937
shendure_obs / by_cre	Sox17_chr1_82	7165.0	-1613.4767428772384	-1622.9630710022384	17	11	6	18.97265625	0.0042100624641357096	3260.953485754477	3267.926142004477	6.97265625	3377.8618625389354	3343.5727387473617	-34.28912379157373
shendure_obs / by_cre	Sox17_chr1_83	2224.0	-118.02285668679326	-122.78825280495732	11	5	6	9.530792236328125	0.1458531754948004	258.0457133735865	255.57650560991465	-2.469207763671875	320.82340258266174	284.111818886767	-36.71158369589472
shendure_obs / by_cre	Sox2_chr3_2005	3236.0	-818.2654663915806	-826.2235352392369	15	9	6	15.9161376953125	0.014211238811934567	1666.5309327831612	1670.4470704784737	3.9161376953125	1757.762331955837	1725.1859099820792	-32.57642197375776
shendure_obs / by_cre	Sox2_chr3_2007	6429.0	-5643.012232711233	-5652.313013961233	16	10	6	18.6015625	0.004892222639448118	11318.024465422466	11324.626027922466	6.6015625	11426.321653968733	11392.311770763883	-34.00988320484976
shendure_obs / by_cre	Sox2_chr3_2008	1986.0	-350.1482095867523	-351.85904027522884	13	7	6	3.421661376953125	0.7543614516642613	726.2964191735045	717.7180805504577	-8.578338623046875	799.0168311533711	756.8752254626935	-42.14160569067758
shendure_obs / by_cre	Sox2_chr3_2009	7975.0	-2915.5882025332503	-2914.7039251895003	15	9	6	-1.7685546875	1.0	5861.176405066501	5847.407850379001	-13.7685546875	5965.937408981296	5910.264452727878	-55.672956253418306
shendure_obs / by_cre	Sox4_chr13_2052	3252.0	-2120.9360283159012	-2120.6773613237137	17	11	6	-0.517333984375	1.0	4275.8720566318025	4263.3547226474275	-12.517333984375	4379.3514896331535	4330.312002824772	-49.0394868083813
shendure_obs / by_cre	Sox4_chr13_2054	5740.0	-508.31458519556026	-509.6244606838415	15	9	6	2.6197509765625	0.8548322555251601	1046.6291703911206	1037.2489213676831	-9.3802490234375	1146.4573877308246	1097.1458517715055	-49.311535959319144
shendure_obs / by_cre	Sox4_chr13_2055	3704.0	-1791.820388752167	-1800.776443439667	17	11	6	17.912109375	0.0064556330462942355	3617.640777504334	3623.552886879334	5.912109375	3723.3326436323573	3691.941741432761	-31.39090219959644
shendure_obs / by_cre	Sox4_chr13_2057	4223.0	-286.82967130505574	-288.3462576087667	13	7	6	3.033172607421875	0.8046719515100552	599.6593426101115	590.6925152175334	-8.966827392578125	682.1872563242528	635.130622602071	-47.0566337221818
shendure_obs / by_cre	Sparc_chr11_7180	3662.0	-254.47458689922487	-263.0398639988343	13	7	6	17.130554199218807	0.008815226083573045	534.9491737984497	540.0797279976686	5.130554199218864	615.6241152264977	583.5200810743097	-32.10403415218798
shendure_obs / by_cre	Sparc_chr11_7182	506.0	-55.153450483330225	-60.44867371941421	9	3	6	10.590446472167969	0.10188936073177365	128.30690096666046	126.89734743882842	-1.4095535278320455	166.34573099024766	139.5769574466908	-26.768773543556847
shendure_obs / by_cre	Sparc_chr11_7195	11738.0	-4191.293543918442	-4201.563075168442	17	11	6	20.5390625	0.0022191524666173167	8416.587087836884	8425.126150336884	8.5390625	8541.887062095895	8506.202604269185	-35.68445782671006
shendure_obs / by_cre	Sparc_chr11_7198	2483.0	-237.86725184175435	-243.8426546737856	13	7	6	11.9508056640625	0.06307531084981453	501.7345036835087	501.6853093475712	-0.0491943359375	577.3583998951149	542.4058688461283	-34.95253104898654
shendure_obs / by_cre	Sparc_chr11_7199	1468.0	-144.5112242309863	-150.50679918215818	12	6	6	11.99114990234375	0.062166530676340835	313.0224484619726	313.01359836431635	-0.00885009765625	376.52232297206615	344.7635356193631	-31.758787352703052
shendure_obs / by_cre	Sparc_chr11_7203	2182.0	-912.6897470304596	-917.8710824796783	16	10	6	10.3626708984375	0.11018674558020972	1857.3794940609191	1855.7421649593566	-1.6373291015625	1948.3874487232074	1912.6221366232867	-35.76531209992072
shendure_obs / by_cre	Sparc_chr11_7205	4064.0	-1644.7875110593495	-1645.7289173093495	16	10	6	1.8828125	0.9301544961612479	3321.575022118699	3311.457834618699	-10.1171875	3422.5337899468323	3374.557064511282	-47.97672543555018
shendure_obs / by_cre	Sparc_chr11_7207	1047.0	-152.86260549700734	-154.72391836321827	10	4	6	3.722625732421875	0.7141526895370487	325.7252109940147	317.44783672643655	-8.277374267578125	375.2620531027201	337.2625735699187	-37.99947953280139
shendure_obs / by_cre	Sparc_chr11_7210	3448.0	-647.3135795799299	-648.6889457908674	15	9	6	2.750732421875	0.8394189341958836	1324.6271591598597	1315.3778915817347	-9.249267578125	1416.8104036366135	1370.687838267787	-46.1225653688266
shendure_obs / by_cre	Sparc_chr11_7211	3299.0	-1685.1695399453192	-1684.8521571328192	17	11	6	-0.634765625	1.0	3404.3390798906385	3391.7043142656385	-12.634765625	3508.0624493015243	3458.819435649153	-49.243013652371246
shendure_obs / by_cre	Sparc_chr11_7213	1176.0	-255.68584563101464	-263.87914397085837	11	5	6	16.386596679687443	0.01182270504419019	533.3716912620293	537.7582879417167	4.386596679687386	589.1403066750736	563.1076585840096	-26.032648091063948
shendure_obs / by_cre	Sparc_chr11_7230	2745.0	-1831.0730328521258	-1835.9753766021258	17	11	6	9.8046875	0.1331216927362637	3696.1460657042517	3693.9507532042517	-2.1953125	3796.744183721293	3759.0436530976317	-37.70053062366151
shendure_obs / by_cre	Sparc_chr11_7233	886.0	-103.6785449688116	-108.61367222711237	10	4	6	9.870254516601562	0.13022329538442812	227.3570899376232	225.22734445422475	-2.1297454833984375	275.224259443674	244.37421225664508	-30.850047187028906
shendure_obs / by_cre	Sparc_chr11_7234	3059.0	-4960.19112260974	-4980.303091603881	17	11	6	40.22393798828125	4.1160781689325176e-07	9954.38224521948	9982.606183207761	28.22393798828125	10056.821582070046	10048.890459993421	-7.931122076624888
shendure_obs / by_cre	Sparc_chr11_7235	3730.0	-6980.78175377787	-6992.93019127787	17	11	6	24.296875	0.0004604937967897799	13995.56350755574	14007.86038255574	12.296875	14101.374287270584	14076.326181194756	-25.0481060758284
shendure_obs / by_cre	Sparc_chr11_7243	1915.0	-418.89807817990726	-422.2870247131104	14	8	6	6.77789306640625	0.34187692637713735	865.7961563598145	860.5740494262208	-5.22210693359375	943.6007769824209	905.0338326391387	-38.566944343282216
shendure_obs / by_cre	Tgfbi_chr13_5692	3233.0	-2152.589644819551	-2154.934371382051	16	10	6	4.689453125	0.5842140327501322	4337.179289639102	4329.868742764102	-7.310546875	4434.477942082709	4390.680400541356	-43.797541541352984
shendure_obs / by_cre	Tgfbi_chr13_5701	1387.0	-219.65943382837276	-232.35067223169307	12	6	6	25.382476806640625	0.0002900222782678085	463.3188676567455	476.70134446338614	13.382476806640625	526.1376487005235	508.11073498527514	-18.026913715248384
shendure_obs / by_cre	Tgfbi_chr13_5705	5038.0	-3395.025635797756	-3394.487061579006	17	11	6	-1.0771484375	1.0	6824.051271595512	6810.974123158012	-13.0771484375	6934.972267363026	6882.74653218405	-52.22573517897581
shendure_obs / by_cre	Tgfbi_chr13_5711	616.0	-278.2560504414245	-283.20619997755733	10	4	6	9.900299072265625	0.12891392051076114	576.512100882849	574.4123999551147	-2.099700927734375	620.7445705181842	592.1053878092488	-28.639182708935436
shendure_obs / by_cre	Tgfbi_chr13_5724	3777.0	-636.9157591885607	-640.3359252041857	14	8	6	6.84033203125	0.3358660652751732	1301.8315183771215	1296.6718504083715	-5.15966796875	1389.145112895096	1346.565332990071	-42.57977990502491
shendure_obs / by_cre	Tgfbi_chr13_5735	4300.0	-750.5580552937604	-757.5417589070416	15	9	6	13.9674072265625	0.030002369792365296	1531.1161105875208	1533.0835178140833	1.9674072265625	1626.6116651127456	1590.3808505292182	-36.23081458352749
shendure_obs / by_cre	Tgfbi_chr13_5741	3637.0	-7289.861909001396	-7302.596284001396	17	11	6	25.46875	0.0002795215247893379	14613.723818002793	14627.192568002793	13.46875	14719.10536356757	14695.38062689765	-23.724736669921185
shendure_obs / by_cre	Tubb2b_chr13_2557	4754.0	-513.1577591175584	-516.4397720570115	14	8	6	6.56402587890625	0.3630515792786346	1054.3155182351168	1048.879544114023	-5.43597412109375	1144.8499013059986	1100.6134772973842	-44.23642400861445
shendure_obs / by_cre	Tubb2b_chr13_2568	6502.0	-7284.132793767763	-7287.066997869326	17	11	6	5.868408203125	0.4380915222032806	14602.265587535527	14596.133995738652	-6.131591796875	14717.523294250212	14670.712511848154	-46.81078240205716
shendure_obs / by_cre	Tubb2b_chr13_2572	2866.0	-576.7593004423258	-580.276207180607	16	10	6	7.0338134765625	0.3177314716382389	1185.5186008846515	1180.552414361214	-4.9661865234375	1280.8893626188615	1240.159140445095	-40.73022217376638
shendure_obs / by_cre	Tubb2b_chr13_2576	7102.0	-11759.255327821083	-11758.938921571083	17	11	6	-0.6328125	1.0	23552.510655642167	23539.877843142167	-12.6328125	23669.268894771718	23615.4272919907	-53.84160278101626
shendure_obs / by_cre	Tubb2b_chr13_2577	3562.0	-545.8719695038814	-550.4115202851314	16	10	6	9.0791015625	0.169178084936589	1123.7439390077627	1120.8230405702627	-2.9208984375	1222.5931784293564	1182.6038152087588	-39.989363220597625
shendure_obs / by_cre	Tubb2b_chr13_2578	3206.0	-338.0590242222384	-344.07239092145716	14	8	6	12.0267333984375	0.061375065545839956	704.1180484444768	704.1447818429143	0.0267333984375	789.1369591088497	752.7270165082703	-36.409942600579484
shendure_obs / by_cre	Tubb2b_chr13_2580	3880.0	-540.2138980527485	-541.6664737363423	15	9	6	2.9051513671875	0.8206537684848682	1110.427796105497	1101.3329474726845	-9.0948486328125	1204.3816525947568	1157.7052613662404	-46.67639122851642
shendure_obs / by_cre	Tubb2b_chr13_2583	2156.0	-472.16848693044375	-476.7692559734125	16	10	6	9.2015380859375	0.16255693361537854	976.3369738608875	973.538511946825	-2.7984619140625	1067.1531327733496	1030.2986112671138	-36.85452150623587
shendure_obs / by_cre	Tubb2b_chr13_2590	2281.0	-1090.8504454292063	-1092.9321104682688	15	9	6	4.163330078125	0.6545841279036446	2211.7008908584125	2203.8642209365375	-7.836669921875	2297.6864291926786	2255.455543937097	-42.2308852555816
shendure_obs / by_cre	Txndc12_chr4_7951	6891.0	-1696.010762193811	-1697.652852037561	17	11	6	3.2841796875	0.772426381996097	3426.021524387622	3417.305704075122	-8.7158203125	3542.2670397406946	3492.523390480051	-49.74364926064345
shendure_obs / by_cre	Txndc12_chr4_7961	3175.0	-1338.723344820039	-1339.0066700153516	17	11	6	0.566650390625	0.996930388738372	2711.446689640078	2700.013340030703	-11.433349609375	2814.5187591326335	2766.707032055298	-47.81172707733549
shendure_obs / by_cre	Txndc12_chr4_7962	2513.0	-1732.7874432473009	-1736.0170575051134	17	11	6	6.459228515625	0.3737575380660201	3499.5748864946017	3494.0341150102267	-5.540771484375	3598.671839632843	3558.155672923206	-40.516166709636764
shendure_obs / by_cre	Txndc12_chr4_7969	221.0	-81.19781061860981	-84.96998163911762	9	3	6	7.544342041015625	0.2734212052960675	180.39562123721961	175.93996327823524	-4.455657958984375	210.9790855508794	186.13445138278848	-24.84463416809092
shendure_obs / by_cre	Txndc12_chr4_7971	2569.0	-523.6788084932493	-537.7407896944212	14	8	6	28.12396240234375	8.904376283521407e-05	1075.3576169864987	1091.4815793888424	16.12396240234375	1157.275424946037	1138.2917553657214	-18.983669580315564
shendure_obs / by_cre	Txndc12_chr4_7973	3083.0	-5421.0079849656095	-5424.846485942172	17	11	6	7.677001953125	0.2627346871107107	10876.015969931219	10871.692971884344	-4.322998046875	10978.588163205284	10938.063214591091	-40.52494861419291
shendure_obs / by_cre	Txndc12_chr4_7975	1974.0	-257.579708084128	-260.01479719545614	12	6	6	4.87017822265625	0.5605684955431667	539.159416168256	532.0295943909123	-7.12982177734375	606.2132228081772	565.5564977108728	-40.65672509730439
shendure_obs / by_cre	Txndc12_chr4_7978	6201.0	-6451.169254289274	-6463.122379289274	17	11	6	23.90625	0.0005434049974244568	12936.338508578548	12948.244758578548	11.90625	13050.790428000497	13022.301882910397	-28.48854509010016
shendure_obs / by_cre	eef1aP	17971.0	-95753.7129016146	-96439.7129016146	17	11	6	1372.0	2.7981424041344307e-293	191541.4258032292	192901.4258032292	1360.0	191673.96655188026	192987.18746412106	1313.2209122407949
shendure_obs / by_cre	pgk1P	34745.0	-148612.0461914763	-148597.0461914763	17	11	6	-30.0	1.0	297258.0923829526	297216.0923829526	-42.0	297401.8408292003	297309.1060834658	-92.73474573448766
shendure_obs / by_cre	reference	52996.0	-8023.903101026581	-8026.054468214081	17	11	6	4.302734375	0.6357810445435206	16081.806202053162	16074.108936428162	-7.697265625	16232.731721258957	16171.76662532603	-60.96509593292649
shendure_obs / by_cre	ubcP	20634.0	-81869.41930910177	-82438.41930910177	17	11	6	1138.0	1.2507221737930242e-242	163772.83861820353	164898.83861820353	1126.0	163907.72844135776	164986.1202684798	1078.3918271220464
shendure_obs / by_cell_type	Cardiomyocytes	7322.0	-8709.861967577133	-8710.611967577133	86	80	6	1.5	0.9594945602551861	17591.723935154267	17581.223935154267	-10.5	18185.006871410762	18133.11503864868	-51.89183276208132
shendure_obs / by_cell_type	EpiblastPrimitiveStreak	72153.0	-67665.58084769733	-67667.58084769733	192	186	6	4.0	0.6766764161830634	135715.16169539467	135707.16169539467	-8.0	137478.97817092345	137415.8589060632	-63.119264860259136
shendure_obs / by_cell_type	ExEndodermParietal	80534.0	-66327.3524937944	-66326.9149937944	185	179	6	-0.875	1.0	133024.7049875888	133011.8299875888	-12.875	134744.54541346873	134675.8918050618	-68.65360840692301
shendure_obs / by_cell_type	ExEndodermVisceral	47799.0	-40376.330086613074	-40373.830086613074	155	149	6	-5.0	1.0	81062.66017322615	81045.66017322615	-17.0	82422.74797287873	82353.09941289219	-69.64855998654093
shendure_obs / by_cell_type	Haematoendothelial	15147.0	-16967.625464767683	-16971.125464767683	98	92	6	7.0	0.32084719886213414	34131.25092953537	34126.25092953537	-5.0	34878.555591145014	34827.80224451585	-50.7533466291643
shendure_obs / by_cell_type	Mesoderm	133704.0	-81516.14459061623	-81523.76959061623	184	178	6	15.25	0.01839890273437872	163400.28918123245	163403.53918123245	3.25	165204.1117784203	165148.54147633808	-55.57030208222568
shendure_obs / by_cell_type	NeuroectodermBrain	138841.0	-87614.45461549843	-87624.95461549843	180	174	6	21.0	0.0018346159379269045	175588.90923099685	175597.90923099685	9.0	177360.30447204417	177310.25796400924	-50.046508034924045
shendure_obs / by_cell_type	NeuroectodermRostral	19479.0	-16998.845378361846	-16997.673503361846	92	86	6	-2.34375	1.0	34181.69075672369	34167.34700672369	-14.34375	34906.383242911936	34844.77693946488	-61.606303447057144
shendure_obs / by_cell_type	SurfaceEctoderm	76817.0	-49373.32678524102	-49377.76428524102	146	140	6	8.875	0.18073098760240433	99038.65357048204	99035.52857048204	-3.125	100389.03403280789	100330.41394531506	-58.62008749283268
shendure_obs / by_cell_type	reference	189664.0	-180133.8668272216	-180108.8668272216	214	208	6	-50.0	1.0	360695.7336544432	360633.7336544432	-62.0	362868.4776584649	362745.5596022774	-122.91805618751096
shendure_cm / by_cre	Bend5_chr4_8168	2598181.0	-497.108518835705	-503.1715986696894	17	11	6	12.12615966796875	0.05921279520290918	1028.21703767141	1028.3431973393788	0.12615966796875	1245.3125140983648	1168.8167409097614	-76.49577318860338
shendure_cm / by_cre	Bend5_chr4_8170	1515243.0	-437.3200983699505	-468.3209833797161	17	11	6	62.00177001953125	1.7628062201908403e-11	908.640196739901	958.6419667594322	50.00177001953125	1116.5686652016543	1093.1839169405666	-23.38474826108768
shendure_cm / by_cre	Bend5_chr4_8172	1868775.0	-244.85445016711537	-248.90515512317006	17	11	6	8.101409912109375	0.23076753208968098	523.7089003342307	519.8103102463401	-3.898590087890625	735.202393131518	656.6590408798788	-78.54335225163913
shendure_cm / by_cre	Bend5_chr4_8174	5634676.0	-3010.6532464835173	-3033.3373285147673	17	11	6	45.3681640625	3.9544401524315405e-08	6055.3064929670345	6088.6746570295345	33.3681640625	6285.562146469396	6237.663609295768	-47.89853717362803
shendure_cm / by_cre	Bend5_chr4_8175	3747350.0	-17680.40461397049	-17960.46711397049	17	11	6	560.125	9.267934883234601e-118	35394.80922794098	35942.93422794098	548.125	35618.13073912603	36087.43638223719	469.30564311116177
shendure_cm / by_cre	Bend5_chr4_8179	2252691.0	-1277.5322662982849	-1285.0015045795349	17	11	6	14.9384765625	0.020740664288549288	2589.0645325965697	2592.0030091590697	2.9384765625	2803.7343456087897	2730.9070058140355	-72.82733979475415
shendure_cm / by_cre	Bend5_chr4_8192	3898117.0	-448.54755020348557	-450.25519180504807	17	11	6	3.415283203125	0.7552046476873673	931.0951004069711	922.5103836100961	-8.584716796875	1155.08717136483	1067.4464295240048	-87.64074184082529
shendure_cm / by_cre	Bend5_chr4_8199	5222826.0	-1522.3257151855842	-1535.0263987793342	17	11	6	25.4013671875	0.00028769028547649905	3078.6514303711683	3092.0527975586683	13.4013671875	3307.6167666466645	3240.206838678107	-67.40992796855744
shendure_cm / by_cre	Bend5_chr4_8201	4815385.0	-5188.003129853259	-5323.100786103259	17	11	6	270.1953125	1.9702807558767725e-55	10410.006259706519	10668.201572206519	258.1953125	10637.590811200696	10815.46216434981	177.87135314911393
shendure_cm / by_cre	Btg1_chr10_9572	1579564.0	-379.40436362458354	-397.71616172028666	17	11	6	36.62359619140625	2.0848052982447534e-06	792.8087272491671	817.4323234405733	24.62359619140625	1001.4439373476025	952.4315770336786	-49.012360313923864
shendure_cm / by_cre	Btg1_chr10_9578	1446829.0	-8918.617981841573	-8985.988099029073	17	11	6	134.740234375	1.2892151813168779e-26	17871.235963683146	17993.976198058146	122.740234375	18078.379005675757	18128.00993111219	49.630925436431426
shendure_cm / by_cre	Btg1_chr10_9588	3196039.0	-470.73351801952987	-473.9367040546861	17	11	6	6.4063720703125	0.37923920490624136	975.4670360390597	969.8734081093722	-5.5936279296875	1196.0832234443637	1112.6250587833924	-83.4581646609713
shendure_cm / by_cre	Btg1_chr10_9593	4843841.0	-2010.820457830376	-2027.861961736626	17	11	6	34.0830078125	6.483605433223362e-06	4055.640915660752	4077.723923473252	22.0830078125	4283.3256311638215	4225.049327622297	-58.27630354152461
shendure_cm / by_cre	Btg1_chr10_9612	3220243.0	-806.0423338031312	-810.4869749164125	17	11	6	8.8892822265625	0.17990117691965848	1646.0846676062624	1642.973949832825	-3.1107177734375	1866.8291130749612	1785.8085910184536	-81.02052205650762
shendure_cm / by_cre	Btg1_chr10_9613	1160094.0	-267.8949905095645	-271.7836623845645	17	11	6	7.77734375	0.25487376714253834	569.789981019129	565.567324769129	-4.22265625	773.1781781219262	697.171452306233	-76.00672581569313
shendure_cm / by_cre	Cdk5r1_chr11_12559	10349347.0	-19921.943315855788	-20058.890581480788	17	11	6	273.89453125	3.1840306965264577e-56	39877.886631711575	40139.781162961575	261.89453125	40118.47800943784	40295.45793678445	176.97992734661239
shendure_cm / by_cre	Cdk5r1_chr11_12562	2607521.0	-8601.215400672032	-8815.383613562657	17	11	6	428.33642578125	2.2514512765340234e-89	17236.430801344064	17652.767227125314	416.33642578125	17453.587280175834	17793.28024283999	339.69296266415404
shendure_cm / by_cre	Cdk5r1_chr11_12574	2541882.0	-21157.657463063835	-21305.606681813835	17	11	6	295.8984375	6.1878066297434934e-61	42349.31492612767	42633.21336362767	283.8984375	42566.03798638938	42773.44593203231	207.40794564292446
shendure_cm / by_cre	Cdk5r1_chr11_12575	5533339.0	-2720.8104692827474	-2741.6473833452474	17	11	6	41.673828125	2.1325810160652645e-07	5475.620938565495	5505.294766690495	29.673828125	5705.568072374322	5654.084088566795	-51.48398380752678
shendure_cm / by_cre	Cdk5r1_chr11_12582	4354427.0	-6853.098321971082	-7033.684259471082	17	11	6	361.171875	6.161286936270837e-75	13740.196643942165	14089.368518942165	349.171875	13966.070604916193	14235.522258395948	269.4516534797549
shendure_cm / by_cre	Cdk5r1_chr11_12590	2770127.0	-692.395515854303	-704.3976520847717	17	11	6	24.0042724609375	0.0005213138580519932	1418.791031708606	1430.7953041695434	12.0042724609375	1636.9758950419014	1571.973745149911	-65.00214989199026
shendure_cm / by_cre	Cdk5r1_chr11_12595	2151109.0	-288.22698207322173	-291.0974349540811	17	11	6	5.74090576171875	0.4528307943197115	610.4539641464435	604.1948699081622	-6.25909423828125	824.3393635246513	742.5913047999437	-81.74805872470756
shendure_cm / by_cre	Cited2_chr10_1239	951351.0	-184.03798905970598	-184.58771745326067	17	11	6	1.099456787109375	0.9815595577963555	402.07597811941196	391.17543490652133	-10.900543212890625	602.0918302157114	520.5974568511857	-81.4943733645257
shendure_cm / by_cre	Cited2_chr10_1246	1037028.0	-145.4738163673532	-148.5999150001657	17	11	6	6.252197265625	0.3955400104390786	324.9476327347064	319.1998300003314	-5.747802734375	526.4294140275013	449.5703943662575	-76.85901966124374
shendure_cm / by_cre	Cited2_chr10_1248	2067960.0	-315.5720514721152	-325.36798042719334	17	11	6	19.59185791015625	0.0032725209800967573	665.1441029442304	672.7359608543867	7.59185791015625	878.359346869312	810.6987657470866	-67.6605811222255
shendure_cm / by_cre	Cited2_chr10_1253	1635750.0	-1023.748950213198	-1040.8431274592917	17	11	6	34.1883544921875	6.186789083728475e-06	2081.497900426396	2103.6862549185835	22.1883544921875	2290.72730396284	2239.069986618635	-51.657317344204785
shendure_cm / by_cre	Cited2_chr10_1254	3273203.0	-16918.871257094463	-17101.608073500713	17	11	6	365.4736328125	7.341490430782543e-76	33871.742514188925	34225.216147001425	353.4736328125	34092.7642669498	34368.23022231729	275.46595536748646
shendure_cm / by_cre	Cited2_chr10_1267	4450911.0	-904.9608868948068	-918.6148785940255	17	11	6	27.3079833984375	0.00012677872107826096	1843.9217737896136	1859.229757188051	15.3079833984375	2070.1683027785684	2005.6245700632571	-64.54373271531131
shendure_cm / by_cre	Cited2_chr10_1270	726609.0	-91.64517197843675	-92.61399827238206	17	11	6	1.937652587890625	0.9253423881403663	217.2903439568735	207.22799654476412	-10.062347412109375	412.7247883044235	333.68557818141414	-79.03921012300935
shendure_cm / by_cre	Col1a1_chr11_15258	3664655.0	-1684.4760156621583	-1700.5139795293458	17	11	6	32.075927734375	1.577973372455661e-05	3402.9520313243165	3423.0279590586915	20.075927734375	3625.89419216229	3567.2846513656154	-58.60954079667454
shendure_cm / by_cre	Col1a1_chr11_15259	3873397.0	-1520.9860114466571	-1556.3853034388446	17	11	6	70.798583984375	2.803924850481071e-13	3075.9720228933143	3134.7706068776893	58.798583984375	3299.85594467527	3279.6366739130726	-20.21927076219754
shendure_cm / by_cre	Col1a1_chr11_15269	3219736.0	-504.10283798013495	-511.50029891763495	17	11	6	14.794921875	0.021913157188370773	1042.20567596027	1045.00059783527	2.794921875	1262.9474447121602	1187.8335070276696	-75.11393768449057
shendure_cm / by_cre	Col1a1_chr11_15270	2212035.0	-2018.6328216121458	-2022.2645354793333	17	11	6	7.263427734375	0.29717119063799646	4071.2656432242916	4066.5290709586666	-4.736572265625	4285.62584211712	4205.23272906579	-80.39311305132924
shendure_cm / by_cre	Col1a1_chr11_15273	2956003.0	-652.678235330995	-655.3712284950575	17	11	6	5.385986328125	0.49534247038740087	1339.35647066199	1332.742456990115	-6.614013671875	1558.6453964528798	1474.6352913253966	-84.01010512748326
shendure_cm / by_cre	Col1a1_chr11_15275	2958196.0	-1901.91362894389	-1916.316216834515	17	11	6	28.80517578125	6.622465688559752e-05	3837.82725788778	3854.63243366903	16.80517578125	4057.128790965543	3996.533425660524	-60.595365305019186
shendure_cm / by_cre	Col1a1_chr11_15276	2353360.0	-2696.4464017225396	-2808.0491849256646	17	11	6	223.20556640625	2.1559048773999946e-45	5426.892803445079	5638.098369851329	211.20556640625	5642.305832532171	5777.4832710253295	135.17743849315866
shendure_cm / by_cre	Col1a1_chr11_15301	878265.0	-422.40831369179256	-429.2565192581988	17	11	6	13.6964111328125	0.033217513128986166	878.8166273835851	880.5130385163976	1.6964111328125	1077.4735894234109	1009.0557786598143	-68.41781076359655
shendure_cm / by_cre	Col1a1_chr11_15307	4180787.0	-14801.818108345582	-15075.618889595582	17	11	6	547.6015625	4.643476412915304e-115	29637.636216691164	30173.237779191164	535.6015625	29862.81838778411	30318.943889898364	456.1255021142533
shendure_cm / by_cre	Col1a1_chr11_15316	2411188.0	-1349.7486154462908	-1370.6989328291033	17	11	6	41.900634765625	1.9237330852223983e-07	2733.4972308925817	2763.3978656582067	29.900634765625	2949.32294310372	2903.049797088943	-46.27314601477701
shendure_cm / by_cre	Col1a1_chr11_15322	3390467.0	-3959.8341128027705	-3987.6739565527705	17	11	6	55.6796875	3.3789917631817904e-10	7953.668225605541	7997.347913105541	43.6796875	8175.288355481217	8140.749173613332	-34.53918186788542
shendure_cm / by_cre	Col1a2_chr6_72	2391000.0	-554.5887481103647	-555.2200347314584	17	11	6	1.2625732421875	0.9736813016837779	1143.1774962207294	1132.4400694629169	-10.7374267578125	1358.8602744102172	1271.999514173762	-86.86076023645523
shendure_cm / by_cre	Col1a2_chr6_73	3360931.0	-1155.8993621947159	-1182.5659881712784	17	11	6	53.333251953125	1.0052657740761233e-09	2345.7987243894318	2387.1319763425568	41.333251953125	2567.2701101965995	2530.436990688371	-36.833119508228265
shendure_cm / by_cre	Col1a2_chr6_77	6137170.0	-3337.4614316554025	-3391.3266660304025	17	11	6	107.73046875	6.086038243002546e-21	6708.922863310805	6804.653332060805	95.73046875	6940.630726101721	6954.58194916081	13.951223059088989
shendure_cm / by_cre	Col1a2_chr6_88	2851547.0	-313.40804090579263	-324.9251917846989	17	11	6	23.0343017578125	0.0007850710621605351	660.8160818115853	671.8503835693978	11.0343017578125	879.4934094155162	813.347477901353	-66.14593151416318
shendure_cm / by_cre	Col1a2_chr6_93	488129.0	-1902.0977752396198	-1929.7957732864948	17	11	6	55.39599609375	3.8557822936484973e-10	3838.1955504792395	3881.5915465729895	43.39599609375	4026.867245380041	4003.673231508802	-23.194013871238894
shendure_cm / by_cre	Col5a1_chr2_2558	5078844.0	-1110.3765381016324	-1119.1289795078824	17	11	6	17.5048828125	0.007596299651178227	2254.7530762032648	2260.2579590157648	5.5048828125	2483.243178191534	2408.1044955964094	-75.13868259512446
shendure_cm / by_cre	Col5a1_chr2_2562	3001359.0	-386.3739724025915	-388.6897377834509	17	11	6	4.63153076171875	0.5918624498025495	806.747944805183	799.3794755669018	-7.36846923828125	1026.2957324541835	941.4398087515492	-84.8559237026343
shendure_cm / by_cre	Col5a1_chr2_2565	4033729.0	-942.4516252237211	-971.9926408487211	17	11	6	59.08203125	6.913567927598904e-11	1918.9032504474421	1965.9852816974421	47.08203125	2143.4766813238793	2111.297501676313	-32.17917964756634
shendure_cm / by_cre	Col5a1_chr2_2571	1784188.0	-952.1214678406748	-962.3431475281748	17	11	6	20.443359375	0.0023083509587372283	1938.2429356813495	1946.6862950563495	8.443359375	2148.948993132858	2083.0255087014434	-65.92348443141464
shendure_cm / by_cre	Col5a1_chr2_2575	4976050.0	-12289.383387388618	-12352.344324888618	17	11	6	125.921875	9.275088444617291e-25	24612.766774777236	24726.688649777236	113.921875	24840.909273124133	24874.310266354638	33.400993230505264
shendure_cm / by_cre	Col5a1_chr2_2576	2888917.0	-1521.6046592443256	-1541.825484439638	17	11	6	40.441650390625	3.729624205797501e-07	3077.209318488651	3105.650968879276	28.441650390625	3296.1079867279655	3247.291283622362	-48.816703105603665
shendure_cm / by_cre	Col5a1_chr2_2586	2694712.0	-274.6613749946803	-277.70211596147715	17	11	6	6.08148193359375	0.4141246517561715	583.3227499893605	577.4042319229543	-5.91851806640625	801.0383821542242	718.2790527355131	-82.7593294187111
shendure_cm / by_cre	Epas1_chr17_10056	3724048.0	-850.0326426567759	-855.6678355278697	17	11	6	11.2703857421875	0.08037076900471787	1734.0652853135518	1733.3356710557393	-0.7296142578125	1957.2807560268109	1877.7692109290247	-79.51154509778621
shendure_cm / by_cre	Epas1_chr17_10057	2788525.0	-751.1149302213722	-758.364136764341	17	11	6	14.4984130859375	0.024538022916766926	1536.2298604427444	1538.728273528682	2.4984130859375	1754.5272572255517	1679.9795302704983	-74.54772695505335
shendure_cm / by_cre	Epas1_chr17_10061	4915381.0	-2667.1914589345424	-2699.7183144032924	17	11	6	65.0537109375	4.2063751114827295e-12	5368.382917869085	5421.436628806585	53.0537109375	5596.316874917234	5568.923306896563	-27.3935680206705
shendure_cm / by_cre	Epas1_chr17_10063	1696485.0	-1750.9952025200218	-1763.8311400200218	17	11	6	25.671875	0.0002562554462425216	3535.9904050400437	3549.6622800400437	13.671875	3745.839578404428	3685.4470392758217	-60.39253912860613
shendure_cm / by_cre	Epas1_chr17_10064	1195413.0	-264.6437438698255	-265.67079770283334	17	11	6	2.054107666015625	0.9146556258213198	563.287487739651	553.3415954056667	-9.945892333984375	767.1855266753303	685.2756205993414	-81.90990607598883
shendure_cm / by_cre	Epas1_chr17_10066	3088730.0	-861.0319110802651	-878.1792499474526	17	11	6	34.294677734375	5.900896433206189e-06	1756.0638221605302	1778.3584998949052	22.294677734375	1976.0994217001262	1920.7344760675849	-55.36494563254132
shendure_cm / by_cre	Epas1_chr17_10070	2767352.0	-8520.170671081996	-8670.169694519496	17	11	6	299.998046875	8.188213513794718e-62	17074.341342163993	17362.339389038993	287.998046875	17292.509167056527	17503.506805145928	210.99763808940043
shendure_cm / by_cre	Epas1_chr17_10071	2139436.0	-3340.913021482953	-3501.740414061078	17	11	6	321.65478515625	1.8648397827956035e-66	6715.826042965906	7025.480828122156	309.65478515625	6929.618940580533	7163.81740893162	234.19846835108729
shendure_cm / by_cre	Epas1_chr17_10116	2214588.0	-537.4681056487599	-546.1828578460255	17	11	6	17.42950439453125	0.007827844439869945	1108.9362112975198	1114.365715692051	5.42950439453125	1323.316019271497	1253.0820620281538	-70.23395724334318
shendure_cm / by_cre	Foxa2_chr2_13806	1088331.0	-152.64280986404958	-154.4968900642449	17	11	6	3.708160400390625	0.7160999769659238	339.28561972809916	330.9937801284898	-8.291839599609375	541.5882698253106	461.8954948972737	-79.6927749280369
shendure_cm / by_cre	Foxa2_chr2_13808	2634262.0	-1206.9371356990277	-1216.1428241755902	17	11	6	18.411376953125	0.005282319595812994	2447.8742713980555	2454.2856483511805	6.411376953125	2665.2042030201264	2594.910898224285	-70.29330479584132
shendure_cm / by_cre	Foxa2_chr2_13812	3031112.0	-803.752114646961	-811.455727928211	17	11	6	15.4072265625	0.01731521823227366	1641.504229293922	1644.911455856422	3.4072265625	1861.219711110515	1787.0802970318643	-74.13941407865059
shendure_cm / by_cre	Foxa2_chr2_13818	3454734.0	-943.9318125713871	-946.7017710674809	17	11	6	5.5399169921875	0.47664538355296304	1921.8636251427743	1915.4035421349618	-6.4600830078125	2143.802977522729	2059.0113583808147	-84.79161914191445
shendure_cm / by_cre	Foxa2_chr2_13820	1609278.0	-1727.3694233130063	-1754.1091694067563	17	11	6	53.4794921875	9.393226943100045e-10	3488.7388466260127	3530.2183388135127	41.4794921875	3697.6908818419565	3665.4225968944174	-32.26828494753909
shendure_cm / by_cre	Foxa2_chr2_13830	2789449.0	-404.59643983269547	-411.75644349480484	17	11	6	14.32000732421875	0.026258776163865377	843.1928796653909	845.5128869896097	2.32000732421875	1061.4959086007123	986.7677880654059	-74.7281205353064
shendure_cm / by_cre	Foxa2_chr2_13835	2170442.0	-893.1000311409704	-895.7906439339391	17	11	6	5.3812255859375	0.495926810916269	1820.2000622819407	1813.5812878678782	-6.6187744140625	2034.2375659359325	1952.0761431734022	-82.16142276253026
shendure_cm / by_cre	Foxa2_chr2_13840	3544702.0	-6185.719981297207	-6273.425059422207	17	11	6	175.41015625	3.199563215060047e-35	12405.439962594413	12568.850118844413	163.41015625	12627.816361684461	12712.740730020327	84.92436833586544
shendure_cm / by_cre	Foxa2_chr2_13841	5170995.0	-2925.2572298876034	-2965.8097201219784	17	11	6	81.10498046875	2.1119947667637638e-15	5884.514459775207	5953.619440243957	69.10498046875	6113.310246410805	6101.663772772873	-11.646473637932104
shendure_cm / by_cre	Foxa2_chr2_13856	1751223.0	-676.8375036481568	-693.9655554059693	17	11	6	34.256103515625	6.003070500448377e-06	1387.6750072963137	1409.9311108119387	22.256103515625	1598.064031598559	1546.0651853604504	-51.99884623810863
shendure_cm / by_cre	Foxa2_chr2_13858	2433319.0	-2119.601380015871	-2131.837616588137	17	11	6	24.47247314453125	0.00042740623580013036	4273.202760031742	4285.675233176274	12.47247314453125	4489.18379439112	4425.427667173518	-63.756127217601716
shendure_cm / by_cre	Foxa2_chr2_13861	4269043.0	-544.3202395126527	-552.3981203720277	17	11	6	16.15576171875	0.012941905291453873	1122.6404790253055	1126.7962407440555	4.15576171875	1348.1777830765059	1272.7321433654204	-75.4456397110855
shendure_cm / by_cre	Foxa2_chr2_13862	2005471.0	-1141.1334186073504	-1164.9230304237567	17	11	6	47.5792236328125	1.4338986625281818e-08	2316.266837214701	2351.8460608475134	35.5792236328125	2528.960458780208	2489.4713453899003	-39.489113390307466
shendure_cm / by_cre	Gata4_chr14_5677	937848.0	-3844.2772041230764	-3877.0057807832327	17	11	6	65.4571533203125	3.479424198638198e-12	7722.554408246153	7776.011561566465	53.4571533203125	7922.327242101286	7905.276336413905	-17.0509056873816
shendure_cm / by_cre	Gata4_chr14_5693	2614170.0	-626.0474342354871	-633.5856422432996	17	11	6	15.076416015625	0.0196706247986995	1286.0948684709742	1289.1712844865992	3.076416015625	1503.2946409641622	1429.7123137468975	-73.58232721726472
shendure_cm / by_cre	Gata4_chr14_5710	3690841.0	-457.6167916702533	-472.0262460159564	17	11	6	28.81890869140625	6.582989444222917e-05	949.2335833405066	966.0524920319128	16.81890869140625	1172.296786697075	1110.387505968516	-61.909280728559
shendure_cm / by_cre	Gata4_chr14_5714	2820807.0	-775.9708416399211	-786.3669598039836	17	11	6	20.792236328125	0.001999117694525446	1585.9416832798422	1594.7339196079672	8.792236328125	1804.4347540070412	1736.1117889020372	-68.32296510500396
shendure_cm / by_cre	Gata4_chr14_5729	2143117.0	-2043.5347476018069	-2050.760333539307	17	11	6	14.451171875	0.024982930063583438	4121.069495203614	4123.520667078614	2.451171875	4334.89161698215	4261.876157641195	-73.0154593409543
shendure_cm / by_cre	Gata4_chr14_5742	3163291.0	-18505.636946732975	-18835.201399857975	17	11	6	659.12890625	4.068767331265309e-139	37045.27389346595	37692.40279971595	647.12890625	37265.7149929544	37835.04115820848	569.326165254075
shendure_cm / by_cre	Gata4_chr14_5749	3898942.0	-5991.408258805836	-6102.408747087086	17	11	6	222.0009765625	3.895335845249517e-45	12016.816517611673	12226.817494174173	210.0009765625	12240.812186079836	12371.755867888867	130.94368180903075
shendure_cm / by_cre	Gata4_chr14_5752	4370140.0	-1194.907453927896	-1199.554914865396	17	11	6	9.294921875	0.1576585799157349	2423.814907855792	2421.109829730792	-2.705078125	2649.750103109714	2567.303191365683	-82.44691174403124
shendure_cm / by_cre	Gata4_chr14_5760	2832124.0	-790.8058717341205	-792.9569947809955	17	11	6	4.30224609375	0.6358467673299	1615.611743468241	1607.913989561991	-7.69775390625	1834.1728812767558	1749.3359022616182	-84.83697901513756
shendure_cm / by_cre	Gata4_chr14_5762	2061900.0	-243.36166810417984	-246.1500134410939	17	11	6	5.576690673828125	0.4722364835374735	520.7233362083597	514.3000268821878	-6.423309326171875	733.8886897865824	652.2305497857437	-81.65814000083867
shendure_cm / by_cre	Gata4_chr14_5763	4247302.0	-601.918679272841	-608.6151514408098	17	11	6	13.3929443359375	0.037203426298950446	1237.837358545682	1239.2303028816195	1.3929443359375	1463.287865314034	1385.110042555259	-78.17782275877494
shendure_cm / by_cre	Gata4_chr14_5776	1981472.0	-1121.6584479692233	-1141.4222419145358	17	11	6	39.527587890625	5.640049748790364e-07	2277.3168959384466	2304.8444838290716	27.527587890625	2489.80585547211	2442.3373399979127	-47.468515474197375
shendure_cm / by_cre	Gata4_chr14_5779	2368345.0	-419.7224777927812	-427.0159043064531	17	11	6	14.58685302734375	0.02372530624547014	873.4449555855624	876.0318086129062	2.58685302734375	1088.9658888535673	1015.4865301392623	-73.47935871430502
shendure_cm / by_cre	Igfbp4_chr11_16694	1155887.0	-681.609493153423	-695.6714438370168	17	11	6	28.1239013671875	8.904612102057705e-05	1397.218986306846	1413.3428876740336	16.1239013671875	1600.5454220405613	1544.9070519723198	-55.63837006824156
shendure_cm / by_cre	Igfbp4_chr11_16710	5431270.0	-7183.961599838741	-7237.594412338741	17	11	6	107.265625	7.613565427339113e-21	14401.923199677482	14497.188824677482	95.265625	14631.553820033985	14645.773343731691	14.219523697705881
shendure_cm / by_cre	Igfbp4_chr11_16711	2255843.0	-6970.465202520521	-7080.264030645521	17	11	6	219.59765625	1.2677993924249425e-44	13974.930405041043	14182.528061291043	207.59765625	14189.623988089701	14321.447438557821	131.82345046812043
shendure_cm / by_cre	Igfbp4_chr11_16716	2546735.0	-1825.8125343740185	-1874.706455272456	17	11	6	97.787841796875	7.259047698429299e-19	3685.625068748037	3771.412910544912	85.787841796875	3902.380554725818	3911.6664602952405	9.285905569422539
shendure_cm / by_cre	Igfbp4_chr11_16728	2547965.0	-3448.041594177381	-3475.351164489881	17	11	6	54.619140625	5.533277233154228e-10	6930.083188354762	6972.702328979762	42.619140625	7146.846882863136	7112.961190132239	-33.88569273089706
shendure_cm / by_cre	Igfbp4_chr11_16735	2199090.0	-2589.1137933209243	-2605.9641351177993	17	11	6	33.70068359375	7.68446200612875e-06	5212.227586641849	5233.928270235599	21.70068359375	5426.4880079805425	5372.567366395931	-53.920641584611985
shendure_cm / by_cre	Igfbp4_chr11_16738	2238605.0	-1947.2984307589184	-1996.6868584932934	17	11	6	98.77685546875	4.515241671446454e-19	3928.5968615178367	4015.3737169865867	86.77685546875	4143.160040371388	4154.208715068296	11.048674696908165
shendure_cm / by_cre	Igfbp4_chr11_16740	3647344.0	-7530.349019681104	-7651.775777493604	17	11	6	242.853515625	1.3796877309078177e-49	15094.698039362209	15325.551554987209	230.853515625	15317.559705782767	15469.7561626711	152.19645688833225
shendure_cm / by_cre	Igfbp4_chr11_16743	4061945.0	-6449.523158104337	-7004.340052635587	17	11	6	1109.6337890625	1.717588546063322e-236	12933.046316208674	14030.680105271174	1097.6337890625	13157.738248384021	14176.069002561106	1018.3307541770846
shendure_cm / by_cre	Igfbp4_chr11_16784	2622188.0	-696.0310165895564	-705.0164291872127	17	11	6	17.9708251953125	0.006305519468796879	1426.0620331791129	1432.0328583744254	5.9708251953125	1643.3138670884719	1572.6075744334223	-70.70629265504954
shendure_cm / by_cre	Klf4_chr4_3934	3452175.0	-4303.079220887547	-4432.228634950047	17	11	6	258.298828125	6.902433140652918e-53	8640.158441775095	8886.457269900095	246.298828125	8862.085197202638	9030.05693517674	167.97173797410323
shendure_cm / by_cre	Klf4_chr4_3936	1657994.0	-477.61835344028486	-480.91132219028486	17	11	6	6.5859375	0.3608404994629073	989.2367068805697	983.8226443805697	-5.4140625	1198.6957298100704	1119.3549533349524	-79.34077647511799
shendure_cm / by_cre	Klf4_chr4_3946	5435433.0	-2054.309225576176	-2074.2414765527383	17	11	6	39.864501953125	4.843120896728445e-07	4142.618451152352	4170.482953105477	27.864501953125	4372.262096803366	4319.0759002914265	-53.18619651193967
shendure_cm / by_cre	Klf4_chr4_3948	2750966.0	-13217.088766679888	-13271.388571367388	17	11	6	108.599609375	4.003627353102374e-21	26468.177533359776	26564.777142734776	96.599609375	26686.244398931474	26705.879232222345	19.63483329087103
shendure_cm / by_cre	Klf4_chr4_3949	3418098.0	-3650.685202954115	-3688.55409943849	17	11	6	75.73779296875	2.7052600162979967e-14	7335.37040590823	7399.10819887698	63.73779296875	7557.128517745967	7542.59874183081	-14.529775915157188
shendure_cm / by_cre	Klf4_chr4_3951	3554890.0	-2065.602837202753	-2081.183159468378	17	11	6	31.16064453125	2.362027084471809e-05	4165.205674405506	4184.366318936756	19.16064453125	4387.630863938409	4328.288500399222	-59.34236353918641
shendure_cm / by_cre	Klf4_chr4_3952	1885514.0	-543.4508544831446	-549.4207641511133	17	11	6	11.9398193359375	0.0633249060181162	1120.901708966289	1120.8415283022266	-0.0601806640625	1332.5467963188548	1257.7883495303574	-74.7584467884974
shendure_cm / by_cre	Klf4_chr4_3958	2061670.0	-557.0864429176056	-563.8496875465119	17	11	6	13.5264892578125	0.035396771571896045	1148.1728858352112	1149.6993750930237	1.5264892578125	1361.3363429984324	1287.6286709045198	-73.7076720939126
shendure_cm / by_cre	Lama1_chr17_7784	2709087.0	-2562.5333576582852	-2581.4630451582852	17	11	6	37.859375	1.1967520868849774e-06	5159.0667153165705	5184.9260903165705	25.859375	5376.872793323865	5325.859434909526	-51.013358414339564
shendure_cm / by_cre	Lama1_chr17_7787	987235.0	-174.03473471833354	-177.0162410659898	17	11	6	5.9630126953125	0.4273461767701128	382.0694694366671	376.0324821319796	-6.0369873046875	582.7147469869973	505.8617793704285	-76.85296761656878
shendure_cm / by_cre	Lama1_chr17_7788	2310198.0	-930.7529865399625	-935.7685505048063	17	11	6	10.0311279296875	0.123347260720499	1895.505973079925	1893.5371010096126	-1.9688720703125	2110.6043175628024	2032.7183827338274	-77.885934828975
shendure_cm / by_cre	Lama1_chr17_7791	1299269.0	-933.9620277696713	-981.8250648790463	17	11	6	95.72607421875	1.9519103782789455e-18	1901.9240555393426	1985.6501297580926	83.72607421875	2107.2383656012908	2118.5005656805297	11.262200079238937
shendure_cm / by_cre	Lama1_chr17_7793	2720651.0	-3642.407071497239	-3681.074551965989	17	11	6	77.3349609375	1.2677737550921473e-14	7318.814142994478	7384.149103931978	65.3349609375	7536.692632708279	7525.129303158556	-11.563329549723676
shendure_cm / by_cre	Lama1_chr17_7799	3108437.0	-981.5917790838583	-1010.6282781072958	17	11	6	58.072998046875	1.107537494084204e-10	1997.1835581677167	2043.2565562145917	46.072998046875	2217.3272781208143	2185.7024926548315	-31.624785465982768
shendure_cm / by_cre	Lama1_chr17_7814	2210881.0	-2595.5656817954014	-2631.7910235922764	17	11	6	72.45068359375	1.2837919192361764e-13	5225.131363590803	5285.582047184553	60.45068359375	5439.482691412851	5424.279965187055	-15.202726225796141
shendure_cm / by_cre	Lama1_chr17_7874	1263626.0	-785.3358065884524	-793.5794589322024	17	11	6	16.4873046875	0.011364169564977199	1604.6716131769049	1609.1589178644049	4.4873046875	1809.513043882016	1741.7033730265357	-67.80967085548036
shendure_cm / by_cre	Lama1_chr17_7892	1277898.0	-95.48905181884766	-89.6650390625	17	11	6	-11.648025512695312	1.0	224.9781036376953	201.330078125	-23.648025512695312	430.0104643126693	333.99807620880665	-96.01238810386263
shendure_cm / by_cre	Lama1_chr17_7907	1264668.0	-124.26825901910456	-127.54177281304987	17	11	6	6.547027587890625	0.364773391853579	282.5365180382091	277.08354562609975	-5.452972412109375	487.39196135498884	409.6370677722513	-77.75489358273751
shendure_cm / by_cre	Lamb1_chr12_2182	1774763.0	-300.7898668495464	-313.6028246132183	17	11	6	25.62591552734375	0.0002613465533511573	635.5797336990928	649.2056492264365	13.62591552734375	846.1957503635454	785.4866011857882	-60.709149177757126
shendure_cm / by_cre	Lamb1_chr12_2183	7175926.0	-7879.334765007123	-8073.116015007123	17	11	6	387.5625	1.3180994444059364e-80	15792.669530014246	16168.232030014246	375.5625	16027.035650313017	16319.880696089922	292.84504577690495
shendure_cm / by_cre	Lamb1_chr12_2186	3040141.0	-2224.4536698391535	-2244.5391190579035	17	11	6	40.1708984375	4.2161076402478656e-07	4482.907339678307	4511.078238115807	28.1708984375	4702.673385394365	4653.27979710855	-49.393588285814985
shendure_cm / by_cre	Lamb1_chr12_2189	1963634.0	-656.8590340215911	-671.4024300176849	17	11	6	29.0867919921875	5.8578613199017774e-05	1347.7180680431823	1364.8048600353698	17.0867919921875	1560.0532937777593	1502.1982413930373	-57.85505238472206
shendure_cm / by_cre	Lamb1_chr12_2196	2426123.0	-433.98336782487394	-437.7476195338583	17	11	6	7.52850341796875	0.2747196236005548	901.9667356497479	897.4952390677166	-4.47149658203125	1117.8974218047765	1037.215094815088	-80.68232698968859
shendure_cm / by_cre	Lamb1_chr12_2203	1621759.0	-160.6183461887464	-161.105071042262	17	11	6	0.97344970703125	0.9865987841849959	355.2366923774928	344.210142084524	-11.02655029296875	564.3200650280423	479.4993832113502	-84.82068181669212
shendure_cm / by_cre	Lamb1_chr12_2206	1249721.0	-144.57246541786463	-149.84935140419276	17	11	6	10.55377197265625	0.10318613702636822	323.14493083572927	321.6987028083855	-1.44622802734375	527.7982558699455	454.1214425364077	-73.67681333353778
shendure_cm / by_cre	Lamb1_chr12_2207	1717104.0	-263.43529934732345	-264.3864407047453	17	11	6	1.90228271484375	0.928462570832423	560.8705986946469	550.7728814094907	-10.09771728515625	770.9251437443869	686.6905282063813	-84.23461553800564
shendure_cm / by_cre	Lamb1_chr12_2210	2748000.0	-7549.885831725351	-7686.581632506601	17	11	6	273.3916015625	4.079456653630751e-56	15133.771663450701	15395.163265013201	261.3916015625	15351.820190300215	15536.253488268769	184.43329796855323
shendure_cm / by_cre	Lamb1_chr12_2215	1465243.0	-513.80435699123	-523.7715505947456	17	11	6	19.93438720703125	0.0028448516953118205	1061.60871398246	1069.5431011894912	7.93438720703125	1268.9667521512135	1203.7159494163318	-65.25080273488174
shendure_cm / by_cre	Lamb1_chr12_2216	4170631.0	-3538.7690118866694	-3575.9167169647944	17	11	6	74.29541015625	5.359963562451021e-14	7111.538023773339	7173.833433929589	62.29541015625	7336.678848094967	7319.512790843584	-17.16605725138288
shendure_cm / by_cre	Lamb1_chr12_2238	2627729.0	-723.132088119928	-740.7794269871155	17	11	6	35.294677734375	3.7784094052240625e-06	1480.264176239856	1503.558853974231	23.294677734375	1697.5518953012954	1644.1567898375154	-53.395105463780055
shendure_cm / by_cre	Lamb1_chr12_2239	3549197.0	-1455.9376660997707	-1480.0759717638332	17	11	6	48.276611328125	1.0403890201361705e-08	2945.8753321995414	2982.1519435276664	36.276611328125	3168.2732751571366	3126.056494853169	-42.216780303967425
shendure_cm / by_cre	Lamb1_chr12_2288	2665072.0	-402.3918905002698	-414.22431847878545	17	11	6	23.66485595703125	0.0006018092576549699	838.7837810005396	850.4486369575709	11.66485595703125	1056.3113887462853	991.2017949107004	-65.10959383558486
shendure_cm / by_cre	Lamb1_chr12_2289	2745567.0	-518.9857104398827	-531.2051623441796	17	11	6	24.43890380859375	0.0004335452802083994	1071.9714208797654	1084.4103246883592	12.43890380859375	1290.0048897523027	1225.4908045470597	-64.51408520524296
shendure_cm / by_cre	Lamb1_chr12_2296	4102214.0	-10344.087552770357	-10420.065091832857	17	11	6	151.955078125	2.9863820890586135e-30	20722.175105540715	20862.130183665715	139.955078125	20947.034741101474	21007.62759491091	60.592853809437656
shendure_cm / by_cre	Lamc1_chr1_12127	1281631.0	-280.7833323383466	-290.48966168404974	17	11	6	19.41265869140625	0.003520613166931025	595.5666646766932	602.9793233680995	7.41265869140625	800.6486134165001	735.6794078467981	-64.96920556970201
shendure_cm / by_cre	Lamc1_chr1_12152	20351392.0	-6895.3889991327715	-6965.9939796015215	17	11	6	141.2099609375	5.566570934892648e-28	13824.777998265543	13953.987959203043	129.2099609375	14076.865216063396	14117.103217778124	40.23800171472794
shendure_cm / by_cre	Lamc1_chr1_12175	2497369.0	-14679.496165520759	-14700.687083489509	17	11	6	42.3818359375	1.5456203783531248e-07	29392.992331041518	29423.374166979018	30.3818359375	29609.415052748023	29563.412398671462	-46.00265407656116
shendure_cm / by_cre	Lamc1_chr1_12183	1218473.0	-73.8004789314324	-75.47324657059255	17	11	6	3.3455352783203125	0.7643940795195889	181.6009578628648	172.9464931411851	-8.654464721679688	385.82381075084214	305.09069206869987	-80.73311868214228
shendure_cm / by_cre	Lamc1_chr1_12185	4693893.0	-1819.228487327847	-1935.039766624722	17	11	6	231.62255859375	3.4496247199410065e-47	3672.456974655694	3892.079533249444	219.62255859375	3899.607113276982	4039.0590347102775	139.4519214332954
shendure_cm / by_cre	Lamc1_chr1_12188	730155.0	-296.1216744827533	-324.02713102572204	17	11	6	55.8109130859375	3.178801097878052e-10	626.2433489655066	670.0542620514441	43.8109130859375	821.7605549945099	796.5653953643285	-25.195159630181365
shendure_cm / by_cre	Lamc1_chr1_12189	2423356.0	-4176.157898954101	-4341.355652860351	17	11	6	330.3955078125	2.487499963588106e-68	8386.315797908203	8704.711305720703	318.3955078125	8602.227084451395	8844.418608778062	242.1915243266667
shendure_cm / by_cre	Lamc1_chr1_12193	2472911.0	-789.8424270647242	-820.198811342068	17	11	6	60.7127685546875	3.224432270920446e-11	1613.6848541294485	1662.397622684136	48.7127685546875	1829.9402656014784	1802.3275948130965	-27.61267078838182
shendure_cm / by_cre	Lamc1_chr1_12201	2085683.0	-654.4022964641478	-656.971693436804	17	11	6	5.1387939453125	0.5261391374017133	1342.8045929282955	1335.943386873608	-6.8612060546875	1556.1649108659783	1474.0000631862263	-82.16484767975203
shendure_cm / by_cre	Map1b_chr13_9429	4299838.0	-3613.058852998035	-3645.36573776366	17	11	6	64.61376953125	5.172822327431209e-12	7260.11770599607	7312.73147552732	52.61376953125	7485.777200390174	7458.74644248821	-27.030757901963625
shendure_cm / by_cre	Map1b_chr13_9436	2100893.0	-851.022459257704	-861.7833235155165	17	11	6	21.521728515625	0.0014777230367598333	1736.044918515408	1745.566647031033	9.521728515625	1949.5287603722215	1883.7032505854418	-65.82550978677978
shendure_cm / by_cre	Map1b_chr13_9445	3460858.0	-1942.862612015869	-2004.7589743205565	17	11	6	123.792724609375	2.6006519312213845e-24	3919.725224031738	4031.517948641113	111.792724609375	4141.694684615651	4175.145246665998	33.45056205034689
shendure_cm / by_cre	Map1b_chr13_9447	5547233.0	-15256.214896397943	-15338.367240147943	17	11	6	164.3046875	7.252241110840937e-33	30546.429792795887	30698.734480295887	152.3046875	30776.419559444206	30847.551388127154	71.13182868294825
shendure_cm / by_cre	Sox17_chr1_58	2777256.0	-1162.9291510540265	-1167.1637091594953	17	11	6	8.4691162109375	0.20570851971078907	2359.858302108053	2356.3274183189906	-3.5308837890625	2578.086859221539	2497.534131745364	-80.55272747617482
shendure_cm / by_cre	Sox17_chr1_59	3771972.0	-478.5091113750616	-485.1806506817022	17	11	6	13.34307861328125	0.037900043134184144	991.0182227501232	992.3613013634044	1.34307861328125	1214.451067243157	1136.9354948588968	-77.51557238426017
shendure_cm / by_cre	Sox17_chr1_60	1869995.0	-646.8283037449829	-662.8538164402954	17	11	6	32.051025390625	1.595417454379141e-05	1327.6566074899658	1347.7076328805908	20.051025390625	1539.1611948454827	1484.5635423459253	-54.5976524995574
shendure_cm / by_cre	Sox17_chr1_65	1667817.0	-592.659602714181	-593.3330035930873	17	11	6	1.3468017578125	0.9690143959930768	1219.319205428362	1208.6660071861745	-10.6531982421875	1428.8786498704424	1344.2632947663442	-84.61535510409817
shendure_cm / by_cre	Sox17_chr1_67	3282080.0	-1815.8648495753787	-1818.8737607081912	17	11	6	6.017822265625	0.4211965828689365	3665.7296991507574	3659.7475214163824	-5.982177734375	3886.797493887929	3802.791388599258	-84.00610528867082
shendure_cm / by_cre	Sox17_chr1_68	617259.0	-157.76435705835075	-164.78095099145622	17	11	6	14.033187866210938	0.029267626136271593	349.5287141167015	351.56190198291245	2.0331878662109375	542.1904619110537	476.22538584984625	-65.96507606120747
shendure_cm / by_cre	Sox17_chr1_69	3305893.0	-979.002281017655	-992.9541242793738	17	11	6	27.9036865234375	9.796913062986035e-05	1992.00456203531	2007.9082485587476	15.9036865234375	2213.1952542898425	2151.0316376646215	-62.16361662522104
shendure_cm / by_cre	Sox17_chr1_73	1681585.0	-551.2502763680725	-565.9257524422912	17	11	6	29.3509521484375	5.220319100726401e-05	1136.500552736145	1153.8515048845825	17.3509521484375	1346.1997578389567	1289.5392258334607	-56.66053200549595
shendure_cm / by_cre	Sox17_chr1_77	2035104.0	-1694.4051707367203	-1722.6749461273453	17	11	6	56.53955078125	2.2641644051923933e-10	3422.8103414734405	3467.3498922546905	44.53955078125	3635.75331865391	3605.1365245479356	-30.61679410597435
shendure_cm / by_cre	Sox17_chr1_78	2251271.0	-319.4917497303221	-320.1689958240721	17	11	6	1.3544921875	0.9685680980197575	672.9834994606442	662.3379916481442	-10.6455078125	887.6425930215012	801.2350521875223	-86.40754083397883
shendure_cm / by_cre	Sox17_chr1_82	6595364.0	-3789.3012057678634	-3865.1964694397384	17	11	6	151.79052734375	3.2355522136045745e-30	7612.602411535727	7752.392938879477	139.79052734375	7845.534329646685	7903.113591774802	57.57926212811708
shendure_cm / by_cre	Sox17_chr1_83	2063845.0	-248.77641198464482	-249.365080807887	17	11	6	1.177337646484375	0.97798927516127	531.5528239692896	520.730161615774	-10.822662353515625	744.7342061689853	658.671055980283	-86.06315018870237
shendure_cm / by_cre	Sox2_chr3_2005	3590170.0	-2001.8226563329868	-2047.4331299657993	17	11	6	91.220947265625	1.6895065381402327e-17	4037.6453126659735	4116.8662599315985	79.220947265625	4260.238384588737	4260.89707117574	0.6586865870031033
shendure_cm / by_cre	Sox2_chr3_2007	5094796.0	-12907.027857711233	-13365.184107711233	17	11	6	916.3125	1.11727952581877e-194	25848.055715422466	26752.368215422466	904.3125	26076.59912856038	26900.24924745288	823.6501188924994
shendure_cm / by_cre	Sox2_chr3_2008	2436501.0	-795.9023523479827	-801.955147758139	17	11	6	12.1055908203125	0.05965423495377938	1625.8047046959655	1625.910295516278	0.1055908203125	1841.8079550747022	1765.6771045848725	-76.13085048982975
shendure_cm / by_cre	Sox2_chr3_2009	8076728.0	-6843.23761659575	-6919.7312689395	17	11	6	152.9873046875	1.806356490262076e-30	13720.4752331915	13861.462537879	140.9873046875	13956.851688957291	14014.412009256865	57.560320299573505
shendure_cm / by_cre	Sox4_chr13_2052	3180187.0	-5486.766228511214	-5563.541619136214	17	11	6	153.55078125	1.3727697543374983e-30	11007.532457022427	11149.083238272427	141.55078125	11228.064116509428	11291.780194411074	63.71607790164671
shendure_cm / by_cre	Sox4_chr13_2054	4668706.0	-1138.3902382717322	-1151.0850624904822	17	11	6	25.3896484375	0.00028913476399921976	2310.7804765434644	2324.1701249809644	13.3896484375	2537.839149102195	2471.0904425189665	-66.74870658322834
shendure_cm / by_cre	Sox4_chr13_2055	2988491.0	-4942.798416095917	-4965.927322345917	17	11	6	46.2578125	2.6304753020743027e-08	9919.596832191834	9953.854644691834	34.2578125	10139.071577498693	10095.867715184508	-43.203862314185244
shendure_cm / by_cre	Sox4_chr13_2057	3931140.0	-590.5636648353292	-597.3050588782979	17	11	6	13.4827880859375	0.03597867097384289	1215.1273296706584	1216.6101177565959	1.4827880859375	1439.2628099786527	1361.6389579558863	-77.62385202276641
shendure_cm / by_cre	Sparc_chr11_7180	3006997.0	-537.6316608738342	-546.1330036472717	17	11	6	17.002685546875	0.009273379621079898	1109.2633217476684	1114.2660072945434	5.002685546875	1328.8430136407355	1256.3469844018223	-72.49602923891325
shendure_cm / by_cre	Sparc_chr11_7182	1040773.0	-128.58713197136734	-131.95305299187515	17	11	6	6.731842041015625	0.3463597542078635	291.1742639427347	285.9061059837503	-5.268157958984375	492.71732643516395	416.31632289061633	-76.40100354454762
shendure_cm / by_cre	Sparc_chr11_7195	10023311.0	-9849.503016574692	-10032.983485324692	17	11	6	366.9609375	3.518264100316812e-76	19733.006033149384	20087.966970649384	354.9609375	19973.0532417981	20243.29163506914	270.23839327103997
shendure_cm / by_cre	Sparc_chr11_7198	2916512.0	-544.9014773056215	-563.5333132431215	17	11	6	37.263671875	1.564277080740713e-06	1123.802954611243	1149.066626486243	25.263671875	1342.8632365859423	1290.811514822813	-52.05172176312931
shendure_cm / by_cre	Sparc_chr11_7199	1269696.0	-302.04103990481445	-318.6423887817676	17	11	6	33.20269775390625	9.58489280621252e-06	638.0820798096289	659.2847775635352	21.20269775390625	843.0049768245705	791.8819462202621	-51.12303060430838
shendure_cm / by_cre	Sparc_chr11_7203	2383931.0	-2314.640308553897	-2356.6580087492093	17	11	6	84.035400390625	5.229301333303275e-16	4663.280617107794	4735.316017498419	72.035400390625	4878.913060292317	4874.842892500169	-4.070167792147913
shendure_cm / by_cre	Sparc_chr11_7205	4003414.0	-4059.9447376218495	-4090.7743274655995	17	11	6	61.6591796875	2.069854406429631e-11	8153.889475243699	8203.548654931199	49.6591796875	8378.33466217972	8348.77789353686	-29.556768642860334
shendure_cm / by_cre	Sparc_chr11_7207	1690487.0	-349.1582445350933	-352.3107103554058	17	11	6	6.304931640625	0.3899124432357723	732.3164890701865	726.6214207108115	-5.695068359375	942.1054516583422	862.3672200325593	-79.73823162578287
shendure_cm / by_cre	Sparc_chr11_7210	2919397.0	-1483.1818657127424	-1502.7275200096174	17	11	6	39.09130859375	6.868592728692198e-07	3000.3637314254847	3027.4550400192347	27.09130859375	3219.4408214086693	3169.210804126001	-50.230017282668086
shendure_cm / by_cre	Sparc_chr11_7211	3180158.0	-3917.8266444375076	-3951.96397353907	17	11	6	68.274658203125	9.230079872084443e-13	7869.653288875015	7925.92794707814	56.274658203125	8090.184793338978	8068.624802907763	-21.55999043121483
shendure_cm / by_cre	Sparc_chr11_7213	1488307.0	-603.3806545909756	-618.3313992198819	17	11	6	29.9014892578125	4.104021679082427e-05	1240.7613091819512	1258.6627984397637	17.9014892578125	1448.3848556170344	1393.0074461330528	-55.37740948398164
shendure_cm / by_cre	Sparc_chr11_7230	2567277.0	-5245.889072891188	-5264.218662734938	17	11	6	36.6591796875	2.051806305738931e-06	10525.778145782377	10550.437325469877	24.6591796875	10742.670203938	10690.779245452928	-51.89095848507168
shendure_cm / by_cre	Sparc_chr11_7233	1304246.0	-237.99879643365534	-240.00403019830378	17	11	6	4.010467529296875	0.6752597933703717	509.9975928673107	502.00806039660756	-7.989532470703125	715.376898985026	634.9005525904233	-80.47634639460261
shendure_cm / by_cre	Sparc_chr11_7234	2638087.0	-15690.444906789427	-15772.839438039427	17	11	6	164.7890625	5.7255515532866805e-33	31414.889813578855	31567.678876078855	152.7890625	31632.24441163003	31708.320086582557	76.07567495252806
shendure_cm / by_cre	Sparc_chr11_7235	3754183.0	-21115.58937096537	-21350.06935143412	17	11	6	468.9599609375	4.069341937961994e-98	42265.17874193074	42722.13870286824	456.9599609375	42488.53122306076	42866.660896540605	378.1296734798452
shendure_cm / by_cre	Sparc_chr11_7243	2352503.0	-936.0083687072511	-936.8101265197511	17	11	6	1.603515625	0.952324323288157	1906.0167374145021	1895.6202530395021	-10.396484375	2121.4235746510617	2035.0011477219819	-86.42242692907985
shendure_cm / by_cre	Tgfbi_chr13_5692	2273930.0	-5385.931258589083	-5524.798934370333	17	11	6	277.7353515625	4.7969104760398414e-57	10805.862517178166	11071.597868740666	265.7353515625	11020.691860069137	11210.605090611294	189.91323054215718
shendure_cm / by_cre	Tgfbi_chr13_5701	1384724.0	-536.0313515529821	-549.6357216701696	17	11	6	27.208740234375	0.0001323318022391698	1106.0627031059641	1121.2714433403391	15.208740234375	1312.4598969019987	1254.8225687377733	-57.63732816422544
shendure_cm / by_cre	Tgfbi_chr13_5705	3067710.0	-8178.649720270412	-8420.170228082912	17	11	6	483.041015625	3.779640697397888e-101	16391.299440540824	16862.340456165824	471.041015625	16611.21895305981	17004.641317207523	393.42236414771105
shendure_cm / by_cre	Tgfbi_chr13_5711	1219647.0	-610.4052661396668	-635.3358539082215	17	11	6	49.861175537109375	5.012142843024536e-09	1254.8105322793335	1292.671707816443	37.861175537109375	1459.0497567991767	1424.826500152812	-34.22325664636469
shendure_cm / by_cre	Tgfbi_chr13_5724	3270471.0	-1429.2902098721545	-1443.0839110440295	17	11	6	27.58740234375	0.00011235056754316059	2892.580419744309	2908.167822088059	15.58740234375	3113.587977420682	3051.1727123492415	-62.415265071440444
shendure_cm / by_cre	Tgfbi_chr13_5735	2851664.0	-1657.1233018757916	-1684.4874376179791	17	11	6	54.728271484375	5.259632978383356e-10	3348.2466037515833	3390.9748752359583	42.728271484375	3566.924628857325	3532.4724208926145	-34.4522079647104
shendure_cm / by_cre	Tgfbi_chr13_5741	3352893.0	-24314.76352032952	-24699.28305157952	17	11	6	769.0390625	7.52237692640875e-163	48663.52704065904	49420.56610315904	757.0390625	48884.957720583756	49563.84477840445	678.8870578206916
shendure_cm / by_cre	Tubb2b_chr13_2557	3148202.0	-1127.1676162952929	-1171.3194717640429	17	11	6	88.3037109375	6.817528878887821e-17	2288.3352325905857	2364.6389435280857	76.3037109375	2508.695047511753	2507.224706124135	-1.4703413876177365
shendure_cm / by_cre	Tubb2b_chr13_2568	5167190.0	-19873.6731990412	-20189.7161677912	17	11	6	632.0859375	2.789287011767963e-133	39781.3463980824	40401.4323355824	620.0859375	40010.12967091545	40549.46857094496	539.3389000295138
shendure_cm / by_cre	Tubb2b_chr13_2572	3088429.0	-1333.461967678654	-1340.980522366154	17	11	6	15.037109375	0.01997004300357177	2700.923935357308	2703.961044732308	3.037109375	2920.957878148226	2846.335948891137	-74.62192925708905
shendure_cm / by_cre	Tubb2b_chr13_2576	4377130.0	-30570.55220282109	-31106.72896063359	17	11	6	1072.353515625	1.9980147681103414e-228	61175.10440564218	62235.45792126718	1060.353515625	61401.06677052166	62381.66886324802	980.6020927263598
shendure_cm / by_cre	Tubb2b_chr13_2577	2904298.0	-1263.1198332734127	-1287.2797453827877	17	11	6	48.31982421875	1.019899212010294e-08	2560.2396665468254	2596.5594907655754	36.31982421875	2779.228605081438	2738.258215699737	-40.97038938170135
shendure_cm / by_cre	Tubb2b_chr13_2578	2816485.0	-747.1073335484102	-752.0285981968477	17	11	6	9.842529296875	0.13144201436213046	1528.2146670968204	1526.0571963936954	-2.157470703125	1746.6816706930651	1667.4181987206773	-79.26347197238783
shendure_cm / by_cre	Tubb2b_chr13_2580	2520072.0	-1132.2439883847796	-1177.0110782285296	17	11	6	89.5341796875	3.7860278002856167e-17	2298.4879767695593	2376.0221564570593	77.5341796875	2515.0645432881956	2516.1599347926476	1.0953915044519817
shendure_cm / by_cre	Tubb2b_chr13_2583	2438410.0	-1180.2470696941157	-1185.5346673503657	17	11	6	10.5751953125	0.10242683261625256	2394.4941393882314	2393.0693347007314	-1.4248046875	2610.510704062002	2532.8447589014067	-77.66594516059513
shendure_cm / by_cre	Tubb2b_chr13_2590	2783930.0	-3259.7041441596753	-3273.2454039253003	17	11	6	27.08251953125	0.0001397425740392188	6553.4082883193505	6568.4908078506005	15.08251953125	6771.677648978867	6709.723923571464	-61.953725407403
shendure_cm / by_cre	Txndc12_chr4_7951	5607509.0	-3973.785908678186	-4006.246846178186	17	11	6	64.921875	4.475359183080667e-12	7981.571817356372	8034.493692356372	52.921875	8211.745308912637	8183.429481010426	-28.315827902211822
shendure_cm / by_cre	Txndc12_chr4_7961	3697284.0	-3604.9224414997266	-3621.7215137653516	17	11	6	33.59814453125	8.042462430428865e-06	7243.844882999453	7265.443027530703	21.59814453125	7466.937736917636	7409.797227124822	-57.140509792814555
shendure_cm / by_cre	Txndc12_chr4_7962	1940636.0	-4930.896452036363	-5065.434049692613	17	11	6	269.0751953125	3.421188010599721e-55	9895.792904072727	10152.868099385227	257.0751953125	10107.92785138293	10290.13188882124	182.20403743831048
shendure_cm / by_cre	Txndc12_chr4_7969	310090.0	-202.24277064058248	-207.28865381929342	17	11	6	10.091766357421875	0.12084035451704538	438.48554128116496	436.57730763858683	-1.908233642578125	619.4440448485759	553.6681040645586	-65.77594078401728
shendure_cm / by_cre	Txndc12_chr4_7971	3284195.0	-1290.5558531709837	-1297.2328551241087	17	11	6	13.35400390625	0.0377463756218231	2615.1117063419674	2616.4657102482174	1.35400390625	2836.1904524941324	2759.516663640795	-76.67378885333756
shendure_cm / by_cre	Txndc12_chr4_7973	2891681.0	-17548.473683207798	-17613.267628520298	17	11	6	129.587890625	1.5696010030066313e-25	35130.947366415596	35248.535257040596	117.587890625	35349.86229179771	35390.186091111376	40.323799313664495
shendure_cm / by_cre	Txndc12_chr4_7975	1904917.0	-580.3761710968233	-593.7993278351046	17	11	6	26.8463134765625	0.0001547285395252646	1194.7523421936467	1209.5986556702092	14.8463134765625	1406.5714751263258	1346.6580946266486	-59.91338049967726
shendure_cm / by_cre	Txndc12_chr4_7978	4311010.0	-15885.128971086147	-16254.886661515835	17	11	6	739.515380859375	1.7923751127833988e-156	31804.257942172295	32531.77332303167	727.515380859375	32029.961549319654	32677.816833538785	647.8552842191311
shendure_cm / by_cre	eef1aP	8938541.0	-194255.7129016146	-195157.7129016146	17	11	6	1804.0	0.0	388545.4258032292	390337.4258032292	1792.0	388783.52581311954	390491.4905155112	1707.9647023916477
shendure_cm / by_cre	pgk1P	10054115.0	-346096.0461914763	-347173.0461914763	17	11	6	2154.0	0.0	692226.0923829526	694368.0923829526	2142.0	692466.1917564964	694523.450801128	2057.259044631617
shendure_cm / by_cre	reference	12395651.0	-15891.58474165158	-15971.82790571408	17	11	6	160.486328125	4.67138962737778e-32	31817.16948330316	31965.65581142816	148.486328125	32060.828039438413	32123.317230103912	62.489190665499336
shendure_cm / by_cre	ubcP	7076820.0	-205652.41930910177	-206484.79430910177	17	11	6	1664.75	0.0	411338.83861820353	412991.58861820353	1652.75	411572.9683168114	413143.08430553804	1570.1159887266112
shendure_cm / by_cell_type	Cardiomyocytes	10983648.0	-21360.143217577133	-21501.455717577133	215	209	6	282.625	4.307631750677034e-58	43150.28643515427	43420.91143515427	270.625	46205.84884370445	46391.20233462863	185.3534909241789
shendure_cm / by_cell_type	EpiblastPrimitiveStreak	52045851.0	-159134.08084769733	-160852.58084769733	215	209	6	3437.0	0.0	318698.16169539467	322123.16169539467	3425.0	322088.2033575717	325418.59754374344	3330.3941861717612
shendure_cm / by_cell_type	ExEndodermParietal	73824227.0	-161862.5399937944	-163080.4774937944	215	209	6	2435.875	0.0	324155.0799875888	326578.9549875888	2423.875	327620.2774532776	329947.4492681886	2327.1718149110093
shendure_cm / by_cell_type	ExEndodermVisceral	54065921.0	-96768.45508661307	-97305.70508661307	215	209	6	1074.5	6.858500550836174e-229	193966.91017322615	195029.41017322615	1062.5	197365.13881636856	198332.80452865298	967.665712284419
shendure_cm / by_cell_type	Haematoendothelial	15788641.0	-38633.37546476757	-39118.12546476757	215	209	6	969.5	3.5281525988472527e-206	77696.75092953513	78654.25092953513	957.5	80830.33321234543	81700.38440445306	870.051192107625
shendure_cm / by_cell_type	Mesoderm	111728430.0	-199400.64459061646	-200671.64459061646	215	209	6	2542.0	0.0	399231.2891812329	401761.2891812329	2530.0	402785.5792580619	405216.38976754574	2430.810509483854
shendure_cm / by_cell_type	NeuroectodermBrain	115871477.0	-213702.45461549843	-215252.20461549843	215	209	6	3099.5	0.0	427834.90923099685	430922.40923099685	3087.5	431397.02754925314	434385.1195961855	2988.0920469323755
shendure_cm / by_cell_type	NeuroectodermRostral	22941265.0	-43660.712565861846	-43919.525065861846	215	209	6	517.625	1.341083824066706e-108	87751.42513172369	88257.05013172369	505.625	90965.34141130341	91381.27572443141	415.93431312800385
shendure_cm / by_cell_type	SurfaceEctoderm	73424955.0	-120480.0767852409	-121067.5142852409	215	209	6	1174.875	1.3107118592949433e-250	241390.1535704818	242553.0285704818	1162.875	244854.1850712502	245920.3894247171	1066.204353466921
shendure_cm / by_cell_type	reference	121958430.0	-413964.36682722066	-417325.36682722066	215	209	6	6722.0	0.0	828358.7336544413	835068.7336544413	6710.0	831931.859677931	838542.1445330894	6610.2848551584175
cohen_obs / by_cre	combo_Mute_crx1	91866676.0	-418792.12208120606	-418809.21583120606	7	5	2	34.1875	3.769456188421917e-08	837598.2441624121	837628.4316624121	30.1875	837712.5951047824	837710.1109069623	-2.484197820071131
cohen_obs / by_cre	combo_Mute_crx2	23536854.0	-55340.70409684436	-55346.59081559436	7	5	2	11.7734375	0.0027760707509747085	110695.40819368872	110703.18163118872	7.7734375	110800.22673973076	110778.05202121875	-22.174718512003892
cohen_obs / by_cre	combo_Mute_crx2_crx1	313563.0	-7311.748067847388	-7312.275899878638	7	5	2	1.0556640625	0.589882431106592	14637.496135694775	14634.551799757275	-2.9443359375	14712.086424725401	14687.830577636294	-24.255847089107192
cohen_obs / by_cre	combo_Mute_crx3	6496158.0	-63166.69532878922	-63168.50782878922	7	5	2	3.625	0.16324551245395838	126347.39065757843	126347.01565757843	-0.375	126443.19770796075	126415.44926499437	-27.74844296637457
cohen_obs / by_cre	combo_Mute_crx3_crx1	24814284.0	-174429.8000831712	-174449.8625831712	7	5	2	40.125	1.9362746373840984e-09	348873.6001663424	348909.7251663424	36.125	348978.7886764339	348984.8598164077	6.0711399738211185
cohen_obs / by_cre	combo_Mute_crx3_crx2	1815818.0	-26464.13481921884	-26464.20708484384	7	5	2	0.14453125	0.9302837563666665	52942.26963843768	52938.41416968768	-3.85546875	53029.15396472768	53000.47440275197	-28.679561975710385
cohen_obs / by_cre	combo_Mute_crx4	10541639.0	-95188.33481129428	-95189.14731129428	7	5	2	1.625	0.4437473100810798	190390.66962258855	190388.29462258855	-2.375	190489.8655277314	190459.1488405477	-30.716687183681643
cohen_obs / by_cre	combo_Mute_crx4_crx1	7163733.0	-72928.98636772821	-72929.67386772821	7	5	2	1.375	0.502831577970941	145871.97273545642	145869.34773545642	-2.625	145968.46452785892	145938.27044431536	-30.19408354355255
cohen_obs / by_cre	combo_Mute_crx4_crx2	1402660.0	-14863.65974235722	-14868.19294548222	7	5	2	9.06640625	0.010746199465616203	29741.31948471444	29746.38589096444	5.06640625	29826.39665165752	29807.15529592378	-19.2413557337386
cohen_obs / by_cre	combo_Mute_crx4_crx3	247289.0	-7460.619074027401	-7518.454034964901	7	5	2	115.669921875	7.631248637580183e-26	14935.238148054803	15046.908069929803	111.669921875	15008.166338859726	15098.999634790463	90.83329593073722
cohen_obs / by_cre	combo_Mute_crx5	10672541.0	-97065.84021082822	-97128.14489832822	7	5	2	124.609375	8.738120351959496e-28	194145.68042165643	194266.28979665643	120.609375	194244.96271483123	194337.2057203527	92.24300552147906
cohen_obs / by_cre	combo_Mute_crx5_crx1	13941543.0	-115723.80581488142	-115824.17300238142	7	5	2	200.734375	2.5768213171896772e-44	231461.61162976283	231658.34600476283	196.734375	231562.76431528368	231730.59792299202	167.83360770833679
cohen_obs / by_cre	combo_Mute_crx5_crx2	5313237.0	-26429.158420897307	-26449.224827147307	7	5	2	40.1328125	1.9287258179685526e-09	52872.316841794614	52908.449654294614	36.1328125	52966.716824478644	52975.878213354634	9.16138887598936
cohen_obs / by_cre	combo_Mute_crx5_crx3	311301.0	-9714.489836954197	-9725.217376016697	7	5	2	21.455078125	2.1932542558826533e-05	19442.979673908394	19460.434752033394	17.455078125	19517.519282889712	19513.677329877195	-3.841953012517479
cohen_obs / by_cre	combo_Mute_crx5_crx4	5740980.0	-67181.89002328912	-67189.39002328912	7	5	2	15.0	0.0005530843701478337	134377.78004657823	134388.78004657823	11.0	134472.72202997626	134456.59574900538	-16.12628097087145
cohen_obs / by_cre	combo_Q50_crx1	191244093.0	-739225.272522668	-739227.460022668	7	5	2	4.375	0.11219689052034372	1478464.545045336	1478464.920045336	0.375	1478584.0284733435	1478550.2653510557	-33.76312228781171
cohen_obs / by_cre	combo_Q50_crx2	4036828.0	-43563.51793343646	-43566.42027718646	7	5	2	5.8046875	0.05489441039218966	87141.03586687292	87142.84055437292	1.8046875	87233.51265542414	87208.89540333807	-24.61725208607095
cohen_obs / by_cre	combo_Q50_crx2_crx1	11586224.0	-85734.12950673388	-85736.98888173388	7	5	2	5.71875	0.057304564428268645	171482.25901346776	171483.97776346776	1.71875	171582.11630501668	171555.3044002884	-26.81190472826711
cohen_obs / by_cre	combo_Q50_crx3	46558272.0	-244902.0473620429	-244919.6879870429	7	5	2	35.28125	2.1815938727736594e-08	489818.0947240858	489849.3759740858	31.28125	489927.6882308169	489927.65705032233	-0.031180494581349194
cohen_obs / by_cre	combo_Q50_crx3_crx1	55406800.0	-312907.6847524431	-312912.2472524431	7	5	2	9.125	0.010435936462774504	625829.3695048862	625834.4945048862	5.125	625940.1809951013	625913.6455693255	-26.53542577580083
cohen_obs / by_cre	combo_Q50_crx3_crx2	790461.0	-9151.408105199602	-9163.189355199602	7	5	2	23.5625	7.646595820101794e-06	18316.816210399204	18336.378710399204	19.5625	18397.878811589064	18394.28056839196	-3.59824319710242
cohen_obs / by_cre	combo_Q50_crx4	22855620.0	-160593.05181989464	-160596.59869489464	7	5	2	7.09375	0.028814544556403768	321200.1036397893	321203.1973897893	3.09375	321304.71659296774	321277.92092777387	-26.795665193872992
cohen_obs / by_cre	combo_Q50_crx4_crx1	3406301.0	-46309.57037263663	-46316.72271638663	7	5	2	14.3046875	0.0007830267101307927	92633.14074527325	92643.44543277325	10.3046875	92724.42870784157	92708.65112032204	-15.777587519522058
cohen_obs / by_cre	combo_Q50_crx4_crx2	3583504.0	-32877.3023528916	-32878.0679778916	7	5	2	1.53125	0.4650431881340563	65768.6047057832	65766.1359557832	-2.46875	65860.24766733771	65831.59521403642	-28.652453301285277
cohen_obs / by_cre	combo_Q50_crx4_crx3	68371056.0	-355703.858913672	-355790.296413672	7	5	2	172.875	2.8884890165994427e-38	711421.717827344	711590.592827344	168.875	711534.0010482899	711670.7951280196	136.79407972970512
cohen_obs / by_cre	combo_Q50_crx5	88758138.0	-448950.78102626913	-449108.18727626913	7	5	2	314.8125	4.3584714742323363e-69	897915.5620525383	898226.3745525383	310.8125	898029.6720322835	898307.8816809277	278.2096486442024
cohen_obs / by_cre	combo_Q50_crx5_crx1	312340442.0	-1029880.7236495359	-1029958.7861495359	7	5	2	156.125	1.2528151784443982e-34	2059775.4472990718	2059927.5722990718	152.125	2059898.36452925	2060015.3703206275	117.00579137750901
cohen_obs / by_cre	combo_Q50_crx5_crx2	4404070.0	-53364.902491567285	-53395.379054067285	7	5	2	60.953125	5.810280229174704e-14	106743.80498313457	106800.75810813457	56.953125	106836.89126083395	106867.24830649127	30.357045657321578
cohen_obs / by_cre	combo_Q50_crx5_crx3	50180984.0	-291129.8287655494	-291130.2662655494	7	5	2	0.875	0.6456485264278919	582273.6575310988	582270.5325310988	-3.125	582383.7755580556	582349.1882646393	-34.58729341626167
cohen_obs / by_cre	combo_Q50_crx5_crx4	98366720.0	-476794.9800763831	-476838.7925763831	7	5	2	87.625	9.385837084000484e-20	953603.9601527662	953687.5851527662	83.625	953718.7896444203	953769.6062182334	50.81657381309196
cohen_obs / by_cre	eboxDouble_gcagctgg_to_gcaaatgg	753901.0	-17321.60088612343	-17334.67705799843	7	5	2	26.15234375	2.0945498948502834e-06	34657.20177224686	34679.35411599686	22.15234375	34737.9328866173	34737.01919769003	-0.9136889272704138
cohen_obs / by_cre	eboxDouble_gcagctgg_to_gcaagtgg	160984.0	-6191.4726427278	-6204.38524038405	7	5	2	25.8251953125	2.4667781382769327e-06	12396.9452854556	12418.7704807681	21.8251953125	12466.868707276624	12468.715782068832	1.8470747922074224
cohen_obs / by_cre	eboxDouble_gcagctgg_to_gcaattgg	632523.0	-15518.75578067069	-15536.85831973319	7	5	2	36.205078125	1.374570998647362e-08	31051.51156134138	31083.71663946638	32.205078125	31131.013864379292	31140.503998779175	9.490134399882663
cohen_obs / by_cre	eboxDouble_gcagctgg_to_gcacatgg	21387759.0	-157188.28642233156	-157193.88017233156	7	5	2	11.1875	0.0037210477393135196	314390.5728446631	314397.7603446631	7.1875	314494.72114981205	314472.1519911981	-22.56915861397283
cohen_obs / by_cre	eboxDouble_gcagctgg_to_gcacgtgg	18943387.0	-130294.22278445547	-130296.66809695547	7	5	2	4.890625	0.08669903721880783	260602.44556891095	260603.33619391095	0.890625	260705.74432711423	260677.121021199	-28.623305915214587
cohen_obs / by_cre	eboxDouble_gcagctgg_to_gcacttgg	3766760.0	-45019.43987344746	-45032.82659219746	7	5	2	26.7734375	1.5354013427886696e-06	90052.87974689492	90075.65318439492	22.7734375	90144.8718273092	90141.36181326227	-3.5100140469294274
cohen_obs / by_cre	eboxDouble_gcagctgg_to_gcatatgg	6147816.0	-69233.20051903841	-69243.60676903841	7	5	2	20.8125	3.0242873137666385e-05	138480.40103807682	138497.21353807682	16.8125	138575.82229026014	138565.3715753506	-10.450714909529779
cohen_obs / by_cre	eboxDouble_gcagctgg_to_gcatgtgg	105599369.0	-327367.81930031744	-327387.38180031744	7	5	2	39.125	3.1923771805723374e-09	654749.6386006349	654784.7636006349	35.125	654864.9647413117	654867.1394154041	2.1746740923263133
cohen_obs / by_cre	eboxDouble_gcagctgg_to_gcatttgg	371347.0	-10446.306002611416	-10469.487643236416	7	5	2	46.36328125	8.557391376168418e-11	20906.612005222833	20948.975286472833	42.36328125	20982.386250723863	21003.099747544995	20.71349682113214
cohen_obs / by_cre	ebox_gcagctgg_to_acagctgg	20272946.0	-159660.5958517342	-159666.4552267342	7	5	2	11.71875	0.0028530262669808756	319335.1917034684	319342.9104534684	7.71875	319438.965288389	319417.0344426974	-21.93084569158964
cohen_obs / by_cre	ebox_gcagctgg_to_ccagctgg	20629144.0	-152853.78955789006	-152858.11768289006	7	5	2	8.65625	0.013192259802176308	305721.5791157801	305726.2353657801	4.65625	305825.47462351865	305800.4464427362	-25.028180782450363
cohen_obs / by_cre	ebox_gcagctgg_to_gaagctgg	2010826.0	-31725.665763122634	-31727.222403747634	7	5	2	3.11328125	0.21084318412869668	63465.33152624527	63464.44480749527	-0.88671875	63552.92991923152	63527.01508819974	-25.91483103178325
cohen_obs / by_cre	ebox_gcagctgg_to_gcaactgg	31431694.0	-211810.33099832459	-211839.58099832459	7	5	2	58.5	1.9810087980489764e-13	423634.66199664917	423689.16199664917	54.5	423741.5052877833	423765.4786331735	23.97334539022995
cohen_obs / by_cre	ebox_gcagctgg_to_gcacctgg	6760598.0	-73426.02517076823	-73447.00954576823	7	5	2	41.96875	7.701968379871596e-10	146866.05034153647	146904.01909153647	37.96875	146962.13669487598	146972.6522010647	10.51550618870533
cohen_obs / by_cre	ebox_gcagctgg_to_gcagatgg	9795266.0	-94054.93492189763	-94155.93492189763	7	5	2	202.0	1.3685394711738522e-44	188123.86984379526	188321.86984379526	198.0	188222.5517121552	188392.35689262376	169.8051804685674
cohen_obs / by_cre	ebox_gcagctgg_to_gcagcagg	17331006.0	-134214.45438420502	-134219.42313420502	7	5	2	9.9375	0.006951832396384794	268442.90876841004	268448.84626841004	5.9375	268545.5848223775	268522.1863069582	-23.398515419277828
cohen_obs / by_cre	ebox_gcagctgg_to_gcagccgg	9140808.0	-86348.16703042564	-86358.99515542564	7	5	2	21.65625	1.9833760430534427e-05	172710.33406085128	172727.99031085128	17.65625	172808.53187624633	172798.131607562	-10.40026868431596
cohen_obs / by_cre	ebox_gcagctgg_to_gcagcggg	128663289.0	-475630.0292294927	-475700.2479794927	7	5	2	140.4375	3.194363603368817e-31	951274.0584589854	951410.4959589854	136.4375	951390.7674246953	951493.859505921	103.09208122570999
cohen_obs / by_cre	ebox_gcagctgg_to_gcagctag	16731552.0	-119048.99898817348	-119049.16305067348	7	5	2	0.328125	0.8486889771615039	238111.99797634696	238108.32610134696	-3.671875	238214.42762419998	238181.49013552768	-32.93748867229442
cohen_obs / by_cre	ebox_gcagctgg_to_gcagctcg	9319615.0	-81050.721291961	-81072.408791961	7	5	2	43.375	3.8127508250269533e-10	162115.442583922	162154.817583922	39.375	162213.77600705958	162225.05574330597	11.279736246389803
cohen_obs / by_cre	ebox_gcagctgg_to_gcagctga	568.0	-164.2749481201172	-163.94305419921875	5	3	2	-0.663787841796875	1.0	338.5498962402344	333.8861083984375	-4.663787841796875	360.2605033338401	346.91247265460095	-13.348030679239173
cohen_obs / by_cre	ebox_gcagctgg_to_gcagctgc	10519.0	-1412.6895102562698	-1467.1349448265823	6	4	2	108.890869140625	2.2628105832709836e-24	2837.3790205125397	2942.2698896531647	104.890869140625	2880.9446510609755	2971.3136433521217	90.36899229114624
cohen_obs / by_cre	ebox_gcagctgg_to_gcagctgt	4320.0	-821.7290786976365	-856.658644127324	7	5	2	69.859130859375	6.765228637825224e-16	1657.458157395273	1723.317288254648	65.859130859375	1702.0552321639402	1755.1723416608388	53.11710949689859
cohen_obs / by_cre	ebox_gcagctgg_to_gcagcttg	37312.0	-3577.9060329834647	-3603.4929470459647	7	5	2	51.173828125	7.722259892812365e-12	7169.812065966929	7216.985894091929	47.173828125	7229.501557854901	7259.62124544048	30.119687585579413
cohen_obs / by_cre	ebox_gcagctgg_to_gcaggtgg	2269391.0	-34892.159022030486	-34957.338709530486	7	5	2	130.359375	4.929710167769432e-29	69798.31804406097	69924.67741906097	126.359375	69886.76319856165	69987.8525294186	101.08933085695026
cohen_obs / by_cre	ebox_gcagctgg_to_gcagttgg	17555605.0	-137392.98941862112	-137394.36441862112	7	5	2	2.75	0.25283959580474646	274799.97883724223	274798.72883724223	-1.25	274902.745024053	274872.1332563928	-30.61176766018616
cohen_obs / by_cre	ebox_gcagctgg_to_gcatctgg	21304610.0	-152283.46568469296	-152282.91880969296	7	5	2	-1.09375	1.0	304580.9313693859	304575.8376193859	-5.09375	304685.05240766023	304650.20978958183	-34.84261807840085
cohen_obs / by_cre	ebox_gcagctgg_to_gccgctgg	792160.0	-15592.777974973344	-15629.935201535844	7	5	2	74.314453125	7.29157825445523e-17	31199.555949946687	31269.870403071687	70.314453125	31280.633580640853	31327.782996424663	47.14941578380967
cohen_obs / by_cre	ebox_gcagctgg_to_gcggctgg	18686919.0	-141695.84680122675	-141695.54992622675	7	5	2	-0.59375	1.0	283405.6936024535	283401.0998524535	-4.59375	283508.8969426818	283474.8165240452	-34.08041863661492
cohen_obs / by_cre	ebox_gcagctgg_to_gctgctgg	276139.0	-9665.011500021988	-9666.232203146988	7	5	2	2.44140625	0.29502265617444284	19344.023000043977	19342.464406293977	-1.55859375	19417.723617531763	19395.107704499536	-22.615913032226672
cohen_obs / by_cre	ebox_gcagctgg_to_ggagctgg	10138894.0	-85984.14221877593	-86003.63440627593	7	5	2	38.984375	3.4249207643369136e-09	171982.28443755186	172017.26881255186	34.984375	172081.20766389227	172087.92825993785	6.720596045575803
cohen_obs / by_cre	ebox_gcagctgg_to_gtagctgg	1264754.0	-23285.913765652193	-23302.046578152193	7	5	2	32.265625	9.853909144869525e-08	46585.827531304385	46614.093156304385	28.265625	46670.18024866819	46674.345097278536	4.164848610344052
cohen_obs / by_cre	ebox_gcagctgg_to_tcagctgg	4011842.0	-52020.919851769235	-52022.185476769235	7	5	2	2.53125	0.28206295169381546	104055.83970353847	104054.37095353847	-1.46875	104148.27303085651	104120.39475876564	-27.878272090863902
cohen_obs / by_cre	reference	37801821.0	-249817.16972694753	-249818.66972694753	7	5	2	3.0	0.22313016014842982	499648.33945389505	499647.33945389505	-1.0	499756.4745287333	499724.5787930652	-31.895735668076668
cohen_obs / by_cre	swap_crx1_to_gggataag_reverse	9115032.0	-83154.18830880742	-83307.96955880742	7	5	2	307.5625	1.635504354695897e-67	166322.37661761485	166625.93911761485	303.5625	166420.55466595234	166696.06629499877	275.5116290464357
cohen_obs / by_cre	swap_crx1_to_gggattag_reverse	19165648.0	-148700.75320766712	-148706.22195766712	7	5	2	10.9375	0.004216499489590925	297415.50641533424	297422.44391533424	6.9375	297518.88682580926	297496.28706567356	-22.59976013569394
cohen_obs / by_cre	swap_crx1_to_gggcttag_reverse	1016159466.0	-2382588.4213505383	-2382626.4213505383	7	5	2	76.0	3.139132792048018e-17	4765190.8427010765	4765262.8427010765	72.0	4765322.017773977	4765356.5391817195	34.52140774298459
cohen_obs / by_cre	swap_crx2_to_gggataag_reverse	16831628.0	-128657.05624501905	-128715.77499501905	7	5	2	117.4375	3.153340659952629e-26	257328.1124900381	257441.5499900381	113.4375	257430.5838820927	257514.74384150567	84.15995941296569
cohen_obs / by_cre	swap_crx2_to_gggattag_reverse	115398676.0	-505774.67112754425	-505812.60862754425	7	5	2	75.875	3.341589462942467e-17	1011563.3422550885	1011635.2172550885	71.875	1011679.2895791604	1011718.0367722827	38.747193122282624
cohen_obs / by_cre	swap_crx2_to_gggcttag_reverse	78120101.0	-387541.093590934	-387572.562340934	7	5	2	62.9375	2.1542471279103645e-14	775096.187181868	775155.124681868	58.9375	775209.403487566	775235.9934716523	26.58998408622574
cohen_obs / by_cre	swap_crx3_to_ctaagccc_forward	26020451.0	-165654.90312235247	-165670.65312235247	7	5	2	31.5	1.4449802461092456e-07	331323.80624470493	331351.30624470493	27.5	331429.32699825097	331426.6782115235	-2.6487867274554446
cohen_obs / by_cre	swap_crx3_to_ctaatccc_forward	490399726.0	-1301584.8840750505	-1301641.8840750505	7	5	2	114.0	1.7587922024243102e-25	2603183.768150101	2603293.768150101	110.0	2603309.8432697877	2603383.8218070203	73.97853723261505
cohen_obs / by_cre	swap_crx3_to_cttatccc_forward	7563315.0	-74764.9123903258	-74771.3655153258	7	5	2	12.90625	0.0015755907463196436	149543.8247806516	149552.7310306516	8.90625	149640.69652166037	149621.92513137215	-18.77139028822421
cohen_obs / by_cre	swap_crx4_to_ctaagccc_forward	68446762.0	-345416.1631756986	-345421.6006756986	7	5	2	10.875	0.004350345551108769	690846.3263513972	690853.2013513972	6.875	690958.6173190251	690933.4091854171	-25.208133607986383
cohen_obs / by_cre	swap_crx4_to_ctaatccc_forward	261796992.0	-884407.7160709539	-884424.0285709539	7	5	2	32.625	8.233249263085089e-08	1768829.4321419077	1768858.0571419077	28.625	1768951.1137013596	1768944.9725415162	-6.14115984342061
cohen_obs / by_cre	swap_crx4_to_cttatccc_forward	9514227.0	-90079.31491278841	-90083.36960028841	7	5	2	8.109375	0.017340898367570662	180172.62982557682	180176.73920057682	4.109375	180271.10791728366	180247.08069465315	-24.02722263050964
cohen_obs / by_cre	swap_crx5_to_ctaagccc_forward	18886091.0	-145301.7732982803	-145351.9607982803	7	5	2	100.375	1.5989897856481132e-22	290617.5465965606	290713.9215965606	96.375	290720.82415054285	290787.6912779765	66.86712743365206
cohen_obs / by_cre	swap_crx5_to_ctaatccc_forward	96231800.0	-442016.0252881409	-442019.3377881409	7	5	2	6.625	0.03642499733736424	884046.0505762819	884048.6755762819	2.625	884160.7264692383	884130.5869283936	-30.139540844713338
cohen_obs / by_cre	swap_crx5_to_cttatccc_forward	31271948.0	-201828.5140053327	-201843.8733803327	7	5	2	30.71875	2.1355423680119376e-07	403671.0280106654	403697.7467606654	26.71875	403777.83563483076	403774.0379207835	-3.797714047250338
cohen_obs / by_cre	tail_conserve1_159_to_164	148987820.0	-598472.346265968	-598601.158765968	7	5	2	257.625	1.1414109900754133e-56	1196958.692531936	1197212.317531936	253.625	1197076.4281577454	1197296.414407514	219.98624976864085
cohen_obs / by_cre	tail_conserve1_164_to_169	16146165.0	-128534.51633649324	-128548.80539899324	7	5	2	28.578125	6.227862343953655e-07	257083.03267298648	257107.61079798648	24.578125	257185.21302481342	257180.59676357714	-4.616261236282298
cohen_obs / by_cre	tail_conserve1_169_to_174	321323332.0	-1029605.8791906489	-1029719.5041906489	7	5	2	227.25	4.5007977088630865e-50	2059225.7583812978	2059449.0083812978	223.25	2059348.8740903705	2059536.9481734924	188.07408312195912
cohen_obs / by_cre	tail_conserve2_173_to_178	4361525.0	-53897.55957834077	-53903.77051584077	7	5	2	12.421875	0.0020073546866373154	107809.11915668154	107817.54103168154	8.421875	107902.13748295522	107883.9826933056	-18.154789649619488
cohen_obs / by_cre	tail_conserve2_178_to_183	4678778.0	-57751.95583525974	-57752.21364775974	7	5	2	0.515625	0.7727401072945725	115517.91167051948	115514.42729551948	-3.484375	115611.42150317828	115581.22003313291	-30.201470045372844
cohen_obs / by_cre	tail_conserve2_183_to_188	8970744.0	-81055.87329179805	-81058.17016679805	7	5	2	4.59375	0.10057264266491436	162125.7465835961	162126.3403335961	0.59375	162223.81293781227	162196.3877294648	-27.425208347471198
cohen_obs / by_cre	tail_conserve2_188_to_193	23598622.0	-144376.13357872667	-144383.08670372667	7	5	2	13.90625	0.0009556440948023744	288766.26715745335	288776.17340745335	9.90625	288871.1040496026	288851.0569018457	-20.04714775690809
cohen_obs / by_cre	tail_conserve2_193_to_198	6997884.0	-74600.29889493293	-74609.85358243293	7	5	2	19.109375	7.086828816589596e-05	149214.59778986586	149229.70716486586	15.109375	149310.92561849512	149298.5127567439	-12.41286175121786
cohen_obs / by_cre	tail_conserve3_200_to_205	543784.0	-14077.530859600334	-14081.502539287834	7	5	2	7.943359375	0.018841758274812926	28169.06171920067	28173.00507857567	3.943359375	28247.50587091783	28229.0366155165	-18.469255401330884
cohen_obs / by_cre	tail_conserve3_205_to_210	6293446.0	-44415.97370210586	-44416.03229585586	7	5	2	0.1171875	0.9430898215843259	88845.94740421172	88842.06459171172	-3.8828125	88941.53253953849	88910.3396883737	-31.19285116478568
cohen_obs / by_cre	tail_conserve3_210_to_215	61971105.0	-332282.1889045391	-332338.4701545391	7	5	2	112.5625	3.608807281624196e-25	664578.3778090782	664686.9403090782	108.5625	664689.9730605801	664766.6512030081	76.67814242804889
cohen_obs / by_cre	tail_conserve3_215_to_220	239815956.0	-851519.4603004907	-851547.4603004907	7	5	2	56.0	6.914400106940193e-13	1703052.9206009815	1703104.9206009815	52.0	1703173.9882773412	1703191.397512667	17.40923532587476
cohen_obs / by_cre	tail_conserve3_220_to_225	58012914.0	-313862.94957330555	-313900.13707330555	7	5	2	74.375	7.074144948561962e-17	627739.8991466111	627810.2741466111	70.375	627851.0323800034	627889.6550276056	38.62264760222752
cohen_obs / by_cre	tail_conserve3_225_to_230	6173459.0	-70508.78064741055	-70555.78064741055	7	5	2	94.0	3.873997628687176e-21	141031.5612948211	141121.5612948211	90.0	141127.01168380384	141189.74014409448	62.72846029064385
cohen_obs / by_cre	tail_conserve3_230_to_235	13442967.0	-119817.60030329935	-119821.89717829935	7	5	2	8.59375	0.01361102708091082	239649.2006065987	239653.7943565987	4.59375	239750.09837299207	239725.8641897368	-24.234183255262906
cohen_obs / by_cre	tail_conserve3_235_to_240	56489122.0	-323830.00679386035	-323833.00679386035	7	5	2	6.0	0.04978706836786395	647674.0135877207	647676.0135877207	2.0	647784.960498247	647755.2613809537	-29.69911729323212
cohen_obs / by_cre	tail_conserve3_240_to_245	517447785.0	-1533567.2825433395	-1533655.5325433395	7	5	2	176.5	4.715328697324054e-39	3067148.565086679	3067321.065086679	172.5	3067275.0160209355	3067411.3871825766	136.37116164108738
cohen_obs / by_cre	tail_conserve3_245_to_250	93228303.0	-462852.96779074986	-462886.90529074986	7	5	2	67.875	1.8244460284690693e-15	925719.9355814997	925783.8105814997	63.875	925834.3895148964	925865.5633910687	31.17387617228087
cohen_obs / by_cre	tail_conserve3_250_to_255	3259019.0	-46125.53025687666	-46131.29197562666	7	5	2	11.5234375	0.0031457002770710514	92265.06051375331	92272.58395125331	7.5234375	92356.039071268	92337.56863519238	-18.470436075614998
cohen_obs / by_cre	tail_conserve4_423_to_428	2773422.0	-39074.422607066896	-39080.121825816896	7	5	2	11.3984375	0.003348580514358509	78162.84521413379	78170.24365163379	7.3984375	78252.6943615972	78234.42161410765	-18.272747489550966
cohen_obs / by_cre	tail_conserve4_428_to_433	62244244.0	-305763.38724448736	-305788.76224448736	7	5	2	50.75	9.545034922840633e-12	611540.7744889747	611587.5244889747	46.75	611652.4005253369	611667.2573720906	14.856846753740683
cohen_obs / by_cre	tail_conserve4_433_to_438	559122.0	-15719.428342942705	-15725.355100755205	7	5	2	11.853515625	0.0026671152736509056	31452.85668588541	31460.71020151041	7.853515625	31531.49554671177	31516.880816386383	-14.614730325385608
cohen_obs / by_cre	tail_conserve5_443_to_448	909160507.0	-2083361.0577398622	-2083375.0577398622	7	5	2	28.0	8.31528719103568e-07	4166736.1154797245	4166760.1154797245	24.0	4166866.5117052076	4166853.255640784	-13.256064423825592
cohen_obs / by_cre	tail_conserve5_448_to_453	29726668.0	-193407.21286221693	-193415.41598721693	7	5	2	16.40625	0.00027379661725199445	386828.42572443385	386840.83197443385	12.40625	386934.8786102273	386916.8697500006	-18.00886022672057
cohen_obs / by_cre	tail_conserve5_453_to_458	16035928.0	-131379.70947929018	-131415.32666679018	7	5	2	71.234375	3.401355361436853e-16	262773.41895858035	262840.65333358035	67.234375	262875.5513544202	262913.60504489456	38.053690474363975
cohen_obs / by_cre	tail_conserve5_458_to_463	40255191.0	-247204.95915987497	-247204.86540987497	7	5	2	-0.1875	1.0	494423.91831974994	494419.73081974994	-4.1875	494532.4935664071	494497.2845673622	-35.20899904490216
cohen_obs / by_cre	tail_conserve5_463_to_468	64531696.0	-327283.14772917784	-327307.27272917784	7	5	2	48.25	3.3315445421664114e-11	654580.2954583557	654624.5454583557	44.25	654692.1741278591	654704.4587937152	12.284665856161155
cohen_obs / by_cre	tail_conserve5_468_to_473	14063257.0	-119533.12309216055	-119539.24027966055	7	5	2	12.234375	0.0022046478236610353	239080.2461843211	239088.4805593211	8.234375	239181.45971679423	239160.77593965904	-20.683777135185665
cohen_obs / by_cre	tail_conserve5_473_to_478	27373008.0	-185904.97399288422	-185927.52086788422	7	5	2	45.09375	1.6144202758987816e-10	371823.94798576843	371865.04173576843	41.09375	371929.82346160273	371940.66707565007	10.843614047334995
cohen_obs / by_cre	tail_conserve6_478_to_483	20506507.0	-148484.15575778912	-148490.48388278912	7	5	2	12.65625	0.0017853782168585105	296982.31151557824	296990.96776557824	8.65625	297086.1652852369	297065.1490296201	-21.016255616792478
cohen_obs / by_cre	tail_conserve6_483_to_488	573586250.0	-1450118.2944480872	-1450119.5444480872	7	5	2	2.5	0.2865047968601901	2900250.5888961744	2900249.0888961744	-1.5	2900377.760828303	2900339.925990552	-37.834837750997394
cohen_obs / by_cre	tail_conserve6_488_to_493	34747999.0	-197866.43015019697	-197869.66452519697	7	5	2	6.46875	0.03938481275733556	395746.86030039395	395749.32905039395	2.46875	395854.405728213	395826.1472131219	-28.258515091147274
cohen_obs / by_cre	tail_conserve6_493_to_498	82766336.0	-416788.33937031915	-416853.62062031915	7	5	2	130.5625	4.4536219961182266e-29	833590.6787406383	833717.2412406383	126.5625	833704.2994644047	833798.3989004715	94.0994360668119
cohen_obs / by_cre	tail_conserve6_498_to_503	52644528.0	-284967.24529203644	-284970.21404203644	7	5	2	5.9375	0.051367479567250726	569948.4905840729	569950.4280840729	1.9375	570058.9440940896	570029.3234483704	-29.62064571911469
cohen_obs / by_cre	tail_conserve6_503_to_508	7178266.0	-75997.57334082744	-76025.01084082744	7	5	2	54.875	1.2135150107772189e-12	152009.14668165488	152060.02168165488	50.875	152105.65266050864	152128.95452369328	23.301863184635295
cohen_obs / by_cell_type	Bipolar	336037877.0	-1661714.2260608757	-1661762.1010608757	116	114	2	95.75	1.614922475724288e-21	3323660.4521217514	3323752.2021217514	91.75	3325705.8493168773	3325762.333847996	56.484531118534505
cohen_obs / by_cell_type	Interneuron	366686474.0	-413185.85222529445	-416004.28972529445	115	113	2	5636.875	0.0	826601.7044505889	832234.5794505889	5632.875	828639.5064914506	834236.9414559574	5597.4349645067705
cohen_obs / by_cell_type	Mueller Glia	304551640.0	-923418.4632894333	-924089.5882894333	117	115	2	1342.25	3.4207066558951193e-292	1847070.9265788666	1848409.1765788666	1338.25	1849122.4456716331	1850425.6269691926	1303.181297559524
cohen_obs / by_cell_type	reference	6497614764.0	-25739830.620343108	-25740392.620343108	117	115	2	1124.0	8.443085172179543e-245	51479895.240686215	51481015.240686215	1120.0	51482304.82070171	51483383.631299734	1078.8105980232358
cohen_cm / by_cre	combo_Mute_crx1	311248116.0	-253480.64538094754	-253479.86413094754	7	5	2	-1.5625	1.0	506975.29076189507	506969.72826189507	-5.5625	507098.18346856406	507057.50876665866	-40.67470190540189
cohen_cm / by_cre	combo_Mute_crx2	42571436.0	-31366.452386045847	-31365.887932920847	7	5	2	-1.12890625	1.0	62746.90477209169	62741.77586584169	-5.12890625	62855.87163058107	62819.60933619125	-36.262294389816816
cohen_cm / by_cre	combo_Mute_crx2_crx1	6363756.0	-5896.347031316562	-5910.274277410312	7	5	2	27.8544921875	8.942807314805187e-07	11806.694062633123	11830.548554820623	23.8544921875	11902.356967922393	11898.879201455817	-3.477766466576213
cohen_cm / by_cre	combo_Mute_crx3	50981368.0	-41715.8951455809	-41720.0592080809	7	5	2	8.328125	0.015544280834539277	83445.7902911618	83450.1184161618	4.328125	83556.01908669603	83528.85327011482	-27.165816581211402
cohen_cm / by_cre	combo_Mute_crx3_crx1	134005856.0	-111650.96271553423	-111649.60334053423	7	5	2	-2.71875	1.0	223315.92543106846	223309.20668106846	-6.71875	223432.91918947763	223392.77365136074	-40.14553811689257
cohen_cm / by_cre	combo_Mute_crx3_crx2	23199872.0	-19128.772658133967	-19130.874220633967	7	5	2	4.203125	0.12226523948895597	38271.54531626793	38271.74844126793	0.203125	38376.26291750359	38346.546727864836	-29.716189638755168
cohen_cm / by_cre	combo_Mute_crx4	72815324.0	-62868.4086983835	-62877.9907296335	7	5	2	19.1640625	6.895673700094588e-05	125750.817396767	125765.981459267	15.1640625	125863.54145566565	125846.49864419461	-17.042811471037567
cohen_cm / by_cre	combo_Mute_crx4_crx1	56212300.0	-48653.66358185661	-48660.87842560661	7	5	2	14.4296875	0.0007355855200287278	97321.32716371321	97331.75685121321	10.4296875	97432.2396867781	97410.98008197384	-21.25960480426147
cohen_cm / by_cre	combo_Mute_crx4_crx2	13819228.0	-10778.256731426518	-10781.462786114018	7	5	2	6.412109375	0.04051614722153824	21570.513462853036	21572.925572228036	2.412109375	21671.604463448744	21645.1334297964	-26.471033652345795
cohen_cm / by_cre	combo_Mute_crx4_crx3	6773380.0	-5988.299217487912	-5995.094627644162	7	5	2	13.5908203125	0.001118898951479971	11990.598434975824	12000.189255288324	9.5908203125	12086.69801044805	12068.831809197056	-17.86620125099398
cohen_cm / by_cre	combo_Mute_crx5	76856148.0	-63999.13829608905	-64019.90001483905	7	5	2	41.5234375	9.62277014359273e-10	128012.2765921781	128049.8000296781	37.5234375	128125.37871435133	128130.58725980185	5.208545450514066
cohen_cm / by_cre	combo_Mute_crx5_crx1	87499236.0	-75765.5708094393	-75825.7895594393	7	5	2	120.4375	7.036054064577891e-27	151545.1416188786	151661.5791188786	116.4375	151659.15160321764	151743.0148219779	83.86321876026341
cohen_cm / by_cre	combo_Mute_crx5_crx2	21312816.0	-16406.851480879235	-16416.430582441735	7	5	2	19.158203125	6.915905491079506e-05	32827.70296175847	32842.86116488347	15.158203125	32931.82669573761	32917.23526058286	-14.591435154754436
cohen_cm / by_cre	combo_Mute_crx5_crx3	9462492.0	-7953.63545722674	-7966.95284003924	7	5	2	26.634765625	1.6456373326822356e-06	15921.27091445348	15943.90568007848	22.634765625	16019.710838772475	16014.219911734905	-5.490927037570145
cohen_cm / by_cre	combo_Mute_crx5_crx4	55423108.0	-46551.83041627574	-46567.61947877574	7	5	2	31.578125	1.3896239221887547e-07	93117.66083255148	93145.23895755148	27.578125	93228.47438278813	93224.3914934348	-4.082889353332575
cohen_cm / by_cre	combo_Q50_crx1	531309180.0	-438979.6320331838	-438997.0382831838	7	5	2	34.8125	2.7577930600791107e-08	877973.2640663676	878004.0765663676	30.8125	878099.9000490551	878094.5308397159	-5.369209339260124
cohen_cm / by_cre	combo_Q50_crx2	38863908.0	-29664.70549123903	-29662.60197561403	7	5	2	-4.20703125	1.0	59343.41098247806	59335.20395122806	-8.20703125	59451.740018419005	59412.58183404302	-39.158184375985
cohen_cm / by_cre	combo_Q50_crx2_crx1	67608168.0	-55293.93433445545	-55298.60620945545	7	5	2	9.34375	0.009354712986043588	110601.8686689109	110607.2124189109	5.34375	110714.07334444571	110687.35861572149	-26.714728724226006
cohen_cm / by_cre	combo_Q50_crx3	178263072.0	-151870.49333528517	-151895.97771028517	7	5	2	50.96875	8.556114006964515e-12	303754.98667057033	303801.95542057033	46.96875	303873.97806721873	303886.9492753192	12.97120810043998
cohen_cm / by_cre	combo_Q50_crx3_crx1	230522288.0	-195590.94641516163	-195587.91516516163	7	5	2	-6.0625	1.0	391195.89283032325	391185.83033032325	-10.0625	391316.68383709237	391272.1096208726	-44.57421621977119
cohen_cm / by_cre	combo_Q50_crx3_crx2	8739948.0	-6731.999345233226	-6733.231767108226	7	5	2	2.46484375	0.29158553812059984	13477.998690466453	13476.463534216453	-1.53515625	13575.882594052155	13546.38060820624	-29.501985845914533
cohen_cm / by_cre	combo_Q50_crx4	113527068.0	-102174.74348965408	-102182.21223965408	7	5	2	14.9375	0.0005706411526908207	204363.48697930816	204374.42447930816	10.9375	204479.3198422654	204457.16223856332	-22.157603702071356
cohen_cm / by_cre	combo_Q50_crx4_crx1	36703148.0	-32353.10832397845	-32360.59660522845	7	5	2	14.9765625	0.0005596039536847486	64720.2166479569	64731.1932104569	10.9765625	64828.14525955829	64808.285075886466	-19.860183671822597
cohen_cm / by_cre	combo_Q50_crx4_crx2	31821372.0	-22003.905748208505	-22007.626451333505	7	5	2	7.44140625	0.024216934326098106	44021.81149641701	44025.25290266701	3.44140625	44128.74103729937	44101.63114615441	-27.109891144958965
cohen_cm / by_cre	combo_Q50_crx4_crx3	276245220.0	-220327.8573333331	-220343.7792083331	7	5	2	31.84375	1.2167953627784078e-07	440669.7146666662	440697.5584166662	27.84375	440791.77226321853	440784.7424142036	-7.029849014943466
cohen_cm / by_cre	combo_Q50_crx5	324693672.0	-273466.6266765459	-273483.6266765459	7	5	2	34.0	4.139937718785163e-08	546947.2533530918	546977.2533530918	30.0	547070.4421023286	547065.2453168324	-5.196785496198572
cohen_cm / by_cre	combo_Q50_crx5_crx1	783185768.0	-603702.2822112034	-603666.5947112034	7	5	2	-71.375	1.0	1207418.5644224067	1207343.1894224067	-75.375	1207547.9165857485	1207435.5838247938	-112.33276095474139
cohen_cm / by_cre	combo_Q50_crx5_crx2	48330380.0	-36596.328991657094	-36615.700085407094	7	5	2	38.7421875	3.8658133005238664e-09	73206.65798331419	73241.40017081419	34.7421875	73316.512979659	73319.8680253462	3.3550456871889764
cohen_cm / by_cre	combo_Q50_crx5_crx3	216319048.0	-182156.6081154021	-182165.6862404021	7	5	2	18.15625	0.00011413541084880992	364327.2162308042	364341.3724808042	14.15625	364447.56208545365	364427.33380555385	-20.228279899805784
cohen_cm / by_cre	combo_Q50_crx5_crx4	354313504.0	-290972.98022239195	-290966.32397239195	7	5	2	-13.3125	1.0	581959.9604447839	581942.6479447839	-17.3125	582083.7602935698	582031.0764082024	-52.68388536735438
cohen_cm / by_cre	eboxDouble_gcagctgg_to_gcaaatgg	15321820.0	-12882.828439193852	-12908.552072006352	7	5	2	51.447265625	6.735474790903146e-12	25779.656878387705	25827.104144012705	47.447265625	25881.470397986937	25899.828086583588	18.357688596650405
cohen_cm / by_cre	eboxDouble_gcagctgg_to_gcaagtgg	4762004.0	-4971.992000490644	-4976.060359865644	7	5	2	8.13671875	0.017105429093758697	9957.984000981289	9962.120719731289	4.13671875	10051.617255003372	10029.001615461348	-22.615639542023928
cohen_cm / by_cre	eboxDouble_gcagctgg_to_gcaattgg	16073816.0	-12164.191071527655	-12166.883454340155	7	5	2	5.384765625	0.06771938437498723	24342.38214305531	24343.76690868031	1.384765625	24444.531058249733	24416.73041953347	-27.800638716264075
cohen_cm / by_cre	eboxDouble_gcagctgg_to_gcacatgg	119180416.0	-100347.09367604912	-100352.10930104912	7	5	2	10.03125	0.006633484813330927	200708.18735209823	200714.21860209823	6.03125	200824.3603951248	200797.19934711722	-27.161048007576028
cohen_cm / by_cre	eboxDouble_gcagctgg_to_gcacgtgg	99062100.0	-82966.75579543064	-82987.02142043064	7	5	2	40.53125	1.5803413009113536e-09	165947.51159086128	165984.04284086128	36.53125	166062.39039325048	166066.09912828213	3.7087350316578522
cohen_cm / by_cre	eboxDouble_gcagctgg_to_gcacttgg	33885304.0	-30419.056754944424	-30421.630973694424	7	5	2	5.1484375	0.07621334121902747	60852.11350988885	60853.26194738885	1.1484375	60959.48295366508	60929.954407229015	-29.52854643606406
cohen_cm / by_cre	eboxDouble_gcagctgg_to_gcatatgg	57157848.0	-47003.162577117575	-47008.107889617575	7	5	2	9.890625	0.007116690350799189	94020.32515423515	94026.21577923515	5.890625	94131.35444506643	94105.52241554321	-25.832029523226083
cohen_cm / by_cre	eboxDouble_gcagctgg_to_gcatgtgg	252353484.0	-191811.5670192511	-191859.2701442511	7	5	2	95.40625	1.9177678908071313e-21	383637.1340385022	383728.5402885022	91.40625	383758.5584281403	383815.2719953866	56.71356724627549
cohen_cm / by_cre	eboxDouble_gcagctgg_to_gcatttgg	13150472.0	-8424.10058405868	-8424.48632624618	7	5	2	0.771484375	0.6799458016121652	16862.20116811736	16858.97265249236	-3.228515625	16962.94494558372	16930.93249353976	-32.012452043960366
cohen_cm / by_cre	ebox_gcagctgg_to_acagctgg	126650232.0	-103286.94103933434	-103288.24572683434	7	5	2	2.609375	0.2712572897050274	206587.88207866868	206586.49145366868	-1.390625	206704.48065703228	206669.77615249984	-34.70450453244848
cohen_cm / by_cre	ebox_gcagctgg_to_ccagctgg	147619736.0	-100245.72590746905	-100255.36653246905	7	5	2	19.28125	6.50323967952594e-05	200505.4518149381	200520.7330649381	15.28125	200623.1228661556	200604.78381580775	-18.339050347858574
cohen_cm / by_cre	ebox_gcagctgg_to_gaagctgg	29125220.0	-22909.278395690875	-22910.598708190875	7	5	2	2.640625	0.2670518352263433	45832.55679138175	45831.19741638175	-1.359375	45938.86659654604	45907.1329914991	-31.733605046938465
cohen_cm / by_cre	ebox_gcagctgg_to_gcaactgg	153251588.0	-132648.25187880266	-132656.06437880266	7	5	2	15.625	0.0004046451693262645	265310.50375760533	265322.12875760533	11.625	265428.4368980695	265406.36671507976	-22.070182989758905
cohen_cm / by_cre	ebox_gcagctgg_to_gcacctgg	66002512.0	-50136.46897455724	-50187.12131830724	7	5	2	101.3046875	1.004538564094081e-22	100286.93794911448	100384.24263661448	97.3046875	100398.97437263359	100464.26865341385	65.29428078026103
cohen_cm / by_cre	ebox_gcagctgg_to_gcagatgg	82293496.0	-62997.32813389243	-62997.18360264243	7	5	2	-0.2890625	1.0	126008.65626778486	126004.36720528486	-4.2890625	126122.2368862269	126085.49621845775	-36.74066776916152
cohen_cm / by_cre	ebox_gcagctgg_to_gcagcagg	110077764.0	-87087.6797773761	-87099.1172773761	7	5	2	22.875	1.078342850406167e-05	174189.3595547522	174208.2345547522	18.875	174304.9764380883	174290.81804284942	-14.15839523889008
cohen_cm / by_cre	ebox_gcagctgg_to_gcagccgg	75097248.0	-57271.73167563307	-57266.40745688307	7	5	2	-10.6484375	1.0	114557.46335126614	114542.81491376614	-14.6484375	114670.40341256726	114623.48638612409	-46.91702644317411
cohen_cm / by_cre	ebox_gcagctgg_to_gcagcggg	360332472.0	-282231.2200266267	-282243.1262766267	7	5	2	23.8125	6.748097126556155e-06	564476.4400532534	564496.2525532534	19.8125	564600.3578171293	564584.7652417362	-15.592575393151492
cohen_cm / by_cre	ebox_gcagctgg_to_gcagctag	91843032.0	-76649.20972807877	-76669.39722807877	7	5	2	40.375	1.7087563700445763e-09	153312.41945615754	153348.79445615754	36.375	153426.76859668503	153430.47241367717	3.703816992143402
cohen_cm / by_cre	ebox_gcagctgg_to_gcagctcg	61181452.0	-53511.40010044125	-53527.56416294125	7	5	2	32.328125	9.550736232717906e-08	107036.8002008825	107065.1283258825	28.328125	107148.30568329006	107144.77509903075	-3.5305842593079433
cohen_cm / by_cre	ebox_gcagctgg_to_gcagctga	337988.0	-250.54371643066406	-250.68336486816406	7	5	2	0.279296875	0.8696639228844181	515.0874328613281	511.3667297363281	-3.720703125	590.2027925574624	565.0205580907098	-25.182234466752675
cohen_cm / by_cre	ebox_gcagctgg_to_gcagctgc	914680.0	-1667.2318606129043	-1709.2922854175918	7	5	2	84.120849609375	5.412396453753458e-19	3348.4637212258085	3428.5845708351835	80.120849609375	3430.54802812	3487.216218616749	56.66819049674905
cohen_cm / by_cre	ebox_gcagctgg_to_gcagctgt	599708.0	-986.5538587162338	-1004.27559943889	7	5	2	35.4434814453125	2.011619303366874e-08	1987.1077174324676	2018.55119887778	31.4434814453125	2066.2371044759643	2075.072189623135	8.835085147170503
cohen_cm / by_cre	ebox_gcagctgg_to_gcagcttg	5575664.0	-3683.505409243649	-3685.263221743649	7	5	2	3.515625	0.17242162389375282	7381.010818487298	7380.526443487298	-0.484375	7475.748272286799	7448.196053344084	-27.552218942714717
cohen_cm / by_cre	ebox_gcagctgg_to_gcaggtgg	29937616.0	-24087.655519184787	-24100.677003559787	7	5	2	26.04296875	2.2122855860949465e-06	48189.311038369575	48211.354007119575	22.04296875	48295.81342252465	48287.42713865891	-8.386283865736914
cohen_cm / by_cre	ebox_gcagctgg_to_gcagttgg	95529592.0	-89153.1453419188	-89155.1375294188	7	5	2	3.984375	0.1363967310184996	178320.2906838376	178320.2750588376	-0.015625	178434.9153101869	178402.14979194425	-32.76551824263879
cohen_cm / by_cre	ebox_gcagctgg_to_gcatctgg	123581572.0	-97099.201608752	-97095.592233752	7	5	2	-7.21875	1.0	194212.403217504	194201.184467504	-11.21875	194328.83010149017	194284.3465274941	-44.483573996054474
cohen_cm / by_cre	ebox_gcagctgg_to_gccgctgg	16399572.0	-12238.006469651962	-12246.761352464462	7	5	2	17.509765625	0.00015768947411210334	24490.012939303924	24503.522704928924	13.509765625	24592.302299868174	24576.586533903388	-15.715765964785533
cohen_cm / by_cre	ebox_gcagctgg_to_gcggctgg	106270228.0	-91852.5054150544	-91853.6304150544	7	5	2	2.25	0.3246524673583498	183719.0108301088	183717.2608301088	-1.75	183834.38130021057	183799.66830875294	-34.712991457636235
cohen_cm / by_cre	ebox_gcagctgg_to_gctgctgg	7142012.0	-7537.253785460391	-7579.364625304141	7	5	2	84.2216796875	5.146294407362407e-19	15088.507570920781	15168.729250608281	80.2216796875	15184.978106532139	15237.636776044965	52.658669512826236
cohen_cm / by_cre	ebox_gcagctgg_to_ggagctgg	73885248.0	-56892.27347391442	-56893.66409891442	7	5	2	2.78125	0.2489196812036605	113798.54694782884	113797.32819782884	-1.21875	113911.37311404302	113877.91831655326	-33.454797489757766
cohen_cm / by_cre	ebox_gcagctgg_to_gtagctgg	20344916.0	-17024.598331451278	-17025.500675201278	7	5	2	1.8046875	0.4056178779056112	34063.196662902556	34061.001350402556	-2.1953125	34166.99505417697	34135.14305845571	-31.851995721262938
cohen_cm / by_cre	ebox_gcagctgg_to_tcagctgg	42691144.0	-36656.28106565774	-36655.30450315774	7	5	2	-1.953125	1.0	73326.56213131548	73320.60900631548	-5.953125	73435.54864570903	73398.45651659659	-37.09212911243958
cohen_cm / by_cre	reference	187894236.0	-158304.1116178381	-158308.7053678381	7	5	2	9.1875	0.010114856452604551	316622.2232356762	316627.4107356762	5.1875	316741.5829641923	316712.6676846163	-28.915279576031025
cohen_cm / by_cre	swap_crx1_to_gggataag_reverse	66488472.0	-55165.020149251046	-55296.293586751046	7	5	2	262.546875	9.742501319367669e-58	110344.04029850209	110602.58717350209	258.546875	110456.1280724626	110682.64986918817	226.52179672557395
cohen_cm / by_cre	swap_crx1_to_gggattag_reverse	117335576.0	-96970.18738538196	-96970.96863538196	7	5	2	1.5625	0.45783336177161427	193954.3747707639	193951.9372707639	-2.4375	194070.43861067234	194034.84001355566	-35.59859711668105
cohen_cm / by_cre	swap_crx1_to_gggcttag_reverse	1619099952.0	-1336412.5907030145	-1336522.4657030145	7	5	2	219.75	1.913787884442618e-48	2672839.181406029	2673054.931406029	215.75	2672973.617359755	2673150.957087262	177.33972750697285
cohen_cm / by_cre	swap_crx2_to_gggataag_reverse	100603956.0	-83218.42413142948	-83217.97100642948	7	5	2	-0.90625	1.0	166450.84826285896	166445.94201285896	-4.90625	166565.83517783135	166528.0755235535	-37.75965427784831
cohen_cm / by_cre	swap_crx2_to_gggattag_reverse	356670160.0	-302231.45736351	-302232.70736351	7	5	2	2.5	0.2865047968601901	604476.91472702	604475.41472702	-1.5	604600.7609809577	604563.8763369755	-36.88464398216456
cohen_cm / by_cre	swap_crx2_to_gggcttag_reverse	271344180.0	-237751.8803388893	-237787.5209638893	7	5	2	71.28125	3.322563049353195e-16	475517.7606777786	475585.0419277786	67.28125	475639.69296804816	475672.1364208283	32.443452780134976
cohen_cm / by_cre	swap_crx3_to_ctaagccc_forward	122049916.0	-104293.86475096014	-104343.37256346014	7	5	2	99.015625	3.1552241703217876e-22	208601.7295019203	208696.7451269203	95.015625	208718.0690865862	208779.8448302531	61.775743666890776
cohen_cm / by_cre	swap_crx3_to_ctaatccc_forward	895776880.0	-741601.6359321688	-741669.6359321688	7	5	2	136.0	2.937482111710801e-30	1483217.2718643376	1483349.2718643376	132.0	1483347.5642777921	1483442.337873948	94.77359615592286
cohen_cm / by_cre	swap_crx3_to_cttatccc_forward	63826932.0	-50642.8548403241	-50665.0696840741	7	5	2	44.4296875	2.2501731750433014e-10	101299.7096806482	101340.1393681482	40.4296875	101411.51148118453	101419.99779710273	8.48631591819867
cohen_cm / by_cre	swap_crx4_to_ctaagccc_forward	278879360.0	-213472.98399658117	-213486.59337158117	7	5	2	27.21875	1.2289197825685115e-06	426959.96799316234	426983.18674316234	23.21875	427082.0920220762	427070.4181923865	-11.673829689680133
cohen_cm / by_cre	swap_crx4_to_ctaatccc_forward	610234344.0	-511676.5210171875	-511691.4585171875	7	5	2	29.875	3.256313251443086e-07	1023367.042034375	1023392.917034375	25.875	1023494.647509658	1023484.0638024342	-10.583707223762758
cohen_cm / by_cre	swap_crx4_to_cttatccc_forward	67688472.0	-59680.287943458155	-59680.342630958155	7	5	2	0.109375	0.9467809707821289	119374.57588691631	119370.68526191631	-3.890625	119486.78887201544	119450.83739412998	-35.951477885464556
cohen_cm / by_cre	swap_crx5_to_ctaagccc_forward	112802956.0	-93592.74560653891	-93588.02685653891	7	5	2	-9.4375	1.0	187199.49121307782	187186.05371307782	-13.4375	187315.27928479435	187268.7594785896	-46.51980620474205
cohen_cm / by_cre	swap_crx5_to_ctaatccc_forward	324408504.0	-269060.5514381118	-269090.2389381118	7	5	2	59.375	1.2790354113010127e-13	538135.1028762236	538190.4778762236	55.375	538258.2854748846	538278.4654466957	20.17997181112878
cohen_cm / by_cre	swap_crx5_to_cttatccc_forward	157604380.0	-126666.00526781246	-126681.45839281246	7	5	2	30.90625	1.9444334532409225e-07	253346.01053562493	253372.91678562493	26.90625	253464.13972531309	253457.29477825933	-6.8449470537598245
cohen_cm / by_cre	tail_conserve1_159_to_164	428986300.0	-355106.1678248733	-355147.4490748733	7	5	2	82.5625	1.1797253697533338e-18	710226.3356497466	710304.8981497466	78.5625	710351.4741985381	710394.2828274549	42.80862891674042
cohen_cm / by_cre	tail_conserve1_164_to_169	95450772.0	-83402.79461475939	-83403.41961475939	7	5	2	1.25	0.5352614285189903	166819.58922951878	166816.83922951878	-2.75	166934.20807789153	166898.70983549932	-35.4982423922047
cohen_cm / by_cre	tail_conserve1_169_to_174	747568252.0	-598168.1251593339	-598316.8126593339	7	5	2	297.375	2.6658715628291943e-65	1196350.2503186679	1196643.6253186679	293.375	1196479.2766718303	1196735.7869994983	256.51032766792923
cohen_cm / by_cre	tail_conserve2_173_to_178	47653988.0	-37179.193975597336	-37187.686163097336	7	5	2	16.984375	0.000205064191207232	74372.38795119467	74385.37232619467	12.984375	74482.1442893418	74463.76971058547	-18.3745787563239
cohen_cm / by_cre	tail_conserve2_178_to_183	43787588.0	-39782.646876202125	-39789.623438702125	7	5	2	13.953125	0.0009335066231896564	79579.29375240425	79589.24687740425	9.953125	79688.45777909759	79667.22118218521	-21.236596912378445
cohen_cm / by_cre	tail_conserve2_183_to_188	68794596.0	-53902.00204317139	-53929.25985567139	7	5	2	54.515625	1.4523872993556543e-12	107818.00408634279	107868.51971134279	50.515625	107930.33053661593	107948.75289010932	18.422353493384435
cohen_cm / by_cre	tail_conserve2_188_to_193	116879700.0	-92181.0286459928	-92195.1848959928	7	5	2	28.3125	7.11244204407163e-07	184376.0572919856	184400.3697919856	24.3125	184492.0938822963	184483.25307077894	-8.84081151735154
cohen_cm / by_cre	tail_conserve2_193_to_198	61964148.0	-50863.43295566009	-50873.65951816009	7	5	2	20.453125	3.619597981984476e-05	101740.86591132019	101757.31903632019	16.453125	101852.46037694401	101837.02936890864	-15.431008035375271
cohen_cm / by_cre	tail_conserve3_200_to_205	12055700.0	-10985.01999383429	-10985.46921258429	7	5	2	0.8984375	0.6381264932545812	21984.03998766858	21980.93842516858	-3.1015625	22084.175324614305	22052.463665844098	-31.711658770207578
cohen_cm / by_cre	tail_conserve3_205_to_210	32973208.0	-28768.187347314855	-28767.388519189855	7	5	2	-1.59765625	1.0	57550.37469462971	57544.77703837971	-5.59765625	57657.55313600595	57621.33306793417	-36.22006807177968
cohen_cm / by_cre	tail_conserve3_210_to_215	252554472.0	-205072.0993877613	-205067.6306377613	7	5	2	-8.9375	1.0	410158.1987755226	410145.2612755226	-12.9375	410279.6287381213	410231.9969630931	-47.63177502818871
cohen_cm / by_cre	tail_conserve3_215_to_220	606227664.0	-504615.4844725459	-504643.8282225459	7	5	2	56.6875	4.903043863677098e-13	1009244.9689450918	1009297.6564450918	52.6875	1009372.5283081884	1009388.7702758751	16.241967686684802
cohen_cm / by_cre	tail_conserve3_220_to_225	246556164.0	-193918.87300112835	-193904.71675112835	7	5	2	-28.3125	1.0	387851.7460022567	387819.4335022567	-32.3125	387973.00770485605	387906.04900411336	-66.95870074268896
cohen_cm / by_cre	tail_conserve3_225_to_230	54447044.0	-48054.979122140474	-48055.236934640474	7	5	2	0.515625	0.7727401072945725	96123.95824428095	96120.47386928095	-3.484375	96234.64741810368	96199.5375648686	-35.10985323507339
cohen_cm / by_cre	tail_conserve3_230_to_235	100991780.0	-80324.91442336078	-80340.05504836078	7	5	2	30.28125	2.65772541797728e-07	160663.82884672156	160690.11009672156	26.28125	160778.84269451906	160772.26284514833	-6.579849370726151
cohen_cm / by_cre	tail_conserve3_235_to_240	261565372.0	-204423.3988005295	-204434.3363005295	7	5	2	21.875	1.777886794572054e-05	408860.797601059	408878.672601059	17.875	408982.4729646503	408965.5835750528	-16.889389597519767
cohen_cm / by_cre	tail_conserve3_240_to_245	1114034716.0	-880472.8640311233	-880503.3640311233	7	5	2	61.0	5.675685232632728e-14	1760959.7280622467	1761016.7280622467	57.0	1761091.546841236	1761110.8843329535	19.33749171742238
cohen_cm / by_cre	tail_conserve3_245_to_250	344963860.0	-283207.9950778784	-283283.3075778784	7	5	2	150.625	1.9597326655329324e-33	566429.9901557568	566576.6151557568	146.625	566553.602807268	566664.9099068362	111.30709956819192
cohen_cm / by_cre	tail_conserve3_250_to_255	36740576.0	-32568.026101117423	-32581.678444867423	7	5	2	27.3046875	1.177233045158923e-06	65150.052202234845	65173.356889734845	23.3046875	65257.987948442395	65250.453851311664	-7.534097130730515
cohen_cm / by_cre	tail_conserve4_423_to_428	34466724.0	-27137.57799057936	-27137.01353745436	7	5	2	-1.12890625	1.0	54289.15598115872	54284.02707490872	-5.12890625	54396.644515422406	54360.80459938278	-35.83991603962204
cohen_cm / by_cre	tail_conserve4_428_to_433	217114524.0	-186577.95590330532	-186575.06527830532	7	5	2	-5.78125	1.0	373169.91180661065	373160.13055661065	-9.78125	373290.28335533926	373246.11023427395	-44.173121065308806
cohen_cm / by_cre	tail_conserve4_433_to_438	16884040.0	-12370.724920519471	-12373.652654894471	7	5	2	5.85546875	0.05351815295831161	24755.449841038942	24757.305309788942	1.85546875	24857.942996523863	24830.514706563885	-27.42828995997843
cohen_cm / by_cre	tail_conserve5_443_to_448	1423145404.0	-1166092.558431887	-1166116.933431887	7	5	2	48.75	2.5946094982764706e-11	2332199.116863774	2332243.866863774	44.75	2332332.6498110993	2332339.247540435	6.597729335539043
cohen_cm / by_cre	tail_conserve5_448_to_453	156260176.0	-123126.75585632956	-123148.00585632956	7	5	2	42.5	5.905303998944051e-10	246267.51171265912	246306.01171265912	38.5	246385.58094345513	246390.34687751342	4.765934058290441
cohen_cm / by_cre	tail_conserve5_453_to_458	100558304.0	-86214.04992796283	-86215.11242796283	7	5	2	2.125	0.3455907525769745	172442.09985592565	172440.22485592565	-1.875	172557.0835937215	172522.35609720842	-34.72749651307822
cohen_cm / by_cre	tail_conserve5_458_to_463	181172880.0	-154714.81771942385	-154747.56771942385	7	5	2	65.5	5.9821282237671425e-15	309443.6354388477	309505.1354388477	61.5	309562.7401747482	309590.2102502052	27.470075457007624
cohen_cm / by_cre	tail_conserve5_463_to_468	236406980.0	-200731.16120974688	-200728.87995974688	7	5	2	-4.5625	1.0	401476.32241949375	401467.75991949375	-8.5625	401597.2898770788	401554.1652463402	-43.124630738573615
cohen_cm / by_cre	tail_conserve5_468_to_473	85594508.0	-78339.66294833145	-78343.31138583145	7	5	2	7.296875	0.026031771661455445	156693.3258966629	156696.6227716629	3.296875	156807.1818184241	156777.94843006376	-29.233388360356912
cohen_cm / by_cre	tail_conserve5_473_to_478	136559532.0	-117381.55288548168	-117380.63882298168	7	5	2	-1.828125	1.0	234777.10577096336	234771.27764596336	-5.828125	234894.23166942902	234854.93900201027	-39.29266741874744
cohen_cm / by_cre	tail_conserve6_478_to_483	119634844.0	-95853.47860619715	-95871.83016869715	7	5	2	36.703125	1.0715629074909315e-08	191720.9572123943	191753.6603373943	32.703125	191837.1568952582	191836.6601108685	-0.49678438968840055
cohen_cm / by_cre	tail_conserve6_483_to_488	987041144.0	-816873.2949652922	-816880.4199652922	7	5	2	14.25	0.000804733010124613	1633760.5899305844	1633770.8399305844	10.25	1633891.5614865615	1633864.3910419967	-27.17044456489384
cohen_cm / by_cre	tail_conserve6_488_to_493	150919908.0	-123978.23859381049	-124004.64484381049	7	5	2	52.8125	3.403387012559675e-12	247970.47718762097	248019.28968762097	48.8125	248088.30300652524	248103.4509868383	15.14798031304963
cohen_cm / by_cre	tail_conserve6_493_to_498	290626960.0	-254424.38202953077	-254432.71015453077	7	5	2	16.65625	0.0002416246666630251	508862.76405906153	508875.42030906153	12.65625	508985.1769166101	508962.8580644534	-22.31885215669172
cohen_cm / by_cre	tail_conserve6_498_to_503	211830112.0	-175293.70767068653	-175287.28579568653	7	5	2	-12.84375	1.0	350601.41534137307	350584.57159137307	-16.84375	350721.61440744327	350670.4280671375	-51.186340305779595
cohen_cm / by_cre	tail_conserve6_503_to_508	61658260.0	-51246.56494020481	-51249.53759645481	7	5	2	5.9453125	0.05116721674316673	102507.12988040961	102509.07519290961	1.9453125	102618.68970473492	102588.7607817134	-29.92892302152177
cohen_cm / by_cell_type	Bipolar	761386259.0	-984739.3140026684	-984673.2515026684	117	115	2	-132.125	1.0	1969712.6280053367	1969576.5030053367	-136.125	1971871.3542138403	1971698.3279111309	-173.02630270947702
cohen_cm / by_cell_type	Interneuron	1124532796.0	-245433.96654972422	-246753.87279972422	117	115	2	2639.8125	0.0	491101.93309944845	493737.74559944845	2635.8125	493306.2872182348	495904.41845124704	2598.1312330122455
cohen_cm / by_cell_type	Mueller Glia	826862983.0	-551255.9842138208	-551483.1717138208	117	115	2	454.375	2.1563655880447473e-99	1102745.9684276416	1103196.3434276416	450.375	1104914.3469261262	1105327.6556270067	413.3087008805014
cohen_cm / by_cell_type	reference	18370618574.0	-15512748.619942417	-15513656.619942417	117	115	2	1816.0	0.0	31025731.239884835	31027543.239884835	1812.0	31028262.420038648	31030031.15200183	1768.7319631837308
seelig_cm / by_cre	AAAACAAATGACTCACAACAACGATAACTCGCAAGAAAGCGCAGTCGCGGAAGCGCCGCCCACATCCAACCCACAACAAAAAAACCAATAACTCAACACCCACATCCAACAAACCAACCAACGAAAGAGGAAGCGACACCCACAT	51680.0	-1411.6162479542706	-1411.6171024464581	4	3	1	0.001708984375	0.9670249531549395	2831.2324959085413	2829.2342048929163	-1.998291015625	2866.6438004623674	2855.7926833082856	-10.851117154081749
seelig_cm / by_cre	AAAATATCTCTGTAGGCAGATGCTTACAGCTGCTGCCGCAGACATATTTGGAGGTATCTGCCAAGCCCAGTCTCTCTGCCGCAGACAATTCCTGTAACCACACACTTCCTCTGCCAAGAGGGTGGAACCAAGGTCATACTCCCTC	51680.0	-595.2171501260486	-595.2084831338611	4	3	1	-0.017333984375	1.0	1198.4343002520973	1196.4169662677223	-2.017333984375	1233.8456048059231	1222.9754446830916	-10.870160122831521
seelig_cm / by_cre	AAAATTAAACACTCGGGACTTGTCCGGGCATGCTGGCTGACTTGGCTGAACTTTGGCTGTTGGTATGGTGACGTGACATAGCTTTGCAACGTACTGTCTGTAACCTTGGACTTTGCACAAACGTACAAAGCATGCCGGAGGGGAA	51680.0	-13832.673394359948	-13832.603081859948	4	3	1	-0.140625	1.0	27673.346788719897	27671.206163719897	-2.140625	27708.758093273722	27697.764642135266	-10.993451138456294
seelig_cm / by_cre	AAAATTAGCCGGGCGTGGTAGCAGGCGCCTGTAGTCCCAGCTACTCTGGAGGCTGAGGCAGGAAAATGGCGGGAACCCGAGAGGCGGAGCTTGCAGTGAGCCGATATCGCGCCACTGAACTCCAGCCCGGACAACAGAGCGAGAC	51680.0	-1389.8113768379196	-1389.8187010566696	4	3	1	0.0146484375	0.9036666954249821	2787.6227536758392	2785.6374021133392	-1.9853515625	2823.0340582296653	2812.1958805287086	-10.838177700956749
seelig_cm / by_cre	AAACAGGTCGGGGGTTAATCCATACACACGCTGGGGTTTTGCCCAGGCAGGCCGGAATGGTCAACCTTTGGTCTTTGTACCGTCATGTTGACCTCGTCTGGACGGTTGAACTTTGCCCGTGTGCATTGGTACACTCGGTATGTAC	51680.0	-1984.7262483232619	-1984.7272248857619	4	3	1	0.001953125	0.9647496261326771	3977.4524966465237	3975.4544497715237	-1.998046875	4012.86380120035	4002.012928186893	-10.850873013456749
seelig_cm / by_cre	AAACATTCATGTCAGGGCATGTGGGCTTGTAACTTTGAACCCCTGCGCGATCAAACAAAGGTTGAGCGAAAATCCACCCGTGCAAACATGTCCGGGCATGCCTGCTGGCGAACGTGCGAACTCCGACCGGAGAGTTTGGCGCACG	51680.0	-1616.5453189773718	-1616.5506900711218	4	3	1	0.0107421875	0.9174514523131444	3241.0906379547437	3239.1013801422437	-1.9892578125	3276.5019425085698	3265.659858557613	-10.842083950956749
seelig_cm / by_cre	AAACATTCCGGGGGGTAGACATGTCCGGGCATGTTTGCCGGCCGGCAGCAAAGTACAAACATTGCATAATGCCGGGGTTTGTACATGCCCGGGGGCAAACATGCCCGGGCATGTTCAAAGTTCGCAATGTTCAAAGGGACCTTTG	51680.0	-8854.644949106518	-8854.621511606518	4	3	1	-0.046875	1.0	17717.289898213035	17715.243023213035	-2.046875	17752.70120276686	17741.801501628404	-10.899701138456294
seelig_cm / by_cre	AAACCAAATGACTCAACACCCACATCCAACAAAAAACAAATGACTCACAACAACGATAACTCAAAAGAAAGCGCAGTCGCGGAAGCGCCGCCCACATCCAAACCAAAAAACCAAAAAACCACAACCAATCCAACCAAAGATAGAG	51680.0	-962.7480933885157	-962.7565162400782	4	3	1	0.016845703125	0.8967317853366069	1933.4961867770314	1931.5130324801564	-1.983154296875	1968.9074913308573	1958.071510895526	-10.835980435331294
seelig_cm / by_cre	AAACCATATCTTAGTAGCTTATTATTACGACAGAAAACAGAACCGGCGCGTCACTTCCGGGTTCCGCGAATTACATTTTCTAGCAAACGGAGACGCGTCGTCGATAAGCCGATGCTTATTCGTAAATTGCAGTCTCCCTAGCGGA	51680.0	-4376.031114583559	-4376.021837239809	4	3	1	-0.0185546875	1.0	8760.062229167119	8758.043674479619	-2.0185546875	8795.473533720944	8784.602152894988	-10.871380825956294
seelig_cm / by_cre	AAACCGTCCGGCCGGTGGTTTATGTAATGGTTTATGTAACCGGTGATCTAACCGGTGGTCCAATGGTTTGTCCGTTGATCTAAGCGGTAATGTAAGCGTTTGTGCAATGGTTAATGCAACGGGTTATGTAAGCGGTGATGTAATG	51680.0	-10774.474965543644	-10774.416860074894	4	3	1	-0.1162109375	1.0	21556.94993108729	21554.83372014979	-2.1162109375	21592.361235641114	21581.392198565158	-10.969037075956294
seelig_cm / by_cre	AAACTTCCCTTTGTTCAAACATGCCCGAGTTTGTACAAAAGTCCACATTACCGAACAAACATGCCCGAACATGTTTACTCCCGACCTTGTTACCGACCGATTTTGTTTGTTTACATACATGACCAAACTTCTACAATTCTTTGAC	51680.0	-1295.302298661435	-1295.2880164348726	4	3	1	-0.028564453125	1.0	2598.60459732287	2596.576032869745	-2.028564453125	2634.0159018766963	2623.1345112851145	-10.881390591581749
seelig_cm / by_cre	AAAGACCCCCCCACCCTCGGAGCGCATCCGTATATCCGCGGAAGCAGGGCGATATCTCTCGCGGGAGAAATAAGGAAATATGGGGAAGCGCCACCCTATCCGCGGATGTGACTCACCCTATCGCCCGGGAGATAACTCACCCTAA	51680.0	-518.3251108824171	-518.3317331968702	4	3	1	0.01324462890625	0.908377502324901	1044.6502217648342	1042.6634663937405	-1.98675537109375	1080.06152631866	1069.22194480911	-10.839581509550044
seelig_cm / by_cre	AAAGCGGAAGCGCTTTCTTAATTCGCGCGGCGCCACTTCCGCTATCGAACTTCTTATAAGCCGCCGATAAAGGCGGGGCGCCTCCCCGAAATGGGGGGGCGCCATCTCTTTCGGCGATTTAATTCGACGTATGGCTTATCAGCTA	51680.0	-1624.6235798727766	-1624.6323689352766	4	3	1	0.017578125	0.8945235562182204	3257.2471597455533	3255.2647378705533	-1.982421875	3292.6584642993794	3281.8232162859226	-10.835248013456749
seelig_cm / by_cre	AAAGGGTCATTATGTAATTGTGTAATGCCCAGGCAAGTTGGCAAGGTAATTACGTAGGTGGGTAATGCCGGCAAAAGTGCACAGGTTCAAAGTCTCCCGGGCTACTTGGGACATGCCCAGGCAAGTACGCAAGTTCAAACAAACA	51680.0	-11050.537474359975	-11050.484251703725	4	3	1	-0.1064453125	1.0	22109.07494871995	22106.96850340745	-2.1064453125	22144.486253273775	22133.52698182282	-10.959271450956294
seelig_cm / by_cre	AAAGGTCTCCCGGCATGCCCGGACATTCCCTCTGCTCCCCCCTCTCCTGTCCGGAGTTTTGTACAAAGCTCCCTTGTCATGTTCCCTCTGTTCCCCTTCTGTTCAAACATTCCGACCTTTGTACACTCCCATTCCGGTCGGCATG	51680.0	-424.10530471199417	-424.10979079597854	4	3	1	0.00897216796875	0.9245360175590516	856.2106094239883	854.2195815919571	-1.99102783203125	891.6219139778143	880.7780600073265	-10.843853970487771
seelig_cm / by_cre	AAAGTCGACCGGAATTGTTTGTTGGGGGTTTGTACAAAGGTCAAAGGGGTTGGTGGGGGGGTGAGCTGTGTACATGCCCGGGCATGTTTGCTTCGTTCTGACCTGTTAGTTATGTAACCGAGCTTTGAACGTCGCAGGGGGGGAG	51680.0	-17151.526194686176	-17151.40778648305	4	3	1	-0.23681640625	1.0	34311.05238937235	34308.8155729661	-2.23681640625	34346.463693926176	34335.37405138147	-11.089642544706294
seelig_cm / by_cre	AAAGTGGCCAGTTATGTAACGGGTAATGTAAGTGGTTGTCCGGTGATGTAAGCGGTGGTTTGTCCAGTGATCCGACGGTTGGTCCAATGATCTAAGTAACGGGTTATGTAAGCGGCGGGTTATGTAACGGTCCGGTTATGTAATG	51680.0	-12938.553218069912	-12938.45006865585	4	3	1	-0.206298828125	1.0	25885.106436139824	25882.9001373117	-2.206298828125	25920.51774069365	25909.458615727068	-11.059124966581294
seelig_cm / by_cre	AAATACACGGCGCTTCGCTATCTAGGATGCGCTATATCGCGCGACGCTTTAGAAGCACCTTCTTCTTCCGCGTGTGAGCGGCGCGAGGAGTTAACGAGTCATCACGCGTATCTATTCCGCGAAAGTAGCTTACTCAAAAGATAAG	51680.0	-1564.2855150745268	-1564.2768480823393	4	3	1	-0.017333984375	1.0	3136.5710301490535	3134.5536961646785	-2.017333984375	3171.9823347028796	3161.112174580048	-10.870160122831749
seelig_cm / by_cre	AAATTCCTGTCACCCAGCAAACATGCCCGGACATCCACTTTACATAATGTTTGTCCCCTGGCCATTCCCTTTTACATAATGTCCCCATTACATAATGTTTGTTCAAACCAAAGTTCAAACAACTCCCTGTCAGCTAGTTTAAACA	51680.0	-2430.775038121086	-2430.776747105461	4	3	1	0.00341796875	0.9533795178296435	4869.550076242172	4867.553494210922	-1.99658203125	4904.961380795998	4894.111972626291	-10.849408169706294
seelig_cm / by_cre	AACAAAACCAACCCCCCGGGCAGAGGTGCAAAGGTCACACAACAAAGAACAAGGAGCCCCGGGGAACATGCCCGGGCATGTCACCAGAGGTCCAGAGAGCGGTAGACATGACCGGACATGGACCTGTGAACAAGCACAGGCAAAA	51680.0	-4013.126713991607	-4013.125737429107	4	3	1	-0.001953125	1.0	8034.253427983214	8032.251474858214	-2.001953125	8069.66473253704	8058.809953273584	-10.854779263456294
seelig_cm / by_cre	AACAAAGCCAAAAGTGACCTTTGAACTTCGGCTAGGTCGCTGTTTGTTTGTACTGGCAAGCCACTTGTCCGGACATGACCGTGACCAGGCATGCCGGGATTTCTGTACAATGACCTCAACTGTGAGTGTGCCTCCGGCCGTGTAG	51680.0	-1704.9190330606507	-1704.9173240762757	4	3	1	-0.00341796875	1.0	3417.8380661213014	3415.8346481525514	-2.00341796875	3453.2493706751275	3442.3931265679207	-10.856244107206749
seelig_cm / by_cre	AACAACCATTACGTAATTGTGTAAACATGCCCAAACAAACTTCCCCCAGCATGTTACCAAGTTTGAACTTTCAACCTCATGTCAAACCTAATGTTCAAACTTCCGCCCCCCAGCATGTTTGACCTACTGTCAACCATTACGTAAT	51680.0	-1189.9544616611042	-1189.9623962314167	4	3	1	0.015869140625	0.8997534734354865	2387.9089233222085	2385.9247924628335	-1.984130859375	2423.3202278760346	2412.483270878203	-10.836956997831749
seelig_cm / by_cre	AACAAGCCCGGGCATGTCCCCCGAGACATGACCGAACAGAGGGGGAAAGGTGCAAAGGTCACTGAACAAACAACAAACCCCAGAGGTCGACCGGTCGACATGCCCGGACATGTACAAACCCAGGCAAGGGTGCAGAGGTCACAGA	51680.0	-8522.192933610524	-8522.156312516774	4	3	1	-0.0732421875	1.0	17052.385867221048	17050.312625033548	-2.0732421875	17087.797171774873	17076.871103448917	-10.926068325956294
seelig_cm / by_cre	AACACCAATAACTCAAAAGAAAGCGCAGTCGCGGAAGCGCCGCCCACATCCAACCCAAAAAACAACAACAAATGACTCAAACGATAGAGGAAGCGACACCCACAAAAACCGATAACTCACCACCCACATCCAACCCAACACCGAT	51680.0	-751.5643881729543	-751.5627402237355	4	3	1	-0.0032958984375	1.0	1511.1287763459086	1509.125480447471	-2.0032958984375	1546.5400808997344	1535.6839588628404	-10.856122036894021
seelig_cm / by_cre	AACAGGAGCACGGTAGACAAACATAATTGCCTGCGGAAGTTGGACCTTTGTACTTTTGTACCGGGCTTGCCTGGGCAAGTTCCTAGCTTACGTAATCAACCAAGGTCTGTGTAACGAACGTCCGGGGGAAAGTGCTGACGTCAAG	51680.0	-13474.454200325254	-13474.365821419004	4	3	1	-0.1767578125	1.0	26956.908400650507	26954.731642838007	-2.1767578125	26992.319705204332	26981.290121253376	-11.029583950956294
seelig_cm / by_cre	AACAGGTTCAAAGGTCATTGTCCCAGGTTCAAAGGTCAGCGAGGTTCAAAGGTCATATGCAGGTTCAAAGGTCAGAAACGAGGTTCAAAGGTCAGGTGGAGGTACTAGGTTCAAAGGTCAGAGTATGGGAGGTTCAAAGGTCATC	51680.0	-2235.488845679198	-2235.488845679198	4	3	1	0.0	1.0	4478.977691358396	4476.977691358396	-2.0	4514.3889959122225	4503.536169773766	-10.852826138456294
seelig_cm / by_cre	AACCAAGCTAGATCCTGTGAGCAGAGAAGCTGGGGCTGTTTTCAACGTTCTCTCCTGGGCCAGGGCTGAGAGTACATTCCCACCTTCACAGCATTCCTTCCTAGGTCAAAAGGTCATCTCTCACAGACGTCTCCGGCAGACACTC	51680.0	-842.5277382626891	-842.5213906064391	4	3	1	-0.0126953125	1.0	1693.0554765253783	1691.0427812128783	-2.0126953125	1728.466781079204	1717.6012596282476	-10.865521450956521
seelig_cm / by_cre	AACCCACACCCACGAGTAACTGGGCGGGGCCATCCGCGACTGACGAGGAAGCGCCACCCATGAGTCACTGGGCGGGCCCACGCGTGGGCGGATGGCGCGATCCGCGGATCGGAAGCGCCACCCACAGATAAGACACGCGGAACCC	41344.0	-186.71896211327316	-186.71739045799973	4	3	1	-0.003143310546875	1.0	381.43792422654633	379.43478091599945	-2.003143310546875	415.9566545751154	405.32382867742626	-10.632825897689145
seelig_cm / by_cre	AACCCCCATTATGTAATTGTGTAAACATGACTTTGTACAAACATGACCGCATGCCACCAACTTTGAACTTTCGACCTCCTGACTCCCCTAATGTACAAACCTACTCATGTTCAAACTTCCGCTCTACTGACTCCCCTCATGTCAA	51680.0	-1134.941898407923	-1134.951419892298	4	3	1	0.01904296875	0.8902433705619641	2277.883796815846	2275.902839784596	-1.98095703125	2313.295101369672	2302.4613181999653	-10.833783169706749
seelig_cm / by_cre	AACCCGCGCGCGCCGATGACTCAAGAGAGCGGCGCGCCGCTGACTCAAGAGAGCGGAGCAGAGCACACTGAAGCGATACGCCGATGACACAGCCCCACCCACGGAAGCAAAAAAGCAAGATAACGAGGAAGCGCCCACCCGAGAA	51680.0	-1081.7451918165527	-1081.7411634962402	4	3	1	-0.008056640625	1.0	2171.4903836331055	2169.4823269924805	-2.008056640625	2206.9016881869316	2196.04080540785	-10.860882779081749
seelig_cm / by_cre	AACCCGTGTGTGTCTTCAAGAAGTAAAAGCGTATTATAGTCGCGAAAGCCCAGCCGATGAGTAAGTTATCGTGAAGTCACATCCGTTTTCGCGGGTAGCCACGCGAGGACCCTTCTAAGAAGAGTTACTTCGCTGAACCGCTTCC	51680.0	-3317.72022462162	-3317.723886730995	4	3	1	0.00732421875	0.9317989864216498	6643.44044924324	6641.44777346199	-1.99267578125	6678.8517537970665	6668.00625187736	-10.845501919706294
seelig_cm / by_cre	AACCCTCCTTAGAGAAGAGAAATAGCGGTTCTCGTATCTGCGGATTACTCAATAGGATGAGTCGCATCGTCTGAGTCGTCCAAGCGCGGGGCGGCGCGTCATTACTTTTTTAAGTAACGCTTTTCACGGAAGCGATTTCCGCTAA	51680.0	-1311.6297362129196	-1311.6241209785446	4	3	1	-0.01123046875	1.0	2631.2594724258392	2629.2482419570892	-2.01123046875	2666.6707769796653	2655.8067203724586	-10.864056607206749
seelig_cm / by_cre	AACCGAGGTACAAAACTAGCTCTGACATGGCGCCGGGATTAAACATGCCTCGGGTTTTTGTACAATCTCCCGTCATGTTCGGCAACCCCGGCAGAAACTCGTTCGGTTTGTTTGCCTTTGCTCCCTTCCGTTTACCGAGATGGCG	51680.0	-845.3868998154323	-845.3895243271511	4	3	1	0.0052490234375	0.942243680072398	1698.7737996308647	1696.7790486543022	-1.9947509765625	1734.1851041846905	1723.3375270696715	-10.847577115019021
seelig_cm / by_cre	AACCGCGGAAGCGCGATATCGGCATATCGCGCAAGATAACGCGATGAAAGAAAAGGAAGCGCCACATCCGCGCGGATGCGCCGATAAGTCACTCCCTCTCTCGCGCCGTGACGCGGAAGCGCCGCGCGCCGATAACTCAGACCCC	51680.0	-677.0684087392278	-677.0735356923528	4	3	1	0.01025390625	0.9193428193266743	1362.1368174784557	1360.1470713847057	-1.98974609375	1397.5481220322815	1386.705549800075	-10.842572232206521
seelig_cm / by_cre	AACGCATCCGCGAAAAACGATGAGGCCGCATCCAAAAGAAGACCCGCCCATAAGAAACCGCGTCCCCGGGCCTATCGGAGAATGAGGAAGCGTATAACGATATCGCGCACAAACGATGAGTCACCCCCTATCGCCCTATCGGGAA	51680.0	-1496.2016570634642	-1496.1922576494017	4	3	1	-0.018798828125	1.0	3000.4033141269283	2998.3845152988033	-2.018798828125	3035.8146186807544	3024.9429937141726	-10.871624966581749
seelig_cm / by_cre	AACGGCATCATTCGGATTGTTTAACCACCGACAAGCTGGGTCAGGTGTGTTGCACTTTTGACATGACAGAACAAACAGGGTGAATGTCCCGGCATGTTTGACCTTTGTTCAAAGGTGCATTGCGCAGCGAACATGCCGGGGCAAG	51680.0	-4466.877037244985	-4466.87679310436	4	3	1	-0.00048828125	1.0	8941.75407448997	8939.75358620872	-2.00048828125	8977.165379043796	8966.31206462409	-10.853314419706294
seelig_cm / by_cre	AACGGGGGCGCGGGGGCTGGAGTTGGCAGAGCTCTGCATGTCCCGGCATGTCTGAGCAGGAGGAATTCCGGGCGGCCAAAGGGTTTTATGTAGATTGCTTTTGGACACTCGCCCAGGAGTCAGGAGTTGATTTTTATCTCACTTC	51680.0	-4986.105001096816	-4986.078633909316	4	3	1	-0.052734375	1.0	9980.210002193631	9978.157267818631	-2.052734375	10015.621306747456	10004.715746234	-10.905560513456294
seelig_cm / by_cre	AACTTGCCCGGGCATGTTGGCGTTCAAAGTTGGACTGTGGGCTGCACATGCCCGGCAAGTTTTGGTCGTGTACACATGCCGGAGCCCATGACCATGTTTTGACATTGTACTCATGCCCTGACACGATCAGGTCAGCAGGCCAGGG	51680.0	-4321.350132596576	-4321.339390409076	4	3	1	-0.021484375	1.0	8650.700265193153	8648.678780818153	-2.021484375	8686.111569746978	8675.237259233521	-10.874310513456294
seelig_cm / by_cre	AAGAAAGCGATAACTCTTCCAAGAAAGCGCCGCCCACTTCCTTCCCGATTTCGCGGAAGTCACACCCACTTCCTTATCTGTTTCGCGGAAGCCCCGCCCATTGGCCGATATAAGGAAAGCGATGACTCATCCGCCCGATGACTCA	51680.0	-6882.629210548847	-6882.604064064472	4	3	1	-0.05029296875	1.0	13773.258421097695	13771.208128128945	-2.05029296875	13808.66972565152	13797.766606544314	-10.903119107206294
seelig_cm / by_cre	AAGAAAGCGCCGCCCATTTCGAGGAAGTCACCCCCGCGCCGATGACTCATCCGCCCCGCGCACCCCCGCCCCGCGCGCGATTTCTCGGAAGTCACACCCATTGGCCGATTTAATCAGGCCGATGACTCATCACTTCCTTATCTCT	51680.0	-1524.9293996831502	-1524.9374563237752	4	3	1	0.01611328125	0.8989893910429374	3057.8587993663004	3055.8749126475504	-1.98388671875	3093.2701039201265	3082.43339106292	-10.836712857206749
seelig_cm / by_cre	AAGAAGATAAGGAAGTGCTTCCGGATAGGCGGATAAGTTGTGAGTTATAGGAAAGAGTTGCGTTATATCTTGCGTGTCTTACTGAAGGAAGGAAGGGCTTCCAGATAAGGGAAAGGGCGGTGAGTCATAGAAGGAAAAGGAAGGG	51680.0	-6316.454402574078	-6316.445125230328	4	3	1	-0.0185546875	1.0	12640.908805148156	12638.890250460656	-2.0185546875	12676.320109701981	12665.448728876025	-10.871380825956294
seelig_cm / by_cre	AAGACAGATAACGCGGAAGCGCGGCGCGCCGCTGACTCAAGAAGCGACACACCGCACCGATACGCCGATGAAGAAGCGACACCCACAGAAGCAAGATAACGCGGAAGCGCCCACCCGAGAAAGCGCCGCGCCCACACGCGCCGAT	51680.0	-1307.6837113628578	-1307.6755326519203	4	3	1	-0.016357421875	1.0	2623.3674227257156	2621.3510653038406	-2.016357421875	2658.7787272795417	2647.90954371921	-10.869183560331749
seelig_cm / by_cre	AAGACCATTTCCAGTCTCTTCCTGCAGGGCTATGCATTGCCTCAGCTCCTTTTGAGGAGCTGTTGAGAAAAGATCGTTTTTTAAGAAAGCCTTATCGTTCCTGTGCATGTGGGTGATGTCATCACACTCTGCCCCCTGGACGCAG	51680.0	-2406.343411976654	-2406.353421742279	4	3	1	0.02001953125	0.8874825491406633	4820.686823953308	4818.706843484558	-1.97998046875	4856.098128507134	4845.265321899928	-10.832806607206294
seelig_cm / by_cre	AAGAGAAGGGAAGATGAGTCAGCGGAAGCGCGCCTATATCCGCAGATAACGCGAAGGAAGCGTATCCGCGGGAGGAACGGAAGATAAGAAACCGCCCCCACCGATCCGCGGATCCGCGAGGAAGGATGAGTCACCGGAAGCGGCA	51680.0	-6346.347446527893	-6346.320102777893	4	3	1	-0.0546875	1.0	12700.694893055786	12698.640205555786	-2.0546875	12736.106197609612	12725.198683971155	-10.907513638456294
seelig_cm / by_cre	AAGAGAGATGACTCAAGAAAGCGGCGCGCCGATGACTCAAGAGAGCGGCGCGCGCCACACCCAAAAGGCAGATAACGAGGAAGCGCCCACCCGAGAACCCCACACCGATACGCCGATAACACAGCCACACCCACGGAAGCGACCA	51680.0	-337.23951052476593	-337.2378930931253	4	3	1	-0.00323486328125	1.0	682.4790210495319	680.4757861862506	-2.00323486328125	717.8903256033578	707.0342646016201	-10.856061001737771
seelig_cm / by_cre	AAGAGAGTGGTATATGAGGTTTGAGGCTTATCAGCAGCTGCAGCAGCACAGGCCACGTCGTAGCTGTGAGTCATAGACAAGCATGCACACTGTGGCTGCCTGAGGCCTCTGAGCTGCCTTCCTCAGTCCTTCCCTCTGCAGGGCT	51680.0	-2106.718788745685	-2106.716347339435	4	3	1	-0.0048828125	1.0	4221.43757749137	4219.43269467887	-2.0048828125	4256.848882045196	4245.9911730942395	-10.857708950956294
seelig_cm / by_cre	AAGAGATACGACGCATATGCGGCGTATGGGCGCGGCTTCTCCCGCTGCGTCATCCGCCGGAAGATAACGCTCAGAATGGGACGCAGCCGCTTCATTTGCATCCGCTTCCGAAGGGGAGCGCGTCTTATCGCGGATGCGTCGCCGC	51680.0	-1659.212538732818	-1659.2014303343806	4	3	1	-0.022216796875	1.0	3326.425077465636	3324.402860668761	-2.022216796875	3361.8363820194622	3350.9613390841305	-10.875042935331749
seelig_cm / by_cre	AAGAGCTGTCATACAGGAGAGTGGGTTGTTCCCCATACATAGCTTGATGAGTACAGCCTTGGCCTTGCAACTTTCGGGTGTGGGACTGTGCCCTTTGACCTCAGACATGCTCCCAACACAGCAGCTCAAATTCACTCTGCACAAA	51680.0	-728.7336613557245	-728.7433659455683	4	3	1	0.0194091796875	0.8891997895498227	1465.467322711449	1463.4867318911365	-1.9805908203125	1500.8786272652749	1490.0452103065059	-10.833416958769021
seelig_cm / by_cre	AAGAGCTGTTGCGACAGGAGGGGTAATTCGCAGAATGGGTTAGCATATGTGGTCTTTGCAGATAAGGACTGGCGGGAAAGTTGTTTACTGAAACTAAGACAGGGAGGCATAAGGGATAAGGAAGTTGGTTTGGGCTTGAAGTAGG	51680.0	-4779.629922141348	-4779.624062766348	4	3	1	-0.01171875	1.0	9567.259844282697	9565.248125532697	-2.01171875	9602.671148836522	9591.806603948065	-10.864544888456294
seelig_cm / by_cre	AAGAGGCCTAAATGAGGGGGGCCACATATAACTCAGAAGCGGCGCGCGCCGACCTCTCACACGCGGCGCCTCAGGATAAGGAGGAAGCAGCCCCCGCCGATAAGTCAGAAGCGGCGCGTATATCGCGAAAGATAACACGAAGAAG	51680.0	-355.100428533951	-355.1103467468416	4	3	1	0.01983642578125	0.8879948836548006	718.200857067902	716.2206934936833	-1.98016357421875	753.612161621728	742.7791719090527	-10.832989712675271
seelig_cm / by_cre	AAGAGTTATCGCAGCCTGATTCTTATAAGCCCTCAAGCGCATGCGCGCGAGGTCCCGCCGTTGGGGCTGTCCTTATCTCCGACAGCGCTTCTTCGAAGCCTCATGAGTCGGATGCGATACGATGTCTTCAAGAACAGATAAGGTA	51680.0	-1323.8655704160296	-1323.8612979550921	4	3	1	-0.008544921875	1.0	2655.7311408320593	2653.7225959101843	-2.008544921875	2691.1424453858854	2680.2810743255536	-10.861371060331749
seelig_cm / by_cre	AAGATAAGGAAGCGTATCCGCGGAAGGAGAAGAAGATAAGGAAGGAAGAAGATAAGAAGCCGCCCCCAGAAAGAAGGATGAGTCAGCGCCTATATCTGCGGATGAGTCAGTCCGCGCGCGGAACCGGCCGCGCGGACCCCTATCC	51680.0	-2339.9967975106442	-2339.9910602059567	4	3	1	-0.011474609375	1.0	4687.9935950212885	4685.9821204119135	-2.011474609375	4723.4048995751145	4712.540598827283	-10.864300747831294
seelig_cm / by_cre	AAGATAGAGGAAGCGCCGCCCACATCCAACCCAAAAAACAACCAAACAACAACCAAAAAACCAATGACTCAAAAGAAAGCGCAGTCGCGGAAGCGCCGCCCCCCAAAACCGATAACTCAACACCCACATCCAACCCAAAACACAC	51680.0	-612.5965713669162	-612.6008438278537	4	3	1	0.008544921875	0.9263494558546113	1233.1931427338325	1231.2016876557075	-1.991455078125	1268.6044472876583	1257.760166071077	-10.844281216581294
seelig_cm / by_cre	AAGATATCGTTACTTCCAGGAAGTGACTCACCCTTATAGGCTGGATGTAACTCTTTCTTCCTCGCCTATAGCGTTTGTGAGTCACTTCCTTTTTCGCTGGATGACTCATATCCTTGATGCGGGTCTTCCAGGAAGTTACGCTTCC	51680.0	-5221.232630261662	-5221.220667371037	4	3	1	-0.02392578125	1.0	10450.465260523324	10448.441334742074	-2.02392578125	10485.87656507715	10474.999813157443	-10.876751919706294
seelig_cm / by_cre	AAGCAAGATAACGAGGAAGCGCCCACCCGAGAAGCACACCCAACTGCGCCGATACGCCGATAAAGAAGCGACACAGCCACACCGACAGAACCCACACGCGCCGATGACTCAAGAGCGCCCACCCGAGAAGCCCACACCGATGGCT	41344.0	-329.7266874948119	-329.7180815377807	4	3	1	-0.0172119140625	1.0	667.4533749896239	665.4361630755614	-2.0172119140625	701.9721053381929	691.3252108369882	-10.64689450120477
seelig_cm / by_cre	AAGCATACTGATTCTTACTTATCAGCGCCGACTGCGCGTAAGTCACATCGGATTCGCACTTCCAATGAGAAATAAGGCGCGTCGCTGGAGGGGGCTCCCCCACCCTAAGTAACGCTTATTACGAGTCGTCGCCTTATATCTTATC	51680.0	-613.0369017100315	-613.0258543467503	4	3	1	-0.0220947265625	1.0	1234.073803420063	1232.0517086935006	-2.0220947265625	1269.485107973889	1258.61018710887	-10.874920865019021
seelig_cm / by_cre	AAGCATATTTGTCAGCGGAGGAAAAGAAACTAACCAGGATTCCCTCAGTAATGGCGAGTGAACAGGGAAGAGCCCAGCGCCGAATCCCCGCCCCGCGGTGGGGCGCGGGAAATGTGGCGTACGGAAAAATACAAAAATTAGCCAG	51680.0	-658.3954156487608	-658.4051812737608	4	3	1	0.01953125	0.8888541627681966	1324.7908312975217	1322.8103625475217	-1.98046875	1360.2021358513475	1349.3688409628912	-10.833294888456294
seelig_cm / by_cre	AAGCATGAGTGAAAGAGCTGAGGCCAGGGGGCTGAAGTAGGGGAGGGAAGGGAAGAGAGTGACCTTGGGTTGAGGCTGGAAAGCAGGAAGGGAGCCGATGACGCAGGACCCCGTAGGCTGCTGGGAGGAGTGTGGATTGTCCTCT	51680.0	-2083.1703371207923	-2083.175342003605	4	3	1	0.010009765625	0.9203055701028053	4174.340674241585	4172.35068400721	-1.989990234375	4209.751978795411	4198.909162422579	-10.842816372831294
seelig_cm / by_cre	AAGCGATAAGGTTAATAACTCCTCGATTCCAAGATGGGGGCGAAGCCTATTGGTTTCGCGGACTGACTTCGCGGATTCAGATTTCTTTTCAAACTTGTCATCAGTCTGATCTGGAACTTCCTCAAGTGGCGCCGCTTCCTCGATG	51680.0	-887.841203947982	-887.828020354232	4	3	1	-0.0263671875	1.0	1783.682407895964	1781.656040708464	-2.0263671875	1819.0937124497898	1808.2145191238333	-10.879193325956521
seelig_cm / by_cre	AAGCGATATCTCCCACGGAAGGGGCGGGCCAATCGGAGAAGACGAAGGAAGATAAGGAAGGAGGAAGCGATATCTCGCAAGAAAGGGGCGGGGAGAGAGATAAGAAAGTGAGGCAGCGTATCTGCGAGAGCCGCACCCACAGGCG	51680.0	-1124.6815345640814	-1124.6898353453314	4	3	1	0.0166015625	0.8974786746410168	2257.363069128163	2255.379670690663	-1.9833984375	2292.774373681989	2281.938149106032	-10.836224575956749
seelig_cm / by_cre	AAGCGATATCTCGAAGAGCCGCACCCACAGACCCCAGGGGCGGGGGGAGGAGACGGAAGCGATATCTCGCAAGAAAGGGGCGGGCCGATCCGAGAAGGCACCACCCACGGGAGAGATAAGAAAGTGAGACAGCGTATCTGCGAGA	51680.0	-1744.1538645105752	-1744.1564279871377	4	3	1	0.005126953125	0.9429180553050126	3496.3077290211504	3494.3128559742754	-1.994873046875	3531.7190335749765	3520.8713343896447	-10.847699185331749
seelig_cm / by_cre	AAGCGATATCTCGAAGAGCCGCACCCACAGGCTCCGAGGGCGGGCCTATCAGAGAAGACGAAGGAAGATAAGGAAGAAGGAAGAGATATCTCCCACGAAAGGGGCGGGGAGAGAGATAAGAAAGTGAGGCAGCGTAGATGCGAGA	51680.0	-729.519732839689	-729.523394949064	4	3	1	0.00732421875	0.9317989864216498	1467.039465679378	1465.046789898128	-1.99267578125	1502.450770233204	1491.6052683134976	-10.845501919706294
seelig_cm / by_cre	AAGCGGCGCAGATAACGCGGAACCAATCGCTATATCTGACTCACACCCTCCCGCCCCAGATAAGGCGGAAGCGGCGGGCCCACCCCCACATATAGGGGGGGCCGACCCCCCGCCTATGAGTCACGCCACATCCGCGTCACGCCCC	20672.0	-73.96668333213752	-73.97230619590705	4	3	1	0.0112457275390625	0.9155459546251793	155.93336666427504	153.9446123918141	-1.9887542724609375	187.67950829060436	177.7542186115611	-9.92528967904326
seelig_cm / by_cre	AAGCGGGTGTAGATGGGGTGCATTGTTTGCACCAGATGGAACTAGGCAGAAACTTCCGGTCAAATGAGGTCAAGCGAGAGCGCCCTTTACATGTCCTGGCATGCCGCGGTCGTAGTGAGCAACCTGTCACACCTGAAGGGCCTCC	51680.0	-4464.127641147304	-4464.118852084804	4	3	1	-0.017578125	1.0	8936.255282294607	8934.237704169607	-2.017578125	8971.666586848432	8960.796182584976	-10.870404263456294
seelig_cm / by_cre	AAGGAAGACGCGTCATATTTCGAAGATAAGCGCGAATCGGAGCTTCCGTTATCTCGCGGAAGTGGCTTCTAACTAAGGAAGAAGTAACTTACTTTCGCGGAGCCGGCTGATTGAAACGGCGTATCCGATAGGGCGTCGCGCTTCC	51680.0	-4533.007416527166	-4533.001068870916	4	3	1	-0.0126953125	1.0	9074.014833054332	9072.002137741832	-2.0126953125	9109.426137608158	9098.560616157201	-10.865521450956294
seelig_cm / by_cre	AAGGAAGTGGGTGAGGATATCTTGCAAGAAATAGGAAAGAGTTGCGTTATATCTTGCGTGTCTGACTGGCGGTGAGTCATAAGGAAGTGCGTGTGGATAGGGGGAAGGGCGGTGAGTCATCGAAGGATAAGGAAGGGTGGGGAGA	51680.0	-15816.158029552473	-15816.006418224348	4	3	1	-0.30322265625	1.0	31640.316059104945	31638.012836448695	-2.30322265625	31675.72736365877	31664.571314864064	-11.156048794706294
seelig_cm / by_cre	AAGGCGCGTTAAATGTGATGTTACGCGCGCCCGAGGGGCGATACGTTATAAGAAGGATAAGACATTGTCGTTATTTCTCGGAAGTGAGACTCGCGGATTAGCTTACTCATTGTCGGATGACGCGTCTCCTTAGGAGCAGCCTCCT	51680.0	-3790.724105801596	-3790.709701504721	4	3	1	-0.02880859375	1.0	7589.448211603192	7587.419403009442	-2.02880859375	7624.859516157018	7613.977881424812	-10.881634732206294
seelig_cm / by_cre	AAGGGAATGTAGCGGAAAGTTGAACTTGCGGTGGAAAGTTTAAACATGCGGGGAGATGTACATAAGGGGAATGTTGGGGAATGTCGGAAAGTTGAACTTACGGAAAGTCGAACGATGTTTGTTACGTAAGGGGAATGTTGGGAGA	41344.0	-1337.7441742736748	-1337.7346527892998	4	3	1	-0.01904296875	1.0	2683.4883485473497	2681.4693055785997	-2.01904296875	2718.0070788959188	2707.3583533400265	-10.64872555589227
seelig_cm / by_cre	AAGGGAGACCAGCGGACATGCCCGGGCATGTAGAGAGGTGACCGGAAAGGGAGAGAGAGAGAGACATGCCCGGGCATGTGACCAAAGGTGCAAAGATCAAAGAATGGATAAGTGGGGAGAGAGACCGGGGAGTGAACATGCCCGG	51680.0	-6464.69555241618	-6464.67943913493	4	3	1	-0.0322265625	1.0	12937.39110483236	12935.35887826986	-2.0322265625	12972.802409386186	12961.91735668523	-10.885052700956294
seelig_cm / by_cre	AAGGGCGGTGAGTCATAAGGAAGTGCGTGTAGATAAGGAAATAGGCGGATAGGCGGTGAGTCATCCTTCCAGATAAGGAAAAGGAAGGAAAGGGGGTGAGTCATCCAAGTGTAGGAAAGAGTTGCGTTATAACTTGCGTGTCTTA	51680.0	-22870.48113923955	-22870.23309236455	4	3	1	-0.49609375	1.0	45748.9622784791	45746.4661847291	-2.49609375	45784.373583032924	45773.02466314447	-11.348919888456294
seelig_cm / by_cre	AAGGTTCAAAGGTCATGGACGCGCGCCGCGGGTACGACCAGTAGAAACCCGGTGCCGTACTCGCCGTGAGAGGTTCAAAGGTCAATCTTTGTGACTTCCTTAGGACTCCGTAGAAAGATTAGACTCTGCGGGCTGGTAATCCTTA	51680.0	-1859.3553354718601	-1859.3421518781101	4	3	1	-0.0263671875	1.0	3726.7106709437203	3724.6843037562203	-2.0263671875	3762.1219754975464	3751.2427821715896	-10.879193325956749
seelig_cm / by_cre	AAGTCACTTCCTTTTCCGCGTCTTATAAGACCCGCCCAATGAGTCACTTCCGGAAGATAACATCCGCGGATCCGCGTCTTATAAGACCCGCCCAATGAGTCACTTCCGCTTTCGCGGAAGATATCATCCGCGCCTTCCTGCGAGA	51680.0	-2784.030877432917	-2784.037469229792	4	3	1	0.01318359375	0.9085879295993922	5576.061754865834	5574.074938459584	-1.98681640625	5611.47305941966	5600.633416874954	-10.839642544706294
seelig_cm / by_cre	AAGTCGAACAATGGTTGTTGCGTAATGTTGAACTTACGGTCGAAAGGTTAAACATGCGAGGATTGTTACATAAGGGGATTGTTGCGGAATGTCGAACTGGCGGAAAGTCGAACAGGGAATGTTGCGGAATGTCGGAAAGTTGAAC	51680.0	-3988.459227954706	-3988.442138110956	4	3	1	-0.0341796875	1.0	7984.918455909412	7982.884276221912	-2.0341796875	8020.329760463238	8009.442754637282	-10.887005825956294
seelig_cm / by_cre	AAGTCTTTCGCGAAAGACGCTTCCTTATAAGGCGATAACGGTTTCGCCGATCCGATAACGCGGTGACTCATCCGATAGCGTTTTCGCGTATTCGCGGATCCGATAAGTCGTTCGAGTTATAAGTCATCGCTCCGATAACGCTTCC	51680.0	-2196.4337567402763	-2196.4200848652763	4	3	1	-0.02734375	1.0	4400.867513480553	4398.840169730553	-2.02734375	4436.278818034379	4425.398648145922	-10.880169888456294
seelig_cm / by_cre	AAGTGTGGGAGCGAATCCTAGAACAGATCCTCCAGACTGGTGACGACTCTTAAGACCCCCGCACCGCTTTCTTATGTGACTCAAGGGTGAGGAACCGCCTTTGTGGTCCGATAACGCGTCTCGGCTTATAAGAGCTAATTCTGCG	51680.0	-1031.540859039053	-1031.534999664053	4	3	1	-0.01171875	1.0	2071.081718078106	2069.069999328106	-2.01171875	2106.493022631932	2095.6284777434753	-10.864544888456749
seelig_cm / by_cre	AAGTTTCCCTCTCTCTTCACAGTTCTTAATGAACAGAGCCATCTGGGGCCACAGCCTGTGAAATCTGATTCTCTTCCCACAGTCAGCAAACAGAGCCACTGGGATATGCTCAGGCAGCTCCCAGGAGGAAACCGTAAATGCATAT	51680.0	-861.5727901865506	-861.5736446787381	4	3	1	0.001708984375	0.9670249531549395	1731.1455803731012	1729.1472893574762	-1.998291015625	1766.556884926927	1755.7057677728458	-10.851117154081294
seelig_cm / by_cre	AAGTTTGCACCATGGTGAGTCCACCGTCCAATGTACATTCCCCCGGCATTCCGTAATACCCTACTGTCCAAAGTCCGGGGCATGTTCCGAGTTTAAACATGACCTTTGTACATGCCTGGGCAAGTCTACCGGCTTTTGTAATGTG	51680.0	-1682.663872034731	-1682.669731409731	4	3	1	0.01171875	0.9137948648205594	3373.327744069462	3371.339462819462	-1.98828125	3408.739048623288	3397.8979412348313	-10.841107388456749
seelig_cm / by_cre	AATAAATTCACTTCCTATAAGTCCACGCCTTTCATGAGCATGGCGATGACTCGTTATCGCTGCGCGGTGCGTTGAGATATCATGAGGAATATCGCGGAAGCGACACGCCGTATCTAAGACGCGCGAATAAAACAACGATACTGAC	51680.0	-1119.3854529264895	-1119.3852087858645	4	3	1	-0.00048828125	1.0	2246.770905852979	2244.770417571729	-2.00048828125	2282.182210406805	2271.3288959870983	-10.853314419706749
seelig_cm / by_cre	AATAAGAAACTGCAGTGACTAGAGGCGCGGAATCGAGACATGCGTATCGTTGCCCGAATACGAGGTAACGACGCTTCGTGAGACGCTTCTTCCTTCGAATACGCCACCGACGGGTCCTGACGCATAACTGTTCCTGAAAACGGTT	51680.0	-843.4710095619796	-843.4606946205733	4	3	1	-0.0206298828125	1.0	1694.9420191239592	1692.9213892411467	-2.0206298828125	1730.353323677785	1719.479867656516	-10.873456021269021
seelig_cm / by_cre	AATACGCACTTATTAGTCGGAGCCGCTATCGCTCTTCGTCGCGCTTCCGGAAGTGGCGCTGCGTCACGCGACCAACGAAATGAGGCCGCATCCTTATAAGGACGCGCGAGTCACCGCTTGTCTCACACGATAGTTACGCCGATAC	51680.0	-2671.515680236415	-2671.52324859579	4	3	1	0.01513671875	0.90208225459827	5351.03136047283	5349.04649719158	-1.98486328125	5386.442665026656	5375.60497560695	-10.837689419706294
seelig_cm / by_cre	AATAGACTGGCGCGCGCGCCTGATGGCGCGCGCGCCTGATCAGGCTATACGTGTTGCGTTGTTGCAGCCCGTGGCGCGCGCGCCTGAACTGGCGCGCGCGCCTGATACCTCTGGGCTGTCACGCGGTGGCGCGCGCGCCTGAAGG	41344.0	-240.8237873526574	-240.8231007071496	4	3	1	-0.001373291015625	1.0	489.6475747053148	487.6462014142992	-2.001373291015625	524.1663050538839	513.535249175726	-10.631055878157895
seelig_cm / by_cre	AATAGTTGCTCTGAGCCAGGTTATGAGCCTTCCCATGTTATGGCTACATAGCTGTGATTATGTAATAAGTGGAGTTACGCTCCTGCGCTCCAAACTCGCTGAGTCACACAGGATGTTTACCTTGGCCTATGCCTGCCTGGCTGCA	51680.0	-4948.168432621101	-4948.175268558601	4	3	1	0.013671875	0.9069180657713063	9904.336865242201	9902.350537117201	-1.986328125	9939.748169796027	9928.90901553257	-10.839154263456294
seelig_cm / by_cre	AATCGCGAGTCGTCTCCATTCACAGCCAGACGGAATCCGGGTGCGGGGCCAATCGGCGTGTCGCTTCCCGGAAGTGACTTCCGCATGATTCCGCTCCGTGCGTGACGACACGTAACTGACTGATAACTTATCAGCCGATAAGGCG	51680.0	-1101.7201888997565	-1101.7194564778815	4	3	1	-0.00146484375	1.0	2211.440377799513	2209.438912955763	-2.00146484375	2246.851682353339	2235.9973913711324	-10.854290982206749
seelig_cm / by_cre	AATCGGAAACTATCGGCGCGGCGCAACGACGTGCGTCAGACGAAGGCGAAGCGCTTTCTTAGAAGCGCGTGCGCGCGCCATATGCTAAGGATGCGCGTCGTATATCTCGGCGTATCTCATGAGACTGATGAGTTGTTAATAAGAC	51680.0	-1487.787497420306	-1487.7937230062435	4	3	1	0.012451171875	0.9111526093689312	2983.574994840612	2981.587446012487	-1.987548828125	3018.986299394438	3008.1459244278562	-10.840374966581749
seelig_cm / by_cre	AATGCCCGTTCTGTATGAACAAACATTACGGCAGCATGACCATAAGCATGCCCGGGGATTTTGATCGTTGACCATTACAGGTAGCGGTGAAAGCCTGCCTCCAGTTTTGAATGTTGGACAAAATCCCCGGCATGCCGGGGCACGT	51680.0	-377.9697132286054	-377.9578724082929	4	3	1	-0.023681640625	1.0	763.9394264572109	761.9157448165859	-2.023681640625	799.3507310110368	788.4742232319553	-10.876507779081521
seelig_cm / by_cre	AATGCGAAGAAGCTGTGCCTCTGCGGCACACAGATCAGAGCTGGTGTGGGGGGAAGGGAGAGGGAGCCTGTGGGAGGGGGAGGGCGCATCCATTATGCAGATTGTGTGGAGTGCCTTCCCTTCCCCAGCCAGGAAACGCCCTCCC	51680.0	-1849.348551494558	-1849.3574626273705	4	3	1	0.017822265625	0.8937979179924613	3706.697102989116	3704.714925254741	-1.982177734375	3742.108407542942	3731.2734036701104	-10.835003872831749
seelig_cm / by_cre	AATTGACGGGGCGATTCTCACCCCGATACGCTGACTCACCGATTAAGTTAAGAATATCTTTCGCTTACTTAGGGGGCGGGTCTCACGGAAGCGAACCGCGAATGGTGAATGCTTATATCTCCTCCGCGTCAGCCGGTGAAGACCT	51680.0	-1067.9129006365874	-1067.910337160025	4	3	1	-0.005126953125	1.0	2143.825801273175	2141.82067432005	-2.005126953125	2179.237105827001	2168.379152735419	-10.857953091581749
seelig_cm / by_cre	ACAAAAGAGCAATGGACAAACAAGCCGAAAGGGGAATGTACAAACATGCCGGGAGGGGACCAAAGCAAAAAAAAAAAAAAAAAAAGAGGGAGAGAGCAAACATGCCGGGGCATGTCCACAGGGACATGTCCGGGCATGCCGGGAG	51680.0	-5156.2425862460095	-5156.2337971835095	4	3	1	-0.017578125	1.0	10320.485172492019	10318.467594367019	-2.017578125	10355.896477045844	10345.026072782388	-10.870404263456294
seelig_cm / by_cre	ACAAACAACCTTTGAACGCAGTCGGTATGTTTGGTCATGTCCGGTTTTGTCTTGCGGCAGTTAATGTTTACGTCCCGCGGGAACATGATCGTGACCTTTGGTCGGCATTACGTAACGGCAAAGGTAGCCACCGTGGTAATTTTGC	51680.0	-8535.855570383796	-8535.843363352546	4	3	1	-0.0244140625	1.0	17079.71114076759	17077.68672670509	-2.0244140625	17115.122445321416	17104.24520512046	-10.877240200956294
seelig_cm / by_cre	ACAAACAAGGGAGCAAGGGGGAACAAACACACAAACAACCGGAATGTGACCAGAGCGGTAGAACAAACACACAAACAAAGCAAGGACAGGACGGCATGCCCGGGCATGCCCCCCGGCAGGCATGCCGGCCGGCAGGACAAGACCG	51680.0	-5063.555866260855	-5063.555866260855	4	3	1	0.0	1.0	10135.11173252171	10133.11173252171	-2.0	10170.523037075534	10159.670210937078	-10.852826138456294
seelig_cm / by_cre	ACAAAGGATGTATAGACCTGCGGACATGCCCGGGCATGTGACCAAAGATGAAAAGATCAAAGAATGAATAGGGAGGGGAGGAGGGGAATGTATAAACATGCCGGGGGACGTAGACATGTGACCGGAAGGGAGGAGAGCAGTGAAC	51680.0	-8669.272054306266	-8669.236409775016	4	3	1	-0.0712890625	1.0	17346.544108612532	17344.472819550032	-2.0712890625	17381.955413166357	17371.0312979654	-10.924115200956294
seelig_cm / by_cre	ACAAAGGATGTATAGACCTGCGGACATGCCCGGGCATGTGACCGGAAGGGGGGAGAGAGAGAGAGGGGTAAACATGCCGGCATGCCTGGACATGTGACCAAAGGTGCAAAGATCAATGAATGTATAAGGAGGGGGAGAGGGAGAG	51680.0	-5806.667251720952	-5806.650650158452	4	3	1	-0.033203125	1.0	11621.334503441904	11619.301300316904	-2.033203125	11656.745807995729	11645.859778732272	-10.886029263456294
seelig_cm / by_cre	ACAACAAAACAAAAAAAAAAAAAAAAAGAAAGGGGACATGTCCGGGCATGTCGACATGACCAAAGAAACATGCCGGGGCATGTCCAAAGCACAAAAGCAATGGACAAACATGACGGAAGGCAAACAAAACAAAGAGAGAGAGAGG	51680.0	-4466.347802010972	-4466.344384042222	4	3	1	-0.0068359375	1.0	8940.695604021945	8938.688768084445	-2.0068359375	8976.10690857577	8965.247246499814	-10.859662075956294
seelig_cm / by_cre	ACAAGAGAGCAATGTACAAACATGCCGGGAGGGGAGGAGGGAAACATGCCGGGGCATGCCGGGAGCAATGAACAAAAAAAAAAAAAAAAAAAAAAAAAAAAAAAAAAAAGAGGGAGGAGAGGGACATGTCCGGGCATGTCCACAG	51680.0	-1956.7259987184752	-1956.7113502809752	4	3	1	-0.029296875	1.0	3921.4519974369505	3919.4227005619505	-2.029296875	3956.8633019907766	3945.98117897732	-10.882123013456749
seelig_cm / by_cre	ACAAGCCCGGACTTCCGGTCAGGTTTGCCTCAGCTGACCTTTGGACTTTGGTTCAAAGGGGGACATGTCTACCTGCGGACATGCCCCGGCATGTCCGGACTTCCGGTCGGGTTTGCCTCAGCTCGCCATTATACAAACAGGCCTT	51680.0	-1904.9724153847083	-1904.9733919472083	4	3	1	0.001953125	0.9647496261326771	3817.9448307694165	3815.9467838944165	-1.998046875	3853.3561353232426	3842.505262309786	-10.850873013456749
seelig_cm / by_cre	ACAAGCCCGGACTTCCGGTCGCCATTACATAAACTGACCTTTGGACTTTGGTTCAAAGGGGGACATGTGGACATGCCCCGGCATGTCTGGACGCCCGGACTTCCGGTCAGGTTTGCCTCAGCTGACCTTGGTTCAAACAGGGGCA	51680.0	-2337.4116520222187	-2337.4016422565937	4	3	1	-0.02001953125	1.0	4682.8233040444375	4680.8032845131875	-2.02001953125	4718.234608598264	4707.361762928557	-10.872845669706294
seelig_cm / by_cre	ACAAGGAAGGCCATACTCCTGCAGCAAAAGTAAATTATTAAACTCCAGCGTGTTAGCAGTGTCCCTTCCCTCTGAAGCAAGAACAAAAGGAGTGACATGCCTCTGCATGTCAAGAAGCAAGGCTCTGTCAGGCGGAAATGGAATG	51680.0	-5840.182079037269	-5840.163036068519	4	3	1	-0.0380859375	1.0	11688.364158074539	11686.326072137039	-2.0380859375	11723.775462628364	11712.884550552408	-10.890912075956294
seelig_cm / by_cre	ACAAGGGTCCGTGCGCTTCCTCGAGGGTGCTGATGAGACTTCTAAGACACAGCGTTAACTAGGTCTTCAGGATGCGGCTTAATTCCTCCATGGACCAGAGCGGACCGATGACACCCGGGCCTATAAGGAAGTATCGTACCTTATC	51680.0	-763.6101176222185	-763.6056620558122	4	3	1	-0.0089111328125	1.0	1535.220235244437	1533.2113241116244	-2.0089111328125	1570.6315397982628	1559.7698025269938	-10.861737271269021
seelig_cm / by_cre	ACAATCTAAGCTAGACCCGATTGGCTAAACATTTAGGGGAAGGGGTCGTCTGCGGCGAGCTAGAGAGTCAGTCTTTTCTCAAATAAGGAAAGGAATGTGAGCTGGTGCTGTGGCATGCCTGGGCGTGTAGGAAAAGCAGAAGGAA	51680.0	-4112.410035491955	-4112.39611947633	4	3	1	-0.02783203125	1.0	8232.82007098391	8230.79223895266	-2.02783203125	8268.231375537734	8257.350717368028	-10.880658169706294
seelig_cm / by_cre	ACACACACACACACACACACACACACACACACACACACAAACACTCAAGAAATAACTTCCTCAAAACCGCAAGATAACTCATAAGTCAGATAACTCATCAGTCCGCCCCACCCATATCTCTTAAAACCGATAACTCATCAAACCG	51680.0	-505.13286238194644	-505.12129621983706	4	3	1	-0.02313232421875	1.0	1018.2657247638929	1016.2425924396741	-2.02313232421875	1053.6770293177187	1042.8010708550437	-10.875958462675044
seelig_cm / by_cre	ACACACACACACATACACAGACTGTCTGTTGCCCCTTTGACCTTGTCTTCTACACTCCTGCCCAGCTCACTCACCCGGCCTCCTGGCTGCTGCAAGATCTTGGCATTTCTCCCCAGATATCTTTGTGACTCATTCCATCAGATCA	51680.0	-404.5188077621954	-404.5328153305548	4	3	1	0.02801513671875	0.8670732412085077	817.0376155243908	815.0656306611096	-1.97198486328125	852.4489200782168	841.624109076479	-10.824811001737771
seelig_cm / by_cre	ACACCCTACCAACATCCGGCGGGTAGCCTAAAATCCCAGCGTGTTGAATTGGTGACCAAAGTCTACAGACCAACTTTAAACATGCCCCGGCATGTCTACAGCCCGGCTTTGTACTTTGATCAAAGCAATGAACATAGCTGACAGC	51680.0	-2025.932272804978	-2025.9353245627906	4	3	1	0.006103515625	0.9377286208434489	4059.864545609956	4057.870649125581	-1.993896484375	4095.2758501637823	4084.4291275409505	-10.846722622831749
seelig_cm / by_cre	ACACGAACGTGTATTGAACACTTGCTGTGTGCCAGACATTGTGCTGGGCTGGGTGCTTACCACGCATAATCTCATTCCTTCTTCTCAACAGCCCTGTTATCCCTACTGTGCAGATAAGGAAACTGAAGCTTTAGCTGAGTCATCT	51680.0	-587.5952657177515	-587.5849507763453	4	3	1	-0.0206298828125	1.0	1183.190531435503	1181.1699015526906	-2.0206298828125	1218.601835989329	1207.72837996806	-10.873456021269021
seelig_cm / by_cre	ACACTATATTTTATCATTATTTCTAATGTCTTTATCTTGAGTCTATCCACGCATCACCCTAGATATATCTTCCTAGAATTAGAACACCTAACGCACTGCCAGATAAGGAGGCGCGCCGCGCGTATCTGCTGATAAGGACAGCGGG	51680.0	-940.2777293908299	-940.2693065392674	4	3	1	-0.016845703125	1.0	1888.5554587816598	1886.5386130785348	-2.016845703125	1923.9667633354857	1913.0970914939044	-10.869671841581294
seelig_cm / by_cre	ACACTTTCTTCCGCTACTCACACCCACACACAGATATAACTTCCTCAAAACCGCAAGATAACTCATCAGTCAGATAACTCATCAGTCCGCCCCTCCCATATATCGCCCCACCCTTATCTCTTAAAACCGATAACTCATCAAAACA	51680.0	-460.61529479915146	-460.62725768977646	4	3	1	0.02392578125	0.8770739066451536	929.2305895983029	927.2545153795529	-1.97607421875	964.6418941521289	953.8129937949224	-10.828900357206521
seelig_cm / by_cre	ACAGGACTTGACAGGAGTGCACCGGACATGCCCGGGCAAGTCCGGTCGACCATGGTTTGTGTAAAAATCAAGTCAACTACTGACCGGAGGCATGGAGTGGAACAAAGGTTGAACCTTTGCACCATGCCGGGAGAGTGTGGAACAA	51680.0	-6173.303674874632	-6173.286585030882	4	3	1	-0.0341796875	1.0	12354.607349749263	12352.573170061763	-2.0341796875	12390.018654303089	12379.131648477132	-10.887005825956294
seelig_cm / by_cre	ACAGGGAATGTATAGACATGCCGGGGGACGTAGACATGTGACCAAAAATGAAAGAGTGCAAAGATCAATGAATATATAAGGGGGGAGAGAGAGAGAGAGAGAGACCAGCGAACATGCCCGGGCATGTAACGGGGGGAGAGGAGAG	51680.0	-7906.916315458041	-7906.901667020541	4	3	1	-0.029296875	1.0	15821.832630916082	15819.803334041082	-2.029296875	15857.243935469907	15846.361812456451	-10.882123013456294
seelig_cm / by_cre	ACAGGGGACATGTCCGGGCTTGTTTGGGGTTGTACAGAGGTGAGGTGAGCAGGGGACATGCCCGGGCATGTTTGCTGCTGTACAAAGGTCCGTTGTTTAGACTTGTTAGTTATGTAACCGAGCTTTGAACGTGACAGGGAGGGGG	51680.0	-22540.150332105415	-22539.924746167915	4	3	1	-0.451171875	1.0	45088.30066421083	45085.84949233583	-2.451171875	45123.711968764655	45112.4079707512	-11.303998013456294
seelig_cm / by_cre	ACAGGGGGGACATGCCGGGGCACGTGACCGGAGTGGGACAAACATTGGTTGTGTACACAACAACTGACCGGAGGCATGGTGGCATGGAGTGCAGCTGTGCACCGGACATGCCCGGGCAAGTTCGGTCGACCTTTGAACCATGGTG	51680.0	-8868.873092075042	-8868.826705356292	4	3	1	-0.0927734375	1.0	17745.746184150084	17743.653410712584	-2.0927734375	17781.15748870391	17770.211889127953	-10.945599575956294
seelig_cm / by_cre	ACAGTCGACCGGAATGTACAAAGGTCAAAGGAGCAAGGGACATGCCCGGGCATGTTTGCTGCGGACAGTCGACCGGAATGTACAAAGGTCAAAGGACTAGCCCTGTTAGTTATGTAACCGAGCTTTGAACGTGGGGCATGTCTGG	51680.0	-11202.491590043064	-11202.442761918064	4	3	1	-0.09765625	1.0	22412.98318008613	22410.88552383613	-2.09765625	22448.394484639954	22437.444002251497	-10.950482388456294
seelig_cm / by_cre	ACATAACTTTACTGCTGCCTGTGGGTCCGCCCATCATCCCGTGCTTATGGCAACTGCTTCCGCCCATCATCCCGTGCTTATGGCAACTGCACGTTATCTGCAAAGCACAGGAGGAGGATGGTGCTGAACCCAGAAAGAACATTAC	51680.0	-482.53965368167206	-482.53852453128144	4	3	1	-0.00225830078125	1.0	973.0793073633441	971.0770490625629	-2.00225830078125	1008.4906119171701	997.6355274779323	-10.855084439237771
seelig_cm / by_cre	ACATCAAACGTGAACCTCTTTGACATGCCCCAGCTGCCCGACGAAATTCTATCCAAGGATTATGTGGTCACATGCATGACTCAGCACGCCGTAAGAGCCAGGGATAAGTGAAAGTCTAGTGATGACTCAGCACAAGGTACAGCGC	51680.0	-1745.4947354690335	-1745.4952237502835	4	3	1	0.0009765625	0.9750701651312458	3498.989470938067	3496.990447500567	-1.9990234375	3534.400775491893	3523.5489259159363	-10.851849575956749
seelig_cm / by_cre	ACATCCGAGATAAGCCGCGCTTCCAATCGATATCTCCGAATGAGTCATTATCTGAGTCGCGCGAGTTACGCGTCTCTTGGAAGCGCTACTCCCCCGGAGGAGCCGCTTACTCAACGCTAATCGAAACTGCGTTATCAGGAAGTAA	51680.0	-1958.0175972456832	-1958.0268745894332	4	3	1	0.0185546875	0.8916508494324791	3924.0351944913664	3922.0537491788664	-1.9814453125	3959.4464990451925	3948.6122275942357	-10.834271450956749
seelig_cm / by_cre	ACATCCTGCAATTGCCAGATCTCTGCGGTTGACTGAGTTATCGCTTTCTAGGAAGCGTACGCGCCATATGAGGACGGACCGATAACGGCGCGCCACCCCCTAAGGACCGATAAGTCATCCCGTCCCATGGGTGTGGGCGGGGCGT	51680.0	-2355.4702066401255	-2355.4619058588755	4	3	1	-0.0166015625	1.0	4718.940413280251	4716.923811717751	-2.0166015625	4754.351717834077	4743.482290133121	-10.869427700956294
seelig_cm / by_cre	ACATGCCCGGGCATGCCGCCGGAATGTTCCACCTCTCTACTCTCCCCCTTCTGTACTGCCGTCAACATGCCCCTGCATGCCTGCCTGTGTGCATTACTACAGAATGTTTGTACTTTGGTCTTTCTCCCTTGTACCAACATGCCCC	51680.0	-1052.0888912633375	-1052.0993893102125	4	3	1	0.02099609375	0.884789598261432	2112.177782526675	2110.198778620425	-1.97900390625	2147.589087080501	2136.7572570357943	-10.831830044706749
seelig_cm / by_cre	ACATGTCTAGGCATGCCAGGTCTTTGATCGAGCTTGAACCCGGCATGCCAACAGTCCGGCGGACATTATGTGGCACTGTTGTATAAACGACCAGCGGCCATCCCTTCACTGAGGTTTCCCTCGGGTAATGTTCAAAGGTTGCTAT	51680.0	-1883.7950752107524	-1883.78909376544	4	3	1	-0.011962890625	1.0	3775.590150421505	3773.57818753088	-2.011962890625	3811.001454975331	3800.136665946249	-10.864789029081749
seelig_cm / by_cre	ACATTCCAGTGACCTCACTTGCTCACGAGCTTCGGAATGTTGACATTCCGGAATGTTTAACCTTTGTACAAACCCTAATTCTCTCAACCTCTGAACATTCCCCATCATGTCAGGGAATGTTTGTCCATGACCGCCTTGACGTCAG	51680.0	-705.245901019716	-705.2491358829973	4	3	1	0.0064697265625	0.9358916008900234	1418.491802039432	1416.4982717659946	-1.9935302734375	1453.903106593258	1443.056750181364	-10.846356411894021
seelig_cm / by_cre	ACCATTGATTGTGTAAACATCAACTCAACTAATGACCGGAGGCATGGTGTGCACCGGACATGCCCGGGCAAGTTCGCTGGACATCAACTGACCGGAGGCATGGTGTGGAACAAAGGTTGAACCTTGGTGGCATGGAGTGGAACAA	51680.0	-8664.352468856236	-8664.298269637486	4	3	1	-0.1083984375	1.0	17336.70493771247	17334.59653927497	-2.1083984375	17372.116242266296	17361.15501769034	-10.961224575956294
seelig_cm / by_cre	ACCCACAGAACCCACACGCGCCGATGACTCAAGAGCGCCCACCCGAGAACACCACACCGATACGCCGATAACACACCCAAGAAGCGACTCCCACGGAAGCGCCCACCCGCGGCGCGCCGATGACTCAAGAAGCAGATAACGAGGA	51680.0	-458.16285171595587	-458.16514053431524	4	3	1	0.00457763671875	0.946057696992352	924.3257034319117	922.3302810686305	-1.99542236328125	959.7370079857377	948.8887594839999	-10.848248501737771
seelig_cm / by_cre	ACCCACCGATATCTTATAATCGGATAATCCAGATGTCAGGTAGCGCTATCCGCGTAAAAGCGCGCCGATTGACGATGCGTCGTCGTATAGTAAGGAAGCAACACGGAATAGAAGAAGCACCGTCACAAAAAGGTGATGACTCATG	51680.0	-796.382970721151	-796.3893794125572	4	3	1	0.0128173828125	0.9098609911114077	1600.765941442302	1598.7787588251144	-1.9871826171875	1636.1772459961278	1625.3372372404838	-10.840008755644021
seelig_cm / by_cre	ACCCAGACCGACCTTGTACCAACATCCAGGCGACCTGTACAGTTCGGAGGCAATCTTTGTACAACCCGGAATGGTTAAACAATCCAACCTCCTCTACGGACTTCCGTCGGAAGGTTCTACTGTAAACAGGTCCCAATTGTATTGC	51680.0	-442.70620817415954	-442.7082223343158	4	3	1	0.0040283203125	0.9493930040310012	893.4124163483191	891.4164446686316	-1.9959716796875	928.823720902145	917.974923084001	-10.848797818144021
seelig_cm / by_cre	ACCCGCGTTATTGGCGGCTTATAAGTCCCGCCCCCATTGGAGGAGATAAGGAAGTGATGCGGCAGCGCCTTTCCGGAAGACGAATGCGCTATCTCGAATAAGTGGCTAGCGATGAGGCTGATGACTCATTAGCGGTTGCGTTATC	51680.0	-8918.4419401425	-8918.419479205	4	3	1	-0.044921875	1.0	17844.883880285	17842.83895841	-2.044921875	17880.295184838826	17869.39743682537	-10.897748013456294
seelig_cm / by_cre	ACCCGGAGGGCACCGGCAGTTTCCGGAAAACGCGGGTGTTACGCGGAAGTGGCACTGTGTCGCTTCCGAGATATCGTCATTCGTAAATGCAGGAAGTATAGTGACTTATAACTCTACCGGCGCGGGCGGCGCGACACCCGTAACT	51680.0	-7916.621223191257	-7916.602180222507	4	3	1	-0.0380859375	1.0	15841.242446382514	15839.204360445014	-2.0380859375	15876.653750936339	15865.762838860383	-10.890912075956294
seelig_cm / by_cre	ACCCGGATTAGAAATGGTGGGGAATGTAAATAGGGGACATGCCCCGGCATGCCCGCTACGTTTGAGCAATGGTCACTTAAGGTAACCTACCGACCGGATTTGTGTTGACCGCGGTAGACAGGACTTTGTTTGCCACCTTGTAAGG	51680.0	-7573.544408536212	-7573.520971036212	4	3	1	-0.046875	1.0	15155.088817072425	15153.041942072425	-2.046875	15190.50012162625	15179.600420487794	-10.899701138456294
seelig_cm / by_cre	ACCCGTGACGCAATTCCTAGAAAAGCACCGCCCAATATAGGGCGGGGCCTCCTCATATGGCGTCGCTTATCGCATCGCGCCCCCTCTAAATCCTAGTTCCAGATATCGCTTTTACGAGTCGTAAGCCGCTCCCGCGGCGTCTTGA	51680.0	-1864.2944549076683	-1864.2971709721214	4	3	1	0.00543212890625	0.941246729457899	3736.5889098153366	3734.594341944243	-1.99456787109375	3772.0002143691627	3761.152820359612	-10.847394009550499
seelig_cm / by_cre	ACCGACCCTGCCCCCGGTGGTCATGTCCCCAGGTGCAGACATGCCCGGGCATGTCCCCTGAGACATGCCGGGGCATGTCCCCTGTCCTGTAGTGCCCCTGACCCCGGGAGACATGCCCGGGCATGTCCCCTGTTCTGTTTGGTGG	51680.0	-1685.559051700212	-1685.5579530673995	4	3	1	-0.002197265625	1.0	3379.118103400424	3377.115906134799	-2.002197265625	3414.52940795425	3403.6743845501683	-10.855023404081749
seelig_cm / by_cre	ACCGGAAGTCCGGACATGCCCAGGCATGTCCGCTAGGTTATTGATTGTTCGCACTTGTCTTTGCGTCACCATTATGCAACCAAAGATCGCAGTTCGCATAGCCCGTCGGAAGTTCCGCCGCTAACATGGGCGGCTTCTGGTGTCC	51680.0	-7012.108551031474	-7012.085113531474	4	3	1	-0.046875	1.0	14032.217102062948	14030.170227062948	-2.046875	14067.628406616774	14056.728705478317	-10.899701138456294
seelig_cm / by_cre	ACCGGAATGTCAACCAACCGGAATGTGACCTGGTTTGTTCAAAGTCCTTTGAACACTGCTGATTGTGTCCGGACATGTCCAAAGGTCAAAACAGCAAACAGAGCTTTGGATTGTTTAGGCTTTTGTTCAAAGGTCAAAGACCGGG	51680.0	-4359.3181211158335	-4359.3134824439585	4	3	1	-0.00927734375	1.0	8726.636242231667	8724.626964887917	-2.00927734375	8762.047546785492	8751.185443303286	-10.862103482206294
seelig_cm / by_cre	ACCTATCCGCCCCCTTTCTTATCTTTTCTCTTACTTATTGGCTTATTGGCGTATCTTTTTTTGCGCGCCCGCCTTTTTTGACTGATTGGCGCTCGCCCCCTCGCTCGTTTTTTTTTACTGACTTATCGGCCCTCGCCCCCCCTTT	51680.0	-305.751201078062	-305.7423814979839	4	3	1	-0.01763916015625	1.0	619.502402156124	617.4847629959678	-2.01763916015625	654.91370670995	644.0432414113372	-10.870465298612771
seelig_cm / by_cre	ACCTCACAGATTGAATTCCGGCTTCCACCCAGGAGGGGCCAGGCTCCTCCCTGCTGCAAACACGTGGCAAAGTTCTGTGGCTCCACCCCAGTGCCTATTCCTCTTAGTGCACACTCCTCCCAGTGCGCAGGTCAGTTGAAGACTC	51680.0	-527.2768887623749	-527.2791470631562	4	3	1	0.0045166015625	0.9464179743908662	1062.5537775247499	1060.5582941263124	-1.9954833984375	1097.9650820785757	1087.1167725416817	-10.848309536894021
seelig_cm / by_cre	ACCTCAGGTTGGCAGAATTGCTGACTCTGCTCCCTAGCCAGATGGGGCTGCTAGATCAGCTGCGCAGGTGGGTGGAGCTGCTGTCTGGGCTTAATGTTCATGTAAGGTCACCAGAAGGGCGTCACTCCACTTCTTTGTTCCTACC	51680.0	-900.8539919605605	-900.847522233998	4	3	1	-0.012939453125	1.0	1809.707983921121	1807.695044467996	-2.012939453125	1845.1192884749469	1834.2535228833653	-10.865765591581521
seelig_cm / by_cre	ACCTCCCCCCTTCTCTTCCCGATTGGCCGCGCGCTCATGTGATTTCTTATCTCCTCTTTCGGGTGAGTCACTTCCTTATCAGCCCCGCCCCTTCCTTTCTTATTAGCCCCGCGCCCAAGCGGTTCCTCCAGTGACTCTTCCTCTT	51680.0	-965.9972282335832	-965.9945426867082	4	3	1	-0.00537109375	1.0	1939.9944564671664	1937.9890853734164	-2.00537109375	1975.4057610209923	1964.5475637887857	-10.858197232206521
seelig_cm / by_cre	ACCTCGCTGTCCGTGACGCTCGCACGGGCAAGGCTGCGAAGCATGACTCAGCAATTGAATGACTCAGCAATGCGGAAAAGATGACTCAGCACATATGTCATCTTTGAACAGATATTATCATGACTCAGCACAATTCGACATGAGA	51680.0	-1639.9369101313714	-1639.932393529809	4	3	1	-0.009033203125	1.0	3287.873820262743	3285.864787059618	-2.009033203125	3323.285124816569	3312.423265474987	-10.861859341581749
seelig_cm / by_cre	ACCTCGTGATCCACCCACCTCGGCCTCCCACAGTGCTGGGATGATGGGCCTGAGCCACCGCGCCCGGCCGGAAATGAGTCTTAAGCAACTGCTGGTAGTGATGCCTCTGAAGTGGACTAACGGAAAACAGCGCGTGACAGAGGAC	51680.0	-2490.749837961144	-2490.739339914269	4	3	1	-0.02099609375	1.0	4989.499675922288	4987.478679828538	-2.02099609375	5024.910980476114	5014.0371582439075	-10.873822232206294
seelig_cm / by_cre	ACCTGGGGACCATTGTTTGTGTAAACATGGGAGACATGCCGGGGGGGTTTGTGTAAAAATCAACTCAACGAATGACCGGAGGCATGGAGTGCAGCAGTGCACCGGACATGCCCGGGCAAGTTCGGTCAAACTTTGAACCTTTGCA	51680.0	-19737.67938769587	-19737.51288378962	4	3	1	-0.3330078125	1.0	39483.35877539174	39481.02576757924	-2.3330078125	39518.77007994556	39507.58424599461	-11.185833950956294
seelig_cm / by_cre	ACCTTCCTTCTCAGCCCCGCGCCAGACCTCAGCCCCGCCTTCCAGGCTAGTCCCCGCCCCTCGGACACACCCACAGACTTCGGCCCCGCGTCCCAGCACTAGGCCCCGCCTGACACAGCCACGGACTGGGCCTTGCCTCCCAGCT	41344.0	-121.32280111122401	-121.32042074013026	4	3	1	-0.0047607421875	1.0	250.64560222244802	248.64084148026052	-2.0047607421875	285.1643325710171	274.52988924168733	-10.63444332932977
seelig_cm / by_cre	ACCTTGGTGTGCCGTGGCTAAGCCACACTCCACCCCTGACCTGCGGGGGATGAGTCAAACGGTCAGACTTGCCTGGGCTTGTTCCACGCTCCCCTGGCTAGACAGGCGTCTACACATTCTCAGTTAGGGGCTGGACAGGGGCAGC	51680.0	-7727.068282675806	-7727.054610800806	4	3	1	-0.02734375	1.0	15462.136565351611	15460.109221601611	-2.02734375	15497.547869905437	15486.66770001698	-10.880169888456294
seelig_cm / by_cre	ACGAAACGCTAGCGGAAGCTATTGGTCGCGTCATCGGATTTCAGGACGGCGCTTCCGCGTAAGACGCGGCTTTAGGAGCTAATGAGTCATCAGCGCTATCTTAGCATACTAACGCCTTATACCGGATTTTATGCGGAGTATGACA	51680.0	-2602.009799077291	-2602.006869389791	4	3	1	-0.005859375	1.0	5212.019598154582	5210.013738779582	-2.005859375	5247.430902708408	5236.572217194952	-10.858685513456294
seelig_cm / by_cre	ACGATACAGCGGTTTTGCGTAGCTCTAGTAATTGAATCGCGCGGCTTAAGCAGCCTATATCTTATCTTAGCGTGTCGTTTTCCGCGGATGCAATTTCCTGAAACTGACATCGATTGGCGCCGCCTAAATACGCGGATACGCTAGC	51680.0	-1109.5413277676005	-1109.544135384788	4	3	1	0.005615234375	0.9402665342404589	2227.082655535201	2225.088270769576	-1.994384765625	2262.493960089027	2251.6467491849453	-10.847210904081749
seelig_cm / by_cre	ACGATGAGTCACCCCATATCGCCGTATCAGGAAGCGCATCCGAGAAAAAAGATAACGCGCCATCCGCGAAAGGAAGGGCGGAACGGAGGGCGCATCCGCGAAAGGAGCCGCCTATAGGAAACGGGGGGGCCCCGCCTATAAGAAA	51680.0	-1475.2042531957625	-1475.211211203575	4	3	1	0.013916015625	0.9060944686087846	2958.408506391525	2956.42242240715	-1.986083984375	2993.819810945351	2982.9809008225193	-10.838910122831749
seelig_cm / by_cre	ACGATGAGTCACCCCCGATCGCCATATCTCCATATCGCGGAAGATATAAGCATATAGCCCCACCCATAGGCAGATCTGGGGGGGTGGGGGGGAGGAAGCGCATCCGCGAGGGGCGGGGCCTATAAGGAAGCGTATCCCGGAAAAA	51680.0	-1333.7674442952127	-1333.7667118733377	4	3	1	-0.00146484375	1.0	2675.5348885904255	2673.5334237466755	-2.00146484375	2710.9461931442515	2700.091902162045	-10.854290982206749
seelig_cm / by_cre	ACGATGAGTCAGCGCCTATCGGAGAAAGCGGAAGCGCATCCAAAAGAAACAATGAGGGCCCACCCATAAGAAAACGCATCCGCGTATCCGAGAGAAACGATGAGTCAGTCAGGAACTGAGTCACCGCCTATAAGAAACGATATCA	51680.0	-11219.8431921511	-11219.7992468386	4	3	1	-0.087890625	1.0	22447.6863843022	22445.5984936772	-2.087890625	22483.097688856025	22472.15697209257	-10.940716763456294
seelig_cm / by_cre	ACGCACGCGACGGAAGTTCTCCGGGCATGTAGTCGACATGCAGCAGACATGTCTAAGGACTTTGCGGCAGGCCTGCCCAGGCAAACGTCGCGGAATGTTTACCTTTGACCGCAGGTCTACAGACCACTGGAGGTTGTAGTCACGG	51680.0	-1501.776228775564	-1501.764754166189	4	3	1	-0.02294921875	1.0	3011.552457551128	3009.529508332378	-2.02294921875	3046.963762104954	3036.0879867477474	-10.875775357206749
seelig_cm / by_cre	ACGCGCTTCGAGATAAGGTTACTTCCTCGTAAGGCCCCGCCCATACGCGTCTTCGAGGACGCGTCTTCTTATCTGTCTTCCCGCGCGCGGAGACGCGTCTTCTTCCTCGTATCGCCCCGCCCATGCGTTCTCTTGAGGACTTCCC	51680.0	-139.32612271158126	-139.3373379215422	4	3	1	0.022430419921875	0.8809477461514875	286.6522454231625	284.6746758430844	-1.977569580078125	322.06354997698844	311.23315425845385	-10.83039571853459
seelig_cm / by_cre	ACGGCATGCCCGCTGCCCCGGTAGGCCAGGGGCAAAGGACTTTGGACTGTGGCACCAAACAATGACCGGAAGGTCAGGTGAACAAAGCAAACAATGACCGGACGGTCATGCCCGGGCATGTCCCCTGGCAAAGGTCAAACACCAA	51680.0	-802.1522650877491	-802.1632514158741	4	3	1	0.02197265625	0.8821598636253973	1612.3045301754983	1610.3265028317483	-1.97802734375	1647.7158347293241	1636.8849812471176	-10.830853482206521
seelig_cm / by_cre	ACGGTCTTCCTAAAGCACGGTCTGCCCTTGTTTGCCACAATCAGCACTTCAAGGCTGACACCTGACACACAGAAATGACTCCATCCTAAACTTTCTATTTCGGGACTGGGGTTGCCAATTCATGGGACCCAGAAAACAGCAAGTC	51680.0	-744.7801164497852	-744.7870744575977	4	3	1	0.013916015625	0.9060944686087846	1497.5602328995703	1495.5741489151953	-1.986083984375	1532.9715374533962	1522.132627330565	-10.838910122831294
seelig_cm / by_cre	ACGTGCTTCCTCGTAAGGCCCCGCCCATGCGCGGCTTCGAGGACGCGTCTTTTCGAGGACGCGCCTTCTTATCTGCCCTCACGCGCTGACTCAGCCCCGCCCATATACGCTGACTCATCCTTCTCTTCCCGCGCTGACTCAGCGC	51680.0	-339.2826417752359	-339.2952455350015	4	3	1	0.02520751953125	0.8738510615338257	686.5652835504718	684.590491070003	-1.97479248046875	721.9765881042978	711.1489694853725	-10.827618618925271
seelig_cm / by_cre	ACTAACGGGGCGGCGCGCCTCTTTTTCGCATCCGAGAAATAGGTGTGGCGCGTTCCGATACGACGCGTGACTACTCCGAGAACACTCCCTCGAAGGATCGCGCCCCCCGCATCCAGAAATCGCATAGAGTCTCATAAGGAAGCGC	51680.0	-518.4978708313985	-518.5050424622578	4	3	1	0.01434326171875	0.9046706097094248	1044.995741662797	1043.0100849245157	-1.98565673828125	1080.4070462166228	1069.5685633398853	-10.838482876737544
seelig_cm / by_cre	ACTAGGGACATGCCCGGGCATGTTTGCGTCTGTACAAAGGTCAAAGGAGCAGGGGACATGCCCGGGCATGTTTGCTGCTGACAGTCGGTCGGTCGACTAGACTTGTTAGTTATGTAACCGAGCTTTGAACGTGACAGGGGGGGTG	51680.0	-20393.401344806225	-20393.183083087475	4	3	1	-0.4365234375	1.0	40794.80268961245	40792.36616617495	-2.4365234375	40830.213994166275	40818.92464459032	-11.289349575956294
seelig_cm / by_cre	ACTCAAGAAAGATCTTGTGGGCGCGGCTTATCTTACGGGTGGGGCTTCATGAGACCCCGACCCGTTCCGCGAAGACTGTGTAGAAACGCCACACCCTGGAAAATAGAAATCGTAAATAAAGTTATCTCACAGTGAAATATCTACA	51680.0	-849.5319329501449	-849.5318719149886	4	3	1	-0.0001220703125	1.0	1707.0638659002898	1705.0637438299773	-2.0001220703125	1742.4751704541156	1731.6222222453466	-10.852948208769021
seelig_cm / by_cre	ACTCAATCCCACAGTGTGCTAACAGTCGGGATCCCAAACCGGTTTATGCACCTTCTGGGCTCTCCTGACTGGCTTATGTGGCCACCTGCAGAGATCAGGGCCACCCTCTCTGGGAAATCGCATGCCCTGCTGCAGATGGCTTCTC	51680.0	-448.65400926236657	-448.6495536959603	4	3	1	-0.0089111328125	1.0	905.3080185247331	903.2991073919206	-2.0089111328125	940.7193230785591	929.8575858072901	-10.861737271269021
seelig_cm / by_cre	ACTCACCAGGGGCCAGGCAAGCATGAGTCATTCCACATTGCAAATGGCACTGAATGAATGCCAGTCTCTGTTTCCTCTCTAGCCTTGTTCTAGTCAGTCTACAGAAACAGAACAGCAACCATTTGCTGGTCCCACTTACGTCTCA	51680.0	-975.916708239149	-975.9205534539927	4	3	1	0.0076904296875	0.930119018226123	1959.833416478298	1957.8411069079855	-1.9923095703125	1995.2447210321238	1984.399585323355	-10.845135708768794
seelig_cm / by_cre	ACTCCTAGCCTAGCTGGAGGATGTGCCAGGCTCACCAAGGTACAGGGGAAGGGCCCTGAGGTTGAGCTGCGCTGCTCTCAGCCACAAAGAATGCCGCTGACTCACAGCAGTGAGGCAGGCAGACGGTGACTCAGGGGTCACACAG	41344.0	-556.9845284866595	-556.9833688186908	4	3	1	-0.0023193359375	1.0	1121.969056973319	1119.9667376373816	-2.0023193359375	1156.4877873218882	1145.8557853988084	-10.63200192307977
seelig_cm / by_cre	ACTCTCTGTTTGTGTTTGACCCCTGTAATGTTTGTTCCCTGGGAACATGCCGGGGCACGTGACCTCTGTCCGGTAATGTTTGTTCAAAGGTTCACAGGGAACATGCCTGGGCATGTCCTTTGAACAAAGCAAACATTACACAAAG	51680.0	-11466.903635075148	-11466.856271793898	4	3	1	-0.0947265625	1.0	22941.807270150297	22939.712543587797	-2.0947265625	22977.218574704122	22966.271022003166	-10.947552700956294
seelig_cm / by_cre	ACTGGTGGGGACAGATAAGTACTGTGCTGGTGGGGACAGATAAGGGACTCCCCTGGTGGGGACAGATAAGGACAGAAGAGTCCAATCGTAAGATCTGGTGGGGACAGATAAGGACGCCCACAAACCTGGTGGGGACAGATAAGCA	51680.0	-3757.9197697470217	-3757.9002384970217	4	3	1	-0.0390625	1.0	7523.8395394940435	7521.8004769940435	-2.0390625	7559.25084404787	7548.358955409413	-10.891888638456294
seelig_cm / by_cre	ACTTATTGGCGTATCGGCCTTTTTTTTCCCGCGCCCTTTCCCTCTCTTTTTTTTCCGCGCTTTGACTTATTGGCGTATCGGCGTATCGGCTTATTGGCCTATTGTTTTTCTCGCGCTTCCTTTTTTTTATTCTCGCGCGCTTCCT	51680.0	-1505.665899844643	-1505.6787172274555	4	3	1	0.025634765625	0.8727955222481145	3019.331799689286	3017.357434454911	-1.974365234375	3054.743104243112	3043.9159128702804	-10.827191372831749
seelig_cm / by_cre	ACTTGAGGGCGACGCATCGAGGAAGTGCGTCAGACTTCGCGGCTAGCGCGTCATATGCGAGATACGCCTTCTTAAGGAAGTATCACACCCGCATCGCGAAACAACTGGTCTTCGCGGATAGCGCGGCTCTTACTCGTTATCAGGA	51680.0	-7848.845578523617	-7848.801144929867	4	3	1	-0.0888671875	1.0	15705.691157047235	15703.602289859735	-2.0888671875	15741.10246160106	15730.160768275104	-10.941693325956294
seelig_cm / by_cre	ACTTGTCACGTGACCGTAGGGATTGCATCAACTTTGGACATGTCCGGTCATGTCACCAGAGCATGTTTGTTCATACAAACTCTGTTGATCTGCTGAACTCCTGCCTCACAATGGCTCAGCAGGTTTGCACAGGAGCAATGGTCCG	51680.0	-10240.166092772926	-10240.109452147926	4	3	1	-0.11328125	1.0	20488.332185545853	20486.218904295853	-2.11328125	20523.743490099678	20512.77738271122	-10.966107388456294
seelig_cm / by_cre	ACTTTGTTTTTATTACTCCTTATGATTCAGCCCTTACTTAGCTTACAAGGACTTCCTCATGTCTGAGCTCTAGCCATAATAGCTGACTGTTGGATGAGTCATCGGGGGGAGGTTCTTCTTCAGGCTGCAGATTGGCGGTCAGCCC	51680.0	-4620.290689522525	-4620.277994210025	4	3	1	-0.025390625	1.0	9248.58137904505	9246.55598842005	-2.025390625	9283.992683598875	9273.114466835419	-10.878216763456294
seelig_cm / by_cre	AGAAAATTCCTGGATGACGCGGAAGTTATCGCTTCCGCGTCCGTGCTTAAGATATAAGACGATATCTTAACTTCCGTTTTATCTCGCACACCATGGGGGCGGGACGTCATTGGAGGGCGGTTCTCGGATACGACATCCACAGGTG	51680.0	-2595.329997971085	-2595.326091721085	4	3	1	-0.0078125	1.0	5198.65999594217	5196.65218344217	-2.0078125	5234.071300495996	5223.21066185754	-10.860638638456294
seelig_cm / by_cre	AGAACTTCTCGTACCATCGGGTTATGATAGTGTCGCGAGAGCCCTCAAGGTGTTTAACAGAGGACTAGTACAACATACTTATGGGCCAGGGAAATAAGAATCCTATCATGCGCTAAGGATTCACTGACATGCCCGGGCATGGCGA	51680.0	-3018.3845115733884	-3018.3852439952634	4	3	1	0.00146484375	0.9694697968508501	6044.769023146777	6042.770487990527	-1.99853515625	6080.180327700603	6069.328966405897	-10.851361294706294
seelig_cm / by_cre	AGAAGAGTCGTCTCGCGCTTCCAGGAAGAGTCGCAATCGCAAGTAAATTCCAATAGATCGCGGAAGTGACACTTCCTGATTCATCAGATGACGCCTCATCTGTGATGAGTCATCAGACCACGTTATCCGTAAGGCGCCGTGTGGG	51680.0	-4746.670251612832	-4746.663415675332	4	3	1	-0.013671875	1.0	9501.340503225663	9499.326831350663	-2.013671875	9536.751807779488	9525.885309766032	-10.866498013456294
seelig_cm / by_cre	AGACAGCCACTATGATATTGAGTCAGTTGTTTGATAACTGAGCAGGCTACTAAGTGATGGGCGGTAGCGTAGACAGTGTGGATCTGCTAGATAAAGAGGTGATTCACATCCTGGGTGGGATGGTGCAGGATTTCATCACGCTACT	51680.0	-6931.995155722604	-6931.954140097604	4	3	1	-0.08203125	1.0	13871.990311445208	13869.908280195208	-2.08203125	13907.401615999033	13896.466758610577	-10.934857388456294
seelig_cm / by_cre	AGAGAATCTCCAACCTGCCCCACAAGTGTTTACATCAGATACTTTTGCACAGAGGGAACCTGCCCAGGGCTTGTCTGGGCATGCCCATAACTGACTGGATCCTGATATGCACATGGGGGGAAGTGGGTGGAGCCAGAGGGAATTC	51680.0	-9845.985357951891	-9845.954107951891	4	3	1	-0.0625	1.0	19699.970715903783	19697.908215903783	-2.0625	19735.382020457608	19724.46669431915	-10.915326138456294
seelig_cm / by_cre	AGAGATCCACGCATATCGTCCTCCGCAAGGGGTTGTGTGGCAACAGGTTGCGCGACTTACGATATGCAAGTAAGCGCTATCGGCTTTCTCAAGCGGCGATGACTCATCCGTCGTAACTTATAACTTCCTCGTGCGTCCCCCCCCG	51680.0	-690.4811633211668	-690.4901965242918	4	3	1	0.01806640625	0.8930773210718974	1388.9623266423337	1386.9803930485837	-1.98193359375	1424.3736311961595	1413.538871463953	-10.834759732206521
seelig_cm / by_cre	AGAGGACAATCCACACTCCTCCCAGCAGCCTACGGGGTCCTGCGTCATCGGCTCCCTTCCTGCTTTCCAGCCTCAACCCAAGGTCACTCTCTTCCCTTCCCTCCCCTACTTCAGCCCCCTGGCCTCAGCTCTTTCACTCATGCTT	51680.0	-503.3792441862204	-503.391847945986	4	3	1	0.02520751953125	0.8738510615338257	1014.7584883724408	1012.783695891972	-1.97479248046875	1050.1697929262666	1039.3421743073413	-10.827618618925271
seelig_cm / by_cre	AGAGGATGAGTCATCGGCGGGGGGCGGGCCGATAAGGGCGGCGCTTCCAGGAAGTGACTCATGGGCGGGGGGCGGGCCCAAGAGGAAGTCACTTCCTATATCGGCGGGGGGCGCAGCCTATAGGCCCGCCCCCCCCCCCCCCTAT	51680.0	-1096.481946571567	-1096.4869514543796	4	3	1	0.010009765625	0.9203055701028053	2200.963893143134	2198.973902908759	-1.989990234375	2236.37519769696	2225.5323813241284	-10.842816372831749
seelig_cm / by_cre	AGATAAACTCTTTCAACCAATCACCAATCGTGAAATATTTGAATCCACCAATGCCCTGGACGCCCTCCCACCCAAGATGTCCCGCCTTCCCTGACGAGACCAATGTACATCTTACAGGTATTGATTGATGTCTCACGTCTCCCTA	51680.0	-845.2688843431914	-845.2786499681914	4	3	1	0.01953125	0.8888541627681966	1698.5377686863828	1696.5572999363828	-1.98046875	1733.9490732402087	1723.1157783517524	-10.833294888456294
seelig_cm / by_cre	AGATAACCTATTTCTCGGAAGCGGTATCTAGGCGTTCGAGATAGCGGGTCATGGGGATTGGGTGGGGAAGATATCTCGCGAATGGCGGGTGACTTCCTCGAAGCGCGCGCCTCCCTCGAAGATAGCGTCTTAAAAAAGTGGTCTG	51680.0	-5653.053175279934	-5653.037794420559	4	3	1	-0.03076171875	1.0	11314.106350559869	11312.075588841119	-2.03076171875	11349.517655113694	11338.634067256487	-10.883587857206294
seelig_cm / by_cre	AGATAAGGAAGAAGCGTCCTTATCCCACGAATGCGATTCGCCGTAGGGGCGGGCCAATTAGGAAGTGACTCATCGGGATTCGTTATCTCTCTTTCAGGAAGCGACTCCCCCGAGACGCCGCCCTTCCGCGAAGCGCCGCGCCACC	51680.0	-1513.1225886906936	-1513.1241756047561	4	3	1	0.003173828125	0.9550735520619895	3034.2451773813873	3032.2483512095123	-1.996826171875	3069.6564819352134	3058.8068296248816	-10.849652310331749
seelig_cm / by_cre	AGATATACTTACAACAACGTAGCTCCGCGATATCGCTTCCTGAGTCGCGAAAGTCTAGGAAGTGACACTTTATCTGCGGAAGACCCCCACCCAAAGAAGCGACGCAATACGCGGATAAGTCTTATCAGTCCTGTGTAGGCGAGCA	51680.0	-622.1331580312733	-622.137735667992	4	3	1	0.0091552734375	0.9237721896287059	1252.2663160625466	1250.275471335984	-1.9908447265625	1287.6776206163725	1276.8339497513534	-10.843670865019021
seelig_cm / by_cre	AGATGACTCAGCTAAAGCTTCAGTTTCCTTATCTGCACAGTAGGGATAACAGGGCTGTTGAGAAGAAGGAATGAGATTATGCGTGGTAAGCACCCAGCCCAGCACAATGTCTGGCACACAGCAAGTGTTCAATACACGTTCGTGT	51680.0	-2069.0248385430955	-2069.0199557305955	4	3	1	-0.009765625	1.0	4146.049677086191	4144.039911461191	-2.009765625	4181.460981640017	4170.598389876561	-10.862591763456294
seelig_cm / by_cre	AGATGTCTGTTTACATACCAAAGTTAAAAAGCTGGAATGTTACCAAGACTGCTTTCTTCTGCCCATAGACGGGGATGACTCAGCACTACCCCTCAACAGAGATGACTTTGATGACTCTGCCCCTCAGCAGGGCTTACTAAGCACT	51680.0	-1646.4660132811905	-1646.479074804628	4	3	1	0.026123046875	0.8716001792611932	3300.932026562381	3298.958149609256	-1.973876953125	3336.343331116207	3325.5166280246253	-10.826703091581749
seelig_cm / by_cre	AGATTGTCTTCCATGAAACTGGTCCCTGGTGCCAAAACGGTTGGGAACCGCTGCTTTATAGCACTCAAGATAAGCAAAGTGCCTGCAGCCAAGGATGTGAGTCACCAGAACTAGGTGGAAGAACCACTCTGAGAAAGAAACTGCT	51680.0	-724.728285599687	-724.7332294473432	4	3	1	0.0098876953125	0.9207913930308479	1457.456571199374	1455.4664588946864	-1.9901123046875	1492.8678757531998	1482.024937310056	-10.842938443143794
seelig_cm / by_cre	AGCAACCGGGAGGAGCCGCATGAGATGACTCATCCGTCTGAGGCGATACGCCCCCCCGTATAGGTTATGAGTCATTGGCGCTGCGCGTGACGAAGTTACGTCCTATAAGACACGTAATCGGTAGGGCGAGCTTATCCCGGAAGAC	51680.0	-15754.847678608925	-15754.741233296425	4	3	1	-0.212890625	1.0	31517.69535721785	31515.48246659285	-2.212890625	31553.106661771675	31542.04094500822	-11.065716763456294
seelig_cm / by_cre	AGCACAGGCTGGTGTTCCCACTGGGGGCAGCATGGAGGATCTGCGTCCAGGGGGCAGAGTGTGATGACATCACCCACATGCACAGGAACGATAAGGCTTTCTTAAAAAACGATCTTTTCTCAACAGCTCCTCAAAAGGAGCTGAG	51680.0	-4644.7760793526195	-4644.7743703682445	4	3	1	-0.00341796875	1.0	9297.552158705239	9295.548740736489	-2.00341796875	9332.963463259064	9322.107219151858	-10.856244107206294
seelig_cm / by_cre	AGCAGTTTCTTTCTCAGAGTGGTTCTTCCACCTAGTTCTGGTGACTCACATCCTTGGCTGCAGGCACTTTGCTTATCTTGAGTGCTATAAAGCAGCGGTTCCCAACCGTTTTGGCACCAGGGACCAGTTTCATGGAAGACAATCT	51680.0	-304.71096320191975	-304.7065076355135	4	3	1	-0.0089111328125	1.0	617.4219264038395	615.413015271027	-2.0089111328125	652.8332309576655	641.9714936863965	-10.861737271269021
seelig_cm / by_cre	AGCATAAGGCAGGCCAGATCTGAGTCAGAGGAAGCGTGAGTCACGCCATATCGCGGAGGGAGGAAGGATGAGGCGGCGCCTATCGCCAGATCAGGAAGCGCATCCGCGAAAGACGATGAGTCCGCATCCGCGAAAAACGGCGCCT	51680.0	-7424.869016992749	-7424.850950586499	4	3	1	-0.0361328125	1.0	14857.738033985497	14855.701901172997	-2.0361328125	14893.149338539322	14882.260379588366	-10.888958950956294
seelig_cm / by_cre	AGCCACTTAATCAAACGGGCATGTTTGGTCACGTCCCCAGAATTCCGGTACATTTCACCTCCGGCCGGACTTCGGCCGCCATGCCCCCCGGCAACAATGCGCCGGCATGACCGCTGCTCACCTGTACATTACATTACATAACCAA	51680.0	-472.9234770923981	-472.926620402945	4	3	1	0.00628662109375	0.9368033795777454	953.8469541847962	951.85324080589	-1.99371337890625	989.2582587386222	978.4117192212594	-10.846539517362771
seelig_cm / by_cre	AGCCAGATGATGAATATTCACTGAATTCCTGCTGCATTAGTCAGAGTCCCCTAAGGAGACAGATGGCAAACTCAGATTAGGAAAAGGGTTATGACAAGCAGAATGTTTTCCTGGGTGGAGTCGGGGCATGTGAGAGAACCACAGG	51680.0	-6210.392082912381	-6210.369621974881	4	3	1	-0.044921875	1.0	12428.784165824762	12426.739243949762	-2.044921875	12464.195470378587	12453.29772236513	-10.897748013456294
seelig_cm / by_cre	AGCCCCTATCCGCCCCACGATGACTCACCCGCGGGGGGCGGACCCCTATCTGCGAGTAACCCCCACCCCGTATCTCCCTATAGGGCGGGCGATAACTCAGGATATGGATAACTCAGCCTATCGGCGGGGGAGGGCGCGCCACCCT	51680.0	-1315.0957784910283	-1315.0974874754033	4	3	1	0.00341796875	0.9533795178296435	2638.1915569820567	2636.1949749508067	-1.99658203125	2673.6028615358828	2662.753453366176	-10.849408169706749
seelig_cm / by_cre	AGCCCTGCAGAGGGAAGGACTGAGGAAGGCAGCTCAGAGGCCTCAGGCAGCCACAGTGTGCATGCTTGTCTATGACTCACAGCTACGACGTGGCCTGTGCTGCTGCAGCTGCTGATAAGCCTCAAACCTCATATACCACTCTCTT	51680.0	-444.6768680600836	-444.673541644068	4	3	1	-0.00665283203125	1.0	897.3537361201672	895.347083288136	-2.00665283203125	932.7650406739932	921.9055617035054	-10.859478970487771
seelig_cm / by_cre	AGCCGATGTCGCTTCATCATAATGAGTCAGCCCTTGTTAGTTTATCTGCTTCGCGAAACGCGCGTCACGCGACACAAGGATGTGTCGCGCGCATGATGCGCCGTAAGAGAACTATACTTCCTTATCGGTTCTGCGAGATAAGGAA	51680.0	-4841.809115202344	-4841.798373014844	4	3	1	-0.021484375	1.0	9691.618230404689	9689.596746029689	-2.021484375	9727.029534958514	9716.155224445058	-10.874310513456294
seelig_cm / by_cre	AGCGCGTATCTCCCTCAGCGCCCCACGGCGTATCTCGGCGCGTAAGACTCACCCTATATCCGACTCACCCCCAGGATGAGTCACCCCCTATCCGTATCGCGCCGCGCCACTCTCAGAGGAGAGATAAGAGGATGACTCACCCCCA	51680.0	-688.1506314180971	-688.1578946016908	4	3	1	0.0145263671875	0.904066975974098	1384.3012628361942	1382.3157892033817	-1.9854736328125	1419.71256739002	1408.8742676187512	-10.838299771268794
seelig_cm / by_cre	AGCGGATCCGCGTAATCTGAAGGGATAGGAGATTTATGGACGATATATCCGCCACACGCACAGCGACACCGGTTTCTTGAATCCGAGAATATGGAAAAAGCTTATGAGTCGTCAGCGCCTCAAGAGGAGGTGTTGCTTTTTTAGG	51680.0	-1553.8515617345897	-1553.8553459142772	4	3	1	0.007568359375	0.9306744386883514	3115.7031234691794	3113.7106918285544	-1.992431640625	3151.1144280230055	3140.269170243924	-10.845257779081749
seelig_cm / by_cre	AGCTGCAGCCCCCACTACCACTCCCCCGTCCCCGCAAAGCCGCGGCAGAAACTTCCGGCGGTGCTCATTCGGAACGCGGCCGACAGAAACACTTCCGGTCGGTGTTGTAGGAAACGAAGCCGACTGGCAACCGAGGGTGAAAGCT	51680.0	-1609.5822765205567	-1609.5863048408692	4	3	1	0.008056640625	0.928478895691214	3227.1645530411133	3225.1726096817383	-1.991943359375	3262.5758575949394	3251.7310880971077	-10.844769497831749
seelig_cm / by_cre	AGCTGCTGTTACGGATTCTTTCTGTAAAGTGGACATTTCGGCCGCTTAGTGAGGCGGGCACGGGATGGTGGCAATGATCAAAGGTCCTACCTGTGGGCCGAACACTAGACATGCCCGGGCATGTCCGTAGCTCTCGTCAACAAAC	51680.0	-13110.157850511412	-13110.077772386412	4	3	1	-0.16015625	1.0	26228.315701022824	26226.155544772824	-2.16015625	26263.72700557665	26252.714023188193	-11.012982388456294
seelig_cm / by_cre	AGCTGCTTCTGGCATTGATTCATTGGCTCAAAGGCATCAGAGCGAGTGTCTCTGCTATTCTCTTGGCCTTCCTTTTCCTCGTAGTAGCAAGGCAGTCACAGCTACCAACAGCACATCCGTAAGGCTGGAAGAGGCACGGAAGTTG	51680.0	-757.9823701613761	-757.9797456496574	4	3	1	-0.0052490234375	1.0	1523.9647403227523	1521.9594912993148	-2.0052490234375	1559.3760448765781	1548.517969714684	-10.858075161894021
seelig_cm / by_cre	AGCTGGGAGGCAAGGCCCAGTCCGTGGCTGTGTCAGGCGGGGCCTAGTGCTGGGACGCGGGGCCGAAGTCTGTGGGTGTGTCCGAGGGGCGGGGACTAGCCTGGAAGGCGGGGCTGAGGTCTGGCGCGGGGCTGAGAAGGAAGGT	51680.0	-1289.5197572071718	-1289.5090150196718	4	3	1	-0.021484375	1.0	2587.0395144143436	2585.0180300393436	-2.021484375	2622.4508189681696	2611.576508454713	-10.874310513456749
seelig_cm / by_cre	AGCTTCCTTATGAGTCGCTTCCCCTCGCTGTGTGACAAGAAGATGCTATATCCCGATAACGATGATTCGTCACTTCCGCGCAATTCGTGATAAATGATTTGGATGCGCGCCGCGTATCGAAGCGCCACCCACAGCGTAGATGCGT	51680.0	-1407.8013229442993	-1407.7905807567993	4	3	1	-0.021484375	1.0	2823.6026458885985	2821.5811615135985	-2.021484375	2859.0139504424246	2848.139639928968	-10.874310513456749
seelig_cm / by_cre	AGCTTGCGTTAGGCAGCATGCAGTGCACCAACCAGCGAACGTTGTCAGGGACATGCTCAGGGCATGCCCGGACATGTCCGCCAGCATTGTTTGTGAATGTTTGTACAGTGGCCAATGAACGTAAACATTACGTAATCAAGCCACT	51680.0	-20920.289036639766	-20920.083470233516	4	3	1	-0.4111328125	1.0	41848.57807327953	41846.16694046703	-2.4111328125	41883.98937783336	41872.7254188824	-11.263958950956294
seelig_cm / by_cre	AGCTTTATCTCCTGCCTCCGGTCCCAAGGAGGCACCGCCGATTTCGCGGAAGCGCCGCGCGCCCCCTAGGCCGCGAACGCTGATGAAATCGCGCCTTAGAAATAAGATATATCGCAACGCGTGCTTATAAGTTCATTATCTGGGG	51680.0	-1063.1054939285834	-1063.110987092646	4	3	1	0.010986328125	0.9165220626315069	2134.210987857167	2132.221974185292	-1.989013671875	2169.622292410993	2158.780452600661	-10.841839810331749
seelig_cm / by_cre	AGCTTTCACCCTCGGTTGCCAGTCGGCTTCGTTTCCTACAACACCGACCGGAAGTGTTTCTGTCGGCCGCGTTCCGAATGAGCACCGCCGGAAGTTTCTGCCGCGGCTTTGCGGGGACGGGGGAGTGGTAGTGGGGGCTGCAGCT	51680.0	-10016.285914253402	-10016.282008003402	4	3	1	-0.0078125	1.0	20040.571828506803	20038.564016006803	-2.0078125	20075.98313306063	20065.122494422172	-10.860638638456294
seelig_cm / by_cre	AGGAAAGAGTTACGTTATATCTTGCGTGTCTGACTGGCGGTGAGTCATAGGAAAGAGCGGCGTGATATCTTGTGAGTCATAGAAGGGGAAGGAAGGGCTTCCAGATAAGGAAATGAGTTGTGAGTCATAGGAAAGGAAGGGCGGT	51680.0	-27063.21847230036	-27062.85128480036	4	3	1	-0.734375	1.0	54134.43694460072	54131.70256960072	-2.734375	54169.848249154544	54158.26104801609	-11.587201138456294
seelig_cm / by_cre	AGGAAGCGGATGGAGACGCGGTTTCTTATGAGTTATCGCGATATAGGACGCGGTTTCTTTTTTTCGCGGTTTCTTTTGAGTTATCGCGGAAGCGCGTTATCGCGGAAGCGCGATATATTTCTTATAAGGATGCGGAAGTTATTTC	51680.0	-12549.531861125124	-12549.439087687624	4	3	1	-0.185546875	1.0	25107.06372225025	25104.87817537525	-2.185546875	25142.475026804073	25131.436653790617	-11.038373013456294
seelig_cm / by_cre	AGGAGAGAGAGGTGAACAAAGGCCTCCGGGCATGCCCCCAGCAGTAGACCACGACCCCAGGGGGGCAGTGGACAAACAACCCCGGGCATGCCCCCAGCAGTACACAACCAACAGGAGAGAGAGAGAGAGAGGTGAACAAAGGCCA	51680.0	-469.4865787911528	-469.4897831368559	4	3	1	0.00640869140625	0.936194067079128	946.9731575823056	944.9795662737118	-1.99359130859375	982.3844621361316	971.5380446890813	-10.846417447050271
seelig_cm / by_cre	AGGATGCGCTTTCCTGAGTCACCGATGATGCAATTGCATCAGATGTAAGCGCCTATAGCTTCCTCAAAAGGCGCCGCCCTTCCAAGAATCTAACTAAGGGGAAGAATGACTACTTATAGGACGAGATTTCAGAATATGATCACGC	51680.0	-9122.631727489268	-9122.594618114268	4	3	1	-0.07421875	1.0	18253.263454978536	18251.189236228536	-2.07421875	18288.67475953236	18277.747714643905	-10.927044888456294
seelig_cm / by_cre	AGGCACTCAGCGCCCCACGCTGACTCACCCCAAGGAGGAGGAAGCGTATCTGCGTATCAGGGCGGAAGGAAGCGGAAAAGGATATGACTCACCCGCAGCGGCGGGCGAGAAGTCAGCGTATCGGCGTATCAGGAAGCGCCACCCT	51680.0	-9683.177550102708	-9683.132628227708	4	3	1	-0.08984375	1.0	19374.355100205416	19372.265256455416	-2.08984375	19409.76640475924	19398.823734870784	-10.942669888456294
seelig_cm / by_cre	AGGGAGAGAGGACAAGCCCCGGCATGCCAGGGGGGACAAGCCCAGGCATGCCGGGAGGGGACCATGACCCCAGCGGGAGAGCAGGGGGGCAGTGGACAAACAACCCGGGGCATGCCCCCAGCAGGAGAGCAGTGGACAAACAACC	51680.0	-1514.8761998660523	-1514.8666783816773	4	3	1	-0.01904296875	1.0	3037.7523997321045	3035.7333567633545	-2.01904296875	3073.1637042859306	3062.291835178724	-10.871869107206749
seelig_cm / by_cre	AGGGGGACATGCCCAGGCATGTCTGGACTTCCGGTCAGGATTGCCTCAGCTGACGTTTGGACTTTGGTTCAAAGTCCCTTTGGTTCAAAGGGGGACATGCCTACGCTCGCCATTATACAAACAGGGGCATGTCCAGGCATGTCTG	51680.0	-5257.544132565743	-5257.537296628243	4	3	1	-0.013671875	1.0	10523.088265131486	10521.074593256486	-2.013671875	10558.499569685311	10547.633071671855	-10.866498013456294
seelig_cm / by_cre	AGGGGTCATTGTTGGACATTCGACCGGGATCAATGTTGACCGAACGTTCGCAATCATTGTTTACAGGTCTACATTACGTAGTCAGACTTTGTTTGTTTTGTGCCGGCATGCCAGGGGGCATTGTCTACCTGACGGCGGCATGCCA	51680.0	-2228.9615558861715	-2228.9503254174215	4	3	1	-0.0224609375	1.0	4465.923111772343	4463.900650834843	-2.0224609375	4501.334416326169	4490.459129250213	-10.875287075956294
seelig_cm / by_cre	AGGGTGAACAAGTCCGGTCGACATGCCCATGAATATATAGTGCTCTGGATGTCCTGTCGGTTAAAGTGGTGTACAATGGCAAACGGGCATGCCTCCGGCATTATACAAGGTTGCAGTGCAGATCTGTGTACGGCATGAATGCCAA	51680.0	-2091.1991665011606	-2091.2023403292856	4	3	1	0.00634765625	0.9364979863203111	4190.398333002321	4188.404680658571	-1.99365234375	4225.809637556147	4214.963159073941	-10.846478482206294
seelig_cm / by_cre	AGGTCATCCAACCGCTTGCCTGGCGCGCGCGCCTGATGAAGAGAGTGCGAAATCAAGTCGTATTGGCGCGCGCGCCTGAAGCCGAAGATGGCGCGCGCGCCTGATGGCGCGCGCGCCTGATGGGACAAGAACCGGTCGCCACGCG	51680.0	-389.3412607719831	-389.3354013969831	4	3	1	-0.01171875	1.0	786.6825215439662	784.6708027939662	-2.01171875	822.0938260977922	811.2292812093357	-10.864544888456521
seelig_cm / by_cre	AGGTTATGTGAACGGGAATGTTCAAAGGTTCCCCAGGGGGAATTTCCGGTCAAGTGTACACCACCCAATATTTGATTTTGCACTCACAGCCGACCGAGTGTTTGGGTCTGCATGCCCAACTCCCGGTGCGCCAAATTCACAAGAA	51680.0	-687.2898932910549	-687.2862922168362	4	3	1	-0.0072021484375	1.0	1382.5797865821098	1380.5725844336723	-2.0072021484375	1417.9910911359357	1407.1310628490419	-10.860028286893794
seelig_cm / by_cre	AGTAGCGTGATGAAATCCTGCACCATCCCACCCAGGATGTGAATCACCTCTTTATCTAGCAGATCCACACTGTCTACGCTACCGCCCATCACTTAGTAGCCTGCTCAGTTATCAAACAACTGACTCAATATCATAGTGGCTGTCT	51680.0	-1232.843189608602	-1232.8513683195395	4	3	1	0.016357421875	0.8982311681203087	2473.686379217204	2471.702736639079	-1.983642578125	2509.09768377103	2498.2612150544483	-10.836468716581749
seelig_cm / by_cre	AGTCACAGGGTGACTCAGCCTCGTTACGATGAAACAGTAACTTCCTACTACCTAGAAATCGCAGCCAGGGCCAGACCGGTGTTTGTCCTAAGTCGGAACTTGATTGGGCTGAGAAATCACATTGTGACTATTCCACGACTTGAAC	51680.0	-2608.7792781813737	-2608.7797664626237	4	3	1	0.0009765625	0.9750701651312458	5225.558556362747	5223.559532925247	-1.9990234375	5260.969860916573	5250.118011340617	-10.851849575956294
seelig_cm / by_cre	AGTCCGCGAAGCCACTCCCTCGATCATTTACGACGCGCCACTTAAATCGTAGCTTATCCTGCCTATGAGTCACTTACTCGACCTATGGGAACGTTTTATCCTGGAAGCGCCGTCTGATTGGAAGATAACGTTATCGTTCGGCGGT	51680.0	-1548.7062593359253	-1548.7101655859253	4	3	1	0.0078125	0.9295680222776129	3105.4125186718506	3103.4203311718506	-1.9921875	3140.8238232256767	3129.97880958722	-10.845013638456749
seelig_cm / by_cre	AGTCCGCGACTTCCGGTTACTTATATGTCGTCGGGGCGGCGCTTTCGGGTAACTCACTTCCCCGATGGCGGAAGTTTATCTGCGAAATCCGTAGCTCTTACGCGATAAGTAGATGACGTAACTCATTCGGCGTATAAGATCCGCG	51680.0	-2446.9999752243525	-2446.9889888962275	4	3	1	-0.02197265625	1.0	4901.999950448705	4899.977977792455	-2.02197265625	4937.411255002531	4926.536456207825	-10.874798794706294
seelig_cm / by_cre	AGTCGCTGCGCGATATATCGTCCGCGAGATACGCTTCGCTCCGCCCGCGCTTCCTTCCGCGGAGTCGCGGGTCCTCGCCTCGCGCCTCTTATCGGTGCGCGGCGCTCTTTCGCGAGATATCGCCCCTTTTCGCGCGCTTCCTCGC	41344.0	-199.89094204751876	-199.8984188541594	4	3	1	0.01495361328125	0.9026733368285726	407.7818840950375	405.7968377083188	-1.98504638671875	442.3006144436066	431.6858854697456	-10.61472897386102
seelig_cm / by_cre	AGTCTTCCGACGGTAATGATGGCGGTAAAGTTCGGTGAACTTCGACTTACTTTGGTTACTTCAGTCAACAGTTTGACGCGAGGTAAACTTTGTAACCTAGGTTGTTTGCAGGTCAACTTTGCTCCGGCCGACATGCGTAGTCAAC	51680.0	-3236.149527587814	-3236.153677978439	4	3	1	0.00830078125	0.9274062806955211	6480.299055175628	6478.307355956878	-1.99169921875	6515.7103597294545	6504.865834372248	-10.844525357206294
seelig_cm / by_cre	AGTGCTTAGTAAGCCCTGCTGAGGGGCAGAGTCATCAAAGTCATCTCTGTTGAGGGGTAGTGCTGAGTCATCCCCGTCTATGGGCAGAAGAAAGCAGTCTTGGTAACATTCCAGCTTTTTAACTTTGGTATGTAAACAGACATCT	41344.0	-466.3899865255209	-466.39630366419277	4	3	1	0.01263427734375	0.9105044306972008	940.7799730510418	938.7926073283855	-1.98736572265625	975.2987033996109	964.6816550898124	-10.61704830979852
seelig_cm / by_cre	AGTTACATCCGCGTGATGAGTCATCGGAAGGGCGCGATGAGGCGGAGTTACTCCTACATGATGATATAATATGACTTCCTGAAGCGGCGCCGCTTCCTAAGAAGCGCTTCATCGTGACTTACCGCCAATAAGACTTATATCTTAT	51680.0	-10422.9556750183	-10422.8970812683	4	3	1	-0.1171875	1.0	20853.9113500366	20851.7941625366	-2.1171875	20889.322654590425	20878.35264095197	-10.970013638456294
seelig_cm / by_cre	AGTTACGGGTAGTCACTCGCGGATGTGACTCATATCTCGCAATAACTTATCTGCGAGACCCGCTCTTCTAGGAATAGGAACGGGTGCGGCGCCTTGTGGGAGTGAGACTAAGATAGCGCCCGCCTCATGAGTCATCGGAGGGGGA	51680.0	-11588.488065814134	-11588.421415423509	4	3	1	-0.13330078125	1.0	23184.976131628267	23182.842830847017	-2.13330078125	23220.387436182093	23209.401309262386	-10.986126919706294
seelig_cm / by_cre	AGTTAGTAACTCATATCATTACGGCTCCTTATGAGTGACTAATTCCGCGAATCGCCCCCCTATCTTACTGATGAGTCATATCTTCCTTAAGCGCCGCCTACTTATGCTATTCGCGATATATTCCGATAGCGTCTTAAGAAATCTA	51680.0	-1923.3882776423125	-1923.392305962625	4	3	1	0.008056640625	0.928478895691214	3854.776555284625	3852.78461192525	-1.991943359375	3890.187859838451	3879.3430903406193	-10.844769497831749
seelig_cm / by_cre	AGTTCATTCAATAAACGGTGAACTTTGGATCATTACATAAACATGCCTGGACATGCCCTTGTATAAAACGGGGGTTTGCCACTGTGGACATGCCCAGGCATGTTACCCATTTTGGTCCATTTACCGTTGAAGTTTGATTATGTAA	51680.0	-16957.53523135007	-16957.40974306882	4	3	1	-0.2509765625	1.0	33923.07046270014	33920.81948613764	-2.2509765625	33958.481767253965	33947.37796455301	-11.103802700956294
seelig_cm / by_cre	AGTTCCTATAACTGATTGGGAAGATCGATAAGCCTTCGCGGAAGCGTAAGCGCGTATTTCGCTGGGCCTTATGAGATAACGTCATCCGTGTATTGAGTAACGAGAAGTGTGCGGCGTATCGTATCTTAAGAACGCGATACTTCCA	51680.0	-5889.523971109821	-5889.518600016071	4	3	1	-0.0107421875	1.0	11787.047942219642	11785.037200032142	-2.0107421875	11822.459246773467	11811.595678447511	-10.863568325956294
seelig_cm / by_cre	ATAACCAAGATGGCTGCTAGTGACTAATGGGCCAAGGTTCTGGGAGCATCTACAGTGTGGATATGCTGGACAAAGGGATGATTCACATCCCGGGCAGGAGTGAGCAGGATGACATGAGATTTCATCACACTACTCAGAACAGCAT	51680.0	-9204.574073288102	-9204.525733444352	4	3	1	-0.0966796875	1.0	18417.148146576204	18415.051466888704	-2.0966796875	18452.55945113003	18441.609945304073	-10.949505825956294
seelig_cm / by_cre	ATAACGCAGATATGACTTAAGGAAGTGATAAGGAAGCGCGGACCCATGGAGCGATACGCGTTTCTTGGAAAAGATATAAGGAACCGTCCTTATAACTTAAGGAAGTGACATGGAAGCGCGGACCCATGCGTGGGTCCGCGAAACG	51680.0	-1495.970912330275	-1495.9624894787125	4	3	1	-0.016845703125	1.0	2999.94182466055	2997.924978957425	-2.016845703125	3035.353129214376	3024.4834573727944	-10.869671841581749
seelig_cm / by_cre	ATAACGCGACGCAGCGGATGACGCGTCATCGCTGATCCGCGAAGCGGGATCCGCTTCTTCGTAAGGGCGCCGCGTTTCGCGAATCGCCGATAGAGATGCAACAGATACTGATTAGCAGATTACATTTTCCTATTGGCTGATAACG	51680.0	-1674.2039498243555	-1674.205780879043	4	3	1	0.003662109375	0.9517451789484365	3356.407899648711	3354.411561758086	-1.996337890625	3391.819204202537	3380.9700401734553	-10.849164029081749
seelig_cm / by_cre	ATAAGACACTCATCACGAAATAACTTCCTCAAAACCGCAAGATAACTCATCAGTCAGATAACTCATCAGTCCGCCCCTCCCATATATCCCAAAAACTCACAAACACACTCAAGAAATCACTTCCGCTACTCACATCCATATATCG	51680.0	-513.1686118788058	-513.1788352674777	4	3	1	0.02044677734375	0.8862963190664632	1034.3372237576116	1032.3576705349553	-1.97955322265625	1069.7485283114374	1058.916148950325	-10.832379361112544
seelig_cm / by_cre	ATAAGACCCGCGCCTTCCTGCGAGAAAAAAAGATGTCGCTTCCGGTTCCGCGGAAGAAGAAGAGATATCGTCATAAGACCCGCCCAATGAGTCACTTCCGGTTCCTTCGGAGAAGTAACTTCCTCCTTATTAGATCCGCGGAAGT	51680.0	-11884.950932388248	-11884.903569106998	4	3	1	-0.0947265625	1.0	23777.901864776497	23775.807138213997	-2.0947265625	23813.313169330322	23802.365616629366	-10.947552700956294
seelig_cm / by_cre	ATAAGACCCGCGCCTTCCTGCGATGAGTCACTTCCGGAAGATATCATCCGCGGCTCCGCCCAATGAGTCACCCCCCGGATGAGTCACTTCCGGTTCCGCGCCTTCCTGCGAGATATCGCTTCCGGTTTCGCGGAAGATATCGTCC	51680.0	-1743.6869569996536	-1743.6764589527786	4	3	1	-0.02099609375	1.0	3495.373913999307	3493.352917905557	-2.02099609375	3530.7852185531333	3519.9113963209265	-10.873822232206749
seelig_cm / by_cre	ATAAGATATCGCTTCCTGGACCGGGTGATAGACGTAGGGAGAGCCACTGGCGGATGTAGCGATAAGCCGCGCGTTTTCGCGATATCTTATCACTCTTCAAGAACCGTGAGTGATGACACCGCGCCGCCGATGGGGCGATCCGGTT	51680.0	-4235.077594668464	-4235.066608340339	4	3	1	-0.02197265625	1.0	8478.155189336929	8476.133216680679	-2.02197265625	8513.566493890754	8502.691695096048	-10.874798794706294
seelig_cm / by_cre	ATAAGATCCGACTGATTAGAAAAGATATCGTCATATCCTCATAAGACCCGCCCAATGAGTCACTTCCGGAAGATATCGCTTCCGGTTTCGCGGACCCGCGCCTTCCTCCGATGAGTCACTTCCGGTTCCGCGCCTTTTTAAGAGA	51680.0	-8436.529254861502	-8436.495319314627	4	3	1	-0.06787109375	1.0	16881.058509723003	16878.990638629253	-2.06787109375	16916.46981427683	16905.549117044622	-10.920697232206294
seelig_cm / by_cre	ATAAGGATAGCGCGACTTCCCGATAAGTCGCTTCCTCATCTTTATTTATCATTTAGTAACCGCCTATTATTTTATCAGGAAGTTCCTCCTCCGAATTAGCATATATCGTATTTCTTACTCCAGGATCCGCCGCGCCGATAGGATA	51680.0	-579.4649326626512	-579.454129439995	4	3	1	-0.0216064453125	1.0	1166.9298653253024	1164.90825887999	-2.0216064453125	1202.3411698791283	1191.4667372953595	-10.874432583768794
seelig_cm / by_cre	ATAAGTCACACCCACACACCCACACACACACAGATATAACTTCCTCAAAACCGCAACTCATATCGCACCACCCATATATCTCAAATCCGATAACTCATCAGTCCGCCCCTCCCATATCTCTTAAAACCGATAACTCATCCTAACG	51680.0	-728.8728687848605	-728.8665211286105	4	3	1	-0.0126953125	1.0	1465.745737569721	1463.733042257221	-2.0126953125	1501.157042123547	1490.2915206725907	-10.865521450956294
seelig_cm / by_cre	ATAGAGTGTCTGGCGTGGCGCGAAGGGTTTCTCCGGCTAGTGGATCCGGCTTATAGGAAGTTACTTCCGCGAAGCCTCATGAGATATCGCGTAACCCTCCGTTTGGCGGGCGGATATAACTCATCAGCGATGCCGAGAAGATACG	51680.0	-7408.492561890682	-7408.465218140682	4	3	1	-0.0546875	1.0	14824.985123781364	14822.930436281364	-2.0546875	14860.396428335189	14849.488914696733	-10.907513638456294
seelig_cm / by_cre	ATAGGAGCGGCCTCTTGCGCGGTATCGCGCCCTCGCTTCCGAGAACACACCGATGGGTGCTGAAACCGTTTCTAGGAAAAGATAAGGATGCGACGGAAGCGACTTCCTCTTCCTTATCTGACGACTCCTCGTAGTGGTGTGGGGT	51680.0	-4978.548404294916	-4978.544009763666	4	3	1	-0.0087890625	1.0	9965.096808589831	9963.088019527331	-2.0087890625	10000.508113143656	9989.6464979427	-10.861615200956294
seelig_cm / by_cre	ATAGTCCGCTTCCGAGTACTCGGTGTGGGGCGCGTCCCCCGTATTATTCGCCTTCTAAACGCGTCGCGCCTGTCTTCTCGCCCTTCAACAGCCTCCGCCACTTGCTTATAAGAAATAAGTATCCTCAAGAGACTCTTCGAGTATA	51680.0	-602.9515291255318	-602.9489656489693	4	3	1	-0.005126953125	1.0	1213.9030582510636	1211.8979312979386	-2.005126953125	1249.3143628048895	1238.456409713308	-10.857953091581521
seelig_cm / by_cre	ATAGTGGCTTGCAGCAGAAGTCTTTATCTGGCCTTCACAAGAATGGAGATTGCACCTCCCCCGACCCCCCTGTCCACAAAACCCAGGAAACACCTTGCAGAGTTGATGCAATATTTGCTATCCCAGCCCTTGGTGACAGTTAAAA	51680.0	-524.3667596429015	-524.3712152093077	4	3	1	0.0089111328125	0.924792371657597	1056.733519285803	1054.7424304186154	-1.9910888671875	1092.1448238396288	1081.300908833985	-10.843915005643794
seelig_cm / by_cre	ATATCTGCTGCGAGAGATATGCGTCTTCCAAGAAGCGTGGGGCGCGCCCGTTACTTCCTCGAGCCGCGAAACCGGCTTCTAACGCTGAGTCTCATCAGTGCGGCGCGCGATTCGCGGAACGAGTCTTATCGGCCCGAAGTTATCG	51680.0	-2053.411248103731	-2053.403923884981	4	3	1	-0.0146484375	1.0	4114.822496207462	4112.807847769962	-2.0146484375	4150.233800761288	4139.366326185332	-10.867474575956294
seelig_cm / by_cre	ATATGAGCATGAAGTGGACATGACGTAGTTTGCCACTGTACAATTCCGGACGTTTGACCGGAAGTTCTGACATCACGGTGTCAATCCAAAACATTCTGTGTACAGTTGCGGTCGTGTTCCGGCATGGTCGAAAGCTTAAACAAAA	51680.0	-11462.798073447808	-11462.739479697808	4	3	1	-0.1171875	1.0	22933.596146895616	22931.478959395616	-2.1171875	22969.00745144944	22958.037437810985	-10.970013638456294
seelig_cm / by_cre	ATATGCATTTACGGTTTCCTCCTGGGAGCTGCCTGAGCATATCCCAGTGGCTCTGTTTGCTGACTGTGGGAAGAGAATCAGATTTCACAGGCTGTGGCCCCAGATGGCTCTGTTCATTAAGAACTGTGAAGAGAGAGGGAAACTT	51680.0	-3359.3255203098965	-3359.3313796848965	4	3	1	0.01171875	0.9137948648205594	6726.651040619793	6724.662759369793	-1.98828125	6762.062345173619	6751.221237785163	-10.841107388456294
seelig_cm / by_cre	ATCAATAATCCCGTCTATCATTATATTTAGACCACAGTACCGATCCCGGCATGCCGGGGCATGTATAGAGCGTAGGGTCTTTGTCCAAACAATGTTTGACCTTAGTCCGTCCCGGGAACCGAGCGCGCTCGGACATTCCCTTCTA	51680.0	-1922.6738489966874	-1922.6760462623124	4	3	1	0.00439453125	0.9471459408435563	3853.347697993375	3851.352092524625	-1.99560546875	3888.759002547201	3877.910570939994	-10.848431607206749
seelig_cm / by_cre	ATCAATATTGCGGCAAGCTCAAACAAGCTTGAGCATGGCCCCTGAATGTAATGCTCTGGGGTTTGCCCAACTAGCCGGCAGAGGCACCTAGGTCGCTTGTTAATGTTTAGGTATTCGCTATTCCGGTCGCCAGCGATCCAACATC	51680.0	-578.5020716459272	-578.5012171537397	4	3	1	-0.001708984375	1.0	1165.0041432918545	1163.0024343074795	-2.001708984375	1200.4154478456803	1189.560912722849	-10.854535122831294
seelig_cm / by_cre	ATCACTTCCTTATCTCTCGGAAGAGGGCGCGGCCTATTGGAAGTAACCTCCCCCCGCCCCCCCCCCCCCGCCGATGACTCATCACTTCCTTATCTCTCCGCCCGCCTATTTCTCGGAAGCGCCGCCCATTTCGCGGAAGTCACAC	51680.0	-278.7823472576104	-278.78826766776666	4	3	1	0.0118408203125	0.9133488030967183	565.5646945152208	563.5765353355333	-1.9881591796875	600.9759990690468	590.1350137509028	-10.840985318144021
seelig_cm / by_cre	ATCAGTCCGCCCCACCCATATCTCTTAAAACCGATAACTCATCAGTACGAAATAACTTCCTCAAAACCGCAAGATAACTCATCAGCCACACCCACACACACACACATATCTCACACACACACACACACATAAGCCACACCCACAC	51680.0	-598.9541841514808	-598.9456392296058	4	3	1	-0.01708984375	1.0	1205.9083683029617	1203.8912784592117	-2.01708984375	1241.3196728567875	1230.449756874581	-10.869915982206521
seelig_cm / by_cre	ATCCAAATTATCGGGAAGTGTCGCGCTAGTCAGAAGAGGCGCCGCTTTCTTATAATTAGGAAGGCGCGCTTCTAATAAATAGTTAACTGATGTAACTTCCCGCGTAAGCCCCACCCTTAATTGCGCCACCTAAAGCTAATTTTTA	51680.0	-1099.1495935388434	-1099.1586267419684	4	3	1	0.01806640625	0.8930773210718974	2206.299187077687	2204.317253483937	-1.98193359375	2241.710491631513	2230.875731899306	-10.834759732206749
seelig_cm / by_cre	ATCCCTGCCTGGTAAGTTCAAGGTTACCAGGAAGTGAGATAAAAATCAACTCCTGACTCCTGGGCGAGTGTCCAAAAGCAATCTACATAAAACCCTTTGGCCGCCCGGAATTCCTCCTGCTCAGACATGCCGGGACATGCAGAGC	51680.0	-468.4961023889267	-468.50666147095797	4	3	1	0.0211181640625	0.8844575138348468	944.9922047778534	943.0133229419159	-1.9788818359375	980.4035093316794	969.5718013572854	-10.831707974394021
seelig_cm / by_cre	ATCCGCGGGCGGCGCTTCCGAGATATGGGCGGGGCTTCCTCGACCCCGCGGCTGAGTCACCCGGATCCGCCGATAGGCGCGGCTTCCTCGAGCCGGCGGGTGAGTCATCCCGATATCGCTTTCTTCCCCCACGCGTATCTTCCCC	51680.0	-412.0872081036923	-412.0987742658017	4	3	1	0.02313232421875	0.87911347220001	832.1744162073846	830.1975485316034	-1.97686767578125	867.5857207612106	856.7560269469728	-10.829693814237771
seelig_cm / by_cre	ATCCGGCCGATGACTCATCACTTCCTTATCTCTCGCAAGGAAGCGCCGCCCATTGGCTGATATAAGGAAAGCGATGACTCATCCGCCCCGCGCCGATTTCGCGGAAGTCACGCCCCCCCACCGCGCGGCCTATTGGAAGTAAGCG	51680.0	-3418.5480004091482	-3418.5511742372732	4	3	1	0.00634765625	0.9364979863203111	6845.0960008182965	6843.1023484745465	-1.99365234375	6880.507305372123	6869.660826889916	-10.846478482206294
seelig_cm / by_cre	ATCCGTCCGCCCCACCCATATCTCTTAAAACCGATAACTCATCAATAAACACATAAAAACTCAAGAAATAACTTCCTCAAAACCGCAAGATATCTCATAAGTCAGATAACTCATAAGCCACACACACACACACACACATATATCG	51680.0	-1005.9332450222367	-1005.9341605495805	4	3	1	0.0018310546875	0.9658682780366371	2019.8664900444735	2017.868321099161	-1.9981689453125	2055.2777945982994	2044.4267995145306	-10.850995083768794
seelig_cm / by_cre	ATCCGTCCGCCCCACCCATATCTCTTAAAACCGATAACTCATCAATACGAAATAACTTCCTCAAAACCGCAAGATAACTCATCAGCCACACACACACACACACACACATCAAGAAATCACTTCCGCTACTCACACCCATATATCT	51680.0	-365.8799751828364	-365.8895882199458	4	3	1	0.01922607421875	0.8897203137907902	739.7599503656728	737.7791764398916	-1.98077392578125	775.1712549194988	764.337654855261	-10.833600064237771
seelig_cm / by_cre	ATCCGTGTTTACTTAGGTATTATAGAGTAAAGTGTGTTTACTTAGGTCAGGAGTTTTGTTTACTTAGGCAGTGTTTACTTAGGGTAAGAAAATAAGTGTGCTACCCCGGAGGGTCATTGTTTACTTAGGAAATGTTTACTTAGGG	51680.0	-3955.530686411883	-3955.517502818133	4	3	1	-0.0263671875	1.0	7919.061372823766	7917.035005636266	-2.0263671875	7954.472677377592	7943.593484051636	-10.879193325956294
seelig_cm / by_cre	ATCCTCGAAGCGCCGTTCCCTCTCGCGGATCGCCGCGTCTTTCGCGGGCGGCTTCGAGGACTAATGTCTTATCTGCCAATCACGTCGTCACTTCCGCCTTATAAGATACGATGACTCGTGCATTTGCGGGAGTCATGGGTCGGGC	51680.0	-879.0101179114207	-879.0029767981395	4	3	1	-0.0142822265625	1.0	1766.0202358228414	1764.005953596279	-2.0142822265625	1801.4315403766673	1790.5644320116485	-10.867108365018794
seelig_cm / by_cre	ATCCTTAGACGCTGCCTCGCCAATAAGATGATATCTTATAAGACGCGGCGCTTCCTTGTGATGTGAGTCATCGTAAGTGCTTCTCCCTCTCTTTAGCTGACGCGTTTCACTAGGAAAAGATGGGTGGGGCTGGAGGAGGAGATAA	51680.0	-4246.918349427043	-4246.912001770793	4	3	1	-0.0126953125	1.0	8501.836698854086	8499.824003541586	-2.0126953125	8537.24800340791	8526.382481956955	-10.865521450956294
seelig_cm / by_cre	ATCGAACTCTTTAATGACTCAGCACATGACTCAGCATAAGATGACTCAGCAGGGGCGGTGCCCGGCATTACGTGCTGGAGGCCATGACTCAGCAGGTGGCGAGTTATGACTCAGCAGATGGGCCAATGACTCAGCATTTCCCAGA	51680.0	-5394.216434559699	-5394.198368153449	4	3	1	-0.0361328125	1.0	10796.432869119399	10794.396736306899	-2.0361328125	10831.844173673224	10820.955214722268	-10.888958950956294
seelig_cm / by_cre	ATCGTTCAGAACCCACTGTACAAAGATTGCCGCTAGAGTGCAAACTTTGCTCGCCGAAGGGCAGTGGACAATCCCGGGCATGTCCCGTCATGTTCGGCGGCCAAACTCTCCGGAAGTCGGAACTTTGCTTTGGGTAGTTTTGCAA	51680.0	-854.3606255127294	-854.3702080322606	4	3	1	0.0191650390625	0.8898943828764567	1716.7212510254587	1714.7404160645212	-1.9808349609375	1752.1325555792846	1741.2988944798908	-10.833661099393794
seelig_cm / by_cre	ATCTCCTCCTTCGGGTGAGTCACTTCCTTTTTCTTCCTCCCTCCTCCTTCCCCCCCCTGCGCCTTTCCGATTGGCCGCGCGCTCATGTGATTTCTTATCTCTCCCCTCCTGCGAGTTATCGGTTCTGCGCGCGAGTGACTTCTTA	51680.0	-1663.7602196075475	-1663.7707176544225	4	3	1	0.02099609375	0.884789598261432	3335.520439215095	3333.541435308845	-1.97900390625	3370.931743768921	3360.0999137242143	-10.831830044706749
seelig_cm / by_cre	ATCTCTGCTAGCCATAGATAAGATAAATCCTGGGGCTCTAAAGACTGCAAGCCGTTGCTGCCCTTCAGAGCTTTGTGACTCAGACACCTGTCAGGCTGCTGAGAAACGTGATCTAGTCACGTCAGCCCTCCCCCTGTCTGATCTC	51680.0	-777.9230600129247	-777.9237924347997	4	3	1	0.00146484375	0.9694697968508501	1563.8461200258494	1561.8475848695994	-1.99853515625	1599.2574245796752	1588.4060632849687	-10.851361294706521
seelig_cm / by_cre	ATCTTCCTGGAAGTCGTTATCGGCTAATAAGGTTCCTTAAGGAAGTATGAGTCGTCTCCTTGGAAAGCGCGTCATCCTACTTATGAGTCGCCCTCGGCGTCGCGCTCTCAGTATCTCCCCCTTCCGATGACGCGCAAGATATAGC	51680.0	-1806.3064377662458	-1806.3102219459333	4	3	1	0.007568359375	0.9306744386883514	3620.6128755324917	3618.6204438918667	-1.992431640625	3656.0241800863178	3645.178922307236	-10.845257779081749
seelig_cm / by_cre	ATGAATGCGACCTTTGTACAAAGGTCGCGGGCAGGGGGATTGCGGCGGACATGCCCCGGCATGTCGGACAGTTCACTTTGATCAAAGCCACCTTTGTGTGCCGGCATTGGACTACGGTCAAAGCATTCCGGCAGAACCACTACGT	51680.0	-5148.699940819684	-5148.681874413434	4	3	1	-0.0361328125	1.0	10305.399881639369	10303.363748826869	-2.0361328125	10340.811186193194	10329.922227242238	-10.888958950956294
seelig_cm / by_cre	ATGACGTCATGTTAAGAGGGTTTAGACTGGATAGGTTCAACGGTCCAAAGGTTGTACAATCTATGTGACAGAACTCCCGGCATGCCGAGGCATGTATCTAGCGAGGTTCCCCTGTTTTGAACTTCGCTCTTTACATGCGTTGTAC	51680.0	-14384.180474643572	-14384.091119174822	4	3	1	-0.1787109375	1.0	28776.360949287144	28774.182238349644	-2.1787109375	28811.77225384097	28800.740716765013	-11.031537075956294
seelig_cm / by_cre	ATGACTTTATCGCCCCACCACGTGCGACGGATGAGTGAGGGTCTCACTTCTTGGAAGCGACGCGCCGCCCGCTTATGATGAAAATCGCGCGTAGGCGGATAGGAGATAAGAAACTAGTGGCGGCTCCCGTAACTGGATGCTAGTG	51680.0	-773.534180505102	-773.5386360715082	4	3	1	0.0089111328125	0.924792371657597	1555.068361010204	1553.0772721430164	-1.9910888671875	1590.4796655640298	1579.635750558386	-10.843915005643794
seelig_cm / by_cre	ATGAGGGGCCAAGGCTTTTGTTGCTGAGAATGCAAATGACAGCTGGGTGTCTGCTGGCTGGCTGATGCAACACGCTGCAAACTCCTTCCTTTGGATTTAGGTGGCTTCTCTCATCCCAGCATCTAAGCCACAAACCCCCAAAACA	51680.0	-2768.9753903874152	-2768.9639157780402	4	3	1	-0.02294921875	1.0	5545.9507807748305	5543.9278315560805	-2.02294921875	5581.362085328657	5570.48630997145	-10.875775357206294
seelig_cm / by_cre	ATGAGTCACCCGCGCGGCGCGCGGTTCCGAGAGGCCGTTCTCGCGTATCGCGTATCCAGGAAGAGGTATGATAACGAGATATGGTCTTGAAGCCTCATAAGTTTGCGTCATCTTTTATCGGATGCGACTTATAAGTAAGAAGTCC	51680.0	-4411.29582198621	-4411.29386886121	4	3	1	-0.00390625	1.0	8830.59164397242	8828.58773772242	-2.00390625	8866.002948526246	8855.14621613779	-10.856732388456294
seelig_cm / by_cre	ATGATGCATCGTCGACGCGCGCGCCGTATAAGATACCGCATATCGCGCATATCGTGCCGGTAAGCGGTTCCTATAGGAGCCGGATGTAGCAAGTCCCTCCGTCAGTCGCGGAGCGCTTCCGATATCTGGCGCGGAACGCGTTATT	51680.0	-626.7106798974103	-626.7162951317853	4	3	1	0.01123046875	0.9156030555875874	1261.4213597948205	1259.4325902635705	-1.98876953125	1296.8326643486464	1285.9910686789399	-10.841595669706521
seelig_cm / by_cre	ATGCCCCTTTGGTGACCGGGGTGCATGCCCGGGCATGTTTGGACCTTTGGACATACATGCCGGGGCATGTTTGTACAGTGGGGCAGGCATGCCGGGGCATGTCTCTTTGGACATGCCCGGGCATGTTTGGTCCTTGGTGGACATT	51680.0	-4933.99994923676	-4933.98237111176	4	3	1	-0.03515625	1.0	9875.99989847352	9873.96474222352	-2.03515625	9911.411203027345	9900.523220638888	-10.887982388456294
seelig_cm / by_cre	ATGCTGTTCTGAGTAGTGTGATGAAATCTCATGTCATCCTGCTCACTCCTGCCCGGGATGTGAATCATCCCTTTGTCCAGCATATCCACACTGTAGATGCTCCCAGAACCTTGGCCCATTAGTCACTAGCAGCCATCTTGGTTAT	51680.0	-1457.8866597579881	-1457.8871480392381	4	3	1	0.0009765625	0.9750701651312458	2923.7733195159763	2921.7742960784763	-1.9990234375	2959.1846240698023	2948.3327744938456	-10.851849575956749
seelig_cm / by_cre	ATGGGATGAACGCGAGTGAAATCACAGCTTATCAAATCACAGCTCGCATAGGATCGAAAATCACAGCTCAGACAAGGGCGGCAAATCACAGCGTAAAATCACAGCGCGAAAATCACAGCTAAGCGTGATAAATCACAGCGGTAGA	51680.0	-861.753256736381	-861.7526463848185	4	3	1	-0.001220703125	1.0	1731.506513472762	1729.505292769637	-2.001220703125	1766.9178180265878	1756.0637711850063	-10.854046841581521
seelig_cm / by_cre	ATGTCAACGGGCCGGCCTTCGGAGATCTTAGGCCTAATTGCTTTGAACTACTGATGTACCCCAGGTAGCAGTGGACCGAACTTTGAACGGGATTGTTGACCTTGGCATGCCGGGGCATGTACCAAACGAAGCTCCCGTACTGTAA	51680.0	-496.40902220886085	-496.4217785565171	4	3	1	0.0255126953125	0.8730961784244363	1000.8180444177217	998.8435571130342	-1.9744873046875	1036.2293489715476	1025.4020355284038	-10.827313443143794
seelig_cm / by_cre	ATGTGCATCCTGGCCAGCCCCCCTTCTCTCCCAGCTGTCTACAGTGGGGAAGCCCTGAGCAGCCACTTCCTTTCCAGACGCTTCCGGCCTCAAAGCCTTACTGCCTGCTGAGTCAGCAGCCTTCCCCGGCTCCATTCATAAAGCA	51680.0	-640.420551623008	-640.412494982383	4	3	1	-0.01611328125	1.0	1288.841103246016	1286.824989964766	-2.01611328125	1324.2524077998419	1313.3834683801356	-10.868939419706294
seelig_cm / by_cre	ATGTTACTTTCTTAAAAGAAGCGATACGTCATATAAGGAACCCGCGTCTAGCGATGAGTCATCGGCCTAGGCCGCGCCTACCCGCGATTAAATCACATCCGCCCCCGCCCTTCCGTGATAAAGGAGGCGTCGCTTCTCGGAAGGC	51680.0	-4376.781989511761	-4376.783210214886	4	3	1	0.00244140625	0.9605920901150706	8761.563979023522	8759.566420429772	-1.99755859375	8796.975283577347	8786.12489884514	-10.850384732206294
seelig_cm / by_cre	ATGTTTAGTCAGGGTGCCACCGGAACATGCCCAGGCTTGCTCGTTGCCCATTCCCCCCTTCAACCCGAGTCCAAAGGTCATTGAACCTTGGTAGAATGCCTGACGTCAAGTCGATCGTCCGTTAGTCACTGGACTATGTAACCAG	51680.0	-1429.1864380584411	-1429.1736206756286	4	3	1	-0.025634765625	1.0	2866.3728761168823	2864.3472413512573	-2.025634765625	2901.7841806707083	2890.9057197666266	-10.878460904081749
seelig_cm / by_cre	ATGTTTGTTCATTGCCTCCGTTGTGCATTGGGTTAGACATGCCGGGGCATGTCCCCCTGTTCATGCCCGGGCATGTACATGCCCGGGCATGTCCGGGGGCTTGTGTTGACAGGGTTGTTTGGTCACCGGTGGTCGTGCATGGTCC	51680.0	-4085.1477289188415	-4085.1369867313415	4	3	1	-0.021484375	1.0	8178.295457837683	8176.273973462683	-2.021484375	8213.706762391508	8202.832451878052	-10.874310513456294
seelig_cm / by_cre	ATTACGTACCGGTCAAGCTGGGAGATTCCGGGTGGCTAAAGTTCAAAGATTACGTAATGCCGGCATGCGGACATGCCCAGGCACGTTCGAAGGTTCAAACAATCCCTGGCTAATTGTGTACCGGCCTACTGCCCGGCGGACTGCA	51680.0	-11638.224197300086	-11638.171462925086	4	3	1	-0.10546875	1.0	23284.44839460017	23282.34292585017	-2.10546875	23319.859699153996	23308.90140426554	-10.958294888456294
seelig_cm / by_cre	ATTATGTAACCTACCAGGGGATGTTTGTCTAAAGTTTGGCTTTGTACAAAGCCCTTTTGTTATCCACCTGGCGTACAAGCGTCCGTAGGCTTCTTAGTTGCCCCGGCATGCCCGGTCATGTAATCAACTCATGCCGGGGCACAAC	51680.0	-958.1655103996858	-958.167768700467	4	3	1	0.0045166015625	0.9464179743908662	1924.3310207993716	1922.335537400934	-1.9954833984375	1959.7423253531974	1948.8940158163036	-10.848309536893794
seelig_cm / by_cre	ATTATGTAATGCCCAGGCACAAGCCCGGGCAAGTTCAAAAGTTCAAACATTACGTAATGGGGACATGCCGGCATGCCTAGGCACGTACAAACCCAGGCAAGTTCAAAGGGTAATGCCCAGGGGACCAGGCAAGTTCAAAATGTGA	51680.0	-9815.96666418921	-9815.92223059546	4	3	1	-0.0888671875	1.0	19639.93332837842	19637.84446119092	-2.0888671875	19675.344632932247	19664.40293960629	-10.941693325956294
seelig_cm / by_cre	ATTCAAAGCGCCCAAATCATGTTAAACATTTACCTTTGTACAATCCCCTTCAGAGCTTGAGCTGGTGCACTACGGGCATGTTTATACATAATTGGTCGGTCGGGCATGCCCGGCGACCTAAGCTTATCTATTTGCTGTAATATTA	51680.0	-1279.832927793668	-1279.8340264264805	4	3	1	0.002197265625	0.9626128532955229	2567.665855587336	2565.668052852961	-1.997802734375	2603.077160141162	2592.2265312683303	-10.850628872831749
seelig_cm / by_cre	ATTCCGTTGAATGTCAACCGACCGTACAAACGTAATCCATTACAGGTGCAACATTCAATGTTCATACAGCCGACGGTAGGACCGTGGGCTTAATTCCGTAATTCTGGCAGGCATGCCTGGACAAGACCGTAGCAAAAGTGCATGA	51680.0	-1301.834032532861	-1301.8302483531736	4	3	1	-0.007568359375	1.0	2611.668065065722	2609.660496706347	-2.007568359375	2647.0793696195483	2636.2189751217165	-10.860394497831749
seelig_cm / by_cre	ATTCGCGGATAGCGCTTCCTTCCTCGACGCGGGGGCTGAGTCATCCCGTTATCGCTTCTTAGATATACGCGTATCTCGCCCCCCCCCGGGGCTGACTCATCCGGCCCCGCCGATTGGGGGGCGGCGCTTCCGAGGGAGGGGCGGG	51680.0	-878.6279099623143	-878.6390183607518	4	3	1	0.022216796875	0.8815118118942749	1765.2558199246287	1763.2780367215037	-1.977783203125	1800.6671244784545	1789.836515136873	-10.830609341581521
seelig_cm / by_cre	ATTGGCCGATAAGCGCGTATCGCGTCATCAGCGTGAGATATCGCTATCTGAGGAGGGAGCGGACGTATTTCATTTACGCTTTCTCAGTTCCGCGAATCACGCCGCCAATCGCGCTGACTCGCGCGGCGTAAAATAAGGCAATTGG	51680.0	-3730.2701806034174	-3730.2504052127924	4	3	1	-0.03955078125	1.0	7468.540361206835	7466.500810425585	-2.03955078125	7503.951665760661	7493.059288840955	-10.892376919706294
seelig_cm / by_cre	ATTGGGTCATGCCCAGGCACGTTGGAACAATGATGGTAGCCGGGGTTAATGCCGGGAGACAAGCCCGGGCAAGTTCAATGCCGGTCTACTTGGGGCATGCCGGCATGCCTGCAAAGGTACAAAGGTTGGCACAAACATTACGTAA	51680.0	-9193.074263762126	-9193.022261809001	4	3	1	-0.10400390625	1.0	18394.148527524252	18392.044523618002	-2.10400390625	18429.559832078077	18418.60300203337	-10.956830044706294
seelig_cm / by_cre	ATTTCAGCCAATCATGAGGCAAGAAAGTAGTCACGCTCACGTAAGCAACCAATCAGAACAGGAAAGGAGAGGCACCAACGTGACCCGGACTGATTCTCGGAACAGCCAGCGAACATTTCGAAACCCAAAGTGGGCGGGGCGAGGG	51680.0	-3028.0629450860893	-3028.0482966485893	4	3	1	-0.029296875	1.0	6064.1258901721785	6062.0965932971785	-2.029296875	6099.537194726005	6088.655071712548	-10.882123013456294
seelig_cm / by_cre	ATTTCATCCTTCCGCGATAACACGCATATAGGAGGAGGCGATTCATCGCCCTCGCGGAGAGATAAGTTCCGCGCCAATTGGGCTTCATTAGGCGGCGCTTACTGAGTATTACTCAGTCTCATGCTTCTAAGAAGTAGCGGAAAGG	51680.0	-1337.6506566917285	-1337.6426000511035	4	3	1	-0.01611328125	1.0	2683.301313383457	2681.285200102207	-2.01611328125	2718.712617937283	2707.8436785175763	-10.868939419706749
seelig_cm / by_cre	ATTTGAACATCCCCTGTTACGTAATGAACGAAAGGAGCAGACCCGGCGGCGGTTCGGTTCAAAGGACGCTTGCCTCACCACACCCAGAGGACATGCCCGGGCATGTCGACCGAAGGGCTTTGCCTAGTTTCGGTTTGTTTGACAC	51680.0	-16047.102299172819	-16047.000492532194	4	3	1	-0.20361328125	1.0	32102.204598345637	32100.000985064387	-2.20361328125	32137.615902899463	32126.559463479756	-11.056439419706294
seelig_cm / by_cre	CAAAATTGCATAGTGTAAACATGCCTGGGCATGTTCACCGGACGGGACCAAAGTTCCAAAGTTCAAACATTTCCGGTCATGTTCATGTCCGGGCATGTTCACAGTTGTTTTTGGACATGTTCCGGCATGTTCAAAGGGATTTTTG	51680.0	-14413.656825250944	-14413.56380767282	4	3	1	-0.18603515625	1.0	28835.31365050189	28833.12761534564	-2.18603515625	28870.724955055714	28859.686093761007	-11.038861294706294
seelig_cm / by_cre	CAAACAACCCCAGGCATGCCGGGAGGGGACCATGACCCCAGAGGGAGAGCGGGAGAGCAGGGGGGCAGTGGACAAACAACCCCGGGCATGCCCCCAGCAGGAGGGCAGTGGACAAACAACCCGGGGGGGAGGTGAACAAAGGCCT	51680.0	-779.1124003637211	-779.1207011449711	4	3	1	0.0166015625	0.8974786746410168	1566.2248007274422	1564.2414022899422	-1.9833984375	1601.636105281268	1590.7998807053118	-10.836224575956294
seelig_cm / by_cre	CAAACAACCCCGGGCATGCCAGGGAGAGAGAGAGAGAGAGGGGACAAGCCCAGGCATGCCCCCAGAAGGAGAGCAGTGGACAAACAACCCGGGGCATGCCGGGAGGGGACCATGACCCCAGAGGGAGAGAGGTGAACAAAGACCA	51680.0	-4424.696990769128	-4424.695525925378	4	3	1	-0.0029296875	1.0	8857.393981538256	8855.391051850756	-2.0029296875	8892.805286092082	8881.949530266125	-10.855755825956294
seelig_cm / by_cre	CAAACAACCCCGGGCATGCCGGGAGGGGACCATGACCCCAGAGAGAGAGCAGGGGAGCAGTGGACAAACACCCCAGGAGAGCAGGGGACCAGTGAACAAAGACCTGAGAGAGGGGACAAGCCCAGGCATGCCAGGGGGAGAGAGA	51680.0	-2073.6987966651295	-2073.6878103370045	4	3	1	-0.02197265625	1.0	4155.397593330259	4153.375620674009	-2.02197265625	4190.808897884085	4179.934099089379	-10.874798794706294
seelig_cm / by_cre	CAAACACATTATTGTGTGTCATAGGCTCAACTCGACGCCAATCAATATGAGTGAGAAATGTCGCAGCCAATGGGCTTGCCGGGGTCCCTGCTCCACCCAAGAAGTCAATAAGGGTGGAGACTGACACCTGAAGGAGGTAGTTTCA	51680.0	-546.1509398463583	-546.1622313502645	4	3	1	0.0225830078125	0.8805465216438241	1100.3018796927165	1098.324462700529	-1.9774169921875	1135.7131842465424	1124.8829411158986	-10.830243130643794
seelig_cm / by_cre	CAAACATGACGGGGGTTGACCCCAGCACAATGGATCCATGCCGGGGGCCAAAGGTCACACTACATAACAGGAGAGAACTTTGACCCCTGCTCAATCGATCCAGGCCGGCATGCCCAGACATGTCCGGTGGGGACTTTGACCCCTG	51680.0	-3027.720517910775	-3027.720029629525	4	3	1	-0.0009765625	1.0	6063.44103582155	6061.44005925905	-2.0009765625	6098.852340375376	6087.99853767442	-10.853802700956294
seelig_cm / by_cre	CAAACGAATGAACTCTTGCTGGACACATCCACTCGGTATCTAATGAACGTCCTATTGGAGCGCCATTAACACCATGTCACAGTTCTCACGCAGCCCTAAAATTTTCTAAACAGCCGTGGCGCGCGCGCCTGATTGGCGTAAGTAG	51680.0	-633.1136836790619	-633.1212520384369	4	3	1	0.01513671875	0.90208225459827	1274.2273673581237	1272.2425040768737	-1.98486328125	1309.6386719119496	1298.8009824922433	-10.837689419706294
seelig_cm / by_cre	CAAAGCCGCAGTGGACAACCGGACTTTGTCCATTGATCAAACCGGCTGGGTGACTGCATGACGTCGCCCGGGCATGTCCCGGCATGTTTGACGGTGAACGGAGGCAAACAGGAGGTGGGCTAAAGTTCGTACACTGCTTCCCGTG	51680.0	-15678.844929661936	-15678.754597630686	4	3	1	-0.1806640625	1.0	31365.689859323873	31363.509195261373	-2.1806640625	31401.101163877698	31390.067673676742	-11.033490200956294
seelig_cm / by_cre	CAAAGGACAAACATTCCGTAGTGTTTGGTCATGTTCCCCGTTCGTGGGCAGTGGGCAAACATGCCCGGGCATGTTCACCCGCCGGCATGTTTGTTTGGACATGCCCCGGAATGTCCAAAGGGACATGCCCGGGCATGTTTGCACA	51680.0	-5706.99184894996	-5706.98208332496	4	3	1	-0.01953125	1.0	11421.98369789992	11419.96416664992	-2.01953125	11457.395002453744	11446.522645065288	-10.872357388456294
seelig_cm / by_cre	CAAAGGACTTTGGACTGTGGCACCAAACAATCAAAAACAAAAAAAAAAGACCGGTGAACATGCCCGGGCATGTCTGCCGCTGAGGCCGGTCAGGGGCAAAGGTCAAAGTCCAAACCGACGGACATGCCCGGGCATGTCCCCTGCC	51680.0	-1650.536384603506	-1650.541755697256	4	3	1	0.0107421875	0.9174514523131444	3309.072769207012	3307.083511394512	-1.9892578125	3344.484073760838	3333.641989809881	-10.842083950956749
seelig_cm / by_cre	CAAAGGTCAAACTCCTGACCGGCAAACATGCCCGGGCATGTCCCCTGGCAAAGGTCTTTGTATTGTTGCACAAAACAATGACCGGACGGTCATGCCCGGGCATGCCTGCTGCCCCAGACGGTCAGGGGAACAGGACTTTGGACTT	51680.0	-2066.598412704417	-2066.5934078216046	4	3	1	-0.010009765625	1.0	4141.196825408834	4139.186815643209	-2.010009765625	4176.60812996266	4165.745294058579	-10.862835904081294
seelig_cm / by_cre	CAAAGGTCAAAGTCCAAACCAACAGACATGCCCGGGCATGTCCGCTGGCAAAGGTCAAACACAGCAAAGGTCAAACTCCCCAGGGGTGTTTGGATTGTGGCACCAAACAATCACAAAAAGGTCAGGGGAACAGGACTTTGGACTG	51680.0	-3414.0320395574413	-3414.0161704168163	4	3	1	-0.03173828125	1.0	6836.064079114883	6834.032340833633	-2.03173828125	6871.475383668709	6860.590819249002	-10.884564419706294
seelig_cm / by_cre	CAAAGGTCACACTACATAACAGAAGAGGACTTTGACCCCAGCTGAATGGATCCATGCCGGGGGCCAAAGGTCACAGACCTGAGGTGTTTGTCCCCTGCACAATGGATCCAGGCCGGCATGCCCAGACATGTCCCCTGCACAAGAG	51680.0	-846.8959846158726	-846.8886603971226	4	3	1	-0.0146484375	1.0	1701.7919692317453	1699.7773207942453	-2.0146484375	1737.2032737855711	1726.3357992096148	-10.867474575956294
seelig_cm / by_cre	CAAATAAGCAACGGGGTCCTAGACTGCGGGATCCGCAGATGCCTTATCACCCATCCGCGGAACGCAGATGACGCGTAATAACGATATCTCATATGAAGCGTGGAGGAACTACGTATGAGTCGCTCTCCGATTCGTAGAATTGGTC	51680.0	-1517.4970224353901	-1517.4821298572651	4	3	1	-0.02978515625	1.0	3042.9940448707803	3040.9642597145303	-2.02978515625	3078.4053494246064	3067.5227381298996	-10.882611294706749
seelig_cm / by_cre	CAAATTTCGAACCAACGTAATTTTGACTAAATGTGAATCCGGTGGCCGAGTAGTGGAAAGGTGGCAAAACCGAGGCTCTAACGTTTGAACATGCCCGGGCATGTCCGCAGGGTTCTTTTGCTATGACGTTTTGTCTGAGTAAGAG	51680.0	-12987.402761748746	-12987.311453154996	4	3	1	-0.1826171875	1.0	25982.805523497493	25980.622906309993	-2.1826171875	26018.216828051318	26007.18138472536	-11.035443325956294
seelig_cm / by_cre	CAACAAAGGACATGCCCGGTCATGTTTGACACTAGGGTCGCTTTACGGTGGAACATGACTAACCTAACCGAGCTTGTATGGGTGCTCGACCGGAATACAGGGTCACAATGATCCCGTGTGCTGCGGCCTCCGACCATAACACTCC	51680.0	-1204.4052458886847	-1204.4015837793097	4	3	1	-0.00732421875	1.0	2416.8104917773694	2414.8031675586194	-2.00732421875	2452.2217963311955	2441.3616459739887	-10.860150357206749
seelig_cm / by_cre	CAACACAGTAAAGGTTGTTGCCTGGGAATTAGAAGTGAAACACCACGCCCAAATGGCTCAAGCTGGTGGCCAGAGATAAGAACTTAAAGGCATCTCTCCCGCCTAGCAGACTGGGCCCCCTGGTTTCCCATCACTTCCTTTAAAC	51680.0	-3229.699921862877	-3229.700654284752	4	3	1	0.00146484375	0.9694697968508501	6467.399843725754	6465.401308569504	-1.99853515625	6502.81114827958	6491.959786984874	-10.851361294706294
seelig_cm / by_cre	CAACACTTTTCTTATCTTGCAAGCAAAAACGAACGATACCGTGTCTCACGCATCGGAACTGACGTATGGGAGGGCCCTTCCGGGATGGAGGTTCCGCGAATATGCAGAACGCGGATTGAGTCATCCTTAAGCTCTGGAAGTAATA	51680.0	-7335.842631743417	-7335.813334868417	4	3	1	-0.05859375	1.0	14679.685263486834	14677.626669736834	-2.05859375	14715.096568040659	14704.185148152203	-10.911419888456294
seelig_cm / by_cre	CAACATGCCAGCGGACATGTCCGGGCATGCCTCACCATGTCGGCATGTCCGGTGAACCAACAAAGCATTGTTTGTACAAAGCTTGCCACCATTGAACTTTGGACATGCCCGGGCATGCCCAGACATGTCCGGTGAACTTTTGAAT	51680.0	-8769.315506000152	-8769.271560687652	4	3	1	-0.087890625	1.0	17546.631012000304	17544.543121375304	-2.087890625	17582.04231655413	17571.101599790672	-10.940716763456294
seelig_cm / by_cre	CAACGGTCGACATGCCCGGGCATGTGTGCCAGTGACCAGAGACATGACCGGACATGGGTGCAGAGGTCAAAAGACCACTGAACATGCCCGGGCATGTCCACAGGACACACAAACAAAACAACAGACAAACCAAACACAGGCCAAA	51680.0	-1499.5854811691506	-1499.5968337082131	4	3	1	0.022705078125	0.8802265389826038	3007.1709623383013	3005.1936674164263	-1.977294921875	3042.5822668921273	3031.7521458317956	-10.830121060331749
seelig_cm / by_cre	CAACGTCCGACGACGACGTCTGCTTTGTTGTTTGTTGTTTAATGTCCGTTGAACGTCGACTACGTATGTCCACATTGGTGGTGTCAACCGTGGACGTCGACTGCGGTCGACTGTCCGGCGGACATGTCCAGACATGTCCAGACAC	51680.0	-10295.465242616941	-10295.415926210691	4	3	1	-0.0986328125	1.0	20598.930485233883	20596.831852421383	-2.0986328125	20634.341789787708	20623.39033083675	-10.951458950956294
seelig_cm / by_cre	CAACTCCGAGAACCGTTGCGACGAGTCGCGTATCACATATACCTCGCTGCGCGATTTCTAATTCAGGGACTCCCTATGCCTTTTCTAAGAAAACGGATGGAACGCGGATCCGACTTATCGGATTATAAGGAAGCAATTGGCGGTT	51680.0	-1119.0554511146793	-1119.0560614662418	4	3	1	0.001220703125	0.9721287312245898	2246.1109022293585	2244.1121229324835	-1.998779296875	2281.5222067831846	2270.670601347853	-10.851605435331749
seelig_cm / by_cre	CAACTTCCGTGCCTCTTCCAGCCTTACGGATGTGCTGTTGGTAGCTGTGACTGCCTTGCTACTACGAGGAAAAGGAAGGCCAAGAGAATAGCAGAGACACTCGCTCTGATGCCTTTGAGCCAATGAATCAATGCCAGAAGCAGCT	51680.0	-525.1219171136046	-525.1280206292296	4	3	1	0.01220703125	0.9120244006842477	1058.2438342272092	1056.2560412584592	-1.98779296875	1093.655138781035	1082.8145196738287	-10.840619107206294
seelig_cm / by_cre	CAAGAAAGAAGGAAGGAAGGAAGGGCTTCCAGATAAGGAAATAACTTGAAAGAAATAAGGGCGGTGAGTCATAGGGAAGAGTTACGGTATATCTTGCGTGTCTGACTGGCGGTGAGTCATCGAAGGATAAGGAAGTGGGTGGAGA	51680.0	-7638.418133281572	-7638.388836406572	4	3	1	-0.05859375	1.0	15284.836266563145	15282.777672813145	-2.05859375	15320.24757111697	15309.336151228514	-10.911419888456294
seelig_cm / by_cre	CAAGAAAGAAGGGCGGTGAGTCATAAGGAAGTGCGTGTGGATAGGCGTATATCTTGCGTGTCATAGGAAGAAAAGGAAGTGCTTCCGGATAAGGAAGTGACTTTATATCTTGCGTGTCTGACTGGCGGTGAGTCATCCAAGTGTG	51680.0	-19997.34711034635	-19997.145206049474	4	3	1	-0.40380859375	1.0	40002.6942206927	40000.29041209895	-2.40380859375	40038.10552524652	40026.84889051432	-11.256634732206294
seelig_cm / by_cre	CAAGGGATCAAGCTGACCGGTTGTGCACCGGACATGCCTGGGCATGTTTGGAGCTTCGGTCATGTGGCCTGCGGTACGCATGCCCGACCCACTACAGTGCGGAGGTTCGGACAACGAACGCAATGGGCCAAAGGGAATGCTGTCA	51680.0	-6189.424069453491	-6189.405026484741	4	3	1	-0.0380859375	1.0	12386.848138906982	12384.810052969482	-2.0380859375	12422.259443460807	12411.368531384851	-10.890912075956294
seelig_cm / by_cre	CAAGTTACAAGCCCGGAGAGGTTAATGGACTTTGGCCTGTGGTGACTCAACAAGGGTTAACTTTGTGGCGGGCTTTGGGTGGACATGCCGGGGCAAAAACACACAGGTCTCAGTTCACTGAATGCATTACCGGACAAAAAACCCT	51680.0	-6665.151973969707	-6665.132442719707	4	3	1	-0.0390625	1.0	13338.303947939414	13336.264885439414	-2.0390625	13373.715252493239	13362.823363854783	-10.891888638456294
seelig_cm / by_cre	CAATAACGTTTTCACTTCCCCTTAAGACTGATGAGTCATCGGATAGCGCATCCGATAGCGCGAATTGGTGGAAGTCGCGTCAGCGTCTTCGAGGAATGAATACATGATAGCGCGTCCTACATATAAGCATCCTCCACGAATAGGC	51680.0	-1391.209251635641	-1391.212669604391	4	3	1	0.0068359375	0.9341062040117134	2790.418503271282	2788.425339208782	-1.9931640625	2825.829807825108	2814.9838176241515	-10.845990200956749
seelig_cm / by_cre	CAATCGCCCCGCTAATTCGTTATAAGATAACGGAAGACGCAGTATCAATTAGCGATACGATTTATGAGTAAGCGCCGCTTCCGATATCTCATCTTCCGGATGGGGAAGTCTCATTCGCGCGACGCAAGGAGGCGTAACTTTGAGG	51680.0	-1878.9973365389224	-1878.9928199373599	4	3	1	-0.009033203125	1.0	3765.9946730778447	3763.9856398747197	-2.009033203125	3801.405977631671	3790.544118290089	-10.861859341581749
seelig_cm / by_cre	CAATGATTTAAGCAGTTATGTAACCGGTTATGTAAGTGTCCGGTGGTTTGTCTGGTGATCTAGGTGGTTATGTAACGGGTTATGTAAGCGGTGATGTAACGGGTAATGTAATGGTCCAGTGATCTAAGCGGTGGTCCGGTCGGTT	51680.0	-18347.813107430204	-18347.652951180204	4	3	1	-0.3203125	1.0	36703.62621486041	36701.30590236041	-2.3203125	36739.03751941423	36727.864380775776	-11.173138638456294
seelig_cm / by_cre	CACAAACAAACAATGGCCAGGCATTGTACAATGCATGCCTGCAATGAACTTTTGAATGTTTGAACTTTGGACATGTCCGGGCTTGCCAGCAAGCCCAAACATGTCAGGGGACATGCCGGGGCCAAAGCCGGCAGGTTGAACAAGG	51680.0	-6743.109805935091	-6743.076602810091	4	3	1	-0.06640625	1.0	13494.219611870181	13492.153205620181	-2.06640625	13529.630916424007	13518.71168403555	-10.919232388456294
seelig_cm / by_cre	CACAATTAAATAACCCACGTTTGAACGTTGGCATGTACCAAGCGAACGTACATGTACTGTACAATCTCCGGTCAAACACAAAGGCCGGCATGCCTAGGCATGTCGGCTGCCAACGTAACTGCGGAGTGCGTTGAACTCTCCCCTC	51680.0	-3981.572894231557	-3981.562152044057	4	3	1	-0.021484375	1.0	7971.145788463114	7969.124304088114	-2.021484375	8006.55709301694	7995.682782503483	-10.874310513456294
seelig_cm / by_cre	CACACACAGATAACTCATCAGTCCGCCCCACCCATATCTCTTAAAACCGATAACTCATCAATACACACATAAAAAACACAGATATAACTTCCTCAAAACCGTCCGCCCCTCCCATATCTCTCACAACCGATAACTCATCAAAACG	51680.0	-402.9986757915249	-403.0074038188686	4	3	1	0.0174560546875	0.8948882984260185	813.9973515830497	812.0148076377372	-1.9825439453125	849.4086561368757	838.5732860531067	-10.835370083769021
seelig_cm / by_cre	CACAGGGCAAACACTGACCGGACGGTCATGCCCGGGCATGTCCCCTGGCAAAGGTCTTTGTATTGTTGCACAAAACAATGACCGGAAGGTCAGGGGCAAAGGTCAATGTACAAACCCCCCCCCCCTCCCAAAGGACTTTGGACTG	51680.0	-953.867122826912	-953.8677942136308	4	3	1	0.0013427734375	0.9707689613100453	1915.734245653824	1913.7355884272615	-1.9986572265625	1951.1455502076499	1940.2940668426309	-10.851483365019021
seelig_cm / by_cre	CACATTTCATGAGTCTTTCTTATCGTGAGTCTTACTTCCTTAGAAAGAAAACGCGCATGAGTCATCCATAGAAAGAGTTTTTCCTCGATAACGCTTTTTTCCGCGTCCTCTTGCGCGCCTTATCGCGATAACGCGATATCGCGCG	51680.0	-2557.0346717715756	-2557.0378455997006	4	3	1	0.00634765625	0.9364979863203111	5122.069343543151	5120.075691199401	-1.99365234375	5157.480648096977	5146.634169614771	-10.846478482206294
seelig_cm / by_cre	CACCACTAAAAAACGTAACCTGGGTGTAAATCACAGCCGTACCATGTGGACGGGGAAATCACAGCGTGGGTCAAATCACAGCACGCGAAAATCACAGCCTACCGGTGAGTATAAATCACAGCGATCCCCCAAATCACAGCAGGAG	51680.0	-663.2025597992053	-663.1958459320178	4	3	1	-0.013427734375	1.0	1334.4051195984107	1332.3916918640357	-2.013427734375	1369.8164241522366	1358.950170279405	-10.866253872831521
seelig_cm / by_cre	CACCCACAAACACCGATAACTCACCACCCACATCCAAAAAACCAACCAAACAACGATAACTCACAAAAACGATAACTCAAAAGAAAGCGCAGTCGCGGAAGCGCCGCCCACATCCAAAAAAAAACAAAAAACCAAATGACTCAAC	51680.0	-796.2603772289544	-796.2534802562982	4	3	1	-0.0137939453125	1.0	1600.5207544579089	1598.5069605125964	-2.0137939453125	1635.9320590117347	1625.0654389279657	-10.866620083769021
seelig_cm / by_cre	CACCCACATCCAAAAACACACACCAACACCGATAACTCACAAAAACGCTAACGCGCCACCCACATCCAACCAACAACAAATGACTCAAAAGAAAGCGCAGTCGCGGAAGCGCCGCCCCCACCACCAAATGACTCACCACCAACAA	51680.0	-525.8322094586435	-525.8336743023935	4	3	1	0.0029296875	0.9568343093418353	1059.664418917287	1057.667348604787	-1.9970703125	1095.075723471113	1084.2258270201564	-10.849896450956521
seelig_cm / by_cre	CACCGCAAACAGCAACCACAGCGGCCATGGTTCCGCGTTTCTTCCACTTCCTTTCGTTCCAAATCGTTCCGAAAGGCCCCTTCCGCTGCTCTTCCCCTGTGGGCTCGAGTACCCCGTTCAAAGGTTCCGCAGGAGAACGCTGAGG	51680.0	-539.7245877914922	-539.7297147446172	4	3	1	0.01025390625	0.9193428193266743	1087.4491755829845	1085.4594294892345	-1.98974609375	1122.8604801368103	1112.0179079046038	-10.842572232206521
seelig_cm / by_cre	CACGAAGTAGCGCTTTCTCGGAAGGAAGCCTCGGCGGATCGGAACGCCCATATCTCTCCCGCCCCCCCTCCAATAACGGCGCGGGCGGCGGGAAAGGCTTTGCGTGGCGGGGAAGAGTGATGAGTCATCCGAACCGATAAGATAA	51680.0	-1218.4520017706338	-1218.4635984503213	4	3	1	0.023193359375	0.8789553238902852	2444.9040035412677	2442.9271969006427	-1.976806640625	2480.3153080950938	2469.485675316012	-10.829632779081749
seelig_cm / by_cre	CACGTCATCTTACGTCATCCGGACACTAATGGACTTTGTTTGAACTCTACATGTCCGACGACCGGTCTACATGTCCAAACGTCCAGGCATGTCCAGACATGTCTAGGCAAGTCTGACCGTTGCATGGTCGCCAGGTCAAACGCGA	51680.0	-7270.577743614414	-7270.554306114414	4	3	1	-0.046875	1.0	14549.155487228829	14547.108612228829	-2.046875	14584.566791782654	14573.667090644198	-10.899701138456294
seelig_cm / by_cre	CACTCCACCCCTGACCTGCGGGGGATGAGTCAAACGGTCAGACTTGCCTGGGCTTGTTCCACGCTCCCCTGGCTAGACAGGCGTCTACACATTCTCAGTTAGGGGCTGGACAGGGGCAGCTGCTAGACAGGTCCTATTCTGGGCC	51680.0	-5407.727176437722	-5407.709598312722	4	3	1	-0.03515625	1.0	10823.454352875444	10821.419196625444	-2.03515625	10858.865657429269	10847.977675040813	-10.887982388456294
seelig_cm / by_cre	CACTCTCTGTGACCTTGGTCGCTCACGAGCTTCGGAATGTTTACCCTCCGGAATGTTTGACCTTTGAACAAACACTGCAAACATGCCAGAGTGAACAATCCCCATCATGTCAGGCACTGCTGACATTCCGGAATGTTTAAACTAG	51680.0	-2862.9947157840447	-2862.9969130496697	4	3	1	0.00439453125	0.9471459408435563	5733.9894315680895	5731.9938260993395	-1.99560546875	5769.4007361219155	5758.552304514709	-10.848431607206294
seelig_cm / by_cre	CACTCTCTGTGACCTTGGTTGCTCAGGAGCTTCGGAATGTTTAACCTTTGCACAAACACTGCAAACATGCCAGAGAGCACACTCCCCTAGACGTCAACATGACCGTCTGAACATTCCCCATCATGTCAGGCACTGCCACCATTAC	51680.0	-684.5131342622094	-684.5069697114282	4	3	1	-0.0123291015625	1.0	1377.0262685244188	1375.0139394228563	-2.0123291015625	1412.4375730782447	1401.5724178382256	-10.865155240019021
seelig_cm / by_cre	CACTGGTGCGGGGCTAGCGACCTGGTTGAGGTCTGCGGGGGAGTGCCGGTTTGACTCCACCACCCACGGACACCAGCTCCTCTTCCGGTCTCCATAACGCGCATGCGCATCACTGGCCTTTAAACGTGCACCGCCGGTCCATCCG	51680.0	-1243.453513651236	-1243.4516825965486	4	3	1	-0.003662109375	1.0	2494.907027302472	2492.903365193097	-2.003662109375	2530.3183318562983	2519.4618436084666	-10.856488247831749
seelig_cm / by_cre	CACTTATCTTTTGCGGCTTACGGTGTATCCCGCAACCTTATGCTTCAAATGATATATTCGCGTAAGATATCGCCCTATAGGAAACGGAGGGGCGGTTCCTCATCCGATTCGCGGGATAACGCGTCTCCGAATCGTGGAATCACTA	51680.0	-846.2710366115758	-846.2707314357946	4	3	1	-0.0006103515625	1.0	1700.5420732231516	1698.5414628715891	-2.0006103515625	1735.9533777769775	1725.0999412869587	-10.853436490018794
seelig_cm / by_cre	CACTTTCGTAATTTCGCGATAGCGGTTTCTTATCAGCGCAACGCGCCGCCGAAGTACGATACGACTCGTGCAAGATATGGGCGCGTAACTTATTTCGTGAATTATACGGGTTTCAGACGCTGATGAAATAGGAACGGTTTATGGT	51680.0	-1021.6735232977671	-1021.6717532782359	4	3	1	-0.0035400390625	1.0	2051.3470465955343	2049.3435065564718	-2.0035400390625	2086.7583511493604	2075.901984971841	-10.856366177519249
seelig_cm / by_cre	CAGACGATTCCGCGTAACTTAGACGCGCGGCGCGCGGACCAATAAGATAAGTTACTTATGGGTGGGGATATCGCGAAACCAGAGGGCGACGTCATCTTTTGCAATCGATAAATCTTAATTAACTTACTTCTCGGAAGCGCCTCCC	51680.0	-1441.3532836365346	-1441.3383910584096	4	3	1	-0.02978515625	1.0	2890.706567273069	2888.676782116819	-2.02978515625	2926.117871826895	2915.2352605321885	-10.882611294706749
seelig_cm / by_cre	CAGACGTTTTGATCCCGGGAGCTTTGAACATGCCCGGTCATGTCTATAGATGACGTAATCATGTCCGAACATGCGCTCAAACGCCCGTAGTGACTAGGTAATGCGAAGGGGTCAATGCACACTGGACCACGCGCTGGCACCTTTG	51680.0	-7283.611247343087	-7283.576579374337	4	3	1	-0.0693359375	1.0	14575.222494686173	14573.153158748673	-2.0693359375	14610.633799239999	14599.711637164042	-10.922162075956294
seelig_cm / by_cre	CAGAGACGACGCACCACACAGAGCGCGAGAAAGGATGACGCACTCTGCCGATAAGTCACTTCCGCTCCACTTGCGGGTCGCGCGATATCGTAAATATGAAAGCGCGTTATCACTCAGCAGAGAAGGGGAGCGACTAGTCCTTATG	51680.0	-3565.8426115622315	-3565.8274748434815	4	3	1	-0.0302734375	1.0	7139.685223124463	7137.654949686963	-2.0302734375	7175.096527678289	7164.213428102333	-10.883099575956294
seelig_cm / by_cre	CAGAGTTATCGGATGAAAAAAATCTGATTAGGCGCGGGGCGCCCCTTCCGAGAAAGACGCATCCTTAGGAAGTTACGAGATATATTTCATGAGTCGCGCCGCATGACGCGGCTTATTTCTCATACGTGTGGCGCCGCATCATAGA	51680.0	-2337.856848767188	-2337.855139782813	4	3	1	-0.00341796875	1.0	4683.713697534376	4681.710279565626	-2.00341796875	4719.125002088202	4708.268757980995	-10.856244107206294
seelig_cm / by_cre	CAGATTTGTGATGGTGATGACCTGCCCACCATGCTGAGTCCTTGACCTGGGATGTGACTCACAAAGCCAGCCGTTCACCTTATACATTTCATGCATTCCACACCCTGACTCGACGCAAGCTCAGAAGGTCACTGTATTAGTCATC	51680.0	-597.8036245554739	-597.8122915476614	4	3	1	0.017333984375	0.8952543405422471	1203.6072491109478	1201.6245830953228	-1.982666015625	1239.0185536647737	1228.1830615106924	-10.835492154081294
seelig_cm / by_cre	CAGCCTCCAGCCTGAGCTTTGTCCTGGACACCACGGGCAGCATGGGTGAGGAGATCAACGCTGCCAAAATCCAGGCTCGCCACCTTGTGGAGCAGCGGAGAGGCAGCCCCATGGAGCCTGTCCACTATGTCCTGGTGCCTTTTCA	51680.0	-411.81831735390193	-411.8132514359332	4	3	1	-0.0101318359375	1.0	831.6366347078039	829.6265028718664	-2.0101318359375	867.0479392616298	856.1849812872358	-10.862957974394021
seelig_cm / by_cre	CAGCTTACCGAACTTGGCACGTTGGTATAACCATGGTTGTTCTCCGAACTAGACATGTCCGTACATGTTTAGTGTGTCGACTTTACACAAGCCCCTCTGTGTTTGTCCTTTGCAGCGGTAGTGCATACACGTAATGTCGGCACTA	51680.0	-1845.7182661046327	-1845.7248579015077	4	3	1	0.01318359375	0.9085879295993922	3699.4365322092654	3697.4497158030154	-1.98681640625	3734.8478367630914	3724.0081942183847	-10.839642544706749
seelig_cm / by_cre	CAGGCCACAATCCCCGTGTCTGCCTCACGATGGTGATGAGCTCCGGAGAGTATATCAGTCCATACCTCCGTACGACACGCTCAAGCCCAGACTGGTGGGGACAGATAAGAGGGGTGATCATGGCGACGGCCAGACCATGGTTGAT	51680.0	-687.2977579562729	-687.3008707492417	4	3	1	0.0062255859375	0.937110268325481	1382.5955159125458	1380.6017414984833	-1.9937744140625	1418.0068204663717	1407.1602199138529	-10.846600552518794
seelig_cm / by_cre	CAGGGGACATGACCTTTGTACAAAGCTTTGGACTTTTGAACAGGGGACATGTCCGGGCATGCCCAGGCATGTCCGGGGCACACAAACTCGGCATGTCAGGGGACATGTCCTTTGTACAAATGGACCTTTGTTCAATGGTTGCCCA	51680.0	-4744.568776923099	-4744.558523016849	4	3	1	-0.0205078125	1.0	9497.137553846198	9495.117046033698	-2.0205078125	9532.548858400023	9521.675524449067	-10.873333950956294
seelig_cm / by_cre	CAGGGGACATGCCCGGGCCAGACACCCAGCCCAGACATGTCCGGTGAACTTTGGAACAGGGGACATGCCGGGGCATGCCCAGGCATGCCCGGTGAACTTTTGTTTGTACAATGGTTGCCAACATTGAAGTTTGGACATGTCCGGG	51680.0	-3057.4790037896037	-3057.4692381646037	4	3	1	-0.01953125	1.0	6122.958007579207	6120.938476329207	-2.01953125	6158.369312133033	6147.496954744577	-10.872357388456294
seelig_cm / by_cre	CAGGGGACATGCCGGGGCATGCCAACCAGCTTTGTTTCTTTGTTTGAACTTTGGACATGTCCGGGCATGCCCAGGCATGTCCGGTGCACCCACCTTTGAATGTTTGTACAAACTTTGCCCCAGGGGACATGCCCGGGCATGCCGT	51680.0	-6370.421426327772	-6370.410928280897	4	3	1	-0.02099609375	1.0	12748.842852655544	12746.821856561794	-2.02099609375	12784.254157209369	12773.380334977162	-10.873822232206294
seelig_cm / by_cre	CAGGGGCAAACCAGGCATGCCCGGTGAACAAACACAAACCAAACAGGCAACAAAGACCAAAGGTCAAAGCCACAAGTGAACTTTGGACATGTCCGGGCAAGCCCCGGCATGACCTTTGAACATTGCACTTGACCGGGCATGCCCA	51680.0	-984.2687646443386	-984.2694360310574	4	3	1	0.0013427734375	0.9707689613100453	1976.5375292886772	1974.5388720621147	-1.9986572265625	2011.948833842503	2001.0973504774843	-10.851483365018794
seelig_cm / by_cre	CAGGTAACCGGTGGTTTGGGCAGTGGTCTAAGTGTCCGTTGGTTTGTGCGGTCGGTTATGTAACCGGTGATGTAAGCGGTGATGTAAGTGTCCGTTTGTTTGGTTGTCGGTCCGGTTATGTAATGGTTTATGTAACCGTCGATCA	51680.0	-16270.8089380589	-16270.68637946515	4	3	1	-0.2451171875	1.0	32549.6178761178	32547.3727589303	-2.2451171875	32585.029180671627	32573.93123734567	-11.097943325956294
seelig_cm / by_cre	CAGGTGACATGACCTTTGTACAAAGCTTTGAACTTTGGACATGCCCGGGCATGCCAGGTTTGAACTTTGGACATGGGCAAGTTTGCACAAACAGGACCTGGGCCATGCCAGCCAACATGCCAGGGGACATGTCCGGGCATGCCGT	51680.0	-1772.8728771089047	-1772.8711681245297	4	3	1	-0.00341796875	1.0	3553.7457542178095	3551.7423362490595	-2.00341796875	3589.1570587716355	3578.300814664429	-10.856244107206749
seelig_cm / by_cre	CAGTGCAGAACCACGGAATTTTGAACCCAGCTCACATATGAACCTAGCGCAATCATTCCGGACGCGGTCACGTGTCCAGTGAACATACCCGGTCATGTCCGAAGGGATCTTTGTTGACTGCCACCGGGGGCATTACAGAACAAAG	51680.0	-718.4321404696761	-718.4400750399886	4	3	1	0.015869140625	0.8997534734354865	1444.8642809393523	1442.8801500799773	-1.984130859375	1480.2755854931781	1469.4386284953466	-10.836956997831521
seelig_cm / by_cre	CAGTGGCATGATCTCAGCTCACTGCAAGCTCCACCTCCCGGCTTCATGCCATTCTGCTTTAGCCTCCTGATTAGCTGGGGTGAAGTGGCGTGATCTCAACTCACTGCAACCTTTGCACCTTGGGTTCAATGATTCCCCTGCCTCA	51680.0	-595.9959902311936	-596.0022768522873	4	3	1	0.0125732421875	0.9107199586071744	1199.9919804623871	1198.0045537045746	-1.9874267578125	1235.403285016213	1224.5630321199442	-10.840252896268794
seelig_cm / by_cre	CAGTGTTGTGTGTACAGTACGGCTCTATGGACAAACTCTCTCGAGGTTGGTAGTCCAAACATGTCTGGGAATTTTGAACGCTGACTTTTGTGGTCGTGTCACGGGGCATGACCGAAACTGGACAAAGGGAAAAATTCCGGTACAG	51680.0	-1126.0523979908958	-1126.0427544362083	4	3	1	-0.019287109375	1.0	2260.1047959817915	2258.0855088724165	-2.019287109375	2295.5161005356176	2284.643987287786	-10.872113247831749
seelig_cm / by_cre	CAGTTGAACAAAGGTCAAACAGACTTTGGTCCCTGTTTAAACATGTCCGGGGTGAAGGCAGTTGTCCTGTTTGGTGTTTGACTAAAGGAATTATGTAAGCATGTTTGTAGCTGGGCTCAAAGCAGTGGGCATGCCCGGGCATGTT	51680.0	-22054.075198010763	-22053.848147229513	4	3	1	-0.4541015625	1.0	44116.15039602153	44113.69629445903	-2.4541015625	44151.56170057535	44140.254772874396	-11.306927700956294
seelig_cm / by_cre	CAGTTGCGCGATATCTCGCGGATGCGATAAGTTTCTTAAGGAGGGTGTGGGTGGGTGTGGGTGGGGCTTAAGAAGTTTCTTATTGGCTGGGTTGGTGAGTCGCGCGATATCTTGTGGATGAGATAGCGTTTTTAAGAAGTTTCTT	51680.0	-10164.91589232778	-10164.87194701528	4	3	1	-0.087890625	1.0	20337.83178465556	20335.74389403056	-2.087890625	20373.243089209383	20362.302372445927	-10.940716763456294
seelig_cm / by_cre	CATACGCGCCGATAAGCACTTGCATCATCTGCGAGATATATGATGACTCATAAGTCGGCGGCGCTTCACGAGGCGCCGCCTCTCTCTTCCAGGAAAAGAGCCCGTCCGATGAGATAACGTCACTCACATCTGCTTATCGCGGGTA	51680.0	-4611.360125433482	-4611.358660589732	4	3	1	-0.0029296875	1.0	9230.720250866963	9228.717321179463	-2.0029296875	9266.131555420789	9255.275799594832	-10.855755825956294
seelig_cm / by_cre	CATACTGCAGGGTGAATTTCCATATCCCTGCCTCAAAGCCTGTTGGGGTGGGGAGGGGGAGAGGTCATTTGAAATTCAAATGAGGATGATTAAGGTTTTCTTGAGGAGGGAAGCGTGGACAAAAGGGGTTAAGCCTGCTGGCAAA	51680.0	-4043.99287317098	-4044.002882936605	4	3	1	0.02001953125	0.8874825491406633	8095.98574634196	8094.00576587321	-1.97998046875	8131.397050895786	8120.56424428858	-10.832806607206294
seelig_cm / by_cre	CATAGACCTTCTACAACAGACCCAGCACTGGCCTGCTGATATCTCAGCCCTGAATCCTCTCATTCGCAGATAATCTGCCCACAGCAGACACAGTTCCCTTCATTTTATCCAAGATACCTTAGTTTGCAAGTTCATCATAGACTTC	51680.0	-715.4647999065365	-715.4608936565365	4	3	1	-0.0078125	1.0	1438.929599813073	1436.921787313073	-2.0078125	1474.340904366899	1463.4802657284426	-10.860638638456294
seelig_cm / by_cre	CATAGCCAAAAACCTGCTGATCGGACTTTGAGCTGAGTTGGTACAGACTGAACATGCCCGCAGGCTTGTTCTGTGGCAACTTTGACCCCAGCTTGTCACCGTGGTTTCGTTGGGTACATCTTTGGACATGCCGGGACATGTCAAC	51680.0	-2286.0869252692805	-2286.0866811286555	4	3	1	-0.00048828125	1.0	4580.173850538561	4578.173362257311	-2.00048828125	4615.585155092387	4604.731840672681	-10.853314419706294
seelig_cm / by_cre	CATATGCGCGGATAGGGCGGGCCCTATCGGGGCGGGTGACAAGGAAGAAAGCGCTATATCGCGCAGCGTGACTGAAAGAAAAGAAAGGAGGATGACTCACTCCGCCGATAACGCGGAAGCGGCGCGCGCGGACCCGCGGCCGCGC	51680.0	-2009.5542547931934	-2009.5483954181934	4	3	1	-0.01171875	1.0	4027.108509586387	4025.096790836387	-2.01171875	4062.519814140213	4051.655269251756	-10.864544888456749
seelig_cm / by_cre	CATATGCTATGTGCATGTTTACTTAGGGATGGCGGGGCCTTGTCCGGACGTGTTTACTTAGGCGCTAGTCTCTTTGGCTCATGAATGGCACCTTCCTTGTTTACTTAGGTTGTTTACTTAGGAATCTGTTTACTTAGGCACATCA	51680.0	-3946.725027374855	-3946.73015432798	4	3	1	0.01025390625	0.9193428193266743	7901.45005474971	7899.46030865596	-1.98974609375	7936.861359303536	7926.01878707133	-10.842572232206294
seelig_cm / by_cre	CATCCGCGCGGATAACGCGGAAGAAGCGGCGCCCCGCCCCTCCCGCCACATCCGTATATCGCCCTATCGCGGAGGCGCCCCCTCTGACTCACAGGGAAGCGCGCTATCGGGCGGCGCCGATGTCGGGAAAGATAACTCACTGACT	51680.0	-243.95871204345917	-243.9560112377951	4	3	1	-0.005401611328125	1.0	495.91742408691834	493.9120224755902	-2.005401611328125	531.3287286407443	520.4705008909597	-10.858227749784646
seelig_cm / by_cre	CATCGGAGAAGCAATTGGCTTCCTCCTTCTTATCCTCCGATATCGACGACTCATCACATCCTCATCGCGAATCAGCATCTGGGGGTGGCGCACCCACGCGACGGCGCGTTATAAGTCGTCGAATTGGTGGATGACTCACGAAAAC	51680.0	-594.7251142631924	-594.7231001030361	4	3	1	-0.0040283203125	1.0	1197.4502285263848	1195.4462002060723	-2.0040283203125	1232.8615330802106	1222.0046786214416	-10.856854458769021
seelig_cm / by_cre	CATCGTACTTCTTCGTCCTTATATTGACGATATCAGGCTCCGGGTTTCGAGGAAGCGCCACGCGCATCCGAGGGCTTATAAGACTGATAAGTCGTTTTGGGGGTGTGACGAATCTGCAAAGACGCGGGGATTCAGGAAAGTGTGA	51680.0	-3365.621347190665	-3365.600351096915	4	3	1	-0.0419921875	1.0	6739.24269438133	6737.20070219383	-2.0419921875	6774.653998935156	6763.7591806092	-10.894818325956294
seelig_cm / by_cre	CATGATTATACATGCTTGCCTCGGAATGTCCGGTCACGAGCCCACCGTACATAAATCTCAGCATGGCTCAATCCACGACATGTTTGTTACGTAAACCCCACGAGAATGGAAAAAAACACTGGAAACATGCCGGGACATGACCGTT	51680.0	-1388.3694732789781	-1388.3798492555406	4	3	1	0.020751953125	0.8854567370323951	2784.7389465579563	2782.7596985110813	-1.979248046875	2820.1502511117824	2809.3181769264506	-10.832074185331749
seelig_cm / by_cre	CATGCAGAACAAACGAGGGAGAACAAGCACACAAAGGACATGCCCGGGCATGCCCCGGTCGACCTCACCGGGCATGCCCCCCGGCATGCCCGGGCATGTCGCCAGGGGGCAAACAAACCAGGTATGTGACCAGAGGACCGGGAAT	51680.0	-3280.347734260172	-3280.339677619547	4	3	1	-0.01611328125	1.0	6568.695468520344	6566.679355239094	-2.01611328125	6604.10677307417	6593.237833654463	-10.868939419706294
seelig_cm / by_cre	CATGCCACCAAGCAACCCGGCATGCCCCCCGGCATGCACCGGAATGTGACCAAAGAACGAACAAAGGAACAAAAACAAACAAACAACCGGACCATGACCAGGGATGTCCGGGCATGCCCCGGGGGGCATGCCGGGACGTGCCCCT	51680.0	-437.90913187223464	-437.90342508512526	4	3	1	-0.01141357421875	1.0	883.8182637444693	881.8068501702505	-2.01141357421875	919.2295682982952	908.36532858562	-10.864239712675271
seelig_cm / by_cre	CATGCCCCGGCATGTCCACAGCGGCATGCCGGCCGGAGTCCAGAGGTGAACAAAGGCCGCAGTCCGGAGGTGACCGAAAGTCCAGAGCAGGAGACATGCCTGGGCATGCCCCCCTGCCCCCCTGAGAGCAGGGGTGAACAAAGGC	51680.0	-1242.5486065535001	-1242.5564190535001	4	3	1	0.015625	0.9005235503397742	2493.0972131070002	2491.1128381070002	-1.984375	2528.5085176608263	2517.6713165223696	-10.837201138456749
seelig_cm / by_cre	CATGCCCGGGCATGTTCAGGCCAGTATGGAGTGGGGCCGTGGACGTCAACCTTTGTTCAGTGACCTGGTTGTATACACTCGGGACTCGGTGACGGTGGCCAAACATCCCCGGATGTTTGCTGACACTGCAAAGTCGGTAGGTGGT	51680.0	-4279.249756266328	-4279.237060953828	4	3	1	-0.025390625	1.0	8566.499512532657	8564.474121907657	-2.025390625	8601.910817086482	8591.032600323026	-10.878216763456294
seelig_cm / by_cre	CATGCCGCCCTGAGAGCATGCCCCGGCATGTCCACAGCGGAATGCCGGCCGGAGAGCAGGGGTGAACAAAGGCCGCAGTCCGCAGGCAGGGGAAGGTCGCAGTGAACAAAGGCCGCAGTCAGCAGACATGCCTGGGCATGCCCCC	51680.0	-5647.1253145937735	-5647.1082247500235	4	3	1	-0.0341796875	1.0	11302.250629187547	11300.216449500047	-2.0341796875	11337.661933741372	11326.774927915416	-10.887005825956294
seelig_cm / by_cre	CATGCCGCCGTTCACCATCACGTAACAGTGGGTCAAACAACCGGGTCTACACGAAAGGTGCACAGTTCCGTTCACGCGAGACTTCCGGACATGTCCAGGCATGCCGTAGGTTTGGGTCAAAGGTCCATTGGTGCATTCCCGCCTA	51680.0	-2001.9904892145469	-2001.9950058161094	4	3	1	0.009033203125	0.924280541737005	4011.9809784290937	4009.9900116322187	-1.990966796875	4047.39228298292	4036.548490047588	-10.843792935331749
seelig_cm / by_cre	CATGCTGGCGAGAGTGGAAAAGTACATTGGATTTTTTTGTTTGTGTATTGAAAGTTCAAAGGTTGTATTATGCATGCTGGCATGCTGGGGAATGTACATTGGATTGTTTGTACATTGGATTGTTTGTTTAAACATTCTGGGGAAT	51680.0	-7091.121072938885	-7091.114725282635	4	3	1	-0.0126953125	1.0	14190.24214587777	14188.22945056527	-2.0126953125	14225.653450431595	14214.787928980639	-10.865521450956294
seelig_cm / by_cre	CATGCTGGGGAGAGTACATTGGATTGTTTGTTTAAACATTCTGTGGAATGTTTGTGCATGCTGGCATGCTGGGGAGTGTGGATTTTTATTGTGTAATGTTTGGACATGCTGTGTAATGTTCAAAGGTTGTATTTGTTTTACATTC	51680.0	-16680.149957707436	-16680.040582707436	4	3	1	-0.21875	1.0	33368.29991541487	33366.08116541487	-2.21875	33403.711219968696	33392.63964383024	-11.071576138456294
seelig_cm / by_cre	CATGTCCAAACATGCCGGCATGCCCAGGGAATTCCGGTGGTCTTCGGGACAGGATGTTTGAACTTTGGTCACATGGCCCACAGGCTCTCCACTATACAGGTTACATTGCCGGCAACCAGGGACTTTGCTGGCCTTCGCTTAACTA	51680.0	-761.8327753819922	-761.8297236241797	4	3	1	-0.006103515625	1.0	1531.6655507639844	1529.6594472483594	-2.006103515625	1567.0768553178102	1556.2179256637287	-10.858929654081521
seelig_cm / by_cre	CATGTCCGGGCAAGCCCTGTTTACGTAACTTCTGGTCTAGTTTGCCTTTGAACTTTGGACTTCCGGCCGGTAGGTCATTGGATCGTGACTAAACAAACGTAAATACCGGCGGCCTTAGTGCTGTGAACTTACTTTGACCTGAGCG	51680.0	-19837.079627534287	-19836.952674409287	4	3	1	-0.25390625	1.0	39682.159255068575	39679.905348818575	-2.25390625	39717.5705596224	39706.46382723394	-11.106732388456294
seelig_cm / by_cre	CATGTGATCCTGACCGCGAGGGGCTTGCCCGGACATGTCCATGATAGGTGGCCCTAGGAAGGCCGGAGGTGTACCTTAGATCACTGGACATGACGCAATGTTTGAACAAAGGGTCAAAGGGCCGGGAGTGAGCACAGAATCCCCT	51680.0	-7724.977471531829	-7724.948174656829	4	3	1	-0.05859375	1.0	15457.954943063658	15455.896349313658	-2.05859375	15493.366247617483	15482.454827729027	-10.911419888456294
seelig_cm / by_cre	CATTCAAAGCGAACATTACATAAACCTCTGCTGTAATGTTTGACCCCTGCTCTGTTTGTCCCCTGCGAACATGCCGGGGCACGTGACCTCTCTGTTTGACCCCTGTAATGTTTGAACAAAGGTCTCCTGCCGGCATGCCGGGGCA	51680.0	-1079.4091217052394	-1079.4061309825831	4	3	1	-0.0059814453125	1.0	2166.8182434104788	2164.8122619651663	-2.0059814453125	2202.229547964305	2191.3707403805356	-10.858807583769249
seelig_cm / by_cre	CATTCCATTTCCGCCTGACAGAGCCTTGCTTCTTGACATGCAGAGGCATGTCACTCCTTTTGTTCTTGCTTCAGAGGGAAGGGACACTGCTAACACGCTGGAGTTTAATAATTTACTTTTGCTGCAGGAGTATGGCCTTCCTTGT	51680.0	-3729.3684359920826	-3729.3684359920826	4	3	1	0.0	1.0	7466.736871984165	7464.736871984165	-2.0	7502.148176537991	7491.295350399535	-10.852826138456294
seelig_cm / by_cre	CATTCTACCGGGATCAATGTTGACAGTACGTAGTCTGAATTTGTTTGTTTTGTTTGTTTGTTTGTTTGTTCGGGCATGCTGGCAAGCTGGCATGCCAGGGATCATTGTTTACAGGTCTACATTACGTAGTCTGTCATGTTCGGAC	51680.0	-3147.879935133973	-3147.884085524598	4	3	1	0.00830078125	0.9274062806955211	6303.759870267946	6301.768171049196	-1.99169921875	6339.171174821772	6328.326649464566	-10.844525357206294
seelig_cm / by_cre	CATTCTACCGGGATCAATGTTGACAGTACGTAGTCTGATTTTGTTTGTTTCGTGCTGGCATGCCGGCAAGCTGGCATGCCAGGGATCATTGTTTACAGGTCTACATTACGTAGTCTGTCATTTTTGGGCATTCGACCGGGATCAA	51680.0	-1458.9983988569536	-1458.999985771016	4	3	1	0.003173828125	0.9550735520619895	2925.996797713907	2923.999971542032	-1.996826171875	2961.4081022677333	2950.5584499574015	-10.849652310331749
seelig_cm / by_cre	CATTGGTCAAACATTCCGTAATGTCCGGGAATGTTCAAAGTTCTTTTTGTTTCTTTTGACCTTTTGACATGTTCCGGCATGTTCACGTCCCGGCACCAAGGTTGCAGAGGGGCAAAGTGCAAACATGCCCGGGCATGTTTTGTCA	51680.0	-14525.337110337678	-14525.247999009553	4	3	1	-0.17822265625	1.0	29058.674220675355	29056.495998019105	-2.17822265625	29094.08552522918	29083.054476434474	-11.031048794706294
seelig_cm / by_cre	CCAAAGTCCGCTGGAAAGTACCCAGGGAGCTTGGGGGCTTTGGTCAAACTTTGCACTGCAGGCCTAAAGTCTCTACTGTAATCCTTTCACGTTTATGCCAAGGTCCCTTGTATACAAAACCAAAGTTCAAAGCTCCAGTACACAA	51680.0	-422.05642014668314	-422.069573222855	4	3	1	0.02630615234375	0.8711548840622578	852.1128402933663	850.13914644571	-1.97369384765625	887.5241448471922	876.6976248610795	-10.826519986112771
seelig_cm / by_cre	CCAACAGCCTATGCACGTCCGGTCGCCTTACGTACCTGGATTGTGTACACTTGGGCTTGTGTACAAAGGTCCCAGAGCAAGCCCGGGCATGTCCATAGTTTGAACCTGGACTTTTACCCACTGAATTCAGACCGTAGTGTCCAGG	51680.0	-6471.2813638922835	-6471.2725748297835	4	3	1	-0.017578125	1.0	12950.562727784567	12948.545149659567	-2.017578125	12985.974032338392	12975.103628074936	-10.870404263456294
seelig_cm / by_cre	CCAATTCAGGTTCAAAGGTCACCCGAAGAAGATAGTTTACAGATGCTAACAGGTTCAAAGGTCACTGCGTGGCTGGTGATGCGACCCGGTGAACACGTAAGGTTCAAAGGTCAGTTAGTGAGGTTCAAAGGTCATCGACGGCCGA	51680.0	-2499.691049941473	-2499.693247207098	4	3	1	0.00439453125	0.9471459408435563	5007.382099882946	5005.386494414196	-1.99560546875	5042.793404436772	5031.944972829566	-10.848431607206294
seelig_cm / by_cre	CCAGGAGCAAAGGTCAAATGGACTTTTACATTCCGGAGTTGCCAAAGCGACCTGGCATGTTTATGTAACGACATGCCTGGGCTTGTTTAGTCATGTCACCTCTGCACCAAAGTCCGGAGGTAGATAAATGCATTAGTAAATAGGT	51680.0	-5113.560404864473	-5113.537455645723	4	3	1	-0.0458984375	1.0	10235.120809728945	10233.074911291445	-2.0458984375	10270.53211428277	10259.633389706814	-10.898724575956294
seelig_cm / by_cre	CCAGTTTTTGATCTGTTGCAGGAGGCGCGTAATGAGTCATCTCCCCTAAATCGCGCAACTGACTCCACCGGCTGATGAGATATCGTTTCTTTTCTCGGAAGGAAACCGCGGGGTTTCAAGAGGGTGATGACTTCACGTACTTCCT	51680.0	-9300.765423556153	-9300.711712618653	4	3	1	-0.107421875	1.0	18609.530847112306	18607.423425237306	-2.107421875	18644.94215166613	18633.981903652675	-10.960248013456294
seelig_cm / by_cre	CCATATTCGCGGTATCGCTTCCTGATTCCTTATAGAATCCGAAAGAGCCGCTCCGCGAGTCATACGTCGTATCAGGAAGCTCCTTCAAGAAAGCGATACCGTTTCTTATTAGTCCGCCGATACGCGGATGATACACTATTATTGC	51680.0	-613.1313252338796	-613.1207051166921	4	3	1	-0.021240234375	1.0	1234.2626504677592	1232.2414102333842	-2.021240234375	1269.673955021585	1258.7998886487535	-10.874066372831521
seelig_cm / by_cre	CCCACACGCGCCGCCTATCGCGGAAGCGGAAGCTGATGACTCATCCGCGTGGGGGCGGCGCGTCCCTCTAACGATTTGTGAGTTTTATTATATCTTCATCTTCCTGCGCTTTTCTGAGAGGCCCCTCCAATGGCTGATAAAGAAA	51680.0	-2392.120092102093	-2392.125463195843	4	3	1	0.0107421875	0.9174514523131444	4792.240184204186	4790.250926391686	-1.9892578125	4827.651488758012	4816.809404807056	-10.842083950956294
seelig_cm / by_cre	CCCACAGTCATGTCGGCAGTTGACGTCCGAAGGTCCAAACGTACGTTGGTTGTTTGTTTGAACGAACGTCCAATGACCAAAGTCCGTTGGACGAACGTCGGATGTTTGTTTAACCGGACATGTTTGCCTAAGGGCCATGCGCAAG	51680.0	-1301.6996333327754	-1301.691210481213	4	3	1	-0.016845703125	1.0	2611.399266665551	2609.382420962426	-2.016845703125	2646.810571219377	2635.940899377795	-10.869671841581749
seelig_cm / by_cre	CCCACCCATCCACACTTCCTCCTAATGAGTCATTCTTAGAAACCGCTTTTTCGCGATATCGCGAAACCGCTTTCCTCAGAAAGCGCCACCCACAGAAACCGTTTCTTCGATCTAACTCGCATGAGTCATCCTCATAATGAAACTT	51680.0	-1936.6645919587402	-1936.6516525056152	4	3	1	-0.02587890625	1.0	3881.3291839174803	3879.3033050112303	-2.02587890625	3916.7404884713064	3905.8617834265997	-10.878705044706749
seelig_cm / by_cre	CCCACCGACCTTGTTTGAACATTCCCGAACTACCGACCAAGTCTGTTTACACTACTAAACATGACCGAACAAGTCCCAATGTTTCCTCCTCTGTTTGTTTGTTTGTTTGTTTAAATGTCCAAACATGCCTGAACATGTCCAAACC	51680.0	-1983.6815986381494	-1983.6894111381494	4	3	1	0.015625	0.9005235503397742	3975.3631972762987	3973.3788222762987	-1.984375	4010.774501830125	3999.937300691668	-10.837201138456749
seelig_cm / by_cre	CCCACCGATAAGAAGATAGCGCCATCCGCAAGTAACGCGGAAGGAGGCCGCGTGCGCGGGGCCATCCGTGACTGAGAGACGCGATAGCGCGATACGCGGATGACTCGGAAGCCGCGCCCATAAGCGGGCGGAGCGATAAGAGGCC	51680.0	-952.0371757136745	-952.0404105769558	4	3	1	0.0064697265625	0.9358916008900234	1912.074351427349	1910.0808211539115	-1.9935302734375	1947.485655981175	1936.6392995692809	-10.846356411894021
seelig_cm / by_cre	CCCACCTACTCACCTATACTCCTACCGACCAAGTCCGTTCAACTATGACCTATACCGTAAGTTTGTACACTCCTCTCCTACCCTCCGACCTTGTCCAAACATGCCTGACTGTACATGTCCAAACATGCCTGAACATGTTTACGCC	51680.0	-1158.653391072107	-1158.6496068924196	4	3	1	-0.007568359375	1.0	2325.306782144214	2323.299213784839	-2.007568359375	2360.71808669804	2349.8576922002085	-10.860394497831749
seelig_cm / by_cre	CCCAGGCATGCCGGGAGATGTTCCCCACCACAGTAGGTTGGCTCCGTACTGAACGGGGTGAGTTCAACCACCTTTGTTCAAACAAAGGGAATTTGCACCACAACATACACTCCGGGCTGGGTCGACATTATGTAATGCATGCCAG	51680.0	-622.390385265886	-622.396000500261	4	3	1	0.01123046875	0.9156030555875874	1252.780770531772	1250.792001000522	-1.98876953125	1288.192075085598	1277.3504794158916	-10.841595669706294
seelig_cm / by_cre	CCCATAGATGATAACACGCATTGGAGACTCAGCACAAAAGATATCGCGTGTCGTCCCGCGAACTAGCGTCTTATAGCGCGACGCGTTATCGGGCCCGGCCCATATCGTGAAGTAACTCTTCCAGATAAGGATGTTGCTTCCTCTT	51680.0	-580.6889957302591	-580.6983951443216	4	3	1	0.018798828125	0.8909447821039757	1169.3779914605182	1167.3967902886432	-1.981201171875	1204.789296014344	1193.9552687040127	-10.834027310331294
seelig_cm / by_cre	CCCCCCCATAACTTCCTATATCGGCGGGGGGGGAGGGGCGGGGCTTCCAGGAAGTGACTCATCGGGGCGGGGCGGGCCCCCCCCCCTATAGGCCCGCCCCCCCCCCCCTTCCCGGAAGCCCCGCCCCCAGAGGATGAGTCATCCG	41344.0	-266.3225084864381	-266.3159166895631	4	3	1	-0.01318359375	1.0	540.6450169728762	538.6318333791262	-2.01318359375	575.1637473214453	564.520881140553	-10.64286618089227
seelig_cm / by_cre	CCCCCCCCCACCCACAAGAGGATGAGTCATCCGATCGGGGCGGGGCGGCGGAAGCCCCGCCCCCCCCCCCCCCCCCCCCACCAGGAAGTCACTTCCGGGAAGGGCGGGCCCCCCCGCCTATAGGCAGATATCGGCGGGGGGGGGC	51680.0	-184.05444140093027	-184.0440959419459	4	3	1	-0.02069091796875	1.0	376.10888280186055	374.0881918838918	-2.02069091796875	411.52018735568646	400.64667029926125	-10.873517056425214
seelig_cm / by_cre	CCCCCCCCCACCCAGAAGAGGATGAGTCATCCTATCGGGGCGGGTTCCAGGAAGTGACTCATCGGCGGGGGGCGGGCCCCCCCCCCCACAGGCAGATATATCGGCGGGGGGCCCAGCCTATCACTTCCGGGAAGGGCCCGCCCCC	51680.0	-715.7725202880946	-715.7619612060633	4	3	1	-0.0211181640625	1.0	1439.5450405761892	1437.5239224121267	-2.0211181640625	1474.956345130015	1464.0824008274963	-10.873944302518794
seelig_cm / by_cre	CCCCCCCCCCCCAGCGTGAGTCACTCCGCGATACGCGGCTTCCGAGATATCGCGGTCCCGTGGCTGAGTCATCTCGCGGGGCCGGCCTATCCGCGCGGATCCGCGTGCCCCCACCCCCCGCCCCTGGCTGAGTCATCTCGCGGGG	41344.0	-172.99647950554703	-172.9875836315236	4	3	1	-0.017791748046875	1.0	353.99295901109406	351.9751672630472	-2.017791748046875	388.51168935966314	377.864215024474	-10.647474335189145
seelig_cm / by_cre	CCCCCCCCCCCCCTCCCAAAGGACTTTGGACTGTGGCACCAAACAATGACCGGAAGGTCAGGTGAACAGGACTTTGGATTGTTGCACGGTCACGTGAACAGGGCAAAGTCCAAACCGACAGACATGCCCGGGCATGTCCCCTGGC	41344.0	-1014.4475529221328	-1014.4526188401015	4	3	1	0.0101318359375	0.9198227300590412	2036.8951058442656	2034.905237680203	-1.9898681640625	2071.413836192835	2060.79428544163	-10.61955075120477
seelig_cm / by_cre	CCCCCCCCCTGCGCCTTTCCGATTAGCCGCGCGCGCAAGTGATTTCTTATCTCCTTTTTCGCGTGAGTCACTTCCTTATCAGCCCCGCCCCCTTTTTCTTCCCTTCCTTTTTTCTCCCGCCCTTTCCTTCCTCCCTCTTTTCCTT	41344.0	-296.70166539281723	-296.7103018674266	4	3	1	0.01727294921875	0.8954378533311202	601.4033307856345	599.4206037348532	-1.98272705078125	635.9220611342035	625.30965149628	-10.61240963792352
seelig_cm / by_cre	CCCCCCCTATATCTCCCCCCCCGCTCTCACTCATGCGTCTTCCCGCGTTTTTCTTTTTCTATCCGCGTTTTCGCGTATCTTCCTTCCTATACGCTTTCTCATCCGCCCTCTCCTTCTCTCTTCTCCGCGCCCTCCCCCGTTCTCG	41344.0	-248.75891541863297	-248.7615094127736	4	3	1	0.00518798828125	0.9425798707896239	505.51783083726593	503.5230188255472	-1.99481201171875	540.036561185835	529.412066586974	-10.62449459886102
seelig_cm / by_cre	CCCCCCTTTCCAGGAAGTCGCGGAAGCGCTGAGTCACGATACGCCCCGCCCCCCCGCCCCCCCCCCCCCCCGCCGATGACGCTTCCTTATCTCTCGCGGATGTCGCTTCCTTATCGGGGGGGCGGGAAGTCACGATACGCCTTTC	41344.0	-155.55301189041677	-155.55441569901052	4	3	1	0.0028076171875	0.9577423031133917	319.10602378083354	317.10883139802104	-1.9971923828125	353.6247541294026	342.99787915944785	-10.62687496995477
seelig_cm / by_cre	CCCCCGGCTTCCAGATATCGCGGGGCCCCTGGGGGGGGCCCCCCCCCCCCCCCCAGCCCGAGGCTGAGTCACTCCGCGATACGCGGAGCCGGCGGGTGAGTCATCTGGGGGGGGCGGCCTATCCGCGCGGACCCGCGGACCCCGG	41344.0	-204.44509932633758	-204.4501347267282	4	3	1	0.01007080078125	0.9200637806067178	416.89019865267517	414.9002694534564	-1.98992919921875	451.40892900124425	440.7893172148832	-10.61961178636102
seelig_cm / by_cre	CCCCGCCTATCGGCGCGGATCCGCTTCGAGATATCGCGGGGCCCCCCGCGGCCCCGCCCTTGGCTGAGTCATCTCGCGGGGCCGGCCTATCGGCGCGGGTGGGGGGGGGGGGGGGGCGCTTCCGAGATACGCGGACCCCCGGGGC	41344.0	-104.80078267860682	-104.80638265419276	4	3	1	0.011199951171875	0.9157173753138778	217.60156535721364	215.61276530838552	-1.988800048828125	252.12029570578272	241.50181306981233	-10.618482635970395
seelig_cm / by_cre	CCCCGGTCGCCGATATAACGATATCGTAGCGCTTCCATGAGTGACTTACTCGTCGTTATCGTCGGGCGGATGCGCTTCGCAGAAAAGCGCGGCCCGACCCTATGTGCCAATAAATCGTCATATCTAACCTATTGCTAGATTGGGC	51680.0	-576.0062283481031	-576.0073880160719	4	3	1	0.0023193359375	0.9615891394642665	1160.0124566962063	1158.0147760321438	-1.9976806640625	1195.4237612500322	1184.5732544475131	-10.850506802519021
seelig_cm / by_cre	CCCCTAACTGAGAATGTGTAGACGCCTGTCTAGCCAGGGGAGCGTGGAACAAGCCCAGGCAAGTCTGACCGTTTGACTCATCCCCCGCAGGTCAGGGGTGGAGTGTGGCTTAGCCACGGCACACCAAGGTTGTTACATCAGTAAA	51680.0	-4186.339020865348	-4186.321198599723	4	3	1	-0.03564453125	1.0	8380.678041730696	8378.642397199446	-2.03564453125	8416.089346284522	8405.200875614815	-10.888470669706294
seelig_cm / by_cre	CCCGCCTCTTCTCGGTTCGCGGGTCCCTTCTGCGCGTTACGCTTCCTTATCGGGCGCCACCCTCTTGTGGCGCCTCCCTTTTCTCGCGATATGGGTCGCGCTTTCGCGATACGTCTTCATCGTCGCGCGTCGTCATCCGCGCGCG	51680.0	-545.5453543056831	-545.5534719814643	4	3	1	0.0162353515625	0.8986095553889911	1099.0907086113662	1097.1069439629287	-1.9837646484375	1134.502013165192	1123.665422378298	-10.836590786894021
seelig_cm / by_cre	CCCGCGCATCCGCGAATGAGTGGGCGGGGCGATAACGCGAAAGCCGCACCCATGGGCGGAGCCATAAGGCGGAAGCGCCATCAGCGAGAAGCGCCATCCGCCGCTGACTGAGTAGCGCCCCGCCCACCCACCCACACCCACGACT	51680.0	-440.5944534623658	-440.6013199174439	4	3	1	0.01373291015625	0.9067114722212546	889.1889069247316	887.2026398348878	-1.98626708984375	924.6002114785575	913.7611182502573	-10.839093228300271
seelig_cm / by_cre	CCCGCGCCGATGACTCATCACTTCCTTATCTCTCGCGCCGCCTATTGGAAGAAAGCGATGACTCTTCCGAGAAACCCACGCCCGCCCCCTTCGCGATTTCGCGGAAGGAAGCGCCGCCCACCCACCCGCCTATTGGCCGATATAA	51680.0	-1464.154882575397	-1464.160253669147	4	3	1	0.0107421875	0.9174514523131444	2936.309765150794	2934.320507338294	-1.9892578125	2971.7210697046203	2960.8789857536635	-10.842083950956749
seelig_cm / by_cre	CCCGCGGGCTTATGAGTCATAAGTCGCGGAAGAGACCGATTATGACAAACCGCGACGATACGGAACTTTATCGGCGTAACCGGTGCCGATAACTTCGCGCGCCTATTCCGGAAACGCCCCGCCCATCGCAAAATTTCGCGGCGCT	41344.0	-369.1573671170328	-369.150103933439	4	3	1	-0.0145263671875	1.0	746.3147342340656	744.300207866878	-2.0145263671875	780.8334645826346	770.1892556283049	-10.64420895432977
seelig_cm / by_cre	CCCGCGTCCCCGGTTACGTAATGGGCAAAGGTCAGGTCTCTGAACTTGACCACTGGAGGCCAGCGTGCGTAAACAAAACCGATGATGTAACACAGCGGAAGGGTAACCGGGCTTTGAACTTTCGGTTGTTTGACCGCAGGTTGTA	51680.0	-2835.390614582163	-2835.380604816538	4	3	1	-0.02001953125	1.0	5678.781229164326	5676.761209633076	-2.02001953125	5714.192533718152	5703.319688048446	-10.872845669706294
seelig_cm / by_cre	CCCGGCATGTTTGTGCAAACATTCCGTCATGCCCGGGCATGTCCCTTTGGACATGTCCCGGCATGTTGGGACAAACATTGCATAGGTTTGACCTTTGTACATGCTCCGGAATGTTTACCGGTCTCTTTGTTCATTCCTGTTGGCA	51680.0	-6094.532548934072	-6094.519365340322	4	3	1	-0.0263671875	1.0	12197.065097868144	12195.038730680644	-2.0263671875	12232.47640242197	12221.597209096013	-10.879193325956294
seelig_cm / by_cre	CCCGGGCGGCCGGCCGGCATGCCTTGCGACCTTTGCACCTTGCGTCATTTCGACCTTGGGTCATTCCGTGACCTTTTGACCTTTGTGCCGGGGGACATGCCCGGGCATGTACATGCCGGGGCATGTTCAGTGTGACCTTTGTCCA	51680.0	-454.7277967198864	-454.72434823355826	4	3	1	-0.00689697265625	1.0	917.4555934397728	915.4486964671165	-2.00689697265625	952.8668979935987	942.007174882486	-10.859723111112771
seelig_cm / by_cre	CCCGTGCAGCGCTTTCTTCGAAGGAGCGATAACTCGTGCTGAAGAAAGCGTCAACCTAGATAAACTTATCATTCCGCGAAGCCCCGCCAATGGAGATGATTCGTCAGTTCCGCTTCTCGCGATGAGTCACTGACTGGAGGAGCGT	51680.0	-1261.251819355997	-1261.2536504106845	4	3	1	0.003662109375	0.9517451789484365	2530.503638711994	2528.507300821369	-1.996337890625	2565.91494326582	2555.0657792367383	-10.849164029081749
seelig_cm / by_cre	CCCGTGCCGGTATCAACTCTCGCGATCTCCGAGGCCGCATACATATTACCCACAATTCCCTTTCCTTTCTCTCTCCTCCCGCCGCCCAAGATGGTGAGTGAGCTGTAGTTCCGTGGCACTATAGCCAGGTTCCGGCTGTATCCGC	51680.0	-1269.5414082395346	-1269.5509297239096	4	3	1	0.01904296875	0.8902433705619641	2547.082816479069	2545.101859447819	-1.98095703125	2582.4941210328952	2571.6603378631885	-10.833783169706749
seelig_cm / by_cre	CCCTCGCCCCGCCCACTTTGGGTTTCGAAATGTTCGCTGGCTGTTCCGAGAATCAGTCCGGGTCACGTTGGTGCCTCTCCTTTCCTGTTCTGATTGGTTGCTTACGTGAGCGTGACTACTTTCTTGCCTCATGATTGGCTGAAAT	51680.0	-5639.502481160015	-5639.485391316265	4	3	1	-0.0341796875	1.0	11287.00496232003	11284.97078263253	-2.0341796875	11322.416266873855	11311.5292610479	-10.887005825956294
seelig_cm / by_cre	CCCTCTTCGTGTTATCGCGCGTGATATCTTTTTTATCTCACCCACTTTAAGTTACTTCCTTCTCGCGCGTCTTATCGCGAAAGCGCCTCTCCGAGAAATCGCCACCCACATTTAGTCTTCGCGCGTCTTATCGCGAAAGCGTTTT	41344.0	-526.0730962128056	-526.0791997284306	4	3	1	0.01220703125	0.9120244006842477	1060.1461924256112	1058.1583994568612	-1.98779296875	1094.6649227741802	1084.047447218288	-10.61747555589227
seelig_cm / by_cre	CCCTGCGCTGAGAGATAAGGATGAGTGTGATGTTATCTAATAGGATGACTCATCCTATAGGAGGAGGGCGCGTCTTTTATGAAAACGACGTCCTGGTTTCGCTATATCTGAGTCGTCTTATGATTCACCACCCGCTTCCTTCGTC	51680.0	-4240.094515758206	-4240.080111461331	4	3	1	-0.02880859375	1.0	8488.189031516413	8486.160222922663	-2.02880859375	8523.600336070238	8512.718701338032	-10.881634732206294
seelig_cm / by_cre	CCCTGGACCTTCGATTCGAGATAACGCGTCAGTCCCCCCACGCTGACTCATGGGCGGCCCCCCCGTTCCTACGATTTCATCGGCGCGGTACGATATCTTGAAGGTATCGTTTTCATCAGCGAGGGAAGTAACTTGCAGCATATCT	51680.0	-602.4025972733664	-602.4083345780539	4	3	1	0.011474609375	0.9146940955967371	1212.8051945467328	1210.8166691561078	-1.988525390625	1248.2164991005586	1237.375147571477	-10.841351529081521
seelig_cm / by_cre	CCCTGGCCCTGGGGGGGCCGGCCTATCGGCGCGGATGCGGCTGGGGGGGCCGGCCTATCCGCGCGGATCCGCTTCCAGATATCGCGGTGCGGCGGCTGAGTCATCTCGCGGGGCCGCGCTTCCGAGATACGCGGGGCCCCGCGCC	51680.0	-155.61830282020838	-155.60041951942713	4	3	1	-0.0357666015625	1.0	319.23660564041677	317.20083903885427	-2.0357666015625	354.6479101942427	343.7593174542237	-10.888592740018964
seelig_cm / by_cre	CCCTTATTACTATCCGCGAAATAGGCCGAGAAATCGCGCGTCGTTATTGGTGACGCAATATGACTGATACGCTCCACCCTGATGAGTCACTTCGTTATGATGCATTAGGATGTCGCCGATCCCTATATCTCGCATACGTCGTAAC	51680.0	-3450.8548954760968	-3450.8465946948468	4	3	1	-0.0166015625	1.0	6909.7097909521935	6907.6931893896935	-2.0166015625	6945.12109550602	6934.251667805063	-10.869427700956294
seelig_cm / by_cre	CCCTTTTTGTCGCTTCCTATGACTTATGAGTAAGCGCATTTCTCTTCCGACACTTACGGCGCCGCGCCGCCCCGATCGGCGGAATAAGTTATTAGCGTGATGCGATTTCTCGGAATCCGCAACCGGTGGTGAGTTAAGATATCGT	51680.0	-7858.746519367208	-7858.701597492208	4	3	1	-0.08984375	1.0	15725.493038734416	15723.403194984416	-2.08984375	15760.90434328824	15749.961673399785	-10.942669888456294
seelig_cm / by_cre	CCGAACCAAAATTGCGTCCGGTGGGTTGATCCTGTTTGGAGTACATACCCCGGTATGGATTATGTAAAGATCACTGGACATTCCAGGCGTGGTGGCAAGGGACAAGACCGAGGCCAGGTGGTTAGGTGGACGTGACTAGTTTGGC	51680.0	-1244.3051248062477	-1244.3063455093727	4	3	1	0.00244140625	0.9605920901150706	2496.6102496124954	2494.6126910187454	-1.99755859375	2532.0215541663215	2521.1711694341147	-10.850384732206749
seelig_cm / by_cre	CCGAAGTTCAAAGCAGGTGACCTATTAGTCCAAAATCCGGACTCGCTCTGTGCACTTCTGCTCACCTGACTCCGGACTTTGTTCATTGAACCGTGGACATGTCCGGGCATGCCCGGAGGAATTTCTGCACTCCTGCATTACATAA	51680.0	-2902.9916291012046	-2902.9904083980796	4	3	1	-0.00244140625	1.0	5813.983258202409	5811.980816796159	-2.00244140625	5849.394562756235	5838.539295211529	-10.855267544706294
seelig_cm / by_cre	CCGACCTATACGTCGCAGACTGATGTCTTCCTCCACTTCCTTATAGTTCCGCCATTTAGATGAGTCATAGTTGCGCGATATCGCGGAAGTCATGCTTATTTCTCAGATAGAAACAGTTGGCGCGGTTTCGCGGAAAGCGCGGCCC	51680.0	-5796.207972683467	-5796.199671902217	4	3	1	-0.0166015625	1.0	11600.415945366934	11598.399343804434	-2.0166015625	11635.82724992076	11624.957822219803	-10.869427700956294
seelig_cm / by_cre	CCGATAACTCACAGACGCGGAGCCGCCCCCCACATACGAGTCACGCCCCACCCCCACATCCGCGCGGATCGGCCGATAACGCGGAAGGAAGCGGCCCGCGCCGACAGATAAGGCGGGACCAATCGGCGCGGGGCGGAAGCGCCCA	51680.0	-403.345522346907	-403.34790271800074	4	3	1	0.0047607421875	0.9449911065900793	814.691044693814	812.6958054360015	-1.9952392578125	850.10234924764	839.2542838513709	-10.848065396269021
seelig_cm / by_cre	CCGATAAGCCAATAACGCGGAAGCGCCGCGCGCCGATAAGTCAGAAGCCGCGCGTCTGCCGCCCCACCCCTATATCTGAGGCGGGGCCAATCCCTATATCGCGGAAGCGCCCAACCCCTATATCGCGAAAGCGCCCCATCTGACT	51680.0	-414.7059087128056	-414.70938771671183	4	3	1	0.0069580078125	0.9335218211340159	837.4118174256112	835.4187754334237	-1.9930419921875	872.8231219794371	861.9772538487931	-10.845868130644021
seelig_cm / by_cre	CCGATAAGCGTTATCTCGCAGACTAATACGATTTCACTCATCGAAACAGCGAATCGGGCTGCTTCTCAGGGCGGAGAAACGGTCTTCTTAGAAAGCGGCGCCCCCTCCCGATACTCCGCGTTGCTTCCTCGAAAAGGAAGACTCG	51680.0	-681.072333620474	-681.0821602806302	4	3	1	0.0196533203125	0.8885096354221079	1370.144667240948	1368.1643205612604	-1.9803466796875	1405.5559717947738	1394.7227989766297	-10.833172818144021
seelig_cm / by_cre	CCGATAAGGAAGCGCCCCTCCCCGCCGATAAGGAAGGAAGAAAATATCAGTCCCCGCCTCCGCCCGCGCGTATCCGCGTGAGTCCGCGGAGATAAGGAAGGATGAGTCACTGACTCTAAGAAGCCGGATCCGCGGATCCGGCTGA	51680.0	-2054.7166737094676	-2054.703856326655	4	3	1	-0.025634765625	1.0	4117.433347418935	4115.40771265331	-2.025634765625	4152.844651972761	4141.96619106868	-10.878460904081294
seelig_cm / by_cre	CCGATACCCGTGACGCGTCGCGCCGCCGAATCGGGGGGGCGCGCTCCTATCTAAGAAAAACCGTTTCTCTCGCGCGACGAAAACGACGCGCAGCGATTACTCATTAGGGGAAGTCACTTCCTGATTATACCGATTCTCGAATCGG	51680.0	-4028.3479127669584	-4028.3525514388334	4	3	1	0.00927734375	0.9232672462079756	8064.695825533917	8062.705102877667	-1.99072265625	8100.107130087743	8089.263581293037	-10.843548794706294
seelig_cm / by_cre	CCGATACGCCGATAACACACCCACACGGCACCACCCGCGGAAGCGCGGCGCGCCGATGACTCAAGAGGCAGATAACGAGGAAGCGCCCACCCGAGAAACAGCGCCAACTGAAGCGATACGCCGATAACTCACCCAAGAAGCGCCT	51680.0	-657.6378195478544	-657.6329977705107	4	3	1	-0.0096435546875	1.0	1323.2756390957088	1321.2659955410213	-2.0096435546875	1358.6869436495347	1347.8244739563906	-10.862469693144021
seelig_cm / by_cre	CCGATACGCCGATAACTCACCCACACAGCCACACCCACAGAAGCAAGATAACGCGGAAGCGCCCACCCGAGAAGCGCACACGCGCCGATGACTCAAGAAAACGGCGCGCCGATGACTCAAGAGAAGCGCGCACACGCCGATAACT	51680.0	-488.4116119987727	-488.4195465690852	4	3	1	0.015869140625	0.8997534734354865	984.8232239975454	982.8390931381704	-1.984130859375	1020.2345285513713	1009.3975715535398	-10.836956997831521
seelig_cm / by_cre	CCGATAGAACTGATGACTCATCACGCGGGTCCTAGAAGTAAGCAGCTTCGCGAGATGCAGTTGCTTCCTTAAGAGAACCCATGCAAGAGGGTACTCTGGCGCGCGGCCAATTGCGATGACGACCGCACTCCACACGGTATATCTT	51680.0	-736.2445624444306	-736.2530463311493	4	3	1	0.0169677734375	0.8963604043451588	1480.4891248888612	1478.5060926622987	-1.9830322265625	1515.900429442687	1505.064571077668	-10.835858365019021
seelig_cm / by_cre	CCGATGACTCACGCGATAGCGCCCCGCCCACATCCGCAAATAACGCCACCCATGGGCGGAGCGATAACGCGATAAGAGACGCGGAGGGCGGGGCCACCGATGGGCGGAGCGATAGCGCCACCCACGGATGAGAAGGCGGATCCGC	51680.0	-393.7531155690155	-393.743716154953	4	3	1	-0.018798828125	1.0	795.506231138031	793.487432309906	-2.018798828125	830.917535691857	820.0459107252755	-10.871624966581521
seelig_cm / by_cre	CCGATGACTCTTCCTTATCTCTCGCCGATGACGCTTCCTTATCGGCGGGGCGGGGCGGGGGGCCCCCCCCTTTCCAGGAAGTCGCGGAAGCGCTGAGTCACGATACGCCTTCCGCCCCCCCCGCTGTCTCTTCCGGCTGATGACT	51680.0	-519.8029259570617	-519.8059166797179	4	3	1	0.0059814453125	0.9383532265504895	1047.6058519141234	1045.6118333594359	-1.9940185546875	1083.0171564679492	1072.1703117748052	-10.846844693144021
seelig_cm / by_cre	CCGATGGGCCAATAGGGGGGGGGGAAGCGCCACATCCGGAAGAAGCGGAAGCGCGATATCGGCCCGCGCGACTCAGAGGAAGGAAGAGAAGATAACAGAAAAGCGGCGTAACTCACGCCGCATCTGCGCCGCCCCGCCTATAGGG	51680.0	-4583.034917395571	-4583.035649817446	4	3	1	0.00146484375	0.9694697968508501	9174.069834791142	9172.071299634892	-1.99853515625	9209.481139344967	9198.629778050261	-10.851361294706294
seelig_cm / by_cre	CCGCCCCCCCCCCCCCCCCCGCCGATCGGCGGGGGGCGGCTTCCAGATATCGCGGGGGGGGGCCCTGGGGGGGGGGCGCGTGAGTCACTCCGCGATACGCGGATCCGGCGGCTGAGTCATCTCGCGGGGGGGGCCTATCGGCGCG	51680.0	-256.48464558951315	-256.4876668297475	4	3	1	0.00604248046875	0.9380401302729586	520.9692911790263	518.975333659495	-1.99395751953125	556.3805957328523	545.5338120748645	-10.846783657987771
seelig_cm / by_cre	CCGCCGATGACGCATATCGCGGGTCCGACGCGCCCTATAGGGGGCTTCCCCCATGCGAGGAAGTATCTTCCTCCGAAAGCGGTTTTAAGAATAAGAGGCGGTTCCGGATAGCGCGGTCGCTGGATGAGGGTCCGCGCGTAACGCG	51680.0	-846.3917549541115	-846.3807686259865	4	3	1	-0.02197265625	1.0	1700.783509908223	1698.761537251973	-2.02197265625	1736.194814462049	1725.3200156673424	-10.874798794706521
seelig_cm / by_cre	CCGCGAGTTTTCACATTATGTAATGTTTATACATTATATTTTTCCGGTCCAACGTACAAACATTGAACGGTGGTTTTACACTAGCGGACTTGCCTGGGCATGTCCGGGCATGCTCACGGGAACCTGAACTTTTGACCGTAAACGT	51680.0	-6542.981460188531	-6542.957046126031	4	3	1	-0.048828125	1.0	13093.962920377062	13091.914092252062	-2.048828125	13129.374224930887	13118.47257066743	-10.901654263456294
seelig_cm / by_cre	CCGCGCGCGGATACGCGTTTTCTTCCTCGTAACGCCCGCCCCTCCCCCCCGCCCATATACGCTGACTCATCCTTCCTTATCTGTCCTTCCTCGTATCTCCCGCCCCCCTTCCCCACCCATAGGCGCTGACTCATCCTTCTCTTCC	51680.0	-272.1256378495932	-272.12554629685883	4	3	1	-0.00018310546875	1.0	552.2512756991864	550.2510925937177	-2.00018310546875	587.6625802530124	576.8095710090871	-10.853009243925271
seelig_cm / by_cre	CCGCGCGTCGCGATATCGTTTCCGCGAGATACGCTTTCTCTTGCGGGTCGGCCCCGCGCGTCCGAGATATCGCGCTTCCTAGATATCGCGTCCCTCTTCGCCAGATTCGGGTGGCGCCACTTATCGGTCGGCGCGTCGTTTCCGC	51680.0	-316.66295191499654	-316.66371485444967	4	3	1	0.00152587890625	0.9688405588007578	641.3259038299931	639.3274297088993	-1.99847412109375	676.737208383819	665.8859081242688	-10.851300259550271
seelig_cm / by_cre	CCGCTGATAACAACGATGACGTGCCCGGGCATGTTTGTTTGGACATTCCAAAAGTCTGTGCACAAAACTCAGGGCAAGGGTAATGGAACCCTGGCCGCCTTTCTGCTAAGCCCCCTGTGACGTAGGTACAAAGTTGCTAAAAAAG	51680.0	-3640.133399134228	-3640.124365931103	4	3	1	-0.01806640625	1.0	7288.266798268456	7286.248731862206	-2.01806640625	7323.678102822282	7312.807210277576	-10.870892544706294
seelig_cm / by_cre	CCGCTGGACCATTGTTTGTACAATTGTTTGTACAAAGGACATGCCCGGGCATGCCAGCATTGCACTTTGGCCAAACAGGGGCTTTGTTTGTACAATGGTTAACTCAGGTGACATGACCAGGCATGCCCAGGCATGTCCGGTGATT	51680.0	-11887.412047098103	-11887.329527566853	4	3	1	-0.1650390625	1.0	23782.824094196207	23780.659055133707	-2.1650390625	23818.235398750032	23807.217533549076	-11.017865200956294
seelig_cm / by_cre	CCGGAAGCGGCGCTTCCCTATAGGGGGTTACGCTGGATGACTCACATCCTTTCTTATAGGATGTAACTCTCTCTTCCTCGCCTATAGCGTTTGTGAGTCACTTCCTTGAAGATACGCTTCCAGGAACCGTGGATGACTCATATCC	51680.0	-3444.971473522509	-3444.950477428759	4	3	1	-0.0419921875	1.0	6897.942947045018	6895.900954857518	-2.0419921875	6933.354251598844	6922.4594332728875	-10.894818325956294
seelig_cm / by_cre	CCGGAAGTACCAACTAAGCTTTAACCATTACGTAACCATGGCCGGAGATCGTTCAGAGGTCTAACGGAAAGTACAAGTCCGGGCATGTTTGTACATGACCTGCGCGGGAATGTTCAACGTTCCCGGGCACGTACAAAACACCCAC	51680.0	-9032.950438393484	-9032.901610268484	4	3	1	-0.09765625	1.0	18073.900876786967	18071.803220536967	-2.09765625	18109.312181340792	18098.361698952336	-10.950482388456294
seelig_cm / by_cre	CCGGCATGCCGGCTGCCCAGGCAGGCCAGGGGCAAAGGTCAAAGTACAAACCGACGGACATGCCCGGGCATGTCCGCTGCCAAAGGTCAAACAGGGCAAAGGACTTTGGACTGTGGCACCAAACAATCAAACCCTCCCCCCCCCC	51680.0	-668.4328557391281	-668.4353581805343	4	3	1	0.0050048828125	0.9436005494073866	1344.8657114782561	1342.8707163610686	-1.9949951171875	1380.277016032082	1369.4291947764382	-10.847821255643794
seelig_cm / by_cre	CCGGTAGCCCCTGGACCGTGTTGCACTCCTTTGTCCGTTATGTAACGAAGGTCTCCGGTTATGTATCAAAAGTGGCACAACATTCATGTCCGAACATGCCTGGGCATGTTTGGTTGACAATACACTCCCACTGCCTTATATCAAC	51680.0	-4399.987325366989	-4399.979512866989	4	3	1	-0.015625	1.0	8807.974650733979	8805.959025733979	-2.015625	8843.385955287804	8832.517504149348	-10.868451138456294
seelig_cm / by_cre	CCGGTCGCCGGGGTGGTGGAGTTGGAACAAAAATTACGGCATGCCGGGACAGGTTCAAAACCTACCGCCGGGGCACGAACATGCCCAGGCAAGTTGGCACAAACATTACGTAATGGTCGCCGGAGTGCATGCCCAGGCAAGTAGT	51680.0	-4749.787491506424	-4749.767960256424	4	3	1	-0.0390625	1.0	9507.574983012848	9505.535920512848	-2.0390625	9542.986287566673	9532.094398928217	-10.891888638456294
seelig_cm / by_cre	CCGGTCGCCTTAGTTAATAGTCTACCGGTCAAGTTGGTAGGTTCAAACATTACGTAATGCCGGCATGCCTGCAAAGGTACAAAGGTACAAAGGGAGGCACGGACATTACGTACCGGTGGACTTGGGGCATGCCCAGGCAAGTGCA	51680.0	-4996.053795060847	-4996.043297013972	4	3	1	-0.02099609375	1.0	10000.107590121694	9998.086594027944	-2.02099609375	10035.518894675519	10024.645072443313	-10.873822232206294
seelig_cm / by_cre	CCGGTGACATGCCCGGGCATGTTTGTACAGAGGGGGGGTTGTTTGGACATGCCCGGGCATGTCCCCTGTTCGGCGGCCCGGCATGTTTGTACCCACATGCCCGGGCATGTTTGGACACCCCCTGACCGGTCCACACATGCCCGGA	51680.0	-2849.372472293682	-2849.360997684307	4	3	1	-0.02294921875	1.0	5706.744944587364	5704.721995368614	-2.02294921875	5742.1562491411905	5731.280473783984	-10.875775357206294
seelig_cm / by_cre	CCGGTTGCGATTTCTCGCAGATAAGATAACTTATAAGTGGTTTCGCGGATTCGCGGGACGCCCCCCCTTTAGGAAGTTACATTTTCCTGAAGATACGATGACTTATCGCTCTTCCTTCCTTCCCGCATCGGCGCGGGACGCGCCC	51680.0	-624.5847625600745	-624.587570177262	4	3	1	0.005615234375	0.9402665342404589	1257.169525120149	1255.175140354524	-1.994384765625	1292.580829673975	1281.7336187698934	-10.847210904081521
seelig_cm / by_cre	CCGTAAGATATCGCGGATGCGACTTATAAGAAACTACGGATCGCACCGCGGGGCGGAGCCGTTCGCGGACTGCGTTTCCTGACGTTATATCTTATAAGGAAGTCACTTCCGCGAAATCTGGCGAAGGGCCGCGCAACTTACTGTA	51680.0	-1258.509517044149	-1258.517085403524	4	3	1	0.01513671875	0.90208225459827	2525.019034088298	2523.034170807048	-1.98486328125	2560.4303386421243	2549.5926492224175	-10.837689419706749
seelig_cm / by_cre	CCGTATGTTACGTATCGTAAAGCGCGTCTCGTAAGACGCTTCCTCATCCTAAATTTTTTTTTAGGAAGCGCCTTATAGTTAAATCGCGTTATAAGAAGACGCGCCCCTTTCTTAAGAAGACCCGCCCCCTTTATCTTATAAGTAC	51680.0	-1662.1315081580588	-1662.1263812049338	4	3	1	-0.01025390625	1.0	3332.2630163161175	3330.2527624098675	-2.01025390625	3367.6743208699436	3356.811240825237	-10.863080044706749
seelig_cm / by_cre	CCGTCCTCTTAAGATACGCCGTTCCTCGAAGCCCCGCCCTATCGTTATCGCATAAGAACGATGAGTCCCCATCGGCGCAGCGCCTATCTCTGACTGATAAATCTAATAAGAGGAAGGAAGTCACTTCCTATTTCTCGGAAGCGGG	51680.0	-1026.8455007633993	-1026.851054962618	4	3	1	0.0111083984375	0.9160612826857515	2061.6910015267986	2059.702109925236	-1.9888916015625	2097.1023060806247	2086.2605883406054	-10.841717740019249
seelig_cm / by_cre	CCGTGGGACATTACGGTCACGTGAAATGTTCGGTACAAAGTTCAAACGTAAGGCTGACGTTAGAAAGTCCGCCGGCATGTCTTGCGTAAACATGTCAGACTTTACGTACATTGGTGGCATGCCTGGGCATGTTCACCTGGCAAAA	51680.0	-11286.558626764796	-11286.498079889796	4	3	1	-0.12109375	1.0	22581.117253529592	22578.996159779592	-2.12109375	22616.528558083417	22605.55463819496	-10.973919888456294
seelig_cm / by_cre	CCGTGGGCCTGGGGGGCCCCGCCTATCGGCGGGGGGCGGCTTCGAGATATCGCGATCCGGCGGCTGAGTCATATCGGCGTGGACCCGCGGACCCCGGGGGGGCCCTGGGGGGGCCGCGCTTCCGAGATACGGCGGCCCCCCCCCC	20672.0	-28.395151138305664	-28.533510208129883	4	3	1	0.2767181396484375	0.5988603768788994	64.79030227661133	63.067020416259766	-1.7232818603515625	96.53644390294065	86.87662663600675	-9.6598172669339
seelig_cm / by_cre	CCGTTTTTTTTTATTTTTTCCCGCCCCCTCTTCTTTTTTTTTTTATTGACGTATCTTTTCTCGCGCGCCCCCCTTTTTTTTTCTATTGGCGCCCGCCCCCCCGTTTTCTCGCCCGCTCTTATTTATCTTTTTTCTGGCGTATTGG	51680.0	-858.7481628531822	-858.7360778922447	4	3	1	-0.024169921875	1.0	1725.4963257063644	1723.4721557844894	-2.024169921875	1760.9076302601902	1750.030634199859	-10.876996060331294
seelig_cm / by_cre	CCTACCGACCTACTGTACACATGCCTGTGTTTGTTTGTACAACCATTACCTAGTGTACATGACCAAACATGCCCGTACATGTCCAAACAACCATGACCTTACATGTTTAAACAACCATTAACTAACTACCTACCGTACTTTTGTA	51680.0	-1842.9301953337724	-1842.9206738493974	4	3	1	-0.01904296875	1.0	3693.860390667545	3691.841347698795	-2.01904296875	3729.271695221371	3718.399826114164	-10.871869107206749
seelig_cm / by_cre	CCTACTTCAAGCCCAAACCAACTTCCTTATCCCTTATGCCTCCCTGTCTTAGTTTCAGTAAACAACTTTCCCGCCAGTCCTTATCTGCAAAGACCACATATGCTAACCCATTCTGCGAATTACCCCTCCTGTCGCAACAGCTCTT	51680.0	-699.178412293748	-699.1909245007793	4	3	1	0.0250244140625	0.8743062416703976	1406.356824587496	1404.3818490015585	-1.9749755859375	1441.7681291413219	1430.940327416928	-10.827801724393794
seelig_cm / by_cre	CCTATAAGGAAGCGGATCTCCGCGGAAGCGCCTCCGCGTCCGCCGATAACTATAAGAAAGGATGACTCACTATCAGGATCCGCCCCCCCGCGCGGATGCGGATGAGTCACCCCCTCCGCCCCCCCCGATCCGCGTGAGTCAGCCC	51680.0	-474.8658575446507	-474.8775762946507	4	3	1	0.0234375	0.8783248501010348	957.7317150893014	955.7551525893014	-1.9765625	993.1430196431273	982.3136310046708	-10.829388638456521
seelig_cm / by_cre	CCTATAGCGCGGATGAGTCACTTCCTTATAGGCCGGAACCGGGTGTGAGTCACTTCCTTTAAGATACGCTTCCAGGAAGTAACTCACGCTTCCTCGCTGGATGACTCATAGGCTGGATGAGGCGCTTCCAGGAAGTTACTCACCC	51680.0	-5423.822848235637	-5423.805758391887	4	3	1	-0.0341796875	1.0	10855.645696471274	10853.611516783774	-2.0341796875	10891.0570010251	10880.169995199143	-10.887005825956294
seelig_cm / by_cre	CCTATAGGCTGGATGAGGCTCTTCCAGGAAGATACGCTTCCTTCCTTCCCTATAGGCGGTTTCGCTGGATGACTCATATCCTGGATGTGAGTCATCCTTCCTTATCGGATGGAAGATATCGTTACTTCCAGGAAGCGGCGCACGC	51680.0	-4796.021470254404	-4796.003892129404	4	3	1	-0.03515625	1.0	9600.042940508809	9598.007784258809	-2.03515625	9635.454245062634	9624.566262674178	-10.887982388456294
seelig_cm / by_cre	CCTATAGGCTTATAGGCGGGGTTTCTCGCAGATACGCTTTCTTATAGGCCTATAGCGTTTGTGAGTCACTTCCTTTTTCTCTGGATGACTCATATCCTGGATGCGGGTCTTCGAGATATCGTCACTTCCAGGAAGTGACTCACGC	51680.0	-16706.143436662904	-16706.029178850404	4	3	1	-0.228515625	1.0	33420.28687332581	33418.05835770081	-2.228515625	33455.69817787963	33444.616836116176	-11.081341763456294
seelig_cm / by_cre	CCTATGGGTCGCGCCCCACCCCGATATCGCGCGGCGTGGAAGACGCGCGGCCCCGATGTCGGGGAAGCTGACTCACGCCCCCGATAAGGCGCTACGCGGATCGCGGCGCCTATATCGCGGAATCGCCGCCTATGAGTCACACGCG	51680.0	-498.1022896436645	-498.11269613780513	4	3	1	0.02081298828125	0.8852895784033652	1004.204579287329	1002.2253922756103	-1.97918701171875	1039.615883841155	1028.7838706909797	-10.832013150175271
seelig_cm / by_cre	CCTCAGCGTTCTCCTGCGGAACCTTTGAACGGGGTACTCGAGCCCACAGGGGAAGAGCAGCGGAAGGGGCCTTTCGGAACGATTTGGAACGAAAGGAAGTGGAAGAAACGCGGAACCATGGCCGCTGTGGTTGCTGTTTGCGGTG	51680.0	-12537.00317790511	-12536.95434978011	4	3	1	-0.09765625	1.0	25082.00635581022	25079.90869956022	-2.09765625	25117.417660364044	25106.467177975588	-10.950482388456294
seelig_cm / by_cre	CCTCAGGCATTTCTCCACTACGCAACCACCTAGCCGAGGTCGCAGTAATTACCCACCGTTGAGACATGCCTGGACATGTCCCACACAAGCCCCGGCATGTTTACTGCGGACTTGCTGTAGATTGCAGAGGTCAAACTTCCGGTTA	51680.0	-1917.250240845968	-1917.2562222912804	4	3	1	0.011962890625	0.912905061879697	3842.500481691936	3840.512444582561	-1.988037109375	3877.911786245762	3867.07092299793	-10.840863247831749
seelig_cm / by_cre	CCTCCGATATAAGAAATCACTATCCAGGAGTCGCGGATGTCCTCCACGCAGATCCTGAGAATCGCGCGGCGCTTCTTGGTTTTTATCTTATCTTTCGCGAAACGCCGATGAGTCATCCTAAGAATAAGGCGCGCACTCGCATCAA	51680.0	-1579.592874592576	-1579.586038655076	4	3	1	-0.013671875	1.0	3167.185749185152	3165.172077310152	-2.013671875	3202.597053738978	3191.7305557255213	-10.866498013456749
seelig_cm / by_cre	CCTCCGATGAGTCACTTCCGGAAGATATCGCTTCCGGTTCCGCGTCTTATAAGACCCGCCCAATGAGTCATCCTCCTGATAAGAAACGATATCTTCCGCGCCTTCCTCCAATGACTCACCCTTCCGATGAGTCACTTCCGCTTCC	51680.0	-2235.19866933699	-2235.1917113291775	4	3	1	-0.013916015625	1.0	4478.39733867398	4476.383422658355	-2.013916015625	4513.808643227806	4502.941901073725	-10.866742154081294
seelig_cm / by_cre	CCTCTCCTCCCCTCCGCTCCTCCGCTCCTCCGCTCTACTTCCTCTTTGCTCTGTACATACATCCCCCGGCATGTTTGCACACAGGTCGCTCCCCTCCTCTCTTTCCTGTCATGTTTGTACCTTCCCTCCTCTCCTCCTCCCCTGC	51680.0	-343.5242245504323	-343.5186093160573	4	3	1	-0.01123046875	1.0	695.0484491008646	693.0372186321146	-2.01123046875	730.4597536546905	719.595697047484	-10.864056607206521
seelig_cm / by_cre	CCTCTGGAATTGTACACATGCCGTTGGACTAATGCCGGACTGACTACAGTGAGTTTCAAAGTACCCATTTAGTTTTGGGCCACTGACCTGAACTCGGTGAACTTGCCAGGCGACCAAACTTTGTACCAACATTCCGTAATGGTTA	51680.0	-1038.7421445602993	-1038.7455625290493	4	3	1	0.0068359375	0.9341062040117134	2085.4842891205985	2083.4911250580985	-1.9931640625	2120.8955936744246	2110.049603473468	-10.845990200956749
seelig_cm / by_cre	CCTCTTCTTATTTATCTTATCCTTATGAGTCTTACTTCGAATGAAAGATATCGCGAAAGAGTCATCCACATATATCGAGATATCGCATCCGCGTCTTATCGCGAAACCGCTTTCTTCAGATAACTCGAAACCGCCACCCACAAAA	51680.0	-828.0849974707259	-828.0796874121321	4	3	1	-0.0106201171875	1.0	1664.1699949414517	1662.1593748242642	-2.0106201171875	1699.5812994952776	1688.7178532396338	-10.863446255643794
seelig_cm / by_cre	CCTGCTCTGTACATTCCCCGGCATGTTTGCACCTCCCCTGCTCCTCTGCTCTACTTCCTGTCATGTTTGTACACAGGTCGCTCTGTACATACATCCCCCGGCATGTCTACCGCTCTCTCCTCCGCTCCCCCTCTCGGTACATTCC	51680.0	-419.8030657751593	-419.8113360388312	4	3	1	0.01654052734375	0.8976662678051454	847.6061315503187	845.6226720776624	-1.98345947265625	883.0174361041446	872.1811504930319	-10.836285611112771
seelig_cm / by_cre	CCTGGCCTTGTACACTTCTGCCCATGATTGGATCATGCGGCAGGTTCGCGGCTCGGTCGCAAGGTCACCGGACTTAGGCTGCCGGCATGTTGACTACATGTCCGGGCATGCCCGCCGGGTACTGTCCAACTTCCGGTGGTCTGCA	51680.0	-1103.6132758363399	-1103.6122992738399	4	3	1	-0.001953125	1.0	2215.2265516726798	2213.2245985476798	-2.001953125	2250.637856226506	2239.783076963049	-10.854779263456749
seelig_cm / by_cre	CCTGTGGTTCTCTCACATGCCCCGACTCCACCCAGGAAAACATTCTGCTTGTCATAACCCTTTTCCTAATCTGAGTTTGCCATCTGTCTCCTTAGGGGACTCTGACTAATGCAGCAGGAATTCAGTGAATATTCATCATCTGGCT	51680.0	-1676.591004130957	-1676.593201396582	4	3	1	0.00439453125	0.9471459408435563	3361.182008261914	3359.186402793164	-1.99560546875	3396.59331281574	3385.744881208533	-10.848431607206749
seelig_cm / by_cre	CCTTCCCCTTCTGTTCAAACCTTTGAACTTCGGTCGGGAGTTTGAGCTGACCGGATTGTTCCCTTCACCTTTGAACTTCGGTCGGGAGTGTTCCCCTCTCCCTCTTTTGATCAAAGGTCTCCCGGCATGCCCGGACATTCCCTTT	51680.0	-671.43396202443	-671.4389669072425	4	3	1	0.010009765625	0.9203055701028053	1350.86792404886	1348.877933814485	-1.989990234375	1386.2792286026859	1375.4364122298543	-10.842816372831521
seelig_cm / by_cre	CCTTCCTTCCTCGTAAGGCCCCGCCCCCTTATCTCCCGCCCCTCCCTCACGCGCAGATACGCTGACTCATCCTTCTCTTCCTTCCTTGAGTCAGCCCCGCCCATAGACGCTGTCTCTGGAGGACGCGCTTTCTTATCTGTCTTCC	51680.0	-355.563514290398	-355.576697884148	4	3	1	0.0263671875	0.8710068059616419	719.127028580796	717.153395768296	-1.9736328125	754.538333134622	743.7118741836655	-10.826458950956521
seelig_cm / by_cre	CCTTGACCGTAAGTCCGAAAGTTTAAACTACCCTAATTCTGTTTGTTTAAACAAACAACTTTGCCTTTGTTCAAACTTGTACATGTCCAAACATTCCCGAACATGTCCAAAAGTTCAAACTACCTAATGTTTTTTTACATGACTA	51680.0	-931.814561270371	-931.8204816805272	4	3	1	0.0118408203125	0.9133488030967183	1871.629122540742	1869.6409633610544	-1.9881591796875	1907.0404270945678	1896.199441776424	-10.840985318143794
seelig_cm / by_cre	CCTTGGGAAATTGCGACCGGTAAACCAAGTGGCCAACTTCCGTTGCACACCAATGACCGACGACATGTCCCGGCATGTTCAGTCCAATGCACTGAACACCGTACGTCAGTACATTAGCCATGTTGAGTCCTGTTCACGTGACCAT	51680.0	-1631.1507631518846	-1631.140143034697	4	3	1	-0.021240234375	1.0	3270.301526303769	3268.280286069394	-2.021240234375	3305.7128308575952	3294.8387644847635	-10.874066372831749
seelig_cm / by_cre	CCTTTTTTTTTGATGGGCGCCCCCCCCTCCTTATTTATCCCCCCCCGCCCTTTTTTATTTATTGGCTTATTGGCTTATCTCTTTATTTTTTTATTGGCCCCCGCGCGCTTCTTTTTATCCCTTCCCGCCTCTTTTGACTTATCGG	51680.0	-1503.824896443829	-1503.8174501547664	4	3	1	-0.014892578125	1.0	3015.649792887658	3013.634900309533	-2.014892578125	3051.061097441484	3040.1933787249022	-10.867718716581749
seelig_cm / by_cre	CGAACATGTCTTTTGAGCCGGCAAGATAGGGGCTGACCGTGTAGCGGTTGTCTGTGCTGCCTCCGGGGTCGAAGTAACGTAGACCGAGACAAACCACATGTCTGGAGCGGTATTACACATGTCTATGACAGCGTTAATCGTTGAC	51680.0	-745.6231039932668	-745.6326254776418	4	3	1	0.01904296875	0.8902433705619641	1499.2462079865336	1497.2652509552836	-1.98095703125	1534.6575125403594	1523.823729370653	-10.833783169706521
seelig_cm / by_cre	CGAACTTGCGGTGGTTTGAACTTGCGCGGGCATGTTCGGACGGTAGGTTTGACGTTTGAACAAAGGTAAAAGAGAGAATGGGGGCATGTTTAAACATTATGTAATGATAAAAAAAAAAAAAAAAAAAAAAAAAAAAAACAATGGT	51680.0	-629.7821468010496	-629.7832454338621	4	3	1	0.002197265625	0.9626128532955229	1267.5642936020993	1265.5664908677243	-1.997802734375	1302.9755981559251	1292.1249692830938	-10.850628872831294
seelig_cm / by_cre	CGAATATGGTGTACCTAAGTTCAAAGCGACGTAAACTATCAACCCGGTGCCAATGATACCAACCAAGGAGTTGTGCAGAGGGCATGCCCCGACATGCCGTCCGGCATGTTTAACCTTTGAACGAAGGTTTTTCAAGTGATCTACA	51680.0	-2852.0946474629095	-2852.0926943379095	4	3	1	-0.00390625	1.0	5712.189294925819	5710.185388675819	-2.00390625	5747.600599479645	5736.743867091189	-10.856732388456294
seelig_cm / by_cre	CGACGAACGGTCCGTCGTTTGAACTTTGGACATATGTAGACATGTCCACCGACGTCCGTCGACGGTGGTTGTTGACCGTTGACCGTTGTTTGAACGTTGGTCGTTCATTGACCGAAGGTCCACAGAATGCCCGCTGCGGAAGTAC	51680.0	-557.5308212506341	-557.5431503521966	4	3	1	0.024658203125	0.8752217513055489	1123.0616425012681	1121.0863007043931	-1.975341796875	1158.472947055094	1147.6447791197625	-10.828167935331521
seelig_cm / by_cre	CGACGACTCATCGCGGAAGCGAAGTAGCGCGACACTAGGAGCCGCGTGCGGCGTAAGATATGCGCTATATCATGCTCCGCGCAACGGGTGTTACTAATCCGTTAGGCGCTGTAATATGAAGAAGCCTCATCATTCGAATAAGATA	51680.0	-1787.5993280574316	-1787.5976190730566	4	3	1	-0.00341796875	1.0	3583.1986561148633	3581.1952381461133	-2.00341796875	3618.6099606686894	3607.7537165614826	-10.856244107206749
seelig_cm / by_cre	CGACGGAAACAGGTTAGACAGGATTGCTGGGCACGTGACCTTTGCACTCACGTCTGGTCCCTTCTCAACTAGTGTACCACCGCAGGCAGAATGCCCAGGCATGATCATTAAACATGCCGGCTACAGGGTTGCACAGGTGAGCTCG	51680.0	-1016.8314300065683	-1016.8438811784433	4	3	1	0.02490234375	0.874610644047094	2041.6628600131367	2039.6877623568867	-1.97509765625	2077.0741645669627	2066.246240772256	-10.827923794706749
seelig_cm / by_cre	CGACTTCCGGATGACGCATCCCGATTGGGCGATAACGAATTATTAAATCATTTTAACTTGCTTATTAAGAAGTAAGCTCCTCCGGGGAGCGGAAGTGACTTAAAACCCCCGCCCCATCCGGCGCGTCGTCCTATTACTAGAAATA	51680.0	-2793.153937805191	-2793.151984680191	4	3	1	-0.00390625	1.0	5594.307875610382	5592.303969360382	-2.00390625	5629.719180164208	5618.862447775752	-10.856732388456294
seelig_cm / by_cre	CGAGCACTCCAGAATGTGCCTGCGCAGAGGCGAAAGGTACAAAGGGCAAACTTTACACAACCGGAAATGTATAGTGGATCTCCGGACATGCCGGGGTATGTTCGGTGGCGAAGCAACCATCGAAGGGCACTCTCCTCCGCTCTTC	51680.0	-1396.4915511432348	-1396.4895980182348	4	3	1	-0.00390625	1.0	2800.9831022864696	2798.9791960364696	-2.00390625	2836.3944068402957	2825.537674451839	-10.856732388456749
seelig_cm / by_cre	CGAGCTTGCAGCGCCCATAAAGCTTGCCCGGGCATGTCCCCCCTGCTGTCAAACCCCGGGAGCAAAGAACAAACATCCGGTCCGTAGATGACTGGACAAGTCCGGTGGACATTACGTAACAGGGATTGCTCATTGGTTGACTAAA	51680.0	-6234.290474764853	-6234.283150546103	4	3	1	-0.0146484375	1.0	12476.580949529705	12474.566301092205	-2.0146484375	12511.99225408353	12501.124779507574	-10.867474575956294
seelig_cm / by_cre	CGAGGGGGGCATGTTTGTATGGGCATGCCCGGGCATGTCCCCTGGGGCATGCCCGGGCATGTCCCCTGACCCCCTCCGGTGTTTGGCCCCTGACCGTGGGACACATGCCCCGGCATGTTTGTACACAGGGGGTCATGTACACAGT	51680.0	-553.6710594296231	-553.6600731014981	4	3	1	-0.02197265625	1.0	1115.3421188592463	1113.3201462029963	-2.02197265625	1150.7534234130721	1139.8786246183658	-10.874798794706294
seelig_cm / by_cre	CGATAACGTTACTTCCTTATCGTTCGCGAAATAAGCTATCTTATCGCGCATCCTATAAGGCAGCGCCGCTTTCGCGGATTCGCGGAAGCGCCTTCCTTATCGCGCGTCTTATAAGTCTTTCGCGGAAGCGATAATTCGCGGAAGC	51680.0	-2835.957193239663	-2835.942544802163	4	3	1	-0.029296875	1.0	5679.914386479326	5677.885089604326	-2.029296875	5715.325691033152	5704.443568019696	-10.882123013456294
seelig_cm / by_cre	CGATAAGGCGCGGATCCGATAACGTTTCTTCGTTATCTTTCGCGGAAGACGCTTCCTTATCGCGGATCCGCGGATTCGCGGATCCGTTCGCGTTATAAGTCATTCGCGGATCCTCGTAACTTATTGCGTTTCCGATAAGTTAGTA	51680.0	-1218.4026888187213	-1218.4039095218463	4	3	1	0.00244140625	0.9605920901150706	2444.8053776374427	2442.8078190436927	-1.99755859375	2480.216682191269	2469.366297459062	-10.850384732206749
seelig_cm / by_cre	CGATATCGCGCGAAGGCGAGAAGTTGGGGGTTGGGGGTGTGTGGGTGGGGCTTTAGGAGGATGGGTCTTAAGAAGTTTCTTATTGGCTGGGGGGCGCGATATCGCGCGGATGCGATAAGTCGCGGATTGGGGGGGTGTGGGTGGG	51680.0	-1060.2617427121017	-1060.265221716008	4	3	1	0.0069580078125	0.9335218211340159	2128.5234854242035	2126.530443432016	-1.9930419921875	2163.9347899780296	2153.0889218473853	-10.845868130644249
seelig_cm / by_cre	CGATATCGCGCGGATGCGATAAGTCGATAAGGGGGTGGGTGTGGGTGGGGCTTTAGGAGGATGGGGCTTAAGAAGTTTCTTATTGGCTGGGTGGGTCAGTCGCGCGATATCTTGCGGATGAGATAGCGTTTTTAAGAAGTTGCTT	51680.0	-6279.950719876507	-6279.925329251507	4	3	1	-0.05078125	1.0	12567.901439753014	12565.850658503014	-2.05078125	12603.312744306839	12592.409136918383	-10.903607388456294
seelig_cm / by_cre	CGATATCTTACGGCGCGCCTTATCAGGAAGTAACGTTATCGCGCAACTATAATGAGTCATCGGATCGGCCTTACGCGGATCCAACCGGGGATCTGCGCGGAGGATTCGCTTCCTGGAGATAAGTCGCGCTTTCGGATGGGGTTTG	51680.0	-2528.9496516568574	-2528.9389094693574	4	3	1	-0.021484375	1.0	5065.899303313715	5063.877818938715	-2.021484375	5101.310607867541	5090.436297354085	-10.874310513456294
seelig_cm / by_cre	CGATCGAGGGAATAACCAACCCTCGGGGTAACATGCCCGGGCATGTACATGCCCGGGCATGCGCAACCCATTCACATACATGCCCGGGCATGAAGCTCCAGTCCTAGCAAGGATTAGGGATCCGCAACATGCCCGGGCATGGAAT	51680.0	-1831.089541178551	-1831.086855631676	4	3	1	-0.00537109375	1.0	3670.179082357102	3668.173711263352	-2.00537109375	3705.590386910928	3694.732189678721	-10.858197232206749
seelig_cm / by_cre	CGATGTTTACTTAGGGTTTAATACGTGACAAGTTTCACTAGCTTGTTTACTTAGGTAGTCGCAATTTGGAATCACCAGGTCTGTTTACTTAGGGCTGTTTACTTAGGCCGCCGCGTAGAGTGAGAAATCCTGCGTGCTAGCTATC	51680.0	-2303.5102127622918	-2303.4937332701043	4	3	1	-0.032958984375	1.0	4615.0204255245835	4612.9874665402085	-2.032958984375	4650.43173007841	4639.545944955578	-10.885785122831294
seelig_cm / by_cre	CGATTGTGACCTGGTGGGGACAGATAAGAGTGGCTGGTGGGGACAGATAAGCCCCTGGTGGGGACAGATAAGTGCCACTTATCAGCTGGTGGGGACAGATAAGGCTGGTGGGGACAGATAAGTACTGGTGGGGACAGATAAGCGT	51680.0	-2512.4473288585914	-2512.433290772654	4	3	1	-0.028076171875	1.0	5032.894657717183	5030.866581545308	-2.028076171875	5068.305962271009	5057.425059960678	-10.880902310331294
seelig_cm / by_cre	CGCACATGTCCGTCAAGAACGTTCACTTAGGACACATGTCCTCTCAAGGTATTGCTCCATATACATGTCGTGCACATGTCCAGCGGGTCGATCGATCCTGTTCGTAATGTCTTGAAGACATGTCCGACACATGTCTCTGGTTTTA	51680.0	-1256.8604185733327	-1256.8534605655202	4	3	1	-0.013916015625	1.0	2521.7208371466654	2519.7069211310404	-2.013916015625	2557.1321417004915	2546.2653995464098	-10.866742154081749
seelig_cm / by_cre	CGCCACAGCGACCTGTAGCCACCGCCGAGACTATTTCCGGGACTCAACCACAACATGCCCGGGCATGTGACGACGACGAAGTATGATAGCAGAACTGGGCGGACATGCCCGGGCATGCCCACGAGTACATGCCCGGGCATGGTGG	51680.0	-1989.5602633640592	-1989.5616061374967	4	3	1	0.002685546875	0.9586703165933759	3987.1205267281184	3985.1232122749934	-1.997314453125	4022.5318312819445	4011.6816906903628	-10.850140591581749
seelig_cm / by_cre	CGCCATTCAAGTATCGAACATGCCAGAGAAAGTCCGGTGGACTTTGACCTATAAAAAGAAACAAAGCCCGACGAGCTTGCCCGGGCATGCTCTGTTTGTACATTGCCTACGATCATTGTACAATTATGATTGGTGTCCTACCTCC	51680.0	-2730.7186810843273	-2730.7123334280773	4	3	1	-0.0126953125	1.0	5469.4373621686545	5467.4246668561545	-2.0126953125	5504.848666722481	5493.983145271524	-10.865521450956294
seelig_cm / by_cre	CGCCCCCTCGGCCCTTTGTTTAGGGGCCACAGTCCACTGTGGACATGTCTAGGCATGTCCGGTGCGTAATGCGTGGCTCAATGACTTTGTGTGCAGGTTACACTAGGTCAAAGATCAAAGGTGACCTTTGCACCTGGGAATTAAG	51680.0	-8695.560866185151	-8695.517897435151	4	3	1	-0.0859375	1.0	17399.121732370302	17397.035794870302	-2.0859375	17434.533036924127	17423.59427328567	-10.938763638456294
seelig_cm / by_cre	CGCCCCTCATACGCATAAAGTCATAACCCTCACGTTCTTATTGCGTCATCCGCGAGGCTAAGGAGCGCCCATCCCTTATCTGACGACTCTTAAGAGAAGCCGCATCCATCGGCGTCGGAGATAAGATATCTCTTAGAAACTGCCT	51680.0	-1225.6649156747053	-1225.6607652840803	4	3	1	-0.00830078125	1.0	2459.3298313494106	2457.3215305681606	-2.00830078125	2494.7411359032367	2483.88000898353	-10.861126919706749
seelig_cm / by_cre	CGCCTATGCTGTTTACTTAGGGGTGTTTACTTAGGATGTTTACTTAGGCACATCTAAGGGCCCCAAGGGTGTTTACTTAGGGTTGAGCACTCTGTTTACTTAGGAGGGCTATGTTTACTTAGGAAACATAGTTGTTTACTTAGGT	51680.0	-2903.842184082952	-2903.831441895452	4	3	1	-0.021484375	1.0	5815.684368165904	5813.662883790904	-2.021484375	5851.09567271973	5840.221362206274	-10.874310513456294
seelig_cm / by_cre	CGCGAAAAAGCGTGGGACGGCGCCTATCGGAAAAGATAGAAGGATGGGAGGGAGGAAGCGCATCCGCGAAAAGAAGAGGAAGCGCATCCGCGAAAAACGATGAGTCACGCCCAATCAGGAAGCGCATCCGCGAAAAGCGGCGTCC	51680.0	-2140.4091885256444	-2140.4167568850194	4	3	1	0.01513671875	0.90208225459827	4288.818377051289	4286.833513770039	-1.98486328125	4324.229681605115	4313.3919921854085	-10.837689419706294
seelig_cm / by_cre	CGCGACGCATAAGGAGGAGGTGCGATTCGCTAAGTTGATTCTGCGTTTTGCTTCCGCATCCGTTTCTTCGAATTAAGACGACGCGCCGCTCGTAGCTTCCTTTTCTTAGCACGAGGAATCGCTATCGGGCGGCGACTTATCGCCC	51680.0	-4631.438149387528	-4631.432778293778	4	3	1	-0.0107421875	1.0	9270.876298775056	9268.865556587556	-2.0107421875	9306.287603328881	9295.424035002925	-10.863568325956294
seelig_cm / by_cre	CGCGAGGAGCACGCGTCACTTCCTGATAAGAACGCGGATGAAACTTATGAGTCGTCGCGCGAGAAAGGCGCCGCCCCGAGATATCGCCTCCTCGTAAGCGTCATCCAGCGACTTCTTAGGCGCCGGAAGCGGCTTCTGGAGGAAG	51680.0	-3307.5385656239373	-3307.5280675770623	4	3	1	-0.02099609375	1.0	6623.077131247875	6621.056135154125	-2.02099609375	6658.488435801701	6647.614613569494	-10.873822232206294
seelig_cm / by_cre	CGCGCAGATAAGAAGCCGGATGGGCGGGGCGATAACGCCCCGCCCACCCGCATCCGCGGAGGGATAACGCGGAAGCGGCACCCACGACTCACTGAGTCACGCGGAAGCCACATCAGGAAGAAGCGCCATCCGCAGATAAGACACG	51680.0	-1652.8301205988162	-1652.8378110285037	4	3	1	0.015380859375	0.9012997620881069	3313.6602411976323	3311.6756220570073	-1.984619140625	3349.0715457514584	3338.2341004723767	-10.837445279081749
seelig_cm / by_cre	CGCGCCGATGACTCAAGAGAGCGGCGCACCGATAACTCAGAAGCAAGATAACGAGGAAGCGCCCACCCGAGAAAGCGAGCTAACTCAAGAAAGCGGCGCGCCGATGACTCAAGAGCGCCCACCCGAGAAGCGCACGCCGATGACT	51680.0	-374.80159755173736	-374.8069991630655	4	3	1	0.01080322265625	0.917218112461758	757.6031951034747	755.613998326131	-1.98919677734375	793.0144996573007	782.1724767415004	-10.842022915800271
seelig_cm / by_cre	CGCGCCTTATAACTTCCGACTGATTAGAAAAGATGTCGCTTCCGGAAGATAAGATCCGCGCCTTCCTGCGAGATATCGCTTCCGGAAGATGTCGCTTCCGGTTCCGCGTCTTATAAGACCCGCCCAATGAGTCACTTCCTCTTTC	51680.0	-3777.9275748446644	-3777.9124381259144	4	3	1	-0.0302734375	1.0	7563.855149689329	7561.824876251829	-2.0302734375	7599.266454243155	7588.383354667199	-10.883099575956294
seelig_cm / by_cre	CGCGGACGCGATATCTTGCGGATGAGATAGCGTTTTTTAGGAGGGTGGGGCTTAAGAAGTTTCTTATTGGCTGAGGGGCGCGATATCGCGCGGATGCGATAAGTCGATAAGTGGTGGTGGGGCTTTAGGAGGAGCTTATTGGGTG	51680.0	-4094.581804589705	-4094.57521279283	4	3	1	-0.01318359375	1.0	8197.16360917941	8195.15042558566	-2.01318359375	8232.574913733235	8221.708904001029	-10.866009732206294
seelig_cm / by_cre	CGCGGTTTCTCGCAGATACGCTTCCAGGAAGTTACTCTTCCTTATAGGCCTATAGCGCTGATGAGTCACTTCCTTTTTCGCTGGATGACTCATATCCCGGATGCGGGTCTTCCTTATAGGCTGGATGTGGGTGTTTCTTACATCT	51680.0	-3474.1970446937075	-3474.1843493812075	4	3	1	-0.025390625	1.0	6956.394089387415	6954.368698762415	-2.025390625	6991.805393941241	6980.927177177785	-10.878216763456294
seelig_cm / by_cre	CGCGGTTTCTTATGAGTTATCTCGGAAGCGCTTTATCTTTCTTGGAAGTTATCTTTCTCGGATACGGATGAGTTATCGTTATATCTTTCTTAGAAACGCGGATGCGGAAGCGATATCTTGGAGACGCGTTATCTTTCTTATAAGT	51680.0	-12060.145027139875	-12060.0554275305	4	3	1	-0.17919921875	1.0	24128.29005427975	24126.110855061	-2.17919921875	24163.701358833576	24152.66933347637	-11.032025357206294
seelig_cm / by_cre	CGCGTTACGCTTCCTTATCGCGCGCCACTCTTCGCGTTATCGAGATACGCTTTTTTTTGGCCTCTTGCGGGTCGCTCCTCTCGCGGGTCGCCCCTCTTGCGGCGCTTCCTCGCGCGTCAGATATCGCGTCACCCCGCTTCCTCGC	51680.0	-594.0881690391857	-594.0832862266857	4	3	1	-0.009765625	1.0	1196.1763380783714	1194.1665724533714	-2.009765625	1231.5876426321972	1220.7250508687407	-10.862591763456521
seelig_cm / by_cre	CGCGTTTCTTCGCGAGATATGGCGCCTCCCGCGCGCGGGTCGCTTCCTAGTCGCCGCGCGATATCTCGTCTCTTATGGGTGGTGCCTCTTATCGGCGCGCGGCTCCTCCCCGAGTCATCGCCACGGGTGGCGCTTCTTGTGGGTG	51680.0	-1708.9172947990917	-1708.9246190178417	4	3	1	0.0146484375	0.9036666954249821	3425.8345895981834	3423.8492380356834	-1.9853515625	3461.2458941520094	3450.4077164510527	-10.838177700956749
seelig_cm / by_cre	CGCTGACGATGTGAGGGATATCTGATTGGCGCGCCGCCGCGATATAAGGAAGCTAACTCCGCAGACTCAGACGCGGTAGCGCCGTCTGCTTCCTAAGGTTTCAGGGGGCGGGTTTCGCGGATCCTATAAGGCGAAGCGCCGCGTT	51680.0	-1176.1489153836367	-1176.1430560086367	4	3	1	-0.01171875	1.0	2360.2978307672734	2358.2861120172734	-2.01171875	2395.7091353210994	2384.8445904326427	-10.864544888456749
seelig_cm / by_cre	CGCTTATAACCACACACTGACGATGACTCATAAGCCATACACCCGCTGAATAAGTTACGCGTTATCTGGGTGGCGCTTCGCGATATCGCGTAATCATCTGGCGGCGCGACTTCCACAAATATGCAGACGTAACTATAAGTTACTT	51680.0	-3102.4549356525777	-3102.4583536213277	4	3	1	0.0068359375	0.9341062040117134	6212.909871305155	6210.916707242655	-1.9931640625	6248.321175858981	6237.475185658025	-10.845990200956294
seelig_cm / by_cre	CGCTTTCTCTTCCTCCACGTGCTTCCTCGTAAGGCCCCGCCCATACGCGTCTTCGAGGACTTATCTGTCTTCCTCCCCTCCTTCCTTGAGTCAGCCCTTCCTTGAGTTAGCCCCGCGCGCGGAGACGCGTCTTCTTCCAGATAAG	51680.0	-309.9850529795323	-309.9801091318761	4	3	1	-0.0098876953125	1.0	627.9701059590647	625.9602182637522	-2.0098876953125	663.3814105128906	652.5186966791216	-10.862713833769021
seelig_cm / by_cre	CGGAAAGTTCACGGCATGTTTGCCCGGGCATGTGTTTAACCATCGCGCAATCAATGCAAGCTCGGAGGTAGCACACCAATCATCCATCTTCAGCACATTGTTAAACTGGCCGCGTCCATTATGTTTAGGTGACCACAGTCCACTC	51680.0	-706.7310155642425	-706.7374242556488	4	3	1	0.0128173828125	0.9098609911114077	1421.462031128485	1419.4748485112975	-1.9871826171875	1456.8733356823109	1446.033326926667	-10.840008755643794
seelig_cm / by_cre	CGGACATGCCGGGGCATGTCCGCTGCGGACTACTTAATGTACGAACAATAAATACAAACAAAGTTTTCCTCTCTTTGATTGTAGAGGGGACACAGGCTACCGCTGTTTTTGTCTACTGTCACTCTGAACAGTATCACTTAGATTA	51680.0	-2251.517772088172	-2251.513865838172	4	3	1	-0.0078125	1.0	4511.035544176344	4509.027731676344	-2.0078125	4546.44684873017	4535.586210091714	-10.860638638456294
seelig_cm / by_cre	CGGACATGCTCAGACATGTTCGGTCGGTAGTTTGAACTTTCGGTCAAAGGTAGTAGAGAGTAAGGGGGCATGTTTAGACATGTTCGGTTTGAATGGAGAGTGGGAGAGCAGAGATTGTTGTACAAAGATTATGTAATGATCGTGA	51680.0	-16358.727220157994	-16358.596849064244	4	3	1	-0.2607421875	1.0	32725.45444031599	32723.19369812849	-2.2607421875	32760.865744869814	32749.752176543858	-11.113568325956294
seelig_cm / by_cre	CGGAGGTTGGTTCGCCTCAGCCCCGGCGAACTTGCTGCGGCATGTGCCGGCATGCATTCGGGCATGTCCCACCGAACCTGTGGCGTGACGTCACATTGCGTCCAGTGCCTCCAATCTTCCGGAAGTGTGGACAAACGCTCGGAAT	51680.0	-646.5774744248772	-646.582296202221	4	3	1	0.0096435546875	0.9217722101918968	1301.1549488497544	1299.164592404442	-1.9903564453125	1336.5662534035803	1325.7230708198113	-10.843182583769021
seelig_cm / by_cre	CGGATGACGCTTCCTTATCTCGGGGGCGGGAAGTCACGATACGCCGGGGGCGGGGGGGGGAGTCACTTCCTTATCTGTAAGTCACGGAAGCGCCCCCCCCCCCCCCCCCCCCCCCCCCCGCCCCCCCGCCGATGACGCTTCCTTA	20672.0	-149.594676408158	-149.59456196724003	4	3	1	-0.0002288818359375	1.0	307.189352816316	305.18912393448005	-2.0002288818359375	338.9354944426453	328.998730154227	-9.93676428841826
seelig_cm / by_cre	CGGATGACGCTTCCTTATCTCGGGGGCGGGAAGTCACGGAAGCGCTGAGTCACGATGGGGCGTCACTTCCTTATCTCTCCCCCCCCTTTCCAGGAAGTCACGATACGCCGTTCGCGGGGGCCCCCCCGCCGATGACGCTTCCTTA	51680.0	-1442.1081555030914	-1442.1096203468414	4	3	1	0.0029296875	0.9568343093418353	2892.216311006183	2890.219240693683	-1.9970703125	2927.627615560009	2916.777719109052	-10.849896450956749
seelig_cm / by_cre	CGGATGGACCGGCGGTGCACGTTTAAAGGCCAGTGATGCGCATGCGCGTTATGGAGACCGGAAGAGGAGCTGGTGTCCGTGGGTGGTGGAGTCAAACCGGCACTCCCCCGCAGACCTCAACCAGGTCGCTAGCCCCGCACCAGTG	51680.0	-3152.592921474873	-3152.592677334248	4	3	1	-0.00048828125	1.0	6313.185842949746	6311.185354668496	-2.00048828125	6348.597147503572	6337.743833083866	-10.853314419706294
seelig_cm / by_cre	CGGCAAAGTGCAAAGTCCGTCGGAACAAGTGGACAAAGGTCTTTGCAACCTACGGCGACGTTTGGACTTGTCTACGTAGGCGCGGTGAGCTTGTCGGGACATGAGCCGTGGACGTTGACTGCTTGTTTGAGCGGTCGTGACTTGC	51680.0	-2272.4682531369403	-2272.4528722775653	4	3	1	-0.03076171875	1.0	4552.936506273881	4550.905744555131	-2.03076171875	4588.347810827707	4577.4642229705005	-10.883587857206294
seelig_cm / by_cre	CGGCATACAAGCCCGACTTAGTCACTAGCGAATCTACTTATGTTTGTTCATTGGCCCTTTGTTTTGTAATGCCACCGAACAAACATTCCGGCTTGTTTGGAATGGTTTACATGTCTAGGCATGCCCAGAGATAATCAGGTCAAAC	51680.0	-9855.845758680372	-9855.813043836622	4	3	1	-0.0654296875	1.0	19719.691517360745	19717.626087673245	-2.0654296875	19755.10282191457	19744.184566088614	-10.918255825956294
seelig_cm / by_cre	CGGCCGACGGTCGTGCGGACTTTTGTGCGACCGGACTTACGCGCCCGCGTTGGCAATGCCCTGTGACCCAAAGGAGCCTGCGCACTGAGGTCAAAGGTTCACGGGACATTCCGGGGCATGTCCGGGCATGTACCTTGACTGCGCC	51680.0	-1078.917450343559	-1078.9148258318403	4	3	1	-0.0052490234375	1.0	2165.834900687118	2163.8296516636806	-2.0052490234375	2201.246205240944	2190.38813007905	-10.858075161894249
seelig_cm / by_cre	CGGCCGGTTATGTAATGGTCTATGTGATCGGTGGTCTAAGCGGTTATGCAACGGTTTATGTAAGCGGTGATCTAACGGTTGGTCCAGTGATGCAATGGTCCAGTTGTGTAATGGTTTGGTGGTTTGTCCAGTCAGTTATGTAACC	51680.0	-4468.037612017876	-4468.028334674126	4	3	1	-0.0185546875	1.0	8944.075224035752	8942.056669348252	-2.0185546875	8979.486528589578	8968.615147763621	-10.871380825956294
seelig_cm / by_cre	CGGCCTATCGACGTAAGTCGCGCATATGACGATAAGATGTAATTGCTTTAATCGTACGTCCTCCAATAGCGCGGAGCGCCGATTCCTCGAAGGCGCGAGGTTTTTTCTCGGAGGGACGATAGCGAGAAGCTATTCGCGATATCGG	51680.0	-612.9509028500572	-612.9499262875572	4	3	1	-0.001953125	1.0	1233.9018057001144	1231.8998525751144	-2.001953125	1269.3131102539403	1258.4583309904838	-10.854779263456521
seelig_cm / by_cre	CGGCCTCTTTTTCCGATGAGTCATCAGTTTAAGAAGTACTTCCTCCCGAGAAGCGCCGCGTGGGGCTCATCCAATTCGCAGAAATAAGTATCTTTTCCGCGCCCTCCAATTGCTACGACGTCTACGACGCGTAAGGCCTTATCGG	51680.0	-786.9870298071809	-786.9940488501496	4	3	1	0.0140380859375	0.9056854167998443	1581.9740596143617	1579.9880977002992	-1.9859619140625	1617.3853641681876	1606.5465761156688	-10.838788052518794
seelig_cm / by_cre	CGGCGCGCGATTTCTTGAAGATAAGATATCTCGCAGATACGATGACTCATAAGTGGTTTCGCGGTTTCGCGGTTTCGCGGATTCGCGGGACGCCCCCCCTATAGGAAGTTACGCTTTCTTATCTTCCTTCACGCATCTGCGCGGG	51680.0	-1340.9399546656646	-1340.9470347437896	4	3	1	0.01416015625	0.9052781645017932	2689.879909331329	2687.894069487579	-1.98583984375	2725.2912138851552	2714.4525479029485	-10.838665982206749
seelig_cm / by_cre	CGGCGGTGCGATTCGCGATATAACGAAAGGCCCCACCCTAGGCTGATAAGATATAAGTATTCGACAGTTCCTCCTGATGATTCGCGCGTATCTTCCGCAGACGCGCTGGCGGATAACTTCTTGGAAGTGATTAGCTCGGGTGGCG	51680.0	-753.4586225032876	-753.4707684993814	4	3	1	0.0242919921875	0.8761442537996215	1514.9172450065753	1512.9415369987628	-1.9757080078125	1550.3285495604011	1539.5000154141321	-10.828534146269021
seelig_cm / by_cre	CGGGAGACATGCCCGGGCATGTACATGCCCGGGCATGTTTGTTCCTTTGGTTCTTTGTTCCGGCCGGGGGACATGCCGGGGCAGGCCGGCATGTCTGCCGGGCGCCCGGGTTGTTTGTGCAGTGGGGTTGGGTGACCTTTGGACA	51680.0	-3468.3424150771816	-3468.3363115615566	4	3	1	-0.01220703125	1.0	6944.684830154363	6942.672623123113	-2.01220703125	6980.096134708189	6969.231101538483	-10.865033169706294
seelig_cm / by_cre	CGGGAGACATGCCCGGGCATGTTTGGACCTTGGGACATTGGGAGTGACCTTTGTGCAGTGTGGCCGGGGTACATGCCGGGGTTTGTGTCTTTGTGCATTCCGTTTGGGTGACCTTTGGACATGCCCCGGCATGTCTCTTGGTTGG	51680.0	-11852.644501735176	-11852.583954860176	4	3	1	-0.12109375	1.0	23713.289003470352	23711.167909720352	-2.12109375	23748.700308024178	23737.72638813572	-10.973919888456294
seelig_cm / by_cre	CGGGAGAGCAGGGGGGAACAAAGGCCGCAGTCCGCAGACCAGGAGACATGCCTGGGCATGCCCCCAGGAGAGCAGGGGGGAACAAAGGCCGCAGTCCGGAGGTGACCGAAGGCCCCAGAGCATGCCCCGGCATGTCCACAGGGGA	51680.0	-4367.147140616535	-4367.133468741535	4	3	1	-0.02734375	1.0	8742.29428123307	8740.26693748307	-2.02734375	8777.705585786895	8766.825415898438	-10.880169888456294
seelig_cm / by_cre	CGGGCATGCCTGCTGCCCAGGTAGGCCAGGGGCAAAGGACTTTGGACTGTGGCACCAAACACTGACCGGAAGGTCAGGGGCAAAGGGCTTTGTATTGTTGCACAAAACAAACACCGGACGGACATGCCCGGGCATGTCCCCTGGC	51680.0	-2923.6875514335043	-2923.6868190116293	4	3	1	-0.00146484375	1.0	5855.3751028670085	5853.3736380232585	-2.00146484375	5890.786407420835	5879.932116438628	-10.854290982206294
seelig_cm / by_cre	CGGGGAGTCCAAAAACAATCGTATTTTGACCGAACCTTTATACAAAGCCCGGTTGTCTTAGTGGCGCCATCAGAAATTCCGCTCTGGACTTTTGCATTACCTACTACCAAGAGTGGACATGCCCGGGCATGTCTACAACCCAATC	51680.0	-3066.577813689362	-3066.582696501862	4	3	1	0.009765625	0.9212802540736247	6141.155627378724	6139.165393003724	-1.990234375	6176.56693193255	6165.7238714190935	-10.843060513456294
seelig_cm / by_cre	CGGGGGACATTCCGTTGTTTGTACATGCCCGGGCATGTCTGGCGGGCGGCTTTGCCCTTTGTGCCTTTGTACATGCCCCGGCATGTCGGCCGGCCGGCATGCCTGCCGGCGGGCATGCCGGGCGACCTTTGCACAGGGGGGGACA	51680.0	-386.9513419076381	-386.96531895841935	4	3	1	0.0279541015625	0.8672167748519629	781.9026838152762	779.9306379168387	-1.9720458984375	817.3139883691022	806.4891163322081	-10.824872036894021
seelig_cm / by_cre	CGGGGTAATTATTAACCCAGAACCGCGCAGCCCGAGTGTGGTAATTATTAACCGTATGGCCGAGGGTTGGTAATTATTAACCAATGCAACGATGAAGGAGTTGCACGCAGTGTTCGGGACGGCTGTCCTGCGTGAATAGCAGAAC	51680.0	-3083.3167694380772	-3083.3199432662022	4	3	1	0.00634765625	0.9364979863203111	6174.6335388761545	6172.6398865324045	-1.99365234375	6210.044843429981	6199.198364947774	-10.846478482206294
seelig_cm / by_cre	CGGGTACGTCATGTTTGTACAAACATTGGTCATTCATCCCGTTAATGTTACTGTCGAGTTCCCTAGGCATGCCCGGACATGTCGATAGTACCGGGCAATATGCCCCATTGTGTTACATAACCAAACAAGCTTCCGGAAGTGTGTC	51680.0	-2874.0384596135414	-2874.0308912541664	4	3	1	-0.01513671875	1.0	5756.076919227083	5754.061782508333	-2.01513671875	5791.488223780909	5780.6202609237025	-10.867962857206294
seelig_cm / by_cre	CGGGTGTCGCTTCCTTATCTCTGGGGCGGGAAGTCGCGGAAGCGCCCGCCCCCCCGCCGATGACGCGTCGTTATCGGCGGGGCGCGCTTCCAGGAAGTCACGATACGCCGTGGGCGGGGCGGGGGGGGGGGGGGGGGGGGGGGGG	31008.0	-230.64747807428034	-230.65281865045222	4	3	1	0.01068115234375	0.9176854631501594	469.2949561485607	467.30563730090444	-1.98931884765625	502.6629582073227	492.33163884497594	-10.331319362346733
seelig_cm / by_cre	CGGTAGTACAAAGGCCCCTGTACACAAGTTGACCCCAGGCGTTTGTTCGGAATGCATTAGGCAAAGTTCCCTGGCACAACAATGAACGGACATTCCGGCTGAACCTTTGCACATACATGCACCTGACTGGGCGACCCTGCCCGCG	51680.0	-642.9802412163174	-642.9704145561611	4	3	1	-0.0196533203125	1.0	1293.9604824326348	1291.9408291123223	-2.0196533203125	1329.3717869864606	1318.4993075276916	-10.872479458769021
seelig_cm / by_cre	CGGTCGACGTCAGTGGCCTAAGTGCAGTGAACTTTACTCCCATTACCAATGAACTTTGTCCAAAGCAAACATTGTCGCGTCGGACGTCACAACTCAAAGGTTGTTGTTTGTTTGAGGGGACATGCGGTGACATGCCTGGGCATGC	51680.0	-13955.82054321529	-13955.74778930904	4	3	1	-0.1455078125	1.0	27919.64108643058	27917.49557861808	-2.1455078125	27955.052390984405	27944.05405703345	-10.998333950956294
seelig_cm / by_cre	CGGTGATGTAAGCGGTTGTTTATGCAATGATCTAAGCGTCCGTCGGTTTGTTTGTCCGTTGATGCAATGGTCCAGTGGTTTGTGTAATGGGTTATGTAAGCGGCCGGTTGTGTAACGGTTGGTTTGGGTAAGCAGTGATCTAGGT	51680.0	-14955.497603677015	-14955.397017739515	4	3	1	-0.201171875	1.0	29918.99520735403	29916.79403547903	-2.201171875	29954.406511907855	29943.3525138944	-11.053998013456294
seelig_cm / by_cre	CGGTTGGAATAAAGTGAACCTCACAGATATACGGTTTGAGAAAAATGAATCACGAAGTATGAATGTTGCGATGACTCAGCATTGGTACGTCGAGATACTGTGCGGACCGGGCGTTGTCTTTGCCATCCTCACACCCACATCCCCC	51680.0	-1326.9639612742073	-1326.9526087351448	4	3	1	-0.022705078125	1.0	2661.9279225484147	2659.9052174702897	-2.022705078125	2697.339227102241	2686.463695885659	-10.875531216581749
seelig_cm / by_cre	CGTAACGTTATATCGCGTATCGCGCGTTTTGATATATATGGAACGCGCCCTTATTTATAAGAAGCCGCGCTATAAATAAATTTGTATCGCGCAACCCTTTTCTTATAAGGAAGCGCCCCCCCCTTTTTAGATATCCCTTATTTGG	51680.0	-1310.8894921494257	-1310.8824120713007	4	3	1	-0.01416015625	1.0	2629.7789842988514	2627.7648241426014	-2.01416015625	2665.1902888526774	2654.3233025579707	-10.866986294706749
seelig_cm / by_cre	CGTAAGCGCAGTGGCCAACATGCCCGGGCATGTCCCGTGTTCCGCACTTCCTTTCCCGCTACGGGTATCGGCGGCGCGCCGGCCTTGGTGTCCAACTTCCCGTGACGTAATATTGAACGTTCACCGGGCATGCTCTGTACAAACA	51680.0	-1424.3964803618783	-1424.3934286040658	4	3	1	-0.006103515625	1.0	2856.7929607237566	2854.7868572081316	-2.006103515625	2892.2042652775826	2881.345335623501	-10.858929654081749
seelig_cm / by_cre	CGTAATGTTCGACCAGCGAGCCCTGGCATTCCGCCGTCGACCGGGTGTGTACAAAATCCCCAAACAATACTGAAGGGCGGTGAACTTGCCTGGACATTACCTGTTCGACCTGTGCAATCATGCCGCGGGCATGTCGAGGCATGTC	51680.0	-1559.2214084876814	-1559.228854776744	4	3	1	0.014892578125	0.9028711796900138	3126.442816975363	3124.457709553488	-1.985107421875	3161.854121529189	3151.016187968857	-10.837933560331749
seelig_cm / by_cre	CGTATATCTTAAGGAAGATATGACTTAAGGAGGAGCGATACGCGTTTCTTGGAAAAGATATAAGGACCCATGGGCGGTTCCTCGATACCTTATATCTTGAGGAAGTGATGAGATAGGGCGGAACGATACGTGGGTCCGCGAAAGG	51680.0	-1290.7382378445586	-1290.7246880398711	4	3	1	-0.027099609375	1.0	2589.4764756891173	2587.4493760797423	-2.027099609375	2624.8877802429433	2614.0078544951116	-10.879925747831749
seelig_cm / by_cre	CGTCATTCGCGGATCGCGTTATCCGCCGATCTCTCTTCTGAGTTATCTTCCGCGTCTCCGATTCGCCGATTCGCCCCGCCCTTCGCGGAGCCGCGTGTCGGCGTATCGGCGTGGCGGCGTATCTTCCCTCTTATCTTCCGATTGG	41344.0	-147.9458188972527	-147.93762492752614	4	3	1	-0.016387939453125	1.0	303.8916377945054	301.8752498550523	-2.016387939453125	338.4103681430745	327.7642976164791	-10.646070526595395
seelig_cm / by_cre	CGTCCCAACATGGCAACATTTGTGCACAGGTGAAAGTCTAACTTGGCACGTGAACTTTGACTGTAATGTTGACCCAAAGGACTTGCCCGGGCATGCAGTACTATCCCACAATTTATGTATGCAGGCATTCTACCGGCATCATGAC	51680.0	-8527.384793541527	-8527.356961510277	4	3	1	-0.0556640625	1.0	17062.769587083054	17060.713923020554	-2.0556640625	17098.18089163688	17087.272401435923	-10.908490200956294
seelig_cm / by_cre	CGTCGAGTCAGGGTGTGGAATGCATGAAATGTATAAGGTGAACGGCTGGCTTTGTGAGTCACATCCCAGGTCAAGGACTCAGCATGGTGGGCAGGTCATCACCATCACAAATCTGGCCCTGTCCAGTCTGTTTGTACTGCCATCA	51680.0	-4928.663390560954	-4928.654113217204	4	3	1	-0.0185546875	1.0	9865.326781121908	9863.308226434408	-2.0185546875	9900.738085675734	9889.866704849777	-10.871380825956294
seelig_cm / by_cre	CGTGAGTGCAATGATCAGTGGCCTTTGTCCTTTGTTCTAGTGGTCACGTTACATAACCGGCCCGGGTTACATCATGTGTACAGACATGCCCAGGGTTCAAAGTGAACATTGGACATGTCCGGACATGTCCCCTGTGCTCGAACCT	51680.0	-2990.821370480708	-2990.809163449458	4	3	1	-0.0244140625	1.0	5989.642740961416	5987.618326898916	-2.0244140625	6025.054045515242	6014.176805314286	-10.877240200956294
seelig_cm / by_cre	CGTGGATGAGATATCTTATTGGCGGAGGGGCGAGATATCGCGCGGATGCGATAAGGTTTTTAGGAAGTTTCTTATTGGCTGGGTGTGGGTTTCTCTGAGTTGCGCGATATCTCGCGGATGCGATAAGTTACTTGCTGGTTGGCTG	51680.0	-6985.941065034884	-6985.909326753634	4	3	1	-0.0634765625	1.0	13979.882130069767	13977.818653507267	-2.0634765625	14015.293434623592	14004.377131922636	-10.916302700956294
seelig_cm / by_cre	CGTGGGCATGCCCGGGCACGTCCCGAGCGGTTGTACATTCCGGTGGAGGTGTACAAAAGCCTGGGAGCATTGGTTACATACCAGCTCAATGATCGAACATTGGTACACGTAGCCATCAACCTGGCATGCCCCCTTGACTGGGGGG	51680.0	-889.587285362979	-889.5839284293852	4	3	1	-0.0067138671875	1.0	1787.174570725958	1785.1678568587704	-2.0067138671875	1822.5858752797837	1811.7263352741397	-10.859540005644021
seelig_cm / by_cre	CGTGGTTGTAGCCCCTGACATGTCCGGACATGTCCAAAGGACCAAAAACGGTTGCTACAAACACTTAACAGAGAGTTGAGCGCTTGCCCGGCCTCCCGTTTTACATGACAGGGAGTGCATAATCCCCCGGGCTCCTGGTTGTTTA	51680.0	-1956.6034154184304	-1956.6013402231179	4	3	1	-0.004150390625	1.0	3921.2068308368607	3919.2026804462357	-2.004150390625	3956.618135390687	3945.761158861605	-10.856976529081749
seelig_cm / by_cre	CGTGTCTGAAAGGCGGTGAGTCATCCAAGTGTAGAAAAATAAGGAAGTGCGTGAGGATAGGCTTATAACTTGCGAGTCATAGGAAAAGAAGAAAATAAGGAAGTGCTTCCGGATAAGGAAGTGACTTTATATCTTGCGTGTCTTA	51680.0	-12560.55752311865	-12560.46474968115	4	3	1	-0.185546875	1.0	25129.1150462373	25126.9294993623	-2.185546875	25164.526350791126	25153.48797777767	-11.038373013456294
seelig_cm / by_cre	CGTTACTTCCTCGTAAGGCCCGCCCCTCCCCCACGTGCTGACTCAGCCCCGCCCATATACGGTGTCTCTTATAGGTCTTCACGCGCGCGGATGCGCTTTCTTATCTGTCTTCCCGCGCGCGGAGACGCGTCTTCGCGGACTTATC	51680.0	-589.938179957935	-589.939156520435	4	3	1	0.001953125	0.9647496261326771	1187.87635991587	1185.87831304087	-1.998046875	1223.2876644696958	1212.4367914562395	-10.850873013456294
seelig_cm / by_cre	CTAACCTGCCCAGGGCTTCCTGTGACTCGGGTGAAGCAGTGCCTCCTGGTGGTGAGAAGGCAGAACTACTGGTATAAACTGGTCGTAACGTGCAGACTGGGTGTGAATGTGGGGCCAGGACAATGTGTGTCGTGGGGTTGACTAG	51680.0	-3331.978690370824	-3331.976004823949	4	3	1	-0.00537109375	1.0	6671.957380741648	6669.952009647898	-2.00537109375	6707.368685295474	6696.510488063268	-10.858197232206294
seelig_cm / by_cre	CTAACGGTTATACAAGCGGAGAGAAAGTCGAACAATGGTTGTTACGTAAGGGGAATGTTGGGAGCGAAAGTTTAAACATGCGGGGAGATGTACATAAAGGGATTGTTGCGGAATGTTGAACTTGCGGTGGAAAGTTTAAACATGC	51680.0	-1508.0764924269076	-1508.0653840284701	4	3	1	-0.022216796875	1.0	3024.1529848538153	3022.1307680569403	-2.022216796875	3059.5642894076414	3048.6892464723096	-10.875042935331749
seelig_cm / by_cre	CTAAGGTTCAGTAAGCGAGTGACGCGTCATTAAGATATCGCGTCAGCTTTTCCGAGAAGCGCGGCCCCACGCGCGGGTCCGATCCGCCGATCGAGGAGATAACTCAGTTGGGCGTCTCGCTTCCTCATCCTTATCTAGTCTTTGG	51680.0	-1198.3284430705799	-1198.3213629924549	4	3	1	-0.01416015625	1.0	2404.6568861411597	2402.6427259849097	-2.01416015625	2440.068190694986	2429.201204400279	-10.866986294706749
seelig_cm / by_cre	CTAAGGTTTAAACATGCGGGGAGATGTACATAAGGGGAATGTAGGGGAAAGTCGAACAATGATTGTTGCGGAATGTTGAACTTTCGGTTGAGCAAGCGGGGAGAAGGTCGAACAATGGTTGTTACATAAGGGGAATGTAGGGGAA	51680.0	-2252.5026500845406	-2252.4975231314156	4	3	1	-0.01025390625	1.0	4513.005300169081	4510.995046262831	-2.01025390625	4548.416604722907	4537.553524678201	-10.863080044706294
seelig_cm / by_cre	CTACATGAGTGCATGCCTCCGGAATGTTTGTACTTTGGTCTTGTACCAACATGCCCCTGCATGCCGGCCTGTACACAGAATCTTCCACCTCTCTAATGTTCCACCTTCGGTCTGTTTGCCTTGTACCAACATGCCCCTGCATGAA	51680.0	-747.5654852364561	-747.5521185372373	4	3	1	-0.0267333984375	1.0	1503.1309704729122	1501.1042370744747	-2.0267333984375	1538.542275026738	1527.6627154898442	-10.879559536893794
seelig_cm / by_cre	CTAGACCTGTTAGTTATGTAACCGAGCTTTGAACGTGACAGTGGGTGAGCTGTGTACATGCCCGGGCATGTTTGCTGCTGACCATTGGTCAAAGGACTGTAAGGTCAAAGTGGTTGGTGGGGGGGTGAGCGGTGGACATGCCCGG	51680.0	-13101.487712035656	-13101.409098754406	4	3	1	-0.1572265625	1.0	26210.975424071312	26208.818197508812	-2.1572265625	26246.386728625137	26235.37667592418	-11.010052700956294
seelig_cm / by_cre	CTAGACCTGTTAGTTATGTAACCGAGCTTTGAACTAGGGACATGCCCGGGCATGTTTGCTGCGGGCAGGGGGCAGTTGTGTACAAAGGTCAAAGGACTATCCCTGTTATGTAACCTTTGATCAAAGGACTGTGAGGTCAAAGTAC	51680.0	-12325.952854183219	-12325.914768245719	4	3	1	-0.076171875	1.0	24659.905708366437	24657.829536491437	-2.076171875	24695.317012920263	24684.388014906806	-10.928998013456294
seelig_cm / by_cre	CTAGCTCCAACTTTGAACCAAAGGTTTGTACACAACGAACATGTCTGGACATGTCCGGGCAAGTATCCCGGGCCGGCTGTTTACCCAACGCAAGACTGCCACTACAGAGGTAAACCCTAGCGCCCTGGAGATCTTTGATCGTTCG	51680.0	-1119.6832661297042	-1119.6709370281417	4	3	1	-0.024658203125	1.0	2247.3665322594084	2245.3418740562834	-2.024658203125	2282.7778368132344	2271.9003524716527	-10.877484341581749
seelig_cm / by_cre	CTAGTCAACCCCACGACACACATTGTCCTGGCCCCACATTCACACCCAGTCTGCACGTTACGACCAGTTTATACCAGTAGTTCTGCCTTCTCACCACCAGGAGGCACTGCTTCACCCGAGTCACAGGAAGCCCTGGGCAGGTTAG	51680.0	-419.95836049376226	-419.96064931212163	4	3	1	0.00457763671875	0.946057696992352	847.9167209875245	845.9212986242433	-1.99542236328125	883.3280255413505	872.4797770396127	-10.848248501737771
seelig_cm / by_cre	CTATACCTGTTATGTATTCATCCGAGTTTTGAACTAGGGACATGCCCGGGCATGTTTGCTGCTGACAGTCGACCGTTGTGTACAAAGGTCAAAGGGATTACGGGCATGTTTAGGTAACCTGTTAGTTATGTAACCGAGCTTTGAA	51680.0	-22470.43960263559	-22470.18667294809	4	3	1	-0.505859375	1.0	44948.87920527118	44946.37334589618	-2.505859375	44984.290509825005	44972.93182431155	-11.358685513456294
seelig_cm / by_cre	CTATATCGCGCGGATGCGATAGGGCGATATCTCGCGGATGAGATAGCGTTTTTTAGGAGGGTGGGGCTTAAGAAGTTTCTTATTGGCGGTCTTAAGGAGGAGCTTATTGGCTGAGTTGCGCGATATCTCGCGGATGCGATAAGTT	51680.0	-3062.60106838346	-3062.59911525846	4	3	1	-0.00390625	1.0	6133.20213676692	6131.19823051692	-2.00390625	6168.6134413207465	6157.75670893229	-10.856732388456294
seelig_cm / by_cre	CTATCCGCATTTCTCGGAAACGGCGCGCCCTCACGCTGTGGGGCGATATAAGTGTTATCTCCTTATCGGTGAGTGACCTCCTCCTTCTTAAAGCGTAACTAAAAGATTCGGAAGGCGCGTTCTCAGAGACAGCGACACCGAGGGG	51680.0	-919.9633647436912	-919.9517070288474	4	3	1	-0.0233154296875	1.0	1847.9267294873823	1845.9034140576948	-2.0233154296875	1883.3380340412082	1872.4618924730644	-10.876141568143794
seelig_cm / by_cre	CTATGAATAGAAAAGCTGAGGTGTTTGTACTTCCGGTCGGCATGCCCGGACATGTTCGCTGCCGACTGGGATCAAAAGCTTGGCACAATGACCTAAGGTCTTTGTACCTAAGGGAAACATTCCCTGCGAATCGATCGTGTCAAAC	51680.0	-10935.591254924446	-10935.554145549446	4	3	1	-0.07421875	1.0	21879.18250984889	21877.10829109889	-2.07421875	21914.593814402717	21903.66676951426	-10.927044888456294
seelig_cm / by_cre	CTATGGCAAGCCGGGGGGTTTGAACCATGCCCGGACATGTCCGGGCTGGGGTGCAGGGGCAACCTTGGTGCCATGGTCTCTAGTCCAGCCAGCGTTCAGTACAAACAACGGTGGTATACCCCTGGGCGCCATCATTGCGGAGGGT	51680.0	-886.2678726097887	-886.2561538597887	4	3	1	-0.0234375	1.0	1780.5357452195774	1778.5123077195774	-2.0234375	1815.9470497734033	1805.070786134947	-10.876263638456294
seelig_cm / by_cre	CTATGTCCGTAAGTCCAAAATTCCGAAAGTCCGTAATTCCCTATGTTTGTATTTTTGTTCAACCCTGTACATGTTTAAACAAACAAACAAACATGACCGAACAAGTCCAAAAGTCCGTTTACACATGCCCGAACATGTCTCCTAC	51680.0	-1752.0625931255222	-1752.0557571880222	4	3	1	-0.013671875	1.0	3512.1251862510444	3510.1115143760444	-2.013671875	3547.5364908048705	3536.6699927914137	-10.866498013456749
seelig_cm / by_cre	CTCACACTTATTTACTTCCTCCTCATGAGTCTTACATCCTTATAAAGAAATCGCTTACGCGTCTTTCTTCTAATGAGTCTTATCGCGAAAGCGTGATATCGCTAATGAGTCTTTCTTCGATATCGTGATATCGCGTTAACTCGCG	51680.0	-1091.0877625889552	-1091.0830018467677	4	3	1	-0.009521484375	1.0	2190.1755251779105	2188.1660036935355	-2.009521484375	2225.5868297317365	2214.724482108905	-10.862347622831749
seelig_cm / by_cre	CTCACCGAGGCGGCGCTTCGCGAGAAAACGCCCCGCCAATCACCCGTCTTACCCTATAAGATAACGCATCCGCCTCCGCTTTCGCGCCACTACCTTATGGGTCAGTACCGGTTCATGAGTCCTACGCCTCCTCGCGCGACGCCTA	51680.0	-158.53850941444355	-158.54165272499043	4	3	1	0.00628662109375	0.9368033795777454	325.0770188288871	323.08330544998086	-1.99371337890625	360.488323382713	349.6417838653503	-10.846539517362714
seelig_cm / by_cre	CTCACTATGTGACCTCCGGACTATGTGACCTTGGTTGCTCACGAGCTTCGGAATGTTTAACCTTTGTACAAACATTGCAAACATGACCGGCTGAACATTCCCCATCATGTCAGGGAATGTTTGTCCATGACCGCCAAGCACTCTG	51680.0	-461.9884555468287	-461.9826266894068	4	3	1	-0.01165771484375	1.0	931.9769110936573	929.9652533788136	-2.01165771484375	967.3882156474833	956.523731794183	-10.864483853300271
seelig_cm / by_cre	CTCAGCTCCTTTTGAGGAGCTGTTGAGAAAAGATCGTTTTTTAAGAAAGCCTTATCGTTCCTGTGCATGTGGGTGATGTCATCACACTCTGCCCCCTGGACGCAGATCCTCCATGCTGCCCCCAGTGGGAACACCAGCCTGTGCT	51680.0	-1471.253537932714	-1471.2441385186514	4	3	1	-0.018798828125	1.0	2950.507075865428	2948.488277037303	-2.018798828125	2985.918380419254	2975.046755452672	-10.871624966581749
seelig_cm / by_cre	CTCATATCCAATAGGGCCGGCTCTTTGGAGAAGACGCAACCCGTTATAAGGAGGCGGAGAAGAAGTCGTGGCTTCGCCGATAGGCGCGTGGCGCTTACTCATTATCACGAAGTATCGTTTCGCGTCTTCCGTCAGATACGCGAAA	51680.0	-1119.8503892750186	-1119.8522203297061	4	3	1	0.003662109375	0.9517451789484365	2247.7007785500373	2245.7044406594123	-1.996337890625	2283.1120831038634	2272.2629190747816	-10.849164029081749
seelig_cm / by_cre	CTCATCAGTGCCTAGCCACTGGTCACTAGCATGTTTTCATTTTTCTCCAGCTCCCTCCACCCTTCATGAACGGGGGCTGGAAAATGTGGTCTGCTCTGATAAGGATTTGCGTCAGGCTACTGGCTACTCAGCAGCCGAGAAGAGC	51680.0	-5258.3642024103265	-5258.3515070978265	4	3	1	-0.025390625	1.0	10524.728404820653	10522.703014195653	-2.025390625	10560.139709374478	10549.261492611022	-10.878216763456294
seelig_cm / by_cre	CTCATTTGCCTTTGCACGAGGTGCTGCTTTTGCTTTTGCCTGACACCCCAAGCAGTCTTGGGGTGAGGGGATGGGTACGGCCCAGAATCACAGGCCCACTTCTGAGGGCTTGCAGCTGCTGGAATGAGCACTTTCACATCAGTGC	51680.0	-939.0525762857808	-939.0586187662495	4	3	1	0.0120849609375	0.9124636058769514	1886.1051525715616	1884.117237532499	-1.9879150390625	1921.5164571253874	1910.6757159478684	-10.840741177519021
seelig_cm / by_cre	CTCCACCATGCATAGGTCACTTGGTTAAACAATCCTGTACTATTGTGTAATCTATATTCCGGTGGAAATTACAGCGAACAATGCACCTTTGGTCTGTACCTCCGCAGGCCCGGAATGCCGGCGGACATGCCCGGGCATGTCCAAC	51680.0	-1603.2835914744414	-1603.282248701004	4	3	1	-0.002685546875	1.0	3214.567182948883	3212.564497402008	-2.002685546875	3249.978487502709	3239.122975817377	-10.855511685331749
seelig_cm / by_cre	CTCCCCCACCCTCCCCTCCACTATTACATAATGTTTGTTCAAACCAAAGTTCACATTACCTAATGTTTGTACACATCCCCTGCAAACTCAACCTTTGTTCCACACTCCCACTGCAAACATGCCCGGACATTCACTCTACCGACCT	51680.0	-567.2131179166088	-567.2195876431713	4	3	1	0.012939453125	0.9094346142963737	1142.4262358332176	1140.4391752863426	-1.987060546875	1177.8375403870434	1166.997653701712	-10.839886685331521
seelig_cm / by_cre	CTCCCCCTTCTTATTGGCCTATTGGCCCTCGCGCGCCCCCTCTTTTCTTTTCCCGCCCCCTCTTACTTATCGGCGTATCGGTTTACGCGCGCCTCCCCCTTTTGACTGATCGTTTCCCGCGCTTATCTTTTTATGTCTCCCCGCA	51680.0	-403.36418143810124	-403.3546294361481	4	3	1	-0.01910400390625	1.0	814.7283628762025	812.7092588722962	-2.01910400390625	850.1396674300285	839.2677372876657	-10.871930142362771
seelig_cm / by_cre	CTCCCCTGCTCTGTACATACATCCCCCGGCATGTTTGCACACAGGTCGCTCCTCCGCTCCTCCGCTCCTCTGCTCTCCTCCCCTCTCCTCCGCTCCTCTGCTCCCCCTCTCGGTACATTCCCCGGCATGTTTGCACCTTCCCCTC	51680.0	-181.50631518022715	-181.4996623481959	4	3	1	-0.0133056640625	1.0	371.0126303604543	368.9993246963918	-2.0133056640625	406.4239349142802	395.55780311176125	-10.866131802518964
seelig_cm / by_cre	CTCCCGCTTCCGCGTCTCCGCGTCTCCGATCCGCCGCGTCGCGGAGCCGCCGCGTCCTTCCTCTTTCTTCCGAGTTATCTCTCTTGCGAGTTATCTCTCTTCCGCGTTATCCGCGCCGCTTCCTATCTCTCCTCCCTCCGATTGG	41344.0	-304.82613705772036	-304.81878232139223	4	3	1	-0.01470947265625	1.0	617.6522741154407	615.6375646427845	-2.01470947265625	652.1710044640098	641.5266124042113	-10.64439205979852
seelig_cm / by_cre	CTCCGACCTATCGGAAGAATCGTATCCGGATCCGCCAATTAACGCGTAACGCCTCAATAAATCAAGCGTTATCGGCGGGTGGCGCGTCGATCCTTATCAGACTCATCCGTAGGCGGCATCACCTCTTCTGAGGAAGATATCCGCA	51680.0	-527.678646582578	-527.6745572271093	4	3	1	-0.0081787109375	1.0	1063.357293165156	1061.3491144542186	-2.0081787109375	1098.768597718982	1087.907592869588	-10.861004849394021
seelig_cm / by_cre	CTCCGGAATGTTTGTACTTTGGTCTCCTGTACTGCCGTCAACATGCCCCGGCATGCCTGCCTCTGTTCATTAATACAGAATGTTCCACCTCTCTAATGTTTGTCTCTCACACCTCCGGAATGTTTGTACTTTGGTCTTTCTCCCC	51680.0	-607.7139009247212	-607.7065767059712	4	3	1	-0.0146484375	1.0	1223.4278018494424	1221.4131534119424	-2.0146484375	1258.8391064032683	1247.9716318273117	-10.867474575956521
seelig_cm / by_cre	CTCCTCACCGGACATGCCTGGGCATGTCCGCAGTTCGACCGCAGTTTATAGTTCACTATCTATTTCACAATTATGGTCTGCTGTATACAAGGGTCTAGGTGAATCAAACTTGACGTTGACCGCGATCTTTGTACAAAGGCGCGGC	51680.0	-3044.0997218165962	-3044.0975245509712	4	3	1	-0.00439453125	1.0	6096.1994436331925	6094.1950491019425	-2.00439453125	6131.6107481870185	6120.753527517312	-10.857220669706294
seelig_cm / by_cre	CTCCTCCTCTCCTCCTCTCCTCCGCTCCTCTGCTCTCTCGGTACATTCCCCGGCATGTTTGCACACAGGTCGCTCTCCTGCTCCCTCCTCCGCTCCTCCGCTGGTTACATCCCCCGGCATGCCTACTGCTCCCTCCTCTCCTCTG	41344.0	-290.1768069627511	-290.1799197557198	4	3	1	0.0062255859375	0.937110268325481	588.3536139255021	586.3598395114396	-1.9937744140625	622.8723442740712	612.2488872728665	-10.62345700120477
seelig_cm / by_cre	CTCTCCTGCTCTCTCGGTACATTCCCCGGCATGTTTGCTGCTTTCCCTTCCGCTCCTCCGCTCCTCTCCTGCCCTGCTTGCTCTGTACATACATCCCCCGGCATGTTTGCACACAGGTCGCTCCCCTGCTCTCTCCTCTCCTCCG	31008.0	-203.26068686677104	-203.2567500991929	4	3	1	-0.00787353515625	1.0	414.5213737335421	412.5135001983858	-2.00787353515625	447.88937579230407	437.53950174245733	-10.349874049846733
seelig_cm / by_cre	CTCTCTGCTCCTCTCCTCCGCTGGTTACATCCCCCGGCATGCCCTCCGCTCCTCTCCTCTCTGCTCCGCTCCTCCGCTCCTCCTCTCGGTACATTCCCCGGCATGTTTGCACACAGGTCGCTCTCTGCCTCCTCTGCTCCTCCTC	41344.0	-288.26856760574566	-288.2783942659019	4	3	1	0.0196533203125	0.8885096354221079	584.5371352114913	582.5567885318038	-1.9803466796875	619.0558655600604	608.4458362932306	-10.61002926682977
seelig_cm / by_cre	CTCTTCCAAGAGTCGTTATCGCGGATCGGATTATGATATGCGTCTTAGAAAAGTAATAAGGTGCTATTTCTTGCGAGAAAGCGGCGCCGCGTACTCACCCGTCGCGGAAGATACGCTTCACCCGACTCATGAGTCACTTGCTTAT	51680.0	-1018.2549449465208	-1018.2521373293333	4	3	1	-0.005615234375	1.0	2044.5098898930416	2042.5042746586666	-2.005615234375	2079.9211944468675	2069.062753074036	-10.858441372831294
seelig_cm / by_cre	CTCTTCTGCTCTCTCGGTACATTCCCCGGCATGTTTGTACCTTCCCCTCCCGCTCCTCTGCTCTTCCGCTGGTTACATCCCCCGGCATGCCTACCGCTCCTCTGCTTCCTCCTCTGCTCCTCCCCTCTCCTCTCCTGTTTGCACA	51680.0	-212.74489018365534	-212.74630925103816	4	3	1	0.002838134765625	0.9575134784451269	433.4897803673107	431.4926185020763	-1.997161865234375	468.9010849211366	458.05109691744576	-10.84998800369084
seelig_cm / by_cre	CTGAACGGGCACGGACCTGAATTCGGTCAGGTGGACTGCACAGCCGAGTGCCAAGGCACAACAACAAAGGTGACAGGACACCCGGCCAAGCCACCTTTGTTCAATGTCCGCTGGTATTCCTAGGGTGCACCGGACCACGCTCGCA	51680.0	-419.27753399850286	-419.27274273873724	4	3	1	-0.00958251953125	1.0	846.5550679970057	844.5454854774745	-2.00958251953125	881.9663725508317	871.1039638928439	-10.862408657987771
seelig_cm / by_cre	CTGAATATTTAACCTTGGTTGCTCAGGAGCTTCTGAATGTTTAACCTTTGTACAAACCCTAATTCTCTCTATCACTGCAAACATGCCAGGGCGAACATTCCCCATCATGTCTGGCACTACGACCACGACGGAATGTTTAACCTAG	51680.0	-724.441463059242	-724.4467731178357	4	3	1	0.0106201171875	0.9179201507121805	1456.882926118484	1454.8935462356715	-1.9893798828125	1492.2942306723098	1481.452024651041	-10.842206021268794
seelig_cm / by_cre	CTGACGGCGGCATGCCAGGGGGCCAGAGGGCTTTGTTTTGTTCATGTCAGGGGTAATGTTCGGACATTCTACCGGGATCAATGTTGACAGTACGTAGTCTGTCATGTTCGGACATGTGACCGAGGTCTTTGTTTGTTTCGTGCTG	51680.0	-3180.0909377511284	-3180.0855666573784	4	3	1	-0.0107421875	1.0	6368.181875502257	6366.171133314757	-2.0107421875	6403.593180056083	6392.729611730127	-10.863568325956294
seelig_cm / by_cre	CTGAGTCATAGAAGCGACAGCAGGAGCCGCGCGCTGCTACGAGTTAATAAGCAGGAAGCGCCGCCTCTTTTTCCGGCGTTGCGTCCGCGCGCGGCGTATCCTAGGGATAAGAAACTTCCTTATCATCCGATAAGGAAGTTCCTCG	51680.0	-2606.841810900738	-2606.844252306988	4	3	1	0.0048828125	0.9442914607802155	5221.683621801476	5219.688504613976	-1.9951171875	5257.094926355302	5246.246983029346	-10.847943325956294
seelig_cm / by_cre	CTGAGTTGGACCGATGGTATTTTGGTGGCAACTGTATGAGCTCACCGGTGAAACAGTTAGCACAACGGGAGGCATGCCCGGACATGTACAAAGGGCCCTCTGCCCCATTATGGATCAAGTCTATTTACGTCAGGAACGTCAAATT	51680.0	-9432.177776951765	-9432.125042576765	4	3	1	-0.10546875	1.0	18872.35555390353	18870.25008515353	-2.10546875	18907.766858457355	18896.8085635689	-10.958294888456294
seelig_cm / by_cre	CTGATGACGCGGAAGGCGGGACCCTACTAACTCCGCGTGGTTACGCTTACATCGCGAAATATATTCTCTTCTTATCAGATAAGCCCACCCTATCGGAAGGGGCGGCGCGTCACGAGAAACAGTCCTCAAGGACTGATGACTCATC	51680.0	-1689.2927407776463	-1689.3005532776463	4	3	1	0.015625	0.9005235503397742	3386.5854815552925	3384.6011065552925	-1.984375	3421.9967861091186	3411.159584970662	-10.837201138456749
seelig_cm / by_cre	CTGATGAGATGACGCGATATCGTTTTTATTGGCTAGATATGGGTGGGGCGCGCGCTTTATCTGGCTGATGAGATAAGGGTGGGTGTGGCTAGATGTGGGTGGGGGGGGCGCGCGCATGAGATATCGCGATATCGTTTTTATGAGT	51680.0	-2444.8129094568794	-2444.8082707850044	4	3	1	-0.00927734375	1.0	4897.625818913759	4895.616541570009	-2.00927734375	4933.037123467585	4922.175019985379	-10.862103482206294
seelig_cm / by_cre	CTGATTAGGGGAGACTTAGTCACAGCCTTTCCCGCAGACACGTTTTACTGCCTGCCCGCCCACACAGCAATTTCCTTCATTACCCAGTGCTGAGTGTTGGCTGGCGAGCCACAGCTCAGCCCAGTAATGAACAGGCTTCTGTTAC	51680.0	-771.9657904468423	-771.9603583179361	4	3	1	-0.0108642578125	1.0	1551.9315808936847	1549.9207166358722	-2.0108642578125	1587.3428854475105	1576.4791950512417	-10.863690396268794
seelig_cm / by_cre	CTGATTGGCTGAGTTGAGTCAAGTGGCCTCAGCCCGGCCCAATCAGCTGGGACTGGGGGAGGGCTGCCGTGGAGAACTAGCTGCCTTCCTGGCTGGGGAGAAGGAAGCAATGACTAGCATAGCAAACTCTGGGGGTAGTGACTTC	51680.0	-4016.7536052000523	-4016.7619059813023	4	3	1	0.0166015625	0.8974786746410168	8041.507210400105	8039.523811962605	-1.9833984375	8076.918514953931	8066.0822903779745	-10.836224575956294
seelig_cm / by_cre	CTGCACCGTAGACAAACAGGAGGTCCGTTTGATTGCCATGTTTTGTAATGTAGAGCTCAGGCCGACATAATACAAGCCCTTCGGCTCCCTTTTGTAGTGATCTCCGGACATGTTTAGGCATGCTCAACCGTACAAAGATCGCTCA	51680.0	-567.5763280565394	-567.5669286424769	4	3	1	-0.018798828125	1.0	1143.1526561130788	1141.1338572849538	-2.018798828125	1178.5639606669047	1167.6923357003234	-10.871624966581294
seelig_cm / by_cre	CTGCATCAACATGCCCCTGCATGCCGACCGCCTGTTCCCCTCTCCCACCTCCGGAATGTTTGTACTTCGGTCTTTCTCCCTTGTACCAACATGCCCCTGCATGCCGGCCTGTACACAGAATGTTCCACCTCTCTAATGTTCCACC	51680.0	-538.8074896970259	-538.7984564939009	4	3	1	-0.01806640625	1.0	1085.6149793940517	1083.5969129878017	-2.01806640625	1121.0262839478776	1110.155391403171	-10.870892544706521
seelig_cm / by_cre	CTGCATGACGGCCTCAACACAGAATGTTCCACCTCTCTAATGTTTGTCCTTCGGTCTCCCGTCAACATGCCCGGGCATGCCTCCGGAATGTTTGTACTTTGGTCTCTCTCCCTCCTCTACTGCTGTCACCTCGCTCTTGTACCAA	51680.0	-1216.4339896227075	-1216.44094763052	4	3	1	0.013916015625	0.9060944686087846	2440.867979245415	2438.88189526104	-1.986083984375	2476.279283799241	2465.4403736764093	-10.838910122831749
seelig_cm / by_cre	CTGCGTCAAGAATGGGTCTGATAACGCGTCTTATGAGTTACATGCGTTATATCTCCTTAGGAAGCGCCTCATCGATACTACGCTTCCCGTCCTCTTATTGGAGCCATATGCGGCGAAAAGATACGGCGCTTCCAGGAACTCACTA	51680.0	-1342.8950629129415	-1342.896649827004	4	3	1	0.003173828125	0.9550735520619895	2693.790125825883	2691.793299654008	-1.996826171875	2729.201430379709	2718.3517780693774	-10.849652310331749
seelig_cm / by_cre	CTGCGTCCAGGGGGCAGAGTGTGATGACATCACCCACATGCACAGGAACGATAAGGCTTTCTTAAAAAACGATCTTTTCTCAACAGCTCCTCAAAAGGAGCTGAGGCAATGCATAGCCCTGCAGGAAGAGACTGGAAATGGTCTT	51680.0	-5306.4478987639595	-5306.4398421233345	4	3	1	-0.01611328125	1.0	10620.895797527919	10618.879684246669	-2.01611328125	10656.307102081744	10645.438162662038	-10.868939419706294
seelig_cm / by_cre	CTGCGTCTTTCCGATTAGCCCCGCCCCCATGCGAGTTATCGGTTCCGCGAGTGACTCTTCCTTTTCTTTCCTTCCTTCTTTTCTTCTTTGTCGCGCGCGCAAGTGATTTCTTCCTCCTCCTTCTTATCAGCCCCGCCCCTTTTTT	51680.0	-543.4601608605401	-543.4604050011651	4	3	1	0.00048828125	0.982370510217358	1094.9203217210802	1092.9208100023302	-1.99951171875	1130.331626274906	1119.4792884176995	-10.852337857206521
seelig_cm / by_cre	CTGGCTAATTTTTGTATTTTTCCGTACGCCACATTTCCCGCGCCCCACCGCGGGGCGGGGATTCGGCGCTGGGCTCTTCCCTGTTCACTCGCCATTACTGAGGGAATCCTGGTTAGTTTCTTTTCCTCCGCTGACAAATATGCTT	51680.0	-1611.232380555799	-1611.234089540174	4	3	1	0.00341796875	0.9533795178296435	3230.464761111598	3228.468179080348	-1.99658203125	3265.876065665424	3255.0266574957172	-10.849408169706749
seelig_cm / by_cre	CTGGCTGTAAGCTGACCTCACCCCCGAAGCGTTTGCACATGTCTCCATTGACATCCATTGAGGATGGTACAACGCTCGTAACATGTCTATCACGCGACTCTAGTGACCTTCGTAGTCTATTGTCACACGCCTAAGGAATATAGTG	51680.0	-837.8776983904553	-837.8875250506115	4	3	1	0.0196533203125	0.8885096354221079	1683.7553967809106	1681.775050101223	-1.9803466796875	1719.1667013347364	1708.3335285165927	-10.833172818143794
seelig_cm / by_cre	CTGGGAAGTGGGGGATGAAGCTTGCTCAGTGCAGTCTGAGCCGTGGTGATAAACATATCACTTTATGGTCCACTGACCTCACCAAGGAACCTCCTTTCCCTACTGCTCCTCTCTCCACGGCATGGCCCGGTGACTCATACTCAAC	51680.0	-1255.6715619018933	-1255.6588665893933	4	3	1	-0.025390625	1.0	2519.3431238037865	2517.3177331787865	-2.025390625	2554.7544283576126	2543.876211594156	-10.878216763456749
seelig_cm / by_cre	CTGGGGAATGTGCAGGGGAGAGTTCAAAGTTTGTATTATGCATGCGGGCATGCTGGGGAATGTACAAACATTCTGTGGATTGTTTGTACAAACATTCTGTTTGTTTTACAGGCATGCTGGGGAGTGTGGATTTTTTTTGTGTAAT	51680.0	-4904.402493313234	-4904.389309719484	4	3	1	-0.0263671875	1.0	9816.804986626468	9814.778619438968	-2.0263671875	9852.216291180293	9841.337097854337	-10.879193325956294
seelig_cm / by_cre	CTGGGGGGGGGGGGCCCTGGGGGGGGGGCCCCCCCCCCCGCCCTTGGCTGAGTCATCTCGCGGGGGCGCGCTTCCGAGATACGCGGATCCGGGGGGCCCGGCCTATCGGCGCGGATCCGCTTCCAGATATCGCGGGGCGGCCGTC	41344.0	-115.47551250076833	-115.48395824051443	4	3	1	0.0168914794921875	0.896592357620078	238.95102500153666	236.96791648102885	-1.9831085205078125	273.46975535010574	262.85696424245566	-10.612791107650082
seelig_cm / by_cre	CTGGGTCTCTTGGTGATATAATTAGCTGTTTTCTTCCAGTGGTGAGTGGGTGGCTCACTCTTCTGGCACCCTGCAAGGCCGCATGATGATGCAACAATGCAACAAAAGACAAGCCCGGGCAAGGCCAGCGGGAGCTCTGCCGGCC	51680.0	-5731.770658190491	-5731.762845690491	4	3	1	-0.015625	1.0	11471.541316380983	11469.525691380983	-2.015625	11506.952620934808	11496.084169796351	-10.868451138456294
seelig_cm / by_cre	CTGGTGGGGACAGATAAGTGGCCACGGTACGGCTGGTGGGGACAGATAAGCGTCCTGGTGGGGACAGATAAGCTTACTGGTGGGGACAGATAAGGTACTCTGGTGGGGACAGATAAGCGAGCATCTGGTGGGGACAGATAAGCAG	51680.0	-4523.412451152581	-4523.402685527581	4	3	1	-0.01953125	1.0	9054.824902305161	9052.805371055161	-2.01953125	9090.236206858986	9079.36384947053	-10.872357388456294
seelig_cm / by_cre	CTGTCAAACCATGTTGTGACAACATTCCGTTGGTGGACAAAGTTCACAGTCAAACTCCCGGGTACATTACGTAATAAGGCAGACACATCGACCCTCAGTGCATGCCTGGACATGTCCGGGCTTGTTGTTTGAACAAAGTCCCCTT	51680.0	-2230.0091055392554	-2230.008006906443	4	3	1	-0.002197265625	1.0	4468.018211078511	4466.016013812886	-2.002197265625	4503.429515632337	4492.574492228256	-10.855023404081294
seelig_cm / by_cre	CTGTGGACATGCCCGGGCATGCAACATGCCCGGGCATGCCTCTACATGCCCGGGCATGCGTCACCATACATGCCCGGGCATGGCAGACCGGGAAACACATGCCCGGGCATGGACATGCCCGGGCATGAAACATGCCCGGGCATGT	51680.0	-2525.995552155545	-2525.998970124295	4	3	1	0.0068359375	0.9341062040117134	5059.99110431109	5057.99794024859	-1.9931640625	5095.402408864916	5084.556418663959	-10.845990200956294
seelig_cm / by_cre	CTGTGGACATGCCCGGGCATGTTTGGACCGGGGCATGTTTGGACATTGGTGCAGCGGGCGACCGTGCGACCTTTGGACCTTTGCACCGGCATGCCGGGCGACCGGCATGGTGGTTTGTGCAGCGGCATTCCGTGATCTTTGGACA	51680.0	-1845.086136727022	-1845.082718758272	4	3	1	-0.0068359375	1.0	3698.172273454044	3696.165437516544	-2.0068359375	3733.58357800787	3722.7239159319133	-10.859662075956749
seelig_cm / by_cre	CTGTGTGACCCCTGAGTCACCGTCTGCCTGCCTCACTGCTGTGAGTCAGCGGCATTCTTTGTGGCTGAGAGCAGCGCAGCTCAACCTCAGGGCCCTTCCCCTGTACCTTGGTGAGCCTGGCACATCCTCCAGCTAGGCTAGGAGT	51680.0	-623.9871452443393	-623.9792717091831	4	3	1	-0.0157470703125	1.0	1255.9742904886787	1253.9585434183662	-2.0157470703125	1291.3855950425045	1280.5170218337357	-10.868573208768794
seelig_cm / by_cre	CTGTGTTTGTGTACAGGACTTTGGGACCATACCAGAGGCCTTGGGTTAATGTTCACCGGCCTGTAGTGTGAACGTGAACCAGGTGCACTGCATGCCGGCAGGCATGAAGATCAAAGCACGGTAGGACACGTAACAATGTCGGTGG	51680.0	-1857.8479947224102	-1857.8592251911602	4	3	1	0.0224609375	0.8808673898817219	3723.6959894448205	3721.7184503823205	-1.9775390625	3759.1072939986466	3748.27692879769	-10.830365200956749
seelig_cm / by_cre	CTGTTATGCATGCGGGCATGCTGGGGAAAGTACATTGGATTGTTTGTTCAAACATTCTGTTTGTTTGATTTTTTGTTTGTTTGTTTGATTTTGTATTGAAAGTTCAAAGTTTGTAATGTTCAAACTTGCTGGGGATGTTTTGTTC	51680.0	-3339.7068464203926	-3339.7068464203926	4	3	1	0.0	1.0	6687.413692840785	6685.413692840785	-2.0	6722.824997394611	6711.972171256155	-10.852826138456294
seelig_cm / by_cre	CTGTTGCCCAGGGGACCAAGGGCTGGGGACAGTTCTAAGCCGAGGACTGGGTCTTGGGGACACTCGGGCCTCTGGAAGACAAGGCGGGTAGGGTGTCACCTGGGCTTCCCCCCAGGCCGTCTCAGCTCACTGCGCCCCTCCCCGC	51680.0	-214.75721837256785	-214.74435521338816	4	3	1	-0.025726318359375	1.0	437.5144367451357	435.4887104267763	-2.025726318359375	472.9257412989616	462.0471888421458	-10.87855245681584
seelig_cm / by_cre	CTGTTTGTTTGATTTACTGTGGAATGTTTGTACAAACATTCTGTTTGTTTTACAGTCATGCGGGCATGCTGGGGAATGTACATTGGTTTGTTTATGCATGCGGGCATGCTGGGGAAAGTTCAAAGTTTGTATTAGTTTTACATTC	51680.0	-10745.37454060542	-10745.32668904292	4	3	1	-0.095703125	1.0	21498.74908121084	21496.65337808584	-2.095703125	21534.160385764666	21523.21185650121	-10.948529263456294
seelig_cm / by_cre	CTTACCGCCTTTGTTTGAATGTTCAAACATGCCCGAACATGTCCAATTACATAACTACCCTACCGTGAGTTTACACAAGACCGACCTACCTACCGACCGAACATGTTTAATACCTACCCTGTTTGTTCAAACATGCCTGACCTTA	51680.0	-1046.2971231133133	-1046.2932778984696	4	3	1	-0.0076904296875	1.0	2100.5942462266266	2098.586555796939	-2.0076904296875	2136.0055507804527	2125.1450342123085	-10.860516568144249
seelig_cm / by_cre	CTTACTTCCTGGAAGGGGGGGTTTCTCGCAGATACGCTTTCTTATAGGCCTATAGCGGTTGTGAGTCACTTCCTTTTTCGCTGGATGACTCATATCTTTGCTTATAGGATGTAACTCACTCTTCCTCGCCGATAGCGTCTGTGGG	51680.0	-22493.42387763175	-22493.195850288	4	3	1	-0.4560546875	1.0	44994.8477552635	44992.391700576	-2.4560546875	45030.25905981733	45018.95017899137	-11.308880825956294
seelig_cm / by_cre	CTTATAAGCCGCATGCGCATGAGTCGCTTCCTAAGACTGAGGAAGCGTCTCGGCCCGCCTAATAACATAGAGCCGCCTCGCGCCTATAGCTAGATATCGCGAGTCAGCTACGGGTGGGGCACCCGCTTCTAGTATCGCGAAAAGC	51680.0	-443.88068912699265	-443.8837714023833	4	3	1	0.00616455078125	0.9374186745649827	895.7613782539853	893.7675428047665	-1.99383544921875	931.1726828078113	920.326021220136	-10.846661587675271
seelig_cm / by_cre	CTTATAAGGATAGAAGGATAAGTAAGTTATTTCTCGGAAGAAGACGCGTTATCGGTCTTATAAGTATGGTTTCTCATAAGTTATCGGGGAGATAAGGATGCGCGATATCGCGGATGAGGAAGTAATTTCGCGGAAGGGCGGTTTC	51680.0	-1577.0819077763883	-1577.0668931279508	4	3	1	-0.030029296875	1.0	3162.1638155527767	3160.1337862559017	-2.030029296875	3197.5751201066028	3186.692264671271	-10.882855435331749
seelig_cm / by_cre	CTTATATGCGGATACGATATCGTCACGCAAGTGCCGCCACCGGTTGCGCACACCCGCATATAGCGTATCGCAATAGCGCGCAAGTTATCTTCCGGCACTTCCTCCAAAAGCGAACCGCTCGGGTGATAACGCATCGGGGAGAAAA	51680.0	-964.7352343076116	-964.7459154599553	4	3	1	0.0213623046875	0.8837962724511885	1937.4704686152231	1935.4918309199106	-1.9786376953125	1972.881773169049	1962.05030933528	-10.831463833769021
seelig_cm / by_cre	CTTCATGCGATTTCTTATCTCCTCTTTCGCGTGAGTCACTTCCTTTCCCTGCGTCTTTCCGATTAGCCCCGCCCCTTATCTCTTCCTCCTTCGGGTGAGTCACTTCCTTATCAGCTCCTCCTTCGGGTGAGTCACTTCCTTTTCT	51680.0	-1522.1396160254817	-1522.1298504004817	4	3	1	-0.01953125	1.0	3052.2792320509634	3050.2597008009634	-2.01953125	3087.6905366047895	3076.8181792163327	-10.872357388456749
seelig_cm / by_cre	CTTCCGCTTTCGCGTGTGTTATCGCGTTATCGAGTTATCTCTTCCGTTTCCGATTGGGCGCGCCCTTCCGCGATGTAGCTTCCTATTTCTTCGGCGAGTTATGTCTTCTCTCGCCGATCGGCGGGTGTTCCTCTTGGCGGATCGG	51680.0	-2926.4023967950598	-2926.4094768731848	4	3	1	0.01416015625	0.9052781645017932	5860.8047935901195	5858.8189537463695	-1.98583984375	5896.216098143946	5885.377432161739	-10.838665982206294
seelig_cm / by_cre	CTTCCTTATAGGATGTAAGTCACGCGTTTTCGCTGGATGACTCATATCCTGGATGCGGGTCTTCCAGGAAGTGACTCTTCCTTATTTTCCTATAGGCCGGAACCGTGTGTGAGTCACTTCCAGGAAGTAAGTCACGCTGTGTCGG	51680.0	-6782.991255403976	-6782.967817903976	4	3	1	-0.046875	1.0	13573.982510807951	13571.935635807951	-2.046875	13609.393815361776	13598.49411422332	-10.899701138456294
seelig_cm / by_cre	CTTCCTTATCGGATGTAAGATATCGTCACTCCCCGGAACCGTTTGTGAGTCACTTCCTTTCAGATAGGATGACTCATATCCTGGATGTGACTCTTCCTTATAGGCCGGAAGGGGGGGTTTCTCGCAGATACGCTTTCTTATAGGC	51680.0	-9263.956387766979	-9263.905362376354	4	3	1	-0.10205078125	1.0	18535.912775533958	18533.810724752708	-2.10205078125	18571.324080087783	18560.369203168077	-10.954876919706294
seelig_cm / by_cre	CTTCTGTGCCAGGTTCTGTGCTGGGCCTTGGGATATAAGCAGCATGGCCCTCCCTTGTGGGGCGCGTGGGGAGAAGGATGTTAAATAATCTAAAAAAGGGGCCTAAAACTCAATCTTTGAAGGTGAGCTGCAGGGTGGTGTGGTC	51680.0	-913.5094155584528	-913.5088052068903	4	3	1	-0.001220703125	1.0	1835.0188311169056	1833.0176104137806	-2.001220703125	1870.4301356707315	1859.5760888291502	-10.854046841581294
seelig_cm / by_cre	CTTGACCTGTTAGTTATGTAACCGAGCTTTGAACTACGGTCAGGTTTGTACAAAGGTCAATGGACTATCACTGTTAGGGAGAGGGGGGCATGCTGAGCTTTGTACATGCCCGGGCATGTTTGCTGCTGTCATGCTTGTTATGTAA	51680.0	-20871.561855836753	-20871.350430055503	4	3	1	-0.4228515625	1.0	41751.12371167351	41748.70086011101	-2.4228515625	41786.53501622733	41775.259338526375	-11.275677700956294
seelig_cm / by_cre	CTTGACCTGTTAGTTATGTAACCGGGGGGGTGTACAAAGGTCAAAGGAGCAAGGGACATGCCCGGGCATGTTTGCTGCTGTAGAAAGGTCGGTCGACTAGACTTGTTAGTTATGTAACCGAGCTTTGAACGTGACAGGGGGGGAG	51680.0	-16931.473147871817	-16931.37427091869	4	3	1	-0.19775390625	1.0	33870.94629574363	33868.74854183738	-2.19775390625	33906.35760029746	33895.30702025275	-11.050580044706294
seelig_cm / by_cre	CTTGCTTTGTTACCAATAAGATTGGCTCTGGAGAGCATGCGCAGACAATGGGCCTCCTGATGTTGACCACCAGGATTGGGCAGACCACCATCCAGCCACAAGGGGCGCTAGAAAGCTGCTGCCCTTGCCTTCACTGCCAGGGCTA	51680.0	-2994.377763462707	-2994.380937290832	4	3	1	0.00634765625	0.9364979863203111	5996.755526925414	5994.761874581664	-1.99365234375	6032.1668314792405	6021.320352997034	-10.846478482206294
seelig_cm / by_cre	CTTGTTGCACTCTTCGATCCTGCCGTAATTACCGTGTTTGTACAAAGATCGACGTCAAGGCCGTAGTGGGCAACCTACCGGCGGAAGCCCTGTAGACATGTCTGGGCATGTCCCGCGGGACGCAGTTCATGGTCGCCTTTCGTCC	51680.0	-1830.183447419228	-1830.1789308176656	4	3	1	-0.009033203125	1.0	3668.366894838456	3666.357861635331	-2.009033203125	3703.778199392282	3692.9163400507005	-10.861859341581749
seelig_cm / by_cre	CTTTAACACAGTTCTGCCCGAAGTCCCAGAGCTGGGTCTCATTGGTCCATTTCAGGTCACATGACTCGTGTGAGACAATCTCCTGTGTTCCCATTGGCTGGGCCGGAGTCGTGTGACCAGCTATGACTACAAAAGATGGAGTCAA	51680.0	-1748.3223898836236	-1748.3304465242486	4	3	1	0.01611328125	0.8989893910429374	3504.644779767247	3502.660893048497	-1.98388671875	3540.0560843210733	3529.2193714638665	-10.836712857206749
seelig_cm / by_cre	CTTTATTGATTTATTGGCGCTTCTTTTTTCTTATTTATCGGCGCCTCCTTTCTCGCTCGCTTTTTTTTATTGACCGATTGGCTTATCCGCTCCCGCCCCCCCTTTTTTATTTATCCCCGCCCCTTTCTCTTTTCTGATTTATCGC	51680.0	-1955.8546420882546	-1955.8514682601296	4	3	1	-0.00634765625	1.0	3919.7092841765093	3917.7029365202593	-2.00634765625	3955.1205887303354	3944.2614149356286	-10.859173794706749
seelig_cm / by_cre	CTTTGATCATGCCCGGACATGTTCCGTTGTGCCACCATTGAATGTACAAAGTTCGGTCATGTTCAGAGACCTGACGCAAAGGATGAGCGGGTCAGGTGGCAAACATTCCTGGTCAACTCAAGGCACCCAGGGGGTGGGGAAGCAA	51680.0	-4753.945371080148	-4753.934873033273	4	3	1	-0.02099609375	1.0	9515.890742160296	9513.869746066546	-2.02099609375	9551.302046714121	9540.428224481915	-10.873822232206294
seelig_cm / by_cre	CTTTGGACTTTGGTGACCCCAGGTACAAAGGACCTTTGACCGTAATACAGCATGCAGTGCGCAAGCCAGGACAGGATTGCAAGTGAACATGCCCGGGCATGTGACCAGGGACTCTGCAATCAAAGCTCTGTACGGGCAAGCCATG	51680.0	-2520.4839562829657	-2520.4949426110907	4	3	1	0.02197265625	0.8821598636253973	5048.967912565931	5046.989885222181	-1.97802734375	5084.379217119757	5073.548363637551	-10.830853482206294
seelig_cm / by_cre	CTTTGTACATGCCGGGGCATGTTTGGACCTTTGGACATTTGGACAGTTTTGGACCTTTGCTCACCGGGCGGCATGCCCGGGCATGTTGGGACATTTGGTCAGACATGCCGGGGTTTGTCTACCGGGATTCCGTGACCTTTGTACA	51680.0	-4904.79367215745	-4904.77121121995	4	3	1	-0.044921875	1.0	9817.5873443149	9815.5424224399	-2.044921875	9852.998648868725	9842.100900855268	-10.897748013456294
seelig_cm / by_cre	CTTTGTGCACCGGGCTTTGCACCGTGGGGGACATGCCCGGGCATGTACATTCCGCTTTGGTCACAGGCCGGCATGCCCAGGCATGTCTACCGGTTGGGGGTGACCGGTGGACATGCCCGGGCATGTCGGGGCAGGCATTCCGTGG	51680.0	-7397.466184091365	-7397.421262216365	4	3	1	-0.08984375	1.0	14802.93236818273	14800.84252443273	-2.08984375	14838.343672736555	14827.401002848099	-10.942669888456294
seelig_cm / by_cre	CTTTTGGCCCCGGTGCATGCCCGGGCATGCCGGCATTGACCTTTGTTCCTTTGGACATGCCCGGGCATGTTTGGACCTTTGGACAGGGGGAGGGCGGGCGGCCGGCATGCCGGCATGGCTGTTTGGACATGCCGGGGCATGTCCA	51680.0	-3582.1372277368982	-3582.1367394556482	4	3	1	-0.0009765625	1.0	7172.2744554737965	7170.2734789112965	-2.0009765625	7207.685760027623	7196.831957326666	-10.853802700956294
seelig_cm / by_cre	GAAAGAAGAGGAAGCCACTCCGCGGAACCGCGGGCAGATGAGTCAGCCCCTCCGCGCCGATATGAGTCACCCCCCATATCCGCCCCCCCGCGCGCCCGCGCGTCCGGCTAAGAAGATAAGGAAGCGGATCCGCGTGAGGAACCCC	51680.0	-882.6333457845673	-882.6243125814423	4	3	1	-0.01806640625	1.0	1773.2666915691345	1771.2486251628845	-2.01806640625	1808.6779961229604	1797.807103578254	-10.870892544706294
seelig_cm / by_cre	GAAATCGGAAGGGCGAGAAAGCGGAAGTCACTTCCTGAAAATAACTTATAAGCTTATAGGATGAGTCATCAGCTTATAAGGAAGATGACTTAGAGGGCGGGACTTCCTCCAATAGGATGAGTCATCAGCATATAAGGAAGTTAAC	51680.0	-16415.113043934994	-16415.009528309994	4	3	1	-0.20703125	1.0	32838.22608786999	32836.01905661999	-2.20703125	32873.637392423814	32862.57753503536	-11.059857388456294
seelig_cm / by_cre	GAACCTAGATCAAACAAACAATGCATCGAATTTCGGTCGGCATGAAGTGCACCTGACATGCCCGGGCATGTCCCCCAGACTGAGTGTATGTACAGACCGGGCGACCCTGCTGGGCCTTTGTACTGAATGCGCACAGAGAGAAGAA	51680.0	-8998.032381523382	-8997.970858085882	4	3	1	-0.123046875	1.0	18004.064763046765	18001.941716171765	-2.123046875	18039.47606760059	18028.500194587134	-10.975873013456294
seelig_cm / by_cre	GAACCTCCAACCCATGTTTTGTGCAGATAAGGGAACGTGCACAGGGAGCTTGTCTAAACATGTCCCTAGTGGACGAAGGTCCCACATACGCACTGGGGGAGGGCGGTGGAGCCACCAGGAATTCATGCCTTATACGAACAGGGAA	51680.0	-3437.1965726326994	-3437.1855863045744	4	3	1	-0.02197265625	1.0	6882.393145265399	6880.371172609149	-2.02197265625	6917.804449819225	6906.9296510245185	-10.874798794706294
seelig_cm / by_cre	GAACGATACGCGGTTCTTGGAAAAGATATAAAGAAGCGCGGACCCATGGATCGGTCCGCGTATCTTAAAAAAGATATGACTTAAGGAAGTTATGAGATAGGGCGGGTCCACGGGGACGCGGGGCCACGGAGACGCGGAACCGCGG	51680.0	-731.7183507832017	-731.7146886738267	4	3	1	-0.00732421875	1.0	1471.4367015664034	1469.4293773476534	-2.00732421875	1506.8480061202292	1495.9878557630227	-10.860150357206521
seelig_cm / by_cre	GAACGATACGCGTTTCTTGGAAAAGAAATAAGGAAGCGCCGTTATAACTTAAGGAAGTTATGAGATAGGGCGGGTCCACGGGGACACGGAAGCGCGGACCCATGGGTGGGTCCGCGAATGGTAGCATAGATATGACTTAAGGAAG	51680.0	-5506.389934369805	-5506.379192182305	4	3	1	-0.021484375	1.0	11020.77986873961	11018.75838436461	-2.021484375	11056.191173293435	11045.316862779979	-10.874310513456294
seelig_cm / by_cre	GAACGATACGTGGGTCCGCGAAAGGACCCGCAGATATAAGGAAGCGCGGAGCGATACGCGTTTCTTGGAAAAGATATAAGGAAGCGTCCTTATATCTTGAGGAAGTGATGAGGTAGGACGGAAGCGCGGACCCATGGGTGGGTCC	51680.0	-953.2865675640573	-953.2926100445261	4	3	1	0.0120849609375	0.9124636058769514	1914.5731351281147	1912.5852200890522	-1.9879150390625	1949.9844396819406	1939.1436985044215	-10.840741177519021
seelig_cm / by_cre	GAACGATACGTGGGTCCGCGAACGGACCCGCAGATATGACTTAAGGAAGAGGCGTAGAACGATACGCGGTTCCGCGAACCGTAGGATACGCGGTTCTTGGAAAAGATATAAAGAGATAAGGAAGCGCGGACCCATGGGTGGGTCC	51680.0	-1567.9041935211476	-1567.907001138335	4	3	1	0.005615234375	0.9402665342404589	3143.808387042295	3141.81400227667	-1.994384765625	3179.2196915961213	3168.3724806920395	-10.847210904081749
seelig_cm / by_cre	GAACGGAACGACAACGGATGGTGATGGACGTTGATTGATCTTTGTCCATTGTTGTTTGTTTGTCCAGTTCGGTGACCGACGTTCACACCGGCCGTCTTCATTGGTCTGTCGGCATGTTTGCCCAGACATGCCCCGGAAGTCACGA	51680.0	-2440.2513692919315	-2440.2560079638065	4	3	1	0.00927734375	0.9232672462079756	4888.502738583863	4886.512015927613	-1.99072265625	4923.914043137689	4913.070494342983	-10.843548794706294
seelig_cm / by_cre	GAAGAGCGGGCGGAAGTATGCGATAAGCGAGCGAAGACGCCTCCACCCTCTCTCCCGCCAGAAGTGACGTCAGTCACGTGGGAGGACAATGGTGAGAAGAGGGAACCTAAGAATTCCTGGACTCTGACTGGGCGTGAGAAATGGC	51680.0	-3011.0293264794573	-3011.0344534325823	4	3	1	0.01025390625	0.9193428193266743	6030.0586529589145	6028.0689068651645	-1.98974609375	6065.469957512741	6054.627385280534	-10.842572232206294
seelig_cm / by_cre	GAAGGAAGTTCCTTATCACAAAGTAACTGATTCGTCGATAAGCGACGATCAGTAAGCGTCACCAATGCGTCATCCGCTTACGACGAATTCTTTCTTTTTATGACTCATAAAATCCCATATATCCTATGCGTCGCTTTATCGGTGA	51680.0	-5946.442643561395	-5946.440202155145	4	3	1	-0.0048828125	1.0	11900.88528712279	11898.88040431029	-2.0048828125	11936.296591676615	11925.438882725659	-10.857708950956294
seelig_cm / by_cre	GAAGGACGCGCCCCTATCGCGCCGCGCCACCCACGATATATCGCGCCGGGCCCGTATCTCCCCGGAAGGATAAGGATAAGTCAGCGTATCGCGGCGGAAGTAAGGAAGTGACTCACCGCCCGGATGACTCACCCCCACGAAACGC	51680.0	-2674.199236671888	-2674.195574562513	4	3	1	-0.00732421875	1.0	5356.398473343776	5354.391149125026	-2.00732421875	5391.809777897602	5380.949627540395	-10.860150357206294
seelig_cm / by_cre	GAAGGAGAGGGACATGTCCGGGCATGCCGGGAGCAATGGACAAACATGCCGGGAGGGCAGGGGAGCAATGAACCAATGTACAAACATAACAAAAAGAGAGAGAGAAAAAGAGGGAGAGAACAAACATGCCGGGGCATGTCCAGAG	51680.0	-4463.696450556913	-4463.677163447538	4	3	1	-0.03857421875	1.0	8935.392901113826	8933.354326895076	-2.03857421875	8970.804205667651	8959.912805310445	-10.891400357206294
seelig_cm / by_cre	GAAGGGAGGAGATGACTCACCCTATCGCCCCCAGGGCGGCACCAAAAGGAGATAAGGAAGCGGAAGGATGAGTCAGCGTATGGGCCGGACGATAACTCAGCGTATATCCGCGGAAGGACGCGCCCCCCAGCGCCGCACCCAATCA	51680.0	-12545.5662523762	-12545.48568596995	4	3	1	-0.1611328125	1.0	25099.1325047524	25096.9713719399	-2.1611328125	25134.543809306226	25123.52985035527	-11.013958950956294
seelig_cm / by_cre	GAAGTCACTACCCCCAGAGTTTGCTATGCTAGTCATTGCTTCCTTCTCCCCAGCCAGGAAGGCAGCTAGTTCTCCACGGCAGCCCTCCCCCAGTCCCAGCTGATTGGGCCGGGCTGAGGCCACTTGACTCAACTCAGCCAATCAG	51680.0	-1559.5084405449154	-1559.511248162103	4	3	1	0.005615234375	0.9402665342404589	3127.016881089831	3125.022496324206	-1.994384765625	3162.428185643657	3151.580974739575	-10.847210904081749
seelig_cm / by_cre	GAAGTCTATGATGAACTTGCAAACTAAGGTATCTTGGATAAAATGAAGGGAACTGTGTCTGCTGTGGGCAGATTATCTGCGAATGAGAGGATTCAGGGCTGAGATATCAGCAGGCCAGTGCTGGGTCTGTTGTAGAAGGTCTATG	51680.0	-2531.2001238437133	-2531.1974382968383	4	3	1	-0.00537109375	1.0	5070.400247687427	5068.394876593677	-2.00537109375	5105.811552241253	5094.953355009046	-10.858197232206294
seelig_cm / by_cre	GAAGTGAGATAAAAATCAACTCCTGACTCCTGGGCGAGTGTCCAAAAGCAATCTACATAAAACCCTTTGGCCGCCCGGAATTCCTCCTGCTCAGACATGCCGGGACATGCAGAGCTCTGCCAACTCCAGCCCCCGCGCCCCCGTT	51680.0	-350.1553248413395	-350.14562025149576	4	3	1	-0.0194091796875	1.0	708.310649682679	706.2912405029915	-2.0194091796875	743.721954236505	732.849718918361	-10.872235318144021
seelig_cm / by_cre	GAAGTGAGGAAGCGCGATATCTCGGAAGGATGCGCGGATGAGTTATTTCTTATAAGAAATAGGACGCGGTTTCTTATAAGTAAGCGCGGAAGCTTTCTTATGAGTTATCGCGGAAGGAAGGAGATAAGGAAGCGCTTTATCTTTC	51680.0	-1527.5964413798936	-1527.595098606456	4	3	1	-0.002685546875	1.0	3063.192882759787	3061.190197212912	-2.002685546875	3098.6041873136132	3087.7486756282815	-10.855511685331749
seelig_cm / by_cre	GAAGTGGACGTTTGTACTCTGGCCTGGACATGTCGACATGCCCAGACATGCCTGGATTATGCAACATTCAATGGTCGAGTGACTACCGGCGTACAAAACCCGGGGAAGTGACGGGGCAAGGTCCAATGCGCATTCCACCGGAAGT	51680.0	-8081.553194305557	-8081.520967743057	4	3	1	-0.064453125	1.0	16171.106388611113	16169.041935486113	-2.064453125	16206.517693164938	16195.600413901482	-10.917279263456294
seelig_cm / by_cre	GAATTACGTTAATCGCGCGTATCTTATCGGCGGAAAGTCGGGGGGTCGAGACGCTTACTCATCGCCGGACGGGCCGATAAGAAACGCTGACTCGCAAGATCGCATAGGTTCCGATTTGTCGGATGAAATCCCGCAAAACTTCGGG	51680.0	-1218.7822586469142	-1218.7950760297267	4	3	1	0.025634765625	0.8727955222481145	2445.5645172938284	2443.5901520594534	-1.974365234375	2480.9758218476545	2470.1486304748228	-10.827191372831749
seelig_cm / by_cre	GAATTCCCTCTGGCTCCACCCACTTCCCCCCATGTGCATATCAGGATCCAGTCAGTTATGGGCATGCCCAGACAAGCCCTGGGCAGGTTCCCTCTGTGCAAAAGTATCTGATGTAAACACTTGTGGGGCAGGTTGGAGATTCTCT	51680.0	-10413.37456054375	-10413.3193847625	4	3	1	-0.1103515625	1.0	20834.7491210875	20832.638769525	-2.1103515625	20870.160425641327	20859.19724794037	-10.963177700956294
seelig_cm / by_cre	GAATTCTAAGTAATCTACTGGGTGACCCAGGAAACGTTCCTTGTGTGTTTGATTACATTCCGGTCATGTAATGGTTCAAAGTCCGTGACGCAATGGTAAACTACGGCCGCAGACATGCCCGGGCATGTCTGTAGGTCTGAAGTAC	51680.0	-16615.962726959013	-16615.840168365263	4	3	1	-0.2451171875	1.0	33239.925453918026	33237.680336730526	-2.2451171875	33275.33675847185	33264.238815145894	-11.097943325956294
seelig_cm / by_cre	GACAACGAGCCTACCTTATCCACGATTCGCGGATCTTATAATAAGGATGCGCGTTTCTTCATCAAGATGACGCTTCATCCGCGGATGACTCGTCCTCGAGAGACGCGATATCTGTCTTATCTGCAACGAAAGCGATACGCAAGGC	51680.0	-460.0522936803979	-460.047685526101	4	3	1	-0.00921630859375	1.0	928.1045873607958	926.095371052202	-2.00921630859375	963.5158919146218	952.6538494675715	-10.862042447050271
seelig_cm / by_cre	GACATTGGCCGTCAATGATCACTAATGTACGCATCGGTCGACTATGTCCACTGTGGACTTTGGTCGTCGGTCGACATGTCCAGACATGCGTCGGTGACCTTTGTTCGTTGGTGGTCCGGTGAACATTGGACCATTGGACTTTGGA	51680.0	-5759.288161328512	-5759.260329297262	4	3	1	-0.0556640625	1.0	11526.576322657023	11524.520658594523	-2.0556640625	11561.987627210849	11551.079137009892	-10.908490200956294
seelig_cm / by_cre	GACCAAAGATCGCGGCCTGAGTCCTGTGAACTTTGCCACCGTTTGTTTTTCGGCCGGCAATGATGTCAGTGGTTGTTCCGTCATGGTCAGGGCAAGCGGGGAGCATGCCCACTTCCGGTCGCCGGACTTGCGCGGGCTTGTTTAA	51680.0	-4568.631403854108	-4568.637263229108	4	3	1	0.01171875	0.9137948648205594	9145.262807708215	9143.274526458215	-1.98828125	9180.67411226204	9169.833004873584	-10.841107388456294
seelig_cm / by_cre	GACCAACACCGAATCTTCGATAACTGGCGCGGATTAAATCGTAAGTCGTCCCGCAATGGGCGACGCGTTTTCAGGATAAGTCATCTCCTTCTCGGCCGATGACTCATGAGATAGTCGCGAAGCGGCGATTTCTACATCGTGATCT	51680.0	-1551.6100729389277	-1551.6100729389277	4	3	1	0.0	1.0	3111.2201458778554	3109.2201458778554	-2.0	3146.6314504316815	3135.7786242932248	-10.852826138456749
seelig_cm / by_cre	GACCAATCAACTGTGGCCAGGGGCACAGATGCTTTACAGAGGCAGGCCTGTGTCGTGTGACCACCACATGACCTGCGTCATGTGATGGGTGGAGGAGAGGGTGGGCATGCTGTGATTGGCAGCCTCCTTCCCGTGGGTGGAGACC	51680.0	-9726.371063939183	-9726.340790501683	4	3	1	-0.060546875	1.0	19460.742127878366	19458.681581003366	-2.060546875	19496.15343243219	19485.240059418735	-10.913373013456294
seelig_cm / by_cre	GACCACACCACCCTGCAGCTCACCTTCAAAGATTGAGTTTTAGGCCCCTTTTTTAGATTATTTAACATCCTTCTCCCCACGCGCCCCACAAGGGAGGGCCATGCTGCTTATATCCCAAGGCCCAGCACAGAACCTGGCACAGAAG	51680.0	-272.243420524247	-272.25657360041885	4	3	1	0.02630615234375	0.8711548840622578	552.486841048494	550.5131472008377	-1.97369384765625	587.8981456023199	577.0716256162071	-10.826519986112771
seelig_cm / by_cre	GACCAGTTCAAGGTTCTAATCTGGGACCTGCCCCTCAACTGGATAACCATGTGAGCGTTGCCACCAGAGGGCAGTGTGGGGCTGCTTTCTCGAGACGAAGGGGTGTGGCCTGGAGGAGGTTCAGTCCTTTATTGTTCCTGCCCCC	51680.0	-2065.483854362205	-2065.4898358075175	4	3	1	0.011962890625	0.912905061879697	4138.96770872441	4136.979671615035	-1.988037109375	4174.379013278236	4163.538150030405	-10.840863247831294
seelig_cm / by_cre	GACCCATGGAGCGATACGCGTTTCTTGGAAAAGATATAAGAAAGGGCGGAGCGATACGTGGGTCCGCGAAAGGACCCGCAGAGCCGCGGACCCATGGGCCGATGCATGGGTCCGCGTATCTTGAGGAAGTGATAAGAAAGCGCGG	51680.0	-651.6949919849762	-651.6890105396637	4	3	1	-0.011962890625	1.0	1311.3899839699525	1309.3780210793275	-2.011962890625	1346.8012885237783	1335.9364994946968	-10.864789029081521
seelig_cm / by_cre	GACCGCGCCCCTATAGGCTGATCAGATAAGTCATATGCGTATAAGCCGCGCGCATCGTTTCACTTCCGGTTCCGCTACGCGAATTCGCGGAAGTGGCGCGCCCAGCACGCTGTAACAAGCTGATGAGTCATCCCTGGGGTGCGGT	51680.0	-5067.486500729212	-5067.486012447962	4	3	1	-0.0009765625	1.0	10142.973001458424	10140.972024895924	-2.0009765625	10178.384306012249	10167.530503311293	-10.853802700956294
seelig_cm / by_cre	GACCGGATTGTTGAACATTCCCCCCTTCCCCTCCACCTTTGAACTTCGGTCTGTTGTGTTGTTCAAAGGTCTCCCGGCATGCCGGGACATTCACCTGACCGGATTGTTCCCCTGCTCCCCTTCTGTACAAAGCTTTGTACTCTGC	51680.0	-559.4516571849978	-559.4440888256228	4	3	1	-0.01513671875	1.0	1126.9033143699955	1124.8881776512455	-2.01513671875	1162.3146189238214	1151.446656066615	-10.867962857206294
seelig_cm / by_cre	GACCGGGAGACATGACCAACCCACCGGGAATGTCCCCAGAGACCTGACACAGACCACAGGCATGAACATGCCCGGGCATGTCCCCAGAGACATGCCCGGACATGGGTGCAAAGGTGCAAAGGTCACTGGACATGCCCGGGCATGT	51680.0	-5749.859357894357	-5749.845930159982	4	3	1	-0.02685546875	1.0	11507.718715788715	11505.691860319965	-2.02685546875	11543.13002034254	11532.250338735334	-10.879681607206294
seelig_cm / by_cre	GACGATTAGGCATGTTCAAAGTCCATGGACCTGTCCGGACATGACCTAACGACCGACTGACATGACTGCAACTTTGACCGTAGGCGACCCAGACATGTCTAGGTTTGTCCTTTGCTTGTTTACTCACCGGCGATGTAACCGAGTC	51680.0	-1671.4036534617176	-1671.4051183054676	4	3	1	0.0029296875	0.9568343093418353	3350.807306923435	3348.810236610935	-1.9970703125	3386.218611477261	3375.3687150263045	-10.849896450956749
seelig_cm / by_cre	GACGCTATCTTCGCGGAAGCGCCATTTAGGGCGCGACAGCATCTTACGCGGGATCTCATGCGCGCGGAAGTAAGAGAGGGCCGCATCCGGCTCGAGACAGATGCCTTATAAGAAGTTCTTATCGGATCCGGCACTGAAACGGCGT	51680.0	-2011.559633983364	-2011.5641505849264	4	3	1	0.009033203125	0.924280541737005	4031.119267966728	4029.128301169853	-1.990966796875	4066.530572520554	4055.686779585222	-10.843792935331749
seelig_cm / by_cre	GACGTGACTCCGCCGGTAATGTTCATGTTTGTACGTACGTCCGGGCTTTGACCTGGTGCACAACCAATGGACTCAGGGTCCAAAGTCCATTCCTGCCCGGCCATGTTTAAGCATGCCCGGTCATGGACTTTTGTTTACGTCAGCC	51680.0	-3639.878311748127	-3639.871719951252	4	3	1	-0.01318359375	1.0	7287.756623496254	7285.743439902504	-2.01318359375	7323.16792805008	7312.301918317874	-10.866009732206294
seelig_cm / by_cre	GACTTGCTGTTTTCTGGGTCCCATGAATTGGCAACCCCAGTCCCGAAATAGAAAGTTTAGGATGGAGTCATTTCTGTGTGTCAGGTGTCAGCCTTGAAGTGCTGATTGTGGCAAACAAGGGCAGACCGTGCTTTAGGAAGACCGT	51680.0	-1265.3818411008288	-1265.3770803586413	4	3	1	-0.009521484375	1.0	2538.7636822016575	2536.7541607172825	-2.009521484375	2574.1749867554836	2563.312639132652	-10.862347622831749
seelig_cm / by_cre	GACTTTGATCGAAGAGTCCGCTGGACAAGCCCGGGTTTGTCTGGTGACATAACAAAAGTAGTTCTGGTCGCAAAGTTGAAAGTATGCATACCACGGTCACGTCTACCATCCTGTCCTGGCTCTCTGGACGTCACCAGTGAGCTCG	51680.0	-786.467404657113	-786.4707615907067	4	3	1	0.0067138671875	0.9346958642956549	1580.934809314226	1578.9415231814135	-1.9932861328125	1616.3461138680518	1605.500001596783	-10.846112271268794
seelig_cm / by_cre	GAGAAAGTGGTGATTCTGGCGGTGAGGGAGAAGCCCCAGAGGCCTGGGGGAGGTAGGCCACGTGGAGCTGGGTTCCCAGCCACGCCTCCGCTTCAAATTCAATGACAGAGCACGTGATTTCCCAGGAAACGGAGGCTTGCAGCTC	51680.0	-1423.4130393287255	-1423.4157248756005	4	3	1	0.00537109375	0.9415771425558392	2854.826078657451	2852.831449751201	-1.99462890625	2890.237383211277	2879.3899281665704	-10.847455044706749
seelig_cm / by_cre	GAGAAGCCATCTGCAGCAGGGCATGCGATTTCCCAGAGAGGGTGGCCCTGATCTCTGCAGGTGGCCACATAAGCCAGTCAGGAGAGCCCAGAAGGTGCATAAACCGGTTTGGGATCCCGACTGTTAGCACACTGTGGGATTGAGT	51680.0	-879.3163040113477	-879.325398249629	4	3	1	0.0181884765625	0.8927188813214952	1766.6326080226954	1764.650796499258	-1.9818115234375	1802.0439125765213	1791.2092749146273	-10.834637661894021
seelig_cm / by_cre	GAGACCTCAGGTTCACTTGGTGTTTGTTCACCGGACCTAGACTGTAACGTTGGTCATGTACGAACAAACATGACGTGACTAAAGTGGTGGAGCCACTATTGTACATGCCCGGGCAAGCCCGCTGGCCGCTGTGCACCGGACCCAG	51680.0	-2718.0627850730702	-2718.0691327293202	4	3	1	0.0126953125	0.9102894293217598	5444.1255701461405	5442.1382654586405	-1.9873046875	5479.536874699967	5468.69674387401	-10.840130825956294
seelig_cm / by_cre	GAGACTATTAGGTCTGTGGACAGTACAAAGCATGCCCGGACAAGCCACCGTAAGTTCACGTAACAGGGAAAGTAAAAGCGACCATTAATATTTCTGGGCACAGGTCACGGAATAGCTTTGAATTTTGGGTTGGTTGCTGTAAAGC	51680.0	-4258.441649299208	-4258.418944221083	4	3	1	-0.04541015625	1.0	8524.883298598415	8522.837888442165	-2.04541015625	8560.29460315224	8549.396366857534	-10.898236294706294
seelig_cm / by_cre	GAGAGAGACCAGCGAACATGCCCGGGCATGTGACCGGAAATGTATAGGCCTGCGGACATGCCCGGGCATGTAGAGAGGTGACCAAGAGTGCAAAGGTGCAAAGATCAATGAATGTATAGAGAGAGGGAGAGGGGGAGAGAGAGAG	51680.0	-6559.887691867752	-6559.880855930252	4	3	1	-0.013671875	1.0	13127.775383735505	13125.761711860505	-2.013671875	13163.18668828933	13152.320190275874	-10.866498013456294
seelig_cm / by_cre	GAGAGAGATGTACAGACATGCCGGGGGACGTAGACATGTGACCAAAGATCAATGAATCAATGAGGGGGGAGAGAGAGAGAGAGGGGAATGTATAGACCTGCGGACATGCCCGGGCATGTGACCGGAAAGGGGGGAGAGAGAGAGA	51680.0	-7719.333486094025	-7719.316396250275	4	3	1	-0.0341796875	1.0	15446.66697218805	15444.63279250055	-2.0341796875	15482.078276741875	15471.191270915919	-10.887005825956294
seelig_cm / by_cre	GAGAGAGGCCTGCGGACATGCCCGGGCATGTAGCAGTGAACATGCCCGGGCATGTGACCGGAAAGGGGGGAGAGAGAGTGACCAAAGGTGCAAAGGTGCAAAGGTGCAAAGATCAATGAGTGTATAAGGAGGGAGAGAGGGAGAC	51680.0	-4762.677972219956	-4762.666009329331	4	3	1	-0.02392578125	1.0	9533.355944439912	9531.332018658662	-2.02392578125	9568.767248993738	9557.890497074031	-10.876751919706294
seelig_cm / by_cre	GAGAGGCACTTACGCGTAAGTAGCGCTTCTTATACGTGAGACGTCGTGGGAGCGATACTTCCTTATAATAGGATACGCTATTCTAAAAAAGCGCGACGCGCGCTTCTCTCTCGCGGAATAACGGTGTGGGGCGTCGCGCTTTTCT	51680.0	-1226.415554842823	-1226.4232452725105	4	3	1	0.015380859375	0.9012997620881069	2460.831109685646	2458.846490545021	-1.984619140625	2496.242414239472	2485.4049689603903	-10.837445279081749
seelig_cm / by_cre	GAGATAAGAAAGTGAGACAGCGTATCTGGGGGAAGAGATATCTCGAAGAGCCGCACCCACAGACCCCAAGGGCGGGGGGAGGAGGCGGAAGCGATATCTCGCAAGAAAGGGGCGGGGCGATGCGAGAGAAGAGATATCTCGCAGA	51680.0	-2321.9627253198523	-2321.9590632104773	4	3	1	-0.00732421875	1.0	4651.925450639705	4649.918126420955	-2.00732421875	4687.336755193531	4676.476604836324	-10.860150357206294
seelig_cm / by_cre	GAGATAAGAAAGTGAGGCAGCGTATCTGCGGGAAGAGATATCTCGAAGAGCCGCACCCACAGGGAAGAGATATCTCCCAAGGAAGGGGCGGGCCAATCCGAGAAGAGATAAGGAAGAAGGAAGCGATATCTCGAGGAACCGCTCT	51680.0	-1935.4783260254198	-1935.4636775879198	4	3	1	-0.029296875	1.0	3878.9566520508397	3876.9273551758397	-2.029296875	3914.367956604666	3903.485833591209	-10.882123013456749
seelig_cm / by_cre	GAGATCAGACAGGGGGAGGGCTGACGTGACTAGATCACGTTTCTCAGCAGCCTGACAGGTGTCTGAGTCACAAAGCTCTGAAGGGCAGCAACGGCTTGCAGTCTTTAGAGCCCCAGGATTTATCTTATCTATGGCTAGCAGAGAT	51680.0	-1004.2839653737083	-1004.2882378346458	4	3	1	0.008544921875	0.9263494558546113	2016.5679307474165	2014.5764756692915	-1.991455078125	2051.9792353012426	2041.1349540846609	-10.844281216581749
seelig_cm / by_cre	GAGATGACCGAGCAGGAAATCGACACTCTGTGTTACCAGCTCCAGGTCTACCTGGGCCACGGCCTGGACACCTGCGGCTGGAAGATCCTCTCCCAGGTGCTCTTCACCGAGACCGATGATCCCGAGGAGTATTACGAAAGCCTCA	51680.0	-769.0497616063013	-769.0452450047388	4	3	1	-0.009033203125	1.0	1546.0995232126027	1544.0904900094777	-2.009033203125	1581.5108277664285	1570.6489684248472	-10.861859341581294
seelig_cm / by_cre	GAGATGAGTTATCGGTCGCGGTTTCTCATAAGGATAAGTAAGTTATTTCTTTTTTTCGCGGAAACGCGGAAGGAGAAGCGTAGGAGGACTGATAAGGATACGCTTTATCTTTCTTATGAGGATGAGGACGCGGTTTCGCGGAAGT	51680.0	-3541.8888492275114	-3541.8724918056364	4	3	1	-0.03271484375	1.0	7091.777698455023	7089.744983611273	-2.03271484375	7127.189003008849	7116.303462026643	-10.885540982206294
seelig_cm / by_cre	GAGATGTTTGACCCCAGCTAGGGGCAAACATGCCGGGGGCCAAAGGTCACACAGTACAAAGGTCAAAGTCCGGAGGCATGCCCAGACATGTCACCCGGGGACTTTGACCCCTGCACAATGGATCCAGGCCGGCATGCCCAGACAT	51680.0	-1082.8085246909689	-1082.8175578940939	4	3	1	0.01806640625	0.8930773210718974	2173.6170493819377	2171.6351157881877	-1.98193359375	2209.028353935764	2198.193594203557	-10.834759732206749
seelig_cm / by_cre	GAGCCCAGGACATGTCTGAGCATGTTCACAGCGACCACCTTTGGACATTCCCAAAGGTCAACGGCATTACAAAGGCCTGTGTACTGTCAGGTAGGTTGGCATTGCCATCATGCCAGCGTGCGTGCAGACGTGGGTTGCCCGCGTG	51680.0	-7108.79165767623	-7108.76724361373	4	3	1	-0.048828125	1.0	14225.58331535246	14223.53448722746	-2.048828125	14260.994619906285	14250.092965642829	-10.901654263456294
seelig_cm / by_cre	GAGCCGCGAGTAAGGAAACGCCGCGCCGATAAGATGACGCATCGCCTTCCAATTATAGGTTCGCGTTATCCTGCGCGTGACACCCACACTGTTTGTTAGGCGCTTCTTAAGAAGGAATACCCTTTCTTCATGAAGCTACTTCCGC	51680.0	-1878.7058595123474	-1878.7158692779724	4	3	1	0.02001953125	0.8874825491406633	3765.411719024695	3763.431738555945	-1.97998046875	3800.823023578521	3789.990216971314	-10.832806607206749
seelig_cm / by_cre	GAGCTGCAAGCCTCCGTTTCCTGGGAAATCACGTGCTCTGTCATTGAATTTGAAGCGGAGGCGTGGCTGGGAACCCAGCTCCACGTGGCCTACCTCCCCCAGGCCTCTGGGGCTTCTCCCTCACCGCCAGAATCACCACTTTCTC	51680.0	-492.1016501358449	-492.1049460342824	4	3	1	0.006591796875	0.9352909462606908	992.2033002716898	990.2098920685648	-1.993408203125	1027.6146048255157	1016.7683704839343	-10.846234341581408
seelig_cm / by_cre	GAGGCATGCCGGGGCACAAAGGTCACAGTCCTTGACAGTACAAAGGTCAAACTCTGCAGACATGCCGGGGGCCAAAGGTCAAACAGTGCAAACATGCCCGGGCATGTCCGGAGAGGACTTTGACCCCTGCTGAATGGATCCATGC	51680.0	-2220.656577796492	-2220.6530377574295	4	3	1	-0.007080078125	1.0	4449.313155592984	4447.306075514859	-2.007080078125	4484.72446014681	4473.864553930229	-10.859906216581294
seelig_cm / by_cre	GAGGGAGAGGAAGCGGGAAGGAAAGGGGGAGGAGGAAGCTGGGGAAAGGGGCGGAATGGAGTTTGGATCTCCCACGTGAAATAGCACCCTATGCAACAGACAAACTATGTCTGGAATTTCCTGCCTGCTGAGCAACACCATTGAA	51680.0	-3131.7093549896936	-3131.7132612396936	4	3	1	0.0078125	0.9295680222776129	6271.418709979387	6269.426522479387	-1.9921875	6306.830014533213	6295.985000894757	-10.845013638456294
seelig_cm / by_cre	GAGGGAGTATGACCTTGGTTCCACCCTCTTGGCAGAGGAAGTGTGTGGTTACAGGAATTGTCTGCGGCAGAGAGACTGGGCTTGGCAGATACCTCCAAATATGTCTGCGGCAGCAGCTGTAAGCATCTGCCTACAGAGATATTTT	51680.0	-1652.0252451298995	-1652.024390637712	4	3	1	-0.001708984375	1.0	3312.050490259799	3310.048781275424	-2.001708984375	3347.461794813625	3336.6072596907934	-10.854535122831749
seelig_cm / by_cre	GAGGGGGACATGTCTAGGCATGCTGTCAGTTATGTAACCGAGCTTTGAACTTCTGAGGGGGTGAGCGGGGGACATGCCCGGGCATGTTTGCTGCTGGGGGGTTAGTTATGTAACCTTTGAACAAAGGACTGTGAGGTCAAAGTAC	51680.0	-18965.07218044671	-18964.93594997796	4	3	1	-0.2724609375	1.0	37938.14436089342	37935.87189995592	-2.2724609375	37973.555665447246	37962.43037837129	-11.125287075956294
seelig_cm / by_cre	GAGGGGGGGGGACAAGCCCAGGCATGCCCCCAGCAGTACACAACCACCCCGGGGGGGCAGTGGACAAACAACCCCAGGCATGCCGGGAGAGGACCATGACCAGAGCAGTGGACAAACAACCCAGGAGGGCAGTGGACAAACAACC	51680.0	-718.0947668317506	-718.0975134137818	4	3	1	0.0054931640625	0.9409181774842417	1444.1895336635012	1442.1950268275637	-1.9945068359375	1479.600838217327	1468.753505242933	-10.847332974394021
seelig_cm / by_cre	GAGGTAAGGATGAGGACGCGGTTTCTTGGAAACGCGGAAGGAGACGCGTTATCTTTCTTATGAGGAATCGCTTTATCGTGGAAGCGGGAAGGGAGGGGCGGTTTCTTTTGCGGATAAGCGATTTCTTTCTTATGAGTTATCGGAC	51680.0	-5144.128736048094	-5144.124829798094	4	3	1	-0.0078125	1.0	10296.257472096187	10294.249659596187	-2.0078125	10331.668776650013	10320.808138011556	-10.860638638456294
seelig_cm / by_cre	GAGGTATGCCTGGGCAAGCTCGGTACTCAGATTACGTAATAGTTACACAGAGTTTGACTATTGTACAAAATTCGGTCGATTGTCTTGTTCTGACGTAAACATGCCCGGACATGTCCAGGCAAGCTCGGTGGCCCGAGAGTCGTCC	51680.0	-16968.785720778367	-16968.669021559617	4	3	1	-0.2333984375	1.0	33945.571441556734	33943.338043119234	-2.2333984375	33980.98274611056	33969.8965215346	-11.086224575956294
seelig_cm / by_cre	GAGGTGTTTGTCCCCAGCTAGGGTCAAAGGTCAAACAGTACAAAGGTCAAACTCCGCAGGCATGCCCAGACATGTCCGGTGAGGACTTTGACCGCTGAGGTGTTTGTCCCCAGCTAGGGGCAAACATGCCGGGGCATGTCCCCTG	51680.0	-2175.2001588359226	-2175.1928346171726	4	3	1	-0.0146484375	1.0	4358.400317671845	4356.385669234345	-2.0146484375	4393.811622225671	4382.944147649715	-10.867474575956294
seelig_cm / by_cre	GAGTAAATCACAGCCCTTAAATCACAGCATTGTCCTCCTATTTTTTGGGATGTATCGAATTCGGCTACTGCGCGGGCGATCTCCTACAATATGGTTTGACCATGGCCACGGTGAATAGTAGATAGCTTAGTCGAAAAGATACGCC	51680.0	-733.564123882503	-733.569739116878	4	3	1	0.01123046875	0.9156030555875874	1475.128247765006	1473.139478233756	-1.98876953125	1510.539552318832	1499.6979566491254	-10.841595669706521
seelig_cm / by_cre	GAGTAACTTCCGGAAGATATCGCTTCCGGTTCCGCGTCTTATAACTCCCGCCCAATGAGTCACTTCCGCTTTCGCGGAAGATATCATCCGCGGCTGATAAGACCCGCGCCTTCCTGCGAGATATCGTGATATCTTCCGCCTTCTT	51680.0	-1363.9651984465406	-1363.9626349699781	4	3	1	-0.005126953125	1.0	2735.9303968930813	2733.9252699399563	-2.005126953125	2771.3417014469073	2760.4837483553256	-10.857953091581749
seelig_cm / by_cre	GAGTATCTTATTGGCTGGGTGTGGGGCTTAAGAAGTTTCTTATTGGCTGAGTTGCGCGATATCTCGCGGATGCGATAAGTTACTTACTGGTTGGCTGGGGGTGGGGCTTTAGGAGGATGGGTCTTAAGAAGTTGCTTATTGGCTG	51680.0	-5543.796551209012	-5543.793621521512	4	3	1	-0.005859375	1.0	11095.593102418025	11093.587243043025	-2.005859375	11131.00440697185	11120.145721458393	-10.858685513456294
seelig_cm / by_cre	GAGTCGCGCGGGGGCGCGATATCTTGCGGATGAGATATCTTATTGGCTGGGTGTGGGTCTTAAGAAGTTTCTTATTGGCTGAGTTGCGCGATATCTCGCGGATGCGATATGTTATTTGCGGGTTGGCTGTGGGTGGGGCTTTAGG	51680.0	-4249.68453361896	-4249.67623283771	4	3	1	-0.0166015625	1.0	8507.36906723792	8505.35246567542	-2.0166015625	8542.780371791745	8531.910944090789	-10.869427700956294
seelig_cm / by_cre	GAGTCTTCAACTGACCTGCGCACTGGGAGGAGTGTGCACTAAGAGGAATAGGCACTGGGGTGGAGCCACAGAACTTTGCCACGTGTTTGCAGCAGGGAGGAGCCTGGCCCCTCCTGGGTGGAAGCCGGAATTCAATCTGTGAGGT	51680.0	-3801.9144610367903	-3801.8993243180403	4	3	1	-0.0302734375	1.0	7611.8289220735805	7609.7986486360805	-2.0302734375	7647.240226627407	7636.35712705145	-10.883099575956294
seelig_cm / by_cre	GAGTGCGTTACATAATCAATGAAAGCTACCCCGGTCATGTCACCTCGTATTGTATAGGTAGACAGCTGGAAGCATGCCCGGACATGTCCAGGCATGTCCACTGTTCCCCGTCGTTTAACCTTTGTTCAAAAACAAACAGCAACTC	51680.0	-766.9871552237798	-766.9909394034673	4	3	1	0.007568359375	0.9306744386883514	1541.9743104475597	1539.9818788069347	-1.992431640625	1577.3856150013855	1566.540357222304	-10.845257779081521
seelig_cm / by_cre	GAGTGTCTGCCGGAGACGTCTGTGAGAGATGACCTTTTGACCTAGGAAGGAATGCTGTGAAGGTGGGAATGTACTCTCAGCCCTGGCCCAGGAGAGAACGTTGAAAACAGCCCCAGCTTCTCTGCTCACAGGATCTAGCTTGGTT	51680.0	-1330.6639964882784	-1330.6668041054659	4	3	1	0.005615234375	0.9402665342404589	2669.3279929765567	2667.3336082109317	-1.994384765625	2704.739297530383	2693.892086626301	-10.847210904081749
seelig_cm / by_cre	GAGTTACTTCTTATCTCTTCCTGCGATTTCTTATCTCTTCTTTCGCGTGAGTCACTTCCTTCTCTCCTTTCTCCTCCTGCGAGTTATCGGTTCCTCCAGCGACTCTGCGTCTTTCCGATTAGCCCCGCCCCCATGCGGCTCTTTA	51680.0	-513.1710116180055	-513.1565462859743	4	3	1	-0.0289306640625	1.0	1034.342023236011	1032.3130925719486	-2.0289306640625	1069.753327789837	1058.8715709873181	-10.881756802518794
seelig_cm / by_cre	GAGTTGCGCGATATCTTGCGGATGCGATAAGTTTCTTATTGGTGGGTTGGGGGGGTGTGGGTGGGGCTTAAGAAGTTTCTTATTGGGTGTGGGTGGGAGGAGCTTTTGGATGAGATATCTTTTGGATGAGATATCTTATTGGGGG	51680.0	-3889.3131921823438	-3889.3090417917188	4	3	1	-0.00830078125	1.0	7786.6263843646875	7784.6180835834375	-2.00830078125	7822.037688918514	7811.176561998807	-10.861126919706294
seelig_cm / by_cre	GATAAAACTTCCTCAAAACCGCAAGATAACTCATCAGTCAGATAACTCATCAGTCCGCCCCTCCCATACACACTTATAACTCACCACCCATACACACATATATCGCCCCACCCATATCTCTTAAAACCGATAACTCATAAAAACA	51680.0	-607.774634495491	-607.7788459212723	4	3	1	0.0084228515625	0.9268759375361094	1223.549268990982	1221.5576918425445	-1.9915771484375	1258.9605735448079	1248.1161702579138	-10.844403286894021
seelig_cm / by_cre	GATAACCTTATCGGGAATGGCCCCGCGTTTCTTCCAAGTAAGGCCCGCCCGCGGATCTTATTGGCCTTCCCATCCGGATGTGATTTGCGAGATATGGCTGACTGACGGGCCGCGCTTTCCGATAAGTCCGAAGCGATATCATTTC	51680.0	-1922.3262181460173	-1922.3271947085173	4	3	1	0.001953125	0.9647496261326771	3852.6524362920345	3850.6543894170345	-1.998046875	3888.0637408458606	3877.212867832404	-10.850873013456749
seelig_cm / by_cre	GATAACTTATAAGTCTTCCCGCAGCTTCGCGGGACGCGCCCTCCTTAGGAAGTTACGATTTCTCGCAGATACGATGACTCATAAGTGGTTTCGCGGGACGCGCCCCCCTTGCGATTTCTCGCAGATAAGATAACTTATCGCTCTT	51680.0	-627.1866125692376	-627.1806311239251	4	3	1	-0.011962890625	1.0	1262.3732251384752	1260.3612622478502	-2.011962890625	1297.784529692301	1286.9197406632197	-10.864789029081294
seelig_cm / by_cre	GATAAGGAAGTTATCACGCGGTTTCGCGGTTTCGCGGAAGAAGATGAGGAAGCGCGTTATCGCGGAAGTGAGGAAGTGCGTTATCGGACTGATGAGGAAGCGCTTTATCGGGAAGGGAGACGCGGAAACGGATGAGTTATCTGGG	51680.0	-2726.2057006195923	-2726.2054564789673	4	3	1	-0.00048828125	1.0	5460.411401239185	5458.410912957935	-2.00048828125	5495.822705793011	5484.9693913733045	-10.853314419706294
seelig_cm / by_cre	GATAGCGTTTTCGCGAAACGATGAGTCATCCTACGATATCGTCTTATAAGATATGATTTGTAATTGCGGCTCTGATTAGCCGTTCCGCGTCATTAGGCGGCGCCATATTCTGCTAATAAGAAAACGTATGTCACTTCCGGGAGTC	51680.0	-14534.889646243308	-14534.804685305808	4	3	1	-0.169921875	1.0	29077.779292486615	29075.609370611615	-2.169921875	29113.19059704044	29102.167849026984	-11.022748013456294
seelig_cm / by_cre	GATAGGGGTGGATCTAACCCGGAACAGGATACAGTCTTCGCAACATAAGGGTGAGTCGCGCGCTGATGAGTCATCCGTCCTTATCTGCGTGTAAACACTCGGACGTACCTTATAGGCTGCGCCGATAAGATATAACTTTGATGTC	51680.0	-7557.619963757972	-7557.604338757972	4	3	1	-0.03125	1.0	15123.239927515944	15121.208677515944	-2.03125	15158.65123206977	15147.767155931313	-10.884076138456294
seelig_cm / by_cre	GATATATTTATATCTCTCGAGCTGCGTCATCTGCTGACTCATGCGTCTTAAAAAACTTTTCTAGGAAGACACTTCCCTTACTATGACTTATAAGATGCGTCTTCTTTTACTTATTGGTAAGGAACTATTGGGAGATGCGTCATCG	51680.0	-5070.123869214735	-5070.109709058485	4	3	1	-0.0283203125	1.0	10148.24773842947	10146.21941811697	-2.0283203125	10183.659042983296	10172.77789653234	-10.881146450956294
seelig_cm / by_cre	GATATGACTCACCCCCACGATGAGTCACCCCCACCCTGACTCACCGCAGATCCGCGGAAGCGACTCACCGAATAAGCGACTCACCCTATCGGCGAGGAAGCGTATCGCGCGGGAGATAACTCACCGTCAGGATGACTCACCCCCT	51680.0	-420.7708151468217	-420.77578951205606	4	3	1	0.00994873046875	0.9205481052940705	849.5416302936434	847.5515790241121	-1.99005126953125	884.9529348474694	874.1100574394816	-10.842877407987771
seelig_cm / by_cre	GATATGCGTTATCTTTAAGACGCGGATGGTTTCGCGGAAGCGCGGATGGAGAGATAAGTTATTACGCGGATAAGGATGAGTTATCGGAAGGAAGCGATATAGGGGAGACGCGTTATCGGAAGGATGAGGATGCGCGTTATCGGGG	51680.0	-3536.45506399271	-3536.440171414585	4	3	1	-0.02978515625	1.0	7080.91012798542	7078.88034282917	-2.02978515625	7116.321432539246	7105.43882124454	-10.882611294706294
seelig_cm / by_cre	GATATTAATTTTATCACTGCGCGTATCGTTATCTGGAAGTGAATTGACCCGCCTAAATACGCGGGTTGCGCTTCCAGTTAATTTAATGGGTGTGGCCGGCGCTCAAATGGCGTAACTTAGATTTCATTACTCATAAGTAAAACAG	51680.0	-1701.0106116711008	-1701.0147620617258	4	3	1	0.00830078125	0.9274062806955211	3410.0212233422017	3408.0295241234517	-1.99169921875	3445.4325278960278	3434.588002538821	-10.844525357206749
seelig_cm / by_cre	GATCACGCTACTTAAATCCGCGGAAGAGATCCTTACTACTCCGATAAGGAAGCACACGCGTCTTTCTTAGAAGAGCCGCCCGCTATAGTAGGAGATGAATGGGTGACACACGGATGGCGCGATACCGCTTTCGCGAAATGAGGAT	51680.0	-1160.9051617363662	-1160.9123638848037	4	3	1	0.014404296875	0.9044689664722391	2329.8103234727323	2327.8247277696073	-1.985595703125	2365.2216280265584	2354.3832061849766	-10.838421841581749
seelig_cm / by_cre	GATCATGGCGCTCCAGGACTGGTAATTATTAACCTTCAGTCGATACCCCTGGCCCCACGGTAATTATTAACCCTGGTAATTATTAACCGAAGCTACCGACTCGAGGTAATTATTAACCCGTCATCAAAACCTATGAGGTTTACGC	51680.0	-8535.382725400283	-8535.353916806533	4	3	1	-0.0576171875	1.0	17078.765450800565	17076.707833613065	-2.0576171875	17114.17675535439	17103.266312028434	-10.910443325956294
seelig_cm / by_cre	GATCGGGGGGGGAGGAAGCATATAAGCACATCCAAGAAAAACGACATCCGCGAAAAGCCGCGCCTATAAGGAAGCATATAAGGATAACGCGGCGCCTATCGCCATATCTGACTCACGCGGACGATATAAGGATGAGTCACGCCCG	51680.0	-1217.3281451867101	-1217.3239947960851	4	3	1	-0.00830078125	1.0	2442.6562903734202	2440.6479895921702	-2.00830078125	2478.0675949272463	2467.2064680075396	-10.861126919706749
seelig_cm / by_cre	GATCTTCCTTATCGCGCGTCTTATAAGTTATCGCTCCGCGTTTCTTCGCGTCCGTTCGCGATATAAGGAAGTGACGCGTCGCTCCGCCTTATCGCGCTTCTTATAAGTCTTCCGCGAAATGAGTCGTCGCTCCGCGGATCTTATA	51680.0	-1431.5132790947582	-1431.5013162041332	4	3	1	-0.02392578125	1.0	2871.0265581895164	2869.0026324082664	-2.02392578125	2906.4378627433425	2895.5611108236358	-10.876751919706749
seelig_cm / by_cre	GATGACGCGTATCCTAATTCGGCGGCGCGGCGGATTCAATACTTATAAGACCCGCCCCATGACGCTTCGCCTTCCTTATCGCGAAAACGACGATGCGTGATAACAACATATTGCATCAGGAAGTCGCGCGCCCTATCCTACAACG	51680.0	-536.7090202772632	-536.7207695448413	4	3	1	0.02349853515625	0.8781677574017672	1081.4180405545264	1079.4415390896827	-1.97650146484375	1116.8293451083523	1106.0000175050523	-10.829327603300044
seelig_cm / by_cre	GATGACTAATACAGTGACCTTCTGAGCTTGCGTCGAGTCAGGGTGTGGAATGCATGAAATGTATAAGGTGAACGGCTGGCTTTGTGAGTCACATCCCAGGTCAAGGACTCAGCATGGTGGGCAGGTCATCACCATCACAAATCTG	51680.0	-9641.05880951097	-9641.01486419847	4	3	1	-0.087890625	1.0	19290.11761902194	19288.02972839694	-2.087890625	19325.528923575766	19314.58820681231	-10.940716763456294
seelig_cm / by_cre	GATGAGGTGAGGTAATTATTAACCGGTAGGTAATTATTAACCGTGACAACCGGTAATTATTAACCGTGGTAATTATTAACCGTAGCCATCGGTAATTATTAACCGGTAATTATTAACCCCCTACCCATGGTAATTATTAACCTTC	51680.0	-15174.277136763481	-15174.152136763481	4	3	1	-0.25	1.0	30356.554273526963	30354.304273526963	-2.25	30391.965578080788	30380.86275194233	-11.102826138456294
seelig_cm / by_cre	GATGCCAGTTTGGAGTGAACTTGCCCGGGCATGTCCCCTTCGGTTCAACCGAGGTTCCATAGCACGCTCGGTTAAAGATCAAACCATTAAACACAGGAGGTAGGAATTTTATAAAATCAGTTGTTCAACCACCGGAAATTAAAAC	51680.0	-4337.73465818034	-4337.712929664715	4	3	1	-0.04345703125	1.0	8683.46931636068	8681.42585932943	-2.04345703125	8718.880620914506	8707.9843377448	-10.896283169706294
seelig_cm / by_cre	GATGTGATTGTCCAGTTATGTAAGCAGTGATGTAATGATTTATGCAATGAGTTATGTAAGCAATGATCTAAGCGGTCGGTTGTTTGACCGTCGGTTTGTTTGTCCGGTGGTCTGGTTGTGTAATGGTCCGGTCAATGGTCCAGTG	51680.0	-12130.804727345758	-12130.725625783258	4	3	1	-0.158203125	1.0	24269.609454691516	24267.451251566516	-2.158203125	24305.02075924534	24294.009729981884	-11.011029263456294
seelig_cm / by_cre	GATTAGTCTTTCTAGGAAGCGTAGAAGCAGGTGGATCTTGCTTATGCGTTATCGCGCGTGACTCACGAGTGATGACTTACGACTCCTAACGCGTAGTAGCCCCTCCAAACGCGTAGTATCTCCAAGAGGCGCCGCCTCTTTTATC	51680.0	-1676.6203528136539	-1676.6075354308414	4	3	1	-0.025634765625	1.0	3361.2407056273078	3359.2150708616828	-2.025634765625	3396.652010181134	3385.773549277052	-10.878460904081749
seelig_cm / by_cre	GCAAAGAGGGAATGTACAAACATGCCGGGAGAGCAATGGACAAACATGACGGAAGAGCAGAGAGGCAAAGAACCAATGTACAAACATGCCGGGGCATGTCCAAAGGACAGAGGGGGGAGAGGGACATGTCCGGGCATGCCGGGAG	51680.0	-10140.44736415016	-10140.38584071266	4	3	1	-0.123046875	1.0	20288.89472830032	20286.77168142532	-2.123046875	20324.306032854147	20313.33015984069	-10.975873013456294
seelig_cm / by_cre	GCAAAGAGGGAATGTACAAACATGCCGGGAGGTGGACATGTCCGGGCATGTCCAAAGCACAAAGCCGGGAGAGCAATGGACAAACATGCCGGGAGAACAGCAGAGCAAAGAGGGGACATGCCGGGGCATGTCCACAGGGGGGGAG	51680.0	-6469.045474019067	-6469.009829487817	4	3	1	-0.0712890625	1.0	12946.090948038134	12944.019658975634	-2.0712890625	12981.50225259196	12970.578137391003	-10.924115200956294
seelig_cm / by_cre	GCAACCATTACGTTTGCACAGAAGGTACAAAGTCCACAAAGGTTACGTAAACCTACCCTTTAACTAAAGACCACCGGACATGCCCAGGCATGTCCACAATCGACTTTCCGTCGGTCTTTTGACCGTCCGTTGAGCTTGCCCTAAA	51680.0	-3483.174586532873	-3483.176051376623	4	3	1	0.0029296875	0.9568343093418353	6974.349173065746	6972.352102753246	-1.9970703125	7009.760477619572	6998.910581168616	-10.849896450956294
seelig_cm / by_cre	GCACTGATGTGAAAGTGCTCATTCCAGCAGCTGCAAGCCCTCAGAAGTGGGCCTGTGATTCTGGGCCGTACCCATCCCCTCACCCCAAGACTGCTTGGGGTGTCAGGCAAAAGCAAAAGCAGCACCTCGTGCAAAGGCAAATGAG	51680.0	-542.7513502789011	-542.7508009624948	4	3	1	-0.0010986328125	1.0	1093.5027005578022	1091.5016019249897	-2.0010986328125	1128.914005111628	1118.060080340359	-10.853924771269021
seelig_cm / by_cre	GCAGCATCTGCCCCCTTCTGGGCATCAGTCACAGCGCCTCTGCTCCCTCAAGCACCTGATCTTGTACCTACTTCTTCTAAAGATGAAAAGGACTTTCTCCAGGTAGAGGGAGGACAAGTGATGGAGGAAGGATGGATTCGGTTAC	51680.0	-1154.149993196933	-1154.149016634433	4	3	1	-0.001953125	1.0	2316.299986393866	2314.298033268866	-2.001953125	2351.7112909476923	2340.8565116842356	-10.854779263456749
seelig_cm / by_cre	GCAGCCCGATAAGACGACGCGTCTTTTCCCTGATCAGCTTATGACGCATTAGCGGTCCGCGGACGCGGAAGTGGCGGTTACTTTCGCTTCCGCGACTTCCTATTTCTTAAAACGTCGTAGACCGCGTCGCTTCTTAGAAGGGCGG	51680.0	-10587.857294043799	-10587.814325293799	4	3	1	-0.0859375	1.0	21183.714588087598	21181.628650587598	-2.0859375	21219.125892641423	21208.187129002967	-10.938763638456294
seelig_cm / by_cre	GCAGCCTCATCCTACGGGGCCCCGGAAGCGTAGCGCATATAAGAGTCATCCAGCTCCTCCCTCATAAGATTCGGCCTATTCGGATGACTCATAATTTTATCTTGCAGGACGCATCCTAATCTTATTAGCGCGTATCGCTAGGATA	51680.0	-1232.310828332614	-1232.315467004489	4	3	1	0.00927734375	0.9232672462079756	2472.621656665228	2470.630934008978	-1.99072265625	2508.032961219054	2497.189412424347	-10.843548794706749
seelig_cm / by_cre	GCAGCTGGAAAGGTCAGGGACAGCGGGTTTGTGTAAAGTAACTCGTGAGGGCAAGGGCCATTCCGTCGCTGGGATTCAGCTGCCCAGCCCCCTCCACCCCGGATGTATTTCCTGTCAGAAGGGGGTTCCGGTGGCCGTGTCCAGC	51680.0	-1714.665054447008	-1714.6563874548206	4	3	1	-0.017333984375	1.0	3437.330108894016	3435.312774909641	-2.017333984375	3472.741413447842	3461.8712533250105	-10.870160122831749
seelig_cm / by_cre	GCAGGAGAGCAATGGACAAACATGACGGGAGGAGAGGGGGGGGGGGGGGGGGGGGGGGGGGAGAGGGACATGTCCGGGCATGCCCGGAGGGGGAGGGCAATGAACCAATGTACAAACATGCCGGGGCATGTCCAAAGCAAAAAAG	31008.0	-168.47907973692978	-168.48100234435165	4	3	1	0.00384521484375	0.9505550306550883	344.95815947385955	342.9620046887033	-1.99615478515625	378.32616153262154	367.9880062327748	-10.338155299846733
seelig_cm / by_cre	GCAGGAGAGCAGTGGACAAACAACCCGGAGAGGGGACAAGCCCAGGCATGCCGGGAGGGGACGGTGACAGGGGGGACAAGCCCAGGCATGCCCCCAGAAGTACACAACCAACCCCAGGCATGCCAGGGGGAGAGAGAGAGAGAGA	51680.0	-4733.757278258697	-4733.733840758697	4	3	1	-0.046875	1.0	9475.514556517393	9473.467681517393	-2.046875	9510.925861071219	9500.026159932762	-10.899701138456294
seelig_cm / by_cre	GCAGGGAGCAAACATGCCGGGGCATGCCGGGAGCAATGGACAAACATGACAAAAGGGCAATGTACAAACATGCCGGGGCATGTCCAAAGCACAAAGGGAGGAGGGGGACATGTCCGGGCATGCCCGGAGGGGAGAGAGGGGGAGG	51680.0	-8726.367529253195	-8726.337255815695	4	3	1	-0.060546875	1.0	17460.73505850639	17458.67451163139	-2.060546875	17496.146363060216	17485.23299004676	-10.913373013456294
seelig_cm / by_cre	GCAGTGGACAAACAACCCGGAGAGGGGACAAGCCCAGGCATGCCAGGGGGAGAGAGAGAGAGAGGGGAGAGAGAGGTGAACAAAGGCCTCCGGGCATGCCCCCAGCAGGAGAGCAGGAGAGCAGGGGGGCAGTGGACAAACAACC	51680.0	-1596.151314055269	-1596.153755461519	4	3	1	0.0048828125	0.9442914607802155	3200.302628110538	3198.307510923038	-1.9951171875	3235.713932664364	3224.8659893384074	-10.847943325956749
seelig_cm / by_cre	GCATATCCTCCACGGCGCTAATCGGCGTATCGCTTCCGCGGGCGATATACGACGATCCGCCCATTCTTAGAATCCAATAAGGAAATAACGTTACTTCCTCTGCGTCAGATCTTGATATCGTAACACCCGCCAATTGTAACTTATC	51680.0	-1260.7467602904928	-1260.7368725951803	4	3	1	-0.019775390625	1.0	2529.4935205809857	2527.4737451903607	-2.019775390625	2564.9048251348117	2554.03222360573	-10.872601529081749
seelig_cm / by_cre	GCATGCCCGGACTTCCGGTCAGGTTTGCCTCAGCTAGCCATTATACAAACAGGGACATGTGGACATGCCCAGGCATGTCTGGACTTCAGCTGACTTTGGTTCAAACTGGGTCATGTCTAGGCATGTCAGGTGACCTTTGTACAAA	51680.0	-6708.796699644947	-6708.769600035572	4	3	1	-0.05419921875	1.0	13425.593399289894	13423.539200071144	-2.05419921875	13461.004703843719	13450.097678486512	-10.907025357206294
seelig_cm / by_cre	GCATGCCCGGACTTCCGGTCAGGTTTGCCTCTTTGCCTCAGCTGACCTTTGTACAAACAGGGACATGTCCAGGCATGTCTGGACTTCCGGTGGGGATTGTCTAAGCTCGCCATTATACAAACAGGGGCATGTCTAGGCATGCCTG	51680.0	-7521.075068679552	-7521.038935867052	4	3	1	-0.072265625	1.0	15050.150137359104	15048.077871734104	-2.072265625	15085.561441912929	15074.636350149472	-10.925091763456294
seelig_cm / by_cre	GCATGCCCGGACTTCCGGTGGGGATTGTCTAAACAAGCCATGAGATAAACTGACCTTTGTACAAAGGTTCAAACTCCCCTTTGTACAAACAGGGGCATGTGGACATGCCCCGGCATGTCCGGACTTCCGGTCAGCATGACTTGAC	51680.0	-4037.1484058896067	-4037.1371754208567	4	3	1	-0.0224609375	1.0	8082.296811779213	8080.274350841713	-2.0224609375	8117.7081163330395	8106.832829257083	-10.875287075956294
seelig_cm / by_cre	GCATGTTTCAAAGTTCAAACTTCCGCTCTCATGTCAAACATTACATCAAACCAAACTTCCCCCAGCATGTTTGAACTTTCACCTCACCTCCCTCCTGTCAACCATTATGTAAAAACAAACTCCCCTTTGAACTTTCGCTCCACTG	51680.0	-759.826528197239	-759.8208519277077	4	3	1	-0.0113525390625	1.0	1527.653056394478	1525.6417038554155	-2.0113525390625	1563.0643609483038	1552.2001822707848	-10.864178677519021
seelig_cm / by_cre	GCATGTTTGCCACCCAGCATGTCACCAAGTTTGAACTTTCAACCTCCTGTCAAACCTCATGACCAACTCCCCTTATGTAATTGTGTAAACATGCCCGAACTTCCGCCCTCCTGTTAGTTCCAAAGTTCAAACTTCCGCTCTCTCC	51680.0	-997.1779216661666	-997.1882366075729	4	3	1	0.0206298828125	0.8857918087299883	2002.3558433323333	2000.3764732151458	-1.9793701171875	2037.7671478861591	2026.9349516305151	-10.832196255644021
seelig_cm / by_cre	GCCAACAAGACTACCGGAAGTTGTACAAAGGTTACACCGTATGTCTACTCTCGAATATTACGTAATGTCCAGCGGCCTTTGACTGCTTGGTGTCACTACAACGGGACTTGTCCGGGCATGCCCGCTTTGTACGCCGGCATGGATT	51680.0	-9827.694630482241	-9827.669239857241	4	3	1	-0.05078125	1.0	19663.389260964483	19661.338479714483	-2.05078125	19698.800565518308	19687.89695812985	-10.903607388456294
seelig_cm / by_cre	GCCAGCATGCCCGGACATCCATTTTACATAATGTTTGTTCTACCGAAAGTTCAAACAACTCTCTGTTCCACTCCACCCCTGCAAACATGCCCGGACATTTCCCCTTCTGTACAAACACATTACATAATGTTTGTCCCCTGCCTTT	51680.0	-418.9340858341358	-418.9433936954639	4	3	1	0.01861572265625	0.8914738911600173	845.8681716682715	843.8867873909278	-1.98138427734375	881.2794762220975	870.4452658062972	-10.834210415800271
seelig_cm / by_cre	GCCAGGTCGAAACCTTAAGTTTGCCCCCAGTAGACATGTCCGGACATGTTACGTAAGCTCGCCGGCATGACACGTCCACTGAAGCCTGAGTCCTCCGCCGCAAGTCAAACTCCCAAGGTCTTTTGGCCATGATGGAATAGTCCAA	51680.0	-2577.32476561138	-2577.319638658255	4	3	1	-0.01025390625	1.0	5162.64953122276	5160.63927731651	-2.01025390625	5198.060835776586	5187.19775573188	-10.863080044706294
seelig_cm / by_cre	GCCATAAGCAACGCGCGGCAGCGATATCGCGAAAACCCGCATATACGAAGAGCTCCCGCCTCTTACGAGGAAGCTCCACACTGTTAAATCATTAAGATATCTCGGAAGCTGCTGATGAGTCATCTCTTTTTTACACCAATCGGCT	51680.0	-521.0703286378888	-521.0785073488263	4	3	1	0.016357421875	0.8982311681203087	1050.1406572757776	1048.1570146976526	-1.983642578125	1085.5519618296034	1074.7154931130221	-10.836468716581294
seelig_cm / by_cre	GCCATTTCTCACGCCCAGTCAGAGTCCAGGAATTCTTAGGTTCCCTCTTCTCACCATTGTCCTCCCACGTGACTGACGTCACTTCTGGCGGGAGAGAGGGTGGAGGCGTCTTCGCTCGCTTATCGCATACTTCCGCCCGCTCTTC	51680.0	-679.4223578545868	-679.4310858819306	4	3	1	0.0174560546875	0.8948882984260185	1366.8447157091737	1364.8621717638612	-1.9825439453125	1402.2560202629995	1391.4206501792305	-10.835370083769021
seelig_cm / by_cre	GCCCAATCGGTTCCTTCCTTCTTCTTGCGCGTGAGTAAGCGGTTCCTCCCGCTCCTCTGCGCCTTTCCGATTAGCCGCGCGCGCTACTTCCTTATTAGCCCCGCCCCCTTCCTTCCTATTGGCCGCGCGCGCAAGTGATCTCTTA	51680.0	-399.0973967701325	-399.09111014903874	4	3	1	-0.0125732421875	1.0	806.194793540265	804.1822202980775	-2.0125732421875	841.606098094091	830.7406987134469	-10.865399380644021
seelig_cm / by_cre	GCCCATGCGGTTCCTCCAGTGACTCTGCGTTTTTCTGATTAGCCCCGCCCCCATGCGGCTCCTTATCTCCTCTTTCGCGTGAGTCACTTCCTTATCAGCCCCGCCCGCGCCTTTCCGATTAGCCCCGCCCCCTTCTTTCTTCCTT	51680.0	-357.18389839594334	-357.18575996820897	4	3	1	0.00372314453125	0.9513452118364121	722.3677967918867	720.3715199364179	-1.99627685546875	757.7791013457127	746.9299983517874	-10.849102993925271
seelig_cm / by_cre	GCCCCACACAGGGAAGTAGCTTCTGGGAAGCGCATCCGTGAATCACGCTTTGCGACGCTCTTTCATCAGCCTCAAGAGTCATCGCTTCGCGATAAGCAAGTGAAGGCTGATGCGACACGCGGGTAGCGTCTTCTAAGAGAGAGGG	51680.0	-4243.574524922315	-4243.56109718794	4	3	1	-0.02685546875	1.0	8495.14904984463	8493.12219437588	-2.02685546875	8530.560354398454	8519.680672791248	-10.879681607206294
seelig_cm / by_cre	GCCCCCTAGGAGATGACGCATCCGGTTCCAATAGGTCGTCACGTTGTGCTTATTAGAAAAGCGCGCCCCCCAAACAAATTCTGATGAGTCATCGCCACAACTTCCTGGTGGGGCGGCTATCGCGGAAGCGGCGTGCGGATTGGCC	51680.0	-4852.5825411983515	-4852.5835177608515	4	3	1	0.001953125	0.9647496261326771	9713.165082396703	9711.167035521703	-1.998046875	9748.576386950528	9737.725513937072	-10.850873013456294
seelig_cm / by_cre	GCCCCTATCGATTTATTTATAGGATGTGGTTTCTCGAAATGATGACTTATCAGGCCACACCTAAACCTTATAGGGCGAGTCTTGCGGGTCCGAGGCAGCGCCGCTTATCTGACTCACCCTTATTTCTAATAACTCGTAACTCTGG	51680.0	-1155.8513008057328	-1155.8589912354203	4	3	1	0.015380859375	0.9012997620881069	2319.7026016114655	2317.7179824708405	-1.984619140625	2355.1139061652916	2344.27646088621	-10.837445279081749
seelig_cm / by_cre	GCCCGCCGATAGCGCCGCCTTCCTCGACGCGGGGGCTGAGTCATCCGTCGGCGCGGGCTCTCAGTTATCGCTTCCTAGATATAGGGGGGCGGCGCTTCCGGCCTATAGGCGCGCCTTCCTCGCCCCGCGCCTTCCTCGACCCGCG	41344.0	-741.3572710099818	-741.3479936662318	4	3	1	-0.0185546875	1.0	1490.7145420199636	1488.6959873324636	-2.0185546875	1525.2332723685327	1514.5850350938904	-10.64823727464227
seelig_cm / by_cre	GCCCGCGGGGCGGCGCGTCTTCGGATGCGCTGTCTTATCGGTCCCGCGCGTCGCCGATGGGGCGGGGGCGCCTCCGATTGGGCGGGTGGCGGGTGGCGTCGCCGGCGGATCGCGTCATCGATGTATGTCTTCTCCGAGTTATCGT	51680.0	-1164.7033855054935	-1164.690323982056	4	3	1	-0.026123046875	1.0	2337.406771010987	2335.380647964112	-2.026123046875	2372.818075564813	2361.9391263794814	-10.878949185331749
seelig_cm / by_cre	GCCCTTCCGCGTTTTCGCGTATCTTCCTTCCTATACGCTTTCTCATCCGCCCTCCCCCCCCCCCCTCCCCCCCCCCCCGCTTTCCCGCGCCTATCCGCGTTTTCGCGTATCTCCCTCCCTATGCGTCTTCCCGCGTATACGCTTT	31008.0	-127.80896281815114	-127.80888652420583	4	3	1	-0.000152587890625	1.0	263.6179256363023	261.61777304841166	-2.000152587890625	296.9859276950643	286.64377459248317	-10.342153102581108
seelig_cm / by_cre	GCCGAATGCAGGAGGAAGGGCATCCCCCAGGCTGTATACTGCAAGAATGGCTTCATAGACACCAGCGTGCGGCTTCTGGACAAGATTGAAAGGAACACTCTCACAAGGCAGAGTTCACTTCCCAAGGACAGAGGCAAACGGAGCA	51680.0	-552.3950127636484	-552.3966607128672	4	3	1	0.0032958984375	0.9542186643281385	1112.7900255272968	1110.7933214257343	-1.9967041015625	1148.2013300811227	1137.351799841104	-10.849530240018794
seelig_cm / by_cre	GCCGATTGGGGGGGGCCGTTATCGCTTCGCCGATGTAGCTCTTCCGCGGGGGGGGCGGCTTCCGAGTTATCTTCCGATTGGGCGCGTCGCGGATGTCGCCGCCCGCCGATTGCGTCATCTTCCGATTGGGGGATGCGGCTTCCTT	51680.0	-6229.764356843742	-6229.755567781242	4	3	1	-0.017578125	1.0	12467.528713687483	12465.511135562483	-2.017578125	12502.940018241308	12492.069613977852	-10.870404263456294
seelig_cm / by_cre	GCCGCCTATGACTCAGCACAGGGATGACTCAGCAGGCTCTCTTTTATGACTCAGCACACTCCGAAATGACTCAGCAATGATGACTCAGCATCGCGTGTCTGGGAAATCGGTCATCATGATGACTCAGCAAGATGACTCAGCAGAA	51680.0	-12092.27736511865	-12092.175924688963	4	3	1	-0.202880859375	1.0	24192.5547302373	24190.351849377927	-2.202880859375	24227.966034791127	24216.910327793295	-11.055706997831294
seelig_cm / by_cre	GCCGCGAGGCGCGTTCTCACGAATGGCTCAGTGGCGGGTAACAGCCAGGTTCAAAGGTCAGTACGAATAGGTTCAAAGGTCATCTCTGCGAACTATGCTCAACGACCGGTCGTCGTAACTCAGGAGTAGTAAGGTTCAAAGGTCA	51680.0	-1240.1440274736751	-1240.1493985674251	4	3	1	0.0107421875	0.9174514523131444	2488.2880549473502	2486.2987971348502	-1.9892578125	2523.6993595011763	2512.8572755502196	-10.842083950956749
seelig_cm / by_cre	GCCGGAACTGCCTTCGCCTACTTCCTCGAATCGCGACCCGCTCCTCCGACTGCGACTAAGAGATACGACCTACTTCCGATGACTCATTGTCGGAAGCGTCCTCACTGTTCTTCTTATCTCTCAATTGGGGCTGAGGGGCGGGGCG	51680.0	-11896.153980355572	-11896.079273324322	4	3	1	-0.1494140625	1.0	23800.307960711143	23798.158546648643	-2.1494140625	23835.71926526497	23824.717025064012	-11.002240200956294
seelig_cm / by_cre	GCCGGCATGTTTGCACACAGGTCGCTCCCCTGCTCTACTTCCTGTCATGTTTGTACCTTCCCCTTCTGCTCCTCCGCTGCTCTGCTGCCTCCTCCGCTCCTCCTCTCCTCTGCTCTGTACATACATCCCCCGGCATGTTTGTACA	51680.0	-517.1496043782887	-517.1362071614918	4	3	1	-0.02679443359375	1.0	1042.2992087565774	1040.2724143229836	-2.02679443359375	1077.7105133104033	1066.8308927383532	-10.879620572050044
seelig_cm / by_cre	GCCGGGAGGTTTGTACTGCACAAAAGCGCGTCGGTAGACCAAAAGGGTAGTGGTCCTGAAGTTCAATGCCAACTTACCTGGACATGTCCAGACACAAACGTTCTACGGTCCATTCCGGCGGCCTCATGCCAGGGTGCCAGGTTCC	51680.0	-785.3971870830178	-785.4002388408303	4	3	1	0.006103515625	0.9377286208434489	1578.7943741660356	1576.8004776816606	-1.993896484375	1614.2056787198615	1603.35895609703	-10.846722622831521
seelig_cm / by_cre	GCCTATATACCTCCTTATATTCGACGGATAAGACGATAACTTACGCCTATAGGAGTGATCTGCCAGATAAGGGAAGTTATCACGCGAAGACGGTGTCTCGTTACAGGAAACCGCTTCCTTGTAGCGGGTCTCTGATAAGTAAGCT	51680.0	-1010.8607400605435	-1010.8673318574185	4	3	1	0.01318359375	0.9085879295993922	2029.721480121087	2027.734663714837	-1.98681640625	2065.132784674913	2054.2931421302064	-10.839642544706749
seelig_cm / by_cre	GCCTATATGACTTCGCGTTCTGACTACCGACGGCAGATAAGGCTGCGTTATCCGCGGTACGCATGACTTCGCGGAACCGCTCGCGCAGCAGATTCACCCATAACGAGTTATCGCTTCTTAGATATGGGGTGGGCACTTCCGGGAC	51680.0	-1606.6474030348672	-1606.6580231520547	4	3	1	0.021240234375	0.8841264080206107	3221.2948060697345	3219.3160463041095	-1.978759765625	3256.7061106235606	3245.874524719479	-10.831585904081749
seelig_cm / by_cre	GCCTCCCCACGCCCTTATCAGCACCATACAGGGAAGGGAGAGGTGACAGCCTCACCCACCCCTCCCTGCTTCTAGGGGACTTGGACATGTCCGGGCAGGTCTGAGGCACTCCTGGTAAAAACTGGTGATTGCCTGGAGGCAGGGA	51680.0	-620.1784174718359	-620.1682246007422	4	3	1	-0.0203857421875	1.0	1248.3568349436719	1246.3364492014844	-2.0203857421875	1283.7681394974977	1272.8949276168537	-10.873211880644021
seelig_cm / by_cre	GCCTTTGTCAAGCTGTTCTTTGTCCCTATCCGTGGCTTTTCCTTGACCTCTGCCCTGGCATGCACCCAACAGAGCCCCTTCTCTTTGATCACTTCTTCCGTGGTAACAGTGAACAGAATTCTGCTGGGAGCCACAGAATGTTTAC	51680.0	-607.7557443665547	-607.7534250306172	4	3	1	-0.004638671875	1.0	1223.5114887331094	1221.5068500612344	-2.004638671875	1258.9227932869353	1248.065328476604	-10.857464810331294
seelig_cm / by_cre	GCGAAACCGCCGCCGGTGATTGACCGTACATGTCTACAGTGCACGTTGACCTAATGGCGTGGATTTTGTACAAAGGTCGACGACCAAAGTCCAACGCTGAGACATGTCCAGACATGCCCAACAAACATAGCGTCGCCGGAAGTAC	51680.0	-6642.1156022419655	-6642.0933854450905	4	3	1	-0.04443359375	1.0	13292.231204483931	13290.186770890181	-2.04443359375	13327.642509037756	13316.74524930555	-10.897259732206294
seelig_cm / by_cre	GCGACACGCCGATACGCCGATAACACACCCACACCGCCACACCCGCAGCACAGCGCTGACTCAAGAAGCAGATAACGAGGAAGCGCCGCGCCCACACGCGCCGATGACTCAAGAGAACGGCGCAGCGCTGACTCAAGAGAGCCCA	51680.0	-739.3718116502345	-739.3789527635157	4	3	1	0.0142822265625	0.9048726886000025	1486.743623300469	1484.7579055270314	-1.9857177734375	1522.1549278542948	1511.316383942401	-10.838543911893794
seelig_cm / by_cre	GCGAGCAAGACAGGCTGCGATTCGCCGAGCGCGGCGCAAGTCAACTGCGCTTCGCGCCGCAGTCAGCAACCAATCACAAGCCTCCGAAGAAACGCCGCGCCATATGCAAATATTCCTCCGCGCGGCGCGCGCCCTGCGTTCCTCC	51680.0	-904.1215127795027	-904.1307901232527	4	3	1	0.0185546875	0.8916508494324791	1816.2430255590054	1814.2615802465054	-1.9814453125	1851.6543301128313	1840.820058661875	-10.834271450956294
seelig_cm / by_cre	GCGAGCCCTCCCGTTTACTTTTGGGCGTGTCTCTTATATCAAGAAGCGCGCTATCGATGACTCATTTATCAGAAAGAGACTTTTTCTTCCAATAACGATAAAGCTAATTAAAAATATCCAATCCGCTCTGCGTAAAGCGCTTCCT	51680.0	-1971.647290322847	-1971.644848916597	4	3	1	-0.0048828125	1.0	3951.294580645694	3949.289697833194	-2.0048828125	3986.7058851995203	3975.8481762485635	-10.857708950956749
seelig_cm / by_cre	GCGATAACTCGGAAGCCGCGCCCACCCGCGACTCAGAAACGCGGTGGGCGGATCGGGGGAGCGATAACGCAGTAACTGAGTCGCGGGCGCGATGAGTCGGAGGCGGCGCAGGAAGGAAGCCGCCGCCCCACCCACATAAGCAGCC	51680.0	-592.712628655423	-592.7168400812043	4	3	1	0.0084228515625	0.9268759375361094	1193.425257310846	1191.4336801624086	-1.9915771484375	1228.836561864672	1217.992158577778	-10.844403286894021
seelig_cm / by_cre	GCGATATATCGCGCGGACGATATATCTGAATCAGGAAATATCTGCGTATGGGGGAGGAGATAAATAAGGAAGGAAGCGCGGATCCGCGGAAGGAAGGAAGCGTAAGCGCCTCACGATGACTCACCCCCGGGGGGCGGAAGCATAT	51680.0	-3854.8010989808054	-3854.7823001526804	4	3	1	-0.03759765625	1.0	7717.602197961611	7715.564600305361	-2.03759765625	7753.013502515437	7742.1230787207305	-10.890423794706294
seelig_cm / by_cre	GCGCCCCCCCTTTTTTATCTATGCGCGCCCTTTTTTATCGGTGCCCGCCCCCCCTTTTCCCCTTTTTTTTCTTTTTATTTATTTTTCTTTTTCCGCCTCTTTTTATTGATTCGCCCCCGCCCCTTTTTATTTTTCTTTTTATTTG	51680.0	-1455.886009894325	-1455.876244269325	4	3	1	-0.01953125	1.0	2919.77201978865	2917.75248853865	-2.01953125	2955.183324342476	2944.3109669540195	-10.872357388456749
seelig_cm / by_cre	GCGCCGCGTATTGCGGGACGCCGCGCCCTATGATGAGATAACGCGTGGCTACTACTACGTAACGCTGACTCACCAATCAGAAAAAGGAAGCCATACGTCGTTTCCGTTTCACTGCGATATCGCCTAATAAGATGACGCGGAACCG	51680.0	-7697.329533139404	-7697.307072201904	4	3	1	-0.044921875	1.0	15402.659066278808	15400.614144403808	-2.044921875	15438.070370832633	15427.172622819176	-10.897748013456294
seelig_cm / by_cre	GCGCCTGCCAGGTGAACCTACCAGACATGCCTTGACATGTCCGTTACAAAGGCCAACCATGCCGGGGCGACTGAAGGTGACCGAAATTTCAGCGAGCTGGACTTTGAGCCCTCGGGGCTTTGTACAAAGACGGAATGAAGACTAC	51680.0	-2658.7650637723623	-2658.7540774442373	4	3	1	-0.02197265625	1.0	5325.530127544725	5323.508154888475	-2.02197265625	5360.941432098551	5350.066633303844	-10.874798794706294
seelig_cm / by_cre	GCGCGCGCCTAAAGCGATTTAGTATGACGCGTCGCGCCGCGTAAAAGCTTATCTCGGAGGGTTTTTTATCTTATAGGTAAAAAAAGTGACGTATCGAGAAATGACTTCCCTCACTGAGGCCCCGCCCAACACTCGCGCACCCGTA	51680.0	-1074.664825330524	-1074.6498106820866	4	3	1	-0.030029296875	1.0	2157.329650661048	2155.299621364173	-2.030029296875	2192.7409552148742	2181.8580997795425	-10.882855435331749
seelig_cm / by_cre	GCGCGGCTTCGCGGGTCGGCGCGCGCGGATGCGGTTCTTCTTCGCGATTTGCGGCGCTTCGCGTCTCGTCATCGTCGGCGAGTCGTCGCGCGATATCTCGTCATCGCGATGCGTTTTCCGCGTCTTCGCGAGATATCGCGATACG	51680.0	-1837.3690310486918	-1837.3598757752543	4	3	1	-0.018310546875	1.0	3682.7380620973836	3680.7197515505086	-2.018310546875	3718.1493666512097	3707.278229965878	-10.871136685331749
seelig_cm / by_cre	GCGCGGGTCTTCCGCCGTCTTCCGCGTCGGCGATCCGCGGATGTATCTCTTCCTTCGCGGATCTGGCGGCGCGTCTTCCTTCTTATTTCGTTATCTCTCCTCCTTCCGATTGGGCGGGCCGCGCAGTCGCGGATTCGCGGATGGG	41344.0	-1040.1337490267888	-1040.1416835971013	4	3	1	0.015869140625	0.8997534734354865	2088.2674980535776	2086.2833671942026	-1.984130859375	2122.7862284021467	2112.1724149556294	-10.61381344651727
seelig_cm / by_cre	GCGCTATCTTATCGCGCGTCTTATAAGTTAGTAAGGAAGTGCCTCTTCCTAGAAATAAGTTAGCGCCGCTTCCGCGAAAGGCTCCGCGGTTTCGCGGATCCGCGAATCCGATAAGTCTTTCGCGGAAGACGCTTTCTTATAAGCC	51680.0	-6666.140163764398	-6666.128200873773	4	3	1	-0.02392578125	1.0	13340.280327528795	13338.256401747545	-2.02392578125	13375.69163208262	13364.814880162914	-10.876751919706294
seelig_cm / by_cre	GCGCTTCGCGATAAGTCGCGGAAGTCGCTTCCTTATAAGGCGTCTCTCCGCGAAATAAGTTATCCTACTTATAAGTCATCCGCGTTATAAGTCATCGCCGCTTCTTCCTTCCTTATCCTTCGCGGAAGGCGCTTCGTTTCTTATA	51680.0	-1053.341241595591	-1053.344903704966	4	3	1	0.00732421875	0.9317989864216498	2114.682483191182	2112.689807409932	-1.99267578125	2150.0937877450083	2139.2482858253015	-10.845501919706749
seelig_cm / by_cre	GCGCTTCTTGGATGCGATATCGGCTTCTATGAGTCATCACTCTTCGGGGTAGCGCCGCCGATTGGAGAACCCGGATGTAACTCGCGGGAAGCGCCTCTCTCGGCCGATGAAACTTTATCATACGACGACAACCTATTAAACGTTA	51680.0	-555.8965738069559	-555.8953531038309	4	3	1	-0.00244140625	1.0	1119.7931476139117	1117.7907062076617	-2.00244140625	1155.2044521677376	1144.3491846230313	-10.855267544706294
seelig_cm / by_cre	GCGGAGAGCAGGGGTGAACAAAGGCCGCAGAGCATGCCCCGGCATGTCCACAGGGGACCGAAAATGCAGACCAGGAGACATGCCTGGGCATGCCCCCAGGAGTCCGGAGGTGACCGAAGGTCGCAGTGAACAAAGGCCGCAGTCC	51680.0	-4097.316703484588	-4097.311088250213	4	3	1	-0.01123046875	1.0	8202.633406969177	8200.622176500427	-2.01123046875	8238.044711523002	8227.180654915795	-10.864056607206294
seelig_cm / by_cre	GCGGATACAGCCGGAACCTGGCTATAGTGCCACGGAACTACAGCTCACTCACCATCTTGGGCGGCGGGAGGAGAGAGAAAGGAAAGGGAATTGTGGGTAATATGTATGCGGCCTCGGAGATCGCGAGAGTTGATACCGGCACGGG	51680.0	-6597.616822836549	-6597.598268149049	4	3	1	-0.037109375	1.0	13203.233645673097	13201.196536298097	-2.037109375	13238.644950226922	13227.755014713466	-10.889935513456294
seelig_cm / by_cre	GCGGATGGGGCGTCCCCTCTTCCTCTTCCGCTTTCTTCGGATGCGGCGCGTTATCGCTTTATCGCTCCCGCTTCTTATCGCTTCCGTCGCGGATGTCTCTTCCCGCGTATCCGTCTTCCTTCCGCGTCTCCGATCGGCCCCGCCG	51680.0	-231.0067572357255	-231.00237796326456	4	3	1	-0.008758544921875	1.0	470.013514471451	468.0047559265291	-2.008758544921875	505.4248190252769	494.5632343418986	-10.86158468337834
seelig_cm / by_cre	GCGGCACTTCCTCCAATTGGCTTATAGGATGAGTCATCAGCATATAAGGATATCGGAAGGGCGAGAAAGCGGAAGTGACTTCCTCCAATAGGATGAGTCATCAGCATATAAGGAAGTTAACTTATAGGGCGAGATAGCGTGACTT	51680.0	-10374.359222333125	-10374.309417645625	4	3	1	-0.099609375	1.0	20756.71844466625	20754.61883529125	-2.099609375	20792.129749220076	20781.17731370662	-10.952435513456294
seelig_cm / by_cre	GCGGGCAAGCATTACATAATGGTGAACATCGGGTGGATTGGGTTTGTGCAACCGGGCGATGTACTCAAGCTCGCAGGCACTACCGGTTCGCTTTGTACAGACGCAATTCCGGTCGCGTTTGCGCATGCCCGCACAAGACCCCGTT	51680.0	-2984.739442268243	-2984.729920783868	4	3	1	-0.01904296875	1.0	5977.478884536486	5975.459841567736	-2.01904296875	6012.890189090312	6002.018319983105	-10.871869107206294
seelig_cm / by_cre	GCGGGCATGCCGGGGCACGTGACCTCTGTCCGGTAATGTTTGACCCCTGCTCTGTTTGTTCCCAGTGAACTTTGAACAAAGCAAACATTACATAAACCACTGCTGCCGGCATGCCGGGGCACGTCACCTGCCCCCTGTAATGTTT	51680.0	-1882.664870823463	-1882.6715846906504	4	3	1	0.013427734375	0.9077491513451789	3773.329741646926	3771.343169381301	-1.986572265625	3808.741046200752	3797.90164779667	-10.839398404081749
seelig_cm / by_cre	GCGGGCCTATAGGCGCGGCTTCCTCGAGCCGGCGGGTGAGTCATCCGCCCGCCCCGGCCCTCAGTTATCGCTTCCTAGATATAGGGGGGCGGCGCTTCCGAGGGCGGGGCCGGGGCTGAGTCACCCAGATATCGCTTTCTTCCCC	41344.0	-510.1578009698212	-510.1628974053681	4	3	1	0.01019287109375	0.9195824118143971	1028.3156019396424	1026.3257948107362	-1.98980712890625	1062.8343322882115	1052.214842572163	-10.61948971604852
seelig_cm / by_cre	GCGGGGAGGGGCGCAGTGAGCTGAGACGGCCTGGGGGGAAGCCCAGGTGACACCCTACCCGCCTTGTCTTCCAGAGGCCCGAGTGTCCCCAAGACCCAGTCCTCGGCTTAGAACTGTCCCCAGCCCTTGGTCCCCTGGGCAACAG	51680.0	-677.2446216695948	-677.2475513570948	4	3	1	0.005859375	0.9389842774886342	1362.4892433391897	1360.4951027141897	-1.994140625	1397.9005478930155	1387.053581129559	-10.846966763456521
seelig_cm / by_cre	GCGTAGGATTTCCTGATTGGGCGGATCCGCCAACCGCAGATGACTCATTACCACATCTTTACTTCCGAGGAAGGAGCCGCGCCTCTTGGAAGAAGACGCCCACCGTGGCCGTTTTCGCGATATAACTTATTTCTTAGATTGGGTT	51680.0	-5022.046078720839	-5022.026059189589	4	3	1	-0.0400390625	1.0	10052.092157441679	10050.052118379179	-2.0400390625	10087.503461995504	10076.610596794548	-10.892865200956294
seelig_cm / by_cre	GCGTATCTCCCCCCTTTCTCACTCATGCGTCTTCCTGCTTATATCTTCCCTCTCCCCTCTCCCCATACGTTTTCTTACTTATATCTTCCTTCTCTTCTTTCTTCTCTTCCGTTTCTATCCGCGTTTTCGCGTATCTCCCCGCCTA	51680.0	-435.1131438200624	-435.11796559740617	4	3	1	0.0096435546875	0.9217722101918968	878.2262876401248	876.2359311948123	-1.9903564453125	913.6375921939508	902.7944096101818	-10.843182583769021
seelig_cm / by_cre	GCGTATCTTTTTATTGGCTTATCCGCGTTTCTTTTTATTGGTTTTCGCGCGCTTCTTTTTTCGCGCGCCTCTTTTTTTTTTTTCTCGCGCGCTTCTTTTCTCGCATGCTCTTTTTCTCGCCTCTTTTTTTTTTCGCGCCCCTCTT	51680.0	-1414.5143714942635	-1414.514493564576	4	3	1	0.000244140625	0.9875335610002206	2837.028742988527	2835.028987129152	-1.999755859375	2872.440047542353	2861.5874655445214	-10.852581997831749
seelig_cm / by_cre	GCGTCAACAGTGGAAAGGTGGCCCTGTGTGTAGCAAGACGGGACATGTCCGGTCAAGTCAAGTTTGCATACAGAATTTCCGGGGGGCAGTGGAAAAAGTTTGAACAAAGCGTCATGCATGCCCCCGGCATGTCTCCGTTCGAGAA	51680.0	-1757.986623748177	-1757.9852809747395	4	3	1	-0.002685546875	1.0	3523.973247496354	3521.970561949479	-2.002685546875	3559.38455205018	3548.5290403648482	-10.855511685331749
seelig_cm / by_cre	GCGTTTCCGCGTATCTCCCCCCCCTTCTTCTTATACGCTTTCTCATCCGCCCTCTCCTTTTTCCCTTCCTTCTTCTCCGTTTCCATCCGCGTATATCTTCCCTCCCCCCCCCCCCCCCTTTCTCACTCATGCGTCTTCCCGCGTA	31008.0	-116.20388879403113	-116.20509423836707	4	3	1	0.002410888671875	0.960838964967649	240.40777758806226	238.41018847673413	-1.997589111328125	273.7757796468242	263.4361900208056	-10.339589626018608
seelig_cm / by_cre	GCGTTTTCGCGTATCTTCCTTCCTATACGCTTTCTCATCCGCCCTCTCCTTTTTCCGCGTATCTCCTTTCTTATGCGTCTTCCCGCGTATACGCTTTCTCATTTACACTTTCCTTTTTCCGCGTATCTCCCCCCCCATGCGTTTT	51680.0	-458.3305720256293	-458.32880200609804	4	3	1	-0.0035400390625	1.0	924.6611440512586	922.6576040121961	-2.0035400390625	960.0724486050846	949.2160824275655	-10.856366177519021
seelig_cm / by_cre	GCGTTTTCGCGTATCTTCCTTCCTATACGCTTTCTCATCTGCCCTCTCCTTTTTCCGCGTATCTCCCCCCCCTTCTGCTTATATCTTCCCTCTCTCCCGTTTCCCCCCGCGTTCTCACTCATGCGTCTCTCCCCGCTCCTTCTTA	41344.0	-228.4594106418714	-228.46548363991826	4	3	1	0.01214599609375	0.9122437240457667	464.9188212837428	462.9309672798365	-1.98785400390625	499.43755163231185	488.82001504126333	-10.61753659104852
seelig_cm / by_cre	GCTCAACGACCGGAACGACCGACGGTATGTCCGGTGGTATGTTTGGCACCAGGGAGCTTGCCCAGGTATGTACTCAACCAAGCTTGCCTAAACATGGATTTTGTCTACCTTAGGGCTTGGCCGCAGGCCAGTTTCCGTTGGTATA	51680.0	-301.1099414531866	-301.10817143365534	4	3	1	-0.0035400390625	1.0	610.2198829063732	608.2163428673107	-2.0035400390625	645.6311874601992	634.7748212826801	-10.856366177519021
seelig_cm / by_cre	GCTCACCAGGACATGTTTGCCTGTTTGGCCCTTTGGACCTTTGGACTTTGGTTCAAAGGGGGACATGTGGCCCTGTGGACATGCCCAGGCATGTCCGGACTTCCGCTGGGGATTGTCTAAACAAGCCATTATACAAACAGGGGCA	51680.0	-2841.5918050542873	-2841.5800863042873	4	3	1	-0.0234375	1.0	5691.183610108575	5689.160172608575	-2.0234375	5726.594914662401	5715.718651023944	-10.876263638456294
seelig_cm / by_cre	GCTCACCATGAACTTCAGCACTGACTAAACAAAGCCACAGAGAAGATTAGAGAGCATTCATTCCAGAGATAATCCCACCGCCAGGGCTGGACTACGTGGACATGTGTCCTGGGTAGTTCTTCAAAAGGGCCCCATGCTGAGTTGA	51680.0	-1023.5103329022901	-1023.4999569257276	4	3	1	-0.020751953125	1.0	2055.02066580458	2052.999913851455	-2.020751953125	2090.431970358406	2079.5583922668247	-10.873578091581294
seelig_cm / by_cre	GCTCAGCATTACCTCAGCTGACCTTTGTACAAAGGTTCAAACTCCGCCATGTGGACATGCCCAGGCATGTCAGCAGGGGATTGTCTAAACAAGCCCGGAATTCCGGTGGGGATTGCCTCAGCTGACCTTTGGACTTTGGTTCAAA	51680.0	-6567.267980905781	-6567.239172312031	4	3	1	-0.0576171875	1.0	13142.535961811562	13140.478344624062	-2.0576171875	13177.947266365387	13167.03682303943	-10.910443325956294
seelig_cm / by_cre	GCTCAGGTTTGGACTTTGGTTCAAACTCCCCCGGACTTCCGGTCAGCATTGTACAAAGGTTCAAACTCCCTTTGGTTCAAACTGGGTCATGTGGACATGCCCAGGCATGTCAGGAGGGGATTGTCTAAACAAGCCGGGACATGAC	51680.0	-2688.682706271258	-2688.679532443133	4	3	1	-0.00634765625	1.0	5385.365412542516	5383.359064886266	-2.00634765625	5420.7767170963425	5409.917543301636	-10.859173794706294
seelig_cm / by_cre	GCTCCAGGCCGGCATGCCCAGACATGTCCGGAGAGGACTTTGACCCCAGCTAGGGGCAAACATGCCGGGGGCCAAAGGTCCAAAGGTCACAGACCTGAGGTGTTTGTCCCCAGCTAGGTTCAAAGGTCAAACTCTGCAGACATGA	51680.0	-855.9356698367019	-855.9304818484206	4	3	1	-0.0103759765625	1.0	1719.8713396734038	1717.8609636968413	-2.0103759765625	1755.2826442272296	1744.4194421122106	-10.863202115019021
seelig_cm / by_cre	GCTCCAGGCCGGCATGCCCAGACATGTCCGGTGGGGACTTTGACCCCAGCTAAGGGCAAAACTGCAGACATGCCGGGGCATGTCCCCAGCAGAATGGATCCATGCCGGGGGCCAAAGGTCACACTACATAACAGAGGAGGAGTTT	51680.0	-7326.346074999252	-7326.317754686752	4	3	1	-0.056640625	1.0	14660.692149998504	14658.635509373504	-2.056640625	14696.103454552329	14685.193987788873	-10.909466763456294
seelig_cm / by_cre	GCTCCCCACCACCACTGCAAACATGCCCGGACATTTCCCTGTTTGACATTCCCTATTACATAATGTTTGTCCAAACCAAAGTTCAAACAACTCCCTGCCAGCATGCCCGGACATTCACTCTACCGACTGTCTGTCAGCTGACTCA	51680.0	-1056.2806787071647	-1056.2753076134147	4	3	1	-0.0107421875	1.0	2120.5613574143294	2118.5506152268294	-2.0107421875	2155.9726619681555	2145.109093642199	-10.863568325956749
seelig_cm / by_cre	GCTCCCCACTACCACTGCAAACATGCCCGGACAAACTCCTGTCACCCAGCAAACATGCCCGGACATTTCCACTGCTGACATTCCCTATTACATAATGTTTGACCTACCGAAAGTTCAAACAAACCTATGTTCAACAAAACCTTTG	51680.0	-1646.1929602688729	-1646.1906409329354	4	3	1	-0.004638671875	1.0	3300.3859205377457	3298.3812818658707	-2.004638671875	3335.797225091572	3324.93976028124	-10.857464810331749
seelig_cm / by_cre	GCTCCGCGTTTTCGCGCTTCCTCGCGGGAAATAAGCTATCTTATCATTCGCGGAAGACGCTTTCTTATCTTCCGATAAATGCGCTTCCTTATCGCGCGTCTTAGGATTCGCGGATCTTATAAGTCAGCGCCGCTTCCGAGGAAGC	51680.0	-446.432637181494	-446.439717259619	4	3	1	0.01416015625	0.9052781645017932	900.865274362988	898.879434519238	-1.98583984375	936.276578916814	925.4379129346074	-10.838665982206521
seelig_cm / by_cre	GCTCCGTAAGCATCATGTGTGGTACACGATCTCTTCTCCTTCATTCACACCCGAGGCTGCGCGTGGACCCTTAAAGAGAAGGTTCGGCATATGTATTACCCAAAGCTGCACCCAGCACATTCCGGGAGCTTTGCTCTTTTGTCAC	51680.0	-681.8077751706089	-681.8031364987339	4	3	1	-0.00927734375	1.0	1371.6155503412178	1369.6062729974678	-2.00927734375	1407.0268548950437	1396.1647514128372	-10.862103482206521
seelig_cm / by_cre	GCTCTCCTGCCGGCATGCCTGGGCAATCTCCTGTAATGTTTGAACAAAGGTCACATGCCTGGGCATGTCCTTTGTTCAAAGCGAACATTACACAAAGGACTACGGCCGGCATGCCGGGGCACGTGACCTCTCTGTTTGTCCCCTG	51680.0	-1406.2382998064313	-1406.2370791033063	4	3	1	-0.00244140625	1.0	2820.4765996128626	2818.4741582066126	-2.00244140625	2855.8879041666887	2845.032636621982	-10.855267544706749
seelig_cm / by_cre	GCTCTGCATGTCCCGGCATGTCTGAGCAGGAGGAATTCCGGGCGGCCAAAGGGTTTTATGTAGATTGCTTTTGGACACTCGCCCAGGAGTCAGGAGTTGATTTTTATCTCACTTCCTGGTAACCTTGAACTTACCAGGCAGGGAT	51680.0	-2163.942310277871	-2163.939868871621	4	3	1	-0.0048828125	1.0	4335.884620555742	4333.879737743242	-2.0048828125	4371.295925109568	4360.438216158612	-10.857708950956294
seelig_cm / by_cre	GCTCTTCCGTTTCGCGCGTCTTATAAGTCGTCGCTCCGCCTTACTTATAAGGAAGTAACGCAGCGCCGCGATAACGCGTCGCCGCGTCCGCGATTCGCGCTTCCTTATCTTTCGCGGAATAAGTTATCTTACTGATAAGTTATCT	51680.0	-2026.1793858372494	-2026.1796299778744	4	3	1	0.00048828125	0.982370510217358	4060.3587716744987	4058.3592599557487	-1.99951171875	4095.770076228325	4084.917738371118	-10.852337857206749
seelig_cm / by_cre	GCTCTTCTCGGCTGCTGAGTAGCCAGTAGCCTGACGCAAATCCTTATCAGAGCAGACCACATTTTCCAGCCCCCGTTCATGAAGGGTGGAGGGAGCTGGAGAAAAATGAAAACATGCTAGTGACCAGTGGCTAGGCACTGATGAG	51680.0	-2801.546456716447	-2801.551095388322	4	3	1	0.00927734375	0.9232672462079756	5611.092913432894	5609.102190776644	-1.99072265625	5646.5042179867205	5635.660669192014	-10.843548794706294
seelig_cm / by_cre	GCTGACCTTTGTACAAAGGTTCAAAGGTGGACATGCCCCGGCATGTCCGGACTTCCGGTCGTCCGCTGGGGATTGTCTAAACAAGCCCGGACTTCCGGTCAGGATTGCCTCAGCTGACCTTTGTACAAACAGGGACATTCCGCCG	51680.0	-1245.6539427292296	-1245.640148783917	4	3	1	-0.027587890625	1.0	2499.307885458459	2497.280297567834	-2.027587890625	2534.7191900122853	2523.8387759832035	-10.880414029081749
seelig_cm / by_cre	GCTGCCCCTGTCCAGCCCCTAACTGAGAATGTGTAGACGCCTGTCTAGCCAGGGGAGCGTGGAACAAGCCCAGGCAAGTCTGACCGTTTGACTCATCCCCCGCAGGTCAGGGGTGGAGTGTGGCTTAGCCACGGCACACCAAGGT	51680.0	-1652.9685138453187	-1652.9586261500062	4	3	1	-0.019775390625	1.0	3313.9370276906375	3311.9172523000125	-2.019775390625	3349.3483322444636	3338.475730715382	-10.872601529081749
seelig_cm / by_cre	GCTGCTGAGTAGCCAGTAGCCTGACGCAAATCCTTATCAGAGCAGACCACATTTTCCAGCCCCCGTTCATGAAGGGTGGAGGGAGCTGGAGAAAAATGAAAACATGCTAGTGACCAGTGGCTAGGCACTGATGAGTCTGCACAAC	51680.0	-3544.8578210456567	-3544.8688073737817	4	3	1	0.02197265625	0.8821598636253973	7097.715642091313	7095.737614747563	-1.97802734375	7133.1269466451395	7122.296093162933	-10.830853482206294
seelig_cm / by_cre	GCTGGACACGGCCACCGGAACCCCCTTCTGACAGGAAATACATCCGGGGTGGAGGGGGCTGGGCAGCTGAATCCCAGCGACGGAATGGCCCTTGCCCTCACGAGTTACTTTACACAAACCCGCTGTCCCTGACCTTTCCAGCTGC	51680.0	-148.14746236610682	-148.13722371864588	4	3	1	-0.020477294921875	1.0	304.29492473221364	302.27444743729177	-2.020477294921875	339.70622928603956	328.8329258526612	-10.87330343337834
seelig_cm / by_cre	GCTGGCATGCCGGGGCACGTGACCTCTGTCCGGTAATGTTTGAACAAAGCTCTGTTTGTTTAAACATTCAAAGCGAACATTACACAAAGCTCTGTTTGACCCCTGTAATGTTTGTACAAAGCTCTCCGGCCGGCATGCCGGGGCA	51680.0	-1154.339594409267	-1154.349115893642	4	3	1	0.01904296875	0.8902433705619641	2316.679188818534	2314.698231787284	-1.98095703125	2352.09049337236	2341.2567102026533	-10.833783169706749
seelig_cm / by_cre	GCTGGGGGCAAACATGCCGGGGGCCAAAGGTCAAACAGTACAAACATGACGGGGGTTGACCCCAGCTAGGGGCAAACATGCCGGGGCATGTCCGGTGCACAATGGATCCAGGCCGGCATGCAGGGGGCACACTACATAACAGAGG	51680.0	-4016.8774675527816	-4016.8637956777816	4	3	1	-0.02734375	1.0	8041.754935105563	8039.727591355563	-2.02734375	8077.166239659389	8066.286069770933	-10.880169888456294
seelig_cm / by_cre	GCTGGGGGCAAACATGCCGGGGGTCAAAGGTCACACAGTACAAAGGTCAAACTCTGCAGGCATGCCCAGACATGTCCGGTGCACAATGGATCCAGGGCGGCATGCCCAGACATGTCCCCTGGGGACTTTGACCCCTGCTGTGCAG	51680.0	-2901.0099929128983	-2900.9965651785233	4	3	1	-0.02685546875	1.0	5810.0199858257965	5807.9931303570465	-2.02685546875	5845.431290379623	5834.551608772416	-10.879681607206294
seelig_cm / by_cre	GCTGTGTACTCTCGCCGGGATGGTTACATCCCAGGGCACGATTCCCGGGCAAAACACCATAGCCTGTCGACATGTCCGGACATGCACTGGGTTGTGATCTGACCGAAGTGCATACGTAACGCACTCCGGTCAAAGTTTGTTCCAC	51680.0	-3989.3703816012894	-3989.3645222262894	4	3	1	-0.01171875	1.0	7986.740763202579	7984.729044452579	-2.01171875	8022.152067756405	8011.287522867949	-10.864544888456294
seelig_cm / by_cre	GCTTATCACACTTCTCTTTCTTCCGCGTTATCTTATTTCTTAGGATATGAAGAGGGGCGGTTCCCCATCTGACGATGACGCATCACTTTCTGAGGTTGGCTCCGCTTTCGGCTCCGATAGAGCGGGAGAGCCGCGTTACGCGGAA	51680.0	-3411.022641142437	-3411.021664579937	4	3	1	-0.001953125	1.0	6830.045282284874	6828.043329159874	-2.001953125	6865.4565868387	6854.601807575244	-10.854779263456294
seelig_cm / by_cre	GCTTCCAGATATCGCGCCACCCCGCGAGTTACTCGCGCGGCGCTTCCGAGATATCGCGCTTCCGAGATATCGCTACGGGCGGTTCCATTTGCGGGTGTCGTTATCCGCGCGTGGCGCTATCGCTTCTTATATCGTGCGCTTTCTT	51680.0	-1231.0732381147782	-1231.0754353804032	4	3	1	0.00439453125	0.9471459408435563	2470.1464762295564	2468.1508707608064	-1.99560546875	2505.5577807833824	2494.7093491761757	-10.848431607206749
seelig_cm / by_cre	GCTTCCAGATATCGCTCCGCCCACTTATGGGTGGCGCCTTCCGCCGCGATATCGCGCGATTTATCTCGTCATCGCGATACGTCGTCATCGCTTCCTATCTGCCGCGTCTTCGAGTTATCGCCGCGCGTCGCGTTTCTCGGGTGCG	51680.0	-793.4030593293603	-793.4128249543603	4	3	1	0.01953125	0.8888541627681966	1594.8061186587206	1592.8256499087206	-1.98046875	1630.2174232125465	1619.38412832409	-10.833294888456521
seelig_cm / by_cre	GCTTCCGGATAAGGAAGTGACTTTATAACTTGCGTGTCTGACTGGCGGTGAGTCATCGAAGGATAAGGAAGTGCGTGAAGATAAGGGAAAGGAAATAAGGGCGGTGAGTTATAAGGAAGTGCGTGTGGATAACTTGCAAGAAATA	51680.0	-10210.845356860998	-10210.768696704748	4	3	1	-0.1533203125	1.0	20429.690713721997	20427.537393409497	-2.1533203125	20465.102018275822	20454.095871824866	-11.006146450956294
seelig_cm / by_cre	GCTTCCGGATAAGGGGTAAGAGATAGGAAAGAGTTACGTTATATCTTGCGTGTCTTAGGAAAAGAAGGAAATAAGGAAGTGCTTCAAGATAAGGAAGTGACTTTATATCTTGCGTGTCTGACTGGCGGTGAGTCATCGAAGTGTG	51680.0	-7104.954210293497	-7104.911729824747	4	3	1	-0.0849609375	1.0	14217.908420586995	14215.823459649495	-2.0849609375	14253.31972514082	14242.381938064864	-10.937787075956294
seelig_cm / by_cre	GGAAACATGCCTGGGAATGTTCAAACAGCTGGGGCGCAGTACATGTCCAGACATGTCTCCCGGGCTGCTCCAAGCCTGACTACAACGCATCCACTGCCTGCGCCTTGATTACGTAATCCCTCTGGGCTTTGTTCTGTGACCTATG	51680.0	-3794.59177748233	-3794.585185685455	4	3	1	-0.01318359375	1.0	7597.18355496466	7595.17037137091	-2.01318359375	7632.594859518486	7621.72884978628	-10.866009732206294
seelig_cm / by_cre	GGAAAGTTCAAAGTTTGTATTAGGCATGCGGGCATGCTGGGGAAAGTACATTGGATTGTTTGTTTAAACATTCTGGGGATTTTTTTTTTTGTGTAATGTTTGTACAAACATGCTGGGGAATGTGCAGGGGAGAGTTCAAAGGTTG	51680.0	-11470.891783322968	-11470.833189572968	4	3	1	-0.1171875	1.0	22949.783566645936	22947.666379145936	-2.1171875	22985.19487119976	22974.224857561305	-10.970013638456294
seelig_cm / by_cre	GGAAAGTTCAAAGTTTGTATTAGTTTTACGGGCATGCTGGGGAAAGTACATTGGAATGTTTGTACATTGGATTGTTTGTTTAAACATTCTGTTTGATTTACGGGCATGCTGGGGAATGTACAAACTTTCTGTGGAATGTGCAGGG	51680.0	-9004.571704827145	-9004.544849358395	4	3	1	-0.0537109375	1.0	18017.14340965429	18015.08969871679	-2.0537109375	18052.554714208116	18041.64817713216	-10.906537075956294
seelig_cm / by_cre	GGAACAACCCCAGGCATGCCAGGAGGGGAAAGTGGCAGAGGGGACAAGCCCAGGCATGCCCCCAGCAGTAGACAACGACCGGAGGAGGGCAGTGGACAAACAACCCCAGGCATGCCGGCATGCCAGGGTGGCAAGGGAGAGAGAA	51680.0	-1490.127758043573	-1490.1330070670106	4	3	1	0.010498046875	0.9183915793830312	2988.255516087146	2986.266014134021	-1.989501953125	3023.666820640972	3012.8244925493905	-10.842328091581749
seelig_cm / by_cre	GGAACCATGGTCACCTGGGCACAAGTCCAGTGCAAAACATGCCCGGGCATGTTCGCGGTCGACCATAGGTTGGTGGCATGTTCACCCCTGACCACCTTCGGTCAAATTGCATAATGTCGAAACAACCAATGTTTGTACAGTAGAC	51680.0	-1327.7477352524033	-1327.7460262680283	4	3	1	-0.00341796875	1.0	2663.4954705048067	2661.4920525360567	-2.00341796875	2698.906775058633	2688.050530951426	-10.856244107206749
seelig_cm / by_cre	GGAACCCAGGGAACATGTCAATAAAGGCACTCTACTGTAGCGGCTCGTGCATGCAAAAGATTGTGCGAAGATGACCGAGGCGTAGGACTGGCGCACATGTCACAGCACATGTCGCCAGCGCTTAGACTCAATCACATGTCCACTC	51680.0	-775.0202669781289	-775.0151400250039	4	3	1	-0.01025390625	1.0	1558.0405339562578	1556.0302800500078	-2.01025390625	1593.4518385100837	1582.5887584653774	-10.863080044706294
seelig_cm / by_cre	GGAACCGGTGAGCGCGAGTCGTCGAGGATACGCAGGGTGTTATCACGCGAATCTACGCGGTTTACATAATTGTGAGTTATCACTTCCAACACTGACGATGAGTTATCGCTTCAAGATAAAGAAGATATAAGCGAATCGACGTACG	51680.0	-1307.0022913523323	-1307.0107142038948	4	3	1	0.016845703125	0.8967317853366069	2622.0045827046647	2620.0214284077897	-1.983154296875	2657.415887258491	2646.579906823159	-10.835980435331749
seelig_cm / by_cre	GGAAGCGCAAAAACGCTAACGCGCCACCCACATCCAAACCAAACAACAACACCAAATGACTAAAACCACCAATGACTCAAAAGAAAGCGCAGTCGCGGAAGCGCCGCCCACAACAACCAAAAAACCGATAACTCACCACCCACAT	51680.0	-612.0382945825547	-612.042750148961	4	3	1	0.0089111328125	0.924792371657597	1232.0765891651095	1230.085500297922	-1.9910888671875	1267.4878937189353	1256.6439787132913	-10.843915005644021
seelig_cm / by_cre	GGAAGTTCAACATTCCCGGTTATGTAACCTTGGCTGCACTTTGGCTTTGCTGGCGCGTATGCTTGATTAGTGCTTCTCCGTTGGATCAAACATTGCTCGCATCCCCACGAGCGGCGTATGTGTGAACATGCCCGGGCATGTCACC	51680.0	-13331.483637050407	-13331.408930019157	4	3	1	-0.1494140625	1.0	26670.967274100814	26668.817860038314	-2.1494140625	26706.37857865464	26695.376338453683	-11.002240200956294
seelig_cm / by_cre	GGAAGTTGGTACAAACAAGGTCGCCGGCAAGCCGGGAATACTTGGGTAATGGTCTGCCGGTCAGGGACAAAGGTTATGTAATGGTCGCCGGGGTGCATGCCGGCATGCCTGGGCACGTTCGAAGGTAGAAACAAGCCTGGGTTCA	51680.0	-3175.5888669233864	-3175.5952145796364	4	3	1	0.0126953125	0.9102894293217598	6359.177733846773	6357.190429159273	-1.9873046875	6394.589038400599	6383.7489075746425	-10.840130825956294
seelig_cm / by_cre	GGAATAAAAGAATGGGTACTCTGTAGACAGAACAGCAGCATGGGCTGCTTGACTGAGTATACTTAAAGCTATTTCTGGATCATATGCTAACAAGGGGTGGATTACTCATGAGTCTTCTGGGAAGGGGGTGGGGATTTCCTGGAAC	51680.0	-18056.142389509645	-18055.973444197145	4	3	1	-0.337890625	1.0	36120.28477901929	36117.94688839429	-2.337890625	36155.696083573115	36144.50536680966	-11.190716763456294
seelig_cm / by_cre	GGAATCAGCAGATGTTCCTTGTGTGATTGATGTACCGTGTGCTGTTCGGCTTTGCCTGGGCTTGTCCACGTGTCCTCCAAAAATGTAAACAGAGGCGCTGCAACTGTGCCTCAAAGTGGCAGGCAGGGCGGCAAGTCGGTAACAA	51680.0	-2066.0713673349583	-2066.0617237802708	4	3	1	-0.019287109375	1.0	4140.1427346699165	4138.1234475605415	-2.019287109375	4175.554039223743	4164.681925975911	-10.872113247831294
seelig_cm / by_cre	GGAATGAATGTGCATGCCCCCATGCCGGGGCCTGTGGACATGCCCGGGCATGCCCCGGAACGTGACCCTGTGACCAGGCCGGAATGGAACAAAACATGTCCAGCCAGGCATGCCCCCCGGCAGGCCCCCCGGCATGCCGGTGAAT	51680.0	-1276.5018031158863	-1276.4892298736988	4	3	1	-0.025146484375	1.0	2561.0036062317727	2558.9784597473977	-2.025146484375	2596.4149107855987	2585.536938162767	-10.877972622831749
seelig_cm / by_cre	GGAATGCCGGACTGTGAACAACAAGGTCGACCTAGGGGCATGTCCACCGGGAGACCGGTCGAACCATGGACATGCCCGGGCATGCCCCGGACCATCAAACGACCGGAATGACTGGGGACATGCCCGGGCATGCCCCCAGGCACCG	51680.0	-2695.372037612722	-2695.372037612722	4	3	1	0.0	1.0	5398.744075225444	5396.744075225444	-2.0	5434.15537977927	5423.302553640814	-10.852826138456294
seelig_cm / by_cre	GGAATGCGGATGTAGGTTCAAAGGTCACCGCATCCTGAGGTTCAAAGGTCAACAGGTTCAAAGGTCAGGCAGGTTCAAAGGTCAAGAGGTTCAAAGGTCAGGTCCCGAGGTTCAAAGGTCATCTGGCAAAGTTTGGCATAGAATG	51680.0	-1890.7265908693691	-1890.7312295412441	4	3	1	0.00927734375	0.9232672462079756	3789.4531817387383	3787.4624590824883	-1.99072265625	3824.8644862925644	3814.0209374978576	-10.843548794706749
seelig_cm / by_cre	GGAATGTCAAACAAGCCCGCCGGGCATGCCGGCAGGCCGGCAGGCCACAAACACAAAGGGGACATGTCCCGGCATGCCGGCCGGCATGCCCCTGGCCATGCCACCAAGCATGCACCAAACGGACCATGACCAAAGCGGACCATGC	51680.0	-757.6284453244048	-757.6293608517485	4	3	1	0.0018310546875	0.9658682780366371	1523.2568906488095	1521.258721703497	-1.9981689453125	1558.6681952026354	1547.8172001188664	-10.850995083769021
seelig_cm / by_cre	GGACAAACAAACCCGGCATGCCAGCAGGCATGCAGGGACATGTCCAGAACAAAAACGAACAACCGGACAATGACCACGGGCATGCCTGACCATGGCCAGGGACATGACGACCGGTATGCCTGGGCAACCATGCCACCCGGTGAGC	41344.0	-581.4817637754579	-581.4761485410829	4	3	1	-0.01123046875	1.0	1170.9635275509158	1168.9522970821658	-2.01123046875	1205.482257899485	1194.8413448435927	-10.64091305589227
seelig_cm / by_cre	GGACAACTACCTTTCCCTTTCTTAGGATCCGCGATAAGCACCAATTGGCCCGAGGGGCGGATCTTATGAGATCGCGGATGCGTAAATTTCTGAAGAAAACGCTATCCGCGAAAACTGATGAGTCATCAAGCATATATCACTTTCT	51680.0	-587.5423191483115	-587.5528171951865	4	3	1	0.02099609375	0.884789598261432	1183.084638296623	1181.105634390373	-1.97900390625	1218.495942850449	1207.6641128057427	-10.831830044706294
seelig_cm / by_cre	GGACAGGTCCATTGGGGTGACGTGACATGATCAATACGCACTCCAAGGCAAAGGTCAACCATCTGATCTCAACCTCTGATCTACCGGTGAACGGTGGACATGCCCGGGCATGTACAAAACTCCCTCGTAGCTTTGGTCTTTGTTC	51680.0	-3009.9908831511693	-3009.9772112761693	4	3	1	-0.02734375	1.0	6027.981766302339	6025.954422552339	-2.02734375	6063.393070856165	6052.512900967708	-10.880169888456294
seelig_cm / by_cre	GGACATGTCCCGGCATGTTTGCCGGCCGTCGCATTCATTTTGTTTGTTTGTTTGTTTGACATGTCCCGGCATGTTTGTTCAAACATTGCGTAATGTCCGGTCATGTTTTGTTCTTTTGTCCATAGTGCAAACATGCCCGGGCATG	51680.0	-20218.563510657157	-20218.394077063407	4	3	1	-0.3388671875	1.0	40445.127021314314	40442.788154126814	-2.3388671875	40480.53832586814	40469.34663254218	-11.191693325956294
seelig_cm / by_cre	GGACCGCGCTACCGGAAATGACGCGCCCTCCGGAGGATGAAGAACCGTTTACGCTTCTTAAATTGCCTTATCTCTCCAGTGAGCATATATCGGATGCGTCAGTGTAAGAGGCGTACTGAGAAGCGTTTCCTCGAAGTAAATGTCG	51680.0	-4870.267376810762	-4870.261517435762	4	3	1	-0.01171875	1.0	9748.534753621523	9746.523034871523	-2.01171875	9783.946058175348	9773.081513286892	-10.864544888456294
seelig_cm / by_cre	GGACCTACATCATCAGCGACTCCGAGACGCGTAATAAGAACATGTCGTCTGCTCTTATAAGAACTGCCGCTTACTAAGCGTGACTCATAGAGATAACGCGTGTCCTTATGAGTCAGATACATGGGTGGCGCTTCCGCGAATAGAA	51680.0	-5978.253658785487	-5978.230221285487	4	3	1	-0.046875	1.0	11964.507317570973	11962.460442570973	-2.046875	11999.918622124798	11989.018920986342	-10.899701138456294
seelig_cm / by_cre	GGACCTTTTGAACTTTGGAATTTTTGACATGCCCGGGCATGTACATGCCCGGGCATGTCCCAAGGTACAAAGGCCGGAATGTCTACCGGACTGAACAAACATTGCATAATGCCCGGGCATGTACAAGCCCCGTCATGTTTGGTCA	51680.0	-2124.296954486897	-2124.2877992134595	4	3	1	-0.018310546875	1.0	4256.593908973794	4254.575598426919	-2.018310546875	4292.00521352762	4281.134076842289	-10.871136685331294
seelig_cm / by_cre	GGACTGGTCGAATGGCTCAGGATTCCGCCGGCATTACCGATTGATCGATGGTCGGACATGCCCGGGCATGTCCACCGGCCTCGAGCCATGTGCCACACTGTGTGCGCTTTCCCCATTACGTAATGGGAATTCCGCAGTTGCCTTT	51680.0	-4466.761889501072	-4466.743823094822	4	3	1	-0.0361328125	1.0	8941.523779002144	8939.487646189644	-2.0361328125	8976.935083555969	8966.046124605013	-10.888958950956294
seelig_cm / by_cre	GGAGAAACGCGGAGCGCGGATGAGTCAGAGACGCGGAAACGCGGAGGGCGGGGCGATAAGAGGCGCGATGAGTAAGAGGGCGGGTCCGCGGGGCCATCCGCGAATAACGCGGAAGCGCCACCCACGACTCAGAAACGCCGTGCGC	51680.0	-2916.1063724648634	-2916.1114994179884	4	3	1	0.01025390625	0.9193428193266743	5840.212744929727	5838.222998835977	-1.98974609375	5875.624049483553	5864.781477251347	-10.842572232206294
seelig_cm / by_cre	GGAGAAGCGACGCTCACCGTTTAGTTTGGTCCTCAGGACAAAGATAAAGTGATAGAAAGAGGCAATCCAGGCGAGCTGTGATGCATGTCGCTACGGTAATTATTAACCCTTAATATTGAGTATAACGCATTAGCGAACTCCCATG	51680.0	-1471.6991450084552	-1471.7032953990802	4	3	1	0.00830078125	0.9274062806955211	2951.3982900169103	2949.4065907981603	-1.99169921875	2986.8095945707364	2975.9650692135297	-10.844525357206749
seelig_cm / by_cre	GGAGAATGACCAAGAGTGCAAAGATCAATGAATGTATAAACATGCCCGGGCATGTGACCGGGAGAGAGGAGACCAGCGAACATGCCCGGGCATGTGACCGGAGGCCTGCGGACATGCCGGTGCAAAGATCAAAGAGGGGAGAGAG	51680.0	-6863.631200882358	-6863.607763382358	4	3	1	-0.046875	1.0	13735.262401764716	13733.215526764716	-2.046875	13770.673706318541	13759.774005180085	-10.899701138456294
seelig_cm / by_cre	GGAGACGGAAGCGATATCTCCCACGAAAGGGGCGGGCCAATCAGAGAAGACGAGGGCGGGCCAATCGGAGAAGACGAGGACAGATAAGAAAGTGAGACAGCGTATATGCGGGAAGCGATATCTCGAAGAGCCGCACCCACAGGCG	51680.0	-1471.6400232674955	-1471.6397791268705	4	3	1	-0.00048828125	1.0	2951.280046534991	2949.279558253741	-2.00048828125	2986.691351088817	2975.8380366691104	-10.853314419706749
seelig_cm / by_cre	GGAGCAAAGTACCAAAGCCCGGAGTCCATTGTACCGACCCTGTATCCATTCTCAACCTACCTCCCCGGGATTGTTGCTTTACCTTTGTCCGGACAAGGGCCAAAACTTCCACTGCAAGCTTACGTAATTGGGTCCGTAGTCTAGC	41344.0	-239.86331552284724	-239.857883393941	4	3	1	-0.0108642578125	1.0	487.7266310456945	485.715766787882	-2.0108642578125	522.2453613942636	511.6048145493088	-10.64054684495477
seelig_cm / by_cre	GGAGGAACGCAGGGCGCGCGCCGCGCGGAGGAATATTTGCATATGGCGCGGCGTTTCTTCGGAGGCTTGTGATTGGTTGCTGACTGCGGCGCGAAGCGCAGTTGACTTGCGCCGCGCTCGGCGAATCGCAGCCTGTCTTGCTCGC	51680.0	-3529.370039384575	-3529.365644853325	4	3	1	-0.0087890625	1.0	7066.74007876915	7064.73128970665	-2.0087890625	7102.1513833229765	7091.28976812202	-10.861615200956294
seelig_cm / by_cre	GGAGGAAGGAAGTAAATCAGCGTATAGGGAAGGAAGGCGCACGATGAGTCACCCCCAGGGAGCCAGCGCCTATCGCCCTCACCCAGCCACGAAGTCTCAGGAAGCGTCACCCTATCCGTATCTCCGACTCACGCGGCCGATAACT	51680.0	-1968.4008059054554	-1968.393847897643	4	3	1	-0.013916015625	1.0	3944.801611810911	3942.787695795286	-2.013916015625	3980.212916364737	3969.346174210655	-10.866742154081749
seelig_cm / by_cre	GGAGGAGAGCAGTGGACAAACAACCCGGGGGGGAGGTGGACAAAGGCCTCCGGGCATGCCCCCAGCAGTACACAACCAACCCGGGGCATGCCAGGGGGGAGGAGGGGACAAGCCCAGGCATGCCCCCAGCAGTACACAACCACCA	51680.0	-2902.559839862646	-2902.546900409521	4	3	1	-0.02587890625	1.0	5813.119679725292	5811.093800819042	-2.02587890625	5848.5309842791185	5837.652279234412	-10.878705044706294
seelig_cm / by_cre	GGAGGCGGAAGCGATATCTCCCACGAAAGGGGCGGGCCAATCCGGGAAGAGATAAGAAAGTGAGGAAGCGAGACAGCGTATATGCGGGAAGATAAGGCAGCGTATCAGGCGGAAGCGATATCTCGAAGAGCCGCACCCACAGGCG	51680.0	-1476.9707347340632	-1476.9690257496882	4	3	1	-0.00341796875	1.0	2961.9414694681263	2959.9380514993763	-2.00341796875	2997.3527740219524	2986.4965299147457	-10.856244107206749
seelig_cm / by_cre	GGAGGCGTAATGGTTGTCCGGCCATGCCGGCATGTCCGAACTTTGACCCTAGTTTATGTACCAGGTGAAAGAGCAAGCCCAGAGGTTTGGGTACAACAATGGTCATGCCCAGACATGTATGAAACATGCCATTGGAAGCCGACTA	51680.0	-2189.1750970901558	-2189.1653314651558	4	3	1	-0.01953125	1.0	4386.3501941803115	4384.3306629303115	-2.01953125	4421.761498734138	4410.889141345681	-10.872357388456294
seelig_cm / by_cre	GGAGGGTTGTTTGGACATGCCCCGGCATGTTGGGACTGACCTTCCCGGGCATGTCGGGGTGTTTGTACAGACACTCCGGGGGGTGGGCCGGTGGACATGCCCGGGCATGTCCCCTGTTGCATGCCCGGGCATGTTTGGAGTGGGG	51680.0	-10458.624023409437	-10458.576660128187	4	3	1	-0.0947265625	1.0	20925.248046818873	20923.153320256373	-2.0947265625	20960.6593513727	20949.711798671742	-10.947552700956294
seelig_cm / by_cre	GGAGTTGGGCTTATAATGACTCAGCAACACACCCAGACGCGTCTAATTATGCTGGTGTCGGACCTATGACATGCAATGACTCAGCACTATAAAACCTGTCGTGCCGCTTCTCGGTTATCGGAATGACTCAGCAAAGTCAGGCCTC	51680.0	-3420.473082159154	-3420.480894659154	4	3	1	0.015625	0.9005235503397742	6848.946164318308	6846.961789318308	-1.984375	6884.357468872134	6873.520267733677	-10.837201138456294
seelig_cm / by_cre	GGATCCGTCGTAACTTCCTCAATTCGCGGAAGATATCGTGCGGCCGCGAGAGTCCGCGTATTTAAGAAACGGCGAAGAAGGGCGCTTCCTTATCTGCGTGGCCGTATCTCGGAAGCCGGTCGCAGACTCAGGATAACACATGCGC	51680.0	-1467.1093766162483	-1467.1092545459358	4	3	1	-0.000244140625	1.0	2942.2187532324965	2940.2185090918715	-2.000244140625	2977.6300577863226	2966.776987507241	-10.853070279081749
seelig_cm / by_cre	GGATGAGTCAGCGAACCGGCTAGTGATAACTCCTCATGATGAGGCGGAGCGGCAGCTCCTCCGGCGATAGCAGTTCCTCGAAGAAGATAACGGATCATACGCGCCGCCTATCGCGGCAGCGCGCCCTTATAAGCAGAATATAATC	51680.0	-1328.6525371295995	-1328.637766621787	4	3	1	-0.029541015625	1.0	2665.305074259199	2663.275533243574	-2.029541015625	2700.716378813025	2689.8340116589434	-10.882367154081749
seelig_cm / by_cre	GGATGAGTCATCACGATGTTACGTCGTCCGGCCCCCGCGCGGCACCGGCCCCCAGGCCATAAGAGCAAACGGAAGCGTCTTATAAGAAAGACGCGGGTTTCGCGTACGCCGCCGCGCGCGCGGGAAGGCTTACGCGTTAGAAACC	51680.0	-2944.6463445978334	-2944.6429266290834	4	3	1	-0.0068359375	1.0	5897.292689195667	5895.285853258167	-2.0068359375	5932.703993749493	5921.8443316735365	-10.859662075956294
seelig_cm / by_cre	GGATTCTGGGAAGTGGGGGATGAAGCTTGCTCAGTGCAGTCTGAGCCGTGGTGATAAACATATCACTTTATGGTCCACTGACCTCACCAAGGAACCTCCTTTCCCTACTGCTCCTCTCTCCACGGCATGGCCCGGTGACTCATAC	51680.0	-2276.199832757697	-2276.191776117072	4	3	1	-0.01611328125	1.0	4560.399665515394	4558.383552234144	-2.01611328125	4595.81097006922	4584.942030649514	-10.868939419706294
seelig_cm / by_cre	GGCAAGGTCTTTGACCTGACTGGAGTGCGACATGTACCAGTGGGCTTGCCGGAACATGTCCGGTTGAACTAAACACCAACGGACCAAACTGTCAGACATTCAGAACGTAAACCTCCGGACACTCTTTTGTCAAGTTTCAACCTTG	51680.0	-776.8174107467476	-776.8256504928413	4	3	1	0.0164794921875	0.8978542131381473	1561.634821493495	1559.6513009856826	-1.9835205078125	1597.046126047321	1586.209779401052	-10.836346646269021
seelig_cm / by_cre	GGCACCGTACCAATAAGTCACTTCCGGATTAGGCGGCGCCGCCCATTGGGAGTTCCCGTTTCGATAGTATGTTATATTATATCTAATAAGATTTCGCGAATCCGCGCTCTGCGATATTCTAATCCGAGATAACGTATCGTTATAA	51680.0	-1747.7520229463228	-1747.7510463838228	4	3	1	-0.001953125	1.0	3503.5040458926455	3501.5020927676455	-2.001953125	3538.9153504464716	3528.060571183015	-10.854779263456749
seelig_cm / by_cre	GGCAGACATGCCTGGGCATGCCCCCCTGAGAGCATGCCCCGGCATGTCGGGCGACCAGGAGACATGCCTGGGCATGCCCCCAGGAGAGCAGGGGGGAACAAAGGCCGCAGTCCGGAGGTGACCGAAGGTCGCTGGGCATGCCCCG	51680.0	-1686.294266985567	-1686.2816937433795	4	3	1	-0.025146484375	1.0	3380.588533971134	3378.563387486759	-2.025146484375	3415.99983852496	3405.1218659021283	-10.877972622831749
seelig_cm / by_cre	GGCATGCCAGGGGGTTTTGTTTGTTTTGATCATTGTTTGCTTTGCTCTGGGTGGTTTTGTTTGTTTTGTGCCGGCATGCCAGGGGTCATTGTTTGACATTTGACCGGGATCAATGTTGACAGTACGTAGTCTGTCATGTTCGGAC	51680.0	-2607.289874412127	-2607.278643943377	4	3	1	-0.0224609375	1.0	5222.579748824254	5220.557287886754	-2.0224609375	5257.99105337808	5247.115766302124	-10.875287075956294
seelig_cm / by_cre	GGCATGGAACAAACCAGGTAGGACCATGCCGGCATGCCCCTGACCAGAACAAACAAAGGAGCCCGGGCAATGCCGCCGGGCATGCCGAACGCGACCGGAATGAATGTGCCGGCATGCCGGCCGGCATGACCAGACCGGAATGAAT	51680.0	-553.8056224849983	-553.8073314693733	4	3	1	0.00341796875	0.9533795178296435	1115.6112449699965	1113.6146629387465	-1.99658203125	1151.0225495238224	1140.173141354116	-10.849408169706294
seelig_cm / by_cre	GGCATTATTCTGCCACCATGGTTATGTAACCTGGCATGTCTACAGGTGAACCTACGGACAAGCCCACCGGACAGTGGGCCCTTTGTGCAAACGTAGACTGGAATGCTTCAACAATCAAGCACAATACCGTCGGACATTTTTGTTC	51680.0	-417.7296562042452	-417.7355155792452	4	3	1	0.01171875	0.9137948648205594	843.4593124084904	841.4710311584904	-1.98828125	878.8706169623164	868.0295095738599	-10.841107388456521
seelig_cm / by_cre	GGCCACTTGTGGAAGCGGTTCCGCGATATCGCCGTGCCCAGCTCCAAGAGTATGGGCTTATCCGTATATCGCATATCGTACTCGGGAGTTGGGTCCCGGAAGAGAAGCGCTACTTCAGCGTGATGAGATATCTGCATCCATAAGC	51680.0	-1163.1653350478311	-1163.1736358290811	4	3	1	0.0166015625	0.8974786746410168	2334.3306700956623	2332.3472716581623	-1.9833984375	2369.7419746494884	2358.9057500735316	-10.836224575956749
seelig_cm / by_cre	GGCCATGGGTTTAAGATATCGCAGATGACTCATACGCATGAGTCGCGCCCTCTAGGGGTGGCGCGTAGTAATTCTTCGAAGAACGCGTTTCGCTTATCAGTCATTCGTTAGTCGGCGACGCTTTTTCCCGAAAGATAAGTAACGA	51680.0	-3262.374366772948	-3262.368751538573	4	3	1	-0.01123046875	1.0	6532.748733545896	6530.737503077146	-2.01123046875	6568.160038099722	6557.295981492516	-10.864056607206294
seelig_cm / by_cre	GGCCCAGAATAGGACCTGTCTAGCAGCTGCCCCTGTCCAGCCCCTAACTGAGAATGTGTAGACGCCTGTCTAGCCAGGGGAGCGTGGAACAAGCCCAGGCAAGTCTGACCGTTTGACTCATCCCCCGCAGGTCAGGGGTGGAGTG	51680.0	-3803.822811459406	-3803.807674740656	4	3	1	-0.0302734375	1.0	7615.645622918812	7613.615349481312	-2.0302734375	7651.056927472638	7640.173827896681	-10.883099575956294
seelig_cm / by_cre	GGCCCAGGGCGCCATGTTTATACAGATCACGTTTCCGAGGTGGATCCTTTGATCAAAATTCCGGTGACCTGAGGACAGTCCAAACATGCCTGGGCATGTCCCGGGCTGAACATAATGTCGAGCCGCTGCGGGTGTCAGAGTCGCC	51680.0	-1815.4368377674944	-1815.4358612049944	4	3	1	-0.001953125	1.0	3638.8736755349887	3636.8717224099887	-2.001953125	3674.284980088815	3663.430200825358	-10.854779263456749
seelig_cm / by_cre	GGCCCATCTTTCGCGTGAGGATACGCGCGATAACGCGTATACTAGGAAGATATTAGGCAGCGAAACTTACACTGTCTTTTCTATATCTGAAGAATAGCTTGAGTCGCAAGTTGACGACTTATCGCGCATACGCGGAGTTGCGGGA	51680.0	-2204.773422729022	-2204.773422729022	4	3	1	0.0	1.0	4417.546845458044	4415.546845458044	-2.0	4452.95815001187	4442.105323873414	-10.852826138456294
seelig_cm / by_cre	GGCCCCACTGAGCTGGTCATCACCTTTGATCTCCACAAAGTTGATTTCTTCTCTCCCTCGGTTCCTCTTGCCCTGCAGCCGCTTAAACTGGAAAAGAAAAAAATGCAGGAGTCAGGAATCTGGGCAAGGGTGTCAGCAGATGCCA	51680.0	-643.7995561001476	-643.7955277798351	4	3	1	-0.008056640625	1.0	1295.5991122002952	1293.5910555596702	-2.008056640625	1331.010416754121	1320.1495339750395	-10.860882779081521
seelig_cm / by_cre	GGCCGATGAGTCGTACCCACGCTAAAGTAGCAACGCCCCGTCCTTCTTAGACGACGCATCCGGATATAACGTCAAGTGCCGGTCAAGGCCGATTCACTATATATCGGCGTCTTTTCTTATAAGCATGTGAATCGCCCAACAGCTC	51680.0	-659.1809986150166	-659.1707447087666	4	3	1	-0.0205078125	1.0	1326.3619972300332	1324.3414894175332	-2.0205078125	1361.773301783859	1350.8999678329028	-10.873333950956294
seelig_cm / by_cre	GGCCGGCAGAGCTCCCGCTGGCCTTGCCCGGGCTTGTCTTTTGTTGCATTGTTGCATCATCATGCGGCCTTGCAGGGTGCCAGAAGAGTGAGCCACCCACTCACCACTGGAAGAAAACAGCTAATTATATCACCAAGAGACCCAG	51680.0	-1035.9040194038466	-1035.9020662788466	4	3	1	-0.00390625	1.0	2079.8080388076933	2077.8041325576933	-2.00390625	2115.2193433615193	2104.3626109730626	-10.856732388456749
seelig_cm / by_cre	GGCGGAGGGCGCGACTTCGCGATAGGACGCGCGATTTAATTACTTTTATTCCCGATATAGCGTTTCTCCTGCTCCGACAGCGTTTATGACTCATCAGCACTGTGCGCATATATCGGTTCCGGGAAAAAGAGGATGAGTCACGCGC	51680.0	-6172.612031455813	-6172.592988487063	4	3	1	-0.0380859375	1.0	12353.224062911626	12351.185976974126	-2.0380859375	12388.635367465451	12377.744455389495	-10.890912075956294
seelig_cm / by_cre	GGCGGATTCCGCGAATCATAAGCCGCACGCGGCTCTATTCGACAGAGGCGAGTTATCGGAGATAACGGATGAGATAAATTCTTACGATGCGCGGGAAGCGCGCCCCGCTTCTTAGAAGAGAGAAACGATTTTATCGCTCGAAATC	51680.0	-1018.0258914339692	-1018.0243655550629	4	3	1	-0.0030517578125	1.0	2044.0517828679383	2042.0487311101258	-2.0030517578125	2079.463087421764	2068.6072095254954	-10.855877896268794
seelig_cm / by_cre	GGCGGCGCGTGAGATAACGCCTTTTTCGAAAACTGATGCGGGAAACGCGGAGCGGGTGACGCATCCGTATACTTCTTATTATAAGGCGAATGAGTCATCAGCCTTATAGGGCGGGCGCGGACCGCTAAGTGAGAGTCAGCGTATA	51680.0	-1863.0988085832012	-1863.0924609269512	4	3	1	-0.0126953125	1.0	3734.1976171664023	3732.1849218539023	-2.0126953125	3769.6089217202284	3758.7434002692717	-10.865521450956749
seelig_cm / by_cre	GGCGGGGGGGGGAGTCACTTCCTTATCAGGAAGTCACGATACGCCGTGGGCGGGGCGGGCCCCGCCCCCCCCCCCCCTTGTCCTCCCCCCGATGACTCGTCTCTCCCTCTCGCGGATGACGCTTCCTTATCGGGGCGGCGGGGGG	41344.0	-90.23186778641286	-90.22902965164724	4	3	1	-0.00567626953125	1.0	188.46373557282573	186.45805930329448	-2.00567626953125	222.9824659213948	212.34710706472129	-10.63535885667352
seelig_cm / by_cre	GGCGTGCTGGCTTGACCGGGATCATTGTTTACAGGTCTACATTACGTAGTCAGACTTTGTTTGTTTTGTGCCGGCATGCCAGGGGTCATGTTCGGACATGTGACCGAGGTTTTGTTTTTGCTCATGCTGGCAAGTCGGCATTACA	51680.0	-8561.560444988083	-8561.527730144333	4	3	1	-0.0654296875	1.0	17131.120889976166	17129.055460288666	-2.0654296875	17166.53219452999	17155.613938704035	-10.918255825956294
seelig_cm / by_cre	GGCGTTTCTTATGGGTGGTTCCTCTTATCTGCGCGTGGCGCTTCGTCGCCTCCCCGCCAGATACGCTTCCATCCGCGCGTGGCGATACGCAGATACGCGTGGCTCTTCCGCGATATCTCGCCAGATATCGCGTCCTCCAGATGCG	51680.0	-787.121774586746	-787.1217135515898	4	3	1	-0.0001220703125	1.0	1582.243549173492	1580.2434271031796	-2.0001220703125	1617.654853727318	1606.8019055185491	-10.852948208768794
seelig_cm / by_cre	GGCTCATCGTACCACTAGGCTGACATGCCCGGGCATGCGACGTAGGGGTGGTCGGGGCACTGCTTCGAAGTCGCTACATGCCCGGGCATGCTTGCGAAAGCCTGTTCTGTCCGAGATAATCCGCAACCGAATTCAGAGGGCGCCA	51680.0	-8186.13068396913	-8186.09455115663	4	3	1	-0.072265625	1.0	16380.26136793826	16378.18910231326	-2.072265625	16415.672672492085	16404.74758072863	-10.925091763456294
seelig_cm / by_cre	GGCTGTCTCATCCATGAGCGCGGGGCACACTCTGATGTTGCAGGATGATGAAATCACCTAACAACGCATTTCTCAGAATGCATCTGCACTGTTAATTGACACATGACTGTGCTTTCTCGTGAACCACCTTTTCCCAGAATGATGA	51680.0	-4075.150792470414	-4075.131261220414	4	3	1	-0.0390625	1.0	8158.301584940828	8156.262522440828	-2.0390625	8193.712889494655	8182.821000856198	-10.891888638456294
seelig_cm / by_cre	GGCTTCCAGGACGCGCGTTTTCTTCCAGATAAGGCTTCCGCGAGATAAGGTTACTTCCTCGTAAGGCCCCGCCCATGCGCTTTCTTATCTGTCTTCCCTCCCTGAGTCAGCGCCTCCGATAGGCGCTGACTCATCCTTCTCTTCC	51680.0	-1315.2002089123282	-1315.2044813732657	4	3	1	0.008544921875	0.9263494558546113	2638.4004178246564	2636.4089627465314	-1.991455078125	2673.8117223784825	2662.9674411619008	-10.844281216581749
seelig_cm / by_cre	GGCTTCCAGGATACGCGTCTTCGAGGACGCGTCTTCTTATCTGTCCTCCTTCCTTGAGTCTGCTCTTCCTTGAGTCAGCCCCGCCCATATGCGCTGACTCATCCTTCTCTTCACGCGCGCGGAGACGCGTTTTCTTCCTCGTAAG	51680.0	-446.6482276329357	-446.63708871692006	4	3	1	-0.02227783203125	1.0	901.2964552658714	899.2741774338401	-2.02227783203125	936.7077598196973	925.8326558492096	-10.875103970487771
seelig_cm / by_cre	GGCTTCCTCGACCCCGCGGGTGAGTCACCCGGATCCGCCTATAGGCGCGGCTTCCTCGACCCGGCGGGTGAGTCATCCGGCGGGTGAGTCATCCCGATATCGCTTCTCAGATATAGGGGGGCGGCGCTTCCGAGGGCGGGGCCGT	51680.0	-1433.1671272288538	-1433.1660285960413	4	3	1	-0.002197265625	1.0	2874.3342544577076	2872.3320571920826	-2.002197265625	2909.7455590115337	2898.890535607452	-10.855023404081749
seelig_cm / by_cre	GGCTTCGAGGACTTATCTGTCGTGCGAGATAACGCTTCTGCGAGATAAGGTTACTTCCTCGTAAGGCCCCGCCCATGCGTTCTCTTGAGGACACGCTTTCTTATCTGTCCTCCCTCGCTGAGTCAGCCCCGCCCATAGGCGCTGA	51680.0	-386.4512361297994	-386.44357621769	4	3	1	-0.01531982421875	1.0	780.9024722595988	778.88715243538	-2.01531982421875	816.3137768134247	805.4456308507495	-10.868145962675271
seelig_cm / by_cre	GGGACATGTCCGGGCATGTCCACATGACCAAAGCACAAAGAGGGAGAGAGGGGGGGAGGGGGGGGGGGGGGGGGGGGGGGGGGAGGGAGCAATGTACAAACATGCCGGGAGAGCAATGGACAAACATGCCGGGGCATGTCCAAAG	51680.0	-422.17174652308853	-422.1570370504323	4	3	1	-0.0294189453125	1.0	852.3434930461771	850.3140741008646	-2.0294189453125	887.754797600003	876.872552516234	-10.882245083769021
seelig_cm / by_cre	GGGACATGTCCGGGCATGTCGACATGACCAAAGGACCAAAACAAAAAAAAAAAAAAACAAAAAGGGAATGTACAAACAAAACAAAAAGGGAAAAAAGCAATGTACAAACATGCCGGGGCATGTCCAAAACACAAAGAGAGAGAGA	51680.0	-3738.229689283805	-3738.21967951818	4	3	1	-0.02001953125	1.0	7484.45937856761	7482.43935903636	-2.02001953125	7519.870683121436	7508.9978374517295	-10.872845669706294
seelig_cm / by_cre	GGGACTGGGCCACAAGGAGCCATTCATACTCAAAAGCCCTGTAACCGGCCGGGTGCGATGACTCATGCCTGTAATCCCAGCACTGTGGGAGGCCGACACGGGTGGATAACTTGAGCTCAGGAGTTCCGGACCACCCTGGGCCACA	51680.0	-970.0122752020608	-970.015510065342	4	3	1	0.0064697265625	0.9358916008900234	1948.0245504041216	1946.031020130684	-1.9935302734375	1983.4358549579474	1972.5894985460536	-10.846356411893794
seelig_cm / by_cre	GGGAGCGCTAACAGGAAGTTTTATCGAGCGTTTCCTTATCGGTATTTAGAAATATGAAACTTCCTTATCGTCAAATCGCAATTACGTCGTATCGGGCGCCGCCCCTTCCTGAAACGTACGAGGCGCCGCTTCTTTTTTAATTGTT	51680.0	-3222.0786736205673	-3222.0737908080673	4	3	1	-0.009765625	1.0	6452.157347241135	6450.147581616135	-2.009765625	6487.568651794961	6476.706060031504	-10.862591763456294
seelig_cm / by_cre	GGGAGGGCGTTTCCTGGCTGGGGAAGGGAAGGCACTCCACACAATCTGCATAATGGATGCGCCCTCCCCCTCCCACAGGCTCCCTCTCCCTTCCCCCCACACCAGCTCTGATCTGTGTGCCGCAGAGGCACAGCTTCTTCGCATT	41344.0	-375.77904078218404	-375.7704653427309	4	3	1	-0.01715087890625	1.0	759.5580815643681	757.5409306854618	-2.01715087890625	794.0768119129372	783.4299784468886	-10.64683346604852
seelig_cm / by_cre	GGGATCCGCACCTTTTTTATAGATGCGAGGCGCCGCGTCTTATAAGAAGCGCCGCCCCTTTTTTTTTATAAGAAGCGAAGTAAAGGGTAGTTATTTCGCGATATCGCAAGAAGCGCCTTCCGCTATCGCATATGCGCTTTCTTTA	51680.0	-1341.0424483475829	-1341.0326827225829	4	3	1	-0.01953125	1.0	2690.0848966951658	2688.0653654451658	-2.01953125	2725.496201248992	2714.623843860535	-10.872357388456749
seelig_cm / by_cre	GGGCAGTGGTGGTGACCGGGAGGTTTGCCGGCATTCCGGTTTGCCTTTGGTCCTTTGGACAGGGGCATGTTTGTTGGGACATGCCCGGGCATGTCTACCGACATTCCGTGACCTTTGTACATTCCCATTCCGTGACAGGGGTGCA	51680.0	-5356.9681533293515	-5356.9637587981015	4	3	1	-0.0087890625	1.0	10721.936306658703	10719.927517596203	-2.0087890625	10757.347611212528	10746.485996011572	-10.861615200956294
seelig_cm / by_cre	GGGCGATGACTCATAAGTAGGCGCTTCCTGAGTCTACGAGAAATAGGAAGCGAACTCCGTGTAACGGGATGACGCATCGGCGCTTGAGGATTCGTTAGAAGAAAGATGCGTCCTCGATATAAGGCGCGCGCCTATTGCGAAAAAG	51680.0	-5869.439837591156	-5869.417376653656	4	3	1	-0.044921875	1.0	11746.879675182312	11744.834753307312	-2.044921875	11782.290979736137	11771.39323172268	-10.897748013456294
seelig_cm / by_cre	GGGCGCGGGCGGCGCTTCCGAGAGAGGGGCGGGCGCTGACTCATCCGGCGGCCCCGGGACTGAGTTATCGCTTCCTAGATATAGGGGGGCGGCGCCGCGGGCCGATAGGCGCGGCTTCCTTGAGCCGGCGGGTGAGTCATCCGGC	51680.0	-809.1742645117614	-809.1773162695739	4	3	1	0.006103515625	0.9377286208434489	1626.3485290235228	1624.3546325391478	-1.993896484375	1661.7598335773487	1650.9131109545174	-10.846722622831294
seelig_cm / by_cre	GGGCTGACCGCCAATCTGCAGCCTGAAGAAGAACCTCCCCCCGATGACTCATCCAACAGTCAGCTATTATGGCTAGAGCTCAGACATGAGGAAGTCCTTGTAAGCTAAGTAAGGGCTGAATCATAAGGAGTAATAAAAACAAAGT	51680.0	-2293.360678625176	-2293.366782140801	4	3	1	0.01220703125	0.9120244006842477	4594.721357250352	4592.733564281602	-1.98779296875	4630.1326618041785	4619.292042696972	-10.840619107206294
seelig_cm / by_cre	GGGCTGACTCATCCGTCCGCCCCGGGGCTGAGTCATCCGGCGCCGCCGATTCGCCGATATCGCCCCCCTCCTCCCCTCAGTCTGCGCTTCCTAGATATACGCGTATCGCCGCGCCCTCCTTGAGCCGGCGGCTGAGTCACCCCGA	41344.0	-680.5829559180114	-680.5918060156677	4	3	1	0.0177001953125	0.8941601004772184	1369.1659118360228	1367.1836120313353	-1.9822998046875	1403.684642184592	1393.0726597927621	-10.61198239182977
seelig_cm / by_cre	GGGGACATGCCCGGGCATGTCCGTTTTGGTGTGCTGGGTCATGTACATGTCCGGGCATGCCTCTGGACCTTTGGTGACATGCCCGGGCATGTCCCCATGTTTGTTCATTCATTCCGGGGGCCCGGGACATGTACATTCCGGTGGA	51680.0	-6732.062772923577	-6732.049833470452	4	3	1	-0.02587890625	1.0	13472.125545847153	13470.099666940903	-2.02587890625	13507.536850400978	13496.658145356272	-10.878705044706294
seelig_cm / by_cre	GGGGACATGTCCGGGCATGTACATGCCCGGGCATGTCCGCTGTCCCCGGGTTGTTTGTTTGGTCATGTCGGTTCACTGTGGGTTGTTTGGACCTTTGGACCTTGGTAGACATGCCGGGGCATGTCTCCGGACTTTGTGTGACGTG	51680.0	-13285.753998514112	-13285.679779764112	4	3	1	-0.1484375	1.0	26579.507997028224	26577.359559528224	-2.1484375	26614.91930158205	26603.918037943593	-11.001263638456294
seelig_cm / by_cre	GGGGAGAGCAGGGGTGAACAAAGGCCGCAGAGCATGCCCCGGCATGTCGGCCGGTGACCGAAGGTCGCTGGGCATGCCCCGGCATGTCCGCAGAGCAGGCGAGCAGGAGACATGCCTGGGCATGCCCCCAGAAGAGCATGGCGGC	51680.0	-3428.7636093278443	-3428.7633651872193	4	3	1	-0.00048828125	1.0	6865.527218655689	6863.526730374439	-2.00048828125	6900.938523209515	6890.085208789808	-10.853314419706294
seelig_cm / by_cre	GGGGAGAGTGGAGAGCAGGAGACATGCCTGGGCATGCCCCCAGGAGCCCCTGAGAGCAGGGCGGCATGCCGGCCGGAGTGCAGAGGTGAACGAAGGTCGCAGTGAACAAAGGCCCCAGAGCATGCCCCGGCATGTCCACCGGGAG	51680.0	-6235.2862254793345	-6235.2759715730845	4	3	1	-0.0205078125	1.0	12478.572450958669	12476.551943146169	-2.0205078125	12513.983755512494	12503.110421561538	-10.873333950956294
seelig_cm / by_cre	GGGGATCCGCGCCGTCGCCGATTGGCGGATGTCTCTTCTCGCGGATGGGGCGCGCCGCCGATTGGGCGGCGCGGCGTCGTGGCGTCCCGCCCTGTTTCTTATTGGCGGATGCGTCTTCTCGCGGATGTCTTCCGCGCGTCCTTCG	51680.0	-316.95951120912963	-316.95111887514526	4	3	1	-0.01678466796875	1.0	641.9190224182593	639.9022377502905	-2.01678466796875	677.3303269720852	666.46071616566	-10.869610806425271
seelig_cm / by_cre	GGGGCATGTTTAAACATTATGTAATGAACTGGGGAGTGGGGGTGCAAAGGTTAAATAACAATTGCGGACATGTTTAGACATGTTCGGAATGGAGTTTGGACTTTCGGTCAAAGGTAAAAGAGAGAATGGGGGCATGTATAATGAT	51680.0	-8429.11329697106	-8429.09864853356	4	3	1	-0.029296875	1.0	16866.22659394212	16864.19729706712	-2.029296875	16901.637898495945	16890.75577548249	-10.882123013456294
seelig_cm / by_cre	GGGGCCCCGCCCCGGGGCCCCCCCCCGCTTCCAGGAAGTGACTCATCCGCGGGGGGCGGGCCCCCCCCCCCCCACCCAGAAGAGGATGAGTCATCCTATATCGGCGGGGGGCCCAGCCTATAGGCCGGCCCCCCCCCCCCCCCCC	31008.0	-72.91183088036087	-72.88628766747024	4	3	1	-0.05108642578125	1.0	153.82366176072173	151.77257533494048	-2.05108642578125	187.19166381948372	176.79857687901196	-10.393086940471761
seelig_cm / by_cre	GGGGCCTTTCCGGAAAGGCGCGGTATCGCGCGTTATCGTATTTTTTTTATAAGACGCGCCGCACTTTATTTTTATTTAAAAAAAAGGCGCGCCACTCGTTATAATAAGCGGCGCCCTCCCCTCGCGCCTCGCTTATCTATATGTG	51680.0	-974.6246146002163	-974.6159476080288	4	3	1	-0.017333984375	1.0	1957.2492292004326	1955.2318952160576	-2.017333984375	1992.6605337542585	1981.790373631427	-10.870160122831521
seelig_cm / by_cre	GGGGCGTGGGACCTTTGTACACTGGTTGACATGCCCGGGCATGTCCATTCCGGTGGACTGTGGCATGGTTGTGTATACATTCCGGGGCATGCCTTTGTACCTTGGTTGACATTCCGACATGCCGGGGCATGTCCCCCTGCCCCCT	51680.0	-2022.18555060042	-2022.1878699363574	4	3	1	0.004638671875	0.9456998244647828	4052.37110120084	4050.375739872715	-1.995361328125	4087.782405754666	4076.934218288084	-10.848187466581749
seelig_cm / by_cre	GGGGCTTATCGGAAGTCGCGCCCCTTTTTATATTTTGCGTAAGGCGCGCCACTTTATCGAGAAAGCGCCTTTCTTGAAAAATATCGGGATGTGACGCTTTCGAAGACTCATACGCCTCCTCTTTCTTATATCGCGTAACTTTTTC	51680.0	-1187.8857680821359	-1187.8875991368234	4	3	1	0.003662109375	0.9517451789484365	2383.7715361642718	2381.7751982736468	-1.996337890625	2419.182840718098	2408.333676689016	-10.849164029081749
seelig_cm / by_cre	GGGGGAGGAGCGCCCGCCTATAGGCGAATCCGCATCTGCGCCGATAACGCGGAAGAAGGATAACTCACAACGCGGACGCGCGGATCCGCGGATCCGCCACGCCGCGTCCGCGCCGCCCCGCGGACGCGCCGATGGGGGCGGGTCT	51680.0	-694.7347448857531	-694.7395666630969	4	3	1	0.0096435546875	0.9217722101918968	1397.4694897715062	1395.4791333261937	-1.9903564453125	1432.880794325332	1422.037611741563	-10.843182583769021
seelig_cm / by_cre	GGGGGCAGGAACAATAAAGGACTGAACCTCCTCCAGGCCACACCCCTTCGTCTCGAGAAAGCAGCCCCACACTGCCCTCTGGTGGCAACGCTCACATGGTTATCCAGTTGAGGGGCAGGTCCCAGATTAGAACCTTGAACTGGTC	51680.0	-1442.6534005804333	-1442.6558419866833	4	3	1	0.0048828125	0.9442914607802155	2893.3068011608666	2891.3116839733666	-1.9951171875	2928.7181057146927	2917.870162388736	-10.847943325956749
seelig_cm / by_cre	GGGGGCCCCGCCCAGAAGAGGATGAGTCATCCTATCGGGGCGGAGCCCCGGAGGAGTAACTTCCTATATCGGCGGGGAGGCCAGCCTATAGGCGGGGCCCCCCCCCGCTTCCAGGAAGTGACTCATGGGCGGGGGCCCCCCCCAC	41344.0	-231.96824931717458	-231.97093486404958	4	3	1	0.00537109375	0.9415771425558392	471.93649863434916	469.94186972809916	-1.99462890625	506.45522898291824	495.830917489526	-10.62431149339227
seelig_cm / by_cre	GGGGGGCATGCCTGGGCATGCCCCGGCATGTCCACAGCGGCATGCCGGCCGGAGTCCGGAGGTGACCGAAAGTGGAGAGCAGGGGACATGCCTGGGCATGCCCCCCTGCCAGCAGGGGTGAACAAAGGCCGCAGTCCGCCGGCAG	51680.0	-4057.057875299844	-4057.061293268594	4	3	1	0.0068359375	0.9341062040117134	8122.115750599688	8120.122586537188	-1.9931640625	8157.527055153514	8146.681064952558	-10.845990200956294
seelig_cm / by_cre	GGGGGGGCCCCGCCTATAGGGGCGGCGCTTCCAGGAAGTGACTCATCGGGGGGGGGCGGGGGGGGCGGCCTATAGGGCCGGGGGGGGGGGACTTCCCGGAAGCGCCGCCCCAAGAGGATGAGTCATCCTATATCGGCGGAGGGCC	31008.0	-82.2912086430481	-82.2965568486145	4	3	1	0.0106964111328125	0.9176268972235284	172.5824172860962	170.593113697229	-1.9893035888671875	205.95041934485818	195.61911524130048	-10.331304103557699
seelig_cm / by_cre	GGGGGGGCCCGCCGCGTGACTCACTCCGAGATACGCGGATCCGGCGGGTGAGTCATCCCGCGATACCGCGCCTTCGAGATATCGCGGGGCCCCTGGGGGGCCCCCCCCAGCCTGAGTCATCTCGGGGGGCCGGCCTATCCGCGCG	41344.0	-208.99460883180257	-209.00046820680257	4	3	1	0.01171875	0.9137948648205594	425.98921766360513	424.00093641360513	-1.98828125	460.5079480121742	449.88998417503194	-10.61796383714227
seelig_cm / by_cre	GGGGGGGGGGCGGGAAGTCGCGGAAGCGCCCGCCCCCCCGCCCCCCCCCCGATGACGCGTCGTTATCTCGTTAGCAGGAAGTCACGATACGCCTTCCGCCCCCGCCGATGACGCTTCCGGCTGATGGGGGGGAGTCGCTTCCTTA	51680.0	-521.8812023394636	-521.8774486773542	4	3	1	-0.00750732421875	1.0	1051.7624046789272	1049.7548973547084	-2.00750732421875	1087.173709232753	1076.313375770078	-10.860333462675044
seelig_cm / by_cre	GGGGGGGGGGGGCGCCTCTTCCTTATCAGGAAGTCACGATACGCCGTCGGCGGGGCGGGGCCCGCCCCCCTGTCTTCTCGCCCCCCCGCCGATGACGCGTCGTAAGCGGCGGGGCGGGCGGGGAAGTCACTTCCTTATCCGCCGG	41344.0	-444.8036188549277	-444.7998041576621	4	3	1	-0.00762939453125	1.0	897.6072377098554	895.5996083153242	-2.00762939453125	932.1259680584245	921.488656076751	-10.63731198167352
seelig_cm / by_cre	GGGGGGGGGGGGGGGGGGGAGGTTTAAACATGCGGGGAGATGTACATAAGGGGATTGTTTGGAACTTACGGAAAGGCAAGCGGGGAGAAGGTCGAACAATGGTTGTTGCGTAAGGGGAATGTTGCGGAATGTTGAACTTACGGAA	51680.0	-521.9562123922694	-521.9615529684413	4	3	1	0.01068115234375	0.9176854631501594	1051.9124247845389	1049.9231059368826	-1.98931884765625	1087.3237293383647	1076.481584352252	-10.842144986112771
seelig_cm / by_cre	GGGGGGGGGGGGGGGGGGGGGGGGGGGGGGGGGGGAGGTTTAAACATGCGGGGAGATTTACATAAGGGGAATGTTGGGAGCTGACGGAAAGTTGAACTAACGGAAAGTCGAACAATGGTTGTTGCGGAATGTCGGAAAGTTGAAC	41344.0	-65.19557189941406	-65.33352661132812	4	3	1	0.275909423828125	0.5993949462808403	138.39114379882812	136.66705322265625	-1.724090576171875	172.9098741473972	162.55610098408306	-10.353773163314145
seelig_cm / by_cre	GGGGGTTTCTCGCAGATACGCTTTCTGGATGTAAGATATCGTCACTCCCCGATAGCGCTTGTGACTCACTTCCGGATTCGCTGGATGACTCATATCCTGGATGAGTCACTTCCAGGAAGTTACTCACCCTTCCTTTCCTATAGGC	51680.0	-7896.425506598497	-7896.384246832872	4	3	1	-0.08251953125	1.0	15800.851013196994	15798.768493665744	-2.08251953125	15836.26231775082	15825.326972081113	-10.935345669706294
seelig_cm / by_cre	GGGGTGAGTGCGCCATGTTTAGACATGCCCCGGCATGTTGGTCCACACAGGGAGGTGGGCAGGCCCGTGGACATGCCCGGGCATGTCCCCTGGTGCATGCCCGGGCATGGCCCCAGTCCTGTTTGGCCCCTGTGAGGTCCACACA	51680.0	-2145.2168915576194	-2145.214328081057	4	3	1	-0.005126953125	1.0	4298.433783115239	4296.428656162114	-2.005126953125	4333.845087669065	4322.987134577484	-10.857953091581294
seelig_cm / by_cre	GGGGTTGGGTTGTGGGGGGGTGGTGTAGACATGCCCGGGCATGTCCCCTGTTGTTTGTTTGGTCATGTCCCCTGCCCTCCGGACTTTGGTTGACATTCAGACATTCCGGGCCCTCTTTGTGTTTGGACATGTCCCCCTCCCCCCT	51680.0	-1457.7923262506697	-1457.8002608209822	4	3	1	0.015869140625	0.8997534734354865	2923.5846525013394	2921.6005216419644	-1.984130859375	2958.9959570551655	2948.1590000573337	-10.836956997831749
seelig_cm / by_cre	GGGGTTGTGTACACATTCCGACATGCCCGGGCATGTCCCCTTTTCCACTCCTGTTGACTTTGCCATGGTTGTTCATTGTTCCCTGGTCCCTTTGCCCTCTTGGTCCATACATTCCCGGGCATGTCCCCTGGGCCTTGTTTGGGGA	51680.0	-841.8797335180398	-841.878085568821	4	3	1	-0.0032958984375	1.0	1691.7594670360795	1689.756171137642	-2.0032958984375	1727.1707715899054	1716.3146495530113	-10.856122036894021
seelig_cm / by_cre	GGGTATGAACATGCCCCCTTACATTCCCGGACAATTTCCGGCATGCGACCAGGGCGGAGGCCAAACTCCCGGCATTACATCATGCGCGAGTGCAAAAGGCCGGAGGTCGACCATTGGACAATCCCGGTGAATGCCTGCGTGCAGT	51680.0	-691.7307204633744	-691.7174758344681	4	3	1	-0.0264892578125	1.0	1391.4614409267488	1389.4349516689363	-2.0264892578125	1426.8727454805746	1415.9934300843056	-10.879315396269021
seelig_cm / by_cre	GGGTCCATGTACTACTGGTGGGGACAGATAAGCTACCCTCACCTGGTGGGGACAGATAAGGCCCACCTTCGACGGTAACGGAGATGTTACCGCCCTGGTGGGGACAGATAAGGCTCCTCTGGTGGGGACAGATAAGAACGATGCC	51680.0	-3138.0329449737746	-3138.0163434112746	4	3	1	-0.033203125	1.0	6284.065889947549	6282.032686822549	-2.033203125	6319.477194501375	6308.591165237919	-10.886029263456294
seelig_cm / by_cre	GGGTCGCTAGCTTGGGCCTTTCTATAGCAGGAACAGGTTCAAAGGTCATTAAGCGCGGTGGGTCAGGTTCAAAGGTCAGCAGGTAAAGGTTCAAAGGTCAGACGCCCCAGGTTCAAAGGTCAAACAGGTTCAAAGGTCATCCGTA	51680.0	-1329.224711625079	-1329.213237015704	4	3	1	-0.02294921875	1.0	2666.449423250158	2664.426474031408	-2.02294921875	2701.860727803984	2690.9849524467772	-10.875775357206749
seelig_cm / by_cre	GGGTGCCCTGGCTCCTTGCAGCAGGGCTGGGCCTGCGAGACCCAAGGCTCACTGCAGCGCGCTCCTGACCCCTCCCTGCAGGGGCTACGTTAGCAGCCCAGCACATAGCTTGCCTAATGGCTTTCACTTTCTCTTTTGTTTTAAA	51680.0	-3817.1259922837407	-3817.1316075181157	4	3	1	0.01123046875	0.9156030555875874	7642.2519845674815	7640.2632150362315	-1.98876953125	7677.663289121308	7666.821693451601	-10.841595669706294
seelig_cm / by_cre	GGGTTATCGGAAGTCGCGTAATCGCGCGACGCGCCTTATTTTAAGATGCGCCGCCCCCTTTTTTTTTTATTATAAAAAAAATGAGGCGGCGCCTTCTTATAACGCGCCTCACAGAAGCGCCCCCCTTTATGTTTCGCGAAATTGG	51680.0	-1712.174333837296	-1712.183122899796	4	3	1	0.017578125	0.8945235562182204	3432.348667674592	3430.366245799592	-1.982421875	3467.759972228418	3456.9247242149613	-10.835248013456749
seelig_cm / by_cre	GGGTTCAAAGCAATAGAGTGTTTAAACAACGTGACCTAGGCTTGACATTGTCACACAGGTCACCAGTTGAGCTCGCGCTGACGTAATGTTTACCGTGGGATGATGGTCGGACATGTCCGGGCAAGCACCCAGGGAGGCTTGTGCA	51680.0	-17451.750225850257	-17451.619610615882	4	3	1	-0.26123046875	1.0	34911.500451700515	34909.239221231765	-2.26123046875	34946.91175625434	34935.79769964713	-11.114056607206294
seelig_cm / by_cre	GGGTTTTATCGGGGCGCGCCCCTTTATTTTTTATAAGAAGCGCCGCTTCCTTTTCTCGAAAACGCCTTTTCTAAAAAGTAACGCTATTTCGCGTAAGCGGGCCCCGCCTTATATATAAGTACCGCGCTTCCTTATAAAACATGTC	51680.0	-997.7827237639393	-997.7713101897206	4	3	1	-0.0228271484375	1.0	2003.5654475278786	2001.5426203794411	-2.0228271484375	2038.9767520817045	2028.1010987948107	-10.875653286893794
seelig_cm / by_cre	GGTAAGCTTTCTGGCGCGCGCGCCTGAGTATACTATGGAAGGGCATTCAGGGACTCGATCTATCCGGCCTCAGAAGCCCTGCACCTAGTGGTGTAGTGTGGCGCGCGCGCCTGACTTGAGCCCTCACGGTGTCGTGGTAGAAAAA	51680.0	-624.6887320304301	-624.6819571280863	4	3	1	-0.0135498046875	1.0	1257.3774640608601	1255.3639142561726	-2.0135498046875	1292.788768614686	1281.9223926715422	-10.866375943143794
seelig_cm / by_cre	GGTAATTATTAACCTGGGGTAATTATTAACCTGCGTTGGAGGGCACCCAAAGAAGGCCCGTGTCAAGGGGTAATTATTAACCGTGCCGTGCACGTTGCTCCTGGTAATTATTAACCTCCGGGTAATTATTAACCCGCGTGTCGCG	51680.0	-4557.108495614047	-4557.109228035922	4	3	1	0.00146484375	0.9694697968508501	9122.216991228093	9120.218456071843	-1.99853515625	9157.628295781918	9146.776934487212	-10.851361294706294
seelig_cm / by_cre	GGTAGACCGGTAGAACAAACACACAAGGCATGCCGGTGCATGCCCAGGCACCGAACAAACACCCGGTCGACCTGAGCATGCCCCGGGGCAGGCAACCATGACAAAGAAACCCGGTAGACATGTCCGGGCATGCCGGCAGGCCAGA	51680.0	-1496.3731772801395	-1496.380867709827	4	3	1	0.015380859375	0.9012997620881069	3000.746354560279	2998.761735419654	-1.984619140625	3036.157659114105	3025.3202138350234	-10.837445279081749
seelig_cm / by_cre	GGTAGGAACAAAGAAGTGGAGTGACGCCCTTCTGGTGACCTTACATGAACATTAAGCCCAGACAGCAGCTCCACCCACCTGCGCAGCTGATCTAGCAGCCCCATCTGGCTAGGGAGCAGAGTCAGCAATTCTGCCAACCTGAGGT	51680.0	-1025.4025839459734	-1025.3962973248797	4	3	1	-0.0125732421875	1.0	2058.805167891947	2056.7925946497594	-2.0125732421875	2094.216472445773	2083.3510730651287	-10.865399380644249
seelig_cm / by_cre	GGTATCTGTTTCTCGATAAGTCGCGCCATTCTTATCTGAGAGAAGCGGAATTGGCTCGCCCCCGACTTATAAGAAGAGGCGCAATTGACTTATCAGAGACGCGCCCCCCTTATAAGGCGCCTCCCCCGACTCTTATCTTATATGT	51680.0	-431.8135041416976	-431.8148774327132	4	3	1	0.00274658203125	0.9582037247193135	871.6270082833952	869.6297548654264	-1.99725341796875	907.0383128372212	896.1882332807959	-10.850079556425271
seelig_cm / by_cre	GGTCCAGGATCAGCCTGATGAAACAATTAGAAATGAGGCCCCGGCAGTGACTCATGCCTATAATCCTAGCACTTTGGGAGGCCAGGCGGGAGGATAGCTTGAGGCCAGGAGTTTGAGACCAGCCTGGGCAACAAAGTGAGACCCA	51680.0	-1625.4502650842512	-1625.4462367639387	4	3	1	-0.008056640625	1.0	3258.9005301685024	3256.8924735278774	-2.008056640625	3294.3118347223285	3283.4509519432468	-10.860882779081749
seelig_cm / by_cre	GGTCGCGATTCGACGATTCGCGGAAGTGACTTATCACTCCGCGCGCGTGTGACTCATGCGTCAATTCCGCTTAATAAGTCGCGATAACTTACGACTTATTGGCGGACGAAGTCGCTTCCTCGACGCACGACGCGCCACCATTGGT	51680.0	-1428.047943167244	-1428.056976370369	4	3	1	0.01806640625	0.8930773210718974	2864.095886334488	2862.113952740738	-1.98193359375	2899.507190888314	2888.6724311561075	-10.834759732206749
seelig_cm / by_cre	GGTCTAAGCAGTGATGTAACCAGGTAGTTAGGTAAGTGTCCGGTTATGTAACCGGTTATGTAATGGTCTGTCCGTCGGTTTATGTAATGGTCTAAGTGTCCAGCGGTCTAGGTGGTTGTCCGTCCGTGTGGTTATGTAAGCGGTA	51680.0	-10059.596376970941	-10059.538759783441	4	3	1	-0.115234375	1.0	20127.192753941883	20125.077519566883	-2.115234375	20162.604058495708	20151.635997982252	-10.968060513456294
seelig_cm / by_cre	GGTCTCCACCCACGGGAAGGAGGCTGCCAATCACAGCATGCCCACCCTCTCCTCCACCCATCACATGACGCAGGTCATGTGGTGGTCACACGACACAGGCCTGCCTCTGTAAAGCATCTGTGCCCCTGGCCACAGTTGATTGGTC	51680.0	-1232.5884773785713	-1232.5966560895088	4	3	1	0.016357421875	0.8982311681203087	2473.1769547571425	2471.1933121790175	-1.983642578125	2508.5882593109686	2497.751790594387	-10.836468716581749
seelig_cm / by_cre	GGTCTCTGTTAGACATGCCCGGGCATGTCTCCGGACTTGTTTATACATTCCGGTTTGCTGGGACATGTCCATTCCGGTGGCCCTTGCCTGCCGTCCGGACTTTGGTTCACATGTTTGGACGTGGACATGTCCGGGCATGTCCCCT	51680.0	-1211.5101386214674	-1211.5123358870924	4	3	1	0.00439453125	0.9471459408435563	2431.0202772429348	2429.0246717741848	-1.99560546875	2466.431581796761	2455.583150189554	-10.848431607206749
seelig_cm / by_cre	GGTCTGTTTCTCCCCGGGGGTTGTGTATTGGTTCAGGGGCACTTTGGTTCAGACATGCCGGGACATGTCCCCTTTGACATGTTTGGACATGGACATGCCCGGGCATGTCCACTTTTGTTGGGACCTCCGGACTTTGTTACACATT	51680.0	-11995.005398661986	-11994.913357646361	4	3	1	-0.18408203125	1.0	23998.010797323972	23995.826715292722	-2.18408203125	24033.422101877797	24022.38519370809	-11.036908169706294
seelig_cm / by_cre	GGTCTTTTGGACCCCCGGTGCCATGTCCGGACATGTCCCCTGTCCCAGGTTGACATGCCCGGGCATGTTGCCCTGTTTGTTCATTGCCCCCTGGACATGTACATTCCGTCATTCCGGTGGACTTGGGCATGTTTGCCCTTTCCTT	51680.0	-1378.6959829335176	-1378.6979360585176	4	3	1	0.00390625	0.9501646619415055	2765.391965867035	2763.395872117035	-1.99609375	2800.8032704208613	2789.9543505324045	-10.848919888456749
seelig_cm / by_cre	GGTGCATAAGCTCGCGACATTAATCACTACTTTACACAACCGGCGGAGATTCAATGTTTGCCCGACCATGCAGCCGGAATACTTCCGAGCCAAATTCCTGCGGACATGCCCGGGCATGTCCGGTGATGTAATTAGGTTATACCGC	51680.0	-5262.881278930681	-5262.863456665056	4	3	1	-0.03564453125	1.0	10533.762557861362	10531.726913330112	-2.03564453125	10569.173862415188	10558.285391745481	-10.888470669706294
seelig_cm / by_cre	GGTGGGGGAGAGTAAGGGGGCATGTTTAGACATGTACGGACGGTAGTTTGAACTTTCGGTCAAAGGTTAAATAACAATTGCGGACATGCTCGGGCATGTTCGGTCGATCAAAGGTAGTAGGGAGCTGAGAGGGTTGTATAATGAT	51680.0	-18418.76189888823	-18418.61443795073	4	3	1	-0.294921875	1.0	36845.52379777646	36843.22887590146	-2.294921875	36880.93510233029	36869.78735431683	-11.147748013456294
seelig_cm / by_cre	GGTGTTTTGTACCGCGGGGGACATGTCCGGACATGTCCACTGCCCTCCGGACTTCTGTACCCCGGGGGACATGCCCGGGCATGTCCCCTGCCCTTTGTTCGTCGGGACCTTTGGACTTTGGGGGCGGGGGGGTTGTTCATTCCCT	51680.0	-3642.777552181784	-3642.770960384909	4	3	1	-0.01318359375	1.0	7293.555104363568	7291.541920769818	-2.01318359375	7328.966408917394	7318.100399185188	-10.866009732206294
seelig_cm / by_cre	GGTTCCGCGACTGGCGCCGCCCCCATGGGCCACGCTGGTCCTGGAAGATGAGAAAGACGCTTCCTTATCTTGCAACGCCCCTCCCGCAGTACTATATTGGAGCTGGAAGCGGCGTTTCGCGTTGAAGATAAGCGATAAGGTCCTC	51680.0	-1355.2896020101716	-1355.2957055257966	4	3	1	0.01220703125	0.9120244006842477	2718.5792040203432	2716.5914110515932	-1.98779296875	2753.9905085741693	2743.1498894669626	-10.840619107206749
seelig_cm / by_cre	GGTTCCTTATATGGCTCCGCCCACTTATGGGTCCGCCCCGCCAGATATCGCGTTTCTGAGATACGCTTCCTCTCACCCGTGGGCGGCGCCCTATATCGCTTTCGCGAGATACGCTTTCTCTTGCGGGTCGCCCCGCGCTTATACG	51680.0	-544.0043343136957	-544.0014046261957	4	3	1	-0.005859375	1.0	1096.0086686273914	1094.0028092523914	-2.005859375	1131.4199731812173	1120.561287667761	-10.858685513456294
seelig_cm / by_cre	GGTTGCTCACGAGCTTCGGAATGTTTAACCTTTGTACAACCCCTGAACATTCCCCATCATGTCAGGCACAACCACTGAACATTCCCCTTGACGTCAACATGACCGACCGAACATTCCCCTTGACGTCAACATTCCAGTGCACAAA	51680.0	-410.21835280893225	-410.222930445651	4	3	1	0.0091552734375	0.9237721896287059	828.4367056178645	826.445860891302	-1.9908447265625	863.8480101716905	853.0043393066715	-10.843670865019021
seelig_cm / by_cre	GGTTTTTTATAAGGCGCCGCCCTATCTTATTATAAGAAGCCGCGCCTCGAAATATGACTCATTGGCGGAAGCGCCCCTTCCTATAAAATTATGAGTTGCGCCGCCCCAAAAACGCCCTTTCGCGTATGACGCATCCTAATGTGCC	51680.0	-622.9372551672034	-622.9398186437659	4	3	1	0.005126953125	0.9429180553050126	1253.8745103344068	1251.8796372875318	-1.994873046875	1289.2858148882326	1278.438115702901	-10.847699185331521
seelig_cm / by_cre	GTAAACATTCTGTGGCTCCCAGCAGAATTCTGTTCACTGTTACCACGGAAGAAGTGATCAAAGAGAAGGGGCTCTGTTGGGTGCATGCCAGGGCAGAGGTCAAGGAAAAGCCACGGATAGGGACAAAGAACAGCTTGACAAAGGC	51680.0	-1241.888993731511	-1241.8766646299484	4	3	1	-0.024658203125	1.0	2491.777987463022	2489.753329259897	-2.024658203125	2527.189292016848	2516.311807675266	-10.877484341581749
seelig_cm / by_cre	GTAAAGTTCAAAGTTTGTATTATGCATGCGGGCATGCTGGGGAAAGTACATTGGATTGTTTGTTTAAACATTTTGTTTGTTTGACTTTCTGTGGAATGTTTGTACAAACATTCTGTTTGATTTTCAGGGGAAAGTTCAAAGGTTG	51680.0	-17959.26738787588	-17959.10918475088	4	3	1	-0.31640625	1.0	35926.53477575176	35924.21836950176	-2.31640625	35961.946080305584	35950.77684791713	-11.169232388456294
seelig_cm / by_cre	GTAACAGAAGCCTGTTCATTACTGGGCTGAGCTGTGGCTCGCCAGCCAACACTCAGCACTGGGTAATGAAGGAAATTGCTGTGTGGGCGGGCAGGCAGTAAAACGTGTCTGCGGGAAAGGCTGTGACTAAGTCTCCCCTAATCAG	51680.0	-1096.7306330168979	-1096.722393270804	4	3	1	-0.0164794921875	1.0	2201.4612660337957	2199.444786541608	-2.0164794921875	2236.872570587622	2226.0032649569775	-10.869305630644249
seelig_cm / by_cre	GTAACCGAATCCATCCTTCCTCCATCACTTGTCCTCCCTCTACCTGGAGAAAGTCCTTTTCATCTTTAGAAGAAGTAGGTACAAGATCAGGTGCTTGAGGGAGCAGAGGCGCTGTGACTGATGCCCAGAAGGGGGCAGATGCTGC	51680.0	-546.9833136966307	-546.9903937747557	4	3	1	0.01416015625	0.9052781645017932	1101.9666273932614	1099.9807875495114	-1.98583984375	1137.3779319470873	1126.539265964881	-10.838665982206294
seelig_cm / by_cre	GTAACTTCCGTGTTGCAAGACGCGGATGACTCATAAGACGCGCGCCTTCCGCGAATGTGCGGGCAGTTACGATATCTCGTGAAAGATACGTCCTAATTTAATCGGCGCCAACGGAAGCGTAACGCGCCTGTTTATCTCGCTTCTT	51680.0	-4934.185424449906	-4934.167846324906	4	3	1	-0.03515625	1.0	9876.370848899813	9874.335692649813	-2.03515625	9911.782153453638	9900.894171065182	-10.887982388456294
seelig_cm / by_cre	GTAATGTTCTTTCTGGGTTCAGCACCATCCTCCTCCTGTGCTTTGCAGATAACGTGCAGTTGCCATAAGCACGGGATGATGGGCGGAAGCAGTTGCCATAAGCACGGGATGATGGGCGGACCCACAGGCAGCAGTAAAGTTATGT	51680.0	-1108.6611869785052	-1108.6646049472552	4	3	1	0.0068359375	0.9341062040117134	2225.3223739570103	2223.3292098945103	-1.9931640625	2260.7336785108364	2249.8876883098796	-10.845990200956749
seelig_cm / by_cre	GTAATTTTGGACCTTCGGTCAGCAGTATTCCAGCAGGTATTCGGTAAGTTTAAACATGCCGGGCCAAGGCTCCTGGGCAGTTACAGAATTTGCCGACCGGAATTTGATCACTGCACAGATCATGCCCTGGTGATCCATGTCCGTT	51680.0	-371.1394314274016	-371.13622708169845	4	3	1	-0.00640869140625	1.0	750.2788628548032	748.2724541633969	-2.00640869140625	785.6901674086291	774.8309325787664	-10.859234829862771
seelig_cm / by_cre	GTACAGACATGCCCCGGCATGGACATGCCCGGGCATGTCGGGGGGTTTGTACAGACATGCCCCTGTTTGGACATGCCCGGGCATGTTTGGACACATGTTTGGACATGCCCCGGCATGTTTGGACCCACCTTCCGGGGCATGTCCC	51680.0	-1070.7215926306817	-1070.717503275213	4	3	1	-0.0081787109375	1.0	2149.4431852613634	2147.435006550426	-2.0081787109375	2184.8544898151895	2173.9934849657952	-10.861004849394249
seelig_cm / by_cre	GTACAGACATGCCCGGGCATGTCCCCTGTCCTGTCCACCCTTGCCCCTGTTTGGACATTCCGGGGCATGTCCCCTGGTTTGTACAGACAGCGCCCTGTTTGGTGGGGGGGACATGCCCGGGCATGTCCCCTGTGCCCCTGAGGGG	51680.0	-852.3025498425018	-852.3127427135955	4	3	1	0.0203857421875	0.8864650010982981	1712.6050996850036	1710.625485427191	-1.9796142578125	1748.0164042388294	1737.1839638425604	-10.832440396269021
seelig_cm / by_cre	GTACAGACATTCCCCTGTTTGGACATTCCCGGGCATGTCGGCATGTTTGGACACCGGCATGTTTGTACAGACATGCCCGGGCATGTCCCCTGGGCGGCATGTACATGCCGGCATGCCGGGGCATGTTTGGACTGCCCCAGCCCTG	51680.0	-970.625815804162	-970.6379007650995	4	3	1	0.024169921875	0.8764533356496397	1949.251631608324	1947.275801530199	-1.975830078125	1984.66293616215	1973.8342799455686	-10.828656216581294
seelig_cm / by_cre	GTACATTCCCCGGCATGTTTGCCGCTCTCTCTTCCGCTCCTCCGCTCCTCTCCTGCCCTGCCTGCTCCTCCGCTCCTCTGCTCTACTTCCTGTCTTGTTTGTACATTCCCTGCTCTGTACATACATCCCCCGGCATGTTTGTACC	51680.0	-216.76775874147268	-216.76604975709768	4	3	1	-0.00341796875	1.0	441.53551748294535	439.53209951419535	-2.00341796875	476.94682203677127	466.0905779295648	-10.856244107206464
seelig_cm / by_cre	GTACATTCCCCGGCATGTTTGTACACAGGTCGCTCTCCGCCTCCCTGCCTCCTCCGCTCCTCTGCTCTCTGGTTACATCCCCCGGCATGCCCTCTGCTCCTCTGCTTTCTGCTCCGCTCCTCCCCTTTCCTGTCATGTTTGCACA	41344.0	-296.885073128157	-296.88235706370386	4	3	1	-0.00543212890625	1.0	601.770146256314	599.7647141274077	-2.00543212890625	636.2888766048831	625.6537618888345	-10.63511471604852
seelig_cm / by_cre	GTAGGTCCATAGCGAACTTGCCAAGGCCTCTGTACATGACCGGACTTGACACGGGCAGTGTCCAAACACTCCGGGGTCAACCTCGATCATTGTCCACTGAACATCTCCCGGCATTGCCACTACACAATTCCGGGCATGTTGGGTC	51680.0	-594.9420728071793	-594.9445142134293	4	3	1	0.0048828125	0.9442914607802155	1197.8841456143587	1195.8890284268587	-1.9951171875	1233.2954501681845	1222.447506842228	-10.847943325956521
seelig_cm / by_cre	GTATCGTTATCGGTCTCGCCCATGAGGATGTATCCATACTGACGATAGGGCGCGCCATTTGCGGAGACTGACGACACTCGCGGCTCCTGGAAAAAAGGCGTAGCTTATATGTATGTTTCTAGGAATGTGAATCAGGCTCGCATAC	51680.0	-4553.732386818986	-4553.732386818986	4	3	1	0.0	1.0	9115.464773637972	9113.464773637972	-2.0	9150.876078191797	9140.023252053341	-10.852826138456294
seelig_cm / by_cre	GTATGAGTCACCGGGCCATGCCGTGGAGAGAGGAGCAGTAGGGAAAGGAGGTTCCTTGGTGAGGTCAGTGGACCATAAAGTGATATGTTTATCACCACGGCTCAGACTGCACTGAGCAAGCTTCATCCCCCACTTCCCAGAATCC	51680.0	-9419.869432013385	-9419.812303107135	4	3	1	-0.1142578125	1.0	18847.73886402677	18845.62460621427	-2.1142578125	18883.150168580596	18872.18308462964	-10.967083950956294
seelig_cm / by_cre	GTATGCCGCCGGCCGGCTATACATACCGAATTTCGACTATCTGATCGATGCTCACATCACAGTGAGCTAAGGTTCTTCTATATCAAATACCGGGCGAGCAGGGGGCATGTCCGGGCATGGTATGTCCGCGTTTGGTTGAAAACAA	51680.0	-1635.8421832585843	-1635.8479205632718	4	3	1	0.011474609375	0.9146940955967371	3279.6843665171687	3277.6958411265437	-1.988525390625	3315.0956710709947	3304.254319541913	-10.841351529081749
seelig_cm / by_cre	GTATGTTTATGTATTACGTCACCAATGAACTCAAGCAAACAACAGTCGACATGTCTGGCCATGTAAAGTGGCAAAATTCCGGCTTTTTGAACAAAGCGCAAAGTCCTTTGCCTTTGAACTATGGCCCTATTCCCTCTCCGGTCAA	51680.0	-1282.8570059502586	-1282.8457754815086	4	3	1	-0.0224609375	1.0	2573.714011900517	2571.691550963017	-2.0224609375	2609.125316454343	2598.2500293783864	-10.875287075956749
seelig_cm / by_cre	GTCAAACAAACATCATGTCAACAATCCACCGGAAATGTGCTTGCCCCCTCTGGACTTTGTCCGGTCATGTCAAACAAGGCTTGCCCGGACATGTTCAAAGTTCAAACAAGGGACATGTCCAAAGGTTCAAACAAGCTGGCAGGCT	51680.0	-3661.9858786873347	-3661.9685447029597	4	3	1	-0.03466796875	1.0	7331.971757374669	7329.937089405919	-2.03466796875	7367.383061928495	7356.495567821289	-10.887494107206294
seelig_cm / by_cre	GTCAAACATTACATAAAAACAAACTTCCCCCAGCATGTTTGCCACCCAGCATGTTTGAACTTTCACCTCACCTCATCTCACCCAACCATCACGACTTTCAACCATTACGTAATTTTGTACCAAAGTTCAAACTTCCGCTCTCTCC	51680.0	-665.192829360416	-665.202839126041	4	3	1	0.02001953125	0.8874825491406633	1338.385658720832	1336.405678252082	-1.97998046875	1373.7969632746579	1362.9641566674513	-10.832806607206521
seelig_cm / by_cre	GTCAAACCTGCGGAATGTTCAAGCTGGGTAATGTTTGGTCTTTGGACCAAAGTCCTTTGCCCGGACATGTCAAACACCCGCCCGGAGCAAAGTCCTTTGTACACTGCCGGGCTTGCCCGGGCATGTTCAAAGGTCAAACACCGGA	51680.0	-6212.307167951863	-6212.287636701863	4	3	1	-0.0390625	1.0	12432.614335903727	12430.575273403727	-2.0390625	12468.025640457552	12457.133751819096	-10.891888638456294
seelig_cm / by_cre	GTCAACCATTACGTAAAAACAAACTTCCCTTTGAACTTTCGACCTCCTGTTAGTTCCAAAGTTCAAACTTCCGCTCTACCCACCCCCATTATGTAATTGTGTAAACATGACCGCATGCTTGCCCCCCAGCATGTCACCAACCACA	51680.0	-481.30534406343304	-481.29801984468304	4	3	1	-0.0146484375	1.0	970.6106881268661	968.5960396893661	-2.0146484375	1006.021992680692	995.1545181047355	-10.867474575956521
seelig_cm / by_cre	GTCAACCATTACGTAATTGTGTAAACATGCCCAAACAAACTCCCCTTTGAACTTTCGCTCCACAGCATGTTACCCACCCTGTTAGTTCCAAAGTTCAAACTTCCGCTCTCATGTCAAACATCAAAACAAACAACCATTACGTAAT	51680.0	-1285.0286398655162	-1285.0198508030162	4	3	1	-0.017578125	1.0	2578.0572797310324	2576.0397016060324	-2.017578125	2613.4685842848585	2602.5981800214017	-10.870404263456749
seelig_cm / by_cre	GTCAAGAGAAAAGGAAGGAATTCTTGATATGAATCCCACTAAGTCACTGTGAGTCACAGAAATGGCCAGGCCACTCCTGCTTATCTGCTAATAACAGCTGCAGCCACTTCCAACTGAAGAGCAGGAGCCTTCCTGCCCACCAAAC	51680.0	-10188.95694429229	-10188.91153413604	4	3	1	-0.0908203125	1.0	20385.91388858458	20383.82306827208	-2.0908203125	20421.325193138404	20410.381546687448	-10.943646450956294
seelig_cm / by_cre	GTCAAGCAAGGTCGCTTGACGCCGGAATTTTGGACGTAGTTTGTACAGTAAAGGGGAAAAATGGAGCCAGACTGGAACCAAGGTTTGTAGTGCGCATGTTCAAACATGCCCGGTATGGAATGTGTGCGCAGGCCTGCCGGTAGTG	51680.0	-3301.755664624973	-3301.748096265598	4	3	1	-0.01513671875	1.0	6611.511329249946	6609.496192531196	-2.01513671875	6646.922633803772	6636.054670946566	-10.867962857206294
seelig_cm / by_cre	GTCACATGTTTACTTAGGTCGAGTTACGCGAATCCTCAGAGGACCTGGGTCTGGGCAGGAAGAAAGGTGCGACCTGTTCTGTTTACTTAGGGTGGTGCCCCGGTTCTCTACATTACACCGGTTTGTTTACTTAGGGACTATTCTT	51680.0	-2316.653952166803	-2316.652487323053	4	3	1	-0.0029296875	1.0	4641.307904333606	4639.304974646106	-2.0029296875	4676.719208887432	4665.863453061475	-10.855755825956294
seelig_cm / by_cre	GTCACTTGCGTGATATGGGTGGGTGTGGGTGGGGGGCTCGCGCATGAGTTATCTGGCGTGAGTGATATCGTTTTTATTGGCTATATGTGGGTGGGGGGGGCGCGTTCTCTTGCTGATGAGATATCGCGATATCGTTATCGCGCTT	51680.0	-1706.3328744595124	-1706.3195687954499	4	3	1	-0.026611328125	1.0	3420.6657489190247	3418.6391375908997	-2.026611328125	3456.077053472851	3445.197616006269	-10.879437466581749
seelig_cm / by_cre	GTCAGATCTCGTGAGACTTATTCACCACCACGAGAACAGTATGGGGGAAACCTGCCCCCGTGATCCAATTCTCTCCCACCGGGTCCCTCCCACAACACGTGGGAATTATGGGAGTACAATTCAAGATGAAATTTGGGTGAGGACA	51680.0	-2505.4149693520626	-2505.4264439614376	4	3	1	0.02294921875	0.8795892021606619	5018.829938704125	5016.852887922875	-1.97705078125	5054.241243257951	5043.411366338245	-10.829876919706294
seelig_cm / by_cre	GTCATGCCAACACAGTCGCAGGGTACAGTGGTAGGTGGCCAACCAACTGGGCCACTATGCACTTGACCTCTGGAATGTTGAAGTCTCAGTACGGTGACAGCACCGTGCCTGGGCATGTATTGAGCTAACCATTACAGCCGAAATT	51680.0	-886.0964028291132	-886.0990883759882	4	3	1	0.00537109375	0.9415771425558392	1780.1928056582265	1778.1981767519765	-1.99462890625	1815.6041102120523	1804.7566551673458	-10.847455044706521
seelig_cm / by_cre	GTCCCAGTAGTAAAATTTCCGGTGTTACGTCATGCCGACAGAATAAAGGTGGCCGAGGGCTTGTCCGGACAAGAACTTTGTATAATGTAATGGCCGGTAAACATGGTGGTTATATAAAGTAGCACAGTACAATGAACATGCCGAG	51680.0	-9862.291819016345	-9862.246897141345	4	3	1	-0.08984375	1.0	19732.58363803269	19730.49379428269	-2.08984375	19767.994942586516	19757.05227269806	-10.942669888456294
seelig_cm / by_cre	GTCCCTGGTGACATAAAGAACAAAGTCGGCTTTGTTCCTGTTATGGTTATGCATTACCGTTGTTTAAACAAAGAGTGTCACGAGAGAATGGACTGGGAATGTTCACCGGACGTTTTGCCGGAACATGCCCCCATCGGAATTCCAG	51680.0	-3118.899570222135	-3118.90079092526	4	3	1	0.00244140625	0.9605920901150706	6245.79914044427	6243.80158185052	-1.99755859375	6281.210444998096	6270.36006026589	-10.850384732206294
seelig_cm / by_cre	GTCCGGACATGTCCGGTTATGTAACCGTTCCCGTGGTCGCTTGACTTGCCCTTGACCAAACCTTCGGGTCGCATTGGTCTAACGCTGCACAAAGCCATTCCGCTCCATGTTTAGACCGGAACTTGACGTGCGTAGGCATGTCGAA	51680.0	-1035.6158574166154	-1035.610852533803	4	3	1	-0.010009765625	1.0	2079.231714833231	2077.221705067606	-2.010009765625	2114.643019387057	2103.780183482975	-10.862835904081749
seelig_cm / by_cre	GTCCTCTGTCACGCGCTGTTTTCCGTTAGTCCACTTCAGAGGCATCACTACCAGCAGTTGCTTAAGACTCATTTCCGGCCGGGCGCGGTGGCTCAGGCCCATCATCCCAGCACTGTGGGAGGCCGAGGTGGGTGGATCACGAGGT	51680.0	-801.4200009253229	-801.4235409643854	4	3	1	0.007080078125	0.932942577685951	1610.8400018506459	1608.8470819287709	-1.992919921875	1646.2513064044717	1635.4055603441402	-10.845746060331521
seelig_cm / by_cre	GTCGCGGAAGCCCTCTCCCCCCTTTCCAGGAAGTCGCGGAAGCGCCCCCCCCCCTCCCCTCTCGCCCCCCCCCCGATGACTCGTCTCTCCCTCTCGCGGATGACGCTTCCTTATCGGGGGGGCGGGAAGTCACGATACGCCGGGG	31008.0	-171.11071912087743	-171.11013928689306	4	3	1	-0.00115966796875	1.0	350.22143824175487	348.2202785737861	-2.00115966796875	383.58944030051686	373.2462801178576	-10.343160182659233
seelig_cm / by_cre	GTCTCCGGACGCTGATGCGGGCTCACCCGATATATCGTGCTTATCTGCCAGATCCGATGTCTTCGAGAAGGGGGAGGCGCGATACGCCGAATGGGCGACGTCATCCGCGATACGCGGAACCACGAATCCTATAGGATCGGCGTAT	51680.0	-1122.7792311462679	-1122.7824049743929	4	3	1	0.00634765625	0.9364979863203111	2253.5584622925358	2251.5648099487858	-1.99365234375	2288.969766846362	2278.123288364155	-10.846478482206749
seelig_cm / by_cre	GTCTCCTCGCGGATGGGGCGCGCCGCCCGGCGAGGGATGCGTCTTCCGAGTTATCTCTTCCCCGAGTTATCTCGTCATTGGCGGATCGGCGGGGGTGGCGTCCCGCCGCGTTTCTTATCTCTTCCTCGCGTCGCGGATGTATCGG	51680.0	-207.72325134277344	-207.85369873046875	4	3	1	0.260894775390625	0.6095060975608237	423.4465026855469	421.7073974609375	-1.739105224609375	458.8578072393728	448.26587587630695	-10.59193136306584
seelig_cm / by_cre	GTCTCGCAACTGGCGGTCCCTGATGCAAGTTATCTCAGACCCGCTTCTCCCCCACGCGTACCGCTTAGATACCGATAAAAACGAATTACACTATTCTCGAGGAGCGATACGCTTACTCAGTTCTTATTAAATTAAGGAAGTATTA	51680.0	-1028.6483966606952	-1028.6431476372577	4	3	1	-0.010498046875	1.0	2065.2967933213904	2063.2862952745154	-2.010498046875	2100.7080978752165	2089.8447736898847	-10.863324185331749
seelig_cm / by_cre	GTCTCGCTCTGTTGTCCGGGCTGGAGTTCAGTGGCGCGATATCGGCTCACTGCAAGCTCCGCCTCTCGGGTTCCCGCCATTTTCCTGCCTCAGCCTCCAGAGTAGCTGGGACTACAGGCGCCTGCTACCACGCCCGGCTAATTTT	51680.0	-649.0535487044116	-649.0574549544116	4	3	1	0.0078125	0.9295680222776129	1306.1070974088232	1304.1149099088232	-1.9921875	1341.518401962649	1330.6733883241927	-10.845013638456294
seelig_cm / by_cre	GTCTGGAGTTTTGTACAAAGCTCCCTTTCCCTTCACCTCCGCTCACCTGATGGTCGCCCGGCATGCCCGGACATTCACCTGACCGGAGTGTTCCCCTGCTCCCCTCCCTGTGCCATGGTCAAACATTCCGACCTTTGTACTCTGC	51680.0	-361.97297426286	-361.98231264176627	4	3	1	0.0186767578125	0.8912972281374919	731.94594852572	729.9646252835325	-1.9813232421875	767.357253079546	756.523103698902	-10.834149380644021
seelig_cm / by_cre	GTCTTAGACGGACATGTCAACATGTCCTTACTTGACATGGACTACTTATCTCATGCACATGTCCGTGTCAGTTTGTACATGTAACATGTCCCACATGTCATGGGCCAGCTTCTGCGATGGCCGACATGTCAGCGACATGTCTTAC	51680.0	-541.3773473652329	-541.3789342792954	4	3	1	0.003173828125	0.9550735520619895	1090.7546947304659	1088.7578685585909	-1.996826171875	1126.1659992842917	1115.3163469739602	-10.849652310331521
seelig_cm / by_cre	GTCTTGTGTTTTGTACAAACCTTTGTACTCCTGTCTGTACAAACATTCCGACTCCGGTCGGCATGCCCGGACATTCACCTGACCGGATTTTCAGCTGACCGGATTTTTGTACATTCCCTCTTTTGTTCAAAGGTCTCCCGGCATG	51680.0	-584.0412530588077	-584.0301446603702	4	3	1	-0.022216796875	1.0	1176.0825061176154	1174.0602893207404	-2.022216796875	1211.4938106714412	1200.61876773611	-10.875042935331294
seelig_cm / by_cre	GTCTTTAGAAGAAAGACATAAGAGGAAGCGCCACATCGTTATCTGATTCGTCGAAGCGTAGCGCGCAATCGCATGATGACGCGCCACTTCCGGGTAGGAAGGGGGGGGGGCGGCGTAGGATGAGTCACGCGCTTTTCCGATAAGT	51680.0	-13227.394619975941	-13227.308194194691	4	3	1	-0.1728515625	1.0	26462.789239951882	26460.616388389382	-2.1728515625	26498.200544505708	26487.17486680475	-11.025677700956294
seelig_cm / by_cre	GTGAACATGCCCGGACATGTCCGGCGGCCGGTGAGTATGCCGCTAGTCTTCGTTCCGTTGTTCGTTGCGGACATGTCGAACCAAGCCGCGACATGTCCCGGCATGCCCGAAAGTACAAACATTGCAGCCTGTCTCTATTTCATCA	51680.0	-2512.597209100202	-2512.600382928327	4	3	1	0.00634765625	0.9364979863203111	5033.194418200404	5031.200765856654	-1.99365234375	5068.60572275423	5057.759244272023	-10.846478482206294
seelig_cm / by_cre	GTGAAGAATAACTAAAGCAGACAACTGGCATGCAACGGAAATTTCCAGCGGCCTTTGTTCACTAATGTTACGAAAGTTTACCGTGGCGAAAGTTAACCTCCTCTAAGCTCGGGACATGCCCGGGCATGTCCGGTCATGTACAATG	51680.0	-3052.409372569806	-3052.402536632306	4	3	1	-0.013671875	1.0	6112.818745139612	6110.805073264612	-2.013671875	6148.230049693438	6137.363551679981	-10.866498013456294
seelig_cm / by_cre	GTGACAAAAGAGCAAAGCTCCCGGAATGTGCTGGGTGCAGCTTTGGGTAATACATATGCCGAACCTTCTCTTTAAGGGTCCACGCGCAGCCTCGGGTGTGAATGAAGGAGAAGAGATCGTGTACCACACATGATGCTTACGGAGC	51680.0	-706.9101861565733	-706.9123834221983	4	3	1	0.00439453125	0.9471459408435563	1421.8203723131467	1419.8247668443967	-1.99560546875	1457.2316768669725	1446.3832452597662	-10.848431607206294
seelig_cm / by_cre	GTGACCAAAGCTCATGGGCACGTGAACTTTGGCCGCTCTGGTTGTACTCATTCCGGTCGCCGTTAGGTTCAAACCTGGGCATGATCGGAGGTTTTGTTCAACGGCCCGTTTACATCAACCGGTAAAGTGCAAAGGACGTCCGTCT	51680.0	-619.0477105970582	-619.0450250501832	4	3	1	-0.00537109375	1.0	1246.0954211941164	1244.0900501003664	-2.00537109375	1281.5067257479423	1270.648528515736	-10.858197232206294
seelig_cm / by_cre	GTGAGTAAGTATCACGAGATCTGACGGTTTTATAAAGCGTAGTTTTCCCTGTACAAGCTCTCGCCTGCCGCCATGTAAACGTTCTTTGCTCCTGCTTCGTCTTCTGCCGTGATTGTGAGGCCTCCCCAGCCATGTGGAACTGTGA	51680.0	-2158.94031524863	-2158.938117983005	4	3	1	-0.00439453125	1.0	4325.88063049726	4323.87623596601	-2.00439453125	4361.2919350510865	4350.43471438138	-10.857220669706294
seelig_cm / by_cre	GTGATAGGCCTGGGCAGTGTATATGCGTGTTATCGCGCGAGATACTTTTTTTATAAAAAATGAGTCTTTCGGGTGTGGCGCGCGCGGTATCTTATTTTTAAGAGATGTTACGCCCCATACGCGTCAGCTTATCTCTATTAGACTT	51680.0	-1640.31920690949	-1640.312126831365	4	3	1	-0.01416015625	1.0	3288.63841381898	3286.62425366273	-2.01416015625	3324.049718372806	3313.1827320780994	-10.866986294706749
seelig_cm / by_cre	GTGCAAAGGACAAAGATCACGCAACATGCCCGGACATGGAAGGTGGCGTGTACAGCAGAGCACCAGACGGTCAGCATTACATTCGACCAGTTTACCACTGTAATGATGGTCAGGGGTTGAACGTACGGTGGACAAGCCCAGGCCT	51680.0	-1293.1511150419558	-1293.1523357450808	4	3	1	0.00244140625	0.9605920901150706	2594.3022300839116	2592.3046714901616	-1.99755859375	2629.7135346377377	2618.863149905531	-10.850384732206749
seelig_cm / by_cre	GTGCACCGGACATGCCCGGGCAAGTCCGCTGGGCAGGGGAGTGGAACAAACATTGATTGTGTAAACATGACCTGACAGGAGTGGAACAAAATCAACTCAACTAATGACCGGAGGCATGCCGGGGGGGTTTGTGTAAAAATCAACT	51680.0	-6333.009971034233	-6332.999228846733	4	3	1	-0.021484375	1.0	12674.019942068466	12671.998457693466	-2.021484375	12709.431246622291	12698.556936108835	-10.874310513456294
seelig_cm / by_cre	GTGCACCGGACATGCCCGGGCAAGTTCGGTCGACCATTGATTGTGTAAACAGGGGGGACATGCCGGGGGAGTTTGGGTCAAACTTTGGTCCCCTACTCACCGGAGGCATGCCGGGGGACTTGACAGGAGTGGATCAAAGTTTGGA	51680.0	-8294.388129326488	-8294.350043388988	4	3	1	-0.076171875	1.0	16596.776258652975	16594.700086777975	-2.076171875	16632.1875632068	16621.258565193344	-10.928998013456294
seelig_cm / by_cre	GTGCACCGGACATGCCCGGGCAAGTTCGGTCGACCTTGGGACCATGGTTTGGGTAAAAATCAACTCAACGAATGACCGGAGGCATGGAGTGCTGGAGTGCACCGGGCATGCCACCATTGTTTGTGTAAACATGACCTGACAGGAG	51680.0	-6314.067466464347	-6314.036216464347	4	3	1	-0.0625	1.0	12636.134932928693	12634.072432928693	-2.0625	12671.546237482518	12660.630911344062	-10.915326138456294
seelig_cm / by_cre	GTGCATGCCTCCGGAATGTTTGTACTTTGGCCCTCTGTACTGCCGTCAACATGCCCCTGCATGCCTGCCTGTGTGCACCAATACAGAATGTTCCACCTCTCTAATGTTTGTACTTTGGTCTCCTGTACTGCTGTCAACTCGCTCT	51680.0	-666.1820204906184	-666.1790297679621	4	3	1	-0.0059814453125	1.0	1340.3640409812367	1338.3580595359242	-2.0059814453125	1375.7753455350626	1364.9165379512938	-10.858807583768794
seelig_cm / by_cre	GTGCATTAATACAGAATGTTCCACCTCTCTAATGTTTGTACTTTGGTCTCCTGTACTGCCGTCAACATGCCCCTGCATGCCTGCCTCTGTGCATTAATACAGAATCTTCCACCTCCGGAATGTTCCACCTCTCTACTGTTCCACC	51680.0	-604.1668986828224	-604.1650676281349	4	3	1	-0.003662109375	1.0	1216.3337973656448	1214.3301352562698	-2.003662109375	1251.7451019194707	1240.8886136716392	-10.856488247831521
seelig_cm / by_cre	GTGCATTCCTACAGAATCTTCCACCTCCGGAATGTTTGTACTTTGGTCTTTCTCCCCTACCTCCTGTTCCACCTTCGGTCTGTCTGCCTTGTACCAACATGCCCCTGCATGCCGGCCTGAACACAGAATCTTCCACCTCTCTAAT	51680.0	-995.1913957052709	-995.1840104513647	4	3	1	-0.0147705078125	1.0	1998.3827914105418	1996.3680209027293	-2.0147705078125	2033.7940959643677	2022.9264993180986	-10.867596646269021
seelig_cm / by_cre	GTGCCACCAAGGAGCATGAGCGACCTTTGTACAAAGGTAGGTTTCACACTCTGGAGTGACAGAGAGCAGCAGAGGGGAACAAAGGCCAACGTTCATTGAACTTTGAACATTCCGGCATGTCTGGGCATGCCCGGACATGTCCCAG	51680.0	-7532.674221391831	-7532.651760454331	4	3	1	-0.044921875	1.0	15073.348442783663	15071.303520908663	-2.044921875	15108.759747337488	15097.861999324032	-10.897748013456294
seelig_cm / by_cre	GTGCCCCGCGCGGGCAGCAAGACCGAACGTTGATTGAACCTTGGTCGCAACAAGCATCTCGGAACAATCCCATTCCCGACATTACGTAACCTTCGGTCCACCTCCCTTTCGGGCATGTCTGGGCATGCCCGGAGGTTTACCCCAG	51680.0	-1684.3200664550343	-1684.3267803222218	4	3	1	0.013427734375	0.9077491513451789	3376.6401329100686	3374.6535606444436	-1.986572265625	3412.0514374638947	3401.212039059813	-10.839398404081749
seelig_cm / by_cre	GTGCGGAGAAATCACAGCTGTGGTGGAGTCTTTCCTGAAAAATGGGCCGAAAATCACAGCACGTTCGCACGGGCTTTAAATCACAGCGACCGCCGGCTTTCTTTCAAATCACAGCACTAGCCTCGGGTTTTCGACAGCAACGCTA	51680.0	-644.0237683164919	-644.0317639219606	4	3	1	0.0159912109375	0.8993706914860362	1296.0475366329838	1294.0635278439213	-1.9840087890625	1331.4588411868097	1320.6220062592906	-10.836834927519021
seelig_cm / by_cre	GTGGAACAAACATTGATTGTGTAAACATCAACTGACCGAATGACCGGAGGCATGCCGGGGGAGTGTGGAACAAAGTTGGGGACATGGAGTGCAGCTGTGCACCGGACATGCCCGGGCACGTTCGGTAGACATGACCTGACAGGAG	51680.0	-9453.828334524002	-9453.775111867752	4	3	1	-0.1064453125	1.0	18915.656669048003	18913.550223735503	-2.1064453125	18951.06797360183	18940.108702150872	-10.959271450956294
seelig_cm / by_cre	GTGGAATATTCCAAATGATTGGGCACCGAGGTCGTTCGGTTTGCCGTGGGCATGTCCGAACATGCCCTCTGTACAAAGCCAGCTTGTGTTCATTCGATGCCGGTCGGGTGACAATTCCGTCATACGTAATGTGGCCGTTGAGCGA	51680.0	-12969.756847538141	-12969.680431522516	4	3	1	-0.15283203125	1.0	25947.513695076283	25945.360863045033	-2.15283203125	25982.924999630108	25971.9193414604	-11.005658169706294
seelig_cm / by_cre	GTGGATCAAAGTTTGCACCTTTGTTTGTGTACTCAACACCTGACAGGATTGTGTAAAAATCAACTCAACTAATGACCGGAGGCATGGAGTGGAACAAAGGTGGAGTGCACCTGTGCACCGGACATGCCCGGGCACGTCCGCTGGG	51680.0	-4559.931639209367	-4559.911131396867	4	3	1	-0.041015625	1.0	9127.863278418734	9125.822262793734	-2.041015625	9163.274582972559	9152.380741209103	-10.893841763456294
seelig_cm / by_cre	GTGGCACAAAACAATGACCGGACGGACATGCCCGGGCATGTCTGCCGCCCAGGCATGCCAGGGGCAAAGGACTTTGGACTGTGGCACCAAACAATCAACCAACGGTCATGCCCGGGCATGCCCCCTGCCCCCCCCCCCCCCCCCC	20672.0	-28.395151138305664	-28.533510208129883	4	3	1	0.2767181396484375	0.5988603768788994	64.79030227661133	63.067020416259766	-1.7232818603515625	96.53644390294065	86.87662663600675	-9.6598172669339
seelig_cm / by_cre	GTGGGGGTGTCTCTTGCTGATGAGATATCGCTGTGTGTGGGTGTGGGTGGGGGGGGCGCGCGCGTTATCTGGCTGATGAGATATCGCTTTATCTTGCTGATGAGTTATCGCGATAGCGTTATCGCGCTTTAAGGATGGGTGGGTG	51680.0	-1845.7700913168208	-1845.7776596761958	4	3	1	0.01513671875	0.90208225459827	3699.5401826336415	3697.5553193523915	-1.98486328125	3734.9514871874676	3724.113797767761	-10.837689419706749
seelig_cm / by_cre	GTGGGTGTGTGGGGGGGGGGGGCGCGATATCTTGCGGATGAGATATCGTTTTTTAGGAGGGTGGGGCTTAAGAAGTTTCTTATTGGCTGAGTTGCGCGATATCTTGCGGATGCGATAAGTTTCTTAAGGAGGGTGTGTGGGGGTG	51680.0	-3005.9207469067705	-3005.9222117505205	4	3	1	0.0029296875	0.9568343093418353	6019.841493813541	6017.844423501041	-1.9970703125	6055.252798367367	6044.402901916411	-10.849896450956294
seelig_cm / by_cre	GTGTGGGGGGGGCGCGCGCATGAGATATCGCGATATCGTTATCGCGCTTTTAGGAGGGGTGTGTGGGTGGGTGTGGGTGGGGCGCTTGCGTTATATGGGTGGGTGTGGGTGTGTCTCTGGCTGATGAGATATCGCTTTTATTGGC	51680.0	-1891.202533996285	-1891.2141306759725	4	3	1	0.023193359375	0.8789553238902852	3790.40506799257	3788.428261351945	-1.976806640625	3825.816372546396	3814.9867397673142	-10.829632779081749
seelig_cm / by_cre	GTGTGGGGGGGGCGCGCGCATGAGTTATCTCGATATCGTGATATCGTTTTTATTTGCGTTTTCTTTATCTTGCTGATGAGATATCGTTATCGCGCGATAAGGATGGGTGGGGCTATATGTGGGTGGGGGGGGCGCGCGCATGTGT	51680.0	-2451.9377069833367	-2451.9452753427117	4	3	1	0.01513671875	0.90208225459827	4911.8754139666735	4909.8905506854235	-1.98486328125	4947.2867185205	4936.449029100793	-10.837689419706294
seelig_cm / by_cre	GTGTTTCGGGCCGCAGCCAGCTTGACGTCCATGCAATGTGTGTTTGTGTGTACCTGCCCGGGGTCTGGGTGCACTGCCGACCAGGTTAATGACCTGAACTGTGCAACATTCCAGCTTTGATCAGTGTTTGGTACACCGCATGCCT	51680.0	-1355.2528939377366	-1355.2554574142991	4	3	1	0.005126953125	0.9429180553050126	2718.5057878754733	2716.5109148285983	-1.994873046875	2753.9170924292994	2743.0693932439676	-10.847699185331749
seelig_cm / by_cre	GTTAAACAAAACCTTTGTTCAACACTATCACTGCAAACATGCCCGGACATTTCCACTGCTGACATTCCCTATTACATAATGTTTGTACAAACCAAAGTTCAAACAAACCAAAGTTCAAACAACTCCCTGTCAGCTAGTTGAAACA	51680.0	-1284.9156916860213	-1284.9055598500838	4	3	1	-0.020263671875	1.0	2577.8313833720426	2575.8111197001676	-2.020263671875	2613.2426879258687	2602.369598115537	-10.873089810331749
seelig_cm / by_cre	GTTAAACCAGCGGACTTTGTACAAAACAAGATTTGATCATGTCAAACGACCGGAATGTTTGTTCAAACATCAAACAAACCAAAGTCCACCCAACCCTCCGTAATGTCAAGGCTCTGTAATGTGCAGGCTTGCCCGGACATGTCCA	51680.0	-1707.383918912399	-1707.377571256149	4	3	1	-0.0126953125	1.0	3422.767837824798	3420.755142512298	-2.0126953125	3458.179142378624	3447.313620927667	-10.865521450956749
seelig_cm / by_cre	GTTAAACCTGTGGACTTTGCCCAGGCATGTCCAAACAGGCTTGTGTGCAAAGGTCAAACATCATGTCAAACAAAAAGTCAAAAGTCCTTTGCCCCCTTTGGTCCAAACAGGCTTGGTCCCAAACATGCCCGGTCATGAACATGAA	51680.0	-1751.8128073006064	-1751.814638355294	4	3	1	0.003662109375	0.9517451789484365	3511.625614601213	3509.629276710588	-1.996337890625	3547.036919155039	3536.187755125957	-10.849164029081749
seelig_cm / by_cre	GTTAATTCCCGGACATGTCTACGTTGGTCTAACGTCCACTGCGGACATGTCCGGACATGTCTATGTTTGTAGTTATGTTGGTCGAACATGACGTGACTACATCGTTGGACGTTGGTCGAATGACCGACGTGCGGAGTTCACTTCA	51680.0	-14286.390118433988	-14286.291485621488	4	3	1	-0.197265625	1.0	28580.780236867977	28578.582971242977	-2.197265625	28616.191541421802	28605.141449658346	-11.050091763456294
seelig_cm / by_cre	GTTCAAAGTCCACCGGAATCACTGCGGACGTTGTTCAAAGTTCAAACTTCCGGTGGTTTGTTTGAACAAGCGTACAAACATGCCGGGGCATGTAATGGGCTCAGTACAGGTGACTCTCCGAGGCCTGGAGCCGTCGCGTGGCGAG	51680.0	-2558.085682792785	-2558.08739177716	4	3	1	0.00341796875	0.9533795178296435	5124.17136558557	5122.17478355432	-1.99658203125	5159.582670139396	5148.73326196969	-10.849408169706294
seelig_cm / by_cre	GTTCAAGTCGTGGAATAGTCACAATGTGATTTCTCAGCCCAATCAAGTTCCGACTTAGGACAAACACCGGTCTGGCCCTGGCTGCGATTTCTAGGTAGTAGGAAGTTACTGTTTCATCGTAACGAGGCTGAGTCACCCTGTGACT	51680.0	-1349.070546853476	-1349.074941384726	4	3	1	0.0087890625	0.9253077508893466	2706.141093706952	2704.149882769452	-1.9912109375	2741.552398260778	2730.708361184821	-10.844037075956749
seelig_cm / by_cre	GTTCAATGATTATGGGAGGCAAGCCGGGGCACATGCCCGGGCAAGTGCAAAGGTTCAAACAAACATTACGTAATGGTCGACCGACTGACCTACGTAATGCTGAAGTTCAAACATTGTCTCCCGGTCGCCTTGGCTACCGGCCTAC	51680.0	-8942.417086886722	-8942.362399386722	4	3	1	-0.109375	1.0	17892.834173773444	17890.724798773444	-2.109375	17928.24547832727	17917.283277188813	-10.962201138456294
seelig_cm / by_cre	GTTCACCCCTACCTACTCTCCCACCTCCGGAATGTTTGTACTTTGGTCTCCTGTACTGCCGTCACCTCGCTCTTGTACCAACATGCCCGGGCATGCCGGCCTGCCTGCATGAATACAGAATCTTCCACCTCTCTAATGTTTGTCT	51680.0	-1273.8110480237112	-1273.8120245862112	4	3	1	0.001953125	0.9647496261326771	2555.6220960474225	2553.6240491724225	-1.998046875	2591.0334006012486	2580.182527587792	-10.850873013456749
seelig_cm / by_cre	GTTCCAGGAAATCCCCACCCCCTTCCCAGAAGACTCATGAGTAATCCACCCCTTGTTAGCATATGATCCAGAAATAGCTTTAAGTATACTCAGTCAAGCAGCCCATGCTGCTGTTCTGTCTACAGAGTACCCATTCTTTTATTCC	51680.0	-1042.763129285644	-1042.7727728403315	4	3	1	0.019287109375	0.8895465260903317	2093.526258571288	2091.545545680663	-1.980712890625	2128.937563125114	2118.1040240960324	-10.833539029081749
seelig_cm / by_cre	GTTCCGAGAAGCCGCGCCTATTGAGGAATACGGATGCGTCTTATAAGAACGCGATAAGAAATTACTTTATGATATTCTTATCACTAACTTCCTCAAGCGACTCCTTATTCATCAGACCTTGAGGAAGCGACTCCTAGATATCGTT	51680.0	-1316.1912843134994	-1316.196045055687	4	3	1	0.009521484375	0.9222673201536178	2640.382568626999	2638.392090111374	-1.990478515625	2675.793873180825	2664.950568526743	-10.843304654081749
seelig_cm / by_cre	GTTCCGCGATTCGACACATTTTAATCCGTGCAAACAGTAGCGGGACCCGCGTGGCGACGCATCTGCGAGGAATCGTTACGACAACTGCGTGTGCTGATTAGAATACGATCCTAAGAAAAGGAGGTCCCACACTTATATATCCATA	51680.0	-832.6495923449309	-832.6434888293059	4	3	1	-0.01220703125	1.0	1673.2991846898617	1671.2869776586117	-2.01220703125	1708.7104892436876	1697.845456073981	-10.865033169706521
seelig_cm / by_cre	GTTCGGCCGAACTTTATACATAGGCCGCTGTTCACATTACATTACGTAATCCAAAATCAAACAGGGGTGCATGGCATGCTCCGGCATGTTTGTACAACCCAACGTGCCAAGGCACGGGAATAATCCTGGGCATGTTAGACTCTAC	51680.0	-1425.738665026555	-1425.751360339055	4	3	1	0.025390625	0.8733975731335364	2859.47733005311	2857.50272067811	-1.974609375	2894.888634606936	2884.0611990934794	-10.827435513456749
seelig_cm / by_cre	GTTGAGTATGAGTCACCGGGCCATGCCGTGGAGAGAGGAGCAGTAGGGAAAGGAGGTTCCTTGGTGAGGTCAGTGGACCATAAAGTGATATGTTTATCACCACGGCTCAGACTGCACTGAGCAAGCTTCATCCCCCACTTCCCAG	51680.0	-5748.50261281023	-5748.48015187273	4	3	1	-0.044921875	1.0	11505.00522562046	11502.96030374546	-2.044921875	11540.416530174285	11529.518782160829	-10.897748013456294
seelig_cm / by_cre	GTTGTCCGGTCATGTGAACAGGGCAAACTCCCCCCGGCAGGCCAGGGGCAAAGGACTTTGGACTGTGGCACCAAACAATCAACCAAAGGTCAGGGGCAAAGGTCAAAGTCCCACCGGACGGTCATGCCCGGGCATGTCCCCTGGC	51680.0	-2675.572507377645	-2675.567136283895	4	3	1	-0.0107421875	1.0	5359.14501475529	5357.13427256779	-2.0107421875	5394.556319309116	5383.692750983159	-10.863568325956294
seelig_cm / by_cre	GTTGTGCAGACTCATCAGTGCCTAGCCACTGGTCACTAGCATGTTTTCATTTTTCTCCAGCTCCCTCCACCCTTCATGAACGGGGGCTGGAAAATGTGGTCTGCTCTGATAAGGATTTGCGTCAGGCTACTGGCTACTCAGCAGC	51680.0	-4895.678950144728	-4895.653071238478	4	3	1	-0.0517578125	1.0	9799.357900289457	9797.306142476957	-2.0517578125	9834.769204843282	9823.864620892326	-10.904583950956294
seelig_cm / by_cre	GTTGTTTGTTTGACATGACCGGACATTCCCTCCCTTCTTTTTTTGTTCAAAGCTCCCTCTCCCTGCACCTTTGAACTTCTGTCCGGAGTGTTCCCTTCACCTTTGAACTCCTGATGGTCGCCCGGCATGCCCGGACATTCCCTTT	51680.0	-742.8392156432728	-742.8409246276478	4	3	1	0.00341796875	0.9533795178296435	1493.6784312865457	1491.6818492552957	-1.99658203125	1529.0897358403715	1518.240327670665	-10.849408169706521
seelig_cm / by_cre	GTTTAAAGGAAGTGATGGGAAACCAGGGGGCCCAGTCTGCTAGGCGGGAGAGATGCCTTTAAGTTCTTATCTCTGGCCACCAGCTTGAGCCATTTGGGCGTGGTGTTTCACTTCTAATTCCCAGGCAACAACCTTTACTGTGTTG	51680.0	-5702.589057962182	-5702.570014993432	4	3	1	-0.0380859375	1.0	11413.178115924364	11411.140029986864	-2.0380859375	11448.589420478189	11437.698508402233	-10.890912075956294
seelig_cm / by_cre	GTTTGAATGTTTAAACACCCTATTACACTACCGTAATTGTACATGACCAAACATGACCGAACTCCTGACCTACCTACTGTACATTTCTACATGACCGAACATGCCTGTGCATGACCAAACTTCCACAAGTCCAAACAACTATTAC	51680.0	-651.8449371674263	-651.8523834564888	4	3	1	0.014892578125	0.9028711796900138	1311.6898743348527	1309.7047669129777	-1.985107421875	1347.1011788886785	1336.2632453283472	-10.837933560331294
seelig_cm / by_cre	GTTTGGACATGACCAGGCTTGCCCAGACATGTCAGGGGACATGCCCGGGCATGCCTCCGGTGAACTTTGGACATGTCCGGGCTTGCCTTGACATGACAGGGGCCAAACAGGGGCAAGCCCAGCCATGACCTTTGCACAATGCAAT	51680.0	-2259.4923384752915	-2259.488066014354	4	3	1	-0.008544921875	1.0	4526.984676950583	4524.976132028708	-2.008544921875	4562.395981504409	4551.534610444078	-10.861371060331294
seelig_cm / by_cre	GTTTGGACATGCCCCGGCATGTCCCCAGACATGTACAGACATGCCCGGGCATGTCGGGGCCCACATGCCGGGGCATGTCCCCTGCCCGGCATGTTTGGACTGCCCCTGGGGTGCTTGTCCCCTGGGTTGTTTGGACATGCCCGCA	51680.0	-710.6965692269569	-710.7065789925819	4	3	1	0.02001953125	0.8874825491406633	1429.3931384539137	1427.4131579851637	-1.97998046875	1464.8044430077396	1453.971636400533	-10.832806607206521
seelig_cm / by_cre	GTTTGGACATGCCCGGACATGTCGGCATGTTTGGTTGTGGGGGTGTACATGCCCGGGCATGTTTGTACAGACATGCCCCGGCATGTTTGTACAGTGGTGGTGATGTCGACAGGTCCACACATGCCCGGACATGTCCCCTGTGGGG	51680.0	-12740.304883684541	-12740.227979387666	4	3	1	-0.15380859375	1.0	25488.609767369082	25486.455958775332	-2.15380859375	25524.021071922907	25513.0144371907	-11.006634732206294
seelig_cm / by_cre	GTTTGGTGGGCAGGAAGGCTCCTGCTCTTCAGTTGGAAGTGGCTGCAGCTGTTATTAGCAGATAAGCAGGAGTGGCCTGGCCATTTCTGTGACTCACAGTGACTTAGTGGGATTCATATCAAGAATTCCTTCCTTTTCTCTTGAC	51680.0	-9758.724018858815	-9758.703022765065	4	3	1	-0.0419921875	1.0	19525.44803771763	19523.40604553013	-2.0419921875	19560.859342271455	19549.9645239455	-10.894818325956294
seelig_cm / by_cre	GTTTGTACACATCCCCTGCAAACTCCACCCCAGCCAGCATGCCCGGACATTTCCACTGCTGACATTCCCTATTACATAATGTTTGTTCAAACCAAAGTTCAACACTCTCACTGCAAACATGCCCGGACATTTCCACTGCTGCCCA	51680.0	-710.3522880527239	-710.3594291660052	4	3	1	0.0142822265625	0.9048726886000025	1428.7045761054478	1426.7188583320103	-1.9857177734375	1464.1158806592737	1453.2773367473796	-10.838543911894021
seelig_cm / by_cre	GTTTGTACACATCCCCTGCCAACTCCCCCCCTCCTCCCCACCACCCCTGCAAACATGCCCGGACATTTCCCCTGTTGACCAACCCTTTGTTCAACATTCCCTATTACATAATGTTTGTCCAAACCAAAGTTCAAACAACTCTCTC	51680.0	-454.6941344732413	-454.7055785650382	4	3	1	0.02288818359375	0.8797482099832549	917.3882689464826	915.4111571300764	-1.97711181640625	952.7995735003086	941.9696355454458	-10.829937954862771
seelig_cm / by_cre	GTTTGTTCACATGACCGTAATTTTGTCTGTCCGCATGTTCGAACATTACCGACCTTGTTTCCGCCTGACCATGTTTGTTTACCTTTGTACATGACTAAACATGACCGACCGACCTTGTCTACATGTCCAAACATGCCTGAACATT	51680.0	-1642.9236273773427	-1642.9246039398427	4	3	1	0.001953125	0.9647496261326771	3293.8472547546853	3291.8492078796853	-1.998046875	3329.2585593085114	3318.4076862950546	-10.850873013456749
seelig_cm / by_cre	GTTTTAATGTTTACATTACCAAACAAACATGACCGAACATGTCTCCGCCTGACCTCGTTATTCCGTAATTTACCTACCGACCTAGTCCCCATGTTCGTAATTCCAAACTTCTACATGTCCAAACATGCCCGTGTTTGTTCATGAC	51680.0	-1165.3923883704338	-1165.3826227454338	4	3	1	-0.01953125	1.0	2338.7847767408675	2336.7652454908675	-2.01953125	2374.1960812946936	2363.323723906237	-10.872357388456749
seelig_cm / by_cre	TAAAAACAGATAACTCATCAGTCCGCCCCTCCCATATATCGCCCCACCCTTATCTCTTAAAACCGATAACACATCCTAAAACCCATAAACACTCAAGAAATAACTTCCTCAAAACCGCAAGATATCTCATAAGTCACTTATATCG	51680.0	-547.9135927029703	-547.908648855314	4	3	1	-0.0098876953125	1.0	1103.8271854059406	1101.817297710628	-2.0098876953125	1139.2384899597664	1128.3757761259976	-10.862713833768794
seelig_cm / by_cre	TAAAAGGCACGGCCTATATCTTAAGGGGGAGTCATAAGAAAGAATACGCGTATAAGTTACGTTGTCTTTCTGAGGAAGCGATACCAATAGGCGGCGCGGATTTATTAAGGAGGCGCGTTTCGCGAAAAGCGTTATCTCGCGTATG	51680.0	-952.7180908597378	-952.7216919339565	4	3	1	0.0072021484375	0.9323683416107192	1913.4361817194756	1911.443383867913	-1.9927978515625	1948.8474862733015	1938.0018622832827	-10.845623990018794
seelig_cm / by_cre	TAAACATGCGGGGAGAAGGTCGAACAATGGTTGTTGCGTAAGGGGATTGTTGCGGAATGTCGAACAGAAGGGGGGGGGGGGGGAGGTTTAAACATGCGGGGATTGTTACATAAAGTTGAACTTTTGAACTTACGGTTGTACAAGC	51680.0	-3011.7379071065684	-3011.7349774190684	4	3	1	-0.005859375	1.0	6031.475814213137	6029.469954838137	-2.005859375	6066.887118766963	6056.028433253507	-10.858685513456294
seelig_cm / by_cre	TAACAGGAAGGATAACTCGGAGGAAGGATATAAGCATATAACGAAAGAAGGGGGGGGCCGCATCCGCGAAAGGCGGCGCCTATAAGAAACGATGAGTCACCCCGTATCCGTCCGCGAAAGGCGGCGCCTATCGGAGAAGGAGGAA	51680.0	-2519.259873914154	-2519.254258679779	4	3	1	-0.01123046875	1.0	5046.519747828308	5044.508517359558	-2.01123046875	5081.931052382134	5071.066995774928	-10.864056607206294
seelig_cm / by_cre	TAACGACACGTAATTCGCGTATTAAATCGCGCTATCTCTTCCTCCGGCCGATAAGCTTGAAAAGTTATCATATTTCGAGAAACGCCCTACCGCTGTAGCACGCGAACTGCGTATATCATCAAGTGATGACGCTTCGCGGAACGGG	51680.0	-836.8584597604204	-836.8536990182329	4	3	1	-0.009521484375	1.0	1681.7169195208407	1679.7073980364657	-2.009521484375	1717.1282240746666	1706.265876451835	-10.862347622831521
seelig_cm / by_cre	TAACGCGCGCGGCGCCGAACGCGTATGCGATTCCCCGATAGGAAAACGCGCCTCTTAAAAACGCGAGATCCGCCAATCTTGCGAGATAAAATCGCCCAATTCGGATGCGTCATCTTATCGCGCCCGATTGGCGATGTCACTTCCG	51680.0	-931.4791066253825	-931.4840504730388	4	3	1	0.0098876953125	0.9207913930308479	1870.958213250765	1868.9681009460776	-1.9901123046875	1906.369517804591	1895.5265793614471	-10.842938443143794
seelig_cm / by_cre	TAACTCAAGAAAGCGGCGCCCACACGCACCGATGACTCAAGAGCGCGGCGCAGACCACACCCAAGAAGCAGATAACGAGGAAGCGCCCACCCGAGAAGCACCGATGACTCAAGAGAGCGGCGCACCGCTGACTCAAGAAACGCCT	51680.0	-733.0386541882244	-733.0301703015057	4	3	1	-0.0169677734375	1.0	1474.0773083764489	1472.0603406030114	-2.0169677734375	1509.4886129302747	1498.6188190183807	-10.869793911894021
seelig_cm / by_cre	TAACTCACAAAAACGCTAACGCGCCACCCAAACAACCACATCCAACAAACCACCAATGACTCAAAAGAAAGCGCAGTCGCGGAAGCGCCGCCCACATCCAACCCAAAAAACCAAACCAAACAACCAAATGACTCACCACCCCAAT	51680.0	-229.75435881591486	-229.7619882104461	4	3	1	0.0152587890625	0.9016902139014166	467.5087176318297	465.5239764208922	-1.9847412109375	502.9200221856556	492.08245483626166	-10.837567349393964
seelig_cm / by_cre	TAAGATTGAGGGTGGGGCTTCGGCGATGCGACGCAAGAAGATAAGTGAAATCGTACTTGGATAACACGCACTGTAATTGGGCGCCATAAATCCGCCCATGGACGATACGCCTTATCCTGAAGCACCAACGAGTTATCTCGCAAAT	51680.0	-4170.475942240954	-4170.475942240954	4	3	1	0.0	1.0	8348.951884481909	8346.951884481909	-2.0	8384.363189035734	8373.510362897277	-10.852826138456294
seelig_cm / by_cre	TAAGCATGCGGGGAGAGTTACATAAGGGGATTGTTGGGGAATGTCGGAAAGTCGAACAATGGTTGTTGCGTAATGTTGAACTTACGGTCATAAGGGGGGAGGTTTAAACATGCGGGGAGATGTACATAAGGGGAATGTAACAGAA	51680.0	-2425.3335279842	-2425.3198561092	4	3	1	-0.02734375	1.0	4858.6670559684	4856.6397122184	-2.02734375	4894.078360522226	4883.19819063377	-10.880169888456294
seelig_cm / by_cre	TAATGCTCCGCGTGTCGCAGTGTAACCTTTGATCAAAGGTTCAATGACCGCTGTGACTGTACAACCACCGGAATGTTTGCCATGACCGGACATGTTGGGTAAACATGCCGGGGCACGTACTGCATGCCTGGTGGCAAGTTTTGAT	51680.0	-3080.5965837123185	-3080.5907243373185	4	3	1	-0.01171875	1.0	6169.193167424637	6167.181448674637	-2.01171875	6204.604471978463	6193.739927090007	-10.864544888456294
seelig_cm / by_cre	TAATGTACCCAGCATGCTCAAAGTTCAAACCGAGGTTGCTGAACCTGACCAAAATTCACAGCTGACAGGACTTTGGTTCGCCATGACAGGCACCTTGCCCGATGCCCGGAGGCATGATTGATGCCAAGGGGGAATTTCGGACACG	51680.0	-773.8996065507101	-773.9096163163351	4	3	1	0.02001953125	0.8874825491406633	1555.7992131014203	1553.8192326326703	-1.97998046875	1591.2105176552461	1580.3777110480396	-10.832806607206521
seelig_cm / by_cre	TAATTTCTTATTTCGCGGATCTCGCAAGCGGTTGCGCGATATAACGCCTCTTAAGGCGGGCCCGATGCCGTCGACGACTGATGAGTCATCAGTCCCGCGGATCCTCCTCCAATGGCGCGGACTTCCGAGAAACACCTTCCTTTTT	51680.0	-3375.8008103802927	-3375.7976365521677	4	3	1	-0.00634765625	1.0	6759.601620760585	6757.595273104335	-2.00634765625	6795.012925314411	6784.153751519705	-10.859173794706294
seelig_cm / by_cre	TACAACCCCAACACCCGGAATGTTAGTAATGTACAACACTCCGGACATGTCAACGTCCGCTCCAGTACAAATAGGTCTAAAAATTAGCCAACGGAATTCCGGTCGCCATGCCCGGGCATGCCTTGACGTAATAGGTCTTTGACCT	51680.0	-412.3143448044163	-412.3175491501194	4	3	1	0.00640869140625	0.936194067079128	832.6286896088326	830.6350983002388	-1.99359130859375	868.0399941626586	857.1935767156083	-10.846417447050271
seelig_cm / by_cre	TACAAGTCCGGAATATTCCCCTCAGGGAATCTCAGGGAACCCACGGCATGTCGCCAGTTCACTGACCGCAGGGATACAAAACATACCAAAGTTCATAGCACCGGGCATGCCAGGCGAGCCGGAGTGAGTTTTGGTTCAACAGGAA	51680.0	-941.6181025647917	-941.6229243421354	4	3	1	0.0096435546875	0.9217722101918968	1891.2362051295834	1889.2458486842709	-1.9903564453125	1926.6475096834092	1915.8043270996404	-10.843182583768794
seelig_cm / by_cre	TACACAACCGGAAATGTACAAAACCGGACATGTCCACAGGACAAAACAAAGGCCAGACCCTGTGAACATGCCCGGGCATGTACACAGGACCATGGACCCATGCCCGGGCATGTCACACCAACAAACCAACGGACCAACAGACCAA	51680.0	-897.5516302582939	-897.5587103364189	4	3	1	0.01416015625	0.9052781645017932	1803.1032605165879	1801.1174206728379	-1.98583984375	1838.5145650704137	1827.6758990882072	-10.838665982206521
seelig_cm / by_cre	TACACAACCGGAACGCTGCAGCTGAGTGACGTCAGACATTTCCGCGCATGCCCGGTCAAGCTTTGGTCCCGCGGTACACAACCCGGAATGTCCTAAGTTTCCGCCCTGTTTGCACTGGCCCGTTAGGTCGCCATTGTTCAAACGC	51680.0	-2285.202438419702	-2285.200485294702	4	3	1	-0.00390625	1.0	4578.404876839404	4576.400970589404	-2.00390625	4613.81618139323	4602.959449004774	-10.856732388456294
seelig_cm / by_cre	TACCAGTGACCAAAATGACAAACCCAGTGCAGAAATGTTTGTTCGGAATTTTGGTCATGCCCAGGCATGTTCCCCGGTACGTCATATCAAGGTTGCCTTGCCATGACGGCATAATAATTTTGATTGTTTGACCTCTGCCGTACTG	51680.0	-3485.0003663178204	-3484.9840088959454	4	3	1	-0.03271484375	1.0	6978.000732635641	6975.968017791891	-2.03271484375	7013.412037189467	7002.526496207261	-10.885540982206294
seelig_cm / by_cre	TACGGTCTCCCCTGGACTTGCAGACTACAAGGTCGGGCTGGTGGGGACAGATAAGGACTGGTGGGGACAGATAAGCGCGGCGGGTAGTTGGCATTTTGCCCGAATATATCAGCCGGGTTCGGCGGAAATAAGCGAGAGGGACACG	51680.0	-2572.441808781461	-2572.436193547086	4	3	1	-0.01123046875	1.0	5152.883617562922	5150.872387094172	-2.01123046875	5188.294922116748	5177.430865509542	-10.864056607206294
seelig_cm / by_cre	TACTCTCAGGTAGTTTTGCCATGACGGAACAGTGCAAACGTGACCGACCTACCAGCCGGGGAATGTTCGAAATTCCCAACATGCCCGGGCATGTTCTTAGAGTTTGACTGTACAATGGTCATTCTCAGTCTTTCTTTTTGCACCG	51680.0	-5618.659075211441	-5618.643938492691	4	3	1	-0.0302734375	1.0	11245.318150422881	11243.287876985381	-2.0302734375	11280.729454976707	11269.84635540075	-10.883099575956294
seelig_cm / by_cre	TAGAAAAGATAAGATCCGCCCAATGAGTCACCCGCGCCTTCCTCCGATGAGTCACTTCCGGTTCCGAGTTCTTATAAAAGATATCGCTTCCGGTTCCGCGTCTTATAACTCCCGTCCAATGAGTCACTTCCGCTTCCGCGGAAGT	51680.0	-4642.633455507611	-4642.638094179486	4	3	1	0.00927734375	0.9232672462079756	9293.266911015222	9291.276188358972	-1.99072265625	9328.678215569047	9317.83466677434	-10.843548794706294
seelig_cm / by_cre	TAGAAAAGATATCGCTTCCGGAAGATAAGACCCGCGCCTTCCTGCGAGATATCATCCGACTGATGAGTCACTTCCGGAAGATATCGTCATAAGACCCGCCCAATGAGTCACTTCCGCTTTCGCGGATCCGCGCCTTCCTGCGAGA	51680.0	-5616.957080276837	-5616.958789261212	4	3	1	0.00341796875	0.9533795178296435	11241.914160553673	11239.917578522423	-1.99658203125	11277.325465107499	11266.476056937792	-10.849408169706294
seelig_cm / by_cre	TAGAAAAGATATCGTCATATCCTTATAAGACCCGCGCCTTCCTCCGATGAGTCACTTCCGGTTTCGCGGATCCGCCCAATGACTCATCCGCGCCTTCCTGCGAGATATCGCTTCCGGAAGATAAGATCCGCGCCTTCCTGCGAGA	51680.0	-3141.939845421183	-3141.933497764933	4	3	1	-0.0126953125	1.0	6291.879690842366	6289.866995529866	-2.0126953125	6327.290995396192	6316.425473945235	-10.865521450956294
seelig_cm / by_cre	TAGAGCCCTGCGAGATAAGGATGAGTCACTTCCAGGAAGTGGCGCGTACCGCGGATGCGCGGGCCACGTGCCTTTCGAGAAAGCCGCTTCCTTGCGGCTACTGGAGCTGTCTTATCGGACCCGCGAAGTCGCGTACTCAAGCCGG	51680.0	-837.496826989477	-837.4901741574457	4	3	1	-0.0133056640625	1.0	1682.993653978954	1680.9803483148914	-2.0133056640625	1718.4049585327798	1707.538826730261	-10.866131802518794
seelig_cm / by_cre	TAGAGGAACCATTTCTTATACGTCGTCCGCGCCTTATAAAGGAAGATAAGTCATCGGACCCGCCCCAAGGGCGGCGCTACGTCGTCTCTAGGAAGAAGATAAGAGCGATATCACGCGAATCCATATGACTCATCAGCGTCTTATG	51680.0	-1928.2076013982353	-1928.2067469060478	4	3	1	-0.001708984375	1.0	3864.4152027964706	3862.4134938120956	-2.001708984375	3899.8265073502967	3888.971972227465	-10.854535122831749
seelig_cm / by_cre	TAGCCCTGGCAGTGAAGGCAAGGGCAGCAGCTTTCTAGCGCCCCTTGTGGCTGGATGGTGGTCTGCCCAATCCTGGTGGTCAACATCAGGAGGCCCATTGTCTGCGCATGCTCTCCAGAGCCAATCTTATTGGTAACAAAGCAAG	51680.0	-1418.0152870300299	-1418.0079628112799	4	3	1	-0.0146484375	1.0	2844.0305740600597	2842.0159256225597	-2.0146484375	2879.441878613886	2868.574404037929	-10.867474575956749
seelig_cm / by_cre	TAGCCTATAAGATAAGTCGTATCTTATTAAGTCCCGTAGATATACGCGGATCCAATTGGCCGCGCGTCCGCGACGGAGAGAAGGTGTACGCGTTGACATCCTAGAAACGCGTATCGCTTCATGGAACCGCGCAACTGGCGACTGG	51680.0	-1773.636386150834	-1773.6274750180214	4	3	1	-0.017822265625	1.0	3555.272772301668	3553.254950036043	-2.017822265625	3590.684076855494	3579.813428451412	-10.870648404081749
seelig_cm / by_cre	TAGCTTATAAGAATTCGCGTAAAAGCCCTGCGTGTAAGGGGTGTGTCTTCCCGGTAAGGCGCGCCGCCGTATCGCTAATGGCTCAGCCCCCGCTTAACTATATGAGTTATCGCCCGATAAGAAAGATTTCTCTTATTATTGGTCA	51680.0	-1521.9696816686696	-1521.9721230749196	4	3	1	0.0048828125	0.9442914607802155	3051.9393633373393	3049.9442461498393	-1.9951171875	3087.3506678911654	3076.5027245652086	-10.847943325956749
seelig_cm / by_cre	TAGGATGAGTCATCAGCATATAAGGAAGGAGGGCGGGACTTCGTCATATAAGGAAGATATATCTTCCTCCAATTGGATGAGTCATCGGCCTATAGGGAGGGTGAGAAAGCGGAAGTCACATCCTGAAGATAACTTATAAGATAAC	51680.0	-16617.77165745247	-16617.63152073372	4	3	1	-0.2802734375	1.0	33243.54331490494	33241.26304146744	-2.2802734375	33278.95461945877	33267.82151988281	-11.133099575956294
seelig_cm / by_cre	TAGGATGAGTCATCGGAAGGGCGAGAAAGCGGAAGTGACTTCCTCCAATAGGCTTATAGGATGAGTCATCAGCTTATAAGGAAAGCGGAAGTCACATCCGGAAGATAAGATAGCGTGACTTCCTCCAATAGGATGACTCATCGGA	51680.0	-29785.2817892671	-29784.8228048921	4	3	1	-0.91796875	1.0	59578.5635785342	59575.6456097842	-2.91796875	59613.97488308803	59602.20408819957	-11.770794888456294
seelig_cm / by_cre	TAGGCAAGCGAGGTTGGTTACATAAGGGGAATGTAACGGAAAGTCGAACAATGTTTGTTGCGTAATGTTGAACTTACGGTCATAAGGGGGGGGGGGGGGAGGTTTAAACATGCGGGGATTGTAGGGGAATGTCGGAAAGTTGAAC	51680.0	-2879.8830517531355	-2879.8898876906355	4	3	1	0.013671875	0.9069180657713063	5767.766103506271	5765.779775381271	-1.986328125	5803.177408060097	5792.338253796641	-10.839154263456294
seelig_cm / by_cre	TAGGCATGCGGGGAGAAGGTCGAACAATGGTTGTTACGTAAGGGGAATGTAACGGAAAGGCAAGCGGGGAGAAGGTCGAACAGGGAATGTTGCGGAATGTCGGAAAGTTGAACTTACGGTCATAAGGGGGGAGGTTTAAACATGC	51680.0	-2022.1333721518702	-2022.1269024253077	4	3	1	-0.012939453125	1.0	4052.2667443037403	4050.2538048506153	-2.012939453125	4087.6780488575664	4076.8122832659847	-10.865765591581749
seelig_cm / by_cre	TAGGGAGACGTGAGACATCAATCAATACCTGTAAGATGTACATTGGTCTCGTCAGGGAAGGCGGGACATCTTGGGTGGGAGGGCGTCCAGGGCATTGGTGGATTCAAATATTTCACGATTGGTGATTGGTTGAAAGAGTTTATCT	51680.0	-8224.141427086728	-8224.113595055478	4	3	1	-0.0556640625	1.0	16456.282854173456	16454.227190110956	-2.0556640625	16491.69415872728	16480.785668526325	-10.908490200956294
seelig_cm / by_cre	TAGGGGCGGGGCTTCCCGGAAGCCCCGCCCCCCCCCGCTGACTCATCCCCCGGAAGTAACTTCCGGGAAGGGCGGCCCCCCCCGCCTATAGGCGGGCCCCCCCCCACCCAGAAGAGGATGAGTCATCCGATATCGGCGGGGGGCC	41344.0	-134.79304549332977	-134.7941288673532	4	3	1	0.002166748046875	0.9628732052961813	277.58609098665954	275.5882577347064	-1.997833251953125	312.1048213352286	301.4773054961332	-10.627515839095395
seelig_cm / by_cre	TAGTCCTACGAATCACGCCGCCAAATAAGGAGGTGGCGCCTCCTACGACGGATGCGTCATTTGCGTGATGCAACGCCGTATCGATGAGTTATCACGGTGTATGATAACTCCGCCTTCTGGCGGCGCTTCCCTCCGAGTGACGCTA	51680.0	-854.7302367630886	-854.7370727005886	4	3	1	0.013671875	0.9069180657713063	1717.460473526177	1715.474145401177	-1.986328125	1752.871778080003	1742.0326238165467	-10.839154263456294
seelig_cm / by_cre	TAGTGGACTTGGTACATAGACCATTTTACGTCACTACTGTCCGCTTGAGTTTAGCCAGTTTTGATAGGTCAATGGACATGTCCGGGCATGCCTTGAGGCCTTCAGGTCAACAGTCCGGTATAGTCCAGAGGACATTGATTGTTCC	51680.0	-7693.7111331999895	-7693.6779300749895	4	3	1	-0.06640625	1.0	15395.422266399979	15393.355860149979	-2.06640625	15430.833570953804	15419.914338565348	-10.919232388456294
seelig_cm / by_cre	TATAAAAGAAATATATCATGACTCATCCTATTGGGGCGGCGCTTCCGCGAAATCGGCCGCGCGATAAGATTTCACGAAGCCGCGCGGTCCAATGAAATTTCACATCGCACCACACTTATGACTCAACTGTGAAGGTATTATATAG	51680.0	-4547.731561816368	-4547.725702441368	4	3	1	-0.01171875	1.0	9103.463123632737	9101.451404882737	-2.01171875	9138.874428186562	9128.009883298106	-10.864544888456294
seelig_cm / by_cre	TATATCCTAAAAGATCTATGAACTAATCGGTTCCGCGAATTTCGTCTGATAACCTCACTCTGACTGGCCGATTGGCGCGACAACGATATCTCAAAGACACAGTTTGAGGATGTGTCATCCGCTGAAGGAGTTACCCAATCGGGGC	51680.0	-2240.365742924222	-2240.3746540570346	4	3	1	0.017822265625	0.8937979179924613	4488.731485848444	4486.749308114069	-1.982177734375	4524.14279040227	4513.307786529439	-10.835003872831294
seelig_cm / by_cre	TATATCGGCGGGGGGCGCAGGAAGTCACTTCCGGGAAGCGCCGCCCCAAGAGGATGAGTCATCCGCGGGGGGCGGACGCAAGAGGATGAGTCATCCTATATCGGCGGGGAGCCCAGCCTATAGGCCGGGAGGCCCCGGGGGGGGG	51680.0	-2917.83206989107	-2917.83939410982	4	3	1	0.0146484375	0.9036666954249821	5843.66413978214	5841.67878821964	-1.9853515625	5879.0754443359665	5868.23726663501	-10.838177700956294
seelig_cm / by_cre	TATATCGGCGGGGGGGGGGGGAAGTCACTTCCGGGAAGGGCGGGCCCCCCCGCCTATAGGCGGGCCCCCCCCCCGCTTCCAGGAAGTGACTCACGGGCGGGCCCCGCCCCCAAGAAGATGAGTCATCGGCGGGGGGCGGGCGGGC	41344.0	-417.6262927045837	-417.6218676557556	4	3	1	-0.00885009765625	1.0	843.2525854091674	841.2437353115112	-2.00885009765625	877.7713157577365	867.132783072938	-10.63853268479852
seelig_cm / by_cre	TATCACTCACTATCCTCGAAGCACGACACTGACGTCGCTGTCGCTTATCATAAGTCGCATCCGCCCGCGAACGCGTCATAAGATAGCGCGCGCCTCGCGCCGCGACGCGTGGGTGGGGGTTTCTTATATGGGGGGACTAATTCTA	51680.0	-8513.117978803208	-8513.084775678208	4	3	1	-0.06640625	1.0	17034.235957606415	17032.169551356415	-2.06640625	17069.64726216024	17058.728029771784	-10.919232388456294
seelig_cm / by_cre	TATCAGGAAGGGAGTGACGATATCGCGCCATCCAAGAAAAACGACATCCGCGAATCCGCGAATCCGCGCATCCAAGAAACCACGGGAGGGCGCGCCTATCGGAGGAACTGAGGGAGCGGCAGCGAGAAACGATGACTCACCCCCA	51680.0	-744.5556667638814	-744.5685451818501	4	3	1	0.0257568359375	0.8724955993780964	1497.1113335277628	1495.1370903637003	-1.9742431640625	1532.5226380815886	1521.6955687790696	-10.827069302519021
seelig_cm / by_cre	TATCCGCCCGATAAAAAGTCGTAAGTGGCTTATGCTTCCGGATCACACTGTTACGGCGAGTCATCAGGAACAGCGCGCCGCTCCGAGTAGTCGTCGGCTTATCTGGATGACGCAGCCGCGACGCGGAGATAAGTCATGAAATCGG	51680.0	-4849.386355175329	-4849.388796581579	4	3	1	0.0048828125	0.9442914607802155	9706.772710350659	9704.777593163159	-1.9951171875	9742.184014904484	9731.336071578527	-10.847943325956294
seelig_cm / by_cre	TATCGCAGAAGATATAAGCATATAAGCATATACGCGCGCCTATGAGTCAGCGCGAGGCGATGAGTCACGCAGGAAGAGGAAGCATATAAGGATATAACGATGAGTCACCCTCCGCGAGAGGCACCGCCTATCGCAGAAGATATAA	51680.0	-16489.53786920181	-16489.427639709622	4	3	1	-0.220458984375	1.0	32987.07573840362	32984.855279419244	-2.220458984375	33022.487042957444	33011.41375783461	-11.073285122831294
seelig_cm / by_cre	TATCGCGAAAGCGTCTTACCGAGAAACCGCCACCCACATCTTTTTAGCGTCTCTTTTATCGCTTTTTCTCTAATGAGTCATCCTTAGAAACCGCGATATCGCGAAACCGCGTTATCGCGATAACTCGCGTGTTACTTCCTCTATA	51680.0	-2196.321331731337	-2196.313030950087	4	3	1	-0.0166015625	1.0	4400.642663462674	4398.626061900174	-2.0166015625	4436.0539680165	4425.184540315544	-10.869427700956294
seelig_cm / by_cre	TATCTTACTTCCCTAGCAGGACGTCACTTCCAAGATATAAGCGTGAGATAGGTCTTCATTAGGACTCGCCCCGCGCGTAAGATAAGATAACGACTCATCCACGATTCGCGTATCGCCTAACGGTGCGCGGTGCGGGTGGGGGTCC	51680.0	-1446.0320670461008	-1446.0281607961008	4	3	1	-0.0078125	1.0	2900.0641340922016	2898.0563215922016	-2.0078125	2935.4754386460277	2924.614800007571	-10.860638638456749
seelig_cm / by_cre	TATGTAATGGTCCGGTTATGTAACCGGTTAGGTAATTGTCCAGTGATCTAAGTAGGTATGCGACGGTTTGTCTAACCGGTTATGTAATGATCTATGCAGTCGGTTATGTAACCGGTTATGTAAGCGGCAAGGCAGCAATGTAAGT	51680.0	-11077.724135232485	-11077.652357888735	4	3	1	-0.1435546875	1.0	22163.44827046497	22161.30471577747	-2.1435546875	22198.859575018796	22187.86319419284	-10.996380825956294
seelig_cm / by_cre	TATTTACGAGATACGCCCTATCGTATTGGTCCGTCCAATAAGGAAGAGGAAGACGTTTCGCGCTACTAATAATTCTTATATGCGGCGCTCCGCGATATCCGACGCATCGGCAGGCCGCGACAGATATAGCAATTGGCTGCTAGAC	51680.0	-1175.8884381035537	-1175.8929547051162	4	3	1	0.009033203125	0.924280541737005	2359.7768762071073	2357.7859094102323	-1.990966796875	2395.1881807609334	2384.3443878256016	-10.843792935331749
seelig_cm / by_cre	TATTTGGAGGAGTTATATGCTAATTATGAGTCATCGGGTGGGGCGTCTTATAAGTCTTCTAGCGGATCAAATCCGCGGAGCGACGCGCTGCGCCAGCGGGAGGCGCCGCCTCCTGCGGATAACGTTATTTCGCGTAATCTTATAT	51680.0	-1192.1134287801585	-1192.1046397176585	4	3	1	-0.017578125	1.0	2392.226857560317	2390.209279435317	-2.017578125	2427.638162114143	2416.7677578506864	-10.870404263456749
seelig_cm / by_cre	TCAAACATGTCCAGACAAACTCCTGTTAGACATTCCCTTTTACATAATGTTTGTACAAACCAAAGTCCACATTACATAATGTTTGTACACATCCCCTGCCCACTCCACCCCTGCCAGCATGCCCGGACATTCACTCTACCGACAA	51680.0	-1060.054978647794	-1060.0672467142003	4	3	1	0.0245361328125	0.8755284674959829	2128.109957295588	2126.1344934284007	-1.9754638671875	2163.5212618494143	2152.69297184377	-10.828290005644249
seelig_cm / by_cre	TCAAATCACAGCGCCAACCAGAGGGTATGACAAAATCACAGCAAATCACAGCTAAAAGGTAGCTTACGCAATGGTGAGATCGGAAAATCACAGCTCTGGATCTGGTACAAAATCTTCCCCAAATCACAGCGTGCGCATTCGGGAC	51680.0	-1211.4304622265113	-1211.4259456249488	4	3	1	-0.009033203125	1.0	2430.8609244530226	2428.8518912498976	-2.009033203125	2466.2722290068486	2455.410369665267	-10.861859341581749
seelig_cm / by_cre	TCAACCGACGGGCTATGTCGACCGTCGTCGAACGTCGGCCGATGAATGTCGGCCGATGTTCGAACGTCCGACGTTTGTTTGAACTTTGTCCGGACATGTCTACGTCCGTTGGTTGTCGTCTACGTCCGACGTAGACGTATGCGCA	51680.0	-1683.5968074039265	-1683.6058406070515	4	3	1	0.01806640625	0.8930773210718974	3375.193614807853	3373.211681214103	-1.98193359375	3410.604919361679	3399.7701596294723	-10.834759732206749
seelig_cm / by_cre	TCAACTCAGCATGGGGCCCTTTTGAAGAACTACCCAGGACACATGTCCACGTAGTCCAGCCCTGGCGGTGGGATTATCTCTGGAATGAATGCTCTCTAATCTTCTCTGTGGCTTTGTTTAGTCAGTGCTGAAGTTCATGGTGAGC	51680.0	-1933.8966113509246	-1933.8973437727996	4	3	1	0.00146484375	0.9694697968508501	3875.793222701849	3873.794687545599	-1.99853515625	3911.204527255675	3900.3531659609685	-10.851361294706749
seelig_cm / by_cre	TCACAAACGGGTGGCGGGGCCCGCTTCCTTCTCTTCTAAGAAGCAGTTATCTTATAACACGCATATGCGTCATGTGGCTTATCTGTCAGCAACTGCTTCTTAAGATGACGCCGCTTCCGCGTTCTAATGAGTCAGCGAGATAAAG	51680.0	-18980.906610124253	-18980.715692155503	4	3	1	-0.3818359375	1.0	37969.81322024851	37967.43138431101	-2.3818359375	38005.22452480233	37993.989862726376	-11.234662075956294
seelig_cm / by_cre	TCACACGACCAAAGTCACCGCAGGTGTACGGTGACATGGTGCATTGGTTTGTTGAGCGGTGAACTTTGTTTGTTTGTTTGCACCATGACGTAGGCCGTGGCTTGTTTGAACGACTTACCTAGGTCGGGTTGTTTGACCTGTGTAT	51680.0	-3383.853005917332	-3383.841775448582	4	3	1	-0.0224609375	1.0	6775.706011834664	6773.683550897164	-2.0224609375	6811.1173163884905	6800.242029312534	-10.875287075956294
seelig_cm / by_cre	TCACAGTTCCACATGGCTGGGGAGGCCTCACAATCACGGCAGAAGACGAAGCAGGAGCAAAGAACGTTTACATGGCGGCAGGCGAGAGCTTGTACAGGGAAAACTACGCTTTATAAAACCGTCAGATCTCGTGATACTTACTCAC	51680.0	-3735.314614204011	-3735.313149360261	4	3	1	-0.0029296875	1.0	7478.629228408022	7476.626298720522	-2.0029296875	7514.040532961848	7503.184777135892	-10.855755825956294
seelig_cm / by_cre	TCACCTTTGAACTCCTGTCCGGAGTTTGAGCTGACCGGATTTTTGTACAAAGCTCCCTCTCCCTCCACCTTTGAACTTTGGCCCTCTCCCTGACCTGATGGTCGCCCGGCATGCCCGGACATTCCCCCTGCTCCCCCCCCTCTTC	51680.0	-590.9550322075108	-590.9657133598546	4	3	1	0.0213623046875	0.8837962724511885	1189.9100644150217	1187.9314267197092	-1.9786376953125	1225.3213689688475	1214.4899051350785	-10.831463833769021
seelig_cm / by_cre	TCACCTTTGAACTTCGGTCGGGAGTTTGAGCTGTCTGTACAAACATTCCGACCTTTGTACTTTCCCTTCTTTTGTTGTTCAAAGGTCTCCCGGCATGCCCGGACATTCCCCCTGCTCCCCTCTCTGTTTGACCTTTGAACTTTGC	51680.0	-1007.3656173118088	-1007.3597579368088	4	3	1	-0.01171875	1.0	2022.7312346236176	2020.7195158736176	-2.01171875	2058.1425391774437	2047.277994288987	-10.864544888456749
seelig_cm / by_cre	TCACCTTTGCACTCCTGTCCGGAGTTTGAGCTGACCGGATTTTTGTACAAAGCTCCCTTTGTTCAAAGCTCCCTTCCCCTGAACCTCTCCCGGCATGCCCGGACATTCCCCTGTCTGTACAAACTCTCCTCTGGTCAAACATTCC	51680.0	-484.4845674882102	-484.49695762492894	4	3	1	0.0247802734375	0.8749158120522846	976.9691349764204	974.9939152498579	-1.9752197265625	1012.3804395302463	1001.5523936652273	-10.828045865019021
seelig_cm / by_cre	TCACGCGGTTTCGCGGAATTGCGCGACGCCCTGCAGATAAGATAACTTATCGCCCTTCCTTTATCGGGTTGCGATTTCTCGCAGATACGATGACTCATAAGTGGTCTCGCAGATTCGCGGGACGCGCCCCCTTCAGGAAGTTACG	51680.0	-1089.5295207860588	-1089.5300090673088	4	3	1	0.0009765625	0.9750701651312458	2187.0590415721176	2185.0600181346176	-1.9990234375	2222.4703461259437	2211.618496549987	-10.851849575956749
seelig_cm / by_cre	TCACGCGGTTTCGCGGATTCGCGGGACGCCCCCCCTTTAGGAAGTTACGATTTCTTTTCTTCCTTCACGCCTTATCGCATCGGCGCGGGACGCCCCGCCTATAAGATATCTCGCAGATACGATGACTCATAAGTGGTTTCGCGGG	51680.0	-1106.9805590752253	-1106.9694506767878	4	3	1	-0.022216796875	1.0	2221.9611181504506	2219.9389013535756	-2.022216796875	2257.3724227042767	2246.497379768945	-10.875042935331749
seelig_cm / by_cre	TCACGCGGTTTCGCGGATTCGCGGGACGCCCCCTCCTCAGGAAGTTACGCTTTCTTATCAGTATCGGCGCGCGATTTCTTGAAGATACGATGACTCATCGCCCGTCCTATAGGAAGATAAGATATCTCGCAGATACGATAACTTA	51680.0	-985.6651218891881	-985.6758640766881	4	3	1	0.021484375	0.88346709887824	1979.3302437783761	1977.3517281533761	-1.978515625	2014.741548332202	2003.9102065687457	-10.831341763456294
seelig_cm / by_cre	TCACGCGGTTTCGCGTTATCGCATCGGGTTGCGATTTCTCGCAGATACGATGACTCATCACTCTTCCCGCATCGGCGCGGGACGCGCCCCCCTTATCGGCGTGCGATTTCTTGAAGATAAGATATCTCGCAGATACGATGACTCA	51680.0	-879.6132338022387	-879.611341712395	4	3	1	-0.0037841796875	1.0	1767.2264676044774	1765.22268342479	-2.0037841796875	1802.6377721583033	1791.7811618401593	-10.856610318144021
seelig_cm / by_cre	TCAGAGGGAAGGAGGGCGGATGACGCGGAGCGCGGACCGATAACGCGATAAGCCGGAAGCGCCCCCCACAGATGAGTGACTCAGTGGGCGGGGCCACCCGCGGGCGGAGCCACCCGCGCATCCGCGACTGAGAACCCGCATCCGC	51680.0	-1247.4944829554365	-1247.506812056999	4	3	1	0.024658203125	0.8752217513055489	2502.988965910873	2501.013624113998	-1.975341796875	2538.400270464699	2527.5721025293674	-10.828167935331749
seelig_cm / by_cre	TCAGCACATCCGCAGATAAGAAACGCCCGGCCCGCGCCGATAAGAAGGAAGCCACATCAGTGACTCACTGACGGGGAGGCGCGATAGGCGGAGCCACCCGGCGATAACCCGATAACGCGGAACCGCCACCCACGACTGAGAAACG	51680.0	-1419.0941139443266	-1419.0892311318266	4	3	1	-0.009765625	1.0	2846.1882278886533	2844.1784622636533	-2.009765625	2881.5995324424794	2870.7369406790226	-10.862591763456749
seelig_cm / by_cre	TCAGCTGCCCAGCCCCCTCCACCCCGGATGTATTTCCTGTCAGAAGGGGGTTCCGGTGGCCGTGTCCAGCCTGGTTTGGGGAGGCCCCTCTTTTGGATAAGCTCTCCCAGTGCTGGCGTAAGCTGTGAAGATCACACTGCCAGGA	51680.0	-557.9315498087008	-557.9194648477633	4	3	1	-0.024169921875	1.0	1123.8630996174015	1121.8389296955265	-2.024169921875	1159.2744041712274	1148.3974081108959	-10.876996060331521
seelig_cm / by_cre	TCAGGATATCGCGATAACGCGATCCGCGCCTATCCGCGTATCTCCGGGAAGATAAGGAAGCGCCCCCCCCGCCGTCCGCGACTCTCCGCCGCCGGATCCGCGTGAGTCACCCCCCCCCCCCGCGCCTATACGCGTATCTCACCCC	51680.0	-235.1268014358783	-235.13028043978454	4	3	1	0.0069580078125	0.9335218211340159	478.2536028717566	476.2605608795691	-1.9930419921875	513.6649074255826	502.81903929493853	-10.845868130644021
seelig_cm / by_cre	TCAGTGAGTCACGCGAAAGCGCCCCCCCCAGATAACGCGGAAGCGCGATAACGCGGAAGCGCCATAAGAAACGCCATCCGCGGATGGGCGGGGCCATCCGCGACTGACGCGGAAGCGCCACCCACAGATCAGTGGGCGGATGACT	51680.0	-1025.0522832918102	-1025.0419073152477	4	3	1	-0.020751953125	1.0	2058.1045665836205	2056.0838146304955	-2.020751953125	2093.5158711374465	2082.642293045865	-10.873578091581749
seelig_cm / by_cre	TCAGTTCTTGGTGGTCGCATCAGCCTTCTTCAGTTTCAGGAAGCGCCCAATAAGTCATATCTTGGATATGAGTGGTCGGACCACTTCCTGATGACGCGCTTTTTCGAGGAGTAGCTTCCTATATGCGCGATGCGCCACGCGCGCG	51680.0	-1562.5111749124487	-1562.5083672952612	4	3	1	-0.005615234375	1.0	3133.0223498248974	3131.0167345905224	-2.005615234375	3168.4336543787235	3157.575213005892	-10.858441372831749
seelig_cm / by_cre	TCATCATTCTGGGAAAAGGTGGTTCACGAGAAAGCACAGTCATGTGTCAATTAACAGTGCAGATGCATTCTGAGAAATGCGTTGTTAGGTGATTTCATCATCCTGCAACATCAGAGTGTGCCCCGCGCTCATGGATGAGACAGCC	51680.0	-12958.869360016623	-12958.766820954123	4	3	1	-0.205078125	1.0	25925.738720033245	25923.533641908245	-2.205078125	25961.15002458707	25950.092120323614	-11.057904263456294
seelig_cm / by_cre	TCATCCGGCGGGTGAGTCATCCGGCGCCGCCGGTGCGCGGGCGGCGCTTCCGAGGGAGGGGCGGGCCTTCCTCCACCCGGCGGGTGAGTCACCCAGTTATCGCTTCCTAGATATAGGCGCGCCCCCCTTCCCGCCTATAGGCGCG	41344.0	-407.1178406090957	-407.1180847497207	4	3	1	0.00048828125	0.982370510217358	822.2356812181914	820.2361694994414	-1.99951171875	856.7544115667605	846.1252172608682	-10.62919430589227
seelig_cm / by_cre	TCATGTAAACAAGCCAGCAAGTTTGAACTTTCACCTCACCTCCCTCATGTCAACCATTACGTAAAAACAAACTTCCCCCAGCATGTTCCAAAGTTCAAACTTCCGCTCCACTGCTTGTCACCAAGCCTTTGTACAAACATGACCT	51680.0	-913.5199343949203	-913.5207888871078	4	3	1	0.001708984375	0.9670249531549395	1835.0398687898405	1833.0415777742155	-1.998291015625	1870.4511733436664	1859.6000561895848	-10.851117154081521
seelig_cm / by_cre	TCATTACAGGGAACATGCCACGGCAAGCTCGCTATTCATTTTATGCCGGGACATGTTTAGGCTTGCTGTGGGTTCAATGTTTGAACATTCCACTACTGACAAACACTCCAGTTCAAAGGCGAAGTTCATTGTTTTTGTTGCGCAT	51680.0	-4006.8706722081793	-4006.8640804113043	4	3	1	-0.01318359375	1.0	8021.7413444163585	8019.7281608226085	-2.01318359375	8057.152648970185	8046.286639237978	-10.866009732206294
seelig_cm / by_cre	TCATTACGCCCCATGGCCGAAAATCACAGCTTTTACTTTTAGGTTGCATTGCCATGAGAGGGGTATCAACGTTACTCTTTAAAGATTGGGCAGAAGCTAAAGTCCTTGCGCGGATGCTGCCTTATGTGTCCGGGGTGGTCTGCAG	51680.0	-1478.4117720782458	-1478.4103072344958	4	3	1	-0.0029296875	1.0	2964.8235441564916	2962.8206144689916	-2.0029296875	3000.2348487103177	2989.379092884361	-10.855755825956749
seelig_cm / by_cre	TCCAAACCAAAAAACAACAACAAATGACTCACAAAAACGATAACTCGCAAGAAAGCGCAGTCGCGGAAGCGCCGCCCACATCCACACATCCAAAAACAACCAAACAACCAAATGACTCACCACCCACATCCAACCAAAGATAGCG	51680.0	-1038.6306526594149	-1038.6254036359774	4	3	1	-0.010498046875	1.0	2085.2613053188297	2083.2508072719547	-2.010498046875	2120.672609872656	2109.809285687324	-10.863324185331749
seelig_cm / by_cre	TCCAACAAAAGAAAGCGCAGTCGCGGAAGCGCCGCCCACATCCAAACCAAAAAACCAAAAAACCAAACAACCAAAAAACAACAACAAATGACTCACAACAACGATAACTCACAACAACACTCAAACAAGAAATCGCGGAAGCGCC	51680.0	-752.0305895057963	-752.0292467323588	4	3	1	-0.002685546875	1.0	1512.0611790115927	1510.0584934647177	-2.002685546875	1547.4724835654185	1536.616971880087	-10.855511685331521
seelig_cm / by_cre	TCCAGTTACATAACGGCGGGAGTTTGAACACCAGGGATTTGGACTGTTGGTGTTGCTGCGAGCTCGGGTGGTTAAGCAAGCCGGGAGACATGCCCGGGCATGTTTTTAATGTTGAACCTTAGCCCTGCTACACAAAGCTTGGTGG	51680.0	-13038.86889100099	-13038.78783631349	4	3	1	-0.162109375	1.0	26085.73778200198	26083.57567262698	-2.162109375	26121.149086555804	26110.134151042348	-11.014935513456294
seelig_cm / by_cre	TCCCAGTGACCGAAGGTCGAGGGCAGCGGGCAGGGGAGGGGGGAGAGCAGGAGACATGCCTGGGCATGCCCCCAGGAGAGCATGGCGGAATGCCGGCCGGAGAGCAGGGGTGAACAAAGGCCGCAGAGCATGCCCCGGCATGTCC	51680.0	-5824.039139126378	-5824.033279751378	4	3	1	-0.01171875	1.0	11656.078278252757	11654.066559502757	-2.01171875	11691.489582806582	11680.625037918126	-10.864544888456294
seelig_cm / by_cre	TCCCCCCCCCCGAACCCAGCACAACGGTGCAGCCAGCTTTGGTTTGTTTGACCTTTGTACCAGCCTCCGTAATGTAATAGGGACTTCTGTGCAAAAACCGGAATTCCCAGAAACGAGAGAGCTGCGAACATGCCCGGGCATGTCT	51680.0	-3620.6225967629216	-3620.6206436379216	4	3	1	-0.00390625	1.0	7249.245193525843	7247.241287275843	-2.00390625	7284.656498079669	7273.799765691213	-10.856732388456294
seelig_cm / by_cre	TCCCTGCCTCCAGGCAATCACCAGTTTTTACCAGGAGTGCCTCAGACCTGCCCGGACATGTCCAAGTCCCCTAGAAGCAGGGAGGGGTGGGTGAGGCTGTCACCTCTCCCTTCCCTGTATGGTGCTGATAAGGGCGTGGGGAGGC	51680.0	-1960.8193078295083	-1960.8261437670083	4	3	1	0.013671875	0.9069180657713063	3929.6386156590165	3927.6522875340165	-1.986328125	3965.0499202128426	3954.210765949386	-10.839154263456749
seelig_cm / by_cre	TCCGAGGGCGGGCCAATCGGAGAAGACAAAGGCGGCGAGAGAGATAAGAAAGTGAGACAGCGTATCTGCGAAGAAGCCGGAAGCGATATCTCGAGGAAGCGATATCTCGAAGAGCCGCACCCACAGACGACAGGGGCGGGGAGAG	51680.0	-1462.6662616950946	-1462.6625995857196	4	3	1	-0.00732421875	1.0	2933.332523390189	2931.325199171439	-2.00732421875	2968.7438279440153	2957.8836775868085	-10.860150357206749
seelig_cm / by_cre	TCCGAGGGCGGGGCGATGAGGCGGAAGCGATATCTCGAAGAACCGCACCCGCGGGAGAGATAAGAAACGATATCTCGAGGAAGAGAAGGAAGAAGGAAGCGATATCTCCCACGAAAGGGGCGGGCCAATCCGAGAAGACAGAGAG	51680.0	-1385.870801101938	-1385.8714114535005	4	3	1	0.001220703125	0.9721287312245898	2779.741602203876	2777.742822907001	-1.998779296875	2815.152906757702	2804.3013013223704	-10.851605435331749
seelig_cm / by_cre	TCCGAGGGCGGGGCTAGAGATAAGGAAGAAGGAAGCGATATCTCCCACGAAAGGGGCGGAGGGAGGAGACGGAAGCGATATCTCGAAGAACCGCACCCACGGGAGAGATAAGAAAGTGAGACAGCGTATCTGCGAGAAAGCGTAT	51680.0	-2579.108272286937	-2579.115596505687	4	3	1	0.0146484375	0.9036666954249821	5166.216544573874	5164.231193011374	-1.9853515625	5201.6278491277	5190.789671426744	-10.838177700956294
seelig_cm / by_cre	TCCGATAAATCGGATCCGCCTCATGCGTCGCTTCTTCTTATCACTTCGCGGAGGCGTCGGAGGAGAAGCGGAAGTAGATAACGATTTGATGACGCGTCTCTTCTAAATCTGACGCGCCGTATGAGTCGTCCCTCGACTGATTAGA	51680.0	-2903.2465794096706	-2903.2311985502956	4	3	1	-0.03076171875	1.0	5814.493158819341	5812.462397100591	-2.03076171875	5849.904463373167	5839.020875515961	-10.883587857206294
seelig_cm / by_cre	TCCGCCAAGAAGCGGATCCGCGCCCCCCCCCCCGCGCGGATCCGCCTATCTGCGGGAAGATATCCGCGCGGATAAGGATGAGTCACCGGAAGCGCGCGCCGATATCTGGAAGAAGATAAGACACCCAATAAGCGTATCTCCCCGA	51680.0	-338.95332230386856	-338.96284378824356	4	3	1	0.01904296875	0.8902433705619641	685.9066446077371	683.9256875764871	-1.98095703125	721.3179491615631	710.4841659918566	-10.833783169706521
seelig_cm / by_cre	TCCGCCAATAAGCTTATAGGATGAGTCATCAGCATATAAGGAAGTTAAGAAGGTAAGAAAGAGGGCGGGACTTCCTCCAATTGGATGAGTCATCGGAAGTCACTTCCTATAACTTATCGGAAGGGCGAGAAAGCGGAAGTCACTT	51680.0	-20192.274891050736	-20192.136219175736	4	3	1	-0.27734375	1.0	40392.54978210147	40390.27243835147	-2.27734375	40427.9610866553	40416.83091676684	-11.130169888456294
seelig_cm / by_cre	TCCGCCAATAGGATGAGTCATCGGAAGGGCGAGAAAGCGGAAGTCACTTCCTGAAAATAACTTATAAGCTTTTAGGATGAGTCATCAGCATATAAGGAAGTTAAGAAAGAGGAAGTGACTTCCTCCAATAGGCTTATAAGATAAG	51680.0	-17529.301735399476	-17529.189918993226	4	3	1	-0.2236328125	1.0	35066.60347079895	35064.37983798645	-2.2236328125	35102.01477535278	35090.93831640182	-11.076458950956294
seelig_cm / by_cre	TCCGCCAATAGGCTTATAGGATGAGTCATCAGCATATAAGGAAGGAGGGCGGGACTTCCTCTTATAGGCCAATTGGATGACTCATCAGGAAGTTAAGATATCGGAAGGGCGAGAAAGCGGAAGTCACTTCCTGAAGATAAGAAGC	51680.0	-14852.837710078438	-14852.749819453438	4	3	1	-0.17578125	1.0	29713.675420156876	29711.499638906876	-2.17578125	29749.0867247107	29738.058117322245	-11.028607388456294
seelig_cm / by_cre	TCCGCCAATTGGATGAGTCATCAGCTTATAAGGAAGGAGGAAGTGACTTCCTCTTATAAGGAGGAAGTGACTTCCTCCAATTGGCTTTTAGGATGAGTCATCGGAAGGGCGAGAAAGCGGAAGTGACTTCCTCCAAAAAAATAAG	51680.0	-11424.019843967073	-11423.948554904573	4	3	1	-0.142578125	1.0	22856.039687934146	22853.897109809146	-2.142578125	22891.45099248797	22880.455588224515	-10.995404263456294
seelig_cm / by_cre	TCCGCCAATTGGATGAGTCATCGGAAGGGCGAGAAAGCGGAAGTGACTTCCTATGACTCATCGGAAGTCACTTCCTATGACTCATCGGAAGGGCGAGAAAGCGGAAGTGACTTCCTCCAATTGGATGACTCATCGGCCTATAAGG	51680.0	-25995.973650165637	-25995.627947040637	4	3	1	-0.69140625	1.0	51999.947300331274	51997.255894081274	-2.69140625	52035.3586048851	52023.81437249664	-11.544232388456294
seelig_cm / by_cre	TCCGCCTATAAGCTTATAAGCTTTTAGGATGAGTCATCGGCCTATAGGGCGGGACTTCCTCCAATAGGCTTATAAGATAAGAGGATGAGTCATCAGCATATAAGGAAGTTAAGATATCGGAAGGGCGAGAAAGCGGAAGTGACTT	51680.0	-14684.975237927554	-14684.873675427554	4	3	1	-0.203125	1.0	29377.95047585511	29375.74735085511	-2.203125	29413.361780408934	29402.305829270477	-11.055951138456294
seelig_cm / by_cre	TCCGCGCGATGTGGTTTCTTATCTCTTCGGCGAGTCATCTTCCGCGTCGCCGATTGGGCGGGGCCGTCGCCGATGTATCGCGTTATCGGCGTATGTCTTCGCGGATGCGCCGCGTCGGCGAGTTATCGCGTTATCTTCTTATTGG	51680.0	-3918.100305279914	-3918.105188092414	4	3	1	0.009765625	0.9212802540736247	7844.200610559828	7842.210376184828	-1.990234375	7879.6119151136545	7868.768854600198	-10.843060513456294
seelig_cm / by_cre	TCCGCGTATCTCCGCGGAAGGATGAGTCAGCCCCCCCGCGGAAGGATGAGTCAGCGGAAGTAAGAAGATAAGGAAGGATGAGTCAGCCCGCGCGGATCCGGATGAGTCACCCCCCGCGGATCCGGATACGGCGATATCTGCGGGA	51680.0	-7432.4865646916405	-7432.4589768010155	4	3	1	-0.05517578125	1.0	14872.973129383281	14870.917953602031	-2.05517578125	14908.384433937106	14897.4764320174	-10.908001919706294
seelig_cm / by_cre	TCCGCGTATCTGCGGGAAGAGAAGACTCAGCCCGCGCCGATAAGCGGATCCGCCTCCGCAGATACCTCCGCGGAAGCCTGAGTCAGCGGAAGCGCCCCCCCCGATCCGGATGAGTCAGCCCCCATATATCGGCCGATATGCGCCC	51680.0	-526.313452627008	-526.3185490625549	4	3	1	0.01019287109375	0.9195824118143971	1060.626905254016	1058.6370981251098	-1.98980712890625	1096.038209807842	1085.1955765404791	-10.842633267362771
seelig_cm / by_cre	TCCGCGTGAGGATAAGAAGATAAGGAAGTAGATCCGGATGAGTCAGCCCGCGCCGATCCCGATATCGCGAAGAAGAACCCCCTCCGCCCCCCCGCGCCTATCGGCGCCGATGAGTCAGCGCCTATATCAGTCTCCGGAAGCGGGA	51680.0	-9501.473154417044	-9501.420420042044	4	3	1	-0.10546875	1.0	19010.94630883409	19008.84084008409	-2.10546875	19046.357613387914	19035.399318499458	-10.958294888456294
seelig_cm / by_cre	TCCGGCCTATAGGCGCGGCTTCCTCGACCCGGGGGGTGAGTCATCCGGCGGCGCCGATTGTCAGTTATCGCTTCCTAGATATAGGGGGGCGGCGCTTCCGAGGGAGGGGCGGGCTCTCAGTTATCGCCCCGCGCCGATAGGCGCG	51680.0	-2422.2161253124655	-2422.2227171093405	4	3	1	0.01318359375	0.9085879295993922	4852.432250624931	4850.445434218681	-1.98681640625	4887.843555178757	4877.003912634051	-10.839642544706294
seelig_cm / by_cre	TCCTATCCGCGTTTTCGCGTATCTTCCTTCCTATACGCTTTCTCATTTACATCTTCCTTCTCCTCTTTCTTCTTTCCCGTTTCCATCCGCGTATATCTTCTCCCCCACGCTTTCTCACTCATGCGTCTTCCCGCGCTTCTGCTTA	51680.0	-422.6200453787574	-422.6175429373512	4	3	1	-0.0050048828125	1.0	853.2400907575148	851.2350858747023	-2.0050048828125	888.6513953113408	877.7935642900718	-10.857831021269021
seelig_cm / by_cre	TCCTCTTCATGAGTCATCCTCATAATGCGTCTTACCGAGAAATAAAGCAATAACTCTTATCCGCGTGTTACTTCCTTAGAAAGCGCCACCCATAGATATCGCCACCCATAGAAACCGCATCCGCGTCTTTCCTAGAAACAGTCTT	51680.0	-935.9851631938602	-935.9942574321415	4	3	1	0.0181884765625	0.8927188813214952	1879.9703263877204	1877.988514864283	-1.9818115234375	1915.3816309415463	1904.5469932796523	-10.834637661894021
seelig_cm / by_cre	TCCTGGCAGTGTGATCTTCACAGCTTACGCCAGCACTGGGAGAGCTTATCCAAAAGAGGGGCCTCCCCAAACCAGGCTGGACACGGCCACCGGAACCCCCTTCTGACAGGAAATACATCCGGGGTGGAGGGGGCTGGGCAGCTGA	51680.0	-533.2129844239432	-533.218050341912	4	3	1	0.0101318359375	0.9198227300590412	1074.4259688478865	1072.436100683824	-1.9898681640625	1109.8372734017123	1098.9945790991933	-10.842694302519021
seelig_cm / by_cre	TCCTGGCATGCACCCGAGGTAGCCAAAACAGAGTCCATGGTTCTGTACATTCCGGTGTTCGAACTTTGGATCGAAGGTTTCATGCTTGGGTCAACCGGCAAGAGTTTATACCCAGCCTGAGTTCATAGTCAACAATAGTGGATCA	51680.0	-597.3834098331942	-597.3845084660067	4	3	1	0.002197265625	0.9626128532955229	1202.7668196663883	1200.7690169320133	-1.997802734375	1238.1781242202142	1227.3274953473829	-10.850628872831294
seelig_cm / by_cre	TCCTTCAGGAAGTTACGCTTTCTTATCTTCCGGAAGATACGATATCTCGCAAATAGGATGACTCATAAGTGTTCTCGCGGATTCGCGGGACGCCCCCCCCTTATCGGCTTGCGATTTCTTGCAGATAAGATATCTTATAAGCGTT	51680.0	-2921.9218286168234	-2921.9142602574484	4	3	1	-0.01513671875	1.0	5851.843657233647	5849.828520514897	-2.01513671875	5887.254961787473	5876.386998930267	-10.867962857206294
seelig_cm / by_cre	TCCTTCCTTCCCGTATCGGGTTGCGATTTCTCGCAGATACGATGACTTATCGCTCTTCCTTCCTTCGCGCGGTTTCGCGGATTCGCGGGACGCCCCCTCCTTAGGAAGTTACGCTTTCTTATCATCCTCGACGTGCGTTTTCTTG	51680.0	-638.824003704423	-638.832060345048	4	3	1	0.01611328125	0.8989893910429374	1285.648007408846	1283.664120690096	-1.98388671875	1321.059311962672	1310.2225991054656	-10.836712857206294
seelig_cm / by_cre	TCCTTCCTTCCTATAGGAAGTTACGCTTTCTTATATTTAGGAAGTTACGCTTTCTTATCTTTCTTCCCGCATCGGCGCGGGACGCCCCCTCTTTAGGAAGTTACGATTTCTCGCAGATACGATGACTCATAAGTGGTTTCGCGGT	51680.0	-1395.3526801860594	-1395.3416938579344	4	3	1	-0.02197265625	1.0	2798.705360372119	2796.683387715869	-2.02197265625	2834.116664925945	2823.241866131238	-10.874798794706749
seelig_cm / by_cre	TCGACCTGTACAACCAAAGTCCGTAGTTTGCCACCTGGCATGGCCTGTAGCGGCCTGTTGGCAGTGTTTGTTCAAACATTCTGGCATTGTTCAAACAATGCCAGTACGGTCACCATGACCGGCAGGCATGCCCGGACATGTCGCC	51680.0	-3416.6147273515944	-3416.6120418047194	4	3	1	-0.00537109375	1.0	6841.229454703189	6839.224083609439	-2.00537109375	6876.640759257015	6865.782562024809	-10.858197232206294
seelig_cm / by_cre	TCGACTTCCTTATCTCTCGGAAGAGGGCGCGGCCTATCGGAAGGAAGCGCCGCCCGCCCTCCCCCCCACACCCCCCCCGATTTCGCGGAAGTCACACCCATTGGCTGATTTAATCCGCCCGATGACTCATCCGCCCCCCGCCCAC	41344.0	-83.68581533241542	-83.6774611454037	4	3	1	-0.0167083740234375	1.0	175.37163066483083	173.3549222908074	-2.0167083740234375	209.8903610133999	199.2439700522342	-10.646390961165707
seelig_cm / by_cre	TCGACTTCCTTATCTCTCGGAAGGGGGCGCGGCCTATAGGAAGTCACCCCCGCGCCGATGACTCATCACTTCCTTATCTCTTCCAAGAAAGCGCCGCCCATTGGCCGATTTAATCAGCGCGCCGCCGATTTCGCGGAAGTAACGC	51680.0	-892.870554606175	-892.8736673991438	4	3	1	0.0062255859375	0.937110268325481	1793.74110921235	1791.7473347982875	-1.9937744140625	1829.1524137661759	1818.305813213657	-10.846600552518794
seelig_cm / by_cre	TCGAGCTGGCGCGCGCGCCTGATAATGAACGCAATTTCTGAGCACCGTGGCGCGCGCGCCTGAGTGGCGCGCGCGCCTGATCGTCTAGTGGCGCGCGCGCCTGACTCATGGCGCGCGCGCCTGACCAGCTGGCGCGCGCGCCTGA	31008.0	-186.22085420311691	-186.22056428612473	4	3	1	-0.000579833984375	1.0	380.44170840623383	378.44112857224945	-2.000579833984375	413.8097104649958	403.46713011632096	-10.342580348674858
seelig_cm / by_cre	TCGCATCTTACGAATAAGAAATCGCCATCTGTGACTCGTAAGTGCGCTCCTACGGATGCGCGTGGCCTCGCGCTCCGATTTCTTTATCACGCAGCTGCCGACTCTTTCTTAACGGGTGATAAGAGTCGCGGAATCGAATTCCGCT	51680.0	-472.30675026018685	-472.31459327776497	4	3	1	0.01568603515625	0.9003304615469174	952.6135005203737	950.6291865555299	-1.98431396484375	988.0248050741997	977.1876649708994	-10.837140103300271
seelig_cm / by_cre	TCGCCATTCGATCAGGCGACCGGAAGTGCCCGGTTACAAAGGCTTCGTGTTTGGGCATGCTCCCTGTCGACATGTCCGATGGTTACGTAATTGACTGTTGCAACAACTTCGGTCGTTTGTGCCGACGTGCGCAAGGCCAAAAGTC	51680.0	-3113.619901176124	-3113.626248832374	4	3	1	0.0126953125	0.9102894293217598	6235.239802352248	6233.252497664748	-1.9873046875	6270.651106906074	6259.810976080118	-10.840130825956294
seelig_cm / by_cre	TCGCCTTGTCCGCTGCACGTCCCCCGGCATGTTTGCAGAGCGGAGAGGGGTGACGAACGTTTAACCGTAGAACATCCGGCGGCATGTCTAACTATTCAACCATTGTACTGATCTAAGCGTTGTTACATACCCCGGACTTACAAAA	51680.0	-777.6879575029424	-777.6932065263799	4	3	1	0.010498046875	0.9183915793830312	1563.3759150058847	1561.3864130527597	-1.989501953125	1598.7872195597106	1587.9448914681293	-10.842328091581294
seelig_cm / by_cre	TCGGACGGCATGCCGGCCGGAGAGCATGCCGGCCGGAGTCCGGAGACCAGGGGACATGCCTGGGCATGCCCCCAGGAGAGCATGGCGGCATGCCGGCCGGAGAGCAGGGGTGAACAAAGGCCGCAGAGCATGCCCCGGCATGTCC	51680.0	-2991.681654652047	-2991.669447620797	4	3	1	-0.0244140625	1.0	5991.363309304094	5989.338895241594	-2.0244140625	6026.7746138579205	6015.897373656964	-10.877240200956294
seelig_cm / by_cre	TCGGGCTTGCAGTCCACCATGCATGCCTGGTGTAATGTAGTCCAGCTTGCTGGGAGATTGCCAATCTACACAAAACATGCCCGGGCATGACCGGAATTGACTCCATTAGTGTCCCACTGCATGCCAGTCCGGAATTTGCCATGTA	51680.0	-1445.4384469740733	-1445.4317331068858	4	3	1	-0.013427734375	1.0	2898.8768939481465	2896.8634662137715	-2.013427734375	2934.2881985019726	2923.421944629141	-10.866253872831749
seelig_cm / by_cre	TCGGGGGCATGTTCGGACATGGACGGGATACGTAAGCTTGACACTGGACATTGGAGGATTCGTATTACGTAATGTCACCATTTCATGTCAAACGAACTTCCGGTGGTCAGATCACCGGCGGTAGTATACGTACAACGGAAAGTCG	51680.0	-8562.713947456094	-8562.692463081094	4	3	1	-0.04296875	1.0	17133.427894912187	17131.384926162187	-2.04296875	17168.839199466012	17157.943404577556	-10.895794888456294
seelig_cm / by_cre	TCGGTGTCCTTTTGTCCGGTGGTCAAACATGCCCGGGCATGTTCAAAGGTCTGAATGTTCAAAGGGACCTTTGGACATTCCGGAGGTTTGTTTTTTGGACATGTCCGGGCATGTTTGCTGCATTGGTGCAAAATTGCATTGGGCA	51680.0	-8375.665618958847	-8375.612396302597	4	3	1	-0.1064453125	1.0	16759.331237917693	16757.224792605193	-2.1064453125	16794.74254247152	16783.783271020562	-10.959271450956294
seelig_cm / by_cre	TCGTCAAAAGCCGCTTACAGTGCTGTATGATAACTTCTAAGAGGGCGGCTCTTCTGGATACGCGACTTATATCCGCGATATGCGGGTGATGTATCAGATGACTCATCCGTCGAGGAAGCGCCGCCCTCTTAAAAGTAACTTATCT	51680.0	-311.4948683016561	-311.4920912020467	4	3	1	-0.00555419921875	1.0	630.9897366033122	628.9841824040934	-2.00555419921875	666.4010411571381	655.5426608194629	-10.858380337675271
seelig_cm / by_cre	TCTCCCGTTTCCATCCGCGTTTTCGCGTATCTCCCCGCCTATATCTTCCCTTTCCCGCGCCTTCTCTTACTCATGCGTCTCTCCCCCCATACGCTTTCTCATTTACATCTTCCTTTTCCCGCGTCTCTCCCCCCCCCCCCCCTCT	51680.0	-232.66587821473155	-232.66278068055186	4	3	1	-0.006195068359375	1.0	473.3317564294631	471.3255613611037	-2.006195068359375	508.743060983289	497.8840397764732	-10.85902120681584
seelig_cm / by_cre	TCTCCCGTTTCTATCCGCGTTTTCGCGTATCTCCCCCCCCTTCTTCTTATATCTTCCCTCTCTCCTTTTTCCGCGTCTCTTCCTTCCTATACGCTTTCTCATCCGCCCTCTCCTTTTTCCGCCTTTCCGCGTATCTCCCCCCCCT	51680.0	-239.37671657029205	-239.38010402146392	4	3	1	0.00677490234375	0.9344003656129841	486.7534331405841	484.76020804292784	-1.99322509765625	522.1647376944101	511.3186864582973	-10.846051236112771
seelig_cm / by_cre	TCTCGGTGTTTACTTAGGTTCTGGGGTCCGCCGTGGAGCCATTTGCAAGCGTGCGAAACGCGTCGTTGCCAACCCCCCACCTCGACTATCGGAGTCTACCGTTTCAGGGCTGTTTACTTAGGGGCCCAGTGGCGGCTAGTGTTTG	51680.0	-795.447671287586	-795.4502957993047	4	3	1	0.0052490234375	0.942243680072398	1598.895342575172	1596.9005915986095	-1.9947509765625	1634.3066471289978	1623.4590700139788	-10.847577115019021
seelig_cm / by_cre	TCTCTCCTGTAATGTTTGAACAAAGCAAACATTACATAAACGTTCGCTGTAATGTTTGACCCCTGCGAACATGCCGGGGCACGTGACCTCTGTCCGGTAATGTTTGAACAAAGCGAACATTACATAAACATTCAAAGCTCTCTGT	51680.0	-1130.5366179690054	-1130.5300261721304	4	3	1	-0.01318359375	1.0	2269.073235938011	2267.060052344261	-2.01318359375	2304.484540491837	2293.61853075963	-10.866009732206749
seelig_cm / by_cre	TCTCTTCACGACGTAGCGTTACTTCCTCGTAAGGCCCCGCCCATGCGCGTTTTCTAGGACTTCTCTGTCTTTCTGCCCTCACGCGCAGATACGCTGACTCATCCTTCTCTTCCCGCGCGCGGAGACGCGTTTTCTTCCAGATAAG	51680.0	-1678.3318845025444	-1678.3384762994194	4	3	1	0.01318359375	0.9085879295993922	3364.663769005089	3362.676952598839	-1.98681640625	3400.075073558915	3389.235431014208	-10.839642544706749
seelig_cm / by_cre	TCTGCTAGTGTTCAAAGTCGACCTGAATGAGTAATTTCCCATCGGACATGTCCGGACATGCCCTGTGAACATCCCATGATTGTCTAACGAAAGTTTGTCGAAAAGCAAGGCTTCCGGCATTATTGACCGGTATTAGAAGTTCGTC	51680.0	-900.2355126284104	-900.2337426088792	4	3	1	-0.0035400390625	1.0	1808.471025256821	1806.4674852177584	-2.0035400390625	1843.8823298106468	1833.025963633128	-10.856366177518794
seelig_cm / by_cre	TCTGGACATCCCCGGGCTTGTAGTGCAAAGCTCTGTCACATTCCATCTATGAACTTAGGTTGACAGTACGGAGTGAACGTCGGCATGACAGGACTTTGATTGTGACATGGTCGCTAGGAACAAGCCCCTGACCGCCATGCCACCG	51680.0	-1141.5881761010528	-1141.5970872338653	4	3	1	0.017822265625	0.8937979179924613	2291.1763522021056	2289.1941744677306	-1.982177734375	2326.5876567559317	2315.7526528831	-10.835003872831749
seelig_cm / by_cre	TCTTATATGACTCATATGACCCACGCCGTTTCCGGGAAGTGACGCGCCGCTTATTGGGTGACTCATCATCATGACGCGCCGCAAGATCGGCGCGCCCACATCCGGAATAAGCAGTTAATAGCCAATCGGCCGGATGCGTCGCTCG	51680.0	-5483.901700117273	-5483.896817304773	4	3	1	-0.009765625	1.0	10975.803400234547	10973.793634609547	-2.009765625	11011.214704788372	11000.352113024916	-10.862591763456294
seelig_cm / by_cre	TCTTATCCTTCCCTCCCCCTTTTCGCGTATCTCCCCGCCTATATCTTCCTTCTTCCGCGTTTCCGCGTTTTCGCGTCTCTCCCCCCCTATACGCTTTCTCACTCATGCGTCTTCCCGCGTATACGCTTTCTTATCCGCCCTCTCC	41344.0	-197.09863709832047	-197.0978131237111	4	3	1	-0.00164794921875	1.0	402.19727419664093	400.1956262474222	-2.00164794921875	436.71600454521	426.084674008849	-10.63133053636102
seelig_cm / by_cre	TCTTCCCATCCACTCTTACATCTAATGAGTCATCCTTCGATATCGAGAAATCGCATCCGCGTCTTTCTCCGAATGCGTCACTCTGAGAAACCGCTTTTCTTAGATATCGTGAAATCGCGAAATCGTGATATCGCGAAAGCGCTTC	51680.0	-993.8843267817651	-993.8901861567651	4	3	1	0.01171875	0.9137948648205594	1995.7686535635303	1993.7803723135303	-1.98828125	2031.1799581173561	2020.3388507288996	-10.841107388456521
seelig_cm / by_cre	TCTTCTTTTCGTTATCTATTTCTCTAAAACTCATGAATGCGTATCCGCGTATCTTCTCTTCTACACGCTTCTCTCCTAGAAAGCGCTTCTTCGAGATAACTCACGCGTCACTTCCTCATCATGAGTCATCCTCAGAAACCGCTTC	51680.0	-1645.0680411500239	-1645.0616934937739	4	3	1	-0.0126953125	1.0	3298.1360823000477	3296.1233869875477	-2.0126953125	3333.547386853874	3322.681865402917	-10.865521450956749
seelig_cm / by_cre	TCTTGCGGGTGGGGCCGCGGTGCCTCGTCAGCTTCTGGACCAGCACTAGCTGGTGGGGACAGATAAGAGCCTGGTGGGGACAGATAAGGTGTCGACACCCTGGTGGGGACAGATAAGAATCCGGAGTCCGGGTGTTGCGTAGTTC	51680.0	-2813.5804285185695	-2813.5828699248195	4	3	1	0.0048828125	0.9442914607802155	5635.160857037139	5633.165739849639	-1.9951171875	5670.572161590965	5659.724218265009	-10.847943325956294
seelig_cm / by_cre	TGAAAAGGCACCAGGACATAGTGGACAGGCTCCATGGGGCTGCCTCTCCGCTGCTCCACAAGGTGGCGAGCCTGGATTTTGGCAGCGTTGATCTCCTCACCCATGCTGCCCGTGGTGTCCAGGACAAAGCTCAGGCTGGAGGCTG	51680.0	-1122.9396341023107	-1122.9480569538732	4	3	1	0.016845703125	0.8967317853366069	2253.8792682046214	2251.8961139077464	-1.983154296875	2289.2905727584475	2278.454592323116	-10.835980435331749
seelig_cm / by_cre	TGAAACTACCTCCTTCAGGTGTCAGTCTCCACCCTTATTGACTTCTTGGGTGGAGCAGGGACCCCGGCAAGCCCATTGGCTGCGACATTTCTCACTCATATTGATTGGCGTCGAGTTGAGCCTATGACACACAATAATGTGTTTG	51680.0	-1368.1939610301904	-1368.1954258739404	4	3	1	0.0029296875	0.9568343093418353	2744.387922060381	2742.390851747881	-1.9970703125	2779.799226614207	2768.94933016325	-10.849896450956749
seelig_cm / by_cre	TGAACAAAGGTCTCCTAGTGTACATGGCTAAACATTCAATGTACTTTGGTCACTACTGGTTATGGCATGCCCGGACATGTCTGGGGCATGTAACTTTGACCTTGCCTGGAAATTACGTCAGCCACTCCAAACTTGTCACATAGTC	51680.0	-3481.894138924734	-3481.885594002859	4	3	1	-0.01708984375	1.0	6971.788277849468	6969.771188005718	-2.01708984375	7007.199582403294	6996.3296664210875	-10.869915982206294
seelig_cm / by_cre	TGAAGTGGGGACAAAGCCGGTAGCCGGCAAGCCCGGGCAAGTTCAAACATTACGTAATTGTGTACCGGCCGAGTTAGGGCATGCCCAGGCAAGTAGTGGACTGGGGACAAGGCCGGCCGGGGGGAAGCCCGAGCAAGTTGGGTAA	51680.0	-602.7790644444922	-602.7807123937109	4	3	1	0.0032958984375	0.9542186643281385	1213.5581288889844	1211.5614247874219	-1.9967041015625	1248.9694334428102	1238.1199032027912	-10.849530240019021
seelig_cm / by_cre	TGACAATGAACAATGCATAGACAGGGTGACGTCACAACATTGACCTTTGGTCTAAAACCTAGACATGCCCGGGCATGTTTGGACCTTTACTTATGTAAGCCTGTCCAGGGCAAGAGTGAACAAGGCCCTGATATTCACCTGGTTG	51680.0	-15926.10234721901	-15926.010306203385	4	3	1	-0.18408203125	1.0	31860.20469443802	31858.02061240677	-2.18408203125	31895.615998991845	31884.57909082214	-11.036908169706294
seelig_cm / by_cre	TGACAGGAGAGGACTTTGACCCCTGCTGAGTGGATACATGCCGGGGGCCAAAGGTCACACAGTACAAAGGTCACACTACTGAGGTGTTTGTCCCGTGCACAATCGATCCAGGCCGGCATGCCCAGACATGTCCGGAGAGGAGTTT	51680.0	-10139.334487273381	-10139.283217742131	4	3	1	-0.1025390625	1.0	20286.668974546763	20284.566435484263	-2.1025390625	20322.080279100588	20311.12491389963	-10.955365200956294
seelig_cm / by_cre	TGACATGTCCGGGAATGTACAAAGGGAAGTGCAAACATTCAGACATGCCCGGGCATGTTCAAAGGGCTCCCGGGACCTTTAAACATGCCCGGGCATGTTTGGTTTGAACTTTAGACATGCCCGGGCATGTCTCCCGGGTTTGTTC	51680.0	-9700.754711078363	-9700.685375140863	4	3	1	-0.138671875	1.0	19409.509422156727	19407.370750281727	-2.138671875	19444.920726710552	19433.929228697096	-10.991498013456294
seelig_cm / by_cre	TGACCAAAGGTCACAGAACATGCCCGGGCATGTACATGCCCGGGCATGTCCAAACAAAAGACAGAACAGGGGGACATGCCCGGGCATGTCACCCACGGACCAAAGGTGCAGAGGTGACTGGACATGACCAACTCACCGGGCATGT	51680.0	-3115.643044374288	-3115.626198671163	4	3	1	-0.03369140625	1.0	6239.286088748576	6237.252397342326	-2.03369140625	6274.697393302402	6263.810875757696	-10.886517544706294
seelig_cm / by_cre	TGACCCCTGCTGGCATGCCGGGGCATGCCCTTTGCCCCCTGTAATGTTTGAACAAAGGTCTCCTGCCGGCATGCCGGGGCACGTGACCTCTGTCCGGTAATGTTTGAACAAAGCAAACATTACATAAACGTTCACAGCTCTCCGG	51680.0	-800.2858010802936	-800.2930642638873	4	3	1	0.0145263671875	0.904066975974098	1608.5716021605872	1606.5861285277747	-1.9854736328125	1643.982906714413	1633.144606943144	-10.838299771269021
seelig_cm / by_cre	TGACCTCTGATCGAGAGCCTTTGGTCAATCAGCACTATGTACATAATGGGTTCCATGGTTAATTCCGGTGGCAAATGTCCTCCGGGCATGCCCAGGCACGATTCCCTCGCGTTACACAAACAGAACCAAGCAGGGCGCAGTACAA	51680.0	-4344.07061059451	-4344.068413328885	4	3	1	-0.00439453125	1.0	8696.14122118902	8694.13682665777	-2.00439453125	8731.552525742845	8720.695305073139	-10.857220669706294
seelig_cm / by_cre	TGACGTTACTTGCGGCGTAAGATATCGTCATCCGCCAATGACGCGTCATAAAGATGCGGCGGAAGCGACTACTCGTGCGGCGCCGCCGGTTCGTCTGAGTGACTGACTTATCGTATGCGAGTTATAGGACAGATAAGCGATGCGC	51680.0	-14616.906208008408	-14616.808551758408	4	3	1	-0.1953125	1.0	29241.812416016815	29239.617103516815	-2.1953125	29277.22372057064	29266.175581932184	-11.048138638456294
seelig_cm / by_cre	TGACTCACTCCGCGATACGCGGCTTCCGAGATATCGCGGTCCGGCGGGTGAGTCATATCGGCGCGGGTGGGGCTGGGGGGGCCGGCCTATCCGCGCGGATCCGCTTCCAGATATCGCGGGGCCCCCGGCGCGGGCCCCCCCCCCC	41344.0	-190.74613454837504	-190.7372844507188	4	3	1	-0.0177001953125	1.0	389.4922690967501	387.4745689014376	-2.0177001953125	424.01099944531916	413.3636166628644	-10.64738278245477
seelig_cm / by_cre	TGACTCATCTCGCGGGGCCGGCCTATCCGCGCGGATCCGCTTCCAGATATCGCGGGGCCCCTGGGGGGGGCCGGGCCCCCCCCGGGCCCCGCCCAGACCGCGCTTCCGAGATACGCGGATCCGGCGGCTGAGTCATATCGGCGTG	41344.0	-149.08933923073857	-149.08357140847295	4	3	1	-0.01153564453125	1.0	306.17867846147715	304.1671428169459	-2.01153564453125	340.6974088100462	330.0561905783727	-10.64121823167352
seelig_cm / by_cre	TGAGACGTAAGTGGGACCAGCAAATGGTTGCTGTTCTGTTTCTGTAGACTGACTAGAACAAGGCTAGAGAGGAAACAGAGACTGGCATTCATTCAGTGCCATTTGCAATGTGGAATGACTCATGCTTGCCTGGCCCCTGGTGAGT	51680.0	-1252.0081241953562	-1252.0076359141062	4	3	1	-0.0009765625	1.0	2512.0162483907125	2510.0152718282125	-2.0009765625	2547.4275529445385	2536.573750243582	-10.853802700956749
seelig_cm / by_cre	TGAGGCAGGGGAATCATTGAACCCAAGGTGCAAAGGTTGCAGTGAGTTGAGATCACGCCACTTCACCCCAGCTAATCAGGAGGCTAAAGCAGAATGGCATGAAGCCGGGAGGTGGAGCTTGCAGTGAGCTGAGATCATGCCACTG	51680.0	-5397.683394717421	-5397.664840029921	4	3	1	-0.037109375	1.0	10803.366789434842	10801.329680059842	-2.037109375	10838.778093988667	10827.88815847521	-10.889935513456294
seelig_cm / by_cre	TGAGGCTTTCATTTCAGCTTCTTCCTGGGCTTTGAAGGAAGGGAGGTAGAAGCTCTCCAGGGAGCTCCACAAAGGAGGCATGACTGGCCTCCTTCCTGCAAAACTGTCCCTGATCTGCTAACGTTGGGGTGAAGAAATCCAGGAA	51680.0	-1488.5989374888256	-1488.6004023325756	4	3	1	0.0029296875	0.9568343093418353	2985.1978749776513	2983.2008046651513	-1.9970703125	3020.6091795314774	3009.7592830805206	-10.849896450956749
seelig_cm / by_cre	TGAGGCTTTCGTAATACTCCTCGGGATCATCGGTCTCGGTGAAGAGCACCTGGGAGAGGATCTTCCAGCCGCAGGTGTCCAGGCCGTGGCCCAGGTAGACCTGGAGCTGGTAACACAGAGTGTCGATTTCCTGCTCGGTCATCTC	51680.0	-450.76289886063375	-450.76140349930563	4	3	1	-0.00299072265625	1.0	909.5257977212675	907.5228069986113	-2.00299072265625	944.9371022750935	934.0812854139807	-10.855816861112771
seelig_cm / by_cre	TGAGTCATAGAAGCGGTGAGTCATAGAAAGATAAGGAAGTGCGTGTAGATAAGGGAAAGGAAGGGCTTCCAGATAAGGAAGTGAGGAAATAGGGTTATATCTTGCGAGTCATAGGAAAGAGTTGCGTTATATCTTGCGTGTCTTA	51680.0	-18501.49389780775	-18501.294434917127	4	3	1	-0.39892578125	1.0	37010.9877956155	37008.58886983425	-2.39892578125	37046.39910016933	37035.14734824962	-11.251751919706294
seelig_cm / by_cre	TGAGTCGCTGCGCGATATCTCGGGAGTTACCGCTTTATCAGGATGAGTGAGTCGTCGGATGGGTATCTCTTAAGGATCGGCGTCGCTTATAAGGGAGATAACTCCTCGAATCAGAGATGAGACGCGTCTCGAGGCGGATCCTAAA	51680.0	-1614.9845607041163	-1614.9832179306788	4	3	1	-0.002685546875	1.0	3237.9691214082327	3235.9664358613577	-2.002685546875	3273.380425962059	3262.524914276727	-10.855511685331749
seelig_cm / by_cre	TGATCAGTGCAGTGTCCGTTGACCAAAGTCCAACGTCCGACTTGTCGCGACATGTTTGCACACACGTCCAGACATGTCTAAACTTCCGTCGTATGCACAGTTCCGACCGGCGTTTGTCGACCGTCGTTACCGTTGACGTCACGCA	51680.0	-1766.1554996325294	-1766.1589176012794	4	3	1	0.0068359375	0.9341062040117134	3540.310999265059	3538.317835202559	-1.9931640625	3575.722303818885	3564.876313617928	-10.845990200956749
seelig_cm / by_cre	TGATCTGATGGAATGAGTCACAAAGATATCTGGGGAGAAATGCCAAGATCTTGCAGCAGCCAGGAGGCCGGGTGAGTGAGCTGGGCAGGAGTGTAGAAGACAAGGTCAAAGGGGCAACAGACAGTCTGTGTATGTGTGTGTGTGT	51680.0	-1579.7578943979706	-1579.7521570932831	4	3	1	-0.011474609375	1.0	3167.5157887959413	3165.5043141865663	-2.011474609375	3202.9270933497673	3192.0627926019356	-10.864300747831749
seelig_cm / by_cre	TGATGAGTCATTTCCGATATCTATTCTCGCGCATATCTTTAAGATACGACGCTTTCTCAACCGCGTAGTAAGTGATACGACTCGCGCGGCGCTTCCTAGAAACCCCGATATAAATGCATACGCGTGATAACGTAACCCCCGCAAA	51680.0	-1298.7300789893056	-1298.7234871924306	4	3	1	-0.01318359375	1.0	2605.4601579786113	2603.4469743848613	-2.01318359375	2640.8714625324374	2630.0054528002306	-10.866009732206749
seelig_cm / by_cre	TGATGGCAGTACAAACAGACTGGACAGGGCCAGATTTGTGATGGTGATGACCTGCCCACCATGCTGAGTCCTTGACCTGGGATGTGACTCACAAAGCCAGCCGTTCACCTTATACATTTCATGCATTCCACACCCTGACTCGACG	51680.0	-690.7083019144766	-690.7187999613516	4	3	1	0.02099609375	0.884789598261432	1389.4166038289532	1387.4375999227032	-1.97900390625	1424.827908382779	1413.9960783380725	-10.831830044706521
seelig_cm / by_cre	TGATTTTATTATAATTGAGTTTTAATCTTATCTCGTCATCAGATATAGATAGGCAGACCCCAAAAGCTAAAAACCGCCCTTAGGGGCGGCTCTTCCGGTTTATAAGAAGCGCCGTTTCCCGGCTCTCTATAAGATGTGGTTTCTT	51680.0	-1286.7619026606164	-1286.766907543429	4	3	1	0.010009765625	0.9203055701028053	2581.523805321233	2579.533815086858	-1.989990234375	2616.935109875059	2606.092293502227	-10.842816372831749
seelig_cm / by_cre	TGCAAAGATCAATGAATGTATAGAGAGAGAGAGAGAGAGAGCAGCGAACATGCCCGGGCATGTGACCAAAGATCAAAGAATGTATAGACATGCCGGGGGACGTAGACATGTGACCGGAAGGGAGGGAGGGAGAGAGAGAGAGAGA	51680.0	-5683.664836847478	-5683.656536066228	4	3	1	-0.0166015625	1.0	11375.329673694956	11373.313072132456	-2.0166015625	11410.740978248781	11399.871550547825	-10.869427700956294
seelig_cm / by_cre	TGCACAAACGTTCACAGGGAACATGCCGGGGCATGTGACCTCTGTCCGGTAATGTTTGAACAAAGCGAACATTACATAAACGACTCCTGCCGGCATGCCGGGGCATGTCCTTTGACCCCTGCTCTCTTTGTCCCCTGCTCACATG	51680.0	-669.6382276175563	-669.6407300589625	4	3	1	0.0050048828125	0.9436005494073866	1347.2764552351125	1345.281460117925	-1.9949951171875	1382.6877597889384	1371.8399385332946	-10.847821255643794
seelig_cm / by_cre	TGCACAACCCCTGAACATTCCCCATCATGTCAAGCACACAGACTCCCTCTGAATGTTTAACCTTTGTACAAACATTGCCAACATGACAGAGTGAACATTCCCCATCATGTCTGGCACTATCACCATTACGGAATGTTTAACCTAG	51680.0	-831.3641658455088	-831.3622127205088	4	3	1	-0.00390625	1.0	1670.7283316910175	1668.7244254410175	-2.00390625	1706.1396362448434	1695.2829038563868	-10.856732388456521
seelig_cm / by_cre	TGCACAATCACTGCAAACATGACCGGCTGAACATTCCCCATCACGTCAACATTCCAGTGCACAAACATGACCGAGCGAACATTCCCCATCATGTCAGGCACTGCCACCATGACGGAATGTTTAACCTTTGTACAAACATTGCAAA	51680.0	-616.9830580695553	-616.9743300422116	4	3	1	-0.0174560546875	1.0	1241.9661161391107	1239.9486600844232	-2.0174560546875	1277.3774206929365	1266.5071384997927	-10.870282193143794
seelig_cm / by_cre	TGCAGCACTGAGCACAGGCTGGTGTTCCCACTGGGGGCAGCATGGAGGATCTGCGTCCAGGGGGCAGAGTGTGATGACATCACCCACATGCACAGGAACGATAAGGCTTTCTTAAAAAACGATCTTTTCTCAACAGCTCCTCAAA	51680.0	-2784.9199664379857	-2784.9275347973607	4	3	1	0.01513671875	0.90208225459827	5577.8399328759715	5575.8550695947215	-1.98486328125	5613.251237429798	5602.413548010091	-10.837689419706294
seelig_cm / by_cre	TGCAGCCAGGCAGGCATAGGCCAAGGTAAACATCCTGTGTGACTCAGCGAGTTTGGAGCGCAGGAGCGTAACTCCACTTATTACATAATCACAGCTATGTAGCCATAACATGGGAAGGCTCATAACCTGGCTCAGAGCAACTATT	51680.0	-4432.518980439517	-4432.529478486392	4	3	1	0.02099609375	0.884789598261432	8873.037960879034	8871.058956972784	-1.97900390625	8908.449265432859	8897.617435388152	-10.831830044706294
seelig_cm / by_cre	TGCAGCTCACGAACTCCGGAATGTTTGTCCATGACCGCCATGACGTCAACATTCCAGTGCACAAACCTCTCTGTGACCATGACCCCCATCATGTCTGGCACTGTCACCATTACGGAATGTTTAACCTTGGTTGCCAAGGACTCTC	51680.0	-1294.5508018184928	-1294.5396934200553	4	3	1	-0.022216796875	1.0	2597.1016036369856	2595.0793868401106	-2.022216796875	2632.5129081908117	2621.63786525548	-10.875042935331749
seelig_cm / by_cre	TGCATTATTCAAGATCCACATAACCGGACGTCCGACTGCTTGTTCACCGATATTTGATCTTTTACCGTTGGTTGACAGGGAGTAGTGGGCAACATGACTAAACAATTCAATGTTCGTGTGCATACCTCGCTTGCCTTTGGCCTTT	51680.0	-1441.6826964578765	-1441.674029465689	4	3	1	-0.017333984375	1.0	2891.365392915753	2889.348058931378	-2.017333984375	2926.776697469579	2915.9065373467474	-10.870160122831749
seelig_cm / by_cre	TGCCCAGAACAAAACCGGAATGAATGCCCGGGCATGCCGGCATGCCCAGGTAGACATGCCCGGGCATGCCCCGGACCGTGCACCGACAGGAATGTGACCGGGCATGCCGGGCCAGCCAGGCATGGACATGCCTGGACGTGCATGC	51680.0	-1222.3096244910835	-1222.3084037879585	4	3	1	-0.00244140625	1.0	2452.619248982167	2450.616807575917	-2.00244140625	2488.030553535993	2477.1752859912863	-10.855267544706749
seelig_cm / by_cre	TGCCCGACATAAATTGGGGAATGTTTAAACATTCCAAAGTTCATACCCGCTTTGTATCCGCCCGGATTGAAGGAATTAATTGCGGATTGGTCCCTGGGCCGCAGGGGACATGACTGTACATGCCCGGTGACGTGACCGGACTTGG	51680.0	-8909.355851286804	-8909.307999724304	4	3	1	-0.095703125	1.0	17826.711702573608	17824.615999448608	-2.095703125	17862.123007127433	17851.174477863977	-10.948529263456294
seelig_cm / by_cre	TGCCGTTGTAACACATGTCGAAACATGTCTGGAAGGGCCAAGGTGTACATGTCACACAATGATTTTCTCCGCTCCCAATTGCAACATGTCAACGGTGTTACAACATGTCGCGGGTCCTCATGAAAGTGCACCAAATAGTTCTTGG	51680.0	-956.1275699913629	-956.1138981163629	4	3	1	-0.02734375	1.0	1920.2551399827257	1918.2277962327257	-2.02734375	1955.6664445365516	1944.786274648095	-10.880169888456521
seelig_cm / by_cre	TGCCTACATACGTACAGGGCAAAGGTCATTCCCGTCCGGACTTTTGACCTGTTCCGTCACAGCAACGGTCGTGGCCTGGTACACAGACCGTGGCAACAAACCCGGGCATGTCTGGGGACTTTGGACACTAGCCCCCGACAGTCGC	51680.0	-736.4278310307321	-736.4408315190134	4	3	1	0.0260009765625	0.8718979329587748	1480.8556620614643	1478.8816630380268	-1.9739990234375	1516.2669666152901	1505.4401414533963	-10.826825161893794
seelig_cm / by_cre	TGCCTTCACCGGAAATTCTTACATAATTGCCGGTTGTGTACACACTCCGCTCAAACCGGTCGGGAGAGTGCCTTTGTCCCGTCATGGGTGCAAAGTTCCCGGACATGTTCGGGCAAAGTTCCTGTGGGAGTTTGTACAGTAGTGA	51680.0	-10506.480083786137	-10506.454204879887	4	3	1	-0.0517578125	1.0	21020.960167572273	21018.908409759773	-2.0517578125	21056.3714721261	21045.466888175142	-10.904583950956294
seelig_cm / by_cre	TGCGGCGACCAAGCCCCGGCATGTTTACAGGCCTTTGGACAAAGCCTAGGCGCCCGCAGTAAACATGCCGGCTGGCATAAATAAGGTTATTATAGTCGCTCGGAACTTTGCTAGACATATTGTTCAAAGGTCGCTCAACTATTAG	51680.0	-863.3904026509068	-863.3853367329381	4	3	1	-0.0101318359375	1.0	1734.7808053018136	1732.7706734658761	-2.0101318359375	1770.1921098556395	1759.3291518812457	-10.862957974393794
seelig_cm / by_cre	TGCTCCCCCTCTCCCTTCACCTTTGAACTTCTGTCCGGAGTTTGAGCTGACCGGATTTTTGTACAAAGCTCCCTCTCCCCCCTCCCTCCCTCAGCTGAAGGTCTCCCGGCATGCCCGGACATTCCCCTGTCTGTACAAACATTCC	51680.0	-486.2139462582055	-486.2109860531274	4	3	1	-0.00592041015625	1.0	980.427892516411	978.4219721062548	-2.00592041015625	1015.839197070237	1004.9804505216242	-10.858746548612771
seelig_cm / by_cre	TGCTCCGTTTGCCTCTGTCCTTGGGAAGTGAACTCTGCCTTGTGAGAGTGTTCCTTTCAATCTTGTCCAGAAGCCGCACGCTGGTGTCTATGAAGCCATTCTTGCAGTATACAGCCTGGGGGATGCCCTTCCTCCTGCATTCGGC	51680.0	-443.49052418009967	-443.47901905314654	4	3	1	-0.02301025390625	1.0	894.9810483601993	892.9580381062931	-2.02301025390625	930.3923529140253	919.5165165216625	-10.875836392362771
seelig_cm / by_cre	TGCTTTATGAATGGAGCCGGGGAAGGCTGCTGACTCAGCAGGCAGTAAGGCTTTGAGGCCGGAAGCGTCTGGAAAGGAAGTGGCTGCTCAGGGCTTCCCCACTGTAGACAGCTGGGAGAGAAGGGGGGCTGGCCAGGATGCACAT	51680.0	-2320.964364367344	-2320.955087023594	4	3	1	-0.0185546875	1.0	4649.928728734688	4647.910174047188	-2.0185546875	4685.340033288514	4674.468652462558	-10.871380825956294
seelig_cm / by_cre	TGGACGTTAGTCTAAAGGTCCAAGGTTTGAACACGTAGGCTCCGGGCATGCCCGGACATGTCCACTGCGGCCCAGTGGAGTCGCCCGGGCTCCGGCTGTATAATGTTTAGGTGCAGTAGACAAGCCCCCGGCCGTGTGGAGTCAT	51680.0	-5317.782561154328	-5317.770354123078	4	3	1	-0.0244140625	1.0	10643.565122308655	10641.540708246155	-2.0244140625	10678.97642686248	10668.099186661524	-10.877240200956294
seelig_cm / by_cre	TGGCAAGCCAGCGAACGTGCAGAGCGTCGGCACAAGTCCCGGGGTTACATGTCCGGGCCTGTTAGACGTCCGTAATCATGACGGAAAATTGAACGCTGACAGTGTCAAGAGTCCAAAGCACTCTAGCCTTGTCACAACAGGTTAG	51680.0	-2851.698936586123	-2851.703575257998	4	3	1	0.00927734375	0.9232672462079756	5711.397873172246	5709.407150515996	-1.99072265625	5746.809177726072	5735.965628931366	-10.843548794706294
seelig_cm / by_cre	TGGCATCTGCTGACACCCTTGCCCAGATTCCTGACTCCTGCATTTTTTTCTTTTCCAGTTTAAGCGGCTGCAGGGCAAGAGGAACCGAGGGAGAGAAGAAATCAACTTTGTGGAGATCAAAGGTGATGACCAGCTCAGTGGGGCC	51680.0	-1272.896244895628	-1272.8878220440654	4	3	1	-0.016845703125	1.0	2553.792489791256	2551.775644088131	-2.016845703125	2589.203794345082	2578.3341225035	-10.869671841581749
seelig_cm / by_cre	TGGCATGCTCCGTTGACCTGTCTTGTCAATGTACATGCCAAGGCCATCATGGTCTCCAGATTCACTAGTGTCGTGTCCTGTGCAATGTTCAACTTTACCCAGGCAAGGTCCGTAGTTTCATAGGCCATTCCGGTATAAACCAAAC	51680.0	-613.4425691422617	-613.428470021168	4	3	1	-0.0281982421875	1.0	1234.8851382845235	1232.856940042336	-2.0281982421875	1270.2964428383493	1259.4154184577055	-10.881024380643794
seelig_cm / by_cre	TGGCATTAAACAAACGGTCAAACTTTGAGCTCGGTGGGCGCGTTTACGTAATGGTTGCACCAAGGCATGCGTCGGCATGTCCGGAGGGCTTTGCGGACATGCCGGGACATGACCTGAAGTTCGCATTGCACGTCCCCGCTCCCCT	51680.0	-4026.265233417429	-4026.267674823679	4	3	1	0.0048828125	0.9442914607802155	8060.530466834858	8058.535349647358	-1.9951171875	8095.941771388684	8085.093828062728	-10.847943325956294
seelig_cm / by_cre	TGGCCACATTACATACCCGGACATGTCCGGGCATGCCCGCAGGGCAGCCAAGATCCCACTGTTGAACCAAAATGGCGGTCAACGTCCCAAGGTCGAATTACGTAATAGGGAAACTACGGTCGCGTTGATCAAAGTTGACATTAAG	51680.0	-4095.9658786495493	-4095.9651462276743	4	3	1	-0.00146484375	1.0	8199.931757299099	8197.930292455349	-2.00146484375	8235.343061852924	8224.488770870717	-10.854290982206294
seelig_cm / by_cre	TGGGCAAAGGCCAAACAACTTCGGACGGGTTTGTTTTGGACATGTCTACATGTCTAATGGTCGACGTTCGACAATGGACCAAAGCGGTCAACCACTGTAATGGGCATGTTACAGACATGTCCAGGCATGTTACGTAACCATTGTC	51680.0	-6721.954464502156	-6721.938839502156	4	3	1	-0.03125	1.0	13451.908929004312	13449.877679004312	-2.03125	13487.320233558137	13476.436157419681	-10.884076138456294
seelig_cm / by_cre	TGGGGGCGCGTCAGTATCTCGGCGCATCCGTCTCTCCGAGGAAGTGAGTCACCCCCAGGGCCTCACCGCCTATCGGCCGCGCCCTAGGAAGATAAGGAAGTAACTCAGCGTATAGGCGAGTCAGCGGGACGATAACTCACGCGCG	51680.0	-2676.226724753868	-2676.219888816368	4	3	1	-0.013671875	1.0	5360.453449507736	5358.439777632736	-2.013671875	5395.864754061562	5384.998256048106	-10.866498013456294
seelig_cm / by_cre	TGGGGGCGGTTTCTCAAGAGTCGCCGCCCCGACCAAATGTAACACTACCATATCTCGTTATCGCGCTTCCGAGGATGAGGCATACCCGTGATGAGGACTAAGGATGCGCGACGCATCCGCCAATTGAAGCTTAACTCCGATATAT	51680.0	-502.5205213933935	-502.522596588706	4	3	1	0.004150390625	0.9486329983728293	1013.041042786787	1011.045193177412	-1.995849609375	1048.452347340613	1037.6036715927814	-10.848675747831521
seelig_cm / by_cre	TGGGTAAACTTCAAACATTACGTAAGGCAAGCCGGGGCAAGTTCAAACAATGTCTACTTGGGACATGCCGGGGCAAGTTCAAAGGTACATTACGGCAAAAGTGCATGCCCAGGCAAGTTCAAAGGGTAATGGTGAAGTTGGGACA	51680.0	-3773.299811277072	-3773.300055417697	4	3	1	0.00048828125	0.982370510217358	7554.599622554144	7552.600110835394	-1.99951171875	7590.01092710797	7579.158589250764	-10.852337857206294
seelig_cm / by_cre	TGGGTAATTATTAACCGGCTACCGCAGCGCGCTGAAAGGTAATTATTAACCCCCATGTTCCGTCTCCCGGGGGTAATTATTAACCTCATTGGGTAATTATTAACCCAGGTAATTATTAACCCTGTGGGTGTGGTAATTATTAACC	51680.0	-14959.414635465677	-14959.320397184427	4	3	1	-0.1884765625	1.0	29926.829270931354	29924.640794368854	-2.1884765625	29962.24057548518	29951.199272784223	-11.041302700956294
seelig_cm / by_cre	TGGGTCTCACTTTGTTGCCCAGGCTGGTCTCAAACTCCTGGCCTCAAGCTATCCTCCCGCCTGGCCTCCCAAAGTGCTAGGATTATAGGCATGAGTCACTGCCGGGGCCTCATTTCTAATTGTTTCATCAGGCTGATCCTGGACC	51680.0	-1631.7809634597177	-1631.7722964675302	4	3	1	-0.017333984375	1.0	3271.5619269194353	3269.5445929350603	-2.017333984375	3306.9732314732614	3296.1030713504297	-10.870160122831749
seelig_cm / by_cre	TGTAGCCTTGTTCCGTCAGAAGTCGGTAGGTCAAACGACCATTACCGCTGTACGGACATTGCCCCGGCATGCCCGGAAACGTTCCCGGCATGTTTGGACATGTACAGAACGAACTTGGCCCTTTTGTGCAGTAGTGGTTCAGTAA	51680.0	-3241.9998619787157	-3241.9896080724657	4	3	1	-0.0205078125	1.0	6491.999723957431	6489.979216144931	-2.0205078125	6527.411028511257	6516.537694560301	-10.873333950956294
seelig_cm / by_cre	TGTATAAACATGCCCGGGCATGTGACCGGAAGGGAGGAGGGGGGGGAGAGGGAGAGTGCAAAGATCAATGAATGAATAAGGAGAGAGAGAGAGAGGGGAGAGTGACCAAGGATGTATAGACCAGCGGACATGCCCGGGCATGTAA	51680.0	-9874.820038211528	-9874.776092899028	4	3	1	-0.087890625	1.0	19757.640076423057	19755.552185798057	-2.087890625	19793.05138097688	19782.110664213425	-10.940716763456294
seelig_cm / by_cre	TGTCAAAGCAAGGCAGACACCATGACTCAGCAGTCGCATTAAGGTACATCCCCGGACGCCCAGTCCATGACTCAGCAGACAAATTCCCCATGACTCAGCACTGTTCGGATGACTCAGCACTGATGACTCAGCAAAGCTTCGGATT	51680.0	-3740.186654968551	-3740.167367859176	4	3	1	-0.03857421875	1.0	7488.373309937102	7486.334735718352	-2.03857421875	7523.784614490928	7512.893214133722	-10.891400357206294
seelig_cm / by_cre	TGTCCAGAGAGGTGACCGGGCCAAGGGGCATGGGTGACAGTACAAACAACAAACCACAAAGGTGAACATGCCCGGGCATGTCCCCAGGAACATGGCCCCCGGTAGACATGCCCGGGCATGTCAGCCAGTGACCAAAGGTCACAGA	51680.0	-2999.4705860326085	-2999.4635059544835	4	3	1	-0.01416015625	1.0	6006.941172065217	6004.927011908967	-2.01416015625	6042.352476619043	6031.485490324337	-10.866986294706294
seelig_cm / by_cre	TGTCCTCACCCAAATTTCATCTTGAATTGTACTCCCATAATTCCCACGTGTTGTGGGAGGGACCCGGTGGGAGAGAATTGGATCACGGGGGCAGGTTTCCCCCATACTGTTCTCGTGGTGGTGAATAAGTCTCACGAGATCTGAC	51680.0	-6896.246451677371	-6896.235709489871	4	3	1	-0.021484375	1.0	13800.492903354741	13798.471418979741	-2.021484375	13835.904207908567	13825.02989739511	-10.874310513456294
seelig_cm / by_cre	TGTCCTCTGAGCCCTGTGACCTTGAGCAAATCGCTTGGTCTGTCTGAAAGACACGCTTCTCCACCCGCGGTGCGAGGGCGTGACACCACCGCAGGGCTCTCGCAAGGATGATGTAAAATCATTGAAAGGCCCAACGTGCAGACAA	51680.0	-434.491719212744	-434.50059982797836	4	3	1	0.01776123046875	0.8939788508945944	876.983438425488	875.0011996559567	-1.98223876953125	912.394742979314	901.5596780713262	-10.835064907987771
seelig_cm / by_cre	TGTCGTAAGAACGCGTTTCTCGCATACAAGAAGATACTCCAATCGGTTGATAAGGAAGCGCCACACGCTTCCTCGATTTACTTCGCTGTAGGCGCGGCCTTATCTCCCAGATGCTGATGGAAATGCGTCATATCCTGCTTATTGG	51680.0	-2429.748125443451	-2429.752519974701	4	3	1	0.0087890625	0.9253077508893466	4867.496250886902	4865.505039949402	-1.9912109375	4902.907555440728	4892.063518364772	-10.844037075956294
seelig_cm / by_cre	TGTGAGTACATGCCCGGGCATGCGACCTCCCGAATCAACTCGATGACATGCCCGGGCATGGATGCGCACATGCCCGGGCATGTGAACATGCCCGGGCATGCTATACAGTCCACATGCCCGGGCATGTGCTTAGTCCTGCGGGGCT	51680.0	-2597.3803182511397	-2597.3783651261397	4	3	1	-0.00390625	1.0	5202.760636502279	5200.756730252279	-2.00390625	5238.171941056105	5227.315208667649	-10.856732388456294
seelig_cm / by_cre	TGTGATCATTGTTTACAGGTCTACATTACGTAGTCAGAATTTTTTTTTTTTTTTTTTTGTTTGGTTCGTGCCGGCATGCCAGGGGTCATTGTTGGGCATGTGACCGGGATCAATGTTTACAGTACGTAGTCTGTCATGTTCGAAC	51680.0	-2812.3076895134222	-2812.3142813102972	4	3	1	0.01318359375	0.9085879295993922	5632.6153790268445	5630.6285626205945	-1.98681640625	5668.026683580671	5657.187041035964	-10.839642544706294
seelig_cm / by_cre	TGTGCAAAGGTCACTGGACATGACCGGACATGTACAAAACCGGGCAAGACCCGGTGAACATGCCCGGGCATGTCACACAGAACATGCCCGGGCATGTGTGCAAAGGTCACAGACCAAACAAAGGCCACTACCGAGAGGGGGGTGA	51680.0	-5662.792786831053	-5662.774232143553	4	3	1	-0.037109375	1.0	11333.585573662105	11331.548464287105	-2.037109375	11368.99687821593	11358.106942702474	-10.889935513456294
seelig_cm / by_cre	TGTGCAAAGGTCACTGTGACCCCCCGGGCATGTACACAGGCCCCTGACCAACCCACCGGGCAGGGGTGCAAAGGTCACAGTACACAGAGCCCGGTAGACATGCCCGGGCATGTCACCCGCACCCTGTGAACATGACCCCCGGACC	41344.0	-504.85672070713827	-504.84903027745077	4	3	1	-0.015380859375	1.0	1017.7134414142765	1015.6980605549015	-2.015380859375	1052.2321717628456	1041.5871083163283	-10.64506344651727
seelig_cm / by_cre	TGTGCAGAGGGGGCAAGGTGCAAAGGTGACTGTACACAACCGGGCATGTCACGAGAGACCTGTGAACATGCCCGGGCATGTCCCCCCAGACCGGTAGACATGCCCGGGCATGTCACCCACAGACAAAAACAAAACACCACGGACA	51680.0	-2319.6189111527415	-2319.6208642777415	4	3	1	0.00390625	0.9501646619415055	4647.237822305483	4645.241728555483	-1.99609375	4682.649126859309	4671.800206970853	-10.848919888456294
seelig_cm / by_cre	TGTGGCCCAGGGTGGTCCGGAACTCCTGAGCTCAAGTTATCCACCCGTGTCGGCCTCCCACAGTGCTGGGATTACAGGCATGAGTCATCGCACCCGGCCGGTTACAGGGCTTTTGAGTATGAATGGCTCCTTGTGGCCCAGTCCC	51680.0	-537.4270799627278	-537.4419725408528	4	3	1	0.02978515625	0.8629786133491464	1082.8541599254556	1080.8839450817056	-1.97021484375	1118.2654644792815	1107.4424234970752	-10.823040982206294
seelig_cm / by_cre	TGTGTGGTCAACGGTAGCAATTCCGGTGGGTTGACCGGAAACCTTGCGGGCATGCGTGCATTACCTCACCTCCTGTCATCTTAACGACATGTCCGGACATGTACACAGGCCAATGTCAACCTGCTTTGAGACTTAGGTTGCACAC	51680.0	-4132.174033510173	-4132.160605775798	4	3	1	-0.02685546875	1.0	8272.348067020346	8270.321211551596	-2.02685546875	8307.759371574171	8296.879689966965	-10.879681607206294
seelig_cm / by_cre	TGTGTGTTTTTATTAGATATCGTTTTCGCGCTTTAAGGATGTGGGGGGGGCGCTTGCTGATGAGTTATCTGGCTGATGAGATATCGTTTTTATTGGCTATATATGGGTGGGGGGGGCGCGCGCATGAGATATCGCGATATCGTTT	51680.0	-3825.1515772445528	-3825.1464502914278	4	3	1	-0.01025390625	1.0	7658.3031544891055	7656.2929005828555	-2.01025390625	7693.714459042932	7682.851378998225	-10.863080044706294
seelig_cm / by_cre	TGTTCCCGGTGTGCGGCCATAGGTTTGCCCTGGGGCCGCTGTGCAGAAGGCTTGCAGGGGAATGTCGAACTACCGGTCGTTCAACCCAGGCTGCAACCTGACCAACACTACCGTCATGACGTCAGCGGTCATGTCCGGACTTCCA	51680.0	-721.6900487344437	-721.6933446328812	4	3	1	0.006591796875	0.9352909462606908	1451.3800974688875	1449.3866892657625	-1.993408203125	1486.7914020227133	1475.9451676811318	-10.846234341581521
seelig_cm / by_cre	TGTTCGACCGGGATCAATGTTTACAGTACGTAGTCTGTCATGTTCGGACATGTGACCGAGGTTTTGTTTTTGTTTGTTTGTTCATGCTGGCATGCTGGCATGCTGGCATGCCAGGGATCATTGTTTACAGGTCTACATTACGTAG	51680.0	-3259.014569385789	-3259.010418995164	4	3	1	-0.00830078125	1.0	6526.029138771578	6524.020837990328	-2.00830078125	6561.440443325404	6550.579316405698	-10.861126919706294
seelig_cm / by_cre	TGTTCTGTTTGGATCAATGTTGAACATTCTACCTGGCGCTGGCATGCCAGGGGTCATTGTTTGACATTTGACCGAACGTAGTCTTGACAGGGGTCATTGTTTGCCAGGTGCTGGCAAGCAGTGTTTACAGGTCTACATTACGTAG	51680.0	-1869.7239186074182	-1869.7178150917932	4	3	1	-0.01220703125	1.0	3747.4478372148365	3745.4356301835865	-2.01220703125	3782.8591417686625	3771.994108598956	-10.865033169706749
seelig_cm / by_cre	TGTTGAACTTTGCTAGCCTTGGTTACATCACTGCATAATTCACTCCGGACATGTCCGGACATGCCCGGAATTGTAGAGTCTCTGGTTTGAACCTAGGTCACTGTCCGCGGACATTGACCAAAGGTCACTCGGTCAGGTCATGTTT	51680.0	-2076.6385661827094	-2076.641862081147	4	3	1	0.006591796875	0.9352909462606908	4161.277132365419	4159.283724162294	-1.993408203125	4196.688436919245	4185.842202577664	-10.846234341581294
seelig_cm / by_cre	TGTTGCCCGAAACACCCGTAACGCACGGCGTACCGTGTATCAAAGTACTCGGACGCGGGTTTGGTAATTATTAACCTAGAATCCTATAACTTAGGTAATTATTAACCCAAAGGCTCCGTTCAGTGTCACTACGATACCACCTCAA	51680.0	-1198.7043356830434	-1198.6968893939809	4	3	1	-0.014892578125	1.0	2405.4086713660868	2403.3937787879618	-2.014892578125	2440.819975919913	2429.952257203331	-10.867718716581749
seelig_cm / by_cre	TGTTGGACAATCCAATGCACCTGGGCTTACGCTCGTGACATGCCCAGGCATGAACGTCCCCTGGACCTTTGATCATGCCAGCATGGCGACTATGGCATTCCATAATTCCTGATCGCCTTGATTACACAAACTTGGTTCCTACTGG	51680.0	-2354.468108424596	-2354.456877955846	4	3	1	-0.0224609375	1.0	4716.936216849192	4714.913755911692	-2.0224609375	4752.347521403018	4741.472234327061	-10.875287075956294
seelig_cm / by_cre	TGTTTATGCATGCGGGCATGCTGGGGAAAGTACATTGGATTGTTTGTACTTTGGATTGTTTGTTCAAACATTCTGGGGAATGTTTGTTCAGGCTGGCATGCTGGGGAGTGTGGATTTTTATTGTGTAATGTTTGTACAAAGGTTG	51680.0	-6257.467879571034	-6257.465926446034	4	3	1	-0.00390625	1.0	12522.935759142068	12520.931852892068	-2.00390625	12558.347063695894	12547.490331307437	-10.856732388456294
seelig_cm / by_cre	TGTTTCACGGCTGCAAGTTGGGAATCCCCAGAGAGTTTGGCTTGGTATACCGGAGCTTGTACAAATACCGTTCGGGCAACCAAGGTGAAATTCTCGAACTTGTAGCAGTCCGTTGCACAACAGAACTGGACATGTTCGGTAAAGT	51680.0	-557.6018609016782	-557.5945366829282	4	3	1	-0.0146484375	1.0	1123.2037218033563	1121.1890733658563	-2.0146484375	1158.6150263571822	1147.7475517812259	-10.867474575956294
seelig_cm / by_cre	TGTTTGAACTTTGGACATGTCCGGGCATGCCCATGCCGGGGCAGTGATCAAAGGCCAAACATGAAACAAAGCATGCCAGCAACCAGGGTGAACAAAGTTTGCCCAAACATGTCCGGTGCAAACATGCACTTTTGAACAGGGGACA	51680.0	-3962.447871995879	-3962.433711839629	4	3	1	-0.0283203125	1.0	7932.895743991758	7930.867423679258	-2.0283203125	7968.307048545584	7957.425902094627	-10.881146450956294
seelig_cm / by_cre	TGTTTGTACTTTGGTCTCCTGTACTGCCGTCAACATGCCCCTGCATGCCGCCGGCATGTTCCTACTTTGGTCTCTCTGCCTTGTACCAACATGCCCCTGCATGCCGGCCTGAACACAGAATGTTCCACCTCTCTAATGTTCCACC	51680.0	-710.4901574703385	-710.493941650026	4	3	1	0.007568359375	0.9306744386883514	1428.980314940677	1426.987883300052	-1.992431640625	1464.391619494503	1453.5463617154214	-10.845257779081521
seelig_cm / by_cre	TGTTTTGGGGGTTTGTGGCTTAGATGCTGGGATGAGAGAAGCCACCTAAATCCAAAGGAAGGAGTTTGCAGCGTGTTGCATCAGCCAGCCAGCAGACACCCAGCTGTCATTTGCATTCTCAGCAACAAAAGCCTTGGCCCCTCAT	51680.0	-8757.938580560098	-8757.905865716348	4	3	1	-0.0654296875	1.0	17523.877161120196	17521.811731432696	-2.0654296875	17559.28846567402	17548.370209848064	-10.918255825956294
seelig_cm / by_cre	TTAATTTCCAATTACGTAACCTCGGTTGATTACTTTGTGACATGCCCAGGCATGTTGCTACGCCTGAGCTTGTTAGCAGCGGACATTCCCGGGCATGTCCAACGTTCAGCGCCCAGGCATGCCTGGGGCTGTATATTATGCTCAG	51680.0	-8037.123843247813	-8037.084292466563	4	3	1	-0.0791015625	1.0	16082.247686495626	16080.168584933126	-2.0791015625	16117.658991049451	16106.727063348495	-10.931927700956294
seelig_cm / by_cre	TTAATTTCTCTCAACATTACGTAATGTATAATCAATAGAGATTGGTCTTTTAGTTATTGTAACTTTGCACAAGGGGCATAGTATACGGACATTGGGATTTGGAGCGAAAGCGCACTGGACATGCCCGGGCATGTCTGGTGCTGAA	51680.0	-21052.28157519216	-21052.03059862966	4	3	1	-0.501953125	1.0	42112.56315038432	42110.06119725932	-2.501953125	42147.97445493814	42136.61967567469	-11.354779263456294
seelig_cm / by_cre	TTACATAAGCTTTGGCCTGTGGTCACACATGCCGGCTTGGCCACTGAACAATGCCGGAACACATGGGTTTGATCATGTGGTAGTGTGCCCAGGGTCCAGGCACGTCTGACTGTTGTGCCAATGCCCCGGCATGCCCGGACATGAA	51680.0	-1379.4949501313736	-1379.482865170436	4	3	1	-0.024169921875	1.0	2766.989900262747	2764.965730340872	-2.024169921875	2802.401204816573	2791.5242087562415	-10.876996060331749
seelig_cm / by_cre	TTACGGCTCAATCCGATCACTTCCCCCAATCTGAGTCACAGTAGCGCTCGTTCCGCGAAATAGCGCTACGCCCCCCGTTCCGGCTCATGAGTCATAACTAACGCCATATTTCGCGGAAGTCGCGTCCGAGTAATAAGATATCTTA	51680.0	-4366.111598476571	-4366.112086757821	4	3	1	0.0009765625	0.9750701651312458	8740.223196953142	8738.224173515642	-1.9990234375	8775.634501506967	8764.782651931011	-10.851849575956294
seelig_cm / by_cre	TTAGTCCGGTCATGTCACCGGACATGTACAATTTCCGGTGGGCTGTATGACTGAACAAGTCCCCTTTGTACAAAAATGGTGACCCCTCTGAACTTTGATCAAGTTGGTTCCGGGGCGGTATAAATTCATTTGATCAAAGGTCAAG	51680.0	-1457.6757248242693	-1457.6751144727068	4	3	1	-0.001220703125	1.0	2923.3514496485386	2921.3502289454136	-2.001220703125	2958.7627542023647	2947.908707360783	-10.854046841581749
seelig_cm / by_cre	TTAGTTTATTATAATATAGGGATGACGCAACTTCGTCATCCGCGGGACGCCGCCCCTCTATATATATCTGGCAGACCGCCTTATCTTATATGCCTCATCTTATTACGTCATCGCCTTATCAATAAGATATTTCGCGTAAATCGTT	51680.0	-378.6128987198842	-378.60673416910294	4	3	1	-0.0123291015625	1.0	765.2257974397684	763.2134683382059	-2.0123291015625	800.6371019935943	789.7719467535753	-10.865155240019021
seelig_cm / by_cre	TTATAAGTCGCGGAAGCTATCATCCGCGAAATAAGTTATCGCTCCGCGGATCCGATAACTCGTTGACCCGATATCGCTTCCGCGGAAGTTACTTCCTTTTCGCGTATCTGATGACTCATCCGCGAAACGCGCCGCGTTTCTTAGA	51680.0	-901.8352773520398	-901.8323476645398	4	3	1	-0.005859375	1.0	1811.6705547040797	1809.6646953290797	-2.005859375	1847.0818592579055	1836.223173744449	-10.858685513456521
seelig_cm / by_cre	TTATAGCTTCCTCGAATCCGCATACTGCGCTCCCTCCAATTGGCGCAGCGACGCTTCCTTAAGTCATATGCGGGTTATCGCGATAAGGAAGCCTCCTCCTTGGACGCGTTATAAGTTATCGCTTTCTTGGAAGACATAAAAAAAA	51680.0	-1064.8429300691373	-1064.8462259675748	4	3	1	0.006591796875	0.9352909462606908	2137.6858601382746	2135.6924519351496	-1.993408203125	2173.0971646921007	2162.250930350519	-10.846234341581749
seelig_cm / by_cre	TTATCAGTATCTTCTTGAGGACGCGCCTCCTAAGGAGGATATAACTCATTAATGCCGATGATGAATCAGCTTATTTGATGGAACCGTCACTTCCAAGATATCGCTTATATCCGTTAAAATATATTGAACGCGATAATCACATCCG	51680.0	-4412.903740455787	-4412.899101783912	4	3	1	-0.00927734375	1.0	8833.807480911573	8831.798203567823	-2.00927734375	8869.218785465398	8858.356681983192	-10.862103482206294
seelig_cm / by_cre	TTATCGCTTCCTAGATATAGGCGCGCCTTCCTCGACCCGGGGGGTGAGTCATCCGGCGCCGCCGATTCGCCGATAGGCGCGGCTTCCTCGACGCGCGGCTTCCTTCAGCCGGCGGGTGAGTCATCCGGCGGCGCCGATTGGCCGA	51680.0	-1083.7956010549465	-1083.786445781509	4	3	1	-0.018310546875	1.0	2175.591202109893	2173.572891563018	-2.018310546875	2211.002506663719	2200.1313699783873	-10.871136685331749
seelig_cm / by_cre	TTATCGGGGAGGGAGACGCAGTTACTCATAAGGATGCGGAAGTTATCGGAGGGATGAGGAAGCGTTATCTTTCTTAGAAGCGCTATTTCTTTATCGCGCGGTTTCTTTTGAGGATGCGCGATATAGGTAGTTATTTCGCGGAAGC	51680.0	-2346.2603849489437	-2346.2740568239437	4	3	1	0.02734375	0.8686610629910666	4700.5207698978875	4698.5481136478875	-1.97265625	4735.932074451714	4725.106592063257	-10.825482388456294
seelig_cm / by_cre	TTATCGGTATCGATGACTCATCCGGATGGCGCGTCTTTCGAGGAAGAAAGCGATGCGATATCTCGAAAGTCGCCCCACCCTTCCCCATACAGCTTCGACTTCCCGGATGCGCCACCCCTATAGTCAGCTTATCTTGCGGATTAAA	51680.0	-1076.7934311373133	-1076.7883041841883	4	3	1	-0.01025390625	1.0	2161.5868622746266	2159.5766083683766	-2.01025390625	2196.9981668284527	2186.135086783746	-10.863080044706749
seelig_cm / by_cre	TTATCGTTAGTTAGCGGGTGGTTTCTTTTTTTCTTATAAGAAGATGAGGAAGCGGGAAGATGAGTTATCGGAAGGAAACGGGCGGTTACTCATAAGGATACGCTATATCTTGGAAGCGCGGAAGTGAGGTATCGCGTTATCGGGG	51680.0	-7648.308151348807	-7648.287643536307	4	3	1	-0.041015625	1.0	15304.616302697614	15302.575287072614	-2.041015625	15340.027607251439	15329.133765487983	-10.893841763456294
seelig_cm / by_cre	TTATCTGGCTGATGAGATATCGCTTTATCGTGATATCGTTTTCGCGCTTTAAGGATGGGTGGCGCGCGTGTTTTTGCGCGATATCGTTATCAGGATGGGTGGGGGGGGCGCGCGCATGAGATATCGCGATATCGTTATCGCGCTT	51680.0	-3313.1382179402317	-3313.1201515339817	4	3	1	-0.0361328125	1.0	6634.276435880463	6632.240303067963	-2.0361328125	6669.6877404342895	6658.798781483333	-10.888958950956294
seelig_cm / by_cre	TTATCTGGCTGATGAGATATCGCTTTATCTTGCTGATGAGATATCGCGATATCGTTATCGCGCTTTAAGGATGGGTGGGGGGCGCGCGTTATCTTGCTGATGAGATATCGTTTTTATTGGATAGATGTGGGTGGGGCGCGCGCAT	51680.0	-2778.6760271366506	-2778.6665056522756	4	3	1	-0.01904296875	1.0	5565.352054273301	5563.333011304551	-2.01904296875	5600.763358827127	5589.891489719921	-10.871869107206294
seelig_cm / by_cre	TTATCTGGCTGATGAGATATCGCTTTTTTTGGCTGATGAGATAAGGATGGGTGTGGCTAGATGTGGGTGGGTGTGGGTGGGGCGCTTGCGTTATATGGGTGGGGGGGGCGCGCGCATGAGATATCGCGATATCGTTATCGCGCGT	51680.0	-1681.583532988952	-1681.583532988952	4	3	1	0.0	1.0	3371.167065977904	3369.167065977904	-2.0	3406.57837053173	3395.725544393273	-10.852826138456749
seelig_cm / by_cre	TTATGTAATAATCGGGAGAGCAAAAGGGAATGCGGACATGCTCGGGCATGTTCGGTTGAACTGGGGAGCAAAGGTGCAAGGGGGCATGTTTAAACATTATGTAATGGTCGAGCGAGCAAAAGGGAAAGGGGGCATGTTTAAACAT	51680.0	-9340.124228496055	-9340.075400371055	4	3	1	-0.09765625	1.0	18688.24845699211	18686.15080074211	-2.09765625	18723.659761545936	18712.70927915748	-10.950482388456294
seelig_cm / by_cre	TTATGTAATAATCGGGAGAGCGGAGGTGCAAGGGAGCATGCGGGGGGTTGAACTTGCTCGGGCATGTTCGGTCGGTAGTTTGAACTTTCGGTCTAGCGAGCAGGGGTGCAGAGGTTGTTGTACAAAGATTATGTAATGATCGAAA	51680.0	-11213.284312383701	-11213.235484258701	4	3	1	-0.09765625	1.0	22434.568624767402	22432.470968517402	-2.09765625	22469.979929321227	22459.02944693277	-10.950482388456294
seelig_cm / by_cre	TTATGTAATAGTCGAGCGAGCTTGCGGTCAAGCGGACATGTTTAGACATGTTCGGTAGGGAGAGCGAGCTGGCGAGCTGGGGAGCGGGGGTGCAGAGGTTGTTACATAATGGTTGTAGTGCGGACGTTTGAACTTTCGGTCGTTT	51680.0	-11151.150736214779	-11151.096048714779	4	3	1	-0.109375	1.0	22310.301472429557	22308.192097429557	-2.109375	22345.712776983382	22334.750575844926	-10.962201138456294
seelig_cm / by_cre	TTATGTAATGAACGGGAGAGAGGGAGAGCAAAGGTAAAAAAACAATTGCGGACATGCTCAGACATGTTCGGTATGAAAAGAAAAAGAGAAAGTAAGGGGGCATGTTTAAACATTATGTAATGGTCGAGCGAGCTGGGGTGCAAAG	51680.0	-8634.589519545907	-8634.559734389657	4	3	1	-0.0595703125	1.0	17277.179039091814	17275.119468779314	-2.0595703125	17312.59034364564	17301.677947194683	-10.912396450956294
seelig_cm / by_cre	TTATGTAATGAACTAAGGTGAAAGAGAGAAAGGGGGCATGCTGGGGGTTGAACTTACGGTAGTTTGAACTTGCGGTCGTTTGAACTTGCTCGGGCATGTTCGGTAGTACAAAAGTTAGAGAGAGTAAGGGGGCATGTTTAGACAT	51680.0	-8769.089744338164	-8769.050681838164	4	3	1	-0.078125	1.0	17546.179488676327	17544.101363676327	-2.078125	17581.590793230152	17570.659842091696	-10.930951138456294
seelig_cm / by_cre	TTATGTAATGGTAGTTTGAACTTTCGGTCTAGCGAGCAGGGGTGCAAAGGTAGTGGGGAGCTGAGAGGCTTGTATAAACATTATGTAATGATCGGGAGGGAGAGAGAGTAAGGGGGCATGTTTAGACATGTTCGGTATGAATTGA	51680.0	-15483.932691228212	-15483.838941228212	4	3	1	-0.1875	1.0	30975.865382456424	30973.677882456424	-2.1875	31011.27668701025	31000.236360871793	-11.040326138456294
seelig_cm / by_cre	TTCAATGGTGTTGCTCAGCAGGCAGGAAATTCCAGACATAGTTTGTCTGTTGCATAGGGTGCTATTTCACGTGGGAGATCCAAACTCCATTCCGCCCCTTTCCCCAGCTTCCTCCTCCCCCTTTCCTTCCCGCTTCCTCTCCCTC	51680.0	-663.8485621525285	-663.8491114689348	4	3	1	0.0010986328125	0.9735584549513262	1335.697124305057	1333.6982229378696	-1.9989013671875	1371.108428858883	1360.256701353239	-10.851727505644021
seelig_cm / by_cre	TTCACTATCACCATTACGGAATGTTTAACCTTTGTACAAACATTGCAAACATGCCTGGTTGAACAATCCCCATCATGTCAGGGAATGTTTATACATGACCGCCTAGGAGCCTCTGAATGTTGACCTTCCGGAATGTTTGAACAAG	51680.0	-1562.5119520438002	-1562.5036512625502	4	3	1	-0.0166015625	1.0	3133.0239040876004	3131.0073025251004	-2.0166015625	3168.4352086414265	3157.5657809404697	-10.869427700956749
seelig_cm / by_cre	TTCACTATTACATAATGTTTGTACACATCCCCTGCCAACTCAACCTTTGTTTGTTCAACCCAAAGTTCAAACAACTCTCTGTTCCACTCCATCACTGCAAACATGCCCGGACATTCACTCTACCGACATTCCCTATTACATAATG	51680.0	-838.0192292864823	-838.017459266951	4	3	1	-0.0035400390625	1.0	1684.0384585729646	1682.034918533902	-2.0035400390625	1719.4497631267905	1708.5933969492717	-10.856366177518794
seelig_cm / by_cre	TTCACTTGCGTATGTTATTATTCGTTATCTGGCTGATGAGATATCGTTTTTTGGATGGGTGGGGGGGGCGCGTTCTCTTGCTGATGAGATAAGGATGTGGGGGGGGGGCGCGCGCATGAGATATCGCGATATCGTGTTTATTGGC	51680.0	-4409.0637590666865	-4409.0569231291865	4	3	1	-0.013671875	1.0	8826.127518133373	8824.113846258373	-2.013671875	8861.538822687198	8850.672324673742	-10.866498013456294
seelig_cm / by_cre	TTCAGCACAGCGTGTGACATGCCCGGGCATGGCGCGAGGAGACATGCCCGGGCATGCACAGGGCGAACATGCCCGGGCATGCAGGGACATGCCCGGGCATGCACATGCCCGGGCATGGATGGAGGACATGCCCGGGCATGATGTA	51680.0	-5499.439628817508	-5499.410331942508	4	3	1	-0.05859375	1.0	11006.879257635015	11004.820663885015	-2.05859375	11042.29056218884	11031.379142300384	-10.911419888456294
seelig_cm / by_cre	TTCCCAGTTCATTGATCAAACGACTGTACAACCGTAGGAACTTTGCCCGGTGGTCTTTGTCCATTCCGGCCTGAACAGTACAAGGGCAAACATTACAGTTGGGAACAAGTCCGGAATTGCCGTGAAATGTGAAAACCGGGACTCC	51680.0	-913.3021204672132	-913.3006556234632	4	3	1	-0.0029296875	1.0	1834.6042409344263	1832.6013112469263	-2.0029296875	1870.0155454882522	1859.1597896622957	-10.855755825956521
seelig_cm / by_cre	TTCCCTGTTCGTATAAGGCATGAATTCCTGGTGGCTCCACCGCCCTCCCCCAGTGCGTATGTGGGACCTTCGTCCACTAGGGACATGTTTAGACAAGCTCCCTGTGCACGTTCCCTTATCTGCACAAAACATGGGTTGGAGGTTC	51680.0	-2266.280570941392	-2266.268119769517	4	3	1	-0.02490234375	1.0	4540.561141882784	4538.536239539034	-2.02490234375	4575.97244643661	4565.094717954404	-10.877728482206294
seelig_cm / by_cre	TTCCCTTCCTTATTTCTCGGAAGCGCGCGCGATTTCTCGGAAGTAAGCGCCGCCCGCTGATTTCTTCCAAGAAAGCCCCGCCCATTTGCTGATTTCATCCGCCCGATGACTCATGACTTCCTTATCTCTTCCGCGCCCCGCACGC	51680.0	-980.0736930602458	-980.074730657902	4	3	1	0.0020751953125	0.963665485337234	1968.1473861204915	1966.149461315804	-1.9979248046875	2003.5586906743174	1992.7079397311736	-10.850750943143794
seelig_cm / by_cre	TTCCGAGAAAGCCCCGCCCATTTGCTGATTTCATCCGCCCGATGACTCATCACTTCCTTATCTCTTCCCTTCCTTATTTCTCGGAAGCGCCGCCCATTGGAAGGAAGCGCCGCCCCCAGAGGGCGCGGCCTATAGGACGATATAA	51680.0	-14837.702268134584	-14837.625119697084	4	3	1	-0.154296875	1.0	29683.40453626917	29681.25023939417	-2.154296875	29718.815840822994	29707.808717809537	-11.007123013456294
seelig_cm / by_cre	TTCCGAGGAGCGCTTCTCCCAATAAGTTATCTTCTTCCGATACCTCAGTTTCTTAGGAGGGCGCGCCTCATGGATAAGAAAACGCATTTCCCGGAAGCGCCATATGCGGGAGAAGCCACTTGCGATATCTTATCTTACTCATACT	51680.0	-391.4641909147873	-391.4566225554123	4	3	1	-0.01513671875	1.0	790.9283818295746	788.9132451108246	-2.01513671875	826.3396863834006	815.4717235261941	-10.867962857206521
seelig_cm / by_cre	TTCCGATTAGCCGCGCGCGCAAGTGATTTCTTATTTCCTTTTTCGGGTGAGTTACTCTGCGTTTTTCTGATTAGCCCCGCCCCCATGCGGCTCCTTATCTCTTCTTTCGCGTGAGTCACTTCCTTATCAGCCCCGCCCCCTTTCT	51680.0	-946.0870326164493	-946.0869105461368	4	3	1	-0.000244140625	1.0	1900.1740652328986	1898.1738210922736	-2.000244140625	1935.5853697867244	1924.732299507643	-10.853070279081521
seelig_cm / by_cre	TTCCGATTGGCCGCGCGCGCAAGTGATCTCTTATCTCCCCCCGCGTGCGAGTTATCGGTTCTCCCTTCTTGCGATTTCTTATCTCCTCTTTCGGGTGAGTCACTTCCTTATCAGCCCCGCCCCTTATCTCTCCCCTCCTTTTCTT	51680.0	-493.03801435292996	-493.0386857396487	4	3	1	0.0013427734375	0.9707689613100453	994.0760287058599	992.0773714792974	-1.9986572265625	1029.4873332596858	1018.6358498946669	-10.851483365018908
seelig_cm / by_cre	TTCCGCGAACGGCGCGGACCTATCTTATAAGGAAATTCCCGTTGTCGCTTAAGTACGCGCGGCCCACTGCTATCATCCGAAAGAACTTTACGATATACGCGTGATAAGATACTCATAACTCGTAACTCATTGGAAGATATGGGCT	51680.0	-685.9969190581683	-685.9981397612933	4	3	1	0.00244140625	0.9605920901150706	1379.9938381163365	1377.9962795225865	-1.99755859375	1415.4051426701624	1404.5547579379559	-10.850384732206521
seelig_cm / by_cre	TTCCTGGATTTCTTCACCCCAACGTTAGCAGATCAGGGACAGTTTTGCAGGAAGGAGGCCAGTCATGCCTCCTTTGTGGAGCTCCCTGGAGAGCTTCTACCTCCCTTCCTTCAAAGCCCAGGAAGAAGCTGAAATGAAAGCCTCA	51680.0	-1095.3199562250345	-1095.3101906000345	4	3	1	-0.01953125	1.0	2198.639912450069	2196.620381200069	-2.01953125	2234.051217003895	2223.1788596154383	-10.872357388456749
seelig_cm / by_cre	TTCCTTCTGCTTTTCCTACACGCCCAGGCATGCCACAGCACCAGCTCACATTCCTTTCCTTATTTGAGAAAAGACTGACTCTCTAGCTCGCCGCAGACGACCCCTTCCCCTAAATGTTTAGCCAATCGGGTCTAGCTTAGATTGT	51680.0	-487.1873587394145	-487.17411411050824	4	3	1	-0.0264892578125	1.0	982.374717478829	980.3482282210165	-2.0264892578125	1017.786022032655	1006.9067066363859	-10.879315396269021
seelig_cm / by_cre	TTCGTCATGTTTTCCTGTTGGGTCCAAAGTTCAAACATGCCCGGGCATGTTCACAGTTCGTGGGCAGTGGGCAAACATTCCGGTTGTTTGACATGCCCCGGCATGTTTGCCCCCCGGCATGTTTGCTCCGTAATTCCGTTGTTTA	51680.0	-4649.934386531885	-4649.918761531885	4	3	1	-0.03125	1.0	9307.86877306377	9305.83752306377	-2.03125	9343.280077617595	9332.39600147914	-10.884076138456294
seelig_cm / by_cre	TTCTAAACGCCGCAACTTACATTGAGATAACTTCTATAAGTAGCATACTTCGCGGAGCGGACCTCACTAGAAATCCTATACGCATCTCCGAGAAACTGTCTAATCCGCGAAAGCGTTATCTCTTGAGTCTGATAACACATGGGCC	51680.0	-683.303447540743	-683.3092458805868	4	3	1	0.0115966796875	0.9142432832645357	1374.606895081486	1372.6184917611736	-1.9884033203125	1410.018199635312	1399.176970176543	-10.841229458769021
seelig_cm / by_cre	TTCTATTCAAAGGGCCTTTAGTATAGCTCAGCATGCCATTCGGCTGAGTGCAGTGGACAATGAACTCTGCCTCTGTTCATGATCGTACAATCATTACCGGTATTCCAGCGGGCTTGGATCATGCCCAGGCATGCCCGTTATACGG	51680.0	-7347.704926875609	-7347.671723750609	4	3	1	-0.06640625	1.0	14703.409853751218	14701.343447501218	-2.06640625	14738.821158305043	14727.901925916587	-10.919232388456294
seelig_cm / by_cre	TTCTGCGTCTCGCACATCGTCGACCCGCGCATCTTAAGGACGACTCACGAGATATATACTGACTCATAAGGAGGAACCGGTTCCATCATATCGGACTGGGCGATGCGTCGTCGAAGCGCGCAGGCCGTTCCTAATTTTTCCTCCC	51680.0	-485.4190725674019	-485.42538970607376	4	3	1	0.01263427734375	0.9105044306972008	978.8381451348038	976.8507794121475	-1.98736572265625	1014.2494496886297	1003.409257827517	-10.840191861112771
seelig_cm / by_cre	TTCTTTGGTCGTTGGTCGACCATTGACCGACGACGGCCGTTCGTGTGACCAATGGTGGTTGTTTGGACATGTCTACAGACATGTCCGAAGACCACTTTGGACGTAAGGTAAGTGAACGTTGACCGTTCGGCACATGTCCGGACAT	51680.0	-1353.807578357405	-1353.8030617558425	4	3	1	-0.009033203125	1.0	2715.61515671481	2713.606123511685	-2.009033203125	2751.026461268636	2740.1646019270543	-10.861859341581749
seelig_cm / by_cre	TTGAACATGCCCGGACATGTCCGGGCATGCTCAATGTATAGTGGTAAAGGTCCAACGGTCTCCCGTATTCCCCTTAGATTATAGAATAATGGTGACAAAACGAGAAATTATGGTTTGTTTAAACTCCGGACAAGCTCAAGCTCCC	51680.0	-617.6566300279521	-617.6429581529521	4	3	1	-0.02734375	1.0	1243.3132600559043	1241.2859163059043	-2.02734375	1278.7245646097301	1267.8443947212736	-10.880169888456521
seelig_cm / by_cre	TTGAATGACCAGCCGCCTGCCCGCCGGCAGACTTCCGGTCGAAAGTTCCATTCATTACGTACGGAATGTTTAGACAGGCGCACGCGACATGCCCGGGCATGACTCTGCTTGCTCCAATCATGTCACCGAACAACAGCGCTCAAAG	51680.0	-9951.065534667465	-9951.009382323715	4	3	1	-0.1123046875	1.0	19910.13106933493	19908.01876464743	-2.1123046875	19945.542373888755	19934.5772430628	-10.965130825956294
seelig_cm / by_cre	TTGACGCGGGGCCACAGATATGACTTAAAAACTTAAAAAAGAGATAAGGAAGCGCGGACCGATACGTGGGTCCGCGATTCCGCGAAAAGATATAAGGAACCGTCCTTATAACTTAAGGAAGTGACGAGGACCCATGGGGCGATAC	51680.0	-1329.567993415642	-1329.5573732984544	4	3	1	-0.021240234375	1.0	2667.135986831284	2665.114746596909	-2.021240234375	2702.54729138511	2691.673225012278	-10.874066372831749
seelig_cm / by_cre	TTGACGCGGGGCCACAGATATGACTTAAGGAGGAGCGATACGCGGTTCTTGGAAAAGATATAAGGAAGCGCGGACCCATGGGGCGATACGCGTTTCTTAAAATCCTTATATCTTGAGGAAGTGATAAGGAAGCGCGGACCCATGG	51680.0	-1878.9423236725497	-1878.9356098053622	4	3	1	-0.013427734375	1.0	3765.8846473450994	3763.8712196107244	-2.013427734375	3801.2959518989255	3790.429698026094	-10.866253872831749
seelig_cm / by_cre	TTGACGCGGGGCCACGGAGACACGGAAGCGCGGACCCATGGAGCGATACGCGTTTCTTGGAACAGAAGGGCGGACCGATACGTGGGTCCGCGAACGGACCCGCAGACCCATGGAACCGTCCTTATATCTTAAGGAAGTGACGCCG	51680.0	-2541.2182290424626	-2541.2148110737126	4	3	1	-0.0068359375	1.0	5090.436458084925	5088.429622147425	-2.0068359375	5125.847762638751	5114.988100562795	-10.859662075956294
seelig_cm / by_cre	TTGACTCCATCTTTTGTAGTCATAGCTGGTCACACGACTCCGGCCCAGCCAATGGGAACACAGGAGATTGTCTCACACGAGTCATGTGACCTGAAATGGACCAATGAGACCCAGCTCTGGGACTTCGGGCAGAACTGTGTTAAAG	51680.0	-3561.557119888781	-3561.563223404406	4	3	1	0.01220703125	0.9120244006842477	7131.114239777562	7129.126446808812	-1.98779296875	7166.525544331388	7155.684925224182	-10.840619107206294
seelig_cm / by_cre	TTGAGTGCTCACGAAGCGGTTAACCTATCGTGAAGTGGTGATCACTATTGCAGTTGGTAGTTACAAATGGAAAAGAATGCGGCGATGGTCACATGTCGAGATTGCATAATATCCTTTCGTGACGCACAGGCCGGGTCAATATTGG	51680.0	-5392.778943956848	-5392.778943956848	4	3	1	0.0	1.0	10793.557887913696	10791.557887913696	-2.0	10828.96919246752	10818.116366329064	-10.852826138456294
seelig_cm / by_cre	TTGATTAGACAGACTCCCCCTTGACTGGAGGTCAGCCGGCCCAGCATGACCCCAGGAGAATAAACAAACACCAGAAGGAACAAAGGTTTGGTCTTTGTTCACAATGATTATGTAACCATTGAAACATGCCCGGACATGTCCGGTC	51680.0	-8274.409804552593	-8274.385390490093	4	3	1	-0.048828125	1.0	16556.819609105187	16554.770780980187	-2.048828125	16592.230913659012	16581.329259395556	-10.901654263456294
seelig_cm / by_cre	TTGCATCTAATGAGTAAGACAGAACGGCTCTCGCGATATGCTTCTGCTGCAGCGCCGTTTCTTATCATAAGAAGCATCGAGGAGCGCGCGTCGCGGGAAGCGCCTCCAATTAACTCCACCAATCGCTTCACTCGCCGCGGCTCTG	51680.0	-188.50535199852493	-188.50187299461868	4	3	1	-0.0069580078125	1.0	385.01070399704986	383.00374598923736	-2.0069580078125	420.4220085508758	409.5622244046068	-10.859784146268964
seelig_cm / by_cre	TTGCCCCTCAGACATGTCCGGGCATGTACCTAGCCTCGCCGCCCCTCAATGGTTGCCCTTTGTACAGGGGTGTTTGAACGTTCGGTCTACTGAGTCATGTAGAGGTCAATCCAAAGCACCTTGCCGGCAACCGGAAGCTGAGCAA	51680.0	-885.8298647085503	-885.8423769155816	4	3	1	0.0250244140625	0.8743062416703976	1779.6597294171006	1777.684753831163	-1.9749755859375	1815.0710339709265	1804.2432322465324	-10.827801724394021
seelig_cm / by_cre	TTGCCCGGACAGGTCCCCCGTCATGTTGGACTTTGTCCGGACATGTCCCCCGTAATGTCAAACCTCCGGAATTTGCCCGCTCTTGTTTGTTTGTTCAAAGGTCAAACAGTCCAAAGGTCAAAAGTTCAAAACAGGCTTGCCCCCT	51680.0	-734.6419395758555	-734.6352867438243	4	3	1	-0.0133056640625	1.0	1477.283879151711	1475.2705734876486	-2.0133056640625	1512.695183705537	1501.829051903018	-10.866131802519021
seelig_cm / by_cre	TTGCCCTCAGGAGGCTTGTTCACAGATGCACTGATGTCTGGACATTGATCGAAGGTACTAGGATGAGTGCCCAGCTATTACTGTCGAACAGTCCGGTGGCAATGCACATTCCATTACATTACGGCGAACATCACGATTACCAGCT	51680.0	-1009.4743059967566	-1009.4658831451941	4	3	1	-0.016845703125	1.0	2026.9486119935132	2024.9317662903882	-2.016845703125	2062.3599165473393	2051.4902447057575	-10.869671841581749
seelig_cm / by_cre	TTGCCGGTGCGCAATGATGCAAACATGCCGGGACATGTCCCTTGGTCAACATTGTATTCCCTTCACCCTCGCTCTTAGCGAGCTTGGTTTAACGGAAAGTTCCTCCCAGGTCACGTTATGTAAAACCGGCTTACCGGACTCCTCC	51680.0	-2001.5893819027294	-2001.587550848042	4	3	1	-0.003662109375	1.0	4011.178763805459	4009.175101696084	-2.003662109375	4046.590068359285	4035.733580111453	-10.856488247831749
seelig_cm / by_cre	TTGCTGTAAACATTACGGAATTTCCCACGGTTTGACCTGTTGGACTGGGTCCAATGTCCAAACATGCCGGGGCACGTCCGGTCGACGTGCCAGCACAAGTTCATGCGGGGGGGCATGACCGACGCAGGCAGAGACCTGTCGCCCC	51680.0	-611.1467082795572	-611.1482951936197	4	3	1	0.003173828125	0.9550735520619895	1230.2934165591143	1228.2965903872393	-1.996826171875	1265.7047211129402	1254.855068802609	-10.849652310331294
seelig_cm / by_cre	TTGCTTTTGTACAAAACTAACGGAGGAATGTACCTGGGACATGTCTGGACATGCCCCCTGGCTGACCGGTAGTGTTTAGACTTTCCGGGCATGACCCCCGGTAGACAAAGTTCGTACAGCAAGCCGGCCGACGAAAGCACTGTGC	51680.0	-6983.811641376591	-6983.784297626591	4	3	1	-0.0546875	1.0	13975.623282753182	13973.568595253182	-2.0546875	14011.034587307007	14000.127073668551	-10.907513638456294
seelig_cm / by_cre	TTGGACCTATGTCACAGCATGCTTTGCTGAAGGGGTGAAATGCGCCGAAAAGACGCGCGAGGCGCGCAATGAGAAAATCACAGCAAATCACAGCTGTATATGCTCAAATCACAGCTTGGTCGGGTGCCTGCACGGGGCACCACCA	51680.0	-988.7062657545537	-988.7125523756474	4	3	1	0.0125732421875	0.9107199586071744	1985.4125315091073	1983.4251047512948	-1.9874267578125	2020.8238360629332	2009.9835831666642	-10.840252896269021
seelig_cm / by_cre	TTGGCGCGCGCGCCTGATTAGCCAGCGGAAGTATGGCGCGCGCGCCTGAGCTGGCGCGCGCGCCTGAGGCCATGGCGCGCGCGCCTGATGGCGCGCGCGCCTGATTGGCGCGCGCGCCTGACTTCTTGGCGCGCGCGCCTGAAGA	31008.0	-131.88104435846003	-131.88806340142878	4	3	1	0.0140380859375	0.9056854167998443	271.76208871692006	269.77612680285756	-1.9859619140625	305.13009077568205	294.80212834692907	-10.327962428752983
seelig_cm / by_cre	TTGGGCATGTAGAGGGCAACCGACGGACGGCCGTAAACAACATGCGCAAGACTAAATGTACTGCGATGGACGACATAAACCACCGGTGTTTGTGGACTTTGGCTTAACGGGCGCGCAGTGGACAAACTCCCGGCCGGCGTAAGTT	51680.0	-815.6763795543236	-815.6669191051049	4	3	1	-0.0189208984375	1.0	1639.3527591086472	1637.3338382102097	-2.0189208984375	1674.764063662473	1663.892316625579	-10.871747036894021
seelig_cm / by_cre	TTGGGTCAAACATGCCGGGGGACTTGACAGGAGTGGATCAAAGGTTCAAACATTGATTGTGTAAACATGGCCTGACAGGAGTGGAACAAAGGTGGAGTGCACCGGACATGCCCGGGCAAGTCCGGTGGACAGGAGTGTGGAACAA	51680.0	-14907.521670585402	-14907.413272147902	4	3	1	-0.216796875	1.0	29823.043341170804	29820.826544295804	-2.216796875	29858.45464572463	29847.385022711172	-11.069623013456294
seelig_cm / by_cre	TTGTACAAACATGTCGAGTTTGGAATTTTCCGGTCATGCACTACAGGTAGGCTGCCATCTCCCAGCGGCAAACGAACATTACGATCAAAGCACCCAGCCGGTGGCAGTCATGTACCCGCCTCCAGTCATGTTCGGCTCCCAGGCC	41344.0	-247.09488245698873	-247.1028322860903	4	3	1	0.015899658203125	0.8996576381306653	502.18976491397746	500.2056645721806	-1.984100341796875	536.7084952625465	526.0947123336074	-10.613782928939145
seelig_cm / by_cre	TTGTAGCCTTGACCCAACCGGACTTTGTCCCCTCTGGTCAAACAACCAAACACCAACCAGGATTTTGTCCGGTCATGTTCACAGGACTGTTTGTTCAAACGGGCTTGCCCCGGCATGTCTGCTTGTGCAAAGGTCAAACAGTGCA	51680.0	-2215.628257421391	-2215.626548437016	4	3	1	-0.00341796875	1.0	4439.256514842782	4437.253096874032	-2.00341796875	4474.667819396608	4463.811575289402	-10.856244107206294
seelig_cm / by_cre	TTGTCAGCTTTTGTTCAAACATCACCGGTCATGTCAAACCAAAGGTCCAAAGTCCTTTGTCCGCTTTTGTTCTCTGGACTTTGCACAAAACAGTCCAAACTGGCTTGCCCGGGCATGTCCAAAGGTTCAAAGGTCAAAGATCATG	51680.0	-1391.5205861966429	-1391.5127736966429	4	3	1	-0.015625	1.0	2791.0411723932857	2789.0255473932857	-2.015625	2826.452476947112	2815.584025808655	-10.868451138456749
seelig_cm / by_cre	TTGTCGGCTTGCCCGGGCATGTTTAATTGTGCAAAGGTCAAACATCATGTCAAACAAACAGTCCAAAGTTCAAACCAGGCTTGCCCCGGCATGTTCAAAGTTCAAACAAGGGACATGTCCTCTGTACTGTGAACAAAACAAGGCT	51680.0	-1109.3691342762081	-1109.3766416004269	4	3	1	0.0150146484375	0.902475903343039	2226.7382685524162	2224.7532832008537	-1.9849853515625	2262.1495731062423	2251.311761616223	-10.837811490019249
seelig_cm / by_cre	TTGTCTGCACGTTGGGCCTTTCAATGATTTTACATCATCCTTGCGAGAGCCCTGCGGTGGTGTCACGCCCTCGCACCGCGGGTGGAGAAGCGTGTCTTTCAGACAGACCAAGCGATTTGCTCAAGGTCACAGGGCTCAGAGGACA	51680.0	-1082.9407303822902	-1082.9385331166652	4	3	1	-0.00439453125	1.0	2173.8814607645804	2171.8770662333304	-2.00439453125	2209.2927653184065	2198.4355446486998	-10.857220669706749
seelig_cm / by_cre	TTGTGAAAAATTCCGGTGATCGTTCAACAGGGTCGGCGACCAGGGCATGCCGACTTGATCCCAAAGATCTTTGACCTGAGTCCTTTCGTATACTGCAAGGGTTATGTTCGGTACAAGTCTCCGCAACTAGGTCTGGACTTGACTT	51680.0	-1154.7054788800333	-1154.7171976300333	4	3	1	0.0234375	0.8783248501010348	2317.4109577600666	2315.4343952600666	-1.9765625	2352.8222623138927	2341.992873675436	-10.829388638456749
seelig_cm / by_cre	TTGTGTAAACATGACCGCAAGATTGAACTTTCACCCCACATTCCCTTTGTACTTTCAACCTCCTGTCAAACCTCATGACCAACCACCATTACGTAAAAACAAACTTCCCCCTGACTCCCATTCCCTTTGAACTTTCGCTCCACAG	51680.0	-824.7406737660009	-824.7523314808446	4	3	1	0.0233154296875	0.8786396647595422	1657.4813475320018	1655.5046629616893	-1.9766845703125	1692.8926520858276	1682.0631413770589	-10.829510708768794
seelig_cm / by_cre	TTGTTACCGACTTGCCGCCCTGCCTGCCACTTTGAGGCACAGTTGCAGCGCCTCTGTTTACATTTTTGGAGGACACGTGGACAAGCCCAGGCAAAGCCGAACAGCACACGGTACATCAATCACACAAGGAACATCTGCTGATTCC	51680.0	-2341.426548632354	-2341.428257616729	4	3	1	0.00341796875	0.9533795178296435	4690.853097264708	4688.856515233458	-1.99658203125	4726.264401818534	4715.4149936488275	-10.849408169706294
seelig_cm / by_cre	TTGTTATAAGTCGGCGCCGCTTCCTATAGCCGCGTGATTTCGCGGAAGTCCCACCCAATAGGATATATCGTAATCGGCATCTATTAATGACGCGCCCCCCCCTTCCGCGTTGCGCGTATCTCTTACTGATAAGAAGAGGGCGGTT	51680.0	-995.417031024796	-995.420693134171	4	3	1	0.00732421875	0.9317989864216498	1998.834062049592	1996.841386268342	-1.99267578125	2034.2453666034178	2023.3998646837113	-10.845501919706521
seelig_cm / by_cre	TTGTTCACGAGGTCGCTGTACATGCCCTGGCATGTTTGCACACCTAAATGGGGACAAACACTTCTAAAAATCATAGCTCTGTACATGCGCAAAATTCCGATGGACTTTTGCCCTGTTGCCTAGGGACCCCGAGGTGAATTCACCA	51680.0	-611.9473892460019	-611.9517227420956	4	3	1	0.0086669921875	0.9258267534210538	1231.8947784920038	1229.9034454841913	-1.9913330078125	1267.3060830458296	1256.4619238995606	-10.844159146269021
seelig_cm / by_cre	TTTAAAACAAAAGAGAAAGTGAAAGCCATTAGGCAAGCTATGTGCTGGGCTGCTAACGTAGCCCCTGCAGGGAGGGGTCAGGAGCGCGCTGCAGTGAGCCTTGGGTCTCGCAGGCCCAGCCCTGCTGCAAGGAGCCAGGGCACCC	51680.0	-592.0597741618542	-592.0481164470104	4	3	1	-0.0233154296875	1.0	1192.1195483237084	1190.0962328940209	-2.0233154296875	1227.5308528775342	1216.6547113093902	-10.876141568144021
seelig_cm / by_cre	TTTAAGAGCCACCCTCTCAGCCTTAACCGGTGTTCTGCAGGCCTACGTCTAGCGCGAGCCTCGGAGACCCACAGATAGCCAGACGGTTGAACGACTGCCCGCTAATTTCACGTGGTGTGAGGCACTCGCGCTGTTTACTTAGGTT	51680.0	-582.9608189527027	-582.9620396558277	4	3	1	0.00244140625	0.9605920901150706	1173.9216379054053	1171.9240793116553	-1.99755859375	1209.3329424592312	1198.4825577270249	-10.850384732206294
seelig_cm / by_cre	TTTACAGGCATGCTGGGTAATGTTCAAACTTGCTGGGGAATGTGCAGGGGGGAGTTCAAAGTTTGTATTATGCATGCTGGCATGCTGGGGAAAGTACATTGGATTGTTTGTGCTGTGGAATGTTTGTACAAACATTCTGTTTGTT	51680.0	-4294.947993182726	-4294.935297870226	4	3	1	-0.025390625	1.0	8597.895986365453	8595.870595740453	-2.025390625	8633.307290919278	8622.429074155822	-10.878216763456294
seelig_cm / by_cre	TTTACTGATGTAACAACCTTGGTGTGCCGTGGCTAAGCCACACTCCACCCCTGACCTGCGGGGGATGAGTCAAACGGTCAGACTTGCCTGGGCTTGTTCCACGCTCCCCTGGCTAGACAGGCGTCTACACATTCTCAGTTAGGGG	51680.0	-9576.579302634022	-9576.557818259022	4	3	1	-0.04296875	1.0	19161.158605268043	19159.115636518043	-2.04296875	19196.56990982187	19185.674114933412	-10.895794888456294
seelig_cm / by_cre	TTTACTGCCCAGGTTACAGGATGAACATTGCAAAGGTGGACATGTACGGACATGCCCGGGTACATTACGTAACCGAAAGTCCAAAGACTCCGTTAGACTCCCGACTAAATGACTTTCGGCCGCAAAGGTTCCGGGGCAAACTCAC	51680.0	-7822.81826217637	-7822.78603561387	4	3	1	-0.064453125	1.0	15653.63652435274	15651.57207122774	-2.064453125	15689.047828906565	15678.130549643109	-10.917279263456294
seelig_cm / by_cre	TTTCCGATAAGTTATCTTATATGCTTAGAATCGCGCTTCGCGATAACGCGTTCCCGCGTCTTACTTATCAGTCGCGGAAGACGCCTTCCGCGTAACTTATCGCGCGTCTTATAAGTCTTCCGCGAATTCGCGGAAGTTACTTTCT	51680.0	-1597.1090122993492	-1597.1040074165367	4	3	1	-0.010009765625	1.0	3202.2180245986983	3200.2080148330733	-2.010009765625	3237.6293291525244	3226.7664932484427	-10.862835904081749
seelig_cm / by_cre	TTTCGCGATGTAACGGGTGGGCGCGCCCTCAAGAGACGCTTCCTTATATCCTTCTGCAGGATAAGATCCGCGATAAGACCTTATCCGAGTTGTTTAGTGTAGAATGAGTTGTTTTAGGAGCTGCGTTTCGCGGAAGTGGGAAACC	51680.0	-1887.331523979627	-1887.332744682752	4	3	1	0.00244140625	0.9605920901150706	3782.663047959254	3780.665489365504	-1.99755859375	3818.07435251308	3807.2239677808734	-10.850384732206749
seelig_cm / by_cre	TTTCGTGAAATCCCCTTACGATAAATAAGACACGGTTTCTTGCATCCTCACTCCGCCAAATAGCGCAGCGAAACGCGGAAGCGCGAGACGCTTTGAACACGGAGATAAGTTCCGCTTCCGTTTCGAGAAAGAAACATCTTATCTT	51680.0	-2380.669824646698	-2380.665918396698	4	3	1	-0.0078125	1.0	4769.339649293396	4767.331836793396	-2.0078125	4804.750953847222	4793.890315208766	-10.860638638456294
seelig_cm / by_cre	TTTGACCATGCACGTCCGTAATCGTAAAGTGATTGTGATCTACGCACAGGAGTCCGTAGGGTATAGTACAGAGAGCTATACAGCTCAGACAAACATTTCGGCCGTCATACTGTTTTACACAAACAACTCCGGGCATGTTTATTCA	51680.0	-1137.9217889246938	-1137.9173943934438	4	3	1	-0.0087890625	1.0	2283.8435778493877	2281.8347887868877	-2.0087890625	2319.2548824032137	2308.393267202257	-10.861615200956749
seelig_cm / by_cre	TTTGAGGAGCTGTTGAGAAAAGATCGTTTTTTAAGAAAGCCTTATCGTTCCTGTGCATGTGGGTGATGTCATCACACTCTGCCCCCTGGACGCAGATCCTCCATGCTGCCCCCAGTGGGAACACCAGCCTGTGCTCAGTGCTGCA	51680.0	-4579.597287927977	-4579.578489099852	4	3	1	-0.03759765625	1.0	9167.194575855954	9165.156978199704	-2.03759765625	9202.60588040978	9191.715456615073	-10.890423794706294
seelig_cm / by_cre	TTTGCCAGCAGGCTTAACCCCTTTTGTCCACGCTTCCCTCCTCAAGAAAACCTTAATCATCCTCATTTGAATTTCAAATGACCTCTCCCCCTCCCCACCCCAACAGGCTTTGAGGCAGGGATATGGAAATTCACCCTGCAGTATG	51680.0	-555.9569114055138	-555.96332009692	4	3	1	0.0128173828125	0.9098609911114077	1119.9138228110276	1117.92664019384	-1.9871826171875	1155.3251273648534	1144.4851186092096	-10.840008755643794
seelig_cm / by_cre	TTTGCGTAGGGCACTGGTCTCAGGTCATTGGACTAAGAGAGACAGGCCAAGATGACGTCATAATACAATATATGTATCCTTCAACCAAACCGACAGACCAGTGGACATGCCCGGGCATGTCCGCTGGGGGACTTTGACCTTTGTA	51680.0	-680.5783125913849	-680.5828902281037	4	3	1	0.0091552734375	0.9237721896287059	1369.1566251827699	1367.1657804562074	-1.9908447265625	1404.5679297365957	1393.7242588715767	-10.843670865019021
seelig_cm / by_cre	TTTGCTTACTGTGCAGTCGACGCAGGGCATGCCCGGACATGTCCAGTGGGCTCACTCTAAGGGAACATTCCGGGGCAAAGTCCGTTGTACAATGCTGTGACAATCACGTGGCCCGCTGTACAGTAGTAACCATCGACTGTGGCTC	51680.0	-5205.783380888169	-5205.777521513169	4	3	1	-0.01171875	1.0	10419.566761776337	10417.555043026337	-2.01171875	10454.978066330163	10444.113521441706	-10.864544888456294
seelig_cm / by_cre	TTTGTAGCCTCCGACTTACCGTAAAATGTGGGCAACAAACACTACCGGGCATGCCTGGGGAGTGCCCATTCTGAGACATGTTTGGTAACAACGCCCAGTTTGTTTAACCACAGAAACGCTCGCGAGTCCAAAATTGTCGACCTGA	51680.0	-650.0865183000391	-650.0796823625391	4	3	1	-0.013671875	1.0	1308.1730366000781	1306.1593647250781	-2.013671875	1343.584341153904	1332.7178431404477	-10.866498013456294
seelig_cm / by_cre	TTTGTGCAGAGTGAATTTGAGCTGCTGTGTTGGGAGCATGTCTGAGGTCAAAGGGCACAGTCCCACACCCGAAAGTTGCAAGGCCAAGGCTGTACTCATCAAGCTATGTATGGGGAACAACCCACTCTCCTGTATGACAGCTCTT	51680.0	-902.0293481165057	-902.0250756555682	4	3	1	-0.008544921875	1.0	1812.0586962330115	1810.0501513111365	-2.008544921875	1847.4700007868373	1836.608629726506	-10.861371060331294
seelig_cm / by_cre	TTTGTTGAGCTGCTTCTACCTTTTCCGGGAAGTTGCAGCGGGTTTCGCGAGATAAGGAAGTGACTTATCTCATCCTCATTGGGCGATGTCAGTTCAGAGTAGTAACGCGCCTCCCCCCCATATAAGGACGCGCCAATTCGCGGAT	51680.0	-12712.748875111147	-12712.650730579897	4	3	1	-0.1962890625	1.0	25433.497750222294	25431.301461159794	-2.1962890625	25468.90905477612	25457.859939575163	-11.049115200956294
seelig_cm / by_cre	TTTTAACTGTCACCAAGGGCTGGGATAGCAAATATTGCATCAACTCTGCAAGGTGTTTCCTGGGTTTTGTGGACAGGGGGGTCGGGGGAGGTGCAATCTCCATTCTTGTGAAGGCCAGATAAAGACTTCTGCTGCAAGCCACTAT	51680.0	-1742.3279772799597	-1742.3172350924597	4	3	1	-0.021484375	1.0	3492.6559545599193	3490.6344701849193	-2.021484375	3528.0672591137454	3517.1929486002887	-10.874310513456749
seelig_cm / by_cre	TTTTATTGGTTTATCGGCCTATTGGCTTATTGGCCTATGCGCCCTTTTTTTTATTGGCGTATCGGCCTATTGGCTTATCCGCGCCCCCTTTTATCCCCCCCCTTTTCTATTGGCGCTTCCCTTTTTGCCTTCCCGTTTTTATCTT	51680.0	-627.5766738382682	-627.5630019632682	4	3	1	-0.02734375	1.0	1263.1533476765364	1261.1260039265364	-2.02734375	1298.5646522303623	1287.684482341906	-10.880169888456294
seelig_cm / by_cre	TTTTTCTTACGCGGGTCATCACTCGTATGAAATGACTCACGCGACTTCTGATGAGTAATCACGCAATCGGTTCCGCGAAGTAAGATCTGCTATCGGACGCGGCGCTTCCTTCTTATATTGGGAAATCGCTTCATTAGTATGAGGC	51680.0	-1526.4560270654463	-1526.4624967920088	4	3	1	0.012939453125	0.9094346142963737	3060.9120541308926	3058.9249935840176	-1.987060546875	3096.3233586847186	3085.483471999387	-10.839886685331749
seelig_cm / by_cre	TTTTTGTTGGCGCGCGCGCCTGAAGCGGGACTGCCAGGTGGCGCGCGCGCCTGAAGGCGATTATGGCGCGCGCGCCTGACACGGGGTATTGTCCTGGAGTTATGCGGCTACAGGAATGGGACGGCGCCACTGCGGGGTTTGCCGG	41344.0	-187.05087565994802	-187.05868815994802	4	3	1	0.015625	0.9005235503397742	382.10175131989604	380.11737631989604	-1.984375	416.6204816684651	406.00642408132285	-10.61405758714227
seelig_cm / by_cre	TTTTTGTTTGACCCCTGTAATGTTTGTTCCCAGGGAACATGCCGGGGCACGTGACCTCTGTCCGGTAATGTTTGAACAAAGGTCACATGCCTGGGCATGTCCTTTGAACAAAGCGAACATTACATAAACGTTCACAGGTCACCTG	51680.0	-4055.7125793900977	-4055.6971985307227	4	3	1	-0.03076171875	1.0	8119.4251587801955	8117.3943970614455	-2.03076171875	8154.836463334022	8143.952875476815	-10.883587857206294
seelig_cm / by_cre	TTTTTGTTTGTACAAAGCTCTGTTTGACCCCTGCGGGCATGCCGGGGCACGTGACCTCTGTCCGGTAATGTTTGAACAAAGCGAACATTACATGAACCTCTGCTGCTCTCTCTGTTTGAACATTCAAAGCGAACATTACATAAAC	51680.0	-1241.0938542224048	-1241.1033757067798	4	3	1	0.01904296875	0.8902433705619641	2490.1877084448097	2488.2067514135597	-1.98095703125	2525.5990129986358	2514.765229828929	-10.833783169706749
seelig_cm / by_cre	TTTTTTGTTTTGTTCAATGTTGAACATTCTACCGGGATCATTGTTTACAGGTCTACATTACGTAGTCTGACATTTTTGGTTTTTTGTTTTTTTTGTTTTGTGCCGGCATGCCAGGGGTCATGTTCGGACATGTGACCGAGGTTTT	51680.0	-1501.6245067752068	-1501.6154735720818	4	3	1	-0.01806640625	1.0	3011.2490135504136	3009.2309471441636	-2.01806640625	3046.6603181042396	3035.789425559533	-10.870892544706749
seelig_cm / by_cre	reference	103360.0	-1083.9603422456062	-1083.9553373627937	4	3	1	-0.010009765625	1.0	2175.9206844912123	2173.9106747255873	-2.010009765625	2214.104577767278	2202.5485946826366	-11.555983084641412
seelig_cm / by_cell_type	K562	29760788.0	-1588580.9979151806	-1588493.3104151806	1346	1345	1	-175.375	1.0	3179853.9958303613	3179676.6208303613	-177.375	3200324.9090535757	3200132.32535133	-192.58370224572718
seelig_cm / by_cell_type	reference	38932268.0	-3122665.9915772695	-3122514.9915772695	1346	1345	1	-302.0	1.0	6248023.983154539	6247719.983154539	-304.0	6268856.474686642	6268536.997352665	-319.47733397688717
takeshi_obs / by_cre	10:57784083:A:G:R:wC	5183.0	-392.94314701315153	-392.94461185690153	4	3	1	0.0029296875	0.9568343093418353	793.8862940263031	791.8892237138031	-1.9970703125	820.0988512990618	811.5486416683722	-8.550209630689665
takeshi_obs / by_cre	4:108065576:T:C:R:wC	7511.0	-404.16373182382154	-404.1628162964778	4	3	1	-0.0018310546875	1.0	816.3274636476431	814.3256325929556	-2.0018310546875	844.0239592143871	835.0980042680136	-8.925954946373508
takeshi_obs / by_cre	chr10:126343931:C:T:A:wC	10330.0	-1114.6074355564153	-1114.6057876071966	5	4	1	-0.0032958984375	1.0	2239.2148711128307	2237.211575214393	-2.0032958984375	2275.428908923399	2266.182805462848	-9.246103460550785
takeshi_obs / by_cre	chr10:126343931:C:T:R:wC	7132.0	-862.2400869189933	-862.2376455127433	5	4	1	-0.0048828125	1.0	1734.4801738379865	1732.4752910254865	-2.0048828125	1768.8419087329016	1759.9646789414187	-8.877229791482932
takeshi_obs / by_cre	chr10:28791584:T:C:R:wC	83.0	-32.59605643388152	-32.597889395917655	3	2	1	0.003665924072265625	0.9517200834512719	71.19211286776304	69.19577879183531	-1.9963340759277344	78.44863469115283	74.0334600074285	-4.415174683724331
takeshi_obs / by_cre	chr10:73107786:A:G:A:wC	966.0	-396.50267812012385	-396.50368520020197	5	4	1	0.00201416015625	0.9642034401624989	803.0053562402477	801.0073704004039	-1.99798583984375	827.3711754113103	820.500025737254	-6.871149674056369
takeshi_obs / by_cre	chr10:73107786:A:G:R:wC	481.0	-113.53432835850116	-113.53487004551287	3	2	1	0.0010833740234375	0.9737426520681083	233.0686567170023	231.06974009102575	-1.9989166259765625	245.5962585273196	239.42147463123726	-6.174783896082346
takeshi_obs / by_cre	chr11:2323198:C:G:A:wC	256.0	-104.75434337169713	-104.7553123048026	3	2	1	0.0019378662109375	0.9648875036278854	215.50868674339426	213.5106246096052	-1.9980621337890625	226.14421907683294	220.60097949856433	-5.5432395782686115
takeshi_obs / by_cre	chr11:2323198:C:G:R:wC	542.0	-277.59330271750946	-277.59017466575165	5	4	1	-0.006256103515625	1.0	565.1866054350189	563.1803493315033	-2.006256103515625	586.6629354422172	580.3614133372619	-6.301522104955325
takeshi_obs / by_cre	chr11:59021782:G:T:A:wC	22046.0	-1837.134383629861	-1837.139754723611	5	4	1	0.0107421875	0.9174514523131444	3684.268767259722	3682.279509447222	-1.9892578125	3724.2731995523386	3714.2830552813152	-9.990144271023382
takeshi_obs / by_cre	chr11:59021782:G:T:R:wC	22374.0	-1500.0841489252953	-1500.0828061518578	5	4	1	-0.002685546875	1.0	3010.1682978505905	3008.1656123037155	-2.002685546875	3050.2465720976247	3040.2282317013432	-10.018340396281474
takeshi_obs / by_cre	chr11:707424:C:T:A:wC	667.0	-199.10018120637017	-199.0996776663311	4	3	1	-0.001007080078125	1.0	406.20036241274033	404.1993553326622	-2.001007080078125	424.2115225964028	417.70772547040906	-6.503797125993742
takeshi_obs / by_cre	chr11:707424:C:T:R:wC	902.0	-126.8472303955371	-126.84775682375975	5	4	1	0.0010528564453125	0.9741149839501374	263.6944607910742	261.69551364751953	-1.9989471435546875	287.7175333913873	280.91397172777	-6.803561663617302
takeshi_obs / by_cre	chr12:11962839:C:T:A:wC	10580.0	-2060.611577408211	-2060.6082815097734	5	4	1	-0.006591796875	1.0	4131.223154816422	4129.216563019547	-2.006591796875	4167.556758343483	4158.283445841196	-9.273312502286899
takeshi_obs / by_cre	chr12:11962839:C:T:R:wC	9558.0	-4480.150483730739	-4480.174897793239	5	4	1	0.048828125	0.82511511539695	8970.300967461479	8968.349795586479	-1.951171875	9006.126636357169	8997.010330703031	-9.11630565413725
takeshi_obs / by_cre	chr12:133094111:C:T:A:wC	8155.0	-4317.524914845927	-4317.584729299052	5	4	1	0.11962890625	0.7294373195924493	8645.049829691854	8643.169458598104	-1.88037109375	8680.08176226713	8671.195004658324	-8.886757608805055
takeshi_obs / by_cre	chr12:133094111:C:T:R:wC	7089.0	-2040.9359597772093	-2040.9603738397093	5	4	1	0.048828125	0.82511511539695	4091.8719195544186	4089.9207476794186	-1.951171875	4126.203417383694	4117.385945942839	-8.817471440855115
takeshi_obs / by_cre	chr12:740009:C:G:R:wC	29.0	-28.055173575113304	-28.060255228708275	3	2	1	0.010163307189941406	0.9196987249309496	62.11034715022661	60.12051045741655	-1.9898366928100586	66.21223464018603	62.8551021173895	-3.357132522796526
takeshi_obs / by_cre	chr12:89674799:T:C:A:wC	10589.0	-2151.3832201832583	-2151.3761401051333	5	4	1	-0.01416015625	1.0	4312.766440366517	4310.752280210267	-2.01416015625	4349.1042953936685	4339.8225642319885	-9.28173116168
takeshi_obs / by_cre	chr12:89674799:T:C:R:wC	11198.0	-2020.8469098989133	-2020.8452009145383	5	4	1	-0.00341796875	1.0	4051.6938197978266	4049.6904018290766	-2.00341796875	4088.311272147371	4078.984363708712	-9.326908438658847
takeshi_obs / by_cre	chr13:50432800:T:C:A:wC	13163.0	-938.4458574259024	-938.4447587930899	5	4	1	-0.002197265625	1.0	1886.8917148518049	1884.8895175861799	-2.002197265625	1924.317540563932	1914.8301781558814	-9.487362408050558
takeshi_obs / by_cre	chr13:50432800:T:C:R:wC	13306.0	-2161.238817118003	-2161.234178446128	5	4	1	-0.00927734375	1.0	4332.477634236006	4330.468356892256	-2.00927734375	4369.957485937515	4360.452238253464	-9.505247684051028
takeshi_obs / by_cre	chr13:74039935:C:G:A:wC	7491.0	-926.1867260273578	-926.1878856953266	5	4	1	0.0023193359375	0.9615891394642665	1862.3734520547157	1860.3757713906532	-1.9976806640625	1896.980739949455	1888.0616017064447	-8.919138243010366
takeshi_obs / by_cre	chr13:74039935:C:G:R:wC	9743.0	-2825.4001977836438	-2825.3894555961438	5	4	1	-0.021484375	1.0	5660.8003955672875	5658.7789111922875	-2.021484375	5696.7219173544145	5687.516128621989	-9.20578873242539
takeshi_obs / by_cre	chr14:69273905:T:C:A:wC	3846.0	-442.2886288487341	-442.29052093857786	4	3	1	0.0037841796875	0.9509485220322421	892.5772576974682	890.5810418771557	-1.9962158203125	917.5964134020631	909.3454086556019	-8.251004746461263
takeshi_obs / by_cre	chr14:69273905:T:C:R:wC	6999.0	-671.9135558540073	-671.9136779243198	5	4	1	0.000244140625	0.9875335610002206	1353.8271117080146	1351.8273558486396	-1.999755859375	1388.0947245114623	1379.2414460913978	-8.853278420064498
takeshi_obs / by_cre	chr14:69445057:G:C:A:wC	84.0	-31.5181913120374	-31.51903245278447	3	2	1	0.001682281494140625	0.9672834393953111	69.0363826240748	67.03806490556894	-1.9983177185058594	76.32883302060473	71.89969850325556	-4.429134517349169
takeshi_obs / by_cre	chr14:69445057:G:C:R:wC	421.0	-98.5009947457885	-98.50059801727288	4	3	1	-0.00079345703125	1.0	205.001989491577	203.00119603454576	-2.00079345703125	221.17252082630654	215.1290945355929	-6.043426290713626
takeshi_obs / by_cre	chr14:90367256:A:G:A:wC	8381.0	-906.8809141230349	-906.8784727167849	5	4	1	-0.0048828125	1.0	1823.7618282460699	1821.7569454335699	-2.0048828125	1858.9304408365645	1849.8918355059654	-9.038605330599012
takeshi_obs / by_cre	chr14:90367256:A:G:R:wC	7375.0	-460.91129523973143	-460.91034919480956	5	4	1	-0.00189208984375	1.0	931.8225904794629	929.8206983896191	-2.00189208984375	966.351846385503	957.4441031144512	-8.9077432710518
takeshi_obs / by_cre	chr15:40388492:T:A:A:wC	21966.0	-1894.7375122514075	-1894.73177494672	5	4	1	-0.011474609375	1.0	3799.475024502815	3797.46354989344	-2.011474609375	3839.461279914556	3829.452554222833	-10.008725691723157
takeshi_obs / by_cre	chr15:40388492:T:A:R:wC	25739.0	-2639.2395205053745	-2639.2470888647495	5	4	1	0.01513671875	0.90208225459827	5288.479041010749	5286.494177729499	-1.98486328125	5329.257854162532	5319.117228250925	-10.140625911606548
takeshi_obs / by_cre	chr15:96727317:T:A:A:wC	5155.0	-587.2949133490494	-587.2966223334244	5	4	1	0.00341796875	0.9533795178296435	1184.5898266980987	1182.5932446668487	-1.99658203125	1217.328438680354	1208.7841342526528	-8.544304427701263
takeshi_obs / by_cre	chr15:96727317:T:A:R:wC	3670.0	-988.9083200370134	-988.9151559745134	4	3	1	0.013671875	0.9069180657713063	1985.8166400740267	1983.8303119490267	-1.986328125	2010.648427838221	2002.4541527721726	-8.194275066048476
takeshi_obs / by_cre	chr16:11706100:G:A:A:wC	2049.0	-173.07953211519185	-173.07924219819967	5	4	1	-0.000579833984375	1.0	356.1590642303837	354.15848439639933	-2.000579833984375	384.2845999715782	376.6589129893549	-7.625686982223272
takeshi_obs / by_cre	chr16:11706100:G:A:R:wC	1381.0	-81.86539148988925	-81.86538386049472	4	3	1	-1.52587890625e-05	1.0	171.7307829797785	169.73076772098943	-2.0000152587890625	192.65303559341567	185.4224571812173	-7.230578412198355
takeshi_obs / by_cre	chr16:16060994:C:T:A:wC	10117.0	-1014.5575057946983	-1014.5529891931358	5	4	1	-0.009033203125	1.0	2039.1150115893965	2037.1059783862715	-2.009033203125	2075.224873870426	2065.993868211095	-9.231005659331004
takeshi_obs / by_cre	chr16:16060994:C:T:R:wC	12364.0	-1122.7563361257223	-1122.7525519460348	5	4	1	-0.007568359375	1.0	2255.5126722514447	2253.5051038920697	-2.007568359375	2292.6253937677047	2283.195281105078	-9.430112662626925
takeshi_obs / by_cre	chr16:29093432:A:G:A:wC	378.0	-119.87636609133638	-119.87767834719575	5	4	1	0.00262451171875	0.9591422558680536	249.75273218267276	247.7553566943915	-1.99737548828125	269.4272031607707	263.49493347686985	-5.93226968390087
takeshi_obs / by_cre	chr16:29093432:A:G:R:wC	171.0	-100.30649211783201	-100.3336375035742	4	3	1	0.054290771484375	0.8157584538860143	208.61298423566402	206.6672750071484	-1.945709228515625	221.17963846167464	216.09226567665638	-5.08737278501826
takeshi_obs / by_cre	chr16:85032954:A:T:A:wC	1897.0	-191.75976697315335	-191.76078931202053	4	3	1	0.002044677734375	0.9639334570087538	391.5195339463067	389.52157862404107	-1.997955322265625	413.71164982604677	406.1656655338461	-7.5459842922006715
takeshi_obs / by_cre	chr16:85032954:A:T:R:wC	1797.0	-468.63295248401886	-468.631029876597	4	3	1	-0.00384521484375	1.0	945.2659049680377	943.262059753194	-2.00384521484375	967.2414005151719	959.7436814135447	-7.49771910162724
takeshi_obs / by_cre	chr16:85450100:G:C:A:wC	80.0	-31.577467855158545	-31.579188283625342	3	2	1	0.00344085693359375	0.9532238612698574	69.15493571031709	67.15837656725068	-1.9965591430664062	76.30101561433874	71.92242983659844	-4.378585777740298
takeshi_obs / by_cre	chr16:85450100:G:C:R:wC	398.0	-135.91843872939387	-135.9176376429681	5	4	1	-0.0016021728515625	1.0	281.83687745878774	279.8352752859362	-2.0016021728515625	301.7691374852099	295.7810833070739	-5.988054178135997
takeshi_obs / by_cre	chr17:55453126:T:G:A:wC	10311.0	-854.608240249585	-854.6062260894288	5	4	1	-0.0040283203125	1.0	1719.21648049917	1717.2124521788576	-2.0040283203125	1755.42131332676	1746.1763184409294	-9.244994885830465
takeshi_obs / by_cre	chr17:55453126:T:G:R:wC	12415.0	-1328.3044947256756	-1328.3091333975506	5	4	1	0.00927734375	0.9232672462079756	2666.608989451351	2664.618266795101	-1.99072265625	2703.7422929410623	2694.32490958687	-9.417383354192225
takeshi_obs / by_cre	chr17:75338573:G:A:A:wC	22112.0	-3497.9074398502253	-3497.9032894596003	5	4	1	-0.00830078125	1.0	7005.814879700451	7003.806578919201	-2.00830078125	7045.834258333288	7035.82208182547	-10.012176507817458
takeshi_obs / by_cre	chr17:75338573:G:A:R:wC	23794.0	-2556.7059420136607	-2556.7127779511607	5	4	1	0.013671875	0.9069180657713063	5123.411884027321	5121.425555902321	-1.986328125	5163.797827662504	5153.734310810467	-10.063516852036628
takeshi_obs / by_cre	chr17:75370468:T:G:A:wC	166.0	-91.62678895313599	-91.63301453907349	3	2	1	0.012451171875	0.9111526093689312	189.25357790627197	187.26602907814697	-1.987548828125	198.5895412713416	193.49000465486006	-5.099536616481544
takeshi_obs / by_cre	chr17:75370468:T:G:R:wC	150.0	-33.183812137609145	-33.184233661657	3	2	1	0.000843048095703125	0.9768364446849057	72.36762427521829	70.368467323314	-1.9991569519042969	81.39953015750706	76.3897379115065	-5.009792246000558
takeshi_obs / by_cre	chr19:3459460:G:C:A:wC	145.0	-44.051815417127216	-44.052688982801044	3	2	1	0.00174713134765625	0.9666591711109928	94.10363083425443	92.10537796560209	-1.9982528686523438	103.03383206151615	98.05884545044324	-4.974986611072907
takeshi_obs / by_cre	chr19:3459460:G:C:R:wC	160.0	-33.64812373734059	-33.64852428055348	3	2	1	0.00080108642578125	0.9774201128847906	73.29624747468118	71.29704856110696	-1.9991989135742188	82.52176892038266	77.44739619157461	-5.074372728808044
takeshi_obs / by_cre	chr19:41732423:T:C:A:wC	201.0	-86.11859783412154	-86.11870464564498	3	2	1	0.000213623046875	0.9883386547967192	178.2371956682431	176.23740929128996	-1.999786376953125	188.1471103924203	182.84401910740812	-5.3030912850121865
takeshi_obs / by_cre	chr19:41732423:T:C:R:wC	273.0	-109.15675533686345	-109.1575716820783	3	2	1	0.0016326904296875	0.9677689970574774	224.3135106737269	222.3151433641566	-1.9983673095703125	235.1419260592818	229.53408695452652	-5.607839104755271
takeshi_obs / by_cre	chr19:46930147:A:G:A:wC	206.0	-116.91140729448828	-116.91152173540625	3	2	1	0.0002288818359375	0.9879293916456986	239.82281458897657	237.8230434708125	-1.9997711181640625	249.80644309534532	244.47879580839168	-5.327647286953635
takeshi_obs / by_cre	chr19:46930147:A:G:R:wC	190.0	-42.34955978393555	-42.34825134277344	3	2	1	-0.00261688232421875	1.0	90.6991195678711	88.69650268554688	-2.0026168823242188	100.44019178435255	95.19055082986785	-5.249640954484704
takeshi_obs / by_cre	chr19:50321981:G:C:A:wC	38.0	-17.9660477581105	-17.971162313469385	3	2	1	0.010229110717773438	0.9194400666599161	41.932095516221	39.94232462693877	-1.9897708892822266	46.84485399540016	43.21749694639154	-3.6273570490086158
takeshi_obs / by_cre	chr19:56005903:C:T:A:wC	402.0	-80.92371935503184	-80.9235896553248	4	3	1	-0.0002593994140625	1.0	169.84743871006367	167.8471793106496	-2.0002593994140625	185.83324706453976	179.83653557650666	-5.9967114880331
takeshi_obs / by_cre	chr19:56005903:C:T:R:wC	704.0	-195.5451404999199	-195.54578136906053	5	4	1	0.00128173828125	0.9714407385801977	401.0902809998398	399.09156273812107	-1.99871826171875	423.87417278063003	417.31867616275326	-6.55549661787677
takeshi_obs / by_cre	chr1:118155620:G:A:A:wC	15865.0	-1036.62910127361	-1036.634228226735	5	4	1	0.01025390625	0.9193428193266743	2083.25820254722	2081.26845645347	-1.98974609375	2121.617556067307	2111.9559392695396	-9.661616797767238
takeshi_obs / by_cre	chr1:118155620:G:A:R:wC	16663.0	-4335.900355578	-4335.885462999875	5	4	1	-0.02978515625	1.0	8681.800711156	8679.77092599975	-2.02978515625	8720.405441013692	8710.654709885905	-9.75073112778773
takeshi_obs / by_cre	chr1:150510660:C:T:A:wC	12010.0	-2301.6812502135735	-2301.6802736510735	5	4	1	-0.001953125	1.0	4613.362500427147	4611.360547302147	-2.001953125	4650.329975002517	4640.934526962443	-9.39544804007437
takeshi_obs / by_cre	chr1:150510660:C:T:R:wC	8129.0	-1380.531014775897	-1380.5321134087094	5	4	1	0.002197265625	0.9626128532955229	2771.062029551794	2769.064226817419	-1.997802734375	2806.0779955205267	2797.076999592405	-9.000995928121483
takeshi_obs / by_cre	chr1:154400320:A:G:A:wC	3240.0	-380.35633420848995	-380.35486936473995	5	4	1	-0.0029296875	1.0	770.7126684169799	768.7097387294799	-2.0029296875	801.1293114609118	793.0430531646255	-8.08625829628636
takeshi_obs / by_cre	chr1:154400320:A:G:R:wC	3469.0	-510.7342736462355	-510.7322900036574	5	4	1	-0.00396728515625	1.0	1031.4685472924712	1029.464580007315	-2.00396728515625	1062.2266555273197	1054.0710665951938	-8.155588932125966
takeshi_obs / by_cre	chr1:16127480:G:C:A:wC	563.0	-84.99798767435755	-84.99868957865442	4	3	1	0.00140380859375	0.9701123059878196	177.9959753487151	175.99737915730884	-1.99859619140625	195.32909386127386	188.9972180417279	-6.331875819545957
takeshi_obs / by_cre	chr1:16127480:G:C:R:wC	596.0	-89.83161583795436	-89.8312343682278	4	3	1	-0.000762939453125	1.0	187.66323167590872	185.6624687364556	-2.000762939453125	205.22419434417012	198.83319073765165	-6.391003606518467
takeshi_obs / by_cre	chr1:1646992:G:A:A:wC	13493.0	-1986.948777339725	-1986.9407206991	5	4	1	-0.01611328125	1.0	3983.89755467945	3981.8814413982	-2.01611328125	4021.447186236604	4011.9211466439233	-9.526039592680718
takeshi_obs / by_cre	chr1:1646992:G:A:R:wC	10858.0	-2082.8247559525303	-2082.8107178665928	5	4	1	-0.028076171875	1.0	4175.6495119050605	4173.6214357331855	-2.028076171875	4212.112798977388	4202.792065391047	-9.320733586340793
takeshi_obs / by_cre	chr1:226538054:C:A:A:wC	17715.0	-1458.4849923193242	-1458.4871895849492	5	4	1	0.00439453125	0.9471459408435563	2926.9699846386484	2924.9743791698984	-1.99560546875	2965.8808197251465	2956.1030472390967	-9.777772486049798
takeshi_obs / by_cre	chr1:226538054:C:A:R:wC	14530.0	-1151.3563017020651	-1151.3543485770651	5	4	1	-0.00390625	1.0	2312.7126034041303	2310.7086971541303	-2.00390625	2350.632457186952	2341.0445801803876	-9.587877006564213
takeshi_obs / by_cre	chr1:2563250:G:T:A:wC	1567.0	-379.16707484450325	-379.1635042878626	4	3	1	-0.00714111328125	1.0	766.3341496890065	764.3270085757252	-2.00714111328125	787.7618226584306	780.3977633027934	-7.36405935563721
takeshi_obs / by_cre	chr1:2563250:G:T:R:wC	1446.0	-201.35227964991827	-201.3528747426917	4	3	1	0.001190185546875	0.9724791872228183	410.70455929983655	408.7057494853834	-1.998809814453125	431.8107849107114	424.53541869353955	-7.275366217171836
takeshi_obs / by_cre	chr1:7727854:T:C:A:wC	382.0	-60.3713040294728	-60.371494764336084	5	4	1	0.0003814697265625	0.9844173078989997	130.74260805894562	128.74298952867218	-1.9996185302734375	150.46971110197848	144.52467196309846	-5.94503913888002
takeshi_obs / by_cre	chr1:8484823:A:G:A:wC	2960.0	-504.4602440064371	-504.4608543579996	5	4	1	0.001220703125	0.9721287312245898	1018.9204880128742	1016.9217087159992	-1.998779296875	1048.8852107494647	1040.8934869052716	-7.991723844193075
takeshi_obs / by_cre	chr1:8484823:A:G:R:wC	3185.0	-163.28845447581324	-163.28836292307886	5	4	1	-0.00018310546875	1.0	336.5769089516265	334.57672584615773	-2.00018310546875	366.9079467916578	358.8415561181828	-8.066390673475041
takeshi_obs / by_cre	chr20:1901059:T:C:A:wC	11703.0	-3100.0489690916797	-3100.0416448729297	5	4	1	-0.0146484375	1.0	6210.0979381833595	6208.0832897458595	-2.0146484375	6246.935940674233	6237.553691738559	-9.382248935674397
takeshi_obs / by_cre	chr20:1901059:T:C:R:wC	11991.0	-4600.86794898317	-4600.832548592545	5	4	1	-0.07080078125	1.0	9211.73589796634	9209.66509718509	-2.07080078125	9248.695456203237	9239.232743774608	-9.462712428628947
takeshi_obs / by_cre	chr20:33866029:C:T:A:wC	99.0	-49.24314925309539	-49.24458739396453	4	3	1	0.00287628173828125	0.9572291756136861	106.48629850619078	104.48917478792906	-1.9971237182617188	116.86677790672914	112.27453433833283	-4.592243568396313
takeshi_obs / by_cre	chr20:33866029:C:T:R:wC	153.0	-64.63601007160001	-64.64315499957853	5	4	1	0.01428985595703125	0.9048474048190605	139.27202014320002	137.28630999915706	-1.9857101440429688	154.4242097501622	149.4080616847268	-5.016148065435402
takeshi_obs / by_cre	chr22:46365137:G:A:A:wC	432.0	-173.1477746506585	-173.14632506569757	5	4	1	-0.002899169921875	1.0	356.295549301317	354.29265013139513	-2.002899169921875	376.63767724253756	370.5663524843716	-6.071324758165986
takeshi_obs / by_cre	chr22:46365137:G:A:R:wC	519.0	-485.6842053208852	-485.6813671861196	5	4	1	-0.00567626953125	1.0	981.3684106417704	979.3627343722392	-2.00567626953125	1002.6279300575999	996.3703499049027	-6.257580152697187
takeshi_obs / by_cre	chr22:50684296:T:C:A:wC	222.0	-58.909762784604986	-58.91061346209522	3	2	1	0.00170135498046875	0.967098598675796	123.81952556920997	121.82122692419044	-1.9982986450195312	134.0275577148268	128.626581687935	-5.400976026891811
takeshi_obs / by_cre	chr22:50684296:T:C:R:wC	182.0	-40.128976261990715	-40.12913457192724	3	2	1	0.000316619873046875	0.9858033384290242	86.25795252398143	84.25826914385448	-1.9996833801269531	95.86997258521181	90.66628251800807	-5.203690067203738
takeshi_obs / by_cre	chr22:50772554:T:G:A:wC	1553.0	-559.3512467443506	-559.3509415685694	5	4	1	-0.0006103515625	1.0	1128.7024934887013	1126.7018831371388	-2.0006103515625	1155.4422126044446	1148.0936584297335	-7.348554174711126
takeshi_obs / by_cre	chr22:50772554:T:G:R:wC	2721.0	-580.2034772240601	-580.2029279076538	5	4	1	-0.0010986328125	1.0	1170.4069544481201	1168.4058558153076	-2.0010986328125	1199.9507281420363	1192.0408747704407	-7.9098533715955455
takeshi_obs / by_cre	chr2:233520254:A:T:A:wC	25471.0	-3143.7527317836425	-3143.7476048305175	5	4	1	-0.01025390625	1.0	6297.505463567285	6295.495209661035	-2.01025390625	6338.231942712682	6328.076392977353	-10.15554973532926
takeshi_obs / by_cre	chr2:233520254:A:T:R:wC	26415.0	-2219.887960865646	-2219.8861298109587	5	4	1	-0.003662109375	1.0	4449.775921731292	4447.772259621917	-2.003662109375	4490.684358279284	4480.499008860311	-10.185349418973601
takeshi_obs / by_cre	chr2:3633273:G:C:A:wC	64.0	-29.050018288808133	-29.04937169762161	3	2	1	-0.001293182373046875	1.0	64.10003657761627	62.09874339524322	-2.001293182373047	70.57668582769529	66.41650956196256	-4.16017626573273
takeshi_obs / by_cre	chr2:3633273:G:C:R:wC	98.0	-19.271892068865608	-19.272080896380256	3	2	1	0.000377655029296875	0.9844954072661516	44.543784137731215	42.54416179276051	-1.9996223449707031	52.298686573742934	47.71409675010166	-4.584589823641274
takeshi_obs / by_cre	chr2:42355947:C:A:A:wC	17761.0	-3531.890324519971	-3531.894474910596	5	4	1	0.00830078125	0.9274062806955211	7073.780649039942	7071.788949821192	-1.99169921875	7112.704450646278	7102.927991106261	-9.776459540016731
takeshi_obs / by_cre	chr2:42355947:C:A:R:wC	18285.0	-2805.4209466849807	-2805.4102044974807	5	4	1	-0.021484375	1.0	5620.841893369961	5618.820408994961	-2.021484375	5659.911075022878	5650.075754317295	-9.835320705583399
takeshi_obs / by_cre	chr3:128311067:C:G:A:wC	5144.0	-547.6706971594559	-547.6700562903153	5	4	1	-0.00128173828125	1.0	1105.3413943189119	1103.3401125806306	-2.00128173828125	1138.0693256484992	1129.5224576443004	-8.546868004198814
takeshi_obs / by_cre	chr3:128311067:C:G:R:wC	4464.0	-1154.0031675913642	-1153.990655384333	5	4	1	-0.0250244140625	1.0	2318.0063351827284	2315.981310768666	-2.0250244140625	2350.025337703034	2341.5965127849104	-8.42882491812361
takeshi_obs / by_cre	chr3:156852592:C:G:A:wC	703.0	-117.15925451586251	-117.16018530199533	3	2	1	0.001861572265625	0.9655851973752195	240.31850903172503	238.32037060399065	-1.998138427734375	253.98457970715702	247.43108438761197	-6.55349531954505
takeshi_obs / by_cre	chr3:156852592:C:G:R:wC	525.0	-231.72329206027027	-231.72240705050464	3	2	1	-0.00177001953125	1.0	469.44658412054054	467.4448141010093	-2.00177001953125	482.2367789083154	475.97161062619256	-6.265168282122829
takeshi_obs / by_cre	chr3:192611033:G:C:A:wC	21394.0	-2765.8798009679626	-2765.8607579992126	5	4	1	-0.0380859375	1.0	5541.759601935925	5539.721515998425	-2.0380859375	5581.613930875255	5571.60497914989	-10.008951725365478
takeshi_obs / by_cre	chr3:192611033:G:C:R:wC	18318.0	-3620.679834231114	-3620.649560793614	5	4	1	-0.060546875	1.0	7251.359668462228	7249.299121587228	-2.060546875	7290.437865772043	7280.56167943508	-9.876186336962746
takeshi_obs / by_cre	chr3:48632756:A:C:A:wC	528.0	-179.97204301485368	-179.97100541719743	4	3	1	-0.0020751953125	1.0	367.94408602970736	365.94201083439486	-2.0020751953125	385.0204711645324	378.7492996855136	-6.27117147901879
takeshi_obs / by_cre	chr3:48632756:A:C:R:wC	424.0	-102.61599527484151	-102.6164072621462	5	4	1	0.000823974609375	0.977099902147593	215.23199054968302	213.2328145242924	-1.999176025390625	235.4806578258428	229.43174834522023	-6.048909480622569
takeshi_obs / by_cre	chr3:53915858:C:G:A:wC	70.0	-28.01359319496424	-28.014197824480842	3	2	1	0.001209259033203125	0.9722596325417397	62.02718638992848	60.028395648961684	-1.9987907409667969	68.77267211607656	64.52538613306041	-4.247285983016155
takeshi_obs / by_cre	chr3:53915858:C:G:R:wC	128.0	-41.74001509719303	-41.73979003005436	4	3	1	-0.00045013427734375	1.0	91.48003019438606	89.47958006010872	-2.0004501342773438	102.88815125006452	98.03567085186756	-4.85248039819696
takeshi_obs / by_cre	chr3:56859614:T:C:A:wC	11459.0	-1239.0251903597343	-1239.0267772737968	5	4	1	0.003173828125	0.9550735520619895	2488.0503807194686	2486.0535545475936	-1.996826171875	2524.7830343516007	2515.4396774532993	-9.343356898301408
takeshi_obs / by_cre	chr3:56859614:T:C:R:wC	15876.0	-1455.138047999661	-1455.1288927262235	5	4	1	-0.018310546875	1.0	2920.276095999322	2918.257785452447	-2.018310546875	2958.638915068837	2948.9480407080587	-9.690874360778253
takeshi_obs / by_cre	chr4:145026126:C:T:A:wC	12414.0	-739.6326483418524	-739.6348456074774	5	4	1	0.00439453125	0.9471459408435563	1489.2652966837047	1487.2696912149547	-1.99560546875	1526.3981974185726	1516.9760118028491	-9.422185615723492
takeshi_obs / by_cre	chr4:145026126:C:T:R:wC	12693.0	-1229.8738242403815	-1229.8726035372565	5	4	1	-0.00244140625	1.0	2469.747648480763	2467.745207074513	-2.00244140625	2506.9916781777038	2497.540430832066	-9.451247345637967
takeshi_obs / by_cre	chr4:154926240:T:A:A:wC	18985.0	-1398.488550084636	-1398.4835452018235	5	4	1	-0.010009765625	1.0	2806.977100169272	2804.967090403647	-2.010009765625	2846.2341225326018	2836.3727082943105	-9.861414238291218
takeshi_obs / by_cre	chr4:154926240:T:A:R:wC	19851.0	-2527.694243239228	-2527.689116286103	5	4	1	-0.01025390625	1.0	5065.388486478456	5063.378232572206	-2.01025390625	5104.868534791856	5094.962271222927	-9.906263568929717
takeshi_obs / by_cre	chr4:6697673:T:C:A:wC	23220.0	-5613.41843603872	-5613.44529150747	5	4	1	0.0537109375	0.816727376075414	11236.83687207744	11234.89058301494	-1.9462890625	11277.100718353699	11267.101660035947	-9.999058317751405
takeshi_obs / by_cre	chr4:6697673:T:C:R:wC	23925.0	-3372.7920103639563	-3372.7744322389563	5	4	1	-0.03515625	1.0	6755.5840207279125	6753.5488644779125	-2.03515625	6795.997416809519	6785.879581343197	-10.117835466321594
takeshi_obs / by_cre	chr4:86719165:T:C:A:wC	11968.0	-1219.7899771243235	-1219.7921743899485	5	4	1	0.00439453125	0.9471459408435563	2449.579954248647	2447.584348779897	-1.99560546875	2486.5299127497183	2477.144315580754	-9.385597168964068
takeshi_obs / by_cre	chr4:86719165:T:C:R:wC	12775.0	-812.6912114068658	-812.6906620904596	5	4	1	-0.0010986328125	1.0	1635.3824228137316	1633.3813241809191	-2.0010986328125	1672.658649889091	1663.2023058412067	-9.456344047884386
takeshi_obs / by_cre	chr5:139076604:T:C:A:wC	39.0	-10.698221206665039	-10.697296142578125	3	2	1	-0.001850128173828125	1.0	27.396442413330078	25.39459228515625	-2.001850128173828	32.387127351719016	28.721715577415544	-3.6654117743034718
takeshi_obs / by_cre	chr5:139076604:T:C:R:wC	61.0	-54.90594713906955	-54.92100184182834	3	2	1	0.030109405517578125	0.8622422214107281	115.8118942781391	113.84200368365669	-1.9698905944824219	122.14451587065903	118.06375141200331	-4.080764458655722
takeshi_obs / by_cre	chr6:109625879:G:A:A:wC	8665.0	-1329.3146832121452	-1329.308030380114	5	4	1	-0.0133056640625	1.0	2668.6293664242903	2666.616060760228	-2.0133056640625	2703.964602435039	2694.884249568827	-9.080352866212252
takeshi_obs / by_cre	chr6:109625879:G:A:R:wC	6542.0	-710.1813980918168	-710.1818863730668	4	3	1	0.0009765625	0.9750701651312458	1428.3627961836337	1426.3637727461337	-1.9990234375	1455.506789016027	1446.7217673704288	-8.785021645598135
takeshi_obs / by_cre	chr6:16414553:G:A:A:wC	22519.0	-4019.6128558284254	-4019.5979632503004	5	4	1	-0.02978515625	1.0	8049.225711656851	8047.195926500601	-2.02978515625	8089.336285038323	8079.284385205779	-10.051899832544223
takeshi_obs / by_cre	chr6:16414553:G:A:R:wC	24213.0	-4028.8096412567984	-4028.8003639130484	5	4	1	-0.0185546875	1.0	8067.619282513597	8065.600727826097	-2.0185546875	8108.09250730356	8097.979307658066	-10.113199645493296
takeshi_obs / by_cre	chr6:42284470:T:A:A:wC	8181.0	-1706.2166626287153	-1706.2127563787153	5	4	1	-0.0078125	1.0	3422.4333252574306	3420.4255127574306	-2.0078125	3457.481173614999	3448.463791443485	-9.017382171513873
takeshi_obs / by_cre	chr6:42284470:T:A:R:wC	7798.0	-1310.485748615514	-1310.486969318639	5	4	1	0.00244140625	0.9605920901150706	2630.971497231028	2628.973938637278	-1.99755859375	2665.779610078741	2656.8204289154482	-8.95918116329267
takeshi_obs / by_cre	chr6:44538139:G:A:A:wC	23149.0	-2641.2417570949524	-2641.2412688137024	5	4	1	-0.0009765625	1.0	5292.483514189905	5290.482537627405	-2.0009765625	5332.73204850009	5322.681365075553	-10.050683424537056
takeshi_obs / by_cre	chr6:44538139:G:A:R:wC	22724.0	-2529.6625551381057	-2529.6547426381057	5	4	1	-0.015625	1.0	5069.3251102762115	5067.3094852762115	-2.015625	5109.480994844596	5099.434192930919	-10.046801913676973
takeshi_obs / by_cre	chr6:52627050:C:G:A:wC	10437.0	-639.1815864161387	-639.1839667872324	5	4	1	0.0047607421875	0.9449911065900793	1288.3631728322773	1286.3679335744648	-1.9952392578125	1324.6287351513777	1315.380383429745	-9.248351721632616
takeshi_obs / by_cre	chr6:52627050:C:G:R:wC	10848.0	-842.5742736709019	-842.5709167373082	5	4	1	-0.0067138671875	1.0	1695.1485473418038	1693.1418334746163	-2.0067138671875	1731.6072273927048	1722.308777515337	-9.29844987736783
takeshi_obs / by_cre	chr6:7143859:C:A:A:wC	18785.0	-1488.1042716431746	-1488.0991446900496	5	4	1	-0.01025390625	1.0	2986.208543286349	2984.198289380099	-2.01025390625	3025.4126130763893	3015.5615452121315	-9.851067864257857
takeshi_obs / by_cre	chr6:7143859:C:A:R:wC	19477.0	-2190.5529630559067	-2190.5493009465317	5	4	1	-0.00732421875	1.0	4391.1059261118135	4389.0986018930635	-2.00732421875	4430.490873917963	4420.606560137983	-9.884313779979493
takeshi_obs / by_cre	chr7:100472380:C:T:A:wC	877.0	-182.95436163063863	-182.9543311130605	5	4	1	-6.103515625e-05	1.0	375.90872326127726	373.908662226121	-2.00006103515625	399.7912582231382	393.0146901956097	-6.776568027528469
takeshi_obs / by_cre	chr7:100472380:C:T:R:wC	1229.0	-138.43540517962452	-138.43589346087452	5	4	1	0.0009765625	0.9750701651312458	286.87081035924905	284.87178692174905	-1.9990234375	312.44059090707924	305.3276113600132	-7.112979547066061
takeshi_obs / by_cre	chr7:101372904:G:A:A:wC	869.0	-153.38550510295414	-153.3855661381104	5	4	1	0.0001220703125	0.9911847171048208	316.7710102059083	314.7711322762208	-1.9998779296875	340.60772583223525	333.8405047772824	-6.76722105495287
takeshi_obs / by_cre	chr7:101372904:G:A:R:wC	271.0	-67.04348222435715	-67.0432991188884	4	3	1	-0.0003662109375	1.0	142.0869644487143	140.0865982377768	-2.0003662109375	156.4954397322331	150.89295470041588	-5.602485031817224
takeshi_obs / by_cre	chr7:139875230:C:T:A:wC	3526.0	-703.1176589018319	-703.1156447416756	5	4	1	-0.0040283203125	1.0	1416.2353178036637	1414.2312894833512	-2.0040283203125	1447.0749146184528	1438.9029669351826	-8.171947683270218
takeshi_obs / by_cre	chr7:139875230:C:T:R:wC	3230.0	-487.0170057595758	-487.0160597146539	5	4	1	-0.00189208984375	1.0	984.0340115191516	982.0321194293078	-2.00189208984375	1014.4351986002351	1006.3530690941747	-8.082129506060483
takeshi_obs / by_cre	chr7:17162882:A:G:A:wC	7799.0	-2374.4186221849955	-2374.421918083433	5	4	1	0.006591796875	0.9352909462606908	4758.837244369991	4756.843836166866	-1.993408203125	4793.645998366644	4784.690839364188	-8.95515900245573
takeshi_obs / by_cre	chr7:17162882:A:G:R:wC	6838.0	-705.9565793276126	-705.9563962221439	5	4	1	-0.0003662109375	1.0	1421.9131586552253	1419.9127924442878	-2.0003662109375	1456.0644115062216	1447.2337947250849	-8.830616781136769
takeshi_obs / by_cre	chr7:29294975:A:T:A:wC	1299.0	-212.4790482408427	-212.4776291734599	4	3	1	-0.002838134765625	1.0	432.9580964816854	430.9552583469198	-2.002838134765625	453.6354965483678	446.46330839693155	-7.1721881514362735
takeshi_obs / by_cre	chr7:29294975:A:T:R:wC	2040.0	-434.8579420709901	-434.85449358466195	5	4	1	-0.00689697265625	1.0	879.7158841419802	877.7089871693239	-2.00689697265625	907.8194095761714	900.1918075166769	-7.627602059494507
takeshi_obs / by_cre	chr7:73454409:T:G:A:wC	2577.0	-337.32839414529843	-337.3291876023297	5	4	1	0.0015869140625	0.9682238034372395	684.6567882905969	682.6583752046594	-1.9984130859375	713.9286943438586	706.0759000472689	-7.852794296589764
takeshi_obs / by_cre	chr7:73454409:T:G:R:wC	2813.0	-849.5060994288726	-849.5050618312164	5	4	1	-0.0020751953125	1.0	1709.0121988577453	1707.0101236624328	-2.0020751953125	1738.7222329001945	1730.7781508963922	-7.94408200380235
takeshi_obs / by_cre	chr7:95070487:A:G:A:wC	12270.0	-911.6981705867815	-911.6989030086565	5	4	1	0.00146484375	0.9694697968508501	1833.396341173563	1831.397806017313	-1.99853515625	1870.4709038620879	1861.0574561681328	-9.41344769395505
takeshi_obs / by_cre	chr7:95070487:A:G:R:wC	11034.0	-3504.2503331828684	-3504.2574132609934	5	4	1	0.01416015625	0.9052781645017932	7018.500666365737	7016.514826521987	-1.98583984375	7055.044349834899	7045.749773297316	-9.294576537582543
takeshi_obs / by_cre	chr8:134332960:C:T:A:wC	10334.0	-1419.4778536208612	-1419.4722383864862	5	4	1	-0.01123046875	1.0	2848.9557072417224	2846.9444767729724	-2.01123046875	2885.171680785958	2875.917255608361	-9.254425177597113
takeshi_obs / by_cre	chr8:134332960:C:T:R:wC	11393.0	-986.291280322693	-986.2879844242555	5	4	1	-0.006591796875	1.0	1982.582560645386	1980.575968848511	-2.006591796875	2019.2863326988765	2009.9389864913035	-9.347346207573082
takeshi_obs / by_cre	chr8:142231945:C:G:A:wC	976.0	-470.8910256082622	-470.8893776590435	5	4	1	-0.0032958984375	1.0	951.7820512165245	949.778755318087	-2.0032958984375	976.1993641485899	969.3126056637393	-6.8867584848505885
takeshi_obs / by_cre	chr8:142231945:C:G:R:wC	677.0	-249.42410333256066	-249.4263311157638	4	3	1	0.00445556640625	0.9467807055015293	506.8482066651213	504.8526622315276	-1.99554443359375	524.9188917567704	518.4056760502644	-6.513215706506003
takeshi_obs / by_cre	chr8:42334511:G:C:A:wC	6593.0	-793.0111314971929	-793.0085680206304	5	4	1	-0.005126953125	1.0	1596.0222629943858	1594.0171360412608	-2.005126953125	1629.9910817899522	1621.192191077714	-8.79889071223829
takeshi_obs / by_cre	chr8:42334511:G:C:R:wC	5751.0	-1635.9884767803744	-1635.9923830303744	5	4	1	0.0078125	0.9295680222776129	3281.976953560749	3279.984766060749	-1.9921875	3315.262598719318	3306.613282187604	-8.649316531713794
takeshi_obs / by_cre	chr8:8871710:C:T:A:wC	37460.0	-2026.0742816805762	-2026.0766010165137	5	4	1	0.004638671875	0.9456998244647828	4062.1485633611524	4060.1532020330274	-1.995361328125	4104.803708241143	4094.2773179370197	-10.526390304123197
takeshi_obs / by_cre	chr8:8871710:C:T:R:wC	37005.0	-4019.0822862222853	-4019.0774034097853	5	4	1	-0.009765625	1.0	8048.164572444571	8046.154806819571	-2.009765625	8090.7586140327285	8080.230040090097	-10.528573942631738
takeshi_obs / by_cre	chr9:131622868:G:A:A:wC	9952.0	-3221.738253551012	-3221.712862926012	5	4	1	-0.05078125	1.0	6453.476507102024	6451.425725852024	-2.05078125	6489.504151176919	6480.24784111194	-9.256310064978607
takeshi_obs / by_cre	chr9:131622868:G:A:R:wC	10490.0	-2744.341329710692	-2744.331319945067	5	4	1	-0.02001953125	1.0	5498.682659421384	5496.662639890134	-2.02001953125	5534.973547928336	5525.695350695696	-9.278197232640196
takeshi_obs / by_cre	chr9:96720847:C:T:A:wC	116.0	-69.11982246135095	-69.14765449260095	3	2	1	0.0556640625	0.8134851836168391	144.2396449227019	142.2953089852019	-1.9443359375	152.500415496021	147.80248936741464	-4.697926128606355
takeshi_obs / by_cre	reference	225644.0	-12908.435862414119	-12908.426096789119	5	4	1	-0.01953125	1.0	25826.871724828237	25824.852193578237	-2.01953125	25878.505293903487	25866.15904883844	-12.346245065047697
takeshi_obs / by_cell_type	K562	511382.0	-42381.609204651206	-42381.511548401206	125	124	1	-0.1953125	1.0	85013.21840930241	85011.02309680241	-2.1953125	86406.32742726775	86392.98724262403	-13.340184643719113
takeshi_obs / by_cell_type	SKNSH	339065.0	-19186.048846588936	-19185.953143463936	112	111	1	-0.19140625	1.0	38596.09769317787	38593.90628692787	-2.19140625	39798.29976931819	39785.3744159598	-12.925353358390566
takeshi_obs / by_cell_type	reference	570167.0	-125780.09975387462	-125779.51381637462	153	152	1	-1.171875	1.0	251866.19950774923	251863.02763274923	-3.171875	253588.0132483907	253573.58768881133	-14.425559579365654
takeshi_cm / by_cre	10:57784083:A:G:R:wC	1328288.0	-728.5681164955733	-728.5600598549483	5	4	1	-0.01611328125	1.0	1467.1362329911467	1465.1201197098967	-2.01611328125	1527.633240256027	1513.517725521801	-14.115514734226053
takeshi_cm / by_cre	4:108065576:T:C:R:wC	1804972.0	-712.950963269134	-712.620396862884	5	4	1	-0.6611328125	1.0	1435.901926538268	1433.240793725768	-2.6611328125	1497.9322047240853	1482.8650162744218	-15.06718844966349
takeshi_cm / by_cre	chr10:126343931:C:T:A:wC	1917448.0	-2083.4533828220406	-2083.033583017353	5	4	1	-0.839599609375	1.0	4176.906765644081	4174.067166034706	-2.839599609375	4239.23929411014	4223.933188807553	-15.30610530258673
takeshi_cm / by_cre	chr10:126343931:C:T:R:wC	1510392.0	-1645.7443593799308	-1645.3914541064933	5	4	1	-0.705810546875	1.0	3301.4887187598615	3298.7829082129865	-2.705810546875	3362.6281176486073	3347.6944273239833	-14.933690324623967
takeshi_cm / by_cre	chr10:28791584:T:C:R:wC	37492.0	-68.37590071793915	-68.3631443702829	5	4	1	-0.0255126953125	1.0	146.7518014358783	144.7262887405658	-2.0255126953125	189.41121571521018	178.8538201640313	-10.557395551178871
takeshi_cm / by_cre	chr10:73107786:A:G:A:wC	187460.0	-864.8903734326238	-864.9279100537176	5	4	1	0.0750732421875	0.7840884891189676	1739.7807468652477	1737.8558201074352	-1.9249267578125	1790.48735070675	1778.4211031806371	-12.066247526112875
takeshi_cm / by_cre	chr10:73107786:A:G:R:wC	246376.0	-226.53550328525898	-226.57186497959492	5	4	1	0.072723388671875	0.7874120313138103	463.07100657051797	461.14372995918984	-1.927276611328125	515.1440770870188	502.80218637239045	-12.341890714628335
takeshi_cm / by_cre	chr11:2323198:C:G:A:wC	128544.0	-222.9625876954276	-222.99624858409948	5	4	1	0.06732177734375	0.7952769426879638	455.9251753908552	453.99249716819895	-1.93267822265625	504.74530807665025	493.048603316835	-11.696704759815248
takeshi_cm / by_cre	chr11:2323198:C:G:R:wC	91052.0	-617.6107892897751	-617.6156721022751	5	4	1	0.009765625	0.9212802540736247	1245.2215785795502	1243.2313442045502	-1.990234375	1292.3175088338867	1280.9080884080192	-11.409420425867438
takeshi_cm / by_cre	chr11:59021782:G:T:A:wC	4649008.0	-3475.663192223611	-3474.686141442361	5	4	1	-1.9541015625	1.0	6961.326384447222	6957.372282884722	-3.9541015625	7028.087206554579	7010.7809405706075	-17.30626598397157
takeshi_cm / by_cre	chr11:59021782:G:T:R:wC	4906096.0	-2762.3780942377953	-2762.8653989252953	5	4	1	0.974609375	0.3235332982188517	5534.7561884755905	5533.7307978505905	-1.025390625	5601.786133833017	5587.3547541365315	-14.431379696485237
takeshi_cm / by_cre	chr11:707424:C:T:A:wC	235664.0	-414.9807354055889	-415.0152813040264	5	4	1	0.069091796875	0.792663740683353	839.9614708111778	838.0305626080528	-1.930908203125	891.8122825148245	879.5112119709702	-12.30107054385428
takeshi_cm / by_cre	chr11:707424:C:T:R:wC	230308.0	-253.79598375247068	-253.75142808840818	5	4	1	-0.089111328125	1.0	517.5919675049413	515.5028561768163	-2.089111328125	569.3278316174644	556.8915474668348	-12.436284150629604
takeshi_cm / by_cre	chr12:11962839:C:T:A:wC	2345928.0	-4233.594487564461	-4233.121098892586	5	4	1	-0.94677734375	1.0	8477.188975128922	8474.242197785172	-2.94677734375	8540.529933214859	8524.914964253921	-15.614968960937404
takeshi_cm / by_cre	chr12:11962839:C:T:R:wC	2078128.0	-9856.638520840115	-9856.800630215115	5	4	1	0.32421875	0.56908329291649	19723.27704168023	19721.60126043023	-1.67578125	19786.011931912402	19771.78917261597	-14.222759296433651
takeshi_cm / by_cre	chr12:133094111:C:T:A:wC	1756768.0	-9742.745862111551	-9742.873791799051	5	4	1	0.255859375	0.6129791982531554	19495.491724223102	19493.747583598102	-1.744140625	19557.386655799077	19543.263528858883	-14.123126940194197
takeshi_cm / by_cre	chr12:133094111:C:T:R:wC	1681784.0	-4448.310959777209	-4448.744309386584	5	4	1	0.86669921875	0.35187072809870246	8906.621919554418	8905.488618773168	-1.13330078125	8968.298748018015	8954.830081544045	-13.468666473969279
takeshi_cm / by_cre	chr12:740009:C:G:R:wC	10712.0	-58.205303370187764	-58.199398218820576	5	4	1	-0.011810302734375	1.0	126.41060674037553	124.39879643764115	-2.011810302734375	162.80620617723056	153.5152759871252	-9.290930190105371
takeshi_cm / by_cre	chr12:89674799:T:C:A:wC	2570880.0	-4419.604045378571	-4419.159709441071	5	4	1	-0.888671875	1.0	8849.208090757142	8846.319418882142	-2.888671875	8913.006884810708	8897.358454124993	-15.64843068571463
takeshi_cm / by_cre	chr12:89674799:T:C:R:wC	2763696.0	-4112.7473005239135	-4112.5917829457885	5	4	1	-0.31103515625	1.0	8235.494601047827	8233.183565891577	-2.31103515625	8299.65499840929	8284.511883780748	-15.143114628543117
takeshi_cm / by_cre	chr13:50432800:T:C:A:wC	2951156.0	-1779.7833208048087	-1780.1632036173087	5	4	1	0.759765625	0.3834018796522325	3569.5666416096174	3568.3264072346174	-1.240234375	3634.0551791894372	3619.917237298473	-14.137941890964157
takeshi_cm / by_cre	chr13:50432800:T:C:R:wC	3154684.0	-4366.593797586754	-4366.840135477379	5	4	1	0.49267578125	0.48273612156636536	8743.187595173507	8741.680270954757	-1.50732421875	8808.00958962582	8793.537866516608	-14.47172310921269
takeshi_cm / by_cre	chr13:74039935:C:G:A:wC	2244164.0	-1832.5642895039205	-1832.3921703632955	5	4	1	-0.34423828125	1.0	3675.128579007841	3672.784340726591	-2.34423828125	3738.247797141507	3723.279715233524	-14.968081907983105
takeshi_cm / by_cre	chr13:74039935:C:G:R:wC	2619084.0	-5920.187063018018	-5920.113332549268	5	4	1	-0.1474609375	1.0	11850.374126036037	11848.226665098537	-2.1474609375	11914.265802017466	11899.34000588368	-14.925796133786207
takeshi_cm / by_cre	chr14:69273905:T:C:A:wC	1060488.0	-855.7547848545935	-855.912133487406	5	4	1	0.314697265625	0.5748119581710058	1721.509569709187	1719.824266974812	-1.685302734375	1780.880768396715	1767.3212259248344	-13.559542471880604
takeshi_cm / by_cre	chr14:69273905:T:C:R:wC	1526460.0	-1297.0752379829137	-1296.7750670844762	5	4	1	-0.600341796875	1.0	2604.1504759658274	2601.5501341689524	-2.600341796875	2665.342785401226	2650.503981717271	-14.83880368395512
takeshi_cm / by_cre	chr14:69445057:G:C:A:wC	74984.0	-72.03909966775029	-72.02667138405889	5	4	1	-0.0248565673828125	1.0	154.07819933550059	152.05334276811777	-2.0248565673828125	200.2033495176322	188.95346291382305	-11.24988660380916
takeshi_cm / by_cre	chr14:69445057:G:C:R:wC	107120.0	-202.38673693328852	-202.36671740203852	5	4	1	-0.0400390625	1.0	414.77347386657704	412.73343480407704	-2.0400390625	462.6819987684023	451.0602547255372	-11.621744042865089
takeshi_cm / by_cre	chr14:90367256:A:G:A:wC	1687140.0	-1723.44902935741	-1723.3817686152224	5	4	1	-0.134521484375	1.0	3456.89805871482	3454.763537230445	-2.134521484375	3518.5907854430034	3504.1177186129917	-14.473066830011703
takeshi_cm / by_cre	chr14:90367256:A:G:R:wC	1478256.0	-844.776193921372	-844.7724097416846	5	4	1	-0.007568359375	1.0	1699.552387842744	1697.544819483369	-2.007568359375	1760.5842557053852	1746.370313773482	-14.213941931903264
takeshi_cm / by_cre	chr15:40388492:T:A:A:wC	4959656.0	-3630.1913696732827	-3630.5949341264077	5	4	1	0.80712890625	0.3689704541726955	7270.382739346565	7269.189868252815	-1.19287109375	7337.466974053852	7322.857256018644	-14.609718035208061
takeshi_cm / by_cre	chr15:40388492:T:A:R:wC	5618444.0	-5035.1399111303745	-5035.5866884741245	5	4	1	0.8935546875	0.34451583580363	10080.279822260749	10079.173376948249	-1.1064453125	10147.987648836786	10133.339638209078	-14.648010627708572
takeshi_cm / by_cre	chr15:96727317:T:A:A:wC	1028352.0	-1149.7717199896745	-1149.9650793646745	5	4	1	0.38671875	0.5340292284243271	2309.543439979349	2307.930158729349	-1.61328125	2368.760780373543	2355.3040310447045	-13.456749328838669
takeshi_cm / by_cre	chr15:96727317:T:A:R:wC	1130116.0	-2094.0915475760758	-2094.1589303885758	5	4	1	0.134765625	0.7135411611109443	4198.1830951521515	4196.3178607771515	-1.865234375	4257.872249353587	4244.0691841383	-13.803065215286551
takeshi_cm / by_cre	chr16:11706100:G:A:A:wC	439192.0	-337.80247828218404	-337.73851343843404	5	4	1	-0.1279296875	1.0	685.6049565643681	683.4770268768681	-2.1279296875	740.5684163347446	727.4477946931694	-13.120621641575212
takeshi_cm / by_cre	chr16:11706100:G:A:R:wC	449904.0	-141.3720328778287	-141.46392130556308	5	4	1	0.18377685546875	0.6681473624349356	292.7440657556574	290.92784261112615	-1.81622314453125	347.8280132839293	334.99500063374364	-12.833012650185651
takeshi_cm / by_cre	chr16:16060994:C:T:A:wC	2495896.0	-1924.1757308923545	-1923.844309993917	5	4	1	-0.662841796875	1.0	3858.351461784709	3855.688619987834	-2.662841796875	3922.0022534893924	3906.6092533515807	-15.393000137811669
takeshi_cm / by_cre	chr16:16060994:C:T:R:wC	2785120.0	-2133.9203986257226	-2133.6916388600976	5	4	1	-0.45751953125	1.0	4277.840797251445	4275.383277720195	-2.45751953125	4342.039804843378	4326.7424837937415	-15.297321049636594
takeshi_cm / by_cre	chr16:29093432:A:G:A:wC	48204.0	-244.11807293948092	-244.12332196291842	5	4	1	0.010498046875	0.9183915793830312	498.23614587896185	496.24664392583685	-1.989501953125	542.1521322996982	531.379433062426	-10.772699237272263
takeshi_cm / by_cre	chr16:29093432:A:G:R:wC	42848.0	-217.53118541617187	-217.5120508946875	5	4	1	-0.03826904296875	1.0	445.06237083234373	443.024101789375	-2.03826904296875	488.38944207479824	477.6857587833386	-10.70368329145964
takeshi_cm / by_cre	chr16:85032954:A:T:A:wC	1537172.0	-405.55668774952056	-405.18608228077056	5	4	1	-0.7412109375	1.0	821.1133754990411	818.3721645615411	-2.7412109375	882.3406501118945	867.3539842518238	-14.98666586007073
takeshi_cm / by_cre	chr16:85032954:A:T:R:wC	1456832.0	-1077.325121673472	-1077.2143428648783	5	4	1	-0.2215576171875	1.0	2164.650243346944	2162.4286857297566	-2.2215576171875	2225.6091172124793	2211.195784822185	-14.413332390294272
takeshi_cm / by_cre	chr16:85450100:G:C:A:wC	48204.0	-64.09847157830308	-64.10078328484605	5	4	1	0.0046234130859375	0.945789069750137	138.19694315660615	136.2015665696921	-1.9953765869140625	182.11292957734258	171.33435570628123	-10.778573871061354
takeshi_cm / by_cre	chr16:85450100:G:C:R:wC	69628.0	-281.1971023646478	-281.18982392226496	5	4	1	-0.014556884765625	1.0	572.3942047292956	570.3796478445299	-2.014556884765625	618.1488150506585	606.9833361016204	-11.165478949038175
takeshi_cm / by_cre	chr17:55453126:T:G:A:wC	2436980.0	-1610.1669560698977	-1610.5733281402102	5	4	1	0.812744140625	0.3673101864384207	3230.3339121397953	3229.1466562804203	-1.187255859375	3293.8652627686056	3279.9717367834683	-13.89352598513733
takeshi_cm / by_cre	chr17:55453126:T:G:R:wC	2704780.0	-2505.0427759756753	-2505.3103541006753	5	4	1	0.53515625	0.46444709525809647	5020.085551951351	5018.620708201351	-1.46484375	5084.138207631783	5069.862832745696	-14.275374886086865
takeshi_cm / by_cre	chr17:75338573:G:A:A:wC	4659720.0	-6741.852752350225	-6742.340545318975	5	4	1	0.9755859375	0.3232910021801243	13493.70550470045	13492.68109063795	-1.0244140625	13560.47783429275	13546.098954311788	-14.378879980960846
takeshi_cm / by_cre	chr17:75338573:G:A:R:wC	5077488.0	-4874.409799435536	-4875.019662716786	5	4	1	1.2197265625	0.26941432090689366	9758.819598871072	9758.039325433572	-0.7802734375	9826.021234916403	9811.800634269837	-14.2206006465658
takeshi_cm / by_cre	chr17:75370468:T:G:A:wC	91052.0	-202.11603150684692	-202.14252076465942	5	4	1	0.052978515625	0.8179591886059286	414.23206301369385	412.28504152931885	-1.947021484375	461.32799326803024	449.961785732788	-11.366207535242268
takeshi_cm / by_cre	chr17:75370468:T:G:R:wC	85696.0	-70.41011333084646	-70.38562297440114	5	4	1	-0.048980712890625	1.0	150.8202266616929	148.7712459488023	-2.048980712890625	197.61303380694713	186.20549166500567	-11.407542141941462
takeshi_cm / by_cre	chr19:3459460:G:C:A:wC	69628.0	-85.17966118128737	-85.18493309290847	5	4	1	0.0105438232421875	0.9182144706865383	180.35932236257474	178.36986618581693	-1.9894561767578125	226.11393268393775	214.97355444290733	-11.140378241030419
takeshi_cm / by_cre	chr19:3459460:G:C:R:wC	96408.0	-71.22104930496755	-71.2089033088738	5	4	1	-0.0242919921875	1.0	152.4420986099351	150.4178066177476	-2.0242919921875	199.82382093347124	188.3231844765765	-11.500636456894739
takeshi_cm / by_cre	chr19:41732423:T:C:A:wC	123188.0	-187.6963718819731	-187.7067936349028	5	4	1	0.020843505859375	0.8852060929127621	385.3927437639462	383.4135872698056	-1.979156494140625	434.0000783776473	422.2994549607664	-11.700623416880887
takeshi_cm / by_cre	chr19:41732423:T:C:R:wC	144612.0	-238.95057857905095	-238.98854244623845	5	4	1	0.075927734375	0.7828938124330078	487.9011571581019	485.9770848924769	-1.924072265625	537.3102050221788	525.5043231837385	-11.805881838440314
takeshi_cm / by_cre	chr19:46930147:A:G:A:wC	123188.0	-255.50225812456642	-255.48495465776955	5	4	1	-0.03460693359375	1.0	521.0045162491328	518.9699093155391	-2.03460693359375	569.6118508628339	557.8557770064999	-11.756073856333956
takeshi_cm / by_cre	chr19:46930147:A:G:R:wC	112476.0	-105.02626037597656	-105.07939147949219	5	4	1	0.10626220703125	0.744440361329831	220.05252075195312	218.15878295898438	-1.89373779296875	268.20499647462555	256.6807635371223	-11.524232937503257
takeshi_cm / by_cre	chr19:50321981:G:C:A:wC	10712.0	-37.01038789177749	-37.011333936699366	5	4	1	0.00189208984375	0.9653044319765475	84.02077578355498	82.02266787339873	-1.99810791015625	120.41637522041003	111.13914742288276	-9.277227797527274
takeshi_cm / by_cre	chr19:56005903:C:T:A:wC	107120.0	-161.72724718706309	-161.72567553178965	5	4	1	-0.003143310546875	1.0	333.45449437412617	331.4513510635793	-2.003143310546875	381.36301927595144	369.77817098503954	-11.584848290911907
takeshi_cm / by_cre	chr19:56005903:C:T:R:wC	144612.0	-402.34500622257616	-402.35938000187303	5	4	1	0.02874755859375	0.8653632213777911	814.6900124451523	812.7187600037461	-1.97125244140625	864.0990603092292	852.2459982950077	-11.853062014221564
takeshi_cm / by_cre	chr1:118155620:G:A:A:wC	3379636.0	-1898.6971554728289	-1898.0536007853289	5	4	1	-1.287109375	1.0	3807.3943109456577	3804.1072015706577	-3.287109375	3872.560703792419	3856.240315848067	-16.320387944352206
takeshi_cm / by_cre	chr1:118155620:G:A:R:wC	3459976.0	-8825.533900499875	-8825.392298937375	5	4	1	-0.283203125	1.0	17661.06780099975	17658.78459787475	-2.283203125	17726.35166205272	17711.011686717124	-15.339975335595227
takeshi_cm / by_cre	chr1:150510660:C:T:A:wC	2608372.0	-4625.614355682324	-4625.515234588574	5	4	1	-0.1982421875	1.0	9261.228711364647	9259.030469177147	-2.1982421875	9325.099895514115	9310.127416496722	-14.972479017393198
takeshi_cm / by_cre	chr1:150510660:C:T:R:wC	2008500.0	-2732.6204923149594	-2732.4019864555844	5	4	1	-0.43701171875	1.0	5475.240984629919	5472.803972911169	-2.43701171875	5537.805478293826	5522.8555678422945	-14.94991045153165
takeshi_cm / by_cre	chr1:154400320:A:G:A:wC	674856.0	-739.7477526655211	-739.6701769819274	5	4	1	-0.1551513671875	1.0	1489.4955053310423	1487.3403539638548	-2.1551513671875	1546.606778399855	1533.029372418905	-13.577405980950061
takeshi_cm / by_cre	chr1:154400320:A:G:R:wC	594516.0	-997.5171715954543	-997.4595544079543	5	4	1	-0.115234375	1.0	2005.0343431909087	2002.9191088159087	-2.115234375	2061.5118577315257	2048.101120448402	-13.41073728312358
takeshi_cm / by_cre	chr1:16127480:G:C:A:wC	176748.0	-163.33912079203333	-163.30741302836145	5	4	1	-0.06341552734375	1.0	336.67824158406665	334.6148260567229	-2.06341552734375	387.09064292545435	374.9447471298331	-12.145895795621243
takeshi_cm / by_cre	chr1:16127480:G:C:R:wC	187460.0	-177.11423149957545	-177.13022271051295	5	4	1	0.031982421875	0.8580662421626354	364.2284629991509	362.2604454210259	-1.968017578125	414.9350668406533	402.8257284942278	-12.109338346425488
takeshi_cm / by_cre	chr1:1646992:G:A:A:wC	2720848.0	-3920.3749248006625	-3919.8632060506625	5	4	1	-1.0234375	1.0	7850.749849601325	7847.726412101325	-3.0234375	7914.832120373273	7898.992228718883	-15.839891654390158
takeshi_cm / by_cre	chr1:1646992:G:A:R:wC	2056704.0	-4140.533862397842	-4140.694995210342	5	4	1	0.322265625	0.5702492580310967	8291.067724795685	8289.389990420685	-1.677734375	8353.75080109268	8339.53645145828	-14.214349634399696
takeshi_cm / by_cre	chr1:226538054:C:A:A:wC	3754556.0	-2723.7727120458867	-2724.1887276708867	5	4	1	0.83203125	0.36168582879428324	5457.545424091773	5456.377455341773	-1.16796875	5523.237827061002	5508.931377717156	-14.306449343845998
takeshi_cm / by_cre	chr1:226538054:C:A:R:wC	3336788.0	-2158.2018827567526	-2158.6689237723776	5	4	1	0.93408203125	0.3338044534027496	4326.403765513505	4325.337847544755	-1.06591796875	4391.506361641498	4377.419924447149	-14.086437194348946
takeshi_cm / by_cre	chr1:2563250:G:T:A:wC	594516.0	-800.3903414460658	-800.3903414460658	5	4	1	0.0	1.0	1610.7806828921316	1608.7806828921316	-2.0	1667.2581974327486	1653.9626945246252	-13.295502908123353
takeshi_cm / by_cre	chr1:2563250:G:T:R:wC	465972.0	-399.10774229640265	-399.2153777944495	5	4	1	0.21527099609375	0.6426670503883976	808.2154845928053	806.430755588899	-1.78472900390625	863.4748887201335	850.6382788907616	-12.836609829371923
takeshi_cm / by_cre	chr1:7727854:T:C:A:wC	107120.0	-128.19279908562515	-128.21674775505875	5	4	1	0.0478973388671875	0.826763307833587	266.3855981712503	264.4334955101175	-1.9521026611328125	314.2941230730756	302.76031543157774	-11.533807641497845
takeshi_cm / by_cre	chr1:8484823:A:G:A:wC	626652.0	-1028.163613147062	-1028.1957786744058	5	4	1	0.0643310546875	0.7997770344230518	2066.327226294124	2064.3915573488116	-1.9356689453125	2123.0679595021684	2109.7841439152467	-13.283815586921719
takeshi_cm / by_cre	chr1:8484823:A:G:R:wC	648076.0	-293.26111072581324	-293.17920154612574	5	4	1	-0.163818359375	1.0	596.5222214516265	594.3584030922515	-2.163818359375	653.4310377136655	639.8854561018827	-13.545581611782836
takeshi_cm / by_cre	chr20:1901059:T:C:A:wC	2404844.0	-6409.68422299793	-6409.46156674793	5	4	1	-0.4453125	1.0	12829.36844599586	12826.92313349586	-2.4453125	12892.833423968626	12877.695115874074	-15.138308094552485
takeshi_cm / by_cre	chr20:1901059:T:C:R:wC	2586948.0	-9993.577665780045	-9993.668486092545	5	4	1	0.181640625	0.6699670880667188	19997.15533156009	19995.33697218509	-1.818359375	20060.98527836241	20046.400929626943	-14.584348735465028
takeshi_cm / by_cre	chr20:33866029:C:T:A:wC	21424.0	-113.59787032243133	-113.58184859391571	5	4	1	-0.03204345703125	1.0	237.19574064486267	235.16369718783142	-2.03204345703125	277.05707598451744	267.05276545955525	-10.004310524962193
takeshi_cm / by_cre	chr20:33866029:C:T:R:wC	42848.0	-143.2110985725766	-143.21254815753753	5	4	1	0.002899169921875	0.95705950086757	296.4221971451532	294.42509631507505	-1.997100830078125	339.7492683876077	329.08675330903867	-10.662515078569015
takeshi_cm / by_cre	chr22:46365137:G:A:A:wC	74984.0	-376.03366942604913	-376.040230705346	5	4	1	0.01312255859375	0.9087988509771615	762.0673388520983	760.080461410692	-1.98687744140625	808.1924890342299	796.9805815563973	-11.211907477832597
takeshi_cm / by_cre	chr22:46365137:G:A:R:wC	85696.0	-1003.5446331773305	-1003.5318310533071	5	4	1	-0.025604248046875	1.0	2017.089266354661	2015.0636621066142	-2.025604248046875	2063.8820734999154	2052.4979078228175	-11.384165677097826
takeshi_cm / by_cre	chr22:50684296:T:C:A:wC	128544.0	-117.19537679827687	-117.18192617571827	5	4	1	-0.0269012451171875	1.0	244.39075359655374	242.36385235143655	-2.0269012451171875	293.2108862823488	281.4199585000726	-11.790927782276185
takeshi_cm / by_cre	chr22:50684296:T:C:R:wC	85696.0	-76.00786725320165	-75.97543469704931	5	4	1	-0.0648651123046875	1.0	162.0157345064033	159.95086939409862	-2.0648651123046875	208.80854165165752	197.385115110302	-11.423426541355525
takeshi_cm / by_cre	chr22:50772554:T:G:A:wC	390988.0	-1238.9438065588038	-1238.9516190588038	5	4	1	0.015625	0.9005235503397742	2487.8876131176075	2485.9032381176075	-1.984375	2542.2697738574047	2529.4089667094454	-12.860807147959349
takeshi_cm / by_cre	chr22:50772554:T:G:R:wC	498108.0	-1160.1770490014037	-1160.2397931420287	5	4	1	0.12548828125	0.7231565923715113	2330.3540980028074	2328.4795862840574	-1.87451171875	2385.9469590026292	2372.9538750839147	-12.993083918714547
takeshi_cm / by_cre	chr2:233520254:A:T:A:wC	5982652.0	-6134.800339205517	-6133.945847018017	5	4	1	-1.708984375	1.0	12279.600678411034	12275.891694036034	-3.708984375	12347.622550940436	12330.309192059554	-17.313358880881424
takeshi_cm / by_cre	chr2:233520254:A:T:R:wC	5934448.0	-4174.292379810959	-4173.403219654709	5	4	1	-1.7783203125	1.0	8358.584759621917	8354.806439309417	-3.7783203125	8426.566182492508	8409.19157760589	-17.374604886617817
takeshi_cm / by_cre	chr2:3633273:G:C:A:wC	53560.0	-74.72988507957962	-74.72892377586868	5	4	1	-0.001922607421875	1.0	159.45977015915923	157.45784755173736	-2.001922607421875	203.90255915818477	193.01207875095778	-10.890480407226988
takeshi_cm / by_cre	chr2:3633273:G:C:R:wC	48204.0	-40.245385644915416	-40.26081609535487	5	4	1	0.03086090087890625	0.8605510764722591	90.49077128983083	88.52163219070974	-1.9691390991210938	134.40675771056726	123.65442132729888	-10.752336383268386
takeshi_cm / by_cre	chr2:42355947:C:A:A:wC	3465332.0	-7008.389347957471	-7008.942570613721	5	4	1	1.1064453125	0.292855966049838	14026.778695914942	14025.885141227442	-0.8935546875	14092.070290921502	14078.11841723269	-13.951873688811247
takeshi_cm / by_cre	chr2:42355947:C:A:R:wC	3368924.0	-5397.879931059981	-5398.618212309981	5	4	1	1.4765625	0.22431312651115032	10805.759862119961	10805.236424619961	-0.5234375	10870.91038193752	10857.356840474007	-13.553541463512374
takeshi_cm / by_cre	chr3:128311067:C:G:A:wC	1189032.0	-1047.2260560461748	-1047.030316300081	5	4	1	-0.3914794921875	1.0	2104.4521120923496	2102.060632600162	-2.3914794921875	2164.3953625357663	2150.0152329548955	-14.380129580870744
takeshi_cm / by_cre	chr3:128311067:C:G:R:wC	942656.0	-2366.1707701304267	-2366.2027525523017	5	4	1	0.06396484375	0.8003356601080321	4742.341540260853	4740.405505104603	-1.93603515625	4801.123823770099	4787.431331912	-13.692491858098947
takeshi_cm / by_cre	chr3:156852592:C:G:A:wC	535600.0	-238.9609589226008	-238.87174078295237	5	4	1	-0.178436279296875	1.0	487.9219178452016	485.74348156590474	-2.178436279296875	543.8776323091975	530.5080531371013	-13.36957917209611
takeshi_cm / by_cre	chr3:156852592:C:G:R:wC	439192.0	-507.9166972116375	-507.85819501437186	5	4	1	-0.11700439453125	1.0	1025.833394423275	1023.7163900287437	-2.11700439453125	1080.7968541936516	1067.687157845045	-13.109696348606576
takeshi_cm / by_cre	chr3:192611033:G:C:A:wC	4284800.0	-4996.868387393744	-4996.371317081244	5	4	1	-0.994140625	1.0	10003.736774787489	10000.742634162489	-2.994140625	10070.089696959883	10053.824971900405	-16.264725059478224
takeshi_cm / by_cre	chr3:192611033:G:C:R:wC	3893812.0	-6747.356592043614	-6747.3581789576765	5	4	1	0.003173828125	0.9550735520619895	13504.713184087228	13502.716357915353	-1.996826171875	13570.587680008952	13555.415954652732	-15.171725356220122
takeshi_cm / by_cre	chr3:48632756:A:C:A:wC	85696.0	-355.9103059543068	-355.9009980929787	5	4	1	-0.01861572265625	1.0	721.8206119086136	719.8019961859574	-2.01861572265625	768.6134190538678	757.2362419021607	-11.377177151707087
takeshi_cm / by_cre	chr3:48632756:A:C:R:wC	32136.0	-187.59686075335713	-187.59869180804463	5	4	1	0.003662109375	0.9517451789484365	385.19372150671427	383.19738361608927	-1.996337890625	427.08238238690984	416.70831232024574	-10.374070066664103
takeshi_cm / by_cre	chr3:53915858:C:G:A:wC	37492.0	-70.17412709999354	-70.17096090126307	5	4	1	-0.0063323974609375	1.0	150.34825419998708	148.34192180252614	-2.0063323974609375	193.00766847931897	182.46945322599166	-10.538215253327309
takeshi_cm / by_cre	chr3:53915858:C:G:R:wC	53560.0	-86.66128546767644	-86.65890509658269	5	4	1	-0.0047607421875	1.0	183.32257093535287	181.31781019316537	-2.0047607421875	227.7653599343784	216.8720413923858	-10.893318541992613
takeshi_cm / by_cre	chr3:56859614:T:C:A:wC	3561740.0	-2367.870954519891	-2368.4138011995783	5	4	1	1.085693359375	0.2974273949088814	4745.741909039782	4744.827602399157	-0.914306640625	4811.170707777116	4797.170641389024	-14.00006638809191
takeshi_cm / by_cre	chr3:56859614:T:C:R:wC	3615300.0	-2741.455919093411	-2741.262071437161	5	4	1	-0.3876953125	1.0	5492.911838186822	5490.524142874322	-2.3876953125	5558.41526517524	5542.926884465056	-15.488380710184174
takeshi_cm / by_cre	chr4:145026126:C:T:A:wC	3111836.0	-1390.1922186543525	-1390.20576845904	5	4	1	0.027099609375	0.8692434110835463	2790.384437308705	2788.41153691808	-1.972900390625	2855.1380546270198	2840.2144307727317	-14.923623854288053
takeshi_cm / by_cre	chr4:145026126:C:T:R:wC	2945800.0	-2407.6572715060065	-2407.2969199435065	5	4	1	-0.720703125	1.0	4825.314543012013	4822.593839887013	-2.720703125	4889.793997937201	4874.177403827163	-15.616594110038022
takeshi_cm / by_cre	chr4:154926240:T:A:A:wC	4043780.0	-2594.2582034049483	-2593.9056643424483	5	4	1	-0.705078125	1.0	5198.516406809897	5195.811328684897	-2.705078125	5264.579859090197	5248.662090509137	-15.917768581060045
takeshi_cm / by_cre	chr4:154926240:T:A:R:wC	4231240.0	-4865.785551832978	-4866.405180739228	5	4	1	1.2392578125	0.2656141394036966	9741.571103665956	9740.810361478456	-0.7607421875	9807.861131927317	9793.842384087544	-14.018747839772914
takeshi_cm / by_cre	chr4:6697673:T:C:A:wC	5200676.0	-12057.58103369497	-12057.72068213247	5	4	1	0.279296875	0.5971624404389276	24125.16206738994	24123.44136426494	-1.720703125	24192.483563265454	24177.29856096535	-15.185002300102497
takeshi_cm / by_cre	chr4:6697673:T:C:R:wC	4729348.0	-6735.222674426456	-6734.760760363956	5	4	1	-0.923828125	1.0	13480.445348852913	13477.521520727913	-2.923828125	13547.291838389987	13530.998712357572	-16.293126032414875
takeshi_cm / by_cre	chr4:86719165:T:C:A:wC	2308436.0	-2254.776183179011	-2254.590880444636	5	4	1	-0.37060546875	1.0	4519.552366358022	4517.181760889272	-2.37060546875	4582.812770342595	4567.790084076931	-15.02268626566456
takeshi_cm / by_cre	chr4:86719165:T:C:R:wC	2458404.0	-1486.653857891241	-1486.181445781866	5	4	1	-0.94482421875	1.0	2983.307715782482	2980.362891563732	-2.94482421875	3046.8828303668397	3031.222983231218	-15.659847135621476
takeshi_cm / by_cre	chr5:139076604:T:C:A:wC	26780.0	-28.472646713256836	-28.393142700195312	5	4	1	-0.15900802612304688	1.0	66.94529342651367	64.78628540039062	-2.159008026123047	107.9223465227395	97.56792787737129	-10.354418645368213
takeshi_cm / by_cre	chr5:139076604:T:C:R:wC	37492.0	-114.87301485757541	-114.8853897355051	5	4	1	0.024749755859375	0.8749922243400607	239.74602971515083	237.7707794710102	-1.975250244140625	282.4054439944827	271.8983108944757	-10.507133100007024
takeshi_cm / by_cre	chr6:109625879:G:A:A:wC	2597660.0	-2678.748215926989	-2678.239182723864	5	4	1	-1.01806640625	1.0	5367.496431853978	5364.478365447728	-3.01806640625	5431.347039842721	5415.558851838722	-15.788188003998584
takeshi_cm / by_cre	chr6:109625879:G:A:R:wC	2683356.0	-1391.7028214316606	-1391.763002095723	5	4	1	0.120361328125	0.7286429300372107	2793.405642863321	2791.526004191446	-1.879638671875	2857.418536902801	2842.7363194230297	-14.682217479771225
takeshi_cm / by_cre	chr6:16414553:G:A:A:wC	4750772.0	-7952.778871453425	-7952.569398797175	5	4	1	-0.4189453125	1.0	15915.55774290685	15913.13879759435	-2.4189453125	15982.426831352454	15966.634068350833	-15.792763001620187
takeshi_cm / by_cre	chr6:16414553:G:A:R:wC	5093556.0	-7962.064035788048	-7963.000070944298	5	4	1	1.8720703125	0.17123815230386408	15934.128071576097	15934.000141888597	-0.1279296875	16001.34550542288	15987.774088966022	-13.57141645685806
takeshi_cm / by_cre	chr6:42284470:T:A:A:wC	1729988.0	-3461.9942505193403	-3462.0079223943403	5	4	1	0.02734375	0.8686610629910666	6933.988501038681	6932.015844788681	-1.97265625	6995.806626188849	6981.470344908816	-14.33628128003329
takeshi_cm / by_cre	chr6:42284470:T:A:R:wC	1912092.0	-2620.0884097483267	-2619.6811831858267	5	4	1	-0.814453125	1.0	5250.1768194966535	5247.3623663716535	-2.814453125	5312.495361939607	5297.217200326017	-15.278161613590783
takeshi_cm / by_cre	chr6:44538139:G:A:A:wC	4943588.0	-5022.045223891828	-5021.799130141828	5	4	1	-0.4921875	1.0	10054.090447783656	10051.598260283656	-2.4921875	10121.158457490224	10105.252668048912	-15.905789441312663
takeshi_cm / by_cre	chr6:44538139:G:A:R:wC	5002504.0	-4865.052447716231	-4865.934283653731	5	4	1	1.763671875	0.1841671772968812	9740.104895432461	9739.868567307461	-0.236328125	9807.232141157661	9793.57036388762	-13.661777270041057
takeshi_cm / by_cre	chr6:52627050:C:G:A:wC	2447692.0	-1181.2385932520763	-1181.2711860255138	5	4	1	0.065185546875	0.7984801214877474	2372.4771865041525	2370.5423720510275	-1.934814453125	2436.030466992679	2421.3849964418487	-14.645470550830396
takeshi_cm / by_cre	chr6:52627050:C:G:R:wC	2474472.0	-1593.9955383193394	-1593.865533436527	5	4	1	-0.260009765625	1.0	3197.991076638679	3195.731066873054	-2.260009765625	3261.598764628143	3246.617217264625	-14.98154736351762
takeshi_cm / by_cre	chr6:7143859:C:A:A:wC	4236596.0	-2807.12258219005	-2807.632103674425	5	4	1	1.01904296875	0.3127461272442505	5624.2451643801	5623.26420734885	-0.98095703125	5690.541517752993	5676.301290047165	-14.240227705828147
takeshi_cm / by_cre	chr6:7143859:C:A:R:wC	4316936.0	-4262.995590009032	-4262.699691571532	5	4	1	-0.591796875	1.0	8535.991180018063	8533.399383143063	-2.591796875	8602.381462264651	8586.511608940335	-15.869853324316864
takeshi_cm / by_cre	chr7:100472380:C:T:A:wC	155324.0	-357.0222479831777	-357.02194280739644	5	4	1	-0.0006103515625	1.0	724.0444959663554	722.0438856147929	-2.0006103515625	773.810838650343	761.856959761983	-11.95387888836001
takeshi_cm / by_cre	chr7:100472380:C:T:R:wC	235664.0	-268.3516344276714	-268.2970689979839	5	4	1	-0.109130859375	1.0	546.7032688553428	544.5941379959678	-2.109130859375	598.5540805589894	586.0747873588851	-12.47929320010428
takeshi_cm / by_cre	chr7:101372904:G:A:A:wC	198172.0	-324.02046909221195	-324.0001443851807	5	4	1	-0.0406494140625	1.0	658.0409381844239	656.0002887703614	-2.0406494140625	709.0253912817003	696.7878512481825	-12.237540033517803
takeshi_cm / by_cre	chr7:101372904:G:A:R:wC	85696.0	-142.80862275780441	-142.79591218651535	5	4	1	-0.025421142578125	1.0	295.61724551560883	293.5918243730307	-2.025421142578125	342.4100526608631	331.02607008923405	-11.38398257162902
takeshi_cm / by_cre	chr7:139875230:C:T:A:wC	798044.0	-1446.3438551908944	-1446.3727858549569	5	4	1	0.057861328125	0.8099086987587567	2902.6877103817887	2900.7455717099137	-1.942138671875	2960.637305445571	2947.1052477609396	-13.532057684631582
takeshi_cm / by_cre	chr7:139875230:C:T:R:wC	803400.0	-995.3684767068414	-995.4522779763727	5	4	1	0.1676025390625	0.6822513559703396	2000.7369534136828	1998.9045559527453	-1.8323974609375	2058.7199934182195	2045.2909879563747	-13.429005461844781
takeshi_cm / by_cre	chr7:17162882:A:G:A:wC	1665716.0	-4991.853680778746	-4991.907879997496	5	4	1	0.1083984375	0.7419749110268145	9993.707361557492	9991.815759994992	-1.8916015625	10055.336189652444	10041.118822470953	-14.217367181490772
takeshi_cm / by_cre	chr7:17162882:A:G:R:wC	1569308.0	-1370.410009503394	-1370.510107159644	5	4	1	0.2001953125	0.65456324157254	2750.820019006788	2749.020214319288	-1.7998046875	2812.1507455859282	2798.0847955826002	-14.065950003327998
takeshi_cm / by_cre	chr7:29294975:A:T:A:wC	374920.0	-423.1664566881083	-423.0742630845927	5	4	1	-0.18438720703125	1.0	856.3329133762167	854.1485261691854	-2.18438720703125	910.5052531205188	897.486397964627	-13.018855155891742
takeshi_cm / by_cre	chr7:29294975:A:T:R:wC	369564.0	-879.497071709662	-879.4051527643495	5	4	1	-0.183837890625	1.0	1768.994143419324	1766.810305528699	-2.183837890625	1823.0945394763655	1810.0906223743323	-13.003917102033256
takeshi_cm / by_cre	chr7:73454409:T:G:A:wC	503464.0	-639.7402288620953	-639.745050639439	5	4	1	0.0096435546875	0.9217722101918968	1289.4804577241905	1287.490101278878	-1.9903564453125	1345.1267951695959	1332.0071712352023	-13.11962393439353
takeshi_cm / by_cre	chr7:73454409:T:G:R:wC	610584.0	-1774.6513631007476	-1774.5976521632476	5	4	1	-0.107421875	1.0	3559.3027262014953	3557.1953043264953	-2.107421875	3615.913581977523	3602.4839889473174	-13.429593030205524
takeshi_cm / by_cre	chr7:95070487:A:G:A:wC	2715492.0	-1723.2095841610003	-1723.4504288875628	5	4	1	0.481689453125	0.4876580587659224	3456.4191683220006	3454.9008577751256	-1.518310546875	3520.491586874012	3506.1587926167344	-14.332794257277328
takeshi_cm / by_cre	chr7:95070487:A:G:R:wC	2747628.0	-7877.401456229743	-7877.564053885993	5	4	1	0.3251953125	0.5685020533363668	15764.802912459487	15763.128107771987	-1.6748046875	15828.934155219396	15814.433101979914	-14.501053239482644
takeshi_cm / by_cre	chr8:134332960:C:T:A:wC	2442336.0	-2850.0857637771114	-2850.2317598708614	5	4	1	0.2919921875	0.5889467090655167	5710.171527554223	5708.463519741723	-1.7080078125	5773.71385513585	5759.297381807025	-14.416473328825305
takeshi_cm / by_cre	chr8:134332960:C:T:R:wC	2453048.0	-1897.1720786625367	-1897.0074058109742	5	4	1	-0.329345703125	1.0	3804.3441573250734	3802.0148116219484	-2.329345703125	3867.9083667796995	3852.8661791856493	-15.04218759405012
takeshi_cm / by_cre	chr8:142231945:C:G:A:wC	171392.0	-995.6998634988872	-995.7390480691997	5	4	1	0.078369140625	0.7795197874129706	2001.3997269977745	1999.4780961383995	-1.921630859375	2051.6582700458284	2039.6849305768426	-11.973339468985841
takeshi_cm / by_cre	chr8:142231945:C:G:R:wC	198172.0	-526.6827550659591	-526.6642003784591	5	4	1	-0.037109375	1.0	1063.3655101319182	1061.3284007569182	-2.037109375	1114.3499632291946	1102.1159632347394	-12.23399999445519
takeshi_cm / by_cre	chr8:42334511:G:C:A:wC	1355068.0	-1562.545372219849	-1562.6162950714115	5	4	1	0.141845703125	0.7064529846594558	3135.090744439698	3133.232590142823	-1.858154296875	3195.6875554173907	3181.710038924977	-13.977516492413542
takeshi_cm / by_cre	chr8:42334511:G:C:R:wC	1226524.0	-3431.1731691631867	-3430.8963136944367	5	4	1	-0.5537109375	1.0	6872.346338326373	6869.792627388873	-2.5537109375	6932.4448118782	6917.871406230334	-14.573405647865911
takeshi_cm / by_cre	chr8:8871710:C:T:A:wC	8066136.0	-3687.9461078524514	-3687.0652484774514	5	4	1	-1.76171875	1.0	7385.892215704903	7382.130496954903	-3.76171875	7455.408141280757	7437.743237415586	-17.664903865171254
takeshi_cm / by_cre	chr8:8871710:C:T:R:wC	8151832.0	-7753.517833097285	-7752.391368253535	5	4	1	-2.2529296875	1.0	15517.03566619457	15512.78273650707	-4.2529296875	15586.604432420734	15568.437749488001	-18.166682932733238
takeshi_cm / by_cre	chr9:131622868:G:A:A:wC	1922804.0	-6732.570773082261	-6732.853976207261	5	4	1	0.56640625	0.4516905213109488	13475.141546164523	13473.707952414523	-1.43359375	13537.48802164102	13523.58513279572	-13.902888845299458
takeshi_cm / by_cre	chr9:131622868:G:A:R:wC	1783548.0	-5424.861349241943	-5424.538107054443	5	4	1	-0.646484375	1.0	10859.722698483885	10857.076214108885	-2.646484375	10921.693274467843	10906.652674896051	-15.040599571791972
takeshi_cm / by_cre	chr9:96720847:C:T:A:wC	53560.0	-156.24071784709312	-156.25646491740562	5	4	1	0.031494140625	0.8591424590748766	322.48143569418625	320.51292983481125	-1.968505859375	366.9242246932118	356.0671610340317	-10.857063659180085
takeshi_cm / by_cre	reference	47877284.0	-23491.859690539117	-23495.961253039117	5	4	1	8.203125	0.0041818301368421055	46993.719381078234	46999.922506078234	6.203125	47072.140139637726	47062.65911292583	-9.481026711895538
takeshi_cm / by_cell_type	K562	134513876.0	-81026.9724859012	-80981.0037359012	154	153	1	-91.9375	1.0	162361.9449718024	162268.0074718024	-93.9375	164936.39037132394	164825.73569340497	-110.65467791896663
takeshi_cm / by_cell_type	SKNSH	82150390.0	-36075.378924713936	-36039.265643463936	154	153	1	-72.2265625	1.0	72458.75784942787	72384.53128692787	-74.2265625	74957.2634205047	74866.81279585486	-90.45062464984949
takeshi_cm / by_cell_type	reference	99880690.0	-252410.01381637462	-252382.15444137462	154	153	1	-55.71875	1.0	505128.02763274923	505070.30888274923	-57.71875	507656.6286202221	507582.49038329045	-74.13823693164159
