comparison	model_type	model	n_params	max_abs_diff	mean_abs_diff	median_abs_diff	max_rel_change	mean_rel_change	median_rel_change	min_abs_param	mean_abs_param	max_abs_param
shendure_obs	by_cre	Bend5_chr4_8168	5	0.781682	0.19537464	0.07132447	0.2918564	0.14629012	0.08251756	0.2360902	1.0498192	3.0691514
shendure_obs	by_cre	Bend5_chr4_8170	3	0.537351	0.19558553	0.04278779	0.34230536	0.1224359	0.02054864	1.3011247	1.7126598	2.1036627
shendure_obs	by_cre	Bend5_chr4_8172	4	0.5378177	0.2032966	0.11683558	2.0	0.6033826	0.14344576	0.003517366	1.2395213	4.1320047
shendure_obs	by_cre	Bend5_chr4_8174	8	0.7793217	0.17933169	0.11751759	0.5241268	0.14172816	0.077497765	0.14484315	1.4825279	3.180342
shendure_obs	by_cre	Bend5_chr4_8175	10	0.06935301	0.02053376	0.0154082775	2.0	0.2793698	0.058980122	0.0074070552	0.28338143	0.598035
shendure_obs	by_cre	Bend5_chr4_8179	8	0.3783481	0.071798205	0.032500535	0.54675984	0.11131786	0.035700597	0.06963933	1.2203723	3.2059157
shendure_obs	by_cre	Bend5_chr4_8192	5	0.68363214	0.29688972	0.21175712	1.3903055	0.3952814	0.2067491	0.046431206	1.6725899	3.6483946
shendure_obs	by_cre	Bend5_chr4_8199	8	0.59681964	0.106426254	0.034753323	2.0	0.30778787	0.05757591	0.03317213	1.3821719	2.804435
shendure_obs	by_cre	Bend5_chr4_8201	7	0.10129285	0.026591474	0.006998658	0.086167976	0.028030027	0.01570248	0.14911997	1.6334225	3.7817802
shendure_obs	by_cre	Btg1_chr10_9572	3	0.9007976	0.33108923	0.06350678	0.29425225	0.18591402	0.23142791	0.24265942	1.413026	3.5117095
shendure_obs	by_cre	Btg1_chr10_9578	10	0.046564817	0.01881686	0.018964827	0.17603725	0.041064035	0.015444383	0.1197868	1.0934584	2.350546
shendure_obs	by_cre	Btg1_chr10_9588	5	0.75062084	0.20211467	0.07872784	0.2642026	0.08962423	0.042919025	0.8950561	1.8509535	3.2163908
shendure_obs	by_cre	Btg1_chr10_9593	8	0.58267117	0.14267215	0.09343319	1.4375043	0.31499845	0.17848083	0.03371823	0.6705371	2.5421565
shendure_obs	by_cre	Btg1_chr10_9612	6	0.94140947	0.20979452	0.063620016	0.43844894	0.18573458	0.09256464	0.09524375	1.0392411	2.6178408
shendure_obs	by_cre	Btg1_chr10_9613	3	0.9467454	0.3989724	0.12609792	2.0	0.79232836	0.31125695	0.0026474502	1.6740667	3.515057
shendure_obs	by_cre	Cdk5r1_chr11_12559	10	0.06283668	0.015975676	0.01208923	0.14559318	0.033936925	0.013301972	0.11013865	0.9700081	1.5442523
shendure_obs	by_cre	Cdk5r1_chr11_12562	10	0.048346877	0.03416885	0.034835696	0.08007514	0.023873167	0.019681428	0.42015356	1.9428675	2.8468025
shendure_obs	by_cre	Cdk5r1_chr11_12574	10	0.09112331	0.034742903	0.034697115	0.19271567	0.059675414	0.037013903	0.08461881	0.8014196	1.8907821
shendure_obs	by_cre	Cdk5r1_chr11_12575	8	0.47884834	0.06885428	0.008753344	0.22743791	0.03992384	0.015130261	0.40747246	1.0670686	2.3448267
shendure_obs	by_cre	Cdk5r1_chr11_12582	10	0.17460161	0.03877512	0.02298081	1.1015072	0.15075733	0.0248833	0.0104479585	0.85646975	1.5019537
shendure_obs	by_cre	Cdk5r1_chr11_12590	5	0.60423183	0.1420205	0.019697785	0.25556463	0.14056446	0.19803518	0.030182512	1.1319811	3.1390455
shendure_obs	by_cre	Cdk5r1_chr11_12595	3	1.0220845	0.42637694	0.13936736	2.0	1.4336371	2.0	0.0064025414	1.175051	3.907672
shendure_obs	by_cre	Cited2_chr10_1239	2	0.55734205	0.29341507	0.29341507	0.1523538	0.080537915	0.080537915	3.3661265	3.5195398	3.9368804
shendure_obs	by_cre	Cited2_chr10_1246	3	1.0309417	0.46548975	0.24110667	1.8086452	0.7670228	0.33154202	0.012754548	1.3387386	3.6250067
shendure_obs	by_cre	Cited2_chr10_1248	3	0.7997134	0.31243786	0.07731295	0.30427036	0.14322244	0.08959118	0.8242962	1.7249936	3.0281553
shendure_obs	by_cre	Cited2_chr10_1253	8	0.46399355	0.09317599	0.04465925	2.0	0.38141212	0.051684603	0.015076879	0.9710038	2.1399183
shendure_obs	by_cre	Cited2_chr10_1254	10	0.09925938	0.04148192	0.036940977	1.0167406	0.17563602	0.06995873	0.015143595	0.7772539	1.5817798
shendure_obs	by_cre	Cited2_chr10_1267	7	0.7713864	0.14837861	0.052390575	0.57136023	0.14445254	0.040101398	0.09901979	1.2830842	3.221505
shendure_obs	by_cre	Cited2_chr10_1270	2	0.5516875	0.3624664	0.3624664	0.25395104	0.23181722	0.23181722	0.7396007	1.4993199	2.4482603
shendure_obs	by_cre	Col1a1_chr11_15258	8	0.57960355	0.12824509	0.061160564	0.35945874	0.10336621	0.06455216	0.2860136	1.3066304	2.1019917
shendure_obs	by_cre	Col1a1_chr11_15259	9	0.7801113	0.09972072	0.014712051	0.37750477	0.08233822	0.023963066	0.13427025	0.97910374	2.4565496
shendure_obs	by_cre	Col1a1_chr11_15269	4	0.6798911	0.227297	0.091239005	0.7779534	0.2787848	0.15150374	0.06207289	1.5206064	3.0868301
shendure_obs	by_cre	Col1a1_chr11_15270	9	0.46214223	0.08325345	0.034540236	0.31769386	0.07973383	0.035014875	0.29805243	0.89149106	1.6857489
shendure_obs	by_cre	Col1a1_chr11_15273	5	0.84476984	0.22832474	0.089247584	0.37005642	0.12318065	0.050791103	0.7868112	1.6288183	2.7051985
shendure_obs	by_cre	Col1a1_chr11_15275	8	0.6523378	0.099389195	0.022970319	1.2013359	0.16129372	0.015270371	0.21684143	1.6635559	2.607463
shendure_obs	by_cre	Col1a1_chr11_15276	9	0.4577474	0.08568182	0.033277273	2.0	0.24081074	0.016886428	0.08521135	1.6275638	2.448067
shendure_obs	by_cre	Col1a1_chr11_15301	6	0.60083866	0.16839862	0.06592995	0.31758273	0.11946646	0.09065975	0.44662583	1.3836085	2.1923316
shendure_obs	by_cre	Col1a1_chr11_15307	10	0.06726524	0.0137405	0.00653328	0.17443344	0.0465208	0.026579311	0.13641971	0.3512122	0.8892805
shendure_obs	by_cre	Col1a1_chr11_15316	8	0.82550365	0.13352889	0.040931858	0.6611811	0.122023635	0.032304674	0.19288749	1.3918322	2.5414658
shendure_obs	by_cre	Col1a1_chr11_15322	10	0.46645105	0.08548185	0.042407274	2.0	0.68784267	0.26672226	0.004375682	0.40421906	1.7232317
shendure_obs	by_cre	Col1a2_chr6_72	4	0.43130803	0.13751489	0.050795242	0.53231037	0.19324099	0.10937062	0.07884894	1.2488195	2.6930044
shendure_obs	by_cre	Col1a2_chr6_73	6	0.7387152	0.14533912	0.031041766	0.59335136	0.20278795	0.113245636	0.034755733	0.7169581	2.8112547
shendure_obs	by_cre	Col1a2_chr6_77	9	0.59922504	0.07991875	0.012612104	0.39356905	0.061548352	0.015863655	0.094227105	1.0605463	1.9375747
shendure_obs	by_cre	Col1a2_chr6_88	4	0.60545754	0.17851105	0.053495765	0.17910135	0.07033368	0.049707003	0.56498075	1.5628316	3.683259
shendure_obs	by_cre	Col1a2_chr6_93	9	0.17992887	0.044694457	0.027226657	1.1058316	0.16016707	0.025480367	0.072744675	0.9021525	1.6950754
shendure_obs	by_cre	Col5a1_chr2_2558	7	0.7384093	0.13641144	0.048467487	0.25089106	0.07357391	0.038169645	0.355414	1.3360739	3.3123517
shendure_obs	by_cre	Col5a1_chr2_2562	4	0.96533656	0.27488974	0.05596921	0.3227509	0.12315066	0.07662142	0.66086656	1.4393446	3.473633
shendure_obs	by_cre	Col5a1_chr2_2565	7	0.62707233	0.12374201	0.039409757	0.22265337	0.07380911	0.074955136	0.26241234	1.4455649	3.1298974
shendure_obs	by_cre	Col5a1_chr2_2571	7	0.8457905	0.17500117	0.04501009	0.43645057	0.10627045	0.04842757	0.33994424	1.4093558	2.360779
shendure_obs	by_cre	Col5a1_chr2_2575	10	0.07832907	0.013911749	0.007322818	0.59158945	0.067599684	0.007827388	0.0932399	0.8078591	1.4509104
shendure_obs	by_cre	Col5a1_chr2_2576	10	0.5987164	0.073380604	0.014625757	1.0236955	0.14617297	0.025432456	0.006210662	0.8990556	2.5979934
shendure_obs	by_cre	Col5a1_chr2_2586	3	0.82906795	0.31115195	0.08100432	0.24883595	0.12616177	0.099092916	0.7535663	1.638167	3.746319
shendure_obs	by_cre	Epas1_chr17_10056	8	0.9983604	0.16771892	0.032013923	0.31318164	0.099390924	0.09467819	0.14836967	1.0819614	3.68698
shendure_obs	by_cre	Epas1_chr17_10057	6	0.8089211	0.24813026	0.15337086	1.1542672	0.3182556	0.11650637	0.031800594	1.6149555	2.3058968
shendure_obs	by_cre	Epas1_chr17_10061	10	0.6832397	0.1083159	0.04827757	0.2869713	0.16229202	0.17019352	0.040825225	0.8086294	2.7224839
shendure_obs	by_cre	Epas1_chr17_10063	7	0.18612671	0.042622812	0.012628555	0.07663515	0.01637738	0.0057119494	0.65615124	2.3182256	5.817094
shendure_obs	by_cre	Epas1_chr17_10064	3	1.0051057	0.3612	0.04352212	0.506855	0.20338255	0.06983112	0.48332527	1.2614992	2.485577
shendure_obs	by_cre	Epas1_chr17_10066	7	0.9900131	0.16352963	0.02539742	0.3390003	0.080882356	0.03204179	0.26500058	1.1419002	3.4153965
shendure_obs	by_cre	Epas1_chr17_10070	10	0.102260545	0.015307109	0.006429136	0.79214364	0.08807614	0.009322599	0.07796316	0.67655224	1.4323175
shendure_obs	by_cre	Epas1_chr17_10071	9	0.42879435	0.11705592	0.06899738	0.6975395	0.18805794	0.035352338	0.23298521	1.077893	2.1546893
shendure_obs	by_cre	Epas1_chr17_10116	6	0.76578164	0.14018932	0.010036141	0.30668083	0.07708509	0.012674117	0.3396495	1.0674627	2.8798897
shendure_obs	by_cre	Foxa2_chr2_13806	3	0.9392524	0.39595366	0.1568827	0.24159977	0.17179972	0.1548347	0.7251718	1.8906332	4.357264
shendure_obs	by_cre	Foxa2_chr2_13808	8	0.94231856	0.26084113	0.16791724	1.701861	0.61112225	0.35332924	0.026510902	0.7934489	2.7603338
shendure_obs	by_cre	Foxa2_chr2_13812	5	0.614553	0.1733735	0.046064526	0.24264354	0.122950196	0.13019851	0.19073294	1.4620177	2.8400164
shendure_obs	by_cre	Foxa2_chr2_13818	7	0.5970677	0.12456025	0.023590565	1.2410066	0.2332348	0.009923247	0.044520818	1.7743386	2.9860342
shendure_obs	by_cre	Foxa2_chr2_13820	7	0.32482433	0.114782654	0.093629956	0.97699714	0.34916338	0.1552517	0.025003552	1.4172057	4.1072226
shendure_obs	by_cre	Foxa2_chr2_13830	5	0.9629922	0.2482529	0.07389885	0.28297183	0.15762635	0.1777961	0.29899785	1.3144631	3.8846343
shendure_obs	by_cre	Foxa2_chr2_13835	7	0.5253384	0.1034707	0.044822812	0.7633574	0.16597213	0.031652752	0.055518523	1.128947	2.0870726
shendure_obs	by_cre	Foxa2_chr2_13840	10	0.16938901	0.024238769	0.0069171786	0.3312675	0.060191683	0.01985073	0.016787399	0.60170907	1.3459558
shendure_obs	by_cre	Foxa2_chr2_13841	10	0.53528976	0.087549016	0.041382313	0.34110406	0.061472278	0.033700455	0.2664885	1.4837385	2.606503
shendure_obs	by_cre	Foxa2_chr2_13856	3	0.5979253	0.22349013	0.0438779	1.6590668	0.6729143	0.29579118	0.0029455104	0.90851617	2.3204067
shendure_obs	by_cre	Foxa2_chr2_13858	6	0.3902037	0.09051166	0.039643526	0.18742032	0.051016834	0.013584502	0.59153616	1.9801149	3.4809117
shendure_obs	by_cre	Foxa2_chr2_13861	6	0.56953406	0.1142591	0.014628112	0.17369375	0.05554511	0.009448734	0.5606277	1.6192708	3.5637226
shendure_obs	by_cre	Foxa2_chr2_13862	8	0.65835667	0.20100081	0.16632335	2.0	0.54140925	0.2348094	0.04751299	1.0009096	3.1274986
shendure_obs	by_cre	Gata4_chr14_5677	10	0.015799046	0.007355607	0.005432725	0.12782085	0.017910454	0.0049458276	0.10551889	1.6634018	3.5022116
shendure_obs	by_cre	Gata4_chr14_5693	6	0.5058818	0.11175626	0.036758095	0.17386678	0.08406847	0.08241246	0.26438	1.1382418	3.1625352
shendure_obs	by_cre	Gata4_chr14_5710	6	0.7507796	0.17811938	0.053914487	0.24321863	0.093559004	0.04345315	0.73722076	1.6367866	3.4622407
shendure_obs	by_cre	Gata4_chr14_5714	8	0.8418244	0.15555248	0.076777816	0.3611783	0.12292513	0.057538986	0.09565737	1.016685	2.7516847
shendure_obs	by_cre	Gata4_chr14_5729	4	0.21684551	0.08130422	0.040557683	0.15715337	0.057888977	0.03416271	0.2403861	3.2368493	6.62126
shendure_obs	by_cre	Gata4_chr14_5742	10	0.016706705	0.003934817	0.002472937	0.2733036	0.031531833	0.0019649977	0.017638786	0.9319062	1.8693812
shendure_obs	by_cre	Gata4_chr14_5749	10	0.20839262	0.034124114	0.012684368	0.18005708	0.041636534	0.02365453	0.23464791	0.81902885	1.4837976
shendure_obs	by_cre	Gata4_chr14_5752	5	0.77890253	0.20839834	0.1077885	0.3268909	0.13596296	0.100193895	0.18614538	1.1739557	2.7722113
shendure_obs	by_cre	Gata4_chr14_5760	8	0.72032976	0.12361771	0.03806451	0.25685138	0.09786771	0.06384828	0.20044775	1.0478321	3.249734
shendure_obs	by_cre	Gata4_chr14_5762	3	0.8142421	0.3096639	0.08436	0.238302	0.2175901	0.23186181	0.15122637	1.3440605	3.918877
shendure_obs	by_cre	Gata4_chr14_5763	7	0.7862904	0.18231119	0.07994342	0.41957414	0.16758497	0.1886404	0.13451469	1.0934093	3.7607436
shendure_obs	by_cre	Gata4_chr14_5776	8	0.7281698	0.117679745	0.021177948	2.0	0.322602	0.053229038	0.00043058096	1.1663744	2.4200158
shendure_obs	by_cre	Gata4_chr14_5779	4	0.72962546	0.23434687	0.09952138	0.37949306	0.17798626	0.16272333	0.26114976	1.466475	2.9690282
shendure_obs	by_cre	Igfbp4_chr11_16694	7	0.69395936	0.16518648	0.074539214	0.8669835	0.33222812	0.23694995	0.04249935	0.6410945	2.204534
shendure_obs	by_cre	Igfbp4_chr11_16710	10	0.14663905	0.0212669	0.007407084	0.17498866	0.026532337	0.007172157	0.2256364	0.9836626	2.1012433
shendure_obs	by_cre	Igfbp4_chr11_16711	10	0.18259941	0.052567214	0.04030715	0.8309887	0.116570786	0.027671497	0.12843783	1.2713741	2.4367468
shendure_obs	by_cre	Igfbp4_chr11_16716	8	0.6274333	0.10835138	0.033504248	0.6303359	0.10536122	0.017436914	0.5875704	1.5310957	3.003552
shendure_obs	by_cre	Igfbp4_chr11_16728	10	0.22818682	0.03259376	0.011941671	0.44516677	0.051239062	0.0063966704	0.39849386	1.6621214	2.4864979
shendure_obs	by_cre	Igfbp4_chr11_16735	8	0.3515188	0.13645622	0.10780084	0.9130365	0.18023634	0.047169406	0.20924033	2.317237	3.892562
shendure_obs	by_cre	Igfbp4_chr11_16738	9	0.59305596	0.12946464	0.07528961	0.77741367	0.14621432	0.05217293	0.4663297	1.3648921	2.656614
shendure_obs	by_cre	Igfbp4_chr11_16740	10	0.15764356	0.033700157	0.026646495	2.0	0.2689899	0.05539878	0.0012646606	0.6741277	1.5574397
shendure_obs	by_cre	Igfbp4_chr11_16743	10	0.40926957	0.12051435	0.09178686	2.0	0.37911436	0.14049375	0.026907926	0.8163142	1.5160488
shendure_obs	by_cre	Igfbp4_chr11_16784	6	0.6772475	0.13219573	0.025576122	0.30249286	0.08283063	0.03379209	0.17961547	1.4229299	2.5775113
shendure_obs	by_cre	Klf4_chr4_3934	10	0.52401483	0.07290718	0.024028808	0.38845107	0.09142221	0.027872134	0.0850366	0.8605455	1.6109929
shendure_obs	by_cre	Klf4_chr4_3936	3	0.59485865	0.24186645	0.0784536	0.2183383	0.13489741	0.17583284	0.3200945	2.904053	4.9958897
shendure_obs	by_cre	Klf4_chr4_3946	9	0.5730977	0.098884046	0.048176885	0.608839	0.1200688	0.033891644	0.059859175	1.3758272	2.663373
shendure_obs	by_cre	Klf4_chr4_3948	10	0.04812777	0.014235757	0.012406357	0.06427109	0.019135933	0.013611205	0.23515047	0.977019	2.1401536
shendure_obs	by_cre	Klf4_chr4_3949	9	0.29542017	0.055606287	0.034466565	0.33593336	0.088054664	0.043776292	0.18759075	0.98071015	2.354445
shendure_obs	by_cre	Klf4_chr4_3951	8	0.4262184	0.06330654	0.013943076	0.44375697	0.06107698	0.005905895	0.74736786	1.7957995	2.8010104
shendure_obs	by_cre	Klf4_chr4_3952	4	0.6707871	0.21808536	0.083370656	0.18479912	0.112606734	0.11555038	0.2739003	2.0051627	4.2630053
shendure_obs	by_cre	Klf4_chr4_3958	6	0.65248764	0.20519008	0.10562228	0.30279338	0.14172798	0.13316837	0.48900178	1.5385661	2.4811378
shendure_obs	by_cre	Lama1_chr17_7784	7	0.58120036	0.20328593	0.20080805	0.37703365	0.13881545	0.14505164	0.45204476	2.5672677	6.53112
shendure_obs	by_cre	Lama1_chr17_7787	3	0.64186406	0.24296667	0.050812602	0.21116798	0.1077511	0.056346234	0.63176155	1.5304185	3.360522
shendure_obs	by_cre	Lama1_chr17_7788	7	0.6243911	0.1612147	0.10678965	0.59220606	0.16126834	0.12307555	0.14255187	1.3020972	3.2800155
shendure_obs	by_cre	Lama1_chr17_7791	3	0.6622014	0.2441899	0.055146202	0.26897562	0.17854853	0.2631162	0.17744996	2.335069	4.291031
shendure_obs	by_cre	Lama1_chr17_7793	10	0.47927445	0.088031396	0.03606844	1.9904705	0.2962963	0.054119986	0.00019129837	0.8890524	1.6322701
shendure_obs	by_cre	Lama1_chr17_7799	5	0.47521734	0.10212346	0.012236834	0.17316088	0.04174798	0.009170573	0.79067814	1.3177025	2.9819777
shendure_obs	by_cre	Lama1_chr17_7814	9	0.42633384	0.093127936	0.030293941	0.51311266	0.0981924	0.02591692	0.20899965	1.7463366	3.0244672
shendure_obs	by_cre	Lama1_chr17_7874	4	0.56013954	0.2353	0.19024068	1.1068593	0.33432433	0.11500958	0.22599234	1.5633869	3.3126059
shendure_obs	by_cre	Lama1_chr17_7892	2	0.5179887	0.26860097	0.26860097	1.2075152	0.66777724	0.66777724	0.006304779	2.0307286	4.30454
shendure_obs	by_cre	Lama1_chr17_7907	2	0.90186405	0.54143226	0.54143226	0.33010158	0.27127716	0.27127716	0.76145595	1.7920183	3.1830125
shendure_obs	by_cre	Lamb1_chr12_2182	3	1.0124731	0.38709685	0.09103429	0.9821641	0.47881117	0.32209468	0.029940909	1.2969921	3.6496387
shendure_obs	by_cre	Lamb1_chr12_2183	9	0.19027114	0.046520326	0.02466786	0.22043337	0.052373037	0.014079257	0.32252538	1.5692928	4.2216687
shendure_obs	by_cre	Lamb1_chr12_2186	9	0.685331	0.18343261	0.1523931	0.66015816	0.20117076	0.12370654	0.104752384	1.4448813	2.6932895
shendure_obs	by_cre	Lamb1_chr12_2189	5	0.74526596	0.20535484	0.110594034	0.48789346	0.17102265	0.052345242	0.1764644	1.4894028	3.2167313
shendure_obs	by_cre	Lamb1_chr12_2196	5	0.6285322	0.17863119	0.10294938	0.34121817	0.13487819	0.07423553	0.25558355	1.3243029	3.515061
shendure_obs	by_cre	Lamb1_chr12_2203	3	0.66942406	0.23629914	0.03190606	0.24630839	0.15775861	0.18701085	0.11358402	1.2995082	3.9143121
shendure_obs	by_cre	Lamb1_chr12_2206	2	1.1208153	0.6225547	0.6225547	2.0	1.1698632	1.1698632	0.013531039	1.6806581	3.8595767
shendure_obs	by_cre	Lamb1_chr12_2207	4	0.8278179	0.23352821	0.05016491	0.28784922	0.1149691	0.07132635	0.20008802	1.114596	3.2897825
shendure_obs	by_cre	Lamb1_chr12_2210	10	0.08771676	0.016990867	0.0094560385	0.14482483	0.03082442	0.007316689	0.04338767	1.3125036	2.3283668
shendure_obs	by_cre	Lamb1_chr12_2215	7	0.99811006	0.17822449	0.03979373	0.36703545	0.15477487	0.12556762	0.07349274	0.7288144	3.2184381
shendure_obs	by_cre	Lamb1_chr12_2216	9	0.38091004	0.08748872	0.07018232	0.26554433	0.06706629	0.04092231	0.29311615	1.3073289	2.0954113
shendure_obs	by_cre	Lamb1_chr12_2238	6	0.8596498	0.19811745	0.07139897	0.37713033	0.11370295	0.050269045	0.7369578	1.6288921	2.709275
shendure_obs	by_cre	Lamb1_chr12_2239	9	0.55145574	0.09819075	0.04534805	0.19855168	0.056228917	0.03372038	0.39071062	1.3637683	3.0531192
shendure_obs	by_cre	Lamb1_chr12_2288	5	0.6127415	0.14265254	0.035393566	0.19309458	0.0990684	0.108052455	0.22041477	1.3637141	3.479642
shendure_obs	by_cre	Lamb1_chr12_2289	5	1.020166	0.24184975	0.05658722	0.65927774	0.14770466	0.024194593	1.0373164	2.1687503	3.168158
shendure_obs	by_cre	Lamb1_chr12_2296	10	0.1993686	0.055429615	0.03965354	0.33012265	0.113492586	0.07507571	0.15558839	0.6760356	1.298221
shendure_obs	by_cre	Lamc1_chr1_12127	4	1.0358584	0.3558148	0.17978033	0.5510008	0.35653377	0.34035513	0.12927306	0.9672806	3.4997187
shendure_obs	by_cre	Lamc1_chr1_12152	10	0.3922162	0.055366628	0.017459605	1.7737006	0.2534994	0.045938186	0.001436688	0.8201276	3.2560256
shendure_obs	by_cre	Lamc1_chr1_12175	10	0.011146665	0.0053434325	0.0050047636	0.024004094	0.006261128	0.0047265156	0.1912638	1.204383	2.0406532
shendure_obs	by_cre	Lamc1_chr1_12183	1	1.1423469	1.1423469	1.1423469	0.31656292	0.31656292	0.31656292	3.0374198	3.6085932	4.1797667
shendure_obs	by_cre	Lamc1_chr1_12185	7	0.68831897	0.14002697	0.061877012	0.7243926	0.21590151	0.082984574	0.0059897173	1.4203889	4.0122275
shendure_obs	by_cre	Lamc1_chr1_12188	2	0.3753128	0.21341404	0.21341404	0.23379582	0.18351066	0.18351066	0.1945854	1.5187336	3.0047808
shendure_obs	by_cre	Lamc1_chr1_12189	6	0.2336579	0.064353995	0.043707848	2.0	0.34873602	0.017338581	0.113099836	2.3088863	4.27984
shendure_obs	by_cre	Lamc1_chr1_12193	6	0.88689387	0.1868067	0.037456095	0.5036752	0.11295974	0.02928852	0.7727589	1.5814966	2.2042916
shendure_obs	by_cre	Lamc1_chr1_12201	7	0.57799244	0.123469904	0.06196946	0.32153788	0.10654791	0.066407084	0.1617436	1.4769312	2.630397
shendure_obs	by_cre	Map1b_chr13_9429	9	0.32995832	0.04275536	0.006998658	0.27952352	0.06278696	0.0042064986	0.037864156	1.4912467	2.9512024
shendure_obs	by_cre	Map1b_chr13_9436	5	0.58875704	0.16067564	0.059455752	0.26028842	0.10456564	0.08093675	0.5295709	1.327082	2.5563195
shendure_obs	by_cre	Map1b_chr13_9445	10	0.6881509	0.11429467	0.04914996	0.3124264	0.10247654	0.07046504	0.15502152	0.9741662	2.546677
shendure_obs	by_cre	Map1b_chr13_9447	10	0.05084869	0.015248646	0.010432653	0.74315	0.09137351	0.009878745	0.04299884	1.0039461	1.7300016
shendure_obs	by_cre	Sox17_chr1_58	8	0.76762676	0.1472604	0.058888376	0.75722134	0.19376266	0.033225253	0.102491245	1.336957	2.6421602
shendure_obs	by_cre	Sox17_chr1_59	6	0.7120905	0.13873513	0.017434299	0.19994447	0.07531572	0.024068002	0.05039928	1.0655745	4.1887774
shendure_obs	by_cre	Sox17_chr1_60	6	0.6666086	0.1449203	0.045146912	0.26660454	0.08369896	0.03943488	0.60197735	1.4332533	2.833669
shendure_obs	by_cre	Sox17_chr1_65	6	0.76769865	0.16827522	0.062003672	0.43976775	0.11419907	0.056867916	0.54274106	1.5913496	2.829825
shendure_obs	by_cre	Sox17_chr1_67	8	0.6734088	0.12612861	0.060340866	0.63170755	0.11658566	0.033879194	0.39241028	1.5415126	2.728347
shendure_obs	by_cre	Sox17_chr1_68	3	0.7733251	0.37739822	0.18288994	0.33883855	0.22914362	0.2803352	0.5609524	1.8376217	2.6689444
shendure_obs	by_cre	Sox17_chr1_69	7	0.6727874	0.1140997	0.022973299	0.33965683	0.06069831	0.014048543	0.7984344	1.8233916	2.6342368
shendure_obs	by_cre	Sox17_chr1_73	5	0.550972	0.16136655	0.08579123	0.5192448	0.20831576	0.22443451	0.16706115	0.983415	2.5537481
shendure_obs	by_cre	Sox17_chr1_77	7	0.5861894	0.110068046	0.022131681	0.5127244	0.10450605	0.023977755	0.6632825	1.1549047	1.8969847
shendure_obs	by_cre	Sox17_chr1_78	5	0.9181926	0.24308881	0.11477858	1.0651059	0.35248673	0.28104663	0.0503733	1.0600411	3.7261436
shendure_obs	by_cre	Sox17_chr1_82	10	0.6551752	0.10504514	0.04457944	2.0	0.3356389	0.093603104	0.005616478	0.61611044	2.5689087
shendure_obs	by_cre	Sox17_chr1_83	4	0.84581804	0.26454574	0.0843645	0.17802113	0.112697996	0.12015119	0.52776563	1.8876257	5.1741314
shendure_obs	by_cre	Sox2_chr3_2005	8	0.5861558	0.124331236	0.062330484	1.6981874	0.2331721	0.022929102	0.052087694	2.6744583	4.243705
shendure_obs	by_cre	Sox2_chr3_2007	9	0.07924271	0.045286816	0.036298275	0.032666266	0.011347006	0.0070983483	2.129678	4.639296	6.2977767
shendure_obs	by_cre	Sox2_chr3_2008	6	0.79462254	0.14925934	0.023044944	1.0217292	0.17764302	0.008884207	0.380412	2.3492334	3.704031
shendure_obs	by_cre	Sox2_chr3_2009	8	0.03694111	0.008055575	0.0044515133	0.04751988	0.006746733	0.0010610315	0.75891167	4.104494	6.11712
shendure_obs	by_cre	Sox4_chr13_2052	10	0.15302074	0.021126281	0.005285356	0.25814018	0.04558738	0.008803412	0.10060174	0.57439196	0.9572311
shendure_obs	by_cre	Sox4_chr13_2054	8	0.56065345	0.111720584	0.04283592	0.2228601	0.09253591	0.07470304	0.23124588	1.0777771	3.5432358
shendure_obs	by_cre	Sox4_chr13_2055	10	0.4191823	0.08867271	0.06770906	0.81267023	0.2700584	0.18649177	0.00038520212	0.57314664	1.5813181
shendure_obs	by_cre	Sox4_chr13_2057	6	0.5191517	0.13037619	0.06904432	0.1627189	0.08038581	0.068335995	0.40309343	1.5933625	3.8153794
shendure_obs	by_cre	Sparc_chr11_7180	6	1.1845903	0.2257315	0.032949865	0.3240235	0.1001024	0.06443284	0.14460348	0.99062276	4.248173
shendure_obs	by_cre	Sparc_chr11_7182	2	1.1345117	0.65441453	0.65441453	0.61349535	0.4973184	0.4973184	0.19697933	1.630377	3.5438719
shendure_obs	by_cre	Sparc_chr11_7195	10	0.51617086	0.06833151	0.018570319	0.49912313	0.09048119	0.023844847	0.13125797	0.8022462	1.3581825
shendure_obs	by_cre	Sparc_chr11_7198	6	0.63324904	0.16791427	0.09656422	0.5198719	0.19052668	0.13612416	0.17524132	1.05589	3.63551
shendure_obs	by_cre	Sparc_chr11_7199	5	1.0590165	0.3127342	0.15404582	0.5308829	0.3546063	0.35444343	0.056910522	0.97108585	3.5173376
shendure_obs	by_cre	Sparc_chr11_7203	9	0.4737375	0.09904118	0.04721713	1.3031739	0.17977133	0.03391227	0.12665716	1.3808955	2.3327527
shendure_obs	by_cre	Sparc_chr11_7205	9	0.26934278	0.03745171	0.008088827	0.28088644	0.042023886	0.009626106	0.15137824	1.1245213	2.5772295
shendure_obs	by_cre	Sparc_chr11_7207	3	0.72145295	0.29515946	0.09945941	0.29330078	0.14554583	0.07692511	0.93992686	1.5749732	2.820498
shendure_obs	by_cre	Sparc_chr11_7210	8	0.62224245	0.09361276	0.016503662	0.24076162	0.07004574	0.031643495	0.14906107	0.85524327	2.8955965
shendure_obs	by_cre	Sparc_chr11_7211	10	0.19544351	0.033634488	0.014797971	0.13535254	0.027314702	0.016451608	0.119604096	1.138108	3.2346666
shendure_obs	by_cre	Sparc_chr11_7213	4	0.77656794	0.3675296	0.258317	0.69051945	0.41964793	0.43043607	0.16774952	1.5431931	3.7647123
shendure_obs	by_cre	Sparc_chr11_7230	10	0.13754565	0.06850742	0.07381618	0.27143794	0.11755921	0.078552514	0.14522189	0.87807447	1.9638239
shendure_obs	by_cre	Sparc_chr11_7233	3	1.2475004	0.4738525	0.12729043	0.4866835	0.340109	0.4799687	0.20156047	1.2332557	3.1870186
shendure_obs	by_cre	Sparc_chr11_7234	10	0.15409112	0.045122296	0.033815652	0.14086498	0.05621048	0.04950601	0.2777517	0.905468	1.5450213
shendure_obs	by_cre	Sparc_chr11_7235	10	0.08065036	0.03771847	0.0332942	0.20832852	0.06638666	0.029159753	0.18230435	0.94608766	1.5411986
shendure_obs	by_cre	Sparc_chr11_7243	7	0.6319635	0.1276489	0.0532068	0.44765297	0.16351731	0.051138725	0.09352611	1.0988903	2.6359768
shendure_obs	by_cre	Tgfbi_chr13_5692	9	0.10904363	0.038050577	0.021317005	2.0	0.39374194	0.02015741	0.0068470947	1.1029931	2.5054808
shendure_obs	by_cre	Tgfbi_chr13_5701	5	1.3144325	0.40494186	0.25734472	2.0	1.1499966	1.1879622	0.05334088	0.8526076	3.011738
shendure_obs	by_cre	Tgfbi_chr13_5705	10	0.08078575	0.014253381	0.00581342	0.19141579	0.027561197	0.01181513	0.2578058	0.8696969	1.8696442
shendure_obs	by_cre	Tgfbi_chr13_5711	3	0.59021765	0.26659945	0.10926294	2.0	0.69198126	0.041151203	0.29348716	1.9445316	2.9334867
shendure_obs	by_cre	Tgfbi_chr13_5724	7	0.67053723	0.13286239	0.02574122	0.9212822	0.24056196	0.12715907	0.081506744	0.65898085	3.191425
shendure_obs	by_cre	Tgfbi_chr13_5735	8	0.80298185	0.12788203	0.036817677	2.0	0.3376655	0.055919454	0.0072508194	0.8530133	2.8222692
shendure_obs	by_cre	Tgfbi_chr13_5741	10	0.04331112	0.014544144	0.008189708	0.072939135	0.020137554	0.011110285	0.05972793	0.716318	1.3881291
shendure_obs	by_cre	Tubb2b_chr13_2557	7	0.5863683	0.109123334	0.030176431	0.2347248	0.054435957	0.016774002	0.4969268	1.6814654	2.7912939
shendure_obs	by_cre	Tubb2b_chr13_2568	10	0.07259166	0.011457885	0.004606247	0.081835106	0.011557594	0.0034903407	0.5157718	1.2335179	1.9768726
shendure_obs	by_cre	Tubb2b_chr13_2572	9	0.6607342	0.09127553	0.023524702	0.2830866	0.082798466	0.044780843	0.025427595	0.90924275	2.6644027
shendure_obs	by_cre	Tubb2b_chr13_2576	10	0.015893102	0.0068598813	0.004704807	0.0337528	0.0072372532	0.004495746	0.11414456	1.5413847	2.6028032
shendure_obs	by_cre	Tubb2b_chr13_2577	9	0.67383134	0.12791155	0.06339061	2.0	0.34981316	0.047474373	0.005728778	1.0727814	2.4581926
shendure_obs	by_cre	Tubb2b_chr13_2578	7	0.83181524	0.18685992	0.0463109	1.9523402	0.39171293	0.13002308	0.002602525	0.9097206	3.3603551
shendure_obs	by_cre	Tubb2b_chr13_2580	8	0.68577194	0.11784306	0.036696553	1.4342265	0.24003379	0.022857497	0.017410437	1.3051207	2.460305
shendure_obs	by_cre	Tubb2b_chr13_2583	9	0.5222132	0.11689149	0.06570637	0.25441432	0.13364291	0.16087683	0.22976774	0.858082	2.3137162
shendure_obs	by_cre	Tubb2b_chr13_2590	8	0.5288551	0.087581314	0.026932687	0.44459292	0.12064858	0.042498805	0.11305211	0.6363727	1.4539541
shendure_obs	by_cre	Txndc12_chr4_7951	10	0.68054044	0.0813283	0.016531289	0.5007119	0.08070026	0.011539298	0.14089909	1.2277262	1.8241109
shendure_obs	by_cre	Txndc12_chr4_7961	10	0.282804	0.037211686	0.008533567	0.47258362	0.054691814	0.007294476	0.4570191	1.3198351	2.8006468
shendure_obs	by_cre	Txndc12_chr4_7962	10	0.3228296	0.045601595	0.016331911	0.3001216	0.088121735	0.03796728	0.025964607	0.6162546	1.5984002
shendure_obs	by_cre	Txndc12_chr4_7969	2	0.5090158	0.31265005	0.31265005	0.3140791	0.23779401	0.23779401	0.6618448	1.1703241	1.875169
shendure_obs	by_cre	Txndc12_chr4_7971	7	1.013752	0.28752276	0.23819935	2.0	0.44147116	0.1466968	0.11886316	1.305632	2.4725437
shendure_obs	by_cre	Txndc12_chr4_7973	10	0.072692394	0.015209305	0.007481694	0.06290884	0.021726603	0.010535858	0.25387028	0.86562043	1.5190878
shendure_obs	by_cre	Txndc12_chr4_7975	5	0.6178272	0.15836369	0.06520355	0.25225562	0.14882907	0.112122335	0.05541623	0.96771085	3.285952
shendure_obs	by_cre	Txndc12_chr4_7978	10	0.0906328	0.037353087	0.022089005	0.06523327	0.023021197	0.019323196	0.5360563	1.9703712	3.2576632
shendure_obs	by_cre	eef1aP	10	0.43577754	0.16626582	0.16458859	0.58112454	0.25630876	0.24527083	0.19114745	1.331085	5.6556845
shendure_obs	by_cre	pgk1P	10	0.0012302399	0.00063668785	0.000671044	0.0021281133	0.0008960491	0.00058314705	0.25737566	1.2025893	4.1078777
shendure_obs	by_cre	reference	10	0.14297426	0.023489196	0.010822177	0.08263625	0.013474183	0.0050516697	0.8681492	2.0000656	3.1696582
shendure_obs	by_cre	ubcP	10	0.0795002	0.021632144	0.02123724	0.16525647	0.03647196	0.021675223	0.004264688	1.0653	3.7355378
shendure_obs	by_cell_type	Cardiomyocytes	79	0.04829359	0.01085547	0.009721279	0.26153868	0.014091119	0.007154219	0.020678677	1.9681215	8.083285
shendure_obs	by_cell_type	EpiblastPrimitiveStreak	185	0.023566008	0.008426928	0.008080959	1.040156	0.027680593	0.008143778	0.005070292	1.3542981	8.494803
shendure_obs	by_cell_type	ExEndodermParietal	178	0.021188498	0.014383222	0.014119029	0.6648935	0.0342261	0.009958588	0.014427414	1.9638163	7.219908
shendure_obs	by_cell_type	ExEndodermVisceral	148	0.079824924	0.06692595	0.06675774	2.0	0.13613133	0.03702282	0.007182377	2.0030138	9.263837
shendure_obs	by_cell_type	Haematoendothelial	91	0.045139313	0.016917218	0.017282635	2.0	0.05123402	0.009856004	0.00081132445	1.966537	8.585977
shendure_obs	by_cell_type	Mesoderm	177	0.041428566	0.025260158	0.025349975	0.43993032	0.051464736	0.030183785	0.039444204	1.367116	8.587097
shendure_obs	by_cell_type	NeuroectodermBrain	173	0.101278305	0.07791065	0.07789457	2.0	0.20892128	0.08185829	0.004879162	1.5618958	9.474313
shendure_obs	by_cell_type	NeuroectodermRostral	85	0.045288086	0.04161683	0.041666746	0.45242888	0.03503572	0.018333632	0.07094349	2.433852	7.943408
shendure_obs	by_cell_type	SurfaceEctoderm	139	0.10732651	0.07935232	0.079485536	2.0	0.12592657	0.053080026	0.009530825	2.0081887	9.413427
shendure_obs	by_cell_type	reference	207	0.005613804	0.0006130399	0.00043338537	0.017883074	0.0008386569	0.00041906416	0.021539457	1.3893166	7.4086294
shendure_cm	by_cre	Bend5_chr4_8168	10	0.7636366	0.30388775	0.33713043	0.14429575	0.105851196	0.11979641	0.3521988	2.8716407	9.8937845
shendure_cm	by_cre	Bend5_chr4_8170	10	1.4660859	1.0168376	1.1912715	0.2548973	0.18408284	0.21531479	1.4057398	4.8869576	8.11671
shendure_cm	by_cre	Bend5_chr4_8172	10	1.0272369	0.44201407	0.4581709	0.9028308	0.28785625	0.2509861	0.076832555	2.4136357	11.062322
shendure_cm	by_cre	Bend5_chr4_8174	10	0.652833	0.16931544	0.0896515	0.61070484	0.115410164	0.067539394	0.077923484	2.3967109	9.94729
shendure_cm	by_cre	Bend5_chr4_8175	10	1.1084094	0.20102994	0.100577556	2.0	0.61341995	0.23520204	0.00074296095	0.8823546	6.6103306
shendure_cm	by_cre	Bend5_chr4_8179	10	0.9178057	0.23697984	0.047973722	0.20847529	0.09132339	0.061797194	0.17394686	2.2620518	9.623824
shendure_cm	by_cre	Bend5_chr4_8192	10	0.626461	0.15575491	0.09518184	0.33815625	0.090444736	0.042831525	0.2693143	2.797358	10.515478
shendure_cm	by_cre	Bend5_chr4_8199	10	1.1415443	0.2507704	0.061210036	0.33603665	0.11323929	0.0955378	0.074414104	2.3973582	9.467373
shendure_cm	by_cre	Bend5_chr4_8201	10	1.0960464	0.31292382	0.24366426	2.0	0.29729405	0.10623944	0.013430962	2.9272246	9.598709
shendure_cm	by_cre	Btg1_chr10_9572	10	1.1357794	0.75138444	0.8596064	0.22685657	0.18712611	0.2057083	0.4056636	3.9366584	9.675697
shendure_cm	by_cre	Btg1_chr10_9578	10	0.89701796	0.15403812	0.07116562	0.3741057	0.09870808	0.0485192	0.07714376	1.6784189	4.5801167
shendure_cm	by_cre	Btg1_chr10_9588	10	0.58226585	0.12408187	0.07964626	0.11544682	0.042087488	0.032218408	0.71702486	3.2364292	9.83842
shendure_cm	by_cre	Btg1_chr10_9593	10	0.7333231	0.20642817	0.08000779	0.27739698	0.13016108	0.14020434	0.15109627	1.85816	9.388582
shendure_cm	by_cre	Btg1_chr10_9612	10	0.6469374	0.23774087	0.19127801	0.12557584	0.09320964	0.107736744	0.19024146	2.563258	9.697231
shendure_cm	by_cre	Btg1_chr10_9613	10	0.7125101	0.29174963	0.28799558	0.56143165	0.1313714	0.09035303	0.12509719	3.323314	10.067075
shendure_cm	by_cre	Cdk5r1_chr11_12559	10	0.7488737	0.13607953	0.07180965	0.21848501	0.08181904	0.077905476	0.080331035	1.7207849	7.13148
shendure_cm	by_cre	Cdk5r1_chr11_12562	10	1.1907151	0.24229486	0.1413812	0.26192558	0.0913456	0.08685093	0.3270394	2.2176301	5.1413627
shendure_cm	by_cre	Cdk5r1_chr11_12574	10	1.006021	0.15606317	0.058403462	0.22702806	0.08692606	0.06662178	0.27322587	1.2860166	4.9342737
shendure_cm	by_cre	Cdk5r1_chr11_12575	10	0.8712702	0.20137544	0.068678975	0.1248013	0.064093396	0.06349053	0.4118879	2.3033147	8.940674
shendure_cm	by_cre	Cdk5r1_chr11_12582	10	1.1539979	0.23724751	0.13955516	1.1649245	0.2344815	0.10856734	0.018386962	1.6496766	7.46286
shendure_cm	by_cre	Cdk5r1_chr11_12590	10	0.7235832	0.3662941	0.46341765	0.2606725	0.1313941	0.14421806	0.047152817	3.1977754	9.762153
shendure_cm	by_cre	Cdk5r1_chr11_12595	10	0.83626556	0.28010345	0.2515695	1.059703	0.23365042	0.09047548	0.03407869	3.1066496	10.586665
shendure_cm	by_cre	Cited2_chr10_1239	10	0.5560188	0.07015215	0.019327998	0.053040013	0.010332687	0.0062046116	1.8232813	3.5252533	10.761017
shendure_cm	by_cre	Cited2_chr10_1246	10	0.7648916	0.5247873	0.5856293	0.24924585	0.2098306	0.23949188	0.3476337	2.9065926	10.7122135
shendure_cm	by_cre	Cited2_chr10_1248	10	1.1459074	0.53564864	0.575102	0.16631426	0.13593927	0.15127951	0.52945673	3.8302784	9.789882
shendure_cm	by_cre	Cited2_chr10_1253	10	1.0908127	0.32480305	0.08921008	2.0	0.3687222	0.18677522	0.011553812	1.9461018	8.89194
shendure_cm	by_cre	Cited2_chr10_1254	10	1.062758	0.17743699	0.08237751	2.0	0.40802383	0.14312634	0.006129094	1.2472804	5.705445
shendure_cm	by_cre	Cited2_chr10_1267	10	0.816494	0.2803016	0.09788659	2.0	0.3129983	0.14753586	0.015294991	2.2191398	10.078782
shendure_cm	by_cre	Cited2_chr10_1270	10	0.55931187	0.10900869	0.064793825	0.21798117	0.039964817	0.01695499	0.51018876	3.6175828	9.283589
shendure_cm	by_cre	Col1a1_chr11_15258	10	0.7817993	0.20967464	0.10838932	0.14260955	0.0784253	0.07472685	0.5552499	2.2712383	8.882246
shendure_cm	by_cre	Col1a1_chr11_15259	10	1.0818672	0.27532774	0.12657373	0.51000476	0.15865207	0.10526496	0.3217009	1.9205122	9.019436
shendure_cm	by_cre	Col1a1_chr11_15269	10	0.86292076	0.26290128	0.2275672	2.0	0.25769937	0.06902487	0.0092006475	3.5389686	9.749428
shendure_cm	by_cre	Col1a1_chr11_15270	10	0.5330782	0.08897933	0.026027098	0.074371874	0.03969525	0.03966476	0.3376408	1.9963624	8.476
shendure_cm	by_cre	Col1a1_chr11_15273	10	0.663537	0.15486546	0.113791764	0.07382854	0.038097486	0.03507346	0.8171194	3.422198	9.319309
shendure_cm	by_cre	Col1a1_chr11_15275	10	0.84301853	0.2548381	0.07900405	0.12837923	0.05881811	0.0438826	0.61658216	2.9780505	7.5229335
shendure_cm	by_cre	Col1a1_chr11_15276	10	1.312942	0.38898176	0.1839844	0.4888442	0.1439244	0.07788078	0.581366	2.6108403	6.825529
shendure_cm	by_cre	Col1a1_chr11_15301	10	0.8351593	0.334049	0.3118502	0.3854355	0.14461948	0.13292256	0.12614225	2.7996755	8.936234
shendure_cm	by_cre	Col1a1_chr11_15307	10	1.0987601	0.21028814	0.11056015	2.0	0.447877	0.18809178	0.01910096	1.1030705	6.863361
shendure_cm	by_cre	Col1a1_chr11_15316	10	0.9669852	0.28373712	0.10156155	0.35495266	0.10291294	0.05763361	0.4815569	2.759435	8.080497
shendure_cm	by_cre	Col1a1_chr11_15322	10	0.9628768	0.1590642	0.074195996	2.0	0.5997556	0.25106865	0.004987175	1.1186537	8.553316
shendure_cm	by_cre	Col1a2_chr6_72	10	0.6359329	0.18578903	0.18178594	0.06897171	0.045636304	0.052333035	0.082633145	3.3974414	9.538166
shendure_cm	by_cre	Col1a2_chr6_73	10	1.2404137	0.35568774	0.29774797	0.1470527	0.1052501	0.12259266	0.23580748	2.834982	9.364713
shendure_cm	by_cre	Col1a2_chr6_77	10	1.103715	0.2511221	0.11153653	0.39071593	0.13949971	0.13540074	0.03627726	2.004648	8.552379
shendure_cm	by_cre	Col1a2_chr6_88	10	0.9589195	0.4145295	0.48221028	0.19124453	0.11807732	0.15160844	0.63891375	3.1212277	10.378244
shendure_cm	by_cre	Col1a2_chr6_93	10	0.9786246	0.24934053	0.08562142	0.22214559	0.10170225	0.08466661	0.25870863	1.9269607	6.304392
shendure_cm	by_cre	Col5a1_chr2_2558	10	0.6632843	0.16077098	0.12978044	0.10925483	0.055944867	0.062327966	0.9697762	2.6070728	9.611479
shendure_cm	by_cre	Col5a1_chr2_2562	10	0.54603195	0.113338575	0.048208952	0.25603858	0.06916319	0.013717517	0.4736076	3.0191617	10.370958
shendure_cm	by_cre	Col5a1_chr2_2565	10	1.1836052	0.43061298	0.26419294	0.40536186	0.14181788	0.10394199	0.43395075	2.8125336	9.53631
shendure_cm	by_cre	Col5a1_chr2_2571	10	0.8943825	0.34931818	0.114893675	0.2671941	0.115503624	0.07400762	0.3168439	2.4678268	9.089376
shendure_cm	by_cre	Col5a1_chr2_2575	10	0.8952584	0.13664111	0.05542326	0.20899947	0.07021126	0.049023967	0.32334584	1.5870825	6.855694
shendure_cm	by_cre	Col5a1_chr2_2576	10	1.0863099	0.1827427	0.08440161	0.6489415	0.179373	0.09891832	0.0626641	1.6106491	9.007673
shendure_cm	by_cre	Col5a1_chr2_2586	10	0.745821	0.24372354	0.2258079	0.07585823	0.0668086	0.072245985	0.49423397	3.3869832	10.413436
shendure_cm	by_cre	Epas1_chr17_10056	10	0.49853516	0.14481124	0.09000442	1.689181	0.32923383	0.14829946	0.0076621496	2.0094967	10.013621
shendure_cm	by_cre	Epas1_chr17_10057	10	0.5710411	0.2682076	0.23440593	2.0	0.26104555	0.0864144	0.0006651876	3.3755383	8.962318
shendure_cm	by_cre	Epas1_chr17_10061	10	0.89997005	0.16616137	0.07610711	1.962524	0.5218294	0.22957817	0.0019703314	1.4033439	9.38521
shendure_cm	by_cre	Epas1_chr17_10063	10	0.9802809	0.24296153	0.09412566	0.1181488	0.067107946	0.08105177	0.69837976	3.4792747	9.233582
shendure_cm	by_cre	Epas1_chr17_10064	10	0.51722145	0.087249435	0.030053139	0.27421814	0.04815884	0.0068662427	0.31524438	3.764267	9.234656
shendure_cm	by_cre	Epas1_chr17_10066	10	1.3068991	0.41639432	0.14092135	0.34534016	0.17699866	0.15864187	0.16526692	2.2022157	10.062451
shendure_cm	by_cre	Epas1_chr17_10070	10	1.1214318	0.20279741	0.09535284	1.3703468	0.3295466	0.1577098	0.020089583	1.2696377	6.6318064
shendure_cm	by_cre	Epas1_chr17_10071	10	1.5361786	0.39789027	0.18025285	0.3027858	0.15379669	0.16175212	0.55513406	2.2720737	7.167679
shendure_cm	by_cre	Epas1_chr17_10116	10	0.9216614	0.2552181	0.19957864	0.1528952	0.09233504	0.10438347	0.4604356	2.4831638	9.645389
shendure_cm	by_cre	Foxa2_chr2_13806	10	0.48460865	0.10812855	0.072564304	0.13224217	0.04214547	0.0288619	0.96014756	2.8097737	10.9240265
shendure_cm	by_cre	Foxa2_chr2_13808	10	0.890008	0.24059567	0.1323118	1.4429858	0.3136323	0.16562241	0.027872443	1.86133	9.336298
shendure_cm	by_cre	Foxa2_chr2_13812	10	0.76739025	0.24993813	0.27190328	0.09963462	0.06346018	0.08184035	0.27960047	3.4229321	9.342845
shendure_cm	by_cre	Foxa2_chr2_13818	10	0.4979744	0.12191677	0.07139064	0.16107996	0.057001047	0.03958708	0.26346442	2.8506165	9.13427
shendure_cm	by_cre	Foxa2_chr2_13820	10	1.1318684	0.40093294	0.10220173	0.24403524	0.12776111	0.114723906	0.2135926	2.9274862	8.973849
shendure_cm	by_cre	Foxa2_chr2_13830	10	0.6585674	0.19481257	0.19612694	0.09704364	0.066727735	0.08747548	0.34005928	2.7315354	10.493912
shendure_cm	by_cre	Foxa2_chr2_13835	10	0.7132206	0.19285074	0.0615502	0.11948582	0.05772688	0.04664366	0.7721588	2.4845233	8.871478
shendure_cm	by_cre	Foxa2_chr2_13840	10	0.9910369	0.190864	0.10564847	2.0	0.5746443	0.21676117	0.0142043745	1.2437449	7.9235253
shendure_cm	by_cre	Foxa2_chr2_13841	10	0.86494875	0.1675133	0.0841313	0.18607324	0.071570925	0.059149638	0.37701246	2.3045518	8.385707
shendure_cm	by_cre	Foxa2_chr2_13856	10	1.1059756	0.45429152	0.47344017	2.0	0.28522217	0.09960286	0.004845336	4.4271345	8.557462
shendure_cm	by_cre	Foxa2_chr2_13858	10	0.75264263	0.27146783	0.20814413	0.111401826	0.066231	0.08885225	0.29809716	3.6095185	8.975083
shendure_cm	by_cre	Foxa2_chr2_13861	10	0.83791065	0.28823653	0.24322826	0.17918992	0.09538816	0.078975216	0.48161513	2.6861117	10.420996
shendure_cm	by_cre	Foxa2_chr2_13862	10	0.832942	0.25472134	0.11748545	0.3556542	0.15677848	0.1549389	0.21642913	2.1644866	9.971779
shendure_cm	by_cre	Gata4_chr14_5677	10	0.838336	0.15897183	0.08343601	2.0	0.3679634	0.07234469	0.012037458	2.013626	5.265593
shendure_cm	by_cre	Gata4_chr14_5693	10	0.8915777	0.30047756	0.2382876	0.35694563	0.1364775	0.1450682	0.15480962	2.5399706	9.924355
shendure_cm	by_cre	Gata4_chr14_5710	10	1.199852	0.4310731	0.34493822	0.2632012	0.14377564	0.12510276	0.8555594	2.7281373	10.3339405
shendure_cm	by_cre	Gata4_chr14_5714	10	0.77293587	0.23398395	0.039906353	0.30663103	0.11144745	0.04296974	0.057606716	2.142364	9.686651
shendure_cm	by_cre	Gata4_chr14_5729	10	0.56899166	0.17252418	0.12005019	0.69603324	0.101375744	0.023233987	0.21752098	4.5829906	10.392667
shendure_cm	by_cre	Gata4_chr14_5742	10	1.0280395	0.20586869	0.11994839	0.80247575	0.20683226	0.1566317	0.0775879	1.401583	5.657669
shendure_cm	by_cre	Gata4_chr14_5749	10	1.039804	0.20936307	0.11925216	1.8147526	0.32249466	0.14823666	0.0072970083	1.5216024	7.7599473
shendure_cm	by_cre	Gata4_chr14_5752	10	0.6213026	0.12939847	0.08394158	0.20122299	0.046202905	0.026702348	0.22172849	3.4001434	9.3451
shendure_cm	by_cre	Gata4_chr14_5760	10	0.7889252	0.19191833	0.0429855	0.19415167	0.079150535	0.054879867	0.32795307	2.0612597	10.083592
shendure_cm	by_cre	Gata4_chr14_5762	10	0.6999855	0.31156957	0.3329985	0.19523913	0.10977806	0.117814586	0.12273521	3.0708852	10.6442585
shendure_cm	by_cre	Gata4_chr14_5763	10	0.6118994	0.22208023	0.11587149	1.0333729	0.24300054	0.12796566	0.049270343	1.8267572	10.83368
shendure_cm	by_cre	Gata4_chr14_5776	10	0.94452524	0.2927004	0.16069064	1.7601081	0.3377933	0.16636339	0.014553779	2.221105	8.823327
shendure_cm	by_cre	Gata4_chr14_5779	10	0.73471165	0.34620732	0.366413	0.33678553	0.11547109	0.10930051	0.17619644	3.5361304	9.698806
shendure_cm	by_cre	Igfbp4_chr11_16694	10	1.3494778	0.44583035	0.1499696	1.5981535	0.34237516	0.19063646	0.010307414	2.156985	9.119819
shendure_cm	by_cre	Igfbp4_chr11_16710	10	0.7077322	0.13543496	0.065131366	0.3322406	0.08940961	0.06578809	0.116878055	1.8060987	7.4718695
shendure_cm	by_cre	Igfbp4_chr11_16711	10	0.9920449	0.19060817	0.10620594	0.18642958	0.070676535	0.05508425	0.53901714	2.2321377	5.8173075
shendure_cm	by_cre	Igfbp4_chr11_16716	10	0.97977877	0.2947926	0.14735907	0.33281702	0.09867916	0.09606714	0.53280693	2.9335907	7.7247458
shendure_cm	by_cre	Igfbp4_chr11_16728	10	0.9024434	0.1557821	0.073583126	0.13542026	0.05492962	0.04214064	0.6232292	2.3415537	7.115242
shendure_cm	by_cre	Igfbp4_chr11_16735	10	0.64890337	0.20609696	0.08258784	0.2561562	0.06540334	0.028720817	0.28485402	3.3347735	6.7761526
shendure_cm	by_cre	Igfbp4_chr11_16738	10	1.4722252	0.3606266	0.124017715	0.38025543	0.13412064	0.081450716	0.50186217	2.0812218	7.9043026
shendure_cm	by_cre	Igfbp4_chr11_16740	10	0.9994402	0.19530608	0.10649513	2.0	0.320338	0.14285271	0.0034048043	1.38329	7.5822864
shendure_cm	by_cre	Igfbp4_chr11_16743	10	1.4167576	0.35928613	0.23408371	2.0	0.53204143	0.19403006	0.00899354	1.5515715	7.704019
shendure_cm	by_cre	Igfbp4_chr11_16784	10	0.9314995	0.31847665	0.24898428	0.20741652	0.10071693	0.11276709	0.17678718	3.097018	9.271725
shendure_cm	by_cre	Klf4_chr4_3934	10	1.0847645	0.23199877	0.13082689	1.1372746	0.23148453	0.14590424	0.034093592	1.6562061	7.9410653
shendure_cm	by_cre	Klf4_chr4_3936	10	0.56961155	0.15841444	0.12512767	0.10482796	0.04320982	0.039262697	0.6125398	3.9766839	10.38313
shendure_cm	by_cre	Klf4_chr4_3946	10	0.8913393	0.19646129	0.07831525	0.6337089	0.12821285	0.048927527	0.058175746	2.2304132	9.138477
shendure_cm	by_cre	Klf4_chr4_3948	10	0.85362387	0.12719744	0.044641607	0.17790839	0.06866284	0.042744517	0.21792088	1.4254166	5.535876
shendure_cm	by_cre	Klf4_chr4_3949	10	0.97674227	0.218177	0.083964944	0.21555486	0.094955295	0.090013474	0.27519593	2.0689158	7.6212473
shendure_cm	by_cre	Klf4_chr4_3951	10	0.8060074	0.20660968	0.09796798	0.10776844	0.054760396	0.046383284	1.1861011	3.0490513	7.882071
shendure_cm	by_cre	Klf4_chr4_3952	10	0.80113316	0.318135	0.31429553	0.20060709	0.11502782	0.1283644	0.3126562	3.077661	10.845706
shendure_cm	by_cre	Klf4_chr4_3958	10	0.84408426	0.37543178	0.35109526	0.19233547	0.109797165	0.11511871	0.9426099	3.1479223	9.119001
shendure_cm	by_cre	Lama1_chr17_7784	10	0.5596123	0.09959549	0.02540195	0.2620464	0.053915687	0.0052905097	0.4662004	3.7577755	9.782292
shendure_cm	by_cre	Lama1_chr17_7787	10	0.73701954	0.24736671	0.22814882	0.08874115	0.06929454	0.07580231	0.37319404	3.2103038	10.118331
shendure_cm	by_cre	Lama1_chr17_7788	10	0.7043619	0.183601	0.09526157	1.1344261	0.1892182	0.1046198	0.032283623	2.1831365	10.072794
shendure_cm	by_cre	Lama1_chr17_7791	10	1.2223482	0.7457058	0.8046031	0.20471084	0.16105711	0.16663897	0.13997889	4.5904155	9.479589
shendure_cm	by_cre	Lama1_chr17_7793	10	1.1292377	0.17760792	0.054841794	0.52476573	0.17377812	0.09270257	0.14104374	1.4960169	7.6876097
shendure_cm	by_cre	Lama1_chr17_7799	10	1.1429958	0.44928393	0.5327351	0.19147621	0.112055704	0.14335874	0.6445846	3.1410003	9.8252325
shendure_cm	by_cre	Lama1_chr17_7814	10	1.015954	0.23853949	0.09630215	0.16421042	0.084342495	0.07321952	0.21917287	2.715476	7.178131
shendure_cm	by_cre	Lama1_chr17_7874	10	0.91127825	0.3957557	0.41382885	0.13015546	0.07403986	0.08021241	1.0614713	4.4999137	7.4570994
shendure_cm	by_cre	Lama1_chr17_7892	10	0.490201	0.12836055	0.09893724	0.13701384	0.10454415	0.113227606	0.43201813	1.8457047	11.859265
shendure_cm	by_cre	Lama1_chr17_7907	10	0.8216667	0.3187845	0.29863513	0.10181309	0.08854079	0.09800139	0.6511888	3.4495094	10.262352
shendure_cm	by_cre	Lamb1_chr12_2182	10	1.5688057	0.81340635	0.87271285	0.41268197	0.24237414	0.25218526	0.11045673	3.6109276	10.159911
shendure_cm	by_cre	Lamb1_chr12_2183	10	1.1529837	0.30657688	0.19590585	0.3939523	0.14963397	0.10888916	0.44957194	2.536953	8.469728
shendure_cm	by_cre	Lamb1_chr12_2186	10	0.6769872	0.15951379	0.06644243	0.15085411	0.06465016	0.05036498	0.5432869	2.3824887	8.253182
shendure_cm	by_cre	Lamb1_chr12_2189	10	1.0010386	0.3427381	0.36229634	0.43447512	0.12517619	0.118661806	0.1456848	3.1107054	9.472798
shendure_cm	by_cre	Lamb1_chr12_2196	10	0.53968525	0.16698383	0.1725741	0.093038484	0.057720415	0.06970964	0.3606379	2.5457437	10.531794
shendure_cm	by_cre	Lamb1_chr12_2203	10	0.76934624	0.22551247	0.19052446	0.84335333	0.1423266	0.07090608	0.053051803	3.0822508	10.533047
shendure_cm	by_cre	Lamb1_chr12_2206	10	0.79197884	0.40782404	0.42074692	0.12849936	0.1140656	0.12048048	0.08839172	3.656669	10.206707
shendure_cm	by_cre	Lamb1_chr12_2207	10	0.6676893	0.16548097	0.09970398	1.3362622	0.19475947	0.049265373	0.02427624	2.7407355	10.311974
shendure_cm	by_cre	Lamb1_chr12_2210	10	1.0333166	0.2048151	0.11970773	0.34730345	0.13718297	0.13058273	0.05252168	1.7507274	6.4331317
shendure_cm	by_cre	Lamb1_chr12_2215	10	0.99883175	0.37529233	0.15753709	1.0133507	0.31546792	0.25710303	0.0881382	1.8399954	10.355463
shendure_cm	by_cre	Lamb1_chr12_2216	10	0.8715048	0.21240747	0.087007344	0.19478516	0.07200591	0.061591595	0.5325265	2.3212287	8.111976
shendure_cm	by_cre	Lamb1_chr12_2238	10	0.9949188	0.36008868	0.29980105	0.16779394	0.103987895	0.12723586	0.881432	3.0629206	9.364145
shendure_cm	by_cre	Lamb1_chr12_2239	10	0.99233437	0.23026657	0.07673536	0.30673385	0.12535536	0.09372362	0.2979551	2.142471	9.700615
shendure_cm	by_cre	Lamb1_chr12_2288	10	0.8414793	0.42908153	0.545676	0.22403173	0.12882562	0.15356429	0.6185808	2.9608605	10.215622
shendure_cm	by_cre	Lamb1_chr12_2289	10	1.275877	0.41466326	0.47412443	0.15422165	0.08594637	0.12219025	1.4267782	3.8447182	8.910947
shendure_cm	by_cre	Lamb1_chr12_2296	10	0.70124626	0.12359244	0.061444223	0.36976895	0.09493563	0.06509864	0.1407434	1.5090579	7.274483
shendure_cm	by_cre	Lamc1_chr1_12127	10	1.312643	0.6751105	0.76254416	0.23867217	0.16523714	0.2155466	0.3490183	3.4871247	9.584041
shendure_cm	by_cre	Lamc1_chr1_12152	10	0.85069656	0.14615409	0.04899366	0.825476	0.27182332	0.13029984	0.06320415	1.4817122	10.006064
shendure_cm	by_cre	Lamc1_chr1_12175	10	0.7393489	0.0939915	0.027605953	0.5511937	0.08266741	0.0185038	0.038959946	1.5566231	5.192189
shendure_cm	by_cre	Lamc1_chr1_12183	10	0.7431898	0.38861823	0.37483704	0.13372363	0.115526	0.11873163	1.8072977	3.6479316	10.559416
shendure_cm	by_cre	Lamc1_chr1_12185	10	1.2964411	0.4478058	0.38980126	2.0	0.51641357	0.16605726	0.025975429	2.482923	10.4977255
shendure_cm	by_cre	Lamc1_chr1_12188	10	1.2841125	0.95102453	1.050025	0.23158179	0.1942436	0.196309	0.09671705	4.798964	8.553466
shendure_cm	by_cre	Lamc1_chr1_12189	10	1.075077	0.43592733	0.43130636	0.28291485	0.10698773	0.10415	0.6965928	4.5516505	7.333567
shendure_cm	by_cre	Lamc1_chr1_12193	10	1.1973858	0.495255	0.46939814	0.3060248	0.13504727	0.15914276	0.8655518	3.2830875	8.978918
shendure_cm	by_cre	Lamc1_chr1_12201	10	0.7601423	0.18791114	0.12737298	0.08772431	0.06144622	0.07407335	0.33721817	2.633758	9.121223
shendure_cm	by_cre	Map1b_chr13_9429	10	0.92785835	0.2298955	0.08140421	0.5766858	0.12525898	0.0639344	0.01963712	2.4187882	8.005519
shendure_cm	by_cre	Map1b_chr13_9436	10	1.0211468	0.39176443	0.46780086	0.16556177	0.094624355	0.1295479	0.51273906	3.0818353	9.396503
shendure_cm	by_cre	Map1b_chr13_9445	10	1.2873907	0.2586916	0.15840839	1.2104546	0.31397733	0.236938	0.056388836	1.5413513	9.198076
shendure_cm	by_cre	Map1b_chr13_9447	10	0.8204441	0.13704143	0.06362966	0.8478095	0.13486592	0.05653964	0.06320898	1.6943309	6.570524
shendure_cm	by_cre	Sox17_chr1_58	10	0.72715473	0.16093317	0.06680748	2.0	0.255323	0.076753385	0.00045341838	2.3541548	9.161895
shendure_cm	by_cre	Sox17_chr1_59	10	0.80988026	0.2252315	0.1590457	0.26823884	0.12328646	0.12510273	0.28287327	2.0481272	11.081021
shendure_cm	by_cre	Sox17_chr1_60	10	0.9609556	0.41484553	0.36513513	0.23229687	0.13281052	0.15424785	0.51845413	2.72366	9.42081
shendure_cm	by_cre	Sox17_chr1_65	10	0.5832567	0.13814852	0.08770482	0.113243505	0.038702402	0.032757416	0.4675034	3.298566	8.673337
shendure_cm	by_cre	Sox17_chr1_67	10	0.71067	0.15027423	0.034097128	0.15003377	0.047505192	0.02132016	0.24390392	2.7590232	8.331031
shendure_cm	by_cre	Sox17_chr1_68	10	1.3962336	0.91592807	1.0484864	0.28324828	0.23125848	0.2594868	0.52707976	3.9569764	9.258761
shendure_cm	by_cre	Sox17_chr1_69	10	0.9737029	0.31079298	0.18032235	0.24966152	0.08940523	0.08534212	0.78432083	3.3219151	8.754831
shendure_cm	by_cre	Sox17_chr1_73	10	1.1854439	0.39456457	0.38517225	0.42109632	0.13406907	0.11848077	0.264385	3.1565917	9.211172
shendure_cm	by_cre	Sox17_chr1_77	10	1.1804647	0.43287238	0.1067819	0.21244419	0.1125807	0.11323028	0.4805368	2.9378679	8.017864
shendure_cm	by_cre	Sox17_chr1_78	10	0.5940876	0.16285494	0.114911065	1.2034135	0.20259246	0.05959303	0.02975592	2.430628	10.506777
shendure_cm	by_cre	Sox17_chr1_82	10	0.9666414	0.19445336	0.10626872	0.5698917	0.25550076	0.15419406	0.15004617	1.3030083	9.281239
shendure_cm	by_cre	Sox17_chr1_83	10	0.4046154	0.10676821	0.016626954	0.46595675	0.08129501	0.01412706	0.38286525	2.4565728	11.637761
shendure_cm	by_cre	Sox2_chr3_2005	10	1.1372786	0.3459113	0.1538406	0.165836	0.075773284	0.06098448	1.9645289	3.8838406	7.514074
shendure_cm	by_cre	Sox2_chr3_2007	10	1.2805405	0.26874894	0.16565156	0.36072302	0.062486492	0.026036792	2.664801	5.3375235	7.510568
shendure_cm	by_cre	Sox2_chr3_2008	10	0.8470721	0.3290319	0.29435086	0.12887758	0.06536588	0.06665151	1.4610289	3.9977112	8.067207
shendure_cm	by_cre	Sox2_chr3_2009	10	0.97897625	0.23655145	0.08336532	0.17866509	0.04370203	0.020259194	2.9123244	5.063662	6.510856
shendure_cm	by_cre	Sox4_chr13_2052	10	0.9719167	0.18418148	0.10251635	0.4938545	0.18200544	0.13887632	0.036888484	1.3533349	7.362646
shendure_cm	by_cre	Sox4_chr13_2054	10	0.90160465	0.22147524	0.07439448	0.20436323	0.09356821	0.0568119	0.28207567	2.1231456	9.999845
shendure_cm	by_cre	Sox4_chr13_2055	10	0.7421212	0.121440396	0.05436349	0.3925185	0.14974798	0.11156465	0.018414779	1.336663	8.124907
shendure_cm	by_cre	Sox4_chr13_2057	10	0.75202084	0.21923976	0.15983719	0.20572917	0.08372259	0.08541484	0.4298275	2.7754395	10.332559
shendure_cm	by_cre	Sparc_chr11_7180	10	0.62565994	0.17485717	0.11959618	2.0	0.27992013	0.10947683	0.013117158	2.0027046	10.874218
shendure_cm	by_cre	Sparc_chr11_7182	10	0.9650612	0.5546707	0.5853019	0.17037266	0.15057203	0.16048253	0.6244192	3.7838085	9.956976
shendure_cm	by_cre	Sparc_chr11_7195	10	1.031527	0.20786762	0.10889882	0.6569208	0.1716544	0.12364251	0.23796804	1.560761	7.9087524
shendure_cm	by_cre	Sparc_chr11_7198	10	1.1828823	0.4944169	0.42023468	0.67308015	0.23161574	0.22623792	0.16947083	2.330962	10.47311
shendure_cm	by_cre	Sparc_chr11_7199	10	1.6212759	0.74843323	0.8959044	2.0	0.42893744	0.31318185	0.03685135	2.7538133	9.823934
shendure_cm	by_cre	Sparc_chr11_7203	10	1.1805296	0.29658264	0.099903315	0.26406765	0.08510759	0.072025515	0.9988958	2.366048	7.622343
shendure_cm	by_cre	Sparc_chr11_7205	10	0.9904504	0.22066355	0.07333055	0.27568898	0.09894309	0.07983321	0.06612227	2.1248157	7.801191
shendure_cm	by_cre	Sparc_chr11_7207	10	0.7768202	0.20870495	0.16018355	0.08634569	0.0497608	0.043728597	1.0548394	3.9237816	9.38504
shendure_cm	by_cre	Sparc_chr11_7210	10	0.75304127	0.2587129	0.0980289	1.6625177	0.27369335	0.11922085	0.014617811	1.8592999	9.504354
shendure_cm	by_cre	Sparc_chr11_7211	10	0.7880368	0.15343419	0.075375915	1.2481173	0.23987389	0.1134243	0.03799981	1.7106841	8.264841
shendure_cm	by_cre	Sparc_chr11_7213	10	0.97693014	0.5949849	0.5803983	2.0	0.3802401	0.23299317	0.07313141	3.2603238	10.376266
shendure_cm	by_cre	Sparc_chr11_7230	10	0.88517284	0.12789638	0.04822132	0.34627825	0.0969596	0.06040792	0.12372324	1.3731867	7.6628056
shendure_cm	by_cre	Sparc_chr11_7233	10	0.7374325	0.31663403	0.32985222	0.10760797	0.088244915	0.09614885	0.1201301	3.4440188	9.837248
shendure_cm	by_cre	Sparc_chr11_7234	10	0.72285175	0.12092477	0.050751746	0.17221867	0.072858445	0.05451215	0.32547364	1.4069588	5.638027
shendure_cm	by_cre	Sparc_chr11_7235	10	1.0015612	0.1747748	0.09054127	0.25811395	0.12596814	0.12178671	0.1241657	1.4031038	5.2938156
shendure_cm	by_cre	Sparc_chr11_7243	10	0.7371259	0.17804697	0.0969683	0.5208038	0.09119506	0.049176246	0.1785721	2.8840375	8.47215
shendure_cm	by_cre	Tgfbi_chr13_5692	10	1.2277555	0.34618297	0.18811557	0.28496483	0.13734628	0.15822215	0.49521816	2.3527665	6.278507
shendure_cm	by_cre	Tgfbi_chr13_5701	10	0.7915287	0.33674523	0.35452425	1.3274367	0.24283478	0.12899071	0.027848125	2.8963325	9.700781
shendure_cm	by_cre	Tgfbi_chr13_5705	10	1.0098243	0.23945422	0.15197867	2.0	0.4869887	0.14151731	0.047837164	1.5957083	6.5974526
shendure_cm	by_cre	Tgfbi_chr13_5711	10	1.3875833	0.42959052	0.37057757	0.22334513	0.077495836	0.05784175	2.6062925	5.5216823	6.9581428
shendure_cm	by_cre	Tgfbi_chr13_5724	10	0.92565346	0.30288807	0.09492303	2.0	0.3398307	0.18013352	0.038978674	1.9876064	9.922493
shendure_cm	by_cre	Tgfbi_chr13_5735	10	1.0231142	0.23492917	0.10326561	1.2830054	0.23894963	0.1330227	0.028132793	1.7992876	9.225639
shendure_cm	by_cre	Tgfbi_chr13_5741	10	1.1312122	0.20395729	0.102908134	0.28194016	0.14265904	0.14200722	0.100531384	1.2464192	5.3354554
shendure_cm	by_cre	Tubb2b_chr13_2557	10	1.3488584	0.3970224	0.22444117	0.20171122	0.1159088	0.14126384	0.47000444	2.916208	9.064346
shendure_cm	by_cre	Tubb2b_chr13_2568	10	1.1531963	0.20655684	0.10174197	0.22545189	0.09260437	0.08552532	0.57496065	1.7669032	5.6916423
shendure_cm	by_cre	Tubb2b_chr13_2572	10	0.590806	0.12937036	0.05426932	2.0	0.26825005	0.069788486	0.0075338525	1.7527158	9.407458
shendure_cm	by_cre	Tubb2b_chr13_2576	10	0.9909985	0.19593544	0.10979533	0.4286534	0.12831	0.07916135	0.07691212	1.8446327	4.375467
shendure_cm	by_cre	Tubb2b_chr13_2577	10	1.1313992	0.30837086	0.13563831	0.89395046	0.22935107	0.12702052	0.18172061	1.8644549	9.2514
shendure_cm	by_cre	Tubb2b_chr13_2578	10	0.74002266	0.16605607	0.06479207	0.31254235	0.09076483	0.07667555	0.05122071	2.266252	9.812232
shendure_cm	by_cre	Tubb2b_chr13_2580	10	1.1545444	0.44534189	0.29976267	0.86990005	0.26757708	0.11426653	0.2582786	2.421772	8.752425
shendure_cm	by_cre	Tubb2b_chr13_2583	10	0.5194969	0.13253361	0.04803902	0.23951317	0.0846961	0.07358828	0.07942695	1.7506626	9.171581
shendure_cm	by_cre	Tubb2b_chr13_2590	10	0.711328	0.17469594	0.049333453	0.27300116	0.08747403	0.084046096	0.0989485	2.1107347	8.401215
shendure_cm	by_cre	Txndc12_chr4_7951	10	0.8426509	0.15221582	0.08078779	0.19277042	0.07678635	0.071414925	0.35563073	2.013773	8.236898
shendure_cm	by_cre	Txndc12_chr4_7961	10	0.7866645	0.12047343	0.038841248	0.10611438	0.040811025	0.029025935	0.8152802	2.0435536	7.8066955
shendure_cm	by_cre	Txndc12_chr4_7962	10	1.243875	0.24198267	0.13963535	2.0	0.666689	0.2721577	0.008183574	1.0293018	7.9828997
shendure_cm	by_cre	Txndc12_chr4_7969	10	0.85434914	0.30256537	0.2210033	0.24547759	0.07867401	0.055089593	2.4354343	4.2069073	11.816755
shendure_cm	by_cre	Txndc12_chr4_7971	10	0.6086216	0.1781138	0.08368522	0.47618347	0.10627308	0.06806141	0.13581824	2.6546648	9.3396635
shendure_cm	by_cre	Txndc12_chr4_7973	10	0.75944376	0.11813904	0.045127273	0.23995788	0.074517265	0.056577183	0.26550335	1.4148884	5.5937843
shendure_cm	by_cre	Txndc12_chr4_7975	10	1.271698	0.5496625	0.62632215	0.22304592	0.1473709	0.16666657	0.30572078	3.1065125	9.587718
shendure_cm	by_cre	Txndc12_chr4_7978	10	1.155664	0.2345326	0.13556534	0.2597965	0.08652027	0.0697044	0.53094023	2.4591453	5.026175
shendure_cm	by_cre	eef1aP	10	0.84082085	0.16986667	0.075974315	2.0	0.31784305	0.09810248	0.18798375	1.012571	2.226189
shendure_cm	by_cre	pgk1P	10	0.7196283	0.11504601	0.048089147	0.6736848	0.12905125	0.050839037	0.20750365	1.0229614	2.0816028
shendure_cm	by_cre	reference	10	0.80311584	0.12509434	0.05447188	0.12102611	0.033574384	0.022150325	0.9301695	2.7167442	7.037447
shendure_cm	by_cre	ubcP	10	0.7757516	0.12656996	0.05247031	0.5691962	0.15913194	0.07509033	0.043355685	0.968269	2.084659
shendure_cm	by_cell_type	Cardiomyocytes	208	inf	inf	inf				0.0013203468	inf	inf
shendure_cm	by_cell_type	EpiblastPrimitiveStreak	208	inf	inf	0.96238965				0.027063109	inf	inf
shendure_cm	by_cell_type	ExEndodermParietal	208	inf	inf	1.0315378				0.0052676904	inf	inf
shendure_cm	by_cell_type	ExEndodermVisceral	208	inf	inf	1.6600072				0.018696908	inf	inf
shendure_cm	by_cell_type	Haematoendothelial	208	inf	inf	inf				0.042864233	inf	inf
shendure_cm	by_cell_type	Mesoderm	208	inf	inf	1.2979076				0.015781833	inf	inf
shendure_cm	by_cell_type	NeuroectodermBrain	208	inf	inf	1.8887312				0.0135105215	inf	inf
shendure_cm	by_cell_type	NeuroectodermRostral	208	inf	inf	inf				0.0051770597	inf	inf
shendure_cm	by_cell_type	SurfaceEctoderm	208	inf	inf	2.0052047				0.0041112388	inf	inf
shendure_cm	by_cell_type	reference	208	inf	inf	0.7102035				0.008299867	inf	inf
seelig_cm	by_cre	AAAACAAATGACTCACAACAACGATAACTCGCAAGAAAGCGCAGTCGCGGAAGCGCCGCCCACATCCAACCCACAACAAAAAAACCAATAACTCAACACCCACATCCAACAAACCAACCAACGAAAGAGGAAGCGACACCCACAT	2	0.009596825	0.004958734	0.004958734	0.0017373844	0.0012123594	0.0012123594	0.46634218	2.995111	5.528518
seelig_cm	by_cre	AAAATATCTCTGTAGGCAGATGCTTACAGCTGCTGCCGCAGACATATTTGGAGGTATCTGCCAAGCCCAGTCTCTCTGCCGCAGACAATTCCTGTAACCACACACTTCCTCTGCCAAGAGGGTGGAACCAAGGTCATACTCCCTC	2	0.009737492	0.0049138516	0.0049138516	0.0016106162	0.0009429052	0.0009429052	0.3277658	3.186814	6.0506864
seelig_cm	by_cre	AAAATTAAACACTCGGGACTTGTCCGGGCATGCTGGCTGACTTGGCTGAACTTTGGCTGTTGGTATGGTGACGTGACATAGCTTTGCAACGTACTGTCTGTAACCTTGGACTTTGCACAAACGTACAAAGCATGCCGGAGGGGAA	2	0.0077320337	0.0040709376	0.0040709376	0.004965788	0.0026025819	0.0026025819	1.5531946	1.6345937	1.7123318
seelig_cm	by_cre	AAAATTAGCCGGGCGTGGTAGCAGGCGCCTGTAGTCCCAGCTACTCTGGAGGCTGAGGCAGGAAAATGGCGGGAACCCGAGAGGCGGAGCTTGCAGTGAGCCGATATCGCGCCACTGAACTCCAGCCCGGACAACAGAGCGAGAC	2	0.012620926	0.0076656044	0.0076656044	0.0048408126	0.0035379766	0.0035379766	0.5585267	3.1032367	5.6529016
seelig_cm	by_cre	AAACAGGTCGGGGGTTAATCCATACACACGCTGGGGTTTTGCCCAGGCAGGCCGGAATGGTCAACCTTTGGTCTTTGTACCGTCATGTTGACCTCGTCTGGACGGTTGAACTTTGCCCGTGTGCATTGGTACACTCGGTATGTAC	2	0.009883404	0.0049576163	0.0049576163	0.0021782145	0.0011031813	0.0011031813	1.1307459	2.8340745	4.5423293
seelig_cm	by_cre	AAACATTCATGTCAGGGCATGTGGGCTTGTAACTTTGAACCCCTGCGCGATCAAACAAAGGTTGAGCGAAAATCCACCCGTGCAAACATGTCCGGGCATGCCTGCTGGCGAACGTGCGAACTCCGACCGGAGAGTTTGGCGCACG	2	0.009095192	0.004881799	0.004881799	0.0019564675	0.0011961097	0.0011961097	1.533581	3.091349	4.6533303
seelig_cm	by_cre	AAACATTCCGGGGGGTAGACATGTCCGGGCATGTTTGCCGGCCGGCAGCAAAGTACAAACATTGCATAATGCCGGGGTTTGTACATGCCCGGGGGCAAACATGCCCGGGCATGTTCAAAGTTCGCAATGTTCAAAGGGACCTTTG	2	0.004982233	0.00420022	0.00420022	0.0028804275	0.0022414958	0.0022414958	1.7271942	1.9313233	2.1346703
seelig_cm	by_cre	AAACCAAATGACTCAACACCCACATCCAACAAAAAACAAATGACTCACAACAACGATAACTCAAAAGAAAGCGCAGTCGCGGAAGCGCCGCCCACATCCAAACCAAAAAACCAAAAAACCACAACCAATCCAACCAAAGATAGAG	2	0.009949684	0.005070798	0.005070798	0.0020445564	0.0018862718	0.0018862718	0.093768924	2.9259136	5.762937
seelig_cm	by_cre	AAACCATATCTTAGTAGCTTATTATTACGACAGAAAACAGAACCGGCGCGTCACTTCCGGGTTCCGCGAATTACATTTTCTAGCAAACGGAGACGCGTCGTCGATAAGCCGATGCTTATTCGTAAATTGCAGTCTCCCTAGCGGA	2	0.00882864	0.004647717	0.004647717	0.0021617017	0.001697995	0.001697995	0.37795517	2.231152	4.08853
seelig_cm	by_cre	AAACCGTCCGGCCGGTGGTTTATGTAATGGTTTATGTAACCGGTGATCTAACCGGTGGTCCAATGGTTTGTCCGTTGATCTAAGCGGTAATGTAAGCGTTTGTGCAATGGTTAATGCAACGGGTTATGTAAGCGGTGATGTAATG	2	0.007691264	0.0039862394	0.0039862394	0.004186641	0.002187174	0.002187174	1.4980148	1.6676261	1.8409424
seelig_cm	by_cre	AAACTTCCCTTTGTTCAAACATGCCCGAGTTTGTACAAAAGTCCACATTACCGAACAAACATGCCCGAACATGTTTACTCCCGACCTTGTTACCGACCGATTTTGTTTGTTTACATACATGACCAAACTTCTACAATTCTTTGAC	2	0.0118050575	0.0068960786	0.0068960786	0.002363029	0.0020835784	0.0020835784	1.1004249	3.0485747	5.0016336
seelig_cm	by_cre	AAAGACCCCCCCACCCTCGGAGCGCATCCGTATATCCGCGGAAGCAGGGCGATATCTCTCGCGGGAGAAATAAGGAAATATGGGGAAGCGCCACCCTATCCGCGGATGTGACTCACCCTATCGCCCGGGAGATAACTCACCCTAA	2	0.013240337	0.008207262	0.008207262	0.010737941	0.006411859	0.006411859	0.2940176	3.3217611	6.354538
seelig_cm	by_cre	AAAGCGGAAGCGCTTTCTTAATTCGCGCGGCGCCACTTCCGCTATCGAACTTCTTATAAGCCGCCGATAAAGGCGGGGCGCCTCCCCGAAATGGGGGGGCGCCATCTCTTTCGGCGATTTAATTCGACGTATGGCTTATCAGCTA	2	0.012552261	0.007549703	0.007549703	0.020820837	0.011606286	0.011606286	0.12106276	2.6852598	5.2544594
seelig_cm	by_cre	AAAGGGTCATTATGTAATTGTGTAATGCCCAGGCAAGTTGGCAAGGTAATTACGTAGGTGGGTAATGCCGGCAAAAGTGCACAGGTTCAAAGTCTCCCGGGCTACTTGGGACATGCCCAGGCAAGTACGCAAGTTCAAACAAACA	2	0.010912657	0.00676316	0.00676316	0.0058220397	0.0036785812	0.0036785812	1.7012696	1.7884732	1.8798264
seelig_cm	by_cre	AAAGGTCTCCCGGCATGCCCGGACATTCCCTCTGCTCCCCCCTCTCCTGTCCGGAGTTTTGTACAAAGCTCCCTTGTCATGTTCCCTCTGTTCCCCTTCTGTTCAAACATTCCGACCTTTGTACACTCCCATTCCGGTCGGCATG	2	0.012481213	0.0072915293	0.0072915293	0.05078709	0.026357634	0.026357634	0.040334515	3.257228	6.479311
seelig_cm	by_cre	AAAGTCGACCGGAATTGTTTGTTGGGGGTTTGTACAAAGGTCAAAGGGGTTGGTGGGGGGGTGAGCTGTGTACATGCCCGGGCATGTTTGCTTCGTTCTGACCTGTTAGTTATGTAACCGAGCTTTGAACGTCGCAGGGGGGGAG	2	0.007075548	0.003612101	0.003612101	0.006294294	0.003190557	0.003190557	1.1205833	1.4181616	1.7122765
seelig_cm	by_cre	AAAGTGGCCAGTTATGTAACGGGTAATGTAAGTGGTTGTCCGGTGATGTAAGCGGTGGTTTGTCCAGTGATCCGACGGTTGGTCCAATGATCTAAGTAACGGGTTATGTAAGCGGCGGGTTATGTAACGGTCCGGTTATGTAATG	2	0.007017374	0.004095137	0.004095137	0.0048632887	0.0028127944	0.0028127944	1.439419	1.4907806	1.5392199
seelig_cm	by_cre	AAATACACGGCGCTTCGCTATCTAGGATGCGCTATATCGCGCGACGCTTTAGAAGCACCTTCTTCTTCCGCGTGTGAGCGGCGCGAGGAGTTAACGAGTCATCACGCGTATCTATTCCGCGAAAGTAGCTTACTCAAAAGATAAG	2	0.013030052	0.008090198	0.008090198	0.009575067	0.0060805697	0.0060805697	0.32744017	2.6837819	5.0450635
seelig_cm	by_cre	AAATTCCTGTCACCCAGCAAACATGCCCGGACATCCACTTTACATAATGTTTGTCCCCTGGCCATTCCCTTTTACATAATGTCCCCATTACATAATGTTTGTTCAAACCAAAGTTCAAACAACTCCCTGTCAGCTAGTTTAAACA	2	0.007479191	0.0048298836	0.0048298836	0.0017964625	0.0016750067	0.0016750067	1.4025174	2.7834477	4.1670275
seelig_cm	by_cre	AACAAAACCAACCCCCCGGGCAGAGGTGCAAAGGTCACACAACAAAGAACAAGGAGCCCCGGGGAACATGCCCGGGCATGTCACCAGAGGTCCAGAGAGCGGTAGACATGACCGGACATGGACCTGTGAACAAGCACAGGCAAAA	2	0.009782791	0.005154252	0.005154252	0.0028298716	0.0015999214	0.0015999214	1.4206939	2.438965	3.461865
seelig_cm	by_cre	AACAAAGCCAAAAGTGACCTTTGAACTTCGGCTAGGTCGCTGTTTGTTTGTACTGGCAAGCCACTTGTCCGGACATGACCGTGACCAGGCATGCCGGGATTTCTGTACAATGACCTCAACTGTGAGTGTGCCTCCGGCCGTGTAG	2	0.011762142	0.007000804	0.007000804	0.0025882064	0.0019498669	0.0019498669	1.7064053	3.1260197	4.5503955
seelig_cm	by_cre	AACAACCATTACGTAATTGTGTAAACATGCCCAAACAAACTTCCCCCAGCATGTTACCAAGTTTGAACTTTCAACCTCATGTCAAACCTAATGTTCAAACTTCCGCCCCCCAGCATGTTTGACCTACTGTCAACCATTACGTAAT	2	0.011100769	0.006121397	0.006121397	0.0021352707	0.0017157402	0.0017157402	0.8804785	3.039907	5.2043147
seelig_cm	by_cre	AACAAGCCCGGGCATGTCCCCCGAGACATGACCGAACAGAGGGGGAAAGGTGCAAAGGTCACTGAACAAACAACAAACCCCAGAGGTCGACCGGTCGACATGCCCGGACATGTACAAACCCAGGCAAGGGTGCAGAGGTCACAGA	2	0.009844303	0.0059382915	0.0059382915	0.0043717735	0.002754462	0.002754462	1.7861531	2.019478	2.2567093
seelig_cm	by_cre	AACACCAATAACTCAAAAGAAAGCGCAGTCGCGGAAGCGCCGCCCACATCCAACCCAAAAAACAACAACAAATGACTCAAACGATAGAGGAAGCGACACCCACAAAAACCGATAACTCACCACCCACATCCAACCCAACACCGAT	2	0.0071907043	0.004993461	0.004993461	0.03772038	0.019444607	0.019444607	0.07273205	3.1130805	6.1556263
seelig_cm	by_cre	AACAGGAGCACGGTAGACAAACATAATTGCCTGCGGAAGTTGGACCTTTGTACTTTTGTACCGGGCTTGCCTGGGCAAGTTCCTAGCTTACGTAATCAACCAAGGTCTGTGTAACGAACGTCCGGGGGAAAGTGCTGACGTCAAG	2	0.009986877	0.0060391426	0.0060391426	0.0064128903	0.0038054977	0.0038054977	1.5523195	1.6514547	1.746642
seelig_cm	by_cre	AACAGGTTCAAAGGTCATTGTCCCAGGTTCAAAGGTCAGCGAGGTTCAAAGGTCATATGCAGGTTCAAAGGTCAGAAACGAGGTTCAAAGGTCAGGTGGAGGTACTAGGTTCAAAGGTCAGAGTATGGGAGGTTCAAAGGTCATC	2	0.00847435	0.0048983395	0.0048983395	0.0018954156	0.0018607266	0.0018607266	0.72349095	2.597562	4.475209
seelig_cm	by_cre	AACCAAGCTAGATCCTGTGAGCAGAGAAGCTGGGGCTGTTTTCAACGTTCTCTCCTGGGCCAGGGCTGAGAGTACATTCCCACCTTCACAGCATTCCTTCCTAGGTCAAAAGGTCATCTCTCACAGACGTCTCCGGCAGACACTC	2	0.0122003555	0.007258743	0.007258743	0.003267468	0.0027252426	0.0027252426	0.7079932	3.1489544	5.5948577
seelig_cm	by_cre	AACCCACACCCACGAGTAACTGGGCGGGGCCATCCGCGACTGACGAGGAAGCGCCACCCATGAGTCACTGGGCGGGCCCACGCGTGGGCGGATGGCGCGATCCGCGGATCGGAAGCGCCACCCACAGATAAGACACGCGGAACCC	2	0.012046337	0.006978303	0.006978303	0.0032005191	0.00244704	0.00244704	0.59590715	3.854942	7.119045
seelig_cm	by_cre	AACCCCCATTATGTAATTGTGTAAACATGACTTTGTACAAACATGACCGCATGCCACCAACTTTGAACTTTCGACCTCCTGACTCCCCTAATGTACAAACCTACTCATGTTCAAACTTCCGCTCTACTGACTCCCCTCATGTCAA	2	0.010776997	0.005829964	0.005829964	0.011496379	0.006712316	0.006712316	0.076359324	2.8328981	5.5943837
seelig_cm	by_cre	AACCCGCGCGCGCCGATGACTCAAGAGAGCGGCGCGCCGCTGACTCAAGAGAGCGGAGCAGAGCACACTGAAGCGATACGCCGATGACACAGCCCCACCCACGGAAGCAAAAAAGCAAGATAACGAGGAAGCGCCCACCCGAGAA	2	0.012717724	0.007691413	0.007691413	0.0028918171	0.0024795649	0.0024795649	0.9202687	3.5367086	6.1581745
seelig_cm	by_cre	AACCCGTGTGTGTCTTCAAGAAGTAAAAGCGTATTATAGTCGCGAAAGCCCAGCCGATGAGTAAGTTATCGTGAAGTCACATCCGTTTTCGCGGGTAGCCACGCGAGGACCCTTCTAAGAAGAGTTACTTCGCTGAACCGCTTCC	2	0.012371063	0.0075172484	0.0075172484	0.0038272366	0.0032744799	0.0032744799	0.6945839	2.6206105	4.551491
seelig_cm	by_cre	AACCCTCCTTAGAGAAGAGAAATAGCGGTTCTCGTATCTGCGGATTACTCAATAGGATGAGTCGCATCGTCTGAGTCGTCCAAGCGCGGGGCGGCGCGTCATTACTTTTTTAAGTAACGCTTTTCACGGAAGCGATTTCCGCTAA	2	0.011646748	0.006624922	0.006624922	0.00817905	0.005180314	0.005180314	0.19519882	2.7673392	5.3445015
seelig_cm	by_cre	AACCGAGGTACAAAACTAGCTCTGACATGGCGCCGGGATTAAACATGCCTCGGGTTTTTGTACAATCTCCCGTCATGTTCGGCAACCCCGGCAGAAACTCGTTCGGTTTGTTTGCCTTTGCTCCCTTCCGTTTACCGAGATGGCG	2	0.009553909	0.004954815	0.004954815	0.0017124743	0.0010660215	0.0010660215	0.8476461	3.2134163	5.583786
seelig_cm	by_cre	AACCGCGGAAGCGCGATATCGGCATATCGCGCAAGATAACGCGATGAAAGAAAAGGAAGCGCCACATCCGCGCGGATGCGCCGATAAGTCACTCCCTCTCTCGCGCCGTGACGCGGAAGCGCCGCGCGCCGATAACTCAGACCCC	2	0.010842323	0.0058077276	0.0058077276	0.004804104	0.0032739008	0.0032739008	0.16054498	3.1894693	6.2234282
seelig_cm	by_cre	AACGCATCCGCGAAAAACGATGAGGCCGCATCCAAAAGAAGACCCGCCCATAAGAAACCGCGTCCCCGGGCCTATCGGAGAATGAGGAAGCGTATAACGATATCGCGCACAAACGATGAGTCACCCCCTATCGCCCTATCGGGAA	2	0.010269642	0.005259628	0.005259628	0.08478937	0.04336037	0.04336037	0.0028191232	2.6601167	5.3224244
seelig_cm	by_cre	AACGGCATCATTCGGATTGTTTAACCACCGACAAGCTGGGTCAGGTGTGTTGCACTTTTGACATGACAGAACAAACAGGGTGAATGTCCCGGCATGTTTGACCTTTGTTCAAAGGTGCATTGCGCAGCGAACATGCCGGGGCAAG	2	0.005480051	0.0045850873	0.0045850873	0.0023462905	0.0019790174	0.0019790174	1.5709028	2.486411	3.4028144
seelig_cm	by_cre	AACGGGGGCGCGGGGGCTGGAGTTGGCAGAGCTCTGCATGTCCCGGCATGTCTGAGCAGGAGGAATTCCGGGCGGCCAAAGGGTTTTATGTAGATTGCTTTTGGACACTCGCCCAGGAGTCAGGAGTTGATTTTTATCTCACTTC	2	0.004916191	0.004232943	0.004232943	0.0022097493	0.0018700841	0.0018700841	1.6046041	2.4093482	3.2147758
seelig_cm	by_cre	AACTTGCCCGGGCATGTTGGCGTTCAAAGTTGGACTGTGGGCTGCACATGCCCGGCAAGTTTTGGTCGTGTACACATGCCGGAGCCCATGACCATGTTTTGACATTGTACTCATGCCCTGACACGATCAGGTCAGCAGGCCAGGG	2	0.007993937	0.004575789	0.004575789	0.002313489	0.0016092674	0.0016092674	1.2785183	2.3672283	3.4593563
seelig_cm	by_cre	AAGAAAGCGATAACTCTTCCAAGAAAGCGCCGCCCACTTCCTTCCCGATTTCGCGGAAGTCACACCCACTTCCTTATCTGTTTCGCGGAAGCCCCGCCCATTGGCCGATATAAGGAAAGCGATGACTCATCCGCCCGATGACTCA	2	0.011252165	0.0069714785	0.0069714785	0.0032604882	0.0027886955	0.0027886955	1.1600292	2.3062212	3.4566936
seelig_cm	by_cre	AAGAAAGCGCCGCCCATTTCGAGGAAGTCACCCCCGCGCCGATGACTCATCCGCCCCGCGCACCCCCGCCCCGCGCGCGATTTCTCGGAAGTCACACCCATTGGCCGATTTAATCAGGCCGATGACTCATCACTTCCTTATCTCT	2	0.0067663193	0.004966229	0.004966229	0.0033098727	0.0022780742	0.0022780742	0.9549913	3.1929035	5.4326158
seelig_cm	by_cre	AAGAAGATAAGGAAGTGCTTCCGGATAGGCGGATAAGTTGTGAGTTATAGGAAAGAGTTGCGTTATATCTTGCGTGTCTTACTGAAGGAAGGAAGGGCTTCCAGATAAGGGAAAGGGCGGTGAGTCATAGAAGGAAAAGGAAGGG	2	0.009404182	0.0050014853	0.0050014853	0.0024972137	0.0015358898	0.0015358898	1.0418581	2.4040139	3.7705722
seelig_cm	by_cre	AAGACAGATAACGCGGAAGCGCGGCGCGCCGCTGACTCAAGAAGCGACACACCGCACCGATACGCCGATGAAGAAGCGACACCCACAGAAGCAAGATAACGCGGAAGCGCCCACCCGAGAAAGCGCCGCGCCCACACGCGCCGAT	2	0.010738373	0.005881712	0.005881712	0.0042552226	0.0030988501	0.0030988501	0.24037988	2.884538	5.533552
seelig_cm	by_cre	AAGACCATTTCCAGTCTCTTCCTGCAGGGCTATGCATTGCCTCAGCTCCTTTTGAGGAGCTGTTGAGAAAAGATCGTTTTTTAAGAAAGCCTTATCGTTCCTGTGCATGTGGGTGATGTCATCACACTCTGCCCCCTGGACGCAG	2	0.0070767403	0.004831955	0.004831955	0.0061002118	0.003784596	0.003784596	0.42281783	2.6207814	4.82099
seelig_cm	by_cre	AAGAGAAGGGAAGATGAGTCAGCGGAAGCGCGCCTATATCCGCAGATAACGCGAAGGAAGCGTATCCGCGGGAGGAACGGAAGATAAGAAACCGCCCCCACCGATCCGCGGATCCGCGAGGAAGGATGAGTCACCGGAAGCGGCA	2	0.009871483	0.005637884	0.005637884	0.0027063084	0.0019851173	0.0019851173	1.1103479	2.3793163	3.6525183
seelig_cm	by_cre	AAGAGAGATGACTCAAGAAAGCGGCGCGCCGATGACTCAAGAGAGCGGCGCGCGCCACACCCAAAAGGCAGATAACGAGGAAGCGCCCACCCGAGAACCCCACACCGATACGCCGATAACACAGCCACACCCACGGAAGCGACCA	2	0.008816242	0.0049131587	0.0049131587	0.0075266324	0.004383919	0.004383919	0.13369513	3.6185834	7.1073747
seelig_cm	by_cre	AAGAGAGTGGTATATGAGGTTTGAGGCTTATCAGCAGCTGCAGCAGCACAGGCCACGTCGTAGCTGTGAGTCATAGACAAGCATGCACACTGTGGCTGCCTGAGGCCTCTGAGCTGCCTTCCTCAGTCCTTCCCTCTGCAGGGCT	2	0.011394024	0.0065205395	0.0065205395	0.0045184903	0.0034054471	0.0034054471	0.36369094	2.667426	4.9760346
seelig_cm	by_cre	AAGAGATACGACGCATATGCGGCGTATGGGCGCGGCTTCTCCCGCTGCGTCATCCGCCGGAAGATAACGCTCAGAATGGGACGCAGCCGCTTCATTTGCATCCGCTTCCGAAGGGGAGCGCGTCTTATCGCGGATGCGTCGCCGC	2	0.010383606	0.005390277	0.005390277	0.022490615	0.012250135	0.012250135	0.017451035	2.5922565	5.1720552
seelig_cm	by_cre	AAGAGCTGTCATACAGGAGAGTGGGTTGTTCCCCATACATAGCTTGATGAGTACAGCCTTGGCCTTGCAACTTTCGGGTGTGGGACTGTGCCCTTTGACCTCAGACATGCTCCCAACACAGCAGCTCAAATTCACTCTGCACAAA	2	0.0074715614	0.004919715	0.004919715	0.018174388	0.009715119	0.009715119	0.1291021	3.0398438	5.953138
seelig_cm	by_cre	AAGAGCTGTTGCGACAGGAGGGGTAATTCGCAGAATGGGTTAGCATATGTGGTCTTTGCAGATAAGGACTGGCGGGAAAGTTGTTTACTGAAACTAAGACAGGGAGGCATAAGGGATAAGGAAGTTGGTTTGGGCTTGAAGTAGG	2	0.009325504	0.0048703253	0.0048703253	0.002241696	0.0013396365	0.0013396365	0.94853145	2.5543802	4.1646843
seelig_cm	by_cre	AAGAGGCCTAAATGAGGGGGGCCACATATAACTCAGAAGCGGCGCGCGCCGACCTCTCACACGCGGCGCCTCAGGATAAGGAGGAAGCAGCCCCCGCCGATAAGTCAGAAGCGGCGCGTATATCGCGAAAGATAACACGAAGAAG	2	0.00982666	0.004986018	0.004986018	0.0014734083	0.0008136707	0.0008136707	0.94433564	3.806874	6.674253
seelig_cm	by_cre	AAGAGTTATCGCAGCCTGATTCTTATAAGCCCTCAAGCGCATGCGCGCGAGGTCCCGCCGTTGGGGCTGTCCTTATCTCCGACAGCGCTTCTTCGAAGCCTCATGAGTCGGATGCGATACGATGTCTTCAAGAACAGATAAGGTA	2	0.009608269	0.004832864	0.004832864	0.001862057	0.0009801642	0.0009801642	0.5846678	2.872363	5.1648335
seelig_cm	by_cre	AAGATAAGGAAGCGTATCCGCGGAAGGAGAAGAAGATAAGGAAGGAAGAAGATAAGAAGCCGCCCCCAGAAAGAAGGATGAGTCAGCGCCTATATCTGCGGATGAGTCAGTCCGCGCGCGGAACCGGCCGCGCGGACCCCTATCC	2	0.00835228	0.0049362183	0.0049362183	0.0016556181	0.0015420797	0.0015420797	1.063372	3.0544715	5.048987
seelig_cm	by_cre	AAGATAGAGGAAGCGCCGCCCACATCCAACCCAAAAAACAACCAAACAACAACCAAAAAACCAATGACTCAAAAGAAAGCGCAGTCGCGGAAGCGCCGCCCCCCAAAACCGATAACTCAACACCCACATCCAACCCAAAACACAC	2	0.008496761	0.004982792	0.004982792	0.02306573	0.012197688	0.012197688	0.06294544	3.2269628	6.394494
seelig_cm	by_cre	AAGATATCGTTACTTCCAGGAAGTGACTCACCCTTATAGGCTGGATGTAACTCTTTCTTCCTCGCCTATAGCGTTTGTGAGTCACTTCCTTTTTCGCTGGATGACTCATATCCTTGATGCGGGTCTTCCAGGAAGTTACGCTTCC	2	0.009303093	0.004988849	0.004988849	0.0024360185	0.0016137653	0.0016137653	0.85196245	2.3356369	3.823626
seelig_cm	by_cre	AAGCAAGATAACGAGGAAGCGCCCACCCGAGAAGCACACCCAACTGCGCCGATACGCCGATAAAGAAGCGACACAGCCACACCGACAGAACCCACACGCGCCGATGACTCAAGAGCGCCCACCCGAGAAGCCCACACCGATGGCT	2	0.009367466	0.004935682	0.004935682	0.001453111	0.0010846256	0.0010846256	0.70337796	3.57506	6.451174
seelig_cm	by_cre	AAGCATACTGATTCTTACTTATCAGCGCCGACTGCGCGTAAGTCACATCGGATTCGCACTTCCAATGAGAAATAAGGCGCGTCGCTGGAGGGGGCTCCCCCACCCTAAGTAACGCTTATTACGAGTCGTCGCCTTATATCTTATC	2	0.006860733	0.0049548745	0.0049548745	0.00479481	0.0029897976	0.0029897976	0.63437474	3.2132986	5.7941284
seelig_cm	by_cre	AAGCATATTTGTCAGCGGAGGAAAAGAAACTAACCAGGATTCCCTCAGTAATGGCGAGTGAACAGGGAAGAGCCCAGCGCCGAATCCCCGCCCCGCGGTGGGGCGCGGGAAATGTGGCGTACGGAAAAATACAAAAATTAGCCAG	2	0.011978626	0.0069771707	0.0069771707	0.0024185325	0.0022114236	0.0022114236	0.8159187	3.3966632	5.982409
seelig_cm	by_cre	AAGCATGAGTGAAAGAGCTGAGGCCAGGGGGCTGAAGTAGGGGAGGGAAGGGAAGAGAGTGACCTTGGGTTGAGGCTGGAAAGCAGGAAGGGAGCCGATGACGCAGGACCCCGTAGGCTGCTGGGAGGAGTGTGGATTGTCCTCT	2	0.0069351196	0.0048057586	0.0048057586	1.8964065	0.9489208	0.9489208	7.310067e-05	2.417132	4.83632
seelig_cm	by_cre	AAGCGATAAGGTTAATAACTCCTCGATTCCAAGATGGGGGCGAAGCCTATTGGTTTCGCGGACTGACTTCGCGGATTCAGATTTCTTTTCAAACTTGTCATCAGTCTGATCTGGAACTTCCTCAAGTGGCGCCGCTTCCTCGATG	2	0.0077967644	0.004828483	0.004828483	0.0021030423	0.0017514682	0.0017514682	0.8835986	3.2270336	5.573437
seelig_cm	by_cre	AAGCGATATCTCCCACGGAAGGGGCGGGCCAATCGGAGAAGACGAAGGAAGATAAGGAAGGAGGAAGCGATATCTCGCAAGAAAGGGGCGGGGAGAGAGATAAGAAAGTGAGGCAGCGTATCTGCGAGAGCCGCACCCACAGGCG	2	0.013251305	0.0082472265	0.0082472265	0.01176758	0.0070884367	0.0070884367	0.2739787	2.8878403	5.506706
seelig_cm	by_cre	AAGCGATATCTCGAAGAGCCGCACCCACAGACCCCAGGGGCGGGGGGAGGAGACGGAAGCGATATCTCGCAAGAAAGGGGCGGGCCGATCCGAGAAGGCACCACCCACGGGAGAGATAAGAAAGTGAGACAGCGTATCTGCGAGA	2	0.0070090294	0.0049575865	0.0049575865	0.022952348	0.012172336	0.012172336	0.12516333	2.5803328	5.0375533
seelig_cm	by_cre	AAGCGATATCTCGAAGAGCCGCACCCACAGGCTCCGAGGGCGGGCCTATCAGAGAAGACGAAGGAAGATAAGGAAGAAGGAAGAGATATCTCCCACGAAAGGGGCGGGGAGAGAGATAAGAAAGTGAGGCAGCGTAGATGCGAGA	2	0.011439323	0.0063856095	0.0063856095	0.011018401	0.0064460956	0.0064460956	0.12021326	3.1128953	6.1106315
seelig_cm	by_cre	AAGCGGCGCAGATAACGCGGAACCAATCGCTATATCTGACTCACACCCTCCCGCCCCAGATAAGGCGGAAGCGGCGGGCCCACCCCCACATATAGGGGGGGCCGACCCCCCGCCTATGAGTCACGCCACATCCGCGTCACGCCCC	2	0.009145737	0.0074185133	0.0074185133	0.0022795117	0.0017938844	0.0017938844	2.4938688	4.7437463	6.995352
seelig_cm	by_cre	AAGCGGGTGTAGATGGGGTGCATTGTTTGCACCAGATGGAACTAGGCAGAAACTTCCGGTCAAATGAGGTCAAGCGAGAGCGCCCTTTACATGTCCTGGCATGCCGCGGTCGTAGTGAGCAACCTGTCACACCTGAAGGGCCTCC	2	0.009709597	0.0049299	0.0049299	0.0028918502	0.0014903332	0.0014903332	1.6910962	2.5243716	3.3624272
seelig_cm	by_cre	AAGGAAGACGCGTCATATTTCGAAGATAAGCGCGAATCGGAGCTTCCGTTATCTCGCGGAAGTGGCTTCTAACTAAGGAAGAAGTAACTTACTTTCGCGGAGCCGGCTGATTGAAACGGCGTATCCGATAGGGCGTCGCGCTTCC	2	0.008977413	0.004826635	0.004826635	0.002080801	0.001396177	0.001396177	0.94949585	2.632118	4.318891
seelig_cm	by_cre	AAGGAAGTGGGTGAGGATATCTTGCAAGAAATAGGAAAGAGTTGCGTTATATCTTGCGTGTCTGACTGGCGGTGAGTCATAAGGAAGTGCGTGTGGATAGGGGGAAGGGCGGTGAGTCATCGAAGGATAAGGAAGGGTGGGGAGA	2	0.0068655014	0.0034404993	0.0034404993	0.0034385468	0.0017310617	0.0017310617	0.6573029	1.3269696	2.0000615
seelig_cm	by_cre	AAGGCGCGTTAAATGTGATGTTACGCGCGCCCGAGGGGCGATACGTTATAAGAAGGATAAGACATTGTCGTTATTTCTCGGAAGTGAGACTCGCGGATTAGCTTACTCATTGTCGGATGACGCGTCTCCTTAGGAGCAGCCTCCT	2	0.01209259	0.0072709024	0.0072709024	0.002910883	0.002802415	0.002802415	0.84017456	2.6650996	4.4948463
seelig_cm	by_cre	AAGGGAATGTAGCGGAAAGTTGAACTTGCGGTGGAAAGTTTAAACATGCGGGGAGATGTACATAAGGGGAATGTTGGGGAATGTCGGAAAGTTGAACTTACGGAAAGTCGAACGATGTTTGTTACGTAAGGGGAATGTTGGGAGA	2	0.01234436	0.0073877573	0.0073877573	0.0031187355	0.0028241887	0.0028241887	0.77831644	2.8297086	4.8860574
seelig_cm	by_cre	AAGGGAGACCAGCGGACATGCCCGGGCATGTAGAGAGGTGACCGGAAAGGGAGAGAGAGAGAGACATGCCCGGGCATGTGACCAAAGGTGCAAAGATCAAAGAATGGATAAGTGGGGAGAGAGACCGGGGAGTGAACATGCCCGG	2	0.0068235397	0.0043860674	0.0043860674	0.002571066	0.0018313942	0.0018313942	1.7839072	2.2194273	2.6573849
seelig_cm	by_cre	AAGGGCGGTGAGTCATAAGGAAGTGCGTGTAGATAAGGAAATAGGCGGATAGGCGGTGAGTCATCCTTCCAGATAAGGAAAAGGAAGGAAAGGGGGTGAGTCATCCAAGTGTAGGAAAGAGTTGCGTTATAACTTGCGTGTCTTA	2	0.0057349205	0.003080815	0.003080815	0.0043489602	0.0025151547	0.0025151547	0.62605834	0.9724797	1.3215551
seelig_cm	by_cre	AAGGTTCAAAGGTCATGGACGCGCGCCGCGGGTACGACCAGTAGAAACCCGGTGCCGTACTCGCCGTGAGAGGTTCAAAGGTCAATCTTTGTGACTTCCTTAGGACTCCGTAGAAAGATTAGACTCTGCGGGCTGGTAATCCTTA	2	0.01236248	0.007314995	0.007314995	0.0072589745	0.004881125	0.004881125	0.31123954	2.6254478	4.944703
seelig_cm	by_cre	AAGTCACTTCCTTTTCCGCGTCTTATAAGACCCGCCCAATGAGTCACTTCCGGAAGATAACATCCGCGGATCCGCGTCTTATAAGACCCGCCCAATGAGTCACTTCCGCTTTCGCGGAAGATATCATCCGCGCCTTCCTGCGAGA	2	0.012085438	0.007374108	0.007374108	0.0032667865	0.0029376042	0.0029376042	0.8137748	2.7241719	4.63928
seelig_cm	by_cre	AAGTCGAACAATGGTTGTTGCGTAATGTTGAACTTACGGTCGAAAGGTTAAACATGCGAGGATTGTTACATAAGGGGATTGTTGCGGAATGTCGAACTGGCGGAAAGTCGAACAGGGAATGTTGCGGAATGTCGGAAAGTTGAAC	2	0.008490324	0.0045396388	0.0045396388	0.0023083102	0.0016586138	0.0016586138	0.58345366	2.130952	3.6824005
seelig_cm	by_cre	AAGTCTTTCGCGAAAGACGCTTCCTTATAAGGCGATAACGGTTTCGCCGATCCGATAACGCGGTGACTCATCCGATAGCGTTTTCGCGTATTCGCGGATCCGATAAGTCGTTCGAGTTATAAGTCATCGCTCCGATAACGCTTCC	2	0.012794018	0.00792519	0.00792519	0.016290579	0.009543699	0.009543699	0.18608716	2.3810525	4.580887
seelig_cm	by_cre	AAGTGTGGGAGCGAATCCTAGAACAGATCCTCCAGACTGGTGACGACTCTTAAGACCCCCGCACCGCTTTCTTATGTGACTCAAGGGTGAGGAACCGCCTTTGTGGTCCGATAACGCGTCTCGGCTTATAAGAGCTAATTCTGCG	2	0.0062122345	0.0049075186	0.0049075186	0.008119649	0.0046164375	0.0046164375	0.4419127	3.0120513	5.5834947
seelig_cm	by_cre	AAGTTTCCCTCTCTCTTCACAGTTCTTAATGAACAGAGCCATCTGGGGCCACAGCCTGTGAAATCTGATTCTCTTCCCACAGTCAGCAAACAGAGCCACTGGGATATGCTCAGGCAGCTCCCAGGAGGAAACCGTAAATGCATAT	2	0.010936737	0.0060076118	0.0060076118	0.0020000995	0.0013948809	0.0013948809	1.3652173	3.4169264	5.4735646
seelig_cm	by_cre	AAGTTTGCACCATGGTGAGTCCACCGTCCAATGTACATTCCCCCGGCATTCCGTAATACCCTACTGTCCAAAGTCCGGGGCATGTTCCGAGTTTAAACATGACCTTTGTACATGCCTGGGCAAGTCTACCGGCTTTTGTAATGTG	2	0.012151718	0.0071374774	0.0071374774	0.0026319767	0.0020225993	0.0020225993	1.501347	3.0596817	4.6230307
seelig_cm	by_cre	AATAAATTCACTTCCTATAAGTCCACGCCTTTCATGAGCATGGCGATGACTCGTTATCGCTGCGCGGTGCGTTGAGATATCATGAGGAATATCGCGGAAGCGACACGCCGTATCTAAGACGCGCGAATAAAACAACGATACTGAC	2	0.008974552	0.0049334094	0.0049334094	0.0036417057	0.002634086	0.002634086	0.24456726	2.881418	5.5223103
seelig_cm	by_cre	AATAAGAAACTGCAGTGACTAGAGGCGCGGAATCGAGACATGCGTATCGTTGCCCGAATACGAGGTAACGACGCTTCGTGAGACGCTTCTTCCTTCGAATACGCCACCGACGGGTCCTGACGCATAACTGTTCCTGAAAACGGTT	2	0.01221323	0.0071621835	0.0071621835	0.0023971547	0.0022765724	0.0022765724	0.8796289	3.2727365	5.6708956
seelig_cm	by_cre	AATACGCACTTATTAGTCGGAGCCGCTATCGCTCTTCGTCGCGCTTCCGGAAGTGGCGCTGCGTCACGCGACCAACGAAATGAGGCCGCATCCTTATAAGGACGCGCGAGTCACCGCTTGTCTCACACGATAGTTACGCCGATAC	2	0.01093483	0.006104648	0.006104648	0.0028809374	0.002611956	0.002611956	0.44174185	2.5547252	4.6725383
seelig_cm	by_cre	AATAGACTGGCGCGCGCGCCTGATGGCGCGCGCGCCTGATCAGGCTATACGTGTTGCGTTGTTGCAGCCCGTGGCGCGCGCGCCTGAACTGGCGCGCGCGCCTGATACCTCTGGGCTGTCACGCGGTGGCGCGCGCGCCTGAAGG	2	0.012742996	0.0074109137	0.0074109137	0.0023224566	0.0021277647	0.0021277647	0.8940607	3.743596	6.598464
seelig_cm	by_cre	AATAGTTGCTCTGAGCCAGGTTATGAGCCTTCCCATGTTATGGCTACATAGCTGTGATTATGTAATAAGTGGAGTTACGCTCCTGCGCTCCAAACTCGCTGAGTCACACAGGATGTTTACCTTGGCCTATGCCTGCCTGGCTGCA	2	0.009654999	0.00493747	0.00493747	0.0028167067	0.0015375647	0.0015375647	0.8509807	2.1394262	3.432589
seelig_cm	by_cre	AATCGCGAGTCGTCTCCATTCACAGCCAGACGGAATCCGGGTGCGGGGCCAATCGGCGTGTCGCTTCCCGGAAGTGACTTCCGCATGATTCCGCTCCGTGCGTGACGACACGTAACTGACTGATAACTTATCAGCCGATAAGGCG	2	0.013779163	0.008691344	0.008691344	0.032540716	0.017475689	0.017475689	0.10893722	2.9133334	5.7228174
seelig_cm	by_cre	AATCGGAAACTATCGGCGCGGCGCAACGACGTGCGTCAGACGAAGGCGAAGCGCTTTCTTAGAAGCGCGTGCGCGCGCCATATGCTAAGGATGCGCGTCGTATATCTCGGCGTATCTCATGAGACTGATGAGTTGTTAATAAGAC	2	0.0068674088	0.0049651265	0.0049651265	0.00814263	0.0047439057	0.0047439057	0.37461784	2.7406695	5.1086235
seelig_cm	by_cre	AATGCCCGTTCTGTATGAACAAACATTACGGCAGCATGACCATAAGCATGCCCGGGGATTTTGATCGTTGACCATTACAGGTAGCGGTGAAAGCCTGCCTCCAGTTTTGAATGTTGGACAAAATCCCCGGCATGCCGGGGCACGT	2	0.011792183	0.006804049	0.006804049	0.0028492366	0.0023415629	0.0023415629	0.636426	3.5337422	6.4360466
seelig_cm	by_cre	AATGCGAAGAAGCTGTGCCTCTGCGGCACACAGATCAGAGCTGGTGTGGGGGGAAGGGAGAGGGAGCCTGTGGGAGGGGGAGGGCGCATCCATTATGCAGATTGTGTGGAGTGCCTTCCCTTCCCCAGCCAGGAAACGCCCTCCC	2	0.010670662	0.0057077706	0.0057077706	0.0022435272	0.001717189	0.001717189	0.62512934	2.6908505	4.761534
seelig_cm	by_cre	AATTGACGGGGCGATTCTCACCCCGATACGCTGACTCACCGATTAAGTTAAGAATATCTTTCGCTTACTTAGGGGGCGGGTCTCACGGAAGCGAACCGCGAATGGTGAATGCTTATATCTCCTCCGCGTCAGCCGGTGAAGACCT	2	0.012688637	0.007706791	0.007706791	0.0047832998	0.0035555917	0.0035555917	0.5683166	3.0101984	5.4570622
seelig_cm	by_cre	ACAAAAGAGCAATGGACAAACAAGCCGAAAGGGGAATGTACAAACATGCCGGGAGGGGACCAAAGCAAAAAAAAAAAAAAAAAAAGAGGGAGAGAGCAAACATGCCGGGGCATGTCCACAGGGACATGTCCGGGCATGCCGGGAG	2	0.007898092	0.004532993	0.004532993	0.0026354645	0.0016626376	0.0016626376	1.6924797	2.3449569	3.000799
seelig_cm	by_cre	ACAAACAACCTTTGAACGCAGTCGGTATGTTTGGTCATGTCCGGTTTTGTCTTGCGGCAGTTAATGTTTACGTCCCGCGGGAACATGATCGTGACCTTTGGTCGGCATTACGTAACGGCAAAGGTAGCCACCGTGGTAATTTTGC	2	0.005615711	0.0044463277	0.0044463277	0.0024120274	0.0023135133	0.0023135133	1.3569465	1.9469479	2.5381186
seelig_cm	by_cre	ACAAACAAGGGAGCAAGGGGGAACAAACACACAAACAACCGGAATGTGACCAGAGCGGTAGAACAAACACACAAACAAAGCAAGGACAGGACGGCATGCCCGGGCATGCCCCCCGGCAGGCATGCCGGCCGGCAGGACAAGACCG	2	0.009740353	0.005159259	0.005159259	0.0031516247	0.001739334	0.001739334	1.7675663	2.4292185	3.0954516
seelig_cm	by_cre	ACAAAGGATGTATAGACCTGCGGACATGCCCGGGCATGTGACCAAAGATGAAAAGATCAAAGAATGAATAGGGAGGGGAGGAGGGGAATGTATAAACATGCCGGGGGACGTAGACATGTGACCGGAAGGGAGGAGAGCAGTGAAC	2	0.0073292255	0.004473269	0.004473269	0.0029539778	0.002269401	0.002269401	1.019691	1.7508186	2.4848022
seelig_cm	by_cre	ACAAAGGATGTATAGACCTGCGGACATGCCCGGGCATGTGACCGGAAGGGGGGAGAGAGAGAGAGGGGTAAACATGCCGGCATGCCTGGACATGTGACCAAAGGTGCAAAGATCAATGAATGTATAAGGAGGGGGAGAGGGAGAG	2	0.015113592	0.010426521	0.010426521	0.005211206	0.0043931	0.0043931	1.6025738	2.2528267	2.9077668
seelig_cm	by_cre	ACAACAAAACAAAAAAAAAAAAAAAAAGAAAGGGGACATGTCCGGGCATGTCGACATGACCAAAGAAACATGCCGGGGCATGTCCAAAGCACAAAAGCAATGGACAAACATGACGGAAGGCAAACAAAACAAAGAGAGAGAGAGG	2	0.010228157	0.005823612	0.005823612	0.003131765	0.0020102735	0.0020102735	1.5959334	2.4312916	3.2710543
seelig_cm	by_cre	ACAAGAGAGCAATGTACAAACATGCCGGGAGGGGAGGAGGGAAACATGCCGGGGCATGCCGGGAGCAATGAACAAAAAAAAAAAAAAAAAAAAAAAAAAAAAAAAAAAAGAGGGAGGAGAGGGACATGTCCGGGCATGTCCACAG	2	0.013431549	0.008504093	0.008504093	0.0031428065	0.0027721967	0.0027721967	1.4874921	2.881512	4.2804594
seelig_cm	by_cre	ACAAGCCCGGACTTCCGGTCAGGTTTGCCTCAGCTGACCTTTGGACTTTGGTTCAAAGGGGGACATGTCTACCTGCGGACATGCCCCGGCATGTCCGGACTTCCGGTCGGGTTTGCCTCAGCTCGCCATTATACAAACAGGCCTT	2	0.009687424	0.005049944	0.005049944	0.0022093803	0.0012293275	0.0012293275	1.6544509	3.019668	4.389523
seelig_cm	by_cre	ACAAGCCCGGACTTCCGGTCGCCATTACATAAACTGACCTTTGGACTTTGGTTCAAAGGGGGACATGTGGACATGCCCCGGCATGTCTGGACGCCCGGACTTCCGGTCAGGTTTGCCTCAGCTGACCTTGGTTCAAACAGGGGCA	2	0.010070324	0.005171895	0.005171895	0.0024891084	0.0013189194	0.0013189194	1.8385328	2.9422123	4.0507903
seelig_cm	by_cre	ACAAGGAAGGCCATACTCCTGCAGCAAAAGTAAATTATTAAACTCCAGCGTGTTAGCAGTGTCCCTTCCCTCTGAAGCAAGAACAAAAGGAGTGACATGCCTCTGCATGTCAAGAAGCAAGGCTCTGTCAGGCGGAAATGGAATG	2	0.013273239	0.0085840225	0.0085840225	0.0044034976	0.003346844	0.003346844	1.6986996	2.357448	3.0208857
seelig_cm	by_cre	ACAAGGGTCCGTGCGCTTCCTCGAGGGTGCTGATGAGACTTCTAAGACACAGCGTTAACTAGGTCTTCAGGATGCGGCTTAATTCCTCCATGGACCAGAGCGGACCGATGACACCCGGGCCTATAAGGAAGTATCGTACCTTATC	2	0.010406017	0.005338311	0.005338311	0.001817446	0.0010803598	0.0010803598	0.7881722	3.2569673	5.73083
seelig_cm	by_cre	ACAATCTAAGCTAGACCCGATTGGCTAAACATTTAGGGGAAGGGGTCGTCTGCGGCGAGCTAGAGAGTCAGTCTTTTCTCAAATAAGGAAAGGAATGTGAGCTGGTGCTGTGGCATGCCTGGGCGTGTAGGAAAAGCAGAAGGAA	2	0.009211302	0.004695773	0.004695773	0.0026106755	0.0013713313	0.0013713313	1.3655332	2.4469724	3.532927
seelig_cm	by_cre	ACACACACACACACACACACACACACACACACACACACAAACACTCAAGAAATAACTTCCTCAAAACCGCAAGATAACTCATAAGTCAGATAACTCATCAGTCCGCCCCACCCATATCTCTTAAAACCGATAACTCATCAAACCG	2	0.007274151	0.0050584674	0.0050584674	0.009077483	0.0051250686	0.0051250686	0.31174734	3.2581599	6.206788
seelig_cm	by_cre	ACACACACACACATACACAGACTGTCTGTTGCCCCTTTGACCTTGTCTTCTACACTCCTGCCCAGCTCACTCACCCGGCCTCCTGGCTGCTGCAAGATCTTGGCATTTCTCCCCAGATATCTTTGTGACTCATTCCATCAGATCA	2	0.005317688	0.0047181994	0.0047181994	0.009696967	0.0052548763	0.0052548763	0.42268282	3.4836452	6.545207
seelig_cm	by_cre	ACACCCTACCAACATCCGGCGGGTAGCCTAAAATCCCAGCGTGTTGAATTGGTGACCAAAGTCTACAGACCAACTTTAAACATGCCCCGGCATGTCTACAGCCCGGCTTTGTACTTTGATCAAAGCAATGAACATAGCTGACAGC	2	0.0067367554	0.004908204	0.004908204	0.0022743358	0.0018906863	0.0018906863	1.352549	2.9121442	4.473568
seelig_cm	by_cre	ACACGAACGTGTATTGAACACTTGCTGTGTGCCAGACATTGTGCTGGGCTGGGTGCTTACCACGCATAATCTCATTCCTTCTTCTCAACAGCCCTGTTATCCCTACTGTGCAGATAAGGAAACTGAAGCTTTAGCTGAGTCATCT	2	0.011127949	0.006110713	0.006110713	0.0025861927	0.0021928528	0.0021928528	0.4222667	3.3033402	6.189431
seelig_cm	by_cre	ACACTATATTTTATCATTATTTCTAATGTCTTTATCTTGAGTCTATCCACGCATCACCCTAGATATATCTTCCTAGAATTAGAACACCTAACGCACTGCCAGATAAGGAGGCGCGCCGCGCGTATCTGCTGATAAGGACAGCGGG	2	0.008599281	0.004911542	0.004911542	0.0016025516	0.0012941591	0.0012941591	1.2408612	3.303733	5.370293
seelig_cm	by_cre	ACACTTTCTTCCGCTACTCACACCCACACACAGATATAACTTCCTCAAAACCGCAAGATAACTCATCAGTCAGATAACTCATCAGTCCGCCCCTCCCATATATCGCCCCACCCTTATCTCTTAAAACCGATAACTCATCAAAACA	2	0.010501385	0.005452797	0.005452797	0.001621747	0.0014402507	0.0014402507	0.3209161	3.3982356	6.4806037
seelig_cm	by_cre	ACAGGACTTGACAGGAGTGCACCGGACATGCCCGGGCAAGTCCGGTCGACCATGGTTTGTGTAAAAATCAAGTCAACTACTGACCGGAGGCATGGAGTGGAACAAAGGTTGAACCTTTGCACCATGCCGGGAGAGTGTGGAACAA	2	0.007966995	0.004538834	0.004538834	0.0027499876	0.0017163344	0.0017163344	1.6263726	2.2620149	2.9010856
seelig_cm	by_cre	ACAGGGAATGTATAGACATGCCGGGGGACGTAGACATGTGACCAAAAATGAAAGAGTGCAAAGATCAATGAATATATAAGGGGGGAGAGAGAGAGAGAGAGAGACCAGCGAACATGCCCGGGCATGTAACGGGGGGAGAGGAGAG	2	0.008867502	0.0044900775	0.0044900775	0.003738101	0.0019007588	0.0019007588	1.7763369	2.0742939	2.3766282
seelig_cm	by_cre	ACAGGGGACATGTCCGGGCTTGTTTGGGGTTGTACAGAGGTGAGGTGAGCAGGGGACATGCCCGGGCATGTTTGCTGCTGTACAAAGGTCCGTTGTTTAGACTTGTTAGTTATGTAACCGAGCTTTGAACGTGACAGGGAGGGGG	2	0.006773472	0.00342834	0.00342834	0.010799963	0.0054249614	0.0054249614	0.6237887	1.146343	1.6655521
seelig_cm	by_cre	ACAGGGGGGACATGCCGGGGCACGTGACCGGAGTGGGACAAACATTGGTTGTGTACACAACAACTGACCGGAGGCATGGTGGCATGGAGTGCAGCTGTGCACCGGACATGCCCGGGCAAGTTCGGTCGACCTTTGAACCATGGTG	2	0.012014151	0.00798744	0.00798744	0.0055562467	0.0039324043	0.0039324043	1.7136886	1.9389737	2.1682854
seelig_cm	by_cre	ACAGTCGACCGGAATGTACAAAGGTCAAAGGAGCAAGGGACATGCCCGGGCATGTTTGCTGCGGACAGTCGACCGGAATGTACAAAGGTCAAAGGACTAGCCCTGTTAGTTATGTAACCGAGCTTTGAACGTGGGGCATGTCTGG	2	0.008741021	0.004382789	0.004382789	0.0049291295	0.0024717962	0.0024717962	1.6979002	1.7356261	1.7777102
seelig_cm	by_cre	ACATAACTTTACTGCTGCCTGTGGGTCCGCCCATCATCCCGTGCTTATGGCAACTGCTTCCGCCCATCATCCCGTGCTTATGGCAACTGCACGTTATCTGCAAAGCACAGGAGGAGGATGGTGCTGAACCCAGAAAGAACATTAC	2	0.012238979	0.0070859194	0.0070859194	0.0050577456	0.0034839818	0.0034839818	0.38119185	3.3946347	6.413231
seelig_cm	by_cre	ACATCAAACGTGAACCTCTTTGACATGCCCCAGCTGCCCGACGAAATTCTATCCAAGGATTATGTGGTCACATGCATGACTCAGCACGCCGTAAGAGCCAGGGATAAGTGAAAGTCTAGTGATGACTCAGCACAAGGTACAGCGC	2	0.012122154	0.0070133433	0.0070133433	0.014565104	0.008459805	0.008459805	0.1298077	2.6396272	5.154556
seelig_cm	by_cre	ACATCCGAGATAAGCCGCGCTTCCAATCGATATCTCCGAATGAGTCATTATCTGAGTCGCGCGAGTTACGCGTCTCTTGGAAGCGCTACTCCCCCGGAGGAGCCGCTTACTCAACGCTAATCGAAACTGCGTTATCAGGAAGTAA	2	0.007376194	0.00490582	0.00490582	0.003764286	0.0025980812	0.0025980812	0.6457697	2.899202	5.155105
seelig_cm	by_cre	ACATCCTGCAATTGCCAGATCTCTGCGGTTGACTGAGTTATCGCTTTCTAGGAAGCGTACGCGCCATATGAGGACGGACCGATAACGGCGCGCCACCCCCTAAGGACCGATAAGTCATCCCGTCCCATGGGTGTGGGCGGGGCGT	2	0.0066223145	0.0048460364	0.0048460364	0.0024879395	0.0018769172	0.0018769172	1.2323208	3.2325933	5.234642
seelig_cm	by_cre	ACATGCCCGGGCATGCCGCCGGAATGTTCCACCTCTCTACTCTCCCCCTTCTGTACTGCCGTCAACATGCCCCTGCATGCCTGCCTGTGTGCATTACTACAGAATGTTTGTACTTTGGTCTTTCTCCCTTGTACCAACATGCCCC	2	0.010804176	0.0058346093	0.0058346093	0.0020398942	0.0017167609	0.0017167609	0.62028015	2.9585762	5.3018417
seelig_cm	by_cre	ACATGTCTAGGCATGCCAGGTCTTTGATCGAGCTTGAACCCGGCATGCCAACAGTCCGGCGGACATTATGTGGCACTGTTGTATAAACGACCAGCGGCCATCCCTTCACTGAGGTTTCCCTCGGGTAATGTTCAAAGGTTGCTAT	2	0.012032986	0.007163048	0.007163048	0.0026733344	0.0021574404	0.0021574404	1.3957742	2.949018	4.5071316
seelig_cm	by_cre	ACATTCCAGTGACCTCACTTGCTCACGAGCTTCGGAATGTTGACATTCCGGAATGTTTAACCTTTGTACAAACCCTAATTCTCTCAACCTCTGAACATTCCCCATCATGTCAGGGAATGTTTGTCCATGACCGCCTTGACGTCAG	2	0.008586407	0.004908651	0.004908651	0.0021139742	0.0017771141	0.0017771141	0.5816506	3.2719984	5.966024
seelig_cm	by_cre	ACCATTGATTGTGTAAACATCAACTCAACTAATGACCGGAGGCATGGTGTGCACCGGACATGCCCGGGCAAGTTCGCTGGACATCAACTGACCGGAGGCATGGTGTGGAACAAAGGTTGAACCTTGGTGGCATGGAGTGGAACAA	2	0.00703907	0.004140198	0.004140198	0.00297244	0.0018762997	0.0018762997	1.5904983	1.9796153	2.3716311
seelig_cm	by_cre	ACCCACAGAACCCACACGCGCCGATGACTCAAGAGCGCCCACCCGAGAACACCACACCGATACGCCGATAACACACCCAAGAAGCGACTCCCACGGAAGCGCCCACCCGCGGCGCGCCGATGACTCAAGAAGCAGATAACGAGGA	2	0.014079094	0.008986905	0.008986905	0.014218037	0.0081888735	0.0081888735	0.27198052	3.3964503	6.5260124
seelig_cm	by_cre	ACCCACCGATATCTTATAATCGGATAATCCAGATGTCAGGTAGCGCTATCCGCGTAAAAGCGCGCCGATTGACGATGCGTCGTCGTATAGTAAGGAAGCAACACGGAATAGAAGAAGCACCGTCACAAAAAGGTGATGACTCATG	2	0.010131359	0.005230367	0.005230367	0.0017251201	0.0011597751	0.0011597751	0.5539379	3.2134726	5.877908
seelig_cm	by_cre	ACCCAGACCGACCTTGTACCAACATCCAGGCGACCTGTACAGTTCGGAGGCAATCTTTGTACAACCCGGAATGGTTAAACAATCCAACCTCCTCTACGGACTTCCGTCGGAAGGTTCTACTGTAAACAGGTCCCAATTGTATTGC	2	0.011225224	0.0062396303	0.0062396303	0.0066393563	0.004164903	0.004164903	0.18825229	3.4146276	6.6459885
seelig_cm	by_cre	ACCCGCGTTATTGGCGGCTTATAAGTCCCGCCCCCATTGGAGGAGATAAGGAAGTGATGCGGCAGCGCCTTTCCGGAAGACGAATGCGCTATCTCGAATAAGTGGCTAGCGATGAGGCTGATGACTCATTAGCGGTTGCGTTATC	2	0.006269932	0.0042294264	0.0042294264	0.004691974	0.003383343	0.003383343	0.46543008	1.7442987	3.0252078
seelig_cm	by_cre	ACCCGGAGGGCACCGGCAGTTTCCGGAAAACGCGGGTGTTACGCGGAAGTGGCACTGTGTCGCTTCCGAGATATCGTCATTCGTAAATGCAGGAAGTATAGTGACTTATAACTCTACCGGCGCGGGCGGCGCGACACCCGTAACT	2	0.010262966	0.005728334	0.005728334	0.0028576625	0.002096413	0.002096413	0.8934528	2.2427173	3.5965164
seelig_cm	by_cre	ACCCGGATTAGAAATGGTGGGGAATGTAAATAGGGGACATGCCCCGGCATGCCCGCTACGTTTGAGCAATGGTCACTTAAGGTAACCTACCGACCGGATTTGTGTTGACCGCGGTAGACAGGACTTTGTTTGCCACCTTGTAAGG	2	0.006251812	0.004414916	0.004414916	0.0024731627	0.001988459	0.001988459	1.7130991	2.1211247	2.530987
seelig_cm	by_cre	ACCCGTGACGCAATTCCTAGAAAAGCACCGCCCAATATAGGGCGGGGCCTCCTCATATGGCGTCGCTTATCGCATCGCGCCCCCTCTAAATCCTAGTTCCAGATATCGCTTTTACGAGTCGTAAGCCGCTCCCGCGGCGTCTTGA	2	0.0066883564	0.0045749545	0.0045749545	0.00296645	0.0023455056	0.0023455056	0.8285667	2.3540459	3.8816383
seelig_cm	by_cre	ACCGACCCTGCCCCCGGTGGTCATGTCCCCAGGTGCAGACATGCCCGGGCATGTCCCCTGAGACATGCCGGGGCATGTCCCCTGTCCTGTAGTGCCCCTGACCCCGGGAGACATGCCCGGGCATGTCCCCTGTTCTGTTTGGTGG	2	0.011328697	0.006397903	0.006397903	0.0025594055	0.0017563431	0.0017563431	1.538277	2.9826553	4.4319644
seelig_cm	by_cre	ACCGGAAGTCCGGACATGCCCAGGCATGTCCGCTAGGTTATTGATTGTTCGCACTTGTCTTTGCGTCACCATTATGCAACCAAAGATCGCAGTTCGCATAGCCCGTCGGAAGTTCCGCCGCTAACATGGGCGGCTTCTGGTGTCC	2	0.007102251	0.004368365	0.004368365	0.0027448914	0.0018670075	0.0018670075	1.651634	2.1199472	2.5909944
seelig_cm	by_cre	ACCGGAATGTCAACCAACCGGAATGTGACCTGGTTTGTTCAAAGTCCTTTGAACACTGCTGATTGTGTCCGGACATGTCCAAAGGTCAAAACAGCAAACAGAGCTTTGGATTGTTTAGGCTTTTGTTCAAAGGTCAAAGACCGGG	2	0.00945425	0.004807949	0.004807949	0.0027733834	0.0014413599	0.0014413599	1.4783652	2.4436846	3.41365
seelig_cm	by_cre	ACCTATCCGCCCCCTTTCTTATCTTTTCTCTTACTTATTGGCTTATTGGCGTATCTTTTTTTGCGCGCCCGCCTTTTTTGACTGATTGGCGCTCGCCCCCTCGCTCGTTTTTTTTTACTGACTTATCGGCCCTCGCCCCCCCTTT	2	0.007592678	0.0047908574	0.0047908574	0.0050789695	0.003088592	0.003088592	0.3906276	3.6526394	6.917453
seelig_cm	by_cre	ACCTCACAGATTGAATTCCGGCTTCCACCCAGGAGGGGCCAGGCTCCTCCCTGCTGCAAACACGTGGCAAAGTTCTGTGGCTCCACCCCAGTGCCTATTCCTCTTAGTGCACACTCCTCCCAGTGCGCAGGTCAGTTGAAGACTC	2	0.0063996315	0.004965663	0.004965663	0.018828068	0.0098975785	0.0098975785	0.1858102	3.402499	6.6206217
seelig_cm	by_cre	ACCTCAGGTTGGCAGAATTGCTGACTCTGCTCCCTAGCCAGATGGGGCTGCTAGATCAGCTGCGCAGGTGGGTGGAGCTGCTGTCTGGGCTTAATGTTCATGTAAGGTCACCAGAAGGGCGTCACTCCACTTCTTTGTTCCTACC	2	0.009344101	0.0049966574	0.0049966574	0.0016525321	0.0012176415	0.0012176415	0.8290756	3.2419074	5.659086
seelig_cm	by_cre	ACCTCCCCCCTTCTCTTCCCGATTGGCCGCGCGCTCATGTGATTTCTTATCTCCTCTTTCGGGTGAGTCACTTCCTTATCAGCCCCGCCCCTTCCTTTCTTATTAGCCCCGCGCCCAAGCGGTTCCTCCAGTGACTCTTCCTCTT	2	0.007993221	0.0049783885	0.0049783885	0.0029546632	0.0021604272	0.0021604272	0.6635799	3.2576478	5.85473
seelig_cm	by_cre	ACCTCGCTGTCCGTGACGCTCGCACGGGCAAGGCTGCGAAGCATGACTCAGCAATTGAATGACTCAGCAATGCGGAAAAGATGACTCAGCACATATGTCATCTTTGAACAGATATTATCATGACTCAGCACAATTCGACATGAGA	2	0.010853291	0.005961001	0.005961001	0.003422197	0.002794551	0.002794551	0.31175372	2.660474	5.0140867
seelig_cm	by_cre	ACCTCGTGATCCACCCACCTCGGCCTCCCACAGTGCTGGGATGATGGGCCTGAGCCACCGCGCCCGGCCGGAAATGAGTCTTAAGCAACTGCTGGTAGTGATGCCTCTGAAGTGGACTAACGGAAAACAGCGCGTGACAGAGGAC	2	0.009587288	0.004881501	0.004881501	0.0019148415	0.0010700924	0.0010700924	0.779675	2.893297	5.011625
seelig_cm	by_cre	ACCTGGGGACCATTGTTTGTGTAAACATGGGAGACATGCCGGGGGGGTTTGTGTAAAAATCAACTCAACGAATGACCGGAGGCATGGAGTGCAGCAGTGCACCGGACATGCCCGGGCAAGTTCGGTCAAACTTTGAACCTTTGCA	2	0.0084427	0.0048958957	0.0048958957	0.010080947	0.0054314947	0.0054314947	0.8332695	1.281289	1.7257617
seelig_cm	by_cre	ACCTTCCTTCTCAGCCCCGCGCCAGACCTCAGCCCCGCCTTCCAGGCTAGTCCCCGCCCCTCGGACACACCCACAGACTTCGGCCCCGCGTCCCAGCACTAGGCCCCGCCTGACACAGCCACGGACTGGGCCTTGCCTCCCAGCT	2	0.009541512	0.0049553365	0.0049553365	0.00121411	0.0011867309	0.0011867309	0.3182359	4.088637	7.8636236
seelig_cm	by_cre	ACCTTGGTGTGCCGTGGCTAAGCCACACTCCACCCCTGACCTGCGGGGGATGAGTCAAACGGTCAGACTTGCCTGGGCTTGTTCCACGCTCCCCTGGCTAGACAGGCGTCTACACATTCTCAGTTAGGGGCTGGACAGGGGCAGC	2	0.010883331	0.0065374374	0.0065374374	0.0043721674	0.0028383273	0.0028383273	1.6789081	2.0846171	2.4946718
seelig_cm	by_cre	ACGAAACGCTAGCGGAAGCTATTGGTCGCGTCATCGGATTTCAGGACGGCGCTTCCGCGTAAGACGCGGCTTTAGGAGCTAATGAGTCATCAGCGCTATCTTAGCATACTAACGCCTTATACCGGATTTTATGCGGAGTATGACA	2	0.012096405	0.007216215	0.007216215	0.0045458074	0.003524677	0.003524677	0.51271766	2.672797	4.8377566
seelig_cm	by_cre	ACGATACAGCGGTTTTGCGTAGCTCTAGTAATTGAATCGCGCGGCTTAAGCAGCCTATATCTTATCTTAGCGTGTCGTTTTCCGCGGATGCAATTTCCTGAAACTGACATCGATTGGCGCCGCCTAAATACGCGGATACGCTAGC	2	0.010673046	0.0056692585	0.0056692585	0.0037098646	0.0028171372	0.0028171372	0.17904605	2.862759	5.551476
seelig_cm	by_cre	ACGATGAGTCACCCCATATCGCCGTATCAGGAAGCGCATCCGAGAAAAAAGATAACGCGCCATCCGCGAAAGGAAGGGCGGAACGGAGGGCGCATCCGCGAAAGGAGCCGCCTATAGGAAACGGGGGGGCCCCGCCTATAAGAAA	2	0.013223171	0.008196443	0.008196443	0.0041837348	0.0032673157	0.0032673157	0.7560433	3.1911814	5.631346
seelig_cm	by_cre	ACGATGAGTCACCCCCGATCGCCATATCTCCATATCGCGGAAGATATAAGCATATAGCCCCACCCATAGGCAGATCTGGGGGGGTGGGGGGGAGGAAGCGCATCCGCGAGGGGCGGGGCCTATAAGGAAGCGTATCCCGGAAAAA	2	0.0061831474	0.005003035	0.005003035	0.0062057595	0.003646783	0.003646783	0.6141167	3.1500394	5.687142
seelig_cm	by_cre	ACGATGAGTCAGCGCCTATCGGAGAAAGCGGAAGCGCATCCAAAAGAAACAATGAGGGCCCACCCATAAGAAAACGCATCCGCGTATCCGAGAGAAACGATGAGTCAGTCAGGAACTGAGTCACCGCCTATAAGAAACGATATCA	2	0.004506588	0.0041379333	0.0041379333	0.004730443	0.003168724	0.003168724	0.7949284	1.8005764	2.8065932
seelig_cm	by_cre	ACGCACGCGACGGAAGTTCTCCGGGCATGTAGTCGACATGCAGCAGACATGTCTAAGGACTTTGCGGCAGGCCTGCCCAGGCAAACGTCGCGGAATGTTTACCTTTGACCGCAGGTCTACAGACCACTGGAGGTTGTAGTCACGG	2	0.009954929	0.0050240755	0.0050240755	0.0021282053	0.0010911664	0.0010911664	1.7222092	3.1999366	4.682595
seelig_cm	by_cre	ACGCGCTTCGAGATAAGGTTACTTCCTCGTAAGGCCCCGCCCATACGCGTCTTCGAGGACGCGTCTTCTTATCTGTCTTCCCGCGCGCGGAGACGCGTCTTCTTCCTCGTATCGCCCCGCCCATGCGTTCTCTTGAGGACTTCCC	2	0.0101156235	0.005413711	0.005413711	0.0011917753	0.00091493386	0.00091493386	1.1151543	4.8016853	8.492919
seelig_cm	by_cre	ACGGCATGCCCGCTGCCCCGGTAGGCCAGGGGCAAAGGACTTTGGACTGTGGCACCAAACAATGACCGGAAGGTCAGGTGAACAAAGCAAACAATGACCGGACGGTCATGCCCGGGCATGTCCCCTGGCAAAGGTCAAACACCAA	2	0.0099105835	0.0049936473	0.0049936473	0.001787819	0.0009359724	0.0009359724	0.911825	3.2276282	5.5483484
seelig_cm	by_cre	ACGGTCTTCCTAAAGCACGGTCTGCCCTTGTTTGCCACAATCAGCACTTCAAGGCTGACACCTGACACACAGAAATGACTCCATCCTAAACTTTCTATTTCGGGACTGGGGTTGCCAATTCATGGGACCCAGAAAACAGCAAGTC	2	0.011964321	0.007007897	0.007007897	0.0021264104	0.0020702807	0.0020702807	1.0175039	3.322532	5.632517
seelig_cm	by_cre	ACGTGCTTCCTCGTAAGGCCCCGCCCATGCGCGGCTTCGAGGACGCGTCTTTTCGAGGACGCGCCTTCTTATCTGCCCTCACGCGCTGACTCAGCCCCGCCCATATACGCTGACTCATCCTTCTCTTCCCGCGCTGACTCAGCGC	2	0.00942564	0.005123019	0.005123019	0.0012849104	0.0011423867	0.0011423867	0.8201005	4.0780754	7.340353
seelig_cm	by_cre	ACTAACGGGGCGGCGCGCCTCTTTTTCGCATCCGAGAAATAGGTGTGGCGCGTTCCGATACGACGCGTGACTACTCCGAGAACACTCCCTCGAAGGATCGCGCCCCCCGCATCCAGAAATCGCATAGAGTCTCATAAGGAAGCGC	2	0.010539055	0.005532682	0.005532682	0.001717341	0.0010716692	0.0010716692	1.235212	3.68616	6.142114
seelig_cm	by_cre	ACTAGGGACATGCCCGGGCATGTTTGCGTCTGTACAAAGGTCAAAGGAGCAGGGGACATGCCCGGGCATGTTTGCTGCTGACAGTCGGTCGGTCGACTAGACTTGTTAGTTATGTAACCGAGCTTTGAACGTGACAGGGGGGGTG	2	0.0073797703	0.0040635467	0.0040635467	0.009556122	0.004995903	0.004995903	0.76856583	1.2437708	1.7156595
seelig_cm	by_cre	ACTCAAGAAAGATCTTGTGGGCGCGGCTTATCTTACGGGTGGGGCTTCATGAGACCCCGACCCGTTCCGCGAAGACTGTGTAGAAACGCCACACCCTGGAAAATAGAAATCGTAAATAAAGTTATCTCACAGTGAAATATCTACA	2	0.010130882	0.0051793754	0.0051793754	0.0017464253	0.0012347548	0.0012347548	0.3150202	3.0580297	5.8059907
seelig_cm	by_cre	ACTCAATCCCACAGTGTGCTAACAGTCGGGATCCCAAACCGGTTTATGCACCTTCTGGGCTCTCCTGACTGGCTTATGTGGCCACCTGCAGAGATCAGGGCCACCCTCTCTGGGAAATCGCATGCCCTGCTGCAGATGGCTTCTC	2	0.007848263	0.0049250796	0.0049250796	0.029541131	0.015384852	0.015384852	0.066765465	3.2279413	6.3920403
seelig_cm	by_cre	ACTCACCAGGGGCCAGGCAAGCATGAGTCATTCCACATTGCAAATGGCACTGAATGAATGCCAGTCTCTGTTTCCTCTCTAGCCTTGTTCTAGTCAGTCTACAGAAACAGAACAGCAACCATTTGCTGGTCCCACTTACGTCTCA	2	0.009797573	0.004970491	0.004970491	0.0018204654	0.0010075175	0.0010075175	0.73698485	3.0594814	5.3868046
seelig_cm	by_cre	ACTCCTAGCCTAGCTGGAGGATGTGCCAGGCTCACCAAGGTACAGGGGAAGGGCCCTGAGGTTGAGCTGCGCTGCTCTCAGCCACAAAGAATGCCGCTGACTCACAGCAGTGAGGCAGGCAGACGGTGACTCAGGGGTCACACAG	2	0.012898922	0.007918591	0.007918591	0.5657214	0.28389612	0.28389612	0.0037246975	3.1169765	6.2352085
seelig_cm	by_cre	ACTCTCTGTTTGTGTTTGACCCCTGTAATGTTTGTTCCCTGGGAACATGCCGGGGCACGTGACCTCTGTCCGGTAATGTTTGTTCAAAGGTTCACAGGGAACATGCCTGGGCATGTCCTTTGAACAAAGCAAACATTACACAAAG	2	0.011063218	0.0069437623	0.0069437623	0.0065501574	0.0040773884	0.0040773884	1.6834687	1.7245553	1.7615223
seelig_cm	by_cre	ACTGGTGGGGACAGATAAGTACTGTGCTGGTGGGGACAGATAAGGGACTCCCCTGGTGGGGACAGATAAGGACAGAAGAGTCCAATCGTAAGATCTGGTGGGGACAGATAAGGACGCCCACAAACCTGGTGGGGACAGATAAGCA	2	0.008895874	0.004505098	0.004505098	0.0020860843	0.00110263	0.00110263	0.9592121	2.611829	4.2688365
seelig_cm	by_cre	ACTTATTGGCGTATCGGCCTTTTTTTTCCCGCGCCCTTTCCCTCTCTTTTTTTTCCGCGCTTTGACTTATTGGCGTATCGGCGTATCGGCTTATTGGCCTATTGTTTTTCTCGCGCTTCCTTTTTTTTATTCTCGCGCGCTTCCT	2	0.009037495	0.004980862	0.004980862	0.006035688	0.0038859432	0.0038859432	0.15266536	2.679231	5.209853
seelig_cm	by_cre	ACTTGAGGGCGACGCATCGAGGAAGTGCGTCAGACTTCGCGGCTAGCGCGTCATATGCGAGATACGCCTTCTTAAGGAAGTATCACACCCGCATCGCGAAACAACTGGTCTTCGCGGATAGCGCGGCTCTTACTCGTTATCAGGA	2	0.0084171295	0.0042263567	0.0042263567	0.0024382046	0.0012406666	0.0012406666	0.82505	2.1386256	3.456392
seelig_cm	by_cre	ACTTGTCACGTGACCGTAGGGATTGCATCAACTTTGGACATGTCCGGTCATGTCACCAGAGCATGTTTGTTCATACAAACTCTGTTGATCTGCTGAACTCCTGCCTCACAATGGCTCAGCAGGTTTGCACAGGAGCAATGGTCCG	2	0.006811857	0.00401783	0.00401783	0.0034484465	0.002120172	0.002120172	1.5447937	1.7603732	1.9787468
seelig_cm	by_cre	ACTTTGTTTTTATTACTCCTTATGATTCAGCCCTTACTTAGCTTACAAGGACTTCCTCATGTCTGAGCTCTAGCCATAATAGCTGACTGTTGGATGAGTCATCGGGGGGAGGTTCTTCTTCAGGCTGCAGATTGGCGGTCAGCCC	2	0.010989666	0.006219864	0.006219864	0.0027167737	0.0026235098	0.0026235098	0.5723662	2.3091037	4.0506115
seelig_cm	by_cre	AGAAAATTCCTGGATGACGCGGAAGTTATCGCTTCCGCGTCCGTGCTTAAGATATAAGACGATATCTTAACTTCCGTTTTATCTCGCACACCATGGGGGCGGGACGTCATTGGAGGGCGGTTCTCGGATACGACATCCACAGGTG	2	0.011047363	0.0062449276	0.0062449276	0.005429651	0.0039502187	0.0039502187	0.26494813	2.3684318	4.4767175
seelig_cm	by_cre	AGAACTTCTCGTACCATCGGGTTATGATAGTGTCGCGAGAGCCCTCAAGGTGTTTAACAGAGGACTAGTACAACATACTTATGGGCCAGGGAAATAAGAATCCTATCATGCGCTAAGGATTCACTGACATGCCCGGGCATGGCGA	2	0.009359598	0.0047073364	0.0047073364	0.0023917	0.0012138117	0.0012138117	1.5330827	2.7232382	3.918046
seelig_cm	by_cre	AGAAGAGTCGTCTCGCGCTTCCAGGAAGAGTCGCAATCGCAAGTAAATTCCAATAGATCGCGGAAGTGACACTTCCTGATTCATCAGATGACGCCTCATCTGTGATGAGTCATCAGACCACGTTATCCGTAAGGCGCCGTGTGGG	2	0.008091211	0.0041560233	0.0041560233	0.0021236483	0.0012327853	0.0012327853	0.6457535	2.227958	3.814098
seelig_cm	by_cre	AGACAGCCACTATGATATTGAGTCAGTTGTTTGATAACTGAGCAGGCTACTAAGTGATGGGCGGTAGCGTAGACAGTGTGGATCTGCTAGATAAAGAGGTGATTCACATCCTGGGTGGGATGGTGCAGGATTTCATCACGCTACT	2	0.0051722527	0.0042656064	0.0042656064	0.0042267493	0.0028584045	0.0028584045	0.7930116	2.1329312	3.4737573
seelig_cm	by_cre	AGAGAATCTCCAACCTGCCCCACAAGTGTTTACATCAGATACTTTTGCACAGAGGGAACCTGCCCAGGGCTTGTCTGGGCATGCCCATAACTGACTGGATCCTGATATGCACATGGGGGGAAGTGGGTGGAGCCAGAGGGAATTC	2	0.00899148	0.0045911074	0.0045911074	0.0043388414	0.0022312703	0.0022312703	1.5418321	1.8071251	2.0768187
seelig_cm	by_cre	AGAGATCCACGCATATCGTCCTCCGCAAGGGGTTGTGTGGCAACAGGTTGCGCGACTTACGATATGCAAGTAAGCGCTATCGGCTTTCTCAAGCGGCGATGACTCATCCGTCGTAACTTATAACTTCCTCGTGCGTCCCCCCCCG	2	0.0099692345	0.005021304	0.005021304	0.001734685	0.00091913796	0.00091913796	0.7082622	3.2276492	5.751984
seelig_cm	by_cre	AGAGGACAATCCACACTCCTCCCAGCAGCCTACGGGGTCCTGCGTCATCGGCTCCCTTCCTGCTTTCCAGCCTCAACCCAAGGTCACTCTCTTCCCTTCCCTCCCCTACTTCAGCCCCCTGGCCTCAGCTCTTTCACTCATGCTT	2	0.01047802	0.0053252038	0.0053252038	0.10555133	0.053590402	0.053590402	0.0015470191	3.2159734	6.4355526
seelig_cm	by_cre	AGAGGATGAGTCATCGGCGGGGGGCGGGCCGATAAGGGCGGCGCTTCCAGGAAGTGACTCATGGGCGGGGGGCGGGCCCAAGAGGAAGTCACTTCCTATATCGGCGGGGGGCGCAGCCTATAGGCCCGCCCCCCCCCCCCCCTAT	2	0.007689476	0.0050112903	0.0050112903	0.0044607366	0.002890248	0.002890248	0.52186465	3.1747262	5.8302665
seelig_cm	by_cre	AGATAAACTCTTTCAACCAATCACCAATCGTGAAATATTTGAATCCACCAATGCCCTGGACGCCCTCCCACCCAAGATGTCCCGCCTTCCCTGACGAGACCAATGTACATCTTACAGGTATTGATTGATGTCTCACGTCTCCCTA	2	0.016054153	0.0109512955	0.0109512955	0.020748416	0.011708039	0.011708039	0.2789497	3.1499686	6.02609
seelig_cm	by_cre	AGATAACCTATTTCTCGGAAGCGGTATCTAGGCGTTCGAGATAGCGGGTCATGGGGATTGGGTGGGGAAGATATCTCGCGAATGGCGGGTGACTTCCTCGAAGCGCGCGCCTCCCTCGAAGATAGCGTCTTAAAAAAGTGGTCTG	2	0.009122133	0.0047723055	0.0047723055	0.0023089475	0.0013442612	0.0013442612	1.112817	2.5319018	3.9553366
seelig_cm	by_cre	AGATAAGGAAGAAGCGTCCTTATCCCACGAATGCGATTCGCCGTAGGGGCGGGCCAATTAGGAAGTGACTCATCGGGATTCGTTATCTCTCTTTCAGGAAGCGACTCCCCCGAGACGCCGCCCTTCCGCGAAGCGCCGCGCCACC	2	0.013072014	0.008113146	0.008113146	0.0031691869	0.002736155	0.002736155	0.99371845	3.335537	5.6823144
seelig_cm	by_cre	AGATATACTTACAACAACGTAGCTCCGCGATATCGCTTCCTGAGTCGCGAAAGTCTAGGAAGTGACACTTTATCTGCGGAAGACCCCCACCCAAAGAAGCGACGCAATACGCGGATAAGTCTTATCAGTCCTGTGTAGGCGAGCA	2	0.010801315	0.0056864843	0.0056864843	0.0039703855	0.0028382824	0.0028382824	0.14369346	3.237342	6.336105
seelig_cm	by_cre	AGATGACTCAGCTAAAGCTTCAGTTTCCTTATCTGCACAGTAGGGATAACAGGGCTGTTGAGAAGAAGGAATGAGATTATGCGTGGTAAGCACCCAGCCCAGCACAATGTCTGGCACACAGCAAGTGTTCAATACACGTTCGTGT	2	0.010887623	0.0059315413	0.0059315413	0.0032805614	0.0027339724	0.0027339724	0.29685768	2.6374044	4.9829073
seelig_cm	by_cre	AGATGTCTGTTTACATACCAAAGTTAAAAAGCTGGAATGTTACCAAGACTGCTTTCTTCTGCCCATAGACGGGGATGACTCAGCACTACCCCTCAACAGAGATGACTTTGATGACTCTGCCCCTCAGCAGGGCTTACTAAGCACT	2	0.009824276	0.0049288273	0.0049288273	0.0019875532	0.001040156	0.001040156	0.35982615	2.6513715	4.947812
seelig_cm	by_cre	AGATTGTCTTCCATGAAACTGGTCCCTGGTGCCAAAACGGTTGGGAACCGCTGCTTTATAGCACTCAAGATAAGCAAAGTGCCTGCAGCCAAGGATGTGAGTCACCAGAACTAGGTGGAAGAACCACTCTGAGAAAGAAACTGCT	2	0.010296822	0.0052967966	0.0052967966	0.0017853404	0.0010920994	0.0010920994	0.7439042	3.2557402	5.7725763
seelig_cm	by_cre	AGCAACCGGGAGGAGCCGCATGAGATGACTCATCCGTCTGAGGCGATACGCCCCCCCGTATAGGTTATGAGTCATTGGCGCTGCGCGTGACGAAGTTACGTCCTATAAGACACGTAATCGGTAGGGCGAGCTTATCCCGGAAGAC	2	0.009587526	0.005630836	0.005630836	0.004454939	0.003990194	0.003990194	0.47403738	1.3134929	2.1569052
seelig_cm	by_cre	AGCACAGGCTGGTGTTCCCACTGGGGGCAGCATGGAGGATCTGCGTCCAGGGGGCAGAGTGTGATGACATCACCCACATGCACAGGAACGATAAGGCTTTCTTAAAAAACGATCTTTTCTCAACAGCTCCTCAAAAGGAGCTGAG	2	0.008630276	0.0046450496	0.0046450496	0.0020545262	0.0013937254	0.0013937254	0.89993095	2.5504384	4.2049313
seelig_cm	by_cre	AGCAGTTTCTTTCTCAGAGTGGTTCTTCCACCTAGTTCTGGTGACTCACATCCTTGGCTGCAGGCACTTTGCTTATCTTGAGTGCTATAAAGCAGCGGTTCCCAACCGTTTTGGCACCAGGGACCAGTTTCATGGAAGACAATCT	2	0.010311127	0.005257178	0.005257178	0.006201565	0.0038224943	0.0038224943	0.032669064	3.5881455	7.148676
seelig_cm	by_cre	AGCATAAGGCAGGCCAGATCTGAGTCAGAGGAAGCGTGAGTCACGCCATATCGCGGAGGGAGGAAGGATGAGGCGGCGCCTATCGCCAGATCAGGAAGCGCATCCGCGAAAGACGATGAGTCCGCATCCGCGAAAAACGGCGCCT	2	0.0058305264	0.004389286	0.004389286	0.0035204878	0.0025966112	0.0025966112	0.8359229	2.1615112	3.4885406
seelig_cm	by_cre	AGCCACTTAATCAAACGGGCATGTTTGGTCACGTCCCCAGAATTCCGGTACATTTCACCTCCGGCCGGACTTCGGCCGCCATGCCCCCCGGCAACAATGCGCCGGCATGACCGCTGCTCACCTGTACATTACATTACATAACCAA	2	0.010139465	0.005200416	0.005200416	0.0015972885	0.0009677955	0.0009677955	0.77245116	3.5602527	6.352993
seelig_cm	by_cre	AGCCAGATGATGAATATTCACTGAATTCCTGCTGCATTAGTCAGAGTCCCCTAAGGAGACAGATGGCAAACTCAGATTAGGAAAAGGGTTATGACAAGCAGAATGTTTTCCTGGGTGGAGTCGGGGCATGTGAGAGAACCACAGG	2	0.010358572	0.0058697164	0.0058697164	0.0028239915	0.0023239958	0.0023239958	0.7563604	2.2125556	3.6732402
seelig_cm	by_cre	AGCCCCTATCCGCCCCACGATGACTCACCCGCGGGGGGCGGACCCCTATCTGCGAGTAACCCCCACCCCGTATCTCCCTATAGGGCGGGCGATAACTCAGGATATGGATAACTCAGCCTATCGGCGGGGGAGGGCGCGCCACCCT	2	0.01058197	0.005860448	0.005860448	0.0021113008	0.0015699589	0.0015699589	1.1066704	3.0596507	5.0173526
seelig_cm	by_cre	AGCCCTGCAGAGGGAAGGACTGAGGAAGGCAGCTCAGAGGCCTCAGGCAGCCACAGTGTGCATGCTTGTCTATGACTCACAGCTACGACGTGGCCTGTGCTGCTGCAGCTGCTGATAAGCCTCAAACCTCATATACCACTCTCTT	2	0.008810043	0.0050872564	0.0050872564	0.009507394	0.005427169	0.005427169	0.14283442	3.3421407	6.5451694
seelig_cm	by_cre	AGCCGATGTCGCTTCATCATAATGAGTCAGCCCTTGTTAGTTTATCTGCTTCGCGAAACGCGCGTCACGCGACACAAGGATGTGTCGCGCGCATGATGCGCCGTAAGAGAACTATACTTCCTTATCGGTTCTGCGAGATAAGGAA	2	0.008804798	0.004541628	0.004541628	0.0024070782	0.0023079216	0.0023079216	0.12593031	1.8919737	3.6622803
seelig_cm	by_cre	AGCGCGTATCTCCCTCAGCGCCCCACGGCGTATCTCGGCGCGTAAGACTCACCCTATATCCGACTCACCCCCAGGATGAGTCACCCCCTATCCGTATCGCGCCGCGCCACTCTCAGAGGAGAGATAAGAGGATGACTCACCCCCA	2	0.0071287155	0.0050976425	0.0050976425	0.009733916	0.005450871	0.005450871	0.31350634	3.209653	6.1078305
seelig_cm	by_cre	AGCGGATCCGCGTAATCTGAAGGGATAGGAGATTTATGGACGATATATCCGCCACACGCACAGCGACACCGGTTTCTTGAATCCGAGAATATGGAAAAAGCTTATGAGTCGTCAGCGCCTCAAGAGGAGGTGTTGCTTTTTTAGG	2	0.011777878	0.0067021847	0.0067021847	0.002630547	0.002488042	0.002488042	0.617496	2.819854	5.027288
seelig_cm	by_cre	AGCTGCAGCCCCCACTACCACTCCCCCGTCCCCGCAAAGCCGCGGCAGAAACTTCCGGCGGTGCTCATTCGGAACGCGGCCGACAGAAACACTTCCGGTCGGTGTTGTAGGAAACGAAGCCGACTGGCAACCGAGGGTGAAAGCT	2	0.009563923	0.0047846586	0.0047846586	0.0021265924	0.0010690005	0.0010690005	0.4728213	2.4850614	4.502081
seelig_cm	by_cre	AGCTGCTGTTACGGATTCTTTCTGTAAAGTGGACATTTCGGCCGCTTAGTGAGGCGGGCACGGGATGGTGGCAATGATCAAAGGTCCTACCTGTGGGCCGAACACTAGACATGCCCGGGCATGTCCGTAGCTCTCGTCAACAAAC	2	0.006070614	0.0039079785	0.0039079785	0.0037959751	0.0023954916	0.0023954916	1.5961885	1.6766618	1.7549726
seelig_cm	by_cre	AGCTGCTTCTGGCATTGATTCATTGGCTCAAAGGCATCAGAGCGAGTGTCTCTGCTATTCTCTTGGCCTTCCTTTTCCTCGTAGTAGCAAGGCAGTCACAGCTACCAACAGCACATCCGTAAGGCTGGAAGAGGCACGGAAGTTG	2	0.010561943	0.0056400597	0.0056400597	0.0018170315	0.0016167355	0.0016167355	0.50667036	3.1598876	5.818027
seelig_cm	by_cre	AGCTGGGAGGCAAGGCCCAGTCCGTGGCTGTGTCAGGCGGGGCCTAGTGCTGGGACGCGGGGCCGAAGTCTGTGGGTGTGTCCGAGGGGCGGGGACTAGCCTGGAAGGCGGGGCTGAGGTCTGGCGCGGGGCTGAGAAGGAAGGT	2	0.0053486824	0.00498385	0.00498385	0.022912782	0.011933394	0.011933394	0.19928177	2.904071	5.6092257
seelig_cm	by_cre	AGCTTCCTTATGAGTCGCTTCCCCTCGCTGTGTGACAAGAAGATGCTATATCCCGATAACGATGATTCGTCACTTCCGCGCAATTCGTGATAAATGATTTGGATGCGCGCCGCGTATCGAAGCGCCACCCACAGCGTAGATGCGT	2	0.014700413	0.009644963	0.009644963	0.12755159	0.065152526	0.065152526	0.033686865	2.6874254	5.3462195
seelig_cm	by_cre	AGCTTGCGTTAGGCAGCATGCAGTGCACCAACCAGCGAACGTTGTCAGGGACATGCTCAGGGCATGCCCGGACATGTCCGCCAGCATTGTTTGTGAATGTTTGTACAGTGGCCAATGAACGTAAACATTACGTAATCAAGCCACT	2	0.0066770315	0.003381908	0.003381908	0.009506279	0.00477984	0.00477984	0.6990427	1.1637646	1.6251913
seelig_cm	by_cre	AGCTTTATCTCCTGCCTCCGGTCCCAAGGAGGCACCGCCGATTTCGCGGAAGCGCCGCGCGCCCCCTAGGCCGCGAACGCTGATGAAATCGCGCCTTAGAAATAAGATATATCGCAACGCGTGCTTATAAGTTCATTATCTGGGG	2	0.011078358	0.0060418136	0.0060418136	0.008218018	0.0050832955	0.0050832955	0.121822424	2.9038477	5.69091
seelig_cm	by_cre	AGCTTTCACCCTCGGTTGCCAGTCGGCTTCGTTTCCTACAACACCGACCGGAAGTGTTTCTGTCGGCCGCGTTCCGAATGAGCACCGCCGGAAGTTTCTGCCGCGGCTTTGCGGGGACGGGGGAGTGGTAGTGGGGGCTGCAGCT	2	0.007234812	0.0044828057	0.0044828057	0.0028675864	0.0026042112	0.0026042112	0.6027083	1.8471347	3.0943131
seelig_cm	by_cre	AGGAAAGAGTTACGTTATATCTTGCGTGTCTGACTGGCGGTGAGTCATAGGAAAGAGCGGCGTGATATCTTGTGAGTCATAGAAGGGGAAGGAAGGGCTTCCAGATAAGGAAATGAGTTGTGAGTCATAGGAAAGGAAGGGCGGT	2	0.0049307346	0.0029319823	0.0029319823	0.0055855657	0.0040664067	0.0040664067	0.36590126	0.6245658	0.88522905
seelig_cm	by_cre	AGGAAGCGGATGGAGACGCGGTTTCTTATGAGTTATCGCGATATAGGACGCGGTTTCTTTTTTTCGCGGTTTCTTTTGAGTTATCGCGGAAGCGCGTTATCGCGGAAGCGCGATATATTTCTTATAAGGATGCGGAAGTTATTTC	2	0.011656284	0.0076687336	0.0076687336	0.0041485163	0.0041280487	0.0041280487	0.8943518	1.8529701	2.8155758
seelig_cm	by_cre	AGGAGAGAGAGGTGAACAAAGGCCTCCGGGCATGCCCCCAGCAGTAGACCACGACCCCAGGGGGGCAGTGGACAAACAACCCCGGGCATGCCCCCAGCAGTACACAACCAACAGGAGAGAGAGAGAGAGAGGTGAACAAAGGCCA	2	0.011832714	0.00679034	0.00679034	0.001968688	0.0019246568	0.0019246568	0.8870096	3.5898938	6.29782
seelig_cm	by_cre	AGGATGCGCTTTCCTGAGTCACCGATGATGCAATTGCATCAGATGTAAGCGCCTATAGCTTCCTCAAAAGGCGCCGCCCTTCCAAGAATCTAACTAAGGGGAAGAATGACTACTTATAGGACGAGATTTCAGAATATGATCACGC	2	0.0043661	0.0041165054	0.0041165054	0.005223141	0.0032409353	0.0032409353	0.83373153	1.9539945	3.074008
seelig_cm	by_cre	AGGCACTCAGCGCCCCACGCTGACTCACCCCAAGGAGGAGGAAGCGTATCTGCGTATCAGGGCGGAAGGAAGCGGAAAAGGATATGACTCACCCGCAGCGGCGGGCGAGAAGTCAGCGTATCGGCGTATCAGGAAGCGCCACCCT	2	0.0043976307	0.004049182	0.004049182	0.0036762855	0.002562839	0.002562839	1.0047997	2.0203848	3.0363185
seelig_cm	by_cre	AGGGAGAGAGGACAAGCCCCGGCATGCCAGGGGGGACAAGCCCAGGCATGCCGGGAGGGGACCATGACCCCAGCGGGAGAGCAGGGGGGCAGTGGACAAACAACCCGGGGCATGCCCCCAGCAGGAGAGCAGTGGACAAACAACC	2	0.007455826	0.004790306	0.004790306	0.0016237586	0.0013301997	0.0013301997	2.048622	3.3206964	4.595436
seelig_cm	by_cre	AGGGGGACATGCCCAGGCATGTCTGGACTTCCGGTCAGGATTGCCTCAGCTGACGTTTGGACTTTGGTTCAAAGTCCCTTTGGTTCAAAGGGGGACATGCCTACGCTCGCCATTATACAAACAGGGGCATGTCCAGGCATGTCTG	2	0.009526968	0.005199313	0.005199313	0.003404499	0.001950425	0.001950425	1.7556971	2.2772398	2.80311
seelig_cm	by_cre	AGGGGTCATTGTTGGACATTCGACCGGGATCAATGTTGACCGAACGTTCGCAATCATTGTTTACAGGTCTACATTACGTAGTCAGACTTTGTTTGTTTTGTGCCGGCATGCCAGGGGGCATTGTCTACCTGACGGCGGCATGCCA	2	0.01499939	0.010097325	0.010097325	0.0076297503	0.0054804552	0.0054804552	0.67832375	2.5918367	4.5102515
seelig_cm	by_cre	AGGGTGAACAAGTCCGGTCGACATGCCCATGAATATATAGTGCTCTGGATGTCCTGTCGGTTAAAGTGGTGTACAATGGCAAACGGGCATGCCTCCGGCATTATACAAGGTTGCAGTGCAGATCTGTGTACGGCATGAATGCCAA	2	0.011824131	0.0069386363	0.0069386363	0.003162594	0.002882036	0.002882036	0.64816886	2.5971775	4.5510716
seelig_cm	by_cre	AGGTCATCCAACCGCTTGCCTGGCGCGCGCGCCTGATGAAGAGAGTGCGAAATCAAGTCGTATTGGCGCGCGCGCCTGAAGCCGAAGATGGCGCGCGCGCCTGATGGCGCGCGCGCCTGATGGGACAAGAACCGGTCGCCACGCG	2	0.011033535	0.0058631897	0.0058631897	0.0017103427	0.0012033719	0.0012033719	0.99454635	3.7229798	6.4565835
seelig_cm	by_cre	AGGTTATGTGAACGGGAATGTTCAAAGGTTCCCCAGGGGGAATTTCCGGTCAAGTGTACACCACCCAATATTTGATTTTGCACTCACAGCCGACCGAGTGTTTGGGTCTGCATGCCCAACTCCCGGTGCGCCAAATTCACAAGAA	2	0.011437893	0.0063447356	0.0063447356	0.0020567141	0.001458816	0.001458816	1.4531466	3.5075092	5.566965
seelig_cm	by_cre	AGTAGCGTGATGAAATCCTGCACCATCCCACCCAGGATGTGAATCACCTCTTTATCTAGCAGATCCACACTGTCTACGCTACCGCCCATCACTTAGTAGCCTGCTCAGTTATCAAACAACTGACTCAATATCATAGTGGCTGTCT	2	0.005253315	0.0049200803	0.0049200803	0.021674208	0.011341734	0.011341734	0.20933348	2.7083719	5.2077436
seelig_cm	by_cre	AGTCACAGGGTGACTCAGCCTCGTTACGATGAAACAGTAACTTCCTACTACCTAGAAATCGCAGCCAGGGCCAGACCGGTGTTTGTCCTAAGTCGGAACTTGATTGGGCTGAGAAATCACATTGTGACTATTCCACGACTTGAAC	2	0.01449585	0.009517252	0.009517252	0.015150563	0.009137815	0.009137815	0.29730076	2.469071	4.64582
seelig_cm	by_cre	AGTCCGCGAAGCCACTCCCTCGATCATTTACGACGCGCCACTTAAATCGTAGCTTATCCTGCCTATGAGTCACTTACTCGACCTATGGGAACGTTTTATCCTGGAAGCGCCGTCTGATTGGAAGATAACGTTATCGTTCGGCGGT	2	0.0097055435	0.004881248	0.004881248	0.0019212544	0.0010176748	0.0010176748	0.4991363	2.7754173	5.056523
seelig_cm	by_cre	AGTCCGCGACTTCCGGTTACTTATATGTCGTCGGGGCGGCGCTTTCGGGTAACTCACTTCCCCGATGGCGGAAGTTTATCTGCGAAATCCGTAGCTCTTACGCGATAAGTAGATGACGTAACTCATTCGGCGTATAAGATCCGCG	2	0.010496616	0.005642332	0.005642332	0.0068435604	0.004589531	0.004589531	0.11475772	2.3047626	4.499622
seelig_cm	by_cre	AGTCGCTGCGCGATATATCGTCCGCGAGATACGCTTCGCTCCGCCCGCGCTTCCTTCCGCGGAGTCGCGGGTCCTCGCCTCGCGCCTCTTATCGGTGCGCGGCGCTCTTTCGCGAGATATCGCCCCTTTTCGCGCGCTTCCTCGC	2	0.010843277	0.0055754185	0.0055754185	0.001556662	0.00092754833	0.00092754833	1.0304234	3.9981503	6.971145
seelig_cm	by_cre	AGTCTTCCGACGGTAATGATGGCGGTAAAGTTCGGTGAACTTCGACTTACTTTGGTTACTTCAGTCAACAGTTTGACGCGAGGTAAACTTTGTAACCTAGGTTGTTTGCAGGTCAACTTTGCTCCGGCCGACATGCGTAGTCAAC	2	0.009110212	0.004583925	0.004583925	0.0022997342	0.0011908509	0.0011908509	0.7031476	2.332298	3.9659748
seelig_cm	by_cre	AGTGCTTAGTAAGCCCTGCTGAGGGGCAGAGTCATCAAAGTCATCTCTGTTGAGGGGTAGTGCTGAGTCATCCCCGTCTATGGGCAGAAGAAAGCAGTCTTGGTAACATTCCAGCTTTTTAACTTTGGTATGTAAACAGACATCT	2	0.01129818	0.0063305795	0.0063305795	0.0027070125	0.0022788928	0.0022788928	0.50281805	3.3040361	6.110222
seelig_cm	by_cre	AGTTACATCCGCGTGATGAGTCATCGGAAGGGCGCGATGAGGCGGAGTTACTCCTACATGATGATATAATATGACTTCCTGAAGCGGCGCCGCTTCCTAAGAAGCGCTTCATCGTGACTTACCGCCAATAAGACTTATATCTTAT	2	0.006300211	0.00428614	0.00428614	0.0031479043	0.0026218863	0.0026218863	0.72063607	1.8638934	3.0091648
seelig_cm	by_cre	AGTTACGGGTAGTCACTCGCGGATGTGACTCATATCTCGCAATAACTTATCTGCGAGACCCGCTCTTCTAGGAATAGGAACGGGTGCGGCGCCTTGTGGGAGTGAGACTAAGATAGCGCCCGCCTCATGAGTCATCGGAGGGGGA	2	0.0043723583	0.003991246	0.003991246	0.0036844963	0.0024844557	0.0024844557	1.1845047	1.9987066	2.8125274
seelig_cm	by_cre	AGTTAGTAACTCATATCATTACGGCTCCTTATGAGTGACTAATTCCGCGAATCGCCCCCCTATCTTACTGATGAGTCATATCTTCCTTAAGCGCCGCCTACTTATGCTATTCGCGATATATTCCGATAGCGTCTTAAGAAATCTA	2	0.008592129	0.004919842	0.004919842	0.0076589137	0.0047107334	0.0047107334	0.16226551	2.518855	4.879117
seelig_cm	by_cre	AGTTCATTCAATAAACGGTGAACTTTGGATCATTACATAAACATGCCTGGACATGCCCTTGTATAAAACGGGGGTTTGCCACTGTGGACATGCCCAGGCATGTTACCCATTTTGGTCCATTTACCGTTGAAGTTTGATTATGTAA	2	0.0047763586	0.003328383	0.003328383	0.004607435	0.0028415835	0.0028415835	1.0342752	1.3923445	1.7489659
seelig_cm	by_cre	AGTTCCTATAACTGATTGGGAAGATCGATAAGCCTTCGCGGAAGCGTAAGCGCGTATTTCGCTGGGCCTTATGAGATAACGTCATCCGTGTATTGAGTAACGAGAAGTGTGCGGCGTATCGTATCTTAAGAACGCGATACTTCCA	2	0.011167765	0.0066743493	0.0066743493	0.0055873613	0.0043228543	0.0043228543	0.38924298	2.020951	3.6571524
seelig_cm	by_cre	ATAACCAAGATGGCTGCTAGTGACTAATGGGCCAAGGTTCTGGGAGCATCTACAGTGTGGATATGCTGGACAAAGGGATGATTCACATCCCGGGCAGGAGTGAGCAGGATGACATGAGATTTCATCACACTACTCAGAACAGCAT	2	0.011044979	0.007045865	0.007045865	0.0047222837	0.0046336446	0.0046336446	0.668828	1.5046289	2.3444288
seelig_cm	by_cre	ATAACGCAGATATGACTTAAGGAAGTGATAAGGAAGCGCGGACCCATGGAGCGATACGCGTTTCTTGGAAAAGATATAAGGAACCGTCCTTATAACTTAAGGAAGTGACATGGAAGCGCGGACCCATGCGTGGGTCCGCGAAACG	2	0.011065483	0.0060395747	0.0060395747	0.0064396905	0.004268958	0.004268958	0.15690234	2.7155719	5.2792673
seelig_cm	by_cre	ATAACGCGACGCAGCGGATGACGCGTCATCGCTGATCCGCGAAGCGGGATCCGCTTCTTCGTAAGGGCGCCGCGTTTCGCGAATCGCCGATAGAGATGCAACAGATACTGATTAGCAGATTACATTTTCCTATTGGCTGATAACG	2	0.009048462	0.00491336	0.00491336	0.0019155629	0.0018766056	0.0018766056	0.4058924	2.6651087	4.92846
seelig_cm	by_cre	ATAAGACACTCATCACGAAATAACTTCCTCAAAACCGCAAGATAACTCATCAGTCAGATAACTCATCAGTCCGCCCCTCCCATATATCCCAAAAACTCACAAACACACTCAAGAAATCACTTCCGCTACTCACATCCATATATCG	2	0.009569168	0.005025586	0.005025586	0.01076704	0.0061225654	0.0061225654	0.04452563	3.259386	6.47879
seelig_cm	by_cre	ATAAGACCCGCGCCTTCCTGCGAGAAAAAAAGATGTCGCTTCCGGTTCCGCGGAAGAAGAAGAGATATCGTCATAAGACCCGCCCAATGAGTCACTTCCGGTTCCTTCGGAGAAGTAACTTCCTCCTTATTAGATCCGCGGAAGT	2	0.0064668655	0.004298955	0.004298955	0.0025479211	0.0024216888	0.0024216888	0.83532023	1.826816	2.8204794
seelig_cm	by_cre	ATAAGACCCGCGCCTTCCTGCGATGAGTCACTTCCGGAAGATATCATCCGCGGCTCCGCCCAATGAGTCACCCCCCGGATGAGTCACTTCCGGTTCCGCGCCTTCCTGCGAGATATCGCTTCCGGTTTCGCGGAAGATATCGTCC	2	0.010196686	0.0052042305	0.0052042305	0.0019774782	0.0011093826	0.0011093826	0.87758416	3.0170493	5.161507
seelig_cm	by_cre	ATAAGATATCGCTTCCTGGACCGGGTGATAGACGTAGGGAGAGCCACTGGCGGATGTAGCGATAAGCCGCGCGTTTTCGCGATATCTTATCACTCTTCAAGAACCGTGAGTGATGACACCGCGCCGCCGATGGGGCGATCCGGTT	2	0.013068914	0.008566707	0.008566707	0.023981867	0.013698166	0.013698166	0.16744998	1.9984982	3.8340487
seelig_cm	by_cre	ATAAGATCCGACTGATTAGAAAAGATATCGTCATATCCTCATAAGACCCGCCCAATGAGTCACTTCCGGAAGATATCGCTTCCGGTTTCGCGGACCCGCGCCTTCCTCCGATGAGTCACTTCCGGTTCCGCGCCTTTTTAAGAGA	2	0.006355524	0.0040436387	0.0040436387	0.0022378892	0.0021889396	0.0021889396	0.77296746	1.8718591	2.9730625
seelig_cm	by_cre	ATAAGGATAGCGCGACTTCCCGATAAGTCGCTTCCTCATCTTTATTTATCATTTAGTAACCGCCTATTATTTTATCAGGAAGTTCCTCCTCCGAATTAGCATATATCGTATTTCTTACTCCAGGATCCGCCGCGCCGATAGGATA	2	0.011338234	0.006447345	0.006447345	0.0036513594	0.0027418972	0.0027418972	0.42548934	3.3068953	6.193192
seelig_cm	by_cre	ATAAGTCACACCCACACACCCACACACACACAGATATAACTTCCTCAAAACCGCAACTCATATCGCACCACCCATATATCTCAAATCCGATAACTCATCAGTCCGCCCCTCCCATATCTCTTAAAACCGATAACTCATCCTAACG	2	0.008560181	0.0048974603	0.0048974603	0.0052842605	0.0033693793	0.0033693793	0.23304635	3.05949	5.8895965
seelig_cm	by_cre	ATAGAGTGTCTGGCGTGGCGCGAAGGGTTTCTCCGGCTAGTGGATCCGGCTTATAGGAAGTTACTTCCGCGAAGCCTCATGAGATATCGCGTAACCCTCCGTTTGGCGGGCGGATATAACTCATCAGCGATGCCGAGAAGATACG	2	0.00835824	0.004352629	0.004352629	0.0023193927	0.001379845	0.001379845	0.7879718	2.195889	3.607812
seelig_cm	by_cre	ATAGGAGCGGCCTCTTGCGCGGTATCGCGCCCTCGCTTCCGAGAACACACCGATGGGTGCTGAAACCGTTTCTAGGAAAAGATAAGGATGCGACGGAAGCGACTTCCTCTTCCTTATCTGACGACTCCTCGTAGTGGTGTGGGGT	2	0.010713577	0.0060641766	0.0060641766	0.0025690177	0.0018454697	0.0018454697	1.2603215	2.715665	4.1756577
seelig_cm	by_cre	ATAGTCCGCTTCCGAGTACTCGGTGTGGGGCGCGTCCCCCGTATTATTCGCCTTCTAAACGCGTCGCGCCTGTCTTCTCGCCCTTCAACAGCCTCCGCCACTTGCTTATAAGAAATAAGTATCCTCAAGAGACTCTTCGAGTATA	2	0.014030933	0.0089682415	0.0089682415	0.01861936	0.010418292	0.010418292	0.20780468	3.2689552	6.3351684
seelig_cm	by_cre	ATAGTGGCTTGCAGCAGAAGTCTTTATCTGGCCTTCACAAGAATGGAGATTGCACCTCCCCCGACCCCCCTGTCCACAAAACCCAGGAAACACCTTGCAGAGTTGATGCAATATTTGCTATCCCAGCCCTTGGTGACAGTTAAAA	2	0.011222839	0.006259624	0.006259624	0.020126509	0.010932936	0.010932936	0.06376477	3.2583406	6.4578795
seelig_cm	by_cre	ATATCTGCTGCGAGAGATATGCGTCTTCCAAGAAGCGTGGGGCGCGCCCGTTACTTCCTCGAGCCGCGAAACCGGCTTCTAACGCTGAGTCTCATCAGTGCGGCGCGCGATTCGCGGAACGAGTCTTATCGGCCCGAAGTTATCG	2	0.014325619	0.009313315	0.009313315	0.004459997	0.003590827	0.003590827	0.9622024	3.1139588	5.2707276
seelig_cm	by_cre	ATATGAGCATGAAGTGGACATGACGTAGTTTGCCACTGTACAATTCCGGACGTTTGACCGGAAGTTCTGACATCACGGTGTCAATCCAAAACATTCTGTGTACAGTTGCGGTCGTGTTCCGGCATGGTCGAAAGCTTAAACAAAA	2	0.011842728	0.0077797174	0.0077797174	0.0103991935	0.0073923944	0.0073923944	0.35554504	1.5288866	2.706291
seelig_cm	by_cre	ATATGCATTTACGGTTTCCTCCTGGGAGCTGCCTGAGCATATCCCAGTGGCTCTGTTTGCTGACTGTGGGAAGAGAATCAGATTTCACAGGCTGTGGCCCCAGATGGCTCTGTTCATTAAGAACTGTGAAGAGAGAGGGAAACTT	2	0.012073755	0.007286012	0.007286012	0.0031447385	0.0025206606	0.0025206606	1.3159986	2.5782995	3.845388
seelig_cm	by_cre	ATCAATAATCCCGTCTATCATTATATTTAGACCACAGTACCGATCCCGGCATGCCGGGGCATGTATAGAGCGTAGGGTCTTTGTCCAAACAATGTTTGACCTTAGTCCGTCCCGGGAACCGAGCGCGCTCGGACATTCCCTTCTA	2	0.007827282	0.004811704	0.004811704	0.0017532208	0.001577489	0.001577489	1.2804412	2.8729272	4.468429
seelig_cm	by_cre	ATCAATATTGCGGCAAGCTCAAACAAGCTTGAGCATGGCCCCTGAATGTAATGCTCTGGGGTTTGCCCAACTAGCCGGCAGAGGCACCTAGGTCGCTTGTTAATGTTTAGGTATTCGCTATTCCGGTCGCCAGCGATCCAACATC	2	0.01013422	0.005069375	0.005069375	0.0016958925	0.0008499246	0.0008499246	1.1449085	3.5603275	5.9808116
seelig_cm	by_cre	ATCACTTCCTTATCTCTCGGAAGAGGGCGCGGCCTATTGGAAGTAACCTCCCCCCGCCCCCCCCCCCCCGCCGATGACTCATCACTTCCTTATCTCTCCGCCCGCCTATTTCTCGGAAGCGCCGCCCATTTCGCGGAAGTCACAC	2	0.010321617	0.005209148	0.005209148	0.0013748077	0.0007291018	0.0007291018	1.1592256	4.3334775	7.5128417
seelig_cm	by_cre	ATCAGTCCGCCCCACCCATATCTCTTAAAACCGATAACTCATCAGTACGAAATAACTTCCTCAAAACCGCAAGATAACTCATCAGCCACACCCACACACACACACATATCTCACACACACACACACACATAAGCCACACCCACAC	2	0.013790131	0.008752927	0.008752927	0.046437133	0.02432729	0.02432729	0.078158356	3.1494687	6.2258162
seelig_cm	by_cre	ATCCAAATTATCGGGAAGTGTCGCGCTAGTCAGAAGAGGCGCCGCTTTCTTATAATTAGGAAGGCGCGCTTCTAATAAATAGTTAACTGATGTAACTTCCCGCGTAAGCCCCACCCTTAATTGCGCCACCTAAAGCTAATTTTTA	2	0.007688999	0.004983112	0.004983112	0.0051645874	0.0032884618	0.0032884618	0.43979213	2.9425507	5.448015
seelig_cm	by_cre	ATCCCTGCCTGGTAAGTTCAAGGTTACCAGGAAGTGAGATAAAAATCAACTCCTGACTCCTGGGCGAGTGTCCAAAAGCAATCTACATAAAACCCTTTGGCCGCCCGGAATTCCTCCTGCTCAGACATGCCGGGACATGCAGAGC	2	0.010864258	0.006069571	0.006069571	0.0017317905	0.0015254279	0.0015254279	0.9658679	3.6199653	6.278857
seelig_cm	by_cre	ATCCGCGGGCGGCGCTTCCGAGATATGGGCGGGGCTTCCTCGACCCCGCGGCTGAGTCACCCGGATCCGCCGATAGGCGCGGCTTCCTCGAGCCGGCGGGTGAGTCATCCCGATATCGCTTTCTTCCCCCACGCGTATCTTCCCC	2	0.008993626	0.005030945	0.005030945	0.0025827272	0.0019512549	0.0019512549	0.41308454	3.6140475	6.818973
seelig_cm	by_cre	ATCCGGCCGATGACTCATCACTTCCTTATCTCTCGCAAGGAAGCGCCGCCCATTGGCTGATATAAGGAAAGCGATGACTCATCCGCCCCGCGCCGATTTCGCGGAAGTCACGCCCCCCCACCGCGCGGCCTATTGGAAGTAAGCG	2	0.009110928	0.0048072934	0.0048072934	0.0020214824	0.0012729671	0.0012729671	0.960102	2.7337031	4.5116076
seelig_cm	by_cre	ATCCGTCCGCCCCACCCATATCTCTTAAAACCGATAACTCATCAATAAACACATAAAAACTCAAGAAATAACTTCCTCAAAACCGCAAGATATCTCATAAGTCAGATAACTCATAAGCCACACACACACACACACACATATATCG	2	0.011529446	0.0066330433	0.0066330433	0.0022978315	0.0019812288	0.0019812288	1.0423934	3.0303974	5.023298
seelig_cm	by_cre	ATCCGTCCGCCCCACCCATATCTCTTAAAACCGATAACTCATCAATACGAAATAACTTCCTCAAAACCGCAAGATAACTCATCAGCCACACACACACACACACACACATCAAGAAATCACTTCCGCTACTCACACCCATATATCT	2	0.012002468	0.007019937	0.007019937	0.004792723	0.0032997292	0.0032997292	0.42408538	3.5341415	6.6491804
seelig_cm	by_cre	ATCCGTGTTTACTTAGGTATTATAGAGTAAAGTGTGTTTACTTAGGTCAGGAGTTTTGTTTACTTAGGCAGTGTTTACTTAGGGTAAGAAAATAAGTGTGCTACCCCGGAGGGTCATTGTTTACTTAGGAAATGTTTACTTAGGG	2	0.010380983	0.005681336	0.005681336	0.0029624505	0.0018809583	0.0018809583	1.2274392	2.366059	3.5093787
seelig_cm	by_cre	ATCCTCGAAGCGCCGTTCCCTCTCGCGGATCGCCGCGTCTTTCGCGGGCGGCTTCGAGGACTAATGTCTTATCTGCCAATCACGTCGTCACTTCCGCCTTATAAGATACGATGACTCGTGCATTTGCGGGAGTCATGGGTCGGGC	2	0.011019707	0.0060099475	0.0060099475	0.04022633	0.02105167	0.02105167	0.024363928	2.947876	5.876398
seelig_cm	by_cre	ATCCTTAGACGCTGCCTCGCCAATAAGATGATATCTTATAAGACGCGGCGCTTCCTTGTGATGTGAGTCATCGTAAGTGCTTCTCCCTCTCTTTAGCTGACGCGTTTCACTAGGAAAAGATGGGTGGGGCTGGAGGAGGAGATAA	2	0.009836197	0.0050439835	0.0050439835	0.0023965496	0.0015000382	0.0015000382	0.41703862	2.2607405	4.1092343
seelig_cm	by_cre	ATCGAACTCTTTAATGACTCAGCACATGACTCAGCATAAGATGACTCAGCAGGGGCGGTGCCCGGCATTACGTGCTGGAGGCCATGACTCAGCAGGTGGCGAGTTATGACTCAGCAGATGGGCCAATGACTCAGCATTTCCCAGA	2	0.0097785	0.005607713	0.005607713	0.01206501	0.0075485115	0.0075485115	0.11838018	1.6720918	3.2299745
seelig_cm	by_cre	ATCGTTCAGAACCCACTGTACAAAGATTGCCGCTAGAGTGCAAACTTTGCTCGCCGAAGGGCAGTGGACAATCCCGGGCATGTCCCGTCATGTTCGGCGGCCAAACTCTCCGGAAGTCGGAACTTTGCTTTGGGTAGTTTTGCAA	2	0.0103030205	0.005458355	0.005458355	0.0019299356	0.0011533921	0.0011533921	1.6281704	3.4835038	5.343682
seelig_cm	by_cre	ATCTCCTCCTTCGGGTGAGTCACTTCCTTTTTCTTCCTCCCTCCTCCTTCCCCCCCCTGCGCCTTTCCGATTGGCCGCGCGCTCATGTGATTTCTTATCTCTCCCCTCCTGCGAGTTATCGGTTCTGCGCGCGAGTGACTTCTTA	2	0.005551815	0.0049567223	0.0049567223	0.006636191	0.0038387652	0.0038387652	0.6550681	2.9943333	5.3341937
seelig_cm	by_cre	ATCTCTGCTAGCCATAGATAAGATAAATCCTGGGGCTCTAAAGACTGCAAGCCGTTGCTGCCCTTCAGAGCTTTGTGACTCAGACACCTGTCAGGCTGCTGAGAAACGTGATCTAGTCACGTCAGCCCTCCCCCTGTCTGATCTC	2	0.010407925	0.0052476227	0.0052476227	0.0018901904	0.0010194522	0.0010194522	0.58712846	3.0467281	5.511488
seelig_cm	by_cre	ATCTTCCTGGAAGTCGTTATCGGCTAATAAGGTTCCTTAAGGAAGTATGAGTCGTCTCCTTGGAAAGCGCGTCATCCTACTTATGAGTCGCCCTCGGCGTCGCGCTCTCAGTATCTCCCCCTTCCGATGACGCGCAAGATATAGC	2	0.009780407	0.004893236	0.004893236	0.0019450773	0.0009910951	0.0009910951	0.16341081	2.5958507	5.0331774
seelig_cm	by_cre	ATGAATGCGACCTTTGTACAAAGGTCGCGGGCAGGGGGATTGCGGCGGACATGCCCCGGCATGTCGGACAGTTCACTTTGATCAAAGCCACCTTTGTGTGCCGGCATTGGACTACGGTCAAAGCATTCCGGCAGAACCACTACGT	2	0.01241374	0.007817864	0.007817864	0.004101251	0.0030240861	0.0030240861	1.6533036	2.3408666	3.0330253
seelig_cm	by_cre	ATGACGTCATGTTAAGAGGGTTTAGACTGGATAGGTTCAACGGTCCAAAGGTTGTACAATCTATGTGACAGAACTCCCGGCATGCCGAGGCATGTATCTAGCGAGGTTCCCCTGTTTTGAACTTCGCTCTTTACATGCGTTGTAC	2	0.010511875	0.0066544414	0.0066544414	0.0068342	0.004346002	0.004346002	1.504147	1.5218369	1.5433841
seelig_cm	by_cre	ATGACTTTATCGCCCCACCACGTGCGACGGATGAGTGAGGGTCTCACTTCTTGGAAGCGACGCGCCGCCCGCTTATGATGAAAATCGCGCGTAGGCGGATAGGAGATAAGAAACTAGTGGCGGCTCCCGTAACTGGATGCTAGTG	2	0.008167267	0.004957393	0.004957393	0.00805226	0.0047077015	0.0047077015	0.2161484	3.104259	5.9955792
seelig_cm	by_cre	ATGAGGGGCCAAGGCTTTTGTTGCTGAGAATGCAAATGACAGCTGGGTGTCTGCTGGCTGGCTGATGCAACACGCTGCAAACTCCTTCCTTTGGATTTAGGTGGCTTCTCTCATCCCAGCATCTAAGCCACAAACCCCCAAAACA	2	0.009476185	0.0049077347	0.0049077347	0.0022300037	0.0021293175	0.0021293175	0.16707838	2.2083254	4.254141
seelig_cm	by_cre	ATGAGTCACCCGCGCGGCGCGCGGTTCCGAGAGGCCGTTCTCGCGTATCGCGTATCCAGGAAGAGGTATGATAACGAGATATGGTCTTGAAGCCTCATAAGTTTGCGTCATCTTTTATCGGATGCGACTTATAAGTAAGAAGTCC	2	0.011419058	0.0069211274	0.0069211274	0.01093542	0.0069357147	0.0069357147	0.22037998	2.055452	3.8950222
seelig_cm	by_cre	ATGATGCATCGTCGACGCGCGCGCCGTATAAGATACCGCATATCGCGCATATCGTGCCGGTAAGCGGTTCCTATAGGAGCCGGATGTAGCAAGTCCCTCCGTCAGTCGCGGAGCGCTTCCGATATCTGGCGCGGAACGCGTTATT	2	0.008262157	0.00511913	0.00511913	0.0074050887	0.0043665958	0.0043665958	0.26586932	3.24394	6.225154
seelig_cm	by_cre	ATGCCCCTTTGGTGACCGGGGTGCATGCCCGGGCATGTTTGGACCTTTGGACATACATGCCGGGGCATGTTTGTACAGTGGGGCAGGCATGCCGGGGCATGTCTCTTTGGACATGCCCGGGCATGTTTGGTCCTTGGTGGACATT	2	0.009579897	0.0053800344	0.0053800344	0.0032117714	0.0019409611	0.0019409611	1.7604643	2.3719	2.9875355
seelig_cm	by_cre	ATGCTGTTCTGAGTAGTGTGATGAAATCTCATGTCATCCTGCTCACTCCTGCCCGGGATGTGAATCATCCCTTTGTCCAGCATATCCACACTGTAGATGCTCCCAGAACCTTGGCCCATTAGTCACTAGCAGCCATCTTGGTTAT	2	0.012543678	0.00759688	0.00759688	0.0032480701	0.0029172897	0.0029172897	0.8145693	2.832775	4.8559275
seelig_cm	by_cre	ATGGGATGAACGCGAGTGAAATCACAGCTTATCAAATCACAGCTCGCATAGGATCGAAAATCACAGCTCAGACAAGGGCGGCAAATCACAGCGTAAAATCACAGCGCGAAAATCACAGCTAAGCGTGATAAATCACAGCGGTAGA	2	0.011227608	0.0062886477	0.0062886477	0.0021308146	0.0015563922	0.0015563922	1.3737948	3.321816	5.274776
seelig_cm	by_cre	ATGTCAACGGGCCGGCCTTCGGAGATCTTAGGCCTAATTGCTTTGAACTACTGATGTACCCCAGGTAGCAGTGGACCGAACTTTGAACGGGATTGTTGACCTTGGCATGCCGGGGCATGTACCAAACGAAGCTCCCGTACTGTAA	2	0.010739803	0.0057483017	0.0057483017	0.0017764033	0.0014232283	0.0014232283	0.7068761	3.376534	6.051183
seelig_cm	by_cre	ATGTGCATCCTGGCCAGCCCCCCTTCTCTCCCAGCTGTCTACAGTGGGGAAGCCCTGAGCAGCCACTTCCTTTCCAGACGCTTCCGGCCTCAAAGCCTTACTGCCTGCTGAGTCAGCAGCCTTCCCCGGCTCCATTCATAAAGCA	2	0.008321762	0.0049010515	0.0049010515	0.0049723457	0.0031711294	0.0031711294	0.29697463	3.1861897	6.0788255
seelig_cm	by_cre	ATGTTACTTTCTTAAAAGAAGCGATACGTCATATAAGGAACCCGCGTCTAGCGATGAGTCATCGGCCTAGGCCGCGCCTACCCGCGATTAAATCACATCCGCCCCCGCCCTTCCGTGATAAAGGAGGCGTCGCTTCTCGGAAGGC	2	0.012378216	0.0075295568	0.0075295568	0.0045140274	0.0037771168	0.0037771168	0.5925633	2.3327045	4.0776944
seelig_cm	by_cre	ATGTTTAGTCAGGGTGCCACCGGAACATGCCCAGGCTTGCTCGTTGCCCATTCCCCCCTTCAACCCGAGTCCAAAGGTCATTGAACCTTGGTAGAATGCCTGACGTCAAGTCGATCGTCCGTTAGTCACTGGACTATGTAACCAG	2	0.009356976	0.00484401	0.00484401	0.0019780102	0.0011266784	0.0011266784	1.2021155	2.9663901	4.735178
seelig_cm	by_cre	ATGTTTGTTCATTGCCTCCGTTGTGCATTGGGTTAGACATGCCGGGGCATGTCCCCCTGTTCATGCCCGGGCATGTACATGCCCGGGCATGTCCGGGGGCTTGTGTTGACAGGGTTGTTTGGTCACCGGTGGTCGTGCATGGTCC	2	0.010787487	0.0060819387	0.0060819387	0.003272542	0.0019994953	0.0019994953	1.893996	2.5955236	3.3017569
seelig_cm	by_cre	ATTACGTACCGGTCAAGCTGGGAGATTCCGGGTGGCTAAAGTTCAAAGATTACGTAATGCCGGCATGCGGACATGCCCAGGCACGTTCGAAGGTTCAAACAATCCCTGGCTAATTGTGTACCGGCCTACTGCCCGGCGGACTGCA	2	0.0076670647	0.0039777756	0.0039777756	0.0043669767	0.0022697796	0.0022697796	1.6714424	1.7136393	1.7595253
seelig_cm	by_cre	ATTATGTAACCTACCAGGGGATGTTTGTCTAAAGTTTGGCTTTGTACAAAGCCCTTTTGTTATCCACCTGGCGTACAAGCGTCCGTAGGCTTCTTAGTTGCCCCGGCATGCCCGGTCATGTAATCAACTCATGCCGGGGCACAAC	2	0.012289047	0.0073053837	0.0073053837	0.0023118078	0.001986863	0.001986863	1.3958515	3.356393	5.321918
seelig_cm	by_cre	ATTATGTAATGCCCAGGCACAAGCCCGGGCAAGTTCAAAAGTTCAAACATTACGTAATGGGGACATGCCGGCATGCCTAGGCACGTACAAACCCAGGCAAGTTCAAAGGGTAATGCCCAGGGGACCAGGCAAGTTCAAAATGTGA	2	0.0063695908	0.0040012	0.0040012	0.0032698472	0.0020971473	0.0020971473	1.7654387	1.8571166	1.9511629
seelig_cm	by_cre	ATTCAAAGCGCCCAAATCATGTTAAACATTTACCTTTGTACAATCCCCTTCAGAGCTTGAGCTGGTGCACTACGGGCATGTTTATACATAATTGGTCGGTCGGGCATGCCCGGCGACCTAAGCTTATCTATTTGCTGTAATATTA	2	0.009973049	0.0049955845	0.0049955845	0.0019960585	0.0010047375	0.0010047375	1.3505704	3.1734755	5.001358
seelig_cm	by_cre	ATTCCGTTGAATGTCAACCGACCGTACAAACGTAATCCATTACAGGTGCAACATTCAATGTTCATACAGCCGACGGTAGGACCGTGGGCTTAATTCCGTAATTCTGGCAGGCATGCCTGGACAAGACCGTAGCAAAAGTGCATGA	2	0.010178089	0.005327165	0.005327165	0.0020010073	0.0012179604	0.0012179604	1.0947868	3.0907536	5.091572
seelig_cm	by_cre	ATTCGCGGATAGCGCTTCCTTCCTCGACGCGGGGGCTGAGTCATCCCGTTATCGCTTCTTAGATATACGCGTATCTCGCCCCCCCCCGGGGCTGACTCATCCGGCCCCGCCGATTGGGGGGCGGCGCTTCCGAGGGAGGGGCGGG	2	0.013969421	0.008874714	0.008874714	0.012784284	0.007563739	0.007563739	0.2937861	3.1286871	5.968683
seelig_cm	by_cre	ATTGGCCGATAAGCGCGTATCGCGTCATCAGCGTGAGATATCGCTATCTGAGGAGGGAGCGGACGTATTTCATTTACGCTTTCTCAGTTCCGCGAATCACGCCGCCAATCGCGCTGACTCGCGCGGCGTAAAATAAGGCAATTGG	2	0.011747122	0.0069979727	0.0069979727	0.0033508134	0.00320434	0.00320434	0.67000324	2.2563674	3.8474808
seelig_cm	by_cre	ATTGGGTCATGCCCAGGCACGTTGGAACAATGATGGTAGCCGGGGTTAATGCCGGGAGACAAGCCCGGGCAAGTTCAATGCCGGTCTACTTGGGGCATGCCGGCATGCCTGCAAAGGTACAAAGGTTGGCACAAACATTACGTAA	2	0.0060424805	0.003970921	0.003970921	0.002997746	0.0020589193	0.0020589193	1.6947685	1.8556963	2.0186958
seelig_cm	by_cre	ATTTCAGCCAATCATGAGGCAAGAAAGTAGTCACGCTCACGTAAGCAACCAATCAGAACAGGAAAGGAGAGGCACCAACGTGACCCGGACTGATTCTCGGAACAGCCAGCGAACATTTCGAAACCCAAAGTGGGCGGGGCGAGGG	2	0.007121086	0.0047245026	0.0047245026	0.003307124	0.0024211332	0.0024211332	0.70274645	2.6713116	4.6422734
seelig_cm	by_cre	ATTTCATCCTTCCGCGATAACACGCATATAGGAGGAGGCGATTCATCGCCCTCGCGGAGAGATAAGTTCCGCGCCAATTGGGCTTCATTAGGCGGCGCTTACTGAGTATTACTCAGTCTCATGCTTCTAAGAAGTAGCGGAAAGG	2	0.01131773	0.0063969195	0.0063969195	0.0044229412	0.0032856883	0.0032856883	0.33300117	2.8008168	5.273553
seelig_cm	by_cre	ATTTGAACATCCCCTGTTACGTAATGAACGAAAGGAGCAGACCCGGCGGCGGTTCGGTTCAAAGGACGCTTGCCTCACCACACCCAGAGGACATGCCCGGGCATGTCGACCGAAGGGCTTTGCCTAGTTTCGGTTTGTTTGACAC	2	0.0068514347	0.003438592	0.003438592	0.00594487	0.0029799982	0.0029799982	1.1490695	1.427362	1.7022417
seelig_cm	by_cre	CAAAATTGCATAGTGTAAACATGCCTGGGCATGTTCACCGGACGGGACCAAAGTTCCAAAGTTCAAACATTTCCGGTCATGTTCATGTCCGGGCATGTTCACAGTTGTTTTTGGACATGTTCCGGCATGTTCAAAGGGATTTTTG	2	0.0066034794	0.003685832	0.003685832	0.004857596	0.002639703	0.002639703	1.3561113	1.5902876	1.8215462
seelig_cm	by_cre	CAAACAACCCCAGGCATGCCGGGAGGGGACCATGACCCCAGAGGGAGAGCGGGAGAGCAGGGGGGCAGTGGACAAACAACCCCGGGCATGCCCCCAGCAGGAGGGCAGTGGACAAACAACCCGGGGGGGAGGTGAACAAAGGCCT	2	0.01222229	0.007256508	0.007256508	0.0023434698	0.002237272	0.002237272	0.9763478	3.3563824	5.7413826
seelig_cm	by_cre	CAAACAACCCCGGGCATGCCAGGGAGAGAGAGAGAGAGAGGGGACAAGCCCAGGCATGCCCCCAGAAGGAGAGCAGTGGACAAACAACCCGGGGCATGCCGGGAGGGGACCATGACCCCAGAGGGAGAGAGGTGAACAAAGACCA	2	0.008834839	0.0044493675	0.0044493675	0.0027362613	0.0013870387	0.0013870387	1.6896182	2.4592247	3.2332168
seelig_cm	by_cre	CAAACAACCCCGGGCATGCCGGGAGGGGACCATGACCCCAGAGAGAGAGCAGGGGAGCAGTGGACAAACACCCCAGGAGAGCAGGGGACCAGTGAACAAAGACCTGAGAGAGGGGACAAGCCCAGGCATGCCAGGGGGAGAGAGA	2	0.008373737	0.0048870444	0.0048870444	0.0019546098	0.0013755874	0.0013755874	1.7572873	3.0210419	4.2882833
seelig_cm	by_cre	CAAACACATTATTGTGTGTCATAGGCTCAACTCGACGCCAATCAATATGAGTGAGAAATGTCGCAGCCAATGGGCTTGCCGGGGTCCCTGCTCCACCCAAGAAGTCAATAAGGGTGGAGACTGACACCTGAAGGAGGTAGTTTCA	2	0.011146545	0.0061804056	0.0061804056	0.0026590356	0.002230781	0.002230781	0.45604935	3.320252	6.18942
seelig_cm	by_cre	CAAACATGACGGGGGTTGACCCCAGCACAATGGATCCATGCCGGGGGCCAAAGGTCACACTACATAACAGGAGAGAACTTTGACCCCTGCTCAATCGATCCAGGCCGGCATGCCCAGACATGTCCGGTGGGGACTTTGACCCCTG	2	0.00544405	0.004685223	0.004685223	0.002262145	0.0018660293	0.0018660293	1.7337329	2.7196743	3.7063746
seelig_cm	by_cre	CAAACGAATGAACTCTTGCTGGACACATCCACTCGGTATCTAATGAACGTCCTATTGGAGCGCCATTAACACCATGTCACAGTTCTCACGCAGCCCTAAAATTTTCTAAACAGCCGTGGCGCGCGCGCCTGATTGGCGTAAGTAG	2	0.013583183	0.008559644	0.008559644	0.0031256124	0.0027164784	0.0027164784	1.1295638	3.509133	5.893726
seelig_cm	by_cre	CAAAGCCGCAGTGGACAACCGGACTTTGTCCATTGATCAAACCGGCTGGGTGACTGCATGACGTCGCCCGGGCATGTCCCGGCATGTTTGACGGTGAACGGAGGCAAACAGGAGGTGGGCTAAAGTTCGTACACTGCTTCCCGTG	2	0.00430727	0.0037984252	0.0037984252	0.0033578845	0.0026119512	0.0026119512	1.2805796	1.5228105	1.7645327
seelig_cm	by_cre	CAAAGGACAAACATTCCGTAGTGTTTGGTCATGTTCCCCGTTCGTGGGCAGTGGGCAAACATGCCCGGGCATGTTCACCCGCCGGCATGTTTGTTTGGACATGCCCCGGAATGTCCAAAGGGACATGCCCGGGCATGTTTGCACA	2	0.010055542	0.0057353377	0.0057353377	0.003681052	0.0022672887	0.0022672887	1.6572789	2.194845	2.736731
seelig_cm	by_cre	CAAAGGACTTTGGACTGTGGCACCAAACAATCAAAAACAAAAAAAAAAGACCGGTGAACATGCCCGGGCATGTCTGCCGCTGAGGCCGGTCAGGGGCAAAGGTCAAAGTCCAAACCGACGGACATGCCCGGGCATGTCCCCTGCC	2	0.011050224	0.0063367486	0.0063367486	0.0025087676	0.0017110931	0.0017110931	1.7763284	3.0908914	4.4101677
seelig_cm	by_cre	CAAAGGTCAAACTCCTGACCGGCAAACATGCCCGGGCATGTCCCCTGGCAAAGGTCTTTGTATTGTTGCACAAAACAATGACCGGACGGTCATGCCCGGGCATGCCTGCTGCCCCAGACGGTCAGGGGAACAGGACTTTGGACTT	2	0.006309986	0.004852891	0.004852891	0.0016338438	0.0015811365	0.0015811365	2.0767114	3.103411	4.1315675
seelig_cm	by_cre	CAAAGGTCAAAGTCCAAACCAACAGACATGCCCGGGCATGTCCGCTGGCAAAGGTCAAACACAGCAAAGGTCAAACTCCCCAGGGGTGTTTGGATTGTGGCACCAAACAATCACAAAAAGGTCAGGGGAACAGGACTTTGGACTG	2	0.012072563	0.007191956	0.007191956	0.003296849	0.0023693265	0.0023693265	1.6019391	2.632472	3.6678853
seelig_cm	by_cre	CAAAGGTCACACTACATAACAGAAGAGGACTTTGACCCCAGCTGAATGGATCCATGCCGGGGGCCAAAGGTCACAGACCTGAGGTGTTTGTCCCCTGCACAATGGATCCAGGCCGGCATGCCCAGACATGTCCCCTGCACAAGAG	2	0.011653423	0.006680548	0.006680548	0.002199997	0.0016705131	0.0016705131	1.495754	3.396813	5.3028445
seelig_cm	by_cre	CAAATAAGCAACGGGGTCCTAGACTGCGGGATCCGCAGATGCCTTATCACCCATCCGCGGAACGCAGATGACGCGTAATAACGATATCTCATATGAAGCGTGGAGGAACTACGTATGAGTCGCTCTCCGATTCGTAGAATTGGTC	2	0.0102062225	0.005345976	0.005345976	0.013821043	0.007887864	0.007887864	0.034901332	2.6282818	5.2265224
seelig_cm	by_cre	CAAATTTCGAACCAACGTAATTTTGACTAAATGTGAATCCGGTGGCCGAGTAGTGGAAAGGTGGCAAAACCGAGGCTCTAACGTTTGAACATGCCCGGGCATGTCCGCAGGGTTCTTTTGCTATGACGTTTTGTCTGAGTAAGAG	2	0.005158782	0.004032016	0.004032016	0.0032594926	0.0024691178	0.0024691178	1.5801153	1.6566523	1.7320626
seelig_cm	by_cre	CAACAAAGGACATGCCCGGTCATGTTTGACACTAGGGTCGCTTTACGGTGGAACATGACTAACCTAACCGAGCTTGTATGGGTGCTCGACCGGAATACAGGGTCACAATGATCCCGTGTGCTGCGGCCTCCGACCATAACACTCC	2	0.011018753	0.006115794	0.006115794	0.0021961827	0.0014868247	0.0014868247	1.5593773	3.2886064	5.022739
seelig_cm	by_cre	CAACACAGTAAAGGTTGTTGCCTGGGAATTAGAAGTGAAACACCACGCCCAAATGGCTCAAGCTGGTGGCCAGAGATAAGAACTTAAAGGCATCTCTCCCGCCTAGCAGACTGGGCCCCCTGGTTTCCCATCACTTCCTTTAAAC	2	0.013270378	0.008407474	0.008407474	0.0034904447	0.003160545	0.003160545	1.0137341	2.8518085	4.694746
seelig_cm	by_cre	CAACACTTTTCTTATCTTGCAAGCAAAAACGAACGATACCGTGTCTCACGCATCGGAACTGACGTATGGGAGGGCCCTTCCGGGATGGAGGTTCCGCGAATATGCAGAACGCGGATTGAGTCATCCTTAAGCTCTGGAAGTAATA	2	0.0044014454	0.004304379	0.004304379	0.006433058	0.0038483185	0.0038483185	0.6519108	2.0686657	3.4855177
seelig_cm	by_cre	CAACATGCCAGCGGACATGTCCGGGCATGCCTCACCATGTCGGCATGTCCGGTGAACCAACAAAGCATTGTTTGTACAAAGCTTGCCACCATTGAACTTTGGACATGCCCGGGCATGCCCAGACATGTCCGGTGAACTTTTGAAT	2	0.00959301	0.0055402517	0.0055402517	0.004535807	0.002687026	0.002687026	1.7737889	1.944742	2.1197476
seelig_cm	by_cre	CAACGGTCGACATGCCCGGGCATGTGTGCCAGTGACCAGAGACATGACCGGACATGGGTGCAGAGGTCAAAAGACCACTGAACATGCCCGGGCATGTCCACAGGACACACAAACAAAACAACAGACAAACCAAACACAGGCCAAA	2	0.010563374	0.0056666136	0.0056666136	0.0023336024	0.0014473168	0.0014473168	1.3718264	2.9494247	4.53192
seelig_cm	by_cre	CAACGTCCGACGACGACGTCTGCTTTGTTGTTTGTTGTTTAATGTCCGTTGAACGTCGACTACGTATGTCCACATTGGTGGTGTCAACCGTGGACGTCGACTGCGGTCGACTGTCCGGCGGACATGTCCAGACATGTCCAGACAC	2	0.006644964	0.004193485	0.004193485	0.0035071173	0.002269757	0.002269757	1.6864705	1.7910249	1.8980308
seelig_cm	by_cre	CAACTCCGAGAACCGTTGCGACGAGTCGCGTATCACATATACCTCGCTGCGCGATTTCTAATTCAGGGACTCCCTATGCCTTTTCTAAGAAAACGGATGGAACGCGGATCCGACTTATCGGATTATAAGGAAGCAATTGGCGGTT	2	0.012101173	0.0071677268	0.0071677268	0.0024804552	0.002385386	0.002385386	0.8996369	3.0921888	5.2896748
seelig_cm	by_cre	CAACTTCCGTGCCTCTTCCAGCCTTACGGATGTGCTGTTGGTAGCTGTGACTGCCTTGCTACTACGAGGAAAAGGAAGGCCAAGAGAATAGCAGAGACACTCGCTCTGATGCCTTTGAGCCAATGAATCAATGCCAGAAGCAGCT	2	0.010270596	0.0053566694	0.0053566694	0.0016558432	0.0011001182	0.0011001182	0.81305724	3.5079582	6.2077727
seelig_cm	by_cre	CAAGAAAGAAGGAAGGAAGGAAGGGCTTCCAGATAAGGAAATAACTTGAAAGAAATAAGGGCGGTGAGTCATAGGGAAGAGTTACGGTATATCTTGCGTGTCTGACTGGCGGTGAGTCATCGAAGGATAAGGAAGTGGGTGGAGA	2	0.0048425198	0.0043369234	0.0043369234	0.004010371	0.002713659	0.002713659	0.9534391	2.1864634	3.4199932
seelig_cm	by_cre	CAAGAAAGAAGGGCGGTGAGTCATAAGGAAGTGCGTGTGGATAGGCGTATATCTTGCGTGTCATAGGAAGAAAAGGAAGTGCTTCCGGATAAGGAAGTGACTTTATATCTTGCGTGTCTGACTGGCGGTGAGTCATCCAAGTGTG	2	0.0063729286	0.003559351	0.003559351	0.0031089887	0.001894617	0.001894617	1.0959574	1.573085	2.0530262
seelig_cm	by_cre	CAAGGGATCAAGCTGACCGGTTGTGCACCGGACATGCCTGGGCATGTTTGGAGCTTCGGTCATGTGGCCTGCGGTACGCATGCCCGACCCACTACAGTGCGGAGGTTCGGACAACGAACGCAATGGGCCAAAGGGAATGCTGTCA	2	0.005284786	0.00431931	0.00431931	0.0021654372	0.0020184992	0.0020184992	1.5471253	2.186267	2.8263738
seelig_cm	by_cre	CAAGTTACAAGCCCGGAGAGGTTAATGGACTTTGGCCTGTGGTGACTCAACAAGGGTTAACTTTGTGGCGGGCTTTGGGTGGACATGCCGGGGCAAAAACACACAGGTCTCAGTTCACTGAATGCATTACCGGACAAAAAACCCT	2	0.010819435	0.006291151	0.006291151	0.0037961127	0.002466471	0.002466471	1.5498065	2.2004116	2.855545
seelig_cm	by_cre	CAATAACGTTTTCACTTCCCCTTAAGACTGATGAGTCATCGGATAGCGCATCCGATAGCGCGAATTGGTGGAAGTCGCGTCAGCGTCTTCGAGGAATGAATACATGATAGCGCGTCCTACATATAAGCATCCTCCACGAATAGGC	2	0.012532234	0.0075916275	0.0075916275	0.021689858	0.012031325	0.012031325	0.12089848	2.7019324	5.287907
seelig_cm	by_cre	CAATCGCCCCGCTAATTCGTTATAAGATAACGGAAGACGCAGTATCAATTAGCGATACGATTTATGAGTAAGCGCCGCTTCCGATATCTCATCTTCCGGATGGGGAAGTCTCATTCGCGCGACGCAAGGAGGCGTAACTTTGAGG	2	0.011507034	0.0065219253	0.0065219253	0.0058629713	0.0040991656	0.0040991656	0.26135403	2.5947144	4.9330597
seelig_cm	by_cre	CAATGATTTAAGCAGTTATGTAACCGGTTATGTAAGTGTCCGGTGGTTTGTCTGGTGATCTAGGTGGTTATGTAACGGGTTATGTAAGCGGTGATGTAACGGGTAATGTAATGGTCCAGTGATCTAAGCGGTGGTCCGGTCGGTT	2	0.008538067	0.0049541295	0.0049541295	0.011796948	0.006320807	0.006320807	0.71948326	1.1729603	1.6228533
seelig_cm	by_cre	CACAAACAAACAATGGCCAGGCATTGTACAATGCATGCCTGCAATGAACTTTTGAATGTTTGAACTTTGGACATGTCCGGGCTTGCCAGCAAGCCCAAACATGTCAGGGGACATGCCGGGGCCAAAGCCGGCAGGTTGAACAAGG	2	0.0076375008	0.004371822	0.004371822	0.0028692249	0.0017365948	0.0017365948	1.8309162	2.2466693	2.6656878
seelig_cm	by_cre	CACAATTAAATAACCCACGTTTGAACGTTGGCATGTACCAAGCGAACGTACATGTACTGTACAATCTCCGGTCAAACACAAAGGCCGGCATGCCTAGGCATGTCGGCTGCCAACGTAACTGCGGAGTGCGTTGAACTCTCCCCTC	2	0.012673378	0.008096516	0.008096516	0.0036427288	0.0028866443	0.0028866443	1.6502259	2.5655375	3.4854257
seelig_cm	by_cre	CACACACAGATAACTCATCAGTCCGCCCCACCCATATCTCTTAAAACCGATAACTCATCAATACACACATAAAAAACACAGATATAACTTCCTCAAAACCGTCCGCCCCTCCCATATCTCTCACAACCGATAACTCATCAAAACG	2	0.01031065	0.00537242	0.00537242	0.0016089557	0.0012697827	0.0012697827	0.46634802	3.437426	6.413442
seelig_cm	by_cre	CACAGGGCAAACACTGACCGGACGGTCATGCCCGGGCATGTCCCCTGGCAAAGGTCTTTGTATTGTTGCACAAAACAATGACCGGAAGGTCAGGGGCAAAGGTCAATGTACAAACCCCCCCCCCCTCCCAAAGGACTTTGGACTG	2	0.0104494095	0.0054692626	0.0054692626	0.0019929816	0.0011344545	0.0011344545	1.77238	3.507864	5.248328
seelig_cm	by_cre	CACATTTCATGAGTCTTTCTTATCGTGAGTCTTACTTCCTTAGAAAGAAAACGCGCATGAGTCATCCATAGAAAGAGTTTTTCCTCGATAACGCTTTTTTCCGCGTCCTCTTGCGCGCCTTATCGCGATAACGCGATATCGCGCG	2	0.008128643	0.004814595	0.004814595	0.0018086964	0.0017225032	0.0017225032	0.82887864	2.898648	4.971731
seelig_cm	by_cre	CACCACTAAAAAACGTAACCTGGGTGTAAATCACAGCCGTACCATGTGGACGGGGAAATCACAGCGTGGGTCAAATCACAGCACGCGAAAATCACAGCCTACCGGTGAGTATAAATCACAGCGATCCCCCAAATCACAGCAGGAG	2	0.013630867	0.008705765	0.008705765	0.0050715045	0.003691404	0.003691404	0.7435814	3.3214765	5.9042964
seelig_cm	by_cre	CACCCACAAACACCGATAACTCACCACCCACATCCAAAAAACCAACCAAACAACGATAACTCACAAAAACGATAACTCAAAAGAAAGCGCAGTCGCGGAAGCGCCGCCCACATCCAAAAAAAAACAAAAAACCAAATGACTCAAC	2	0.011744976	0.00670832	0.00670832	0.05396987	0.027974403	0.027974403	0.030138198	2.98299	5.9408784
seelig_cm	by_cre	CACCCACATCCAAAAACACACACCAACACCGATAACTCACAAAAACGCTAACGCGCCACCCACATCCAACCAACAACAAATGACTCAAAAGAAAGCGCAGTCGCGGAAGCGCCGCCCCCACCACCAAATGACTCACCACCAACAA	2	0.0112371445	0.0062718615	0.0062718615	0.018513367	0.01012487	0.01012487	0.06992158	3.2710962	6.4772363
seelig_cm	by_cre	CACCGCAAACAGCAACCACAGCGGCCATGGTTCCGCGTTTCTTCCACTTCCTTTCGTTCCAAATCGTTCCGAAAGGCCCCTTCCGCTGCTCTTCCCCTGTGGGCTCGAGTACCCCGTTCAAAGGTTCCGCAGGAGAACGCTGAGG	2	0.010435104	0.0054340884	0.0054340884	0.0024262432	0.002032355	0.002032355	0.17827855	3.273659	6.3740406
seelig_cm	by_cre	CACGAAGTAGCGCTTTCTCGGAAGGAAGCCTCGGCGGATCGGAACGCCCATATCTCTCCCGCCCCCCCTCCAATAACGGCGCGGGCGGCGGGAAAGGCTTTGCGTGGCGGGGAAGAGTGATGAGTCATCCGAACCGATAAGATAA	2	0.010224342	0.0053339303	0.0053339303	0.0017760765	0.0013629621	0.0013629621	0.46671432	3.1118186	5.7618136
seelig_cm	by_cre	CACGTCATCTTACGTCATCCGGACACTAATGGACTTTGTTTGAACTCTACATGTCCGACGACCGGTCTACATGTCCAAACGTCCAGGCATGTCCAGACATGTCTAGGCAAGTCTGACCGTTGCATGGTCGCCAGGTCAAACGCGA	2	0.012110233	0.007885814	0.007885814	0.0049245423	0.0035340618	0.0035340618	1.7062428	2.0836163	2.4652143
seelig_cm	by_cre	CACTCCACCCCTGACCTGCGGGGGATGAGTCAAACGGTCAGACTTGCCTGGGCTTGTTCCACGCTCCCCTGGCTAGACAGGCGTCTACACATTCTCAGTTAGGGGCTGGACAGGGGCAGCTGCTAGACAGGTCCTATTCTGGGCC	2	0.008584499	0.0045620203	0.0045620203	0.0028877857	0.0016252245	0.0016252245	1.4874498	2.2302063	2.976985
seelig_cm	by_cre	CACTCTCTGTGACCTTGGTCGCTCACGAGCTTCGGAATGTTTACCCTCCGGAATGTTTGACCTTTGAACAAACACTGCAAACATGCCAGAGTGAACAATCCCCATCATGTCAGGCACTGCTGACATTCCGGAATGTTTAAACTAG	2	0.0066576004	0.004810393	0.004810393	0.0022461596	0.0019455329	0.0019455329	1.3177413	2.6833138	4.0507336
seelig_cm	by_cre	CACTCTCTGTGACCTTGGTTGCTCAGGAGCTTCGGAATGTTTAACCTTTGCACAAACACTGCAAACATGCCAGAGAGCACACTCCCCTAGACGTCAACATGACCGTCTGAACATTCCCCATCATGTCAGGCACTGCCACCATTAC	2	0.010887623	0.0059351623	0.0059351623	0.0018230842	0.0018224732	0.0018224732	0.53854126	3.2575638	5.981539
seelig_cm	by_cre	CACTGGTGCGGGGCTAGCGACCTGGTTGAGGTCTGCGGGGGAGTGCCGGTTTGACTCCACCACCCACGGACACCAGCTCCTCTTCCGGTCTCCATAACGCGCATGCGCATCACTGGCCTTTAAACGTGCACCGCCGGTCCATCCG	2	0.008645058	0.0050394684	0.0050394684	0.005186531	0.0033678089	0.0033678089	0.27574512	2.928604	5.585068
seelig_cm	by_cre	CACTTATCTTTTGCGGCTTACGGTGTATCCCGCAACCTTATGCTTCAAATGATATATTCGCGTAAGATATCGCCCTATAGGAAACGGAGGGGCGGTTCCTCATCCGATTCGCGGGATAACGCGTCTCCGAATCGTGGAATCACTA	2	0.012608528	0.007632315	0.007632315	0.004619187	0.0033917064	0.0033917064	0.573687	3.20045	5.8321886
seelig_cm	by_cre	CACTTTCGTAATTTCGCGATAGCGGTTTCTTATCAGCGCAACGCGCCGCCGAAGTACGATACGACTCGTGCAAGATATGGGCGCGTAACTTATTTCGTGAATTATACGGGTTTCAGACGCTGATGAAATAGGAACGGTTTATGGT	2	0.010661125	0.00580582	0.00580582	0.0019473082	0.0016269176	0.0016269176	0.72703755	3.101157	5.4801316
seelig_cm	by_cre	CAGACGATTCCGCGTAACTTAGACGCGCGGCGCGCGGACCAATAAGATAAGTTACTTATGGGTGGGGATATCGCGAAACCAGAGGGCGACGTCATCTTTTGCAATCGATAAATCTTAATTAACTTACTTCTCGGAAGCGCCTCCC	2	0.010982513	0.006110616	0.006110616	0.0051245713	0.0036005133	0.0036005133	0.24110207	2.7653947	5.294559
seelig_cm	by_cre	CAGACGTTTTGATCCCGGGAGCTTTGAACATGCCCGGTCATGTCTATAGATGACGTAATCATGTCCGAACATGCGCTCAAACGCCCGTAGTGACTAGGTAATGCGAAGGGGTCAATGCACACTGGACCACGCGCTGGCACCTTTG	2	0.005748749	0.004305005	0.004305005	0.0021986023	0.0020996039	0.0020996039	1.4287673	2.0224633	2.617603
seelig_cm	by_cre	CAGAGACGACGCACCACACAGAGCGCGAGAAAGGATGACGCACTCTGCCGATAAGTCACTTCCGCTCCACTTGCGGGTCGCGCGATATCGTAAATATGAAAGCGCGTTATCACTCAGCAGAGAAGGGGAGCGACTAGTCCTTATG	2	0.0074853897	0.0047066063	0.0047066063	0.0038850124	0.0028015268	0.0028015268	0.4952566	2.4265769	4.360676
seelig_cm	by_cre	CAGAGTTATCGGATGAAAAAAATCTGATTAGGCGCGGGGCGCCCCTTCCGAGAAAGACGCATCCTTAGGAAGTTACGAGATATATTTCATGAGTCGCGCCGCATGACGCGGCTTATTTCTCATACGTGTGGCGCCGCATCATAGA	2	0.00810957	0.004917495	0.004917495	0.009928271	0.0058023822	0.0058023822	0.1729259	2.5055053	4.841277
seelig_cm	by_cre	CAGATTTGTGATGGTGATGACCTGCCCACCATGCTGAGTCCTTGACCTGGGATGTGACTCACAAAGCCAGCCGTTCACCTTATACATTTCATGCATTCCACACCCTGACTCGACGCAAGCTCAGAAGGTCACTGTATTAGTCATC	2	0.012875557	0.0074988604	0.0074988604	0.0022360517	0.0016619992	0.0016619992	1.9495528	3.8543897	5.7646036
seelig_cm	by_cre	CAGCCTCCAGCCTGAGCTTTGTCCTGGACACCACGGGCAGCATGGGTGAGGAGATCAACGCTGCCAAAATCCAGGCTCGCCACCTTGTGGAGCAGCGGAGAGGCAGCCCCATGGAGCCTGTCCACTATGTCCTGGTGCCTTTTCA	2	0.01039362	0.005412549	0.005412549	0.0015886639	0.0010542608	0.0010542608	0.82977706	3.6861792	6.547562
seelig_cm	by_cre	CAGCTTACCGAACTTGGCACGTTGGTATAACCATGGTTGTTCTCCGAACTAGACATGTCCGTACATGTTTAGTGTGTCGACTTTACACAAGCCCCTCTGTGTTTGTCCTTTGCAGCGGTAGTGCATACACGTAATGTCGGCACTA	2	0.010525703	0.005660653	0.005660653	0.0023239993	0.0014814752	0.0014814752	1.2447722	2.8871517	4.5343966
seelig_cm	by_cre	CAGGCCACAATCCCCGTGTCTGCCTCACGATGGTGATGAGCTCCGGAGAGTATATCAGTCCATACCTCCGTACGACACGCTCAAGCCCAGACTGGTGGGGACAGATAAGAGGGGTGATCATGGCGACGGCCAGACCATGGTTGAT	2	0.010297775	0.0052675605	0.0052675605	0.0017235496	0.001261822	0.001261822	0.29652852	3.1356978	5.9798975
seelig_cm	by_cre	CAGGGGACATGACCTTTGTACAAAGCTTTGGACTTTTGAACAGGGGACATGTCCGGGCATGCCCAGGCATGTCCGGGGCACACAAACTCGGCATGTCAGGGGACATGTCCTTTGTACAAATGGACCTTTGTTCAATGGTTGCCCA	2	0.009827375	0.0053141117	0.0053141117	0.0032866525	0.0018851819	0.0018851819	1.655232	2.3228593	2.9950001
seelig_cm	by_cre	CAGGGGACATGCCCGGGCCAGACACCCAGCCCAGACATGTCCGGTGAACTTTGGAACAGGGGACATGCCGGGGCATGCCCAGGCATGCCCGGTGAACTTTTGTTTGTACAATGGTTGCCAACATTGAAGTTTGGACATGTCCGGG	2	0.0098724365	0.005159378	0.005159378	0.0026721621	0.0014696334	0.0014696334	1.6707302	2.6827517	3.6994863
seelig_cm	by_cre	CAGGGGACATGCCGGGGCATGCCAACCAGCTTTGTTTCTTTGTTTGAACTTTGGACATGTCCGGGCATGCCCAGGCATGTCCGGTGCACCCACCTTTGAATGTTTGTACAAACTTTGCCCCAGGGGACATGCCCGGGCATGCCGT	2	0.00951314	0.005458951	0.005458951	0.0037119102	0.0022486872	0.0022486872	1.7877461	2.175659	2.5676258
seelig_cm	by_cre	CAGGGGCAAACCAGGCATGCCCGGTGAACAAACACAAACCAAACAGGCAACAAAGACCAAAGGTCAAAGCCACAAGTGAACTTTGGACATGTCCGGGCAAGCCCCGGCATGACCTTTGAACATTGCACTTGACCGGGCATGCCCA	2	0.012037754	0.0069832206	0.0069832206	0.0023938986	0.0017680014	0.0017680014	1.6877494	3.3586144	5.034534
seelig_cm	by_cre	CAGGTAACCGGTGGTTTGGGCAGTGGTCTAAGTGTCCGTTGGTTTGTGCGGTCGGTTATGTAACCGGTGATGTAAGCGGTGATGTAAGTGTCCGTTTGTTTGGTTGTCGGTCCGGTTATGTAATGGTTTATGTAACCGTCGATCA	2	0.008674443	0.005012244	0.005012244	0.008638347	0.0047426466	0.0047426466	0.9998414	1.2990971	1.5946904
seelig_cm	by_cre	CAGGTGACATGACCTTTGTACAAAGCTTTGAACTTTGGACATGCCCGGGCATGCCAGGTTTGAACTTTGGACATGGGCAAGTTTGCACAAACAGGACCTGGGCCATGCCAGCCAACATGCCAGGGGACATGTCCGGGCATGCCGT	2	0.0076818466	0.004701972	0.004701972	0.0017547993	0.0014185985	0.0014185985	1.5901417	2.9843118	4.381462
seelig_cm	by_cre	CAGTGCAGAACCACGGAATTTTGAACCCAGCTCACATATGAACCTAGCGCAATCATTCCGGACGCGGTCACGTGTCCAGTGAACATACCCGGTCATGTCCGAAGGGATCTTTGTTGACTGCCACCGGGGGCATTACAGAACAAAG	2	0.009504795	0.004959047	0.004959047	0.001618344	0.0011638745	0.0011638745	0.58239216	3.22788	5.877914
seelig_cm	by_cre	CAGTGGCATGATCTCAGCTCACTGCAAGCTCCACCTCCCGGCTTCATGCCATTCTGCTTTAGCCTCCTGATTAGCTGGGGTGAAGTGGCGTGATCTCAACTCACTGCAACCTTTGCACCTTGGGTTCAATGATTCCCCTGCCTCA	2	0.011195183	0.00633651	0.00633651	0.0018734996	0.001799036	0.001799036	0.85619086	3.4162378	5.9811435
seelig_cm	by_cre	CAGTGTTGTGTGTACAGTACGGCTCTATGGACAAACTCTCTCGAGGTTGGTAGTCCAAACATGTCTGGGAATTTTGAACGCTGACTTTTGTGGTCGTGTCACGGGGCATGACCGAAACTGGACAAAGGGAAAAATTCCGGTACAG	2	0.008514881	0.005076349	0.005076349	0.0016253835	0.0014831033	0.0014831033	1.220682	3.2300956	5.2429476
seelig_cm	by_cre	CAGTTGAACAAAGGTCAAACAGACTTTGGTCCCTGTTTAAACATGTCCGGGGTGAAGGCAGTTGTCCTGTTTGGTGTTTGACTAAAGGAATTATGTAAGCATGTTTGTAGCTGGGCTCAAAGCAGTGGGCATGCCCGGGCATGTT	2	0.0068579316	0.0035788715	0.0035788715	0.010152281	0.005161591	0.005161591	0.67207754	1.2149049	1.7544532
seelig_cm	by_cre	CAGTTGCGCGATATCTCGCGGATGCGATAAGTTTCTTAAGGAGGGTGTGGGTGGGTGTGGGTGGGGCTTAAGAAGTTTCTTATTGGCTGGGTTGGTGAGTCGCGCGATATCTTGTGGATGAGATAGCGTTTTTAAGAAGTTTCTT	2	0.0049157143	0.004313946	0.004313946	0.00293027	0.0022160122	0.0022160122	1.2649819	2.2700763	3.2757726
seelig_cm	by_cre	CATACGCGCCGATAAGCACTTGCATCATCTGCGAGATATATGATGACTCATAAGTCGGCGGCGCTTCACGAGGCGCCGCCTCTCTCTTCCAGGAAAAGAGCCCGTCCGATGAGATAACGTCACTCACATCTGCTTATCGCGGGTA	2	0.011146069	0.0065070987	0.0065070987	0.003635411	0.0032690591	0.0032690591	0.512936	2.1768785	3.84546
seelig_cm	by_cre	CATACTGCAGGGTGAATTTCCATATCCCTGCCTCAAAGCCTGTTGGGGTGGGGAGGGGGAGAGGTCATTTGAAATTCAAATGAGGATGATTAAGGTTTTCTTGAGGAGGGAAGCGTGGACAAAAGGGGTTAAGCCTGCTGGCAAA	2	0.009861469	0.0050251633	0.0050251633	0.0024017456	0.001657729	0.001657729	0.20659788	2.1563258	4.11089
seelig_cm	by_cre	CATAGACCTTCTACAACAGACCCAGCACTGGCCTGCTGATATCTCAGCCCTGAATCCTCTCATTCGCAGATAATCTGCCCACAGCAGACACAGTTCCCTTCATTTTATCCAAGATACCTTAGTTTGCAAGTTCATCATAGACTTC	2	0.012878418	0.007899329	0.007899329	0.0067614648	0.004443348	0.004443348	0.4304345	3.245834	6.0662127
seelig_cm	by_cre	CATAGCCAAAAACCTGCTGATCGGACTTTGAGCTGAGTTGGTACAGACTGAACATGCCCGCAGGCTTGTTCTGTGGCAACTTTGACCCCAGCTTGTCACCGTGGTTTCGTTGGGTACATCTTTGGACATGCCGGGACATGTCAAC	2	0.008946896	0.004779339	0.004779339	0.0021398494	0.0012735513	0.0012735513	1.50191	2.8416514	4.18556
seelig_cm	by_cre	CATATGCGCGGATAGGGCGGGCCCTATCGGGGCGGGTGACAAGGAAGAAAGCGCTATATCGCGCAGCGTGACTGAAAGAAAAGAAAGGAGGATGACTCACTCCGCCGATAACGCGGAAGCGGCGCGCGCGGACCCGCGGCCGCGC	2	0.011937141	0.0069137514	0.0069137514	0.0028853652	0.0025862409	0.0025862409	0.6542098	2.9372265	5.2252665
seelig_cm	by_cre	CATATGCTATGTGCATGTTTACTTAGGGATGGCGGGGCCTTGTCCGGACGTGTTTACTTAGGCGCTAGTCTCTTTGGCTCATGAATGGCACCTTCCTTGTTTACTTAGGTTGTTTACTTAGGAATCTGTTTACTTAGGCACATCA	2	0.010777473	0.006186366	0.006186366	0.0029792634	0.0023647104	0.0023647104	0.9106966	2.2644951	3.6228848
seelig_cm	by_cre	CATCCGCGCGGATAACGCGGAAGAAGCGGCGCCCCGCCCCTCCCGCCACATCCGTATATCGCCCTATCGCGGAGGCGCCCCCTCTGACTCACAGGGAAGCGCGCTATCGGGCGGCGCCGATGTCGGGAAAGATAACTCACTGACT	2	0.012344837	0.0071534216	0.0071534216	0.013644901	0.007651371	0.007651371	0.14280942	3.7950618	7.452505
seelig_cm	by_cre	CATCGGAGAAGCAATTGGCTTCCTCCTTCTTATCCTCCGATATCGACGACTCATCACATCCTCATCGCGAATCAGCATCTGGGGGTGGCGCACCCACGCGACGGCGCGTTATAAGTCGTCGAATTGGTGGATGACTCACGAAAAC	2	0.010280132	0.0053852797	0.0053852797	0.0016962246	0.0011048482	0.0011048482	0.9548741	3.5078578	6.065737
seelig_cm	by_cre	CATCGTACTTCTTCGTCCTTATATTGACGATATCAGGCTCCGGGTTTCGAGGAAGCGCCACGCGCATCCGAGGGCTTATAAGACTGATAAGTCGTTTTGGGGGTGTGACGAATCTGCAAAGACGCGGGGATTCAGGAAAGTGTGA	2	0.010923147	0.006578326	0.006578326	0.004632874	0.0026715295	0.0026715295	2.352286	2.7513547	3.1460783
seelig_cm	by_cre	CATGATTATACATGCTTGCCTCGGAATGTCCGGTCACGAGCCCACCGTACATAAATCTCAGCATGGCTCAATCCACGACATGTTTGTTACGTAAACCCCACGAGAATGGAAAAAAACACTGGAAACATGCCGGGACATGACCGTT	2	0.012099266	0.0071560144	0.0071560144	0.0024734586	0.0020092484	0.0020092484	1.4310673	3.1619062	4.8976884
seelig_cm	by_cre	CATGCAGAACAAACGAGGGAGAACAAGCACACAAAGGACATGCCCGGGCATGCCCCGGTCGACCTCACCGGGCATGCCCCCCGGCATGCCCGGGCATGTCGCCAGGGGGCAAACAAACCAGGTATGTGACCAGAGGACCGGGAAT	2	0.007544279	0.0047345757	0.0047345757	0.0021046214	0.0016491119	0.0016491119	1.6116955	2.5986416	3.5883975
seelig_cm	by_cre	CATGCCACCAAGCAACCCGGCATGCCCCCCGGCATGCACCGGAATGTGACCAAAGAACGAACAAAGGAACAAAAACAAACAAACAACCGGACCATGACCAGGGATGTCCGGGCATGCCCCGGGGGGCATGCCGGGACGTGCCCCT	2	0.008246899	0.004727453	0.004727453	0.0014903499	0.0013988034	0.0013988034	0.8099488	3.5595527	6.312676
seelig_cm	by_cre	CATGCCCCGGCATGTCCACAGCGGCATGCCGGCCGGAGTCCAGAGGTGAACAAAGGCCGCAGTCCGGAGGTGACCGAAAGTCCAGAGCAGGAGACATGCCTGGGCATGCCCCCCTGCCCCCCTGAGAGCAGGGGTGAACAAAGGC	2	0.005917549	0.004766345	0.004766345	0.0023273884	0.0017743271	0.0017743271	1.551496	3.1993628	4.848381
seelig_cm	by_cre	CATGCCCGGGCATGTTCAGGCCAGTATGGAGTGGGGCCGTGGACGTCAACCTTTGTTCAGTGACCTGGTTGTATACACTCGGGACTCGGTGACGGTGGCCAAACATCCCCGGATGTTTGCTGACACTGCAAAGTCGGTAGGTGGT	2	0.0106499195	0.006227851	0.006227851	0.0031107273	0.0021279862	0.0021279862	1.575862	2.5001879	3.4289358
seelig_cm	by_cre	CATGCCGCCCTGAGAGCATGCCCCGGCATGTCCACAGCGGAATGCCGGCCGGAGAGCAGGGGTGAACAAAGGCCGCAGTCCGCAGGCAGGGGAAGGTCGCAGTGAACAAAGGCCGCAGTCAGCAGACATGCCTGGGCATGCCCCC	2	0.0114245415	0.007143557	0.007143557	0.003933686	0.0028050765	0.0028050765	1.7060715	2.3058934	2.9099965
seelig_cm	by_cre	CATGCCGCCGTTCACCATCACGTAACAGTGGGTCAAACAACCGGGTCTACACGAAAGGTGCACAGTTCCGTTCACGCGAGACTTCCGGACATGTCCAGGCATGCCGTAGGTTTGGGTCAAAGGTCCATTGGTGCATTCCCGCCTA	2	0.007722378	0.004866123	0.004866123	0.0017503892	0.0017201682	0.0017201682	1.1883036	2.8005574	4.4156675
seelig_cm	by_cre	CATGCTGGCGAGAGTGGAAAAGTACATTGGATTTTTTTGTTTGTGTATTGAAAGTTCAAAGGTTGTATTATGCATGCTGGCATGCTGGGGAATGTACATTGGATTGTTTGTACATTGGATTGTTTGTTTAAACATTCTGGGGAAT	2	0.010581732	0.006045401	0.006045401	0.003763623	0.0024380023	0.0024380023	1.3558575	2.0840964	2.816872
seelig_cm	by_cre	CATGCTGGGGAGAGTACATTGGATTGTTTGTTTAAACATTCTGTGGAATGTTTGTGCATGCTGGCATGCTGGGGAGTGTGGATTTTTATTGTGTAATGTTTGGACATGCTGTGTAATGTTCAAAGGTTGTATTTGTTTTACATTC	2	0.0075799227	0.004114151	0.004114151	0.005456063	0.0029206409	0.0029206409	1.385476	1.5362053	1.683469
seelig_cm	by_cre	CATGTCCAAACATGCCGGCATGCCCAGGGAATTCCGGTGGTCTTCGGGACAGGATGTTTGAACTTTGGTCACATGGCCCACAGGCTCTCCACTATACAGGTTACATTGCCGGCAACCAGGGACTTTGCTGGCCTTCGCTTAACTA	2	0.011319637	0.00627923	0.00627923	0.0019874773	0.001557932	0.001557932	1.0972517	3.3966758	5.7011404
seelig_cm	by_cre	CATGTCCGGGCAAGCCCTGTTTACGTAACTTCTGGTCTAGTTTGCCTTTGAACTTTGGACTTCCGGCCGGTAGGTCATTGGATCGTGACTAAACAAACGTAAATACCGGCGGCCTTAGTGCTGTGAACTTACTTTGACCTGAGCG	2	0.0076779127	0.004129976	0.004129976	0.00667182	0.0036888218	0.0036888218	0.8243334	0.98771083	1.1546363
seelig_cm	by_cre	CATGTGATCCTGACCGCGAGGGGCTTGCCCGGACATGTCCATGATAGGTGGCCCTAGGAAGGCCGGAGGTGTACCTTAGATCACTGGACATGACGCAATGTTTGAACAAAGGGTCAAAGGGCCGGGAGTGAGCACAGAATCCCCT	2	0.00451231	0.0042615533	0.0042615533	0.0024416195	0.0021355292	0.0021355292	1.6406734	2.0545893	2.468756
seelig_cm	by_cre	CATTCAAAGCGAACATTACATAAACCTCTGCTGTAATGTTTGACCCCTGCTCTGTTTGTCCCCTGCGAACATGCCGGGGCACGTGACCTCTCTGTTTGACCCCTGTAATGTTTGAACAAAGGTCTCCTGCCGGCATGCCGGGGCA	2	0.007936478	0.004920304	0.004920304	0.0015786092	0.0015390492	0.0015390492	1.2689003	3.1486824	5.031481
seelig_cm	by_cre	CATTCCATTTCCGCCTGACAGAGCCTTGCTTCTTGACATGCAGAGGCATGTCACTCCTTTTGTTCTTGCTTCAGAGGGAAGGGACACTGCTAACACGCTGGAGTTTAATAATTTACTTTTGCTGCAGGAGTATGGCCTTCCTTGT	2	0.008172989	0.004192233	0.004192233	0.0021911706	0.0011806461	0.0011806461	1.2429882	2.4865294	3.7340512
seelig_cm	by_cre	CATTCTACCGGGATCAATGTTGACAGTACGTAGTCTGAATTTGTTTGTTTTGTTTGTTTGTTTGTTTGTTCGGGCATGCTGGCAAGCTGGCATGCCAGGGATCATTGTTTACAGGTCTACATTACGTAGTCTGTCATGTTCGGAC	2	0.009777784	0.0052443445	0.0052443445	0.0024907612	0.0016553404	0.0016553404	0.86668646	2.3963313	3.9305098
seelig_cm	by_cre	CATTCTACCGGGATCAATGTTGACAGTACGTAGTCTGATTTTGTTTGTTTCGTGCTGGCATGCCGGCAAGCTGGCATGCCAGGGATCATTGTTTACAGGTCTACATTACGTAGTCTGTCATTTTTGGGCATTCGACCGGGATCAA	2	0.008522987	0.0047412217	0.0047412217	0.0017267333	0.0013979402	0.0013979402	0.8969234	2.9166527	4.940164
seelig_cm	by_cre	CATTGGTCAAACATTCCGTAATGTCCGGGAATGTTCAAAGTTCTTTTTGTTTCTTTTGACCTTTTGACATGTTCCGGCATGTTCACGTCCCGGCACCAAGGTTGCAGAGGGGCAAAGTGCAAACATGCCCGGGCATGTTTTGTCA	2	0.010025144	0.006208241	0.006208241	0.00739453	0.0043622595	0.0043622595	1.3507386	1.5768824	1.7992092
seelig_cm	by_cre	CCAAAGTCCGCTGGAAAGTACCCAGGGAGCTTGGGGGCTTTGGTCAAACTTTGCACTGCAGGCCTAAAGTCTCTACTGTAATCCTTTCACGTTTATGCCAAGGTCCCTTGTATACAAAACCAAAGTTCAAAGCTCCAGTACACAA	2	0.010751724	0.005615413	0.005615413	0.0016723778	0.001282861	0.001282861	0.53606224	3.482653	6.43438
seelig_cm	by_cre	CCAACAGCCTATGCACGTCCGGTCGCCTTACGTACCTGGATTGTGTACACTTGGGCTTGTGTACAAAGGTCCCAGAGCAAGCCCGGGCATGTCCATAGTTTGAACCTGGACTTTTACCCACTGAATTCAGACCGTAGTGTCCAGG	2	0.010300875	0.005886197	0.005886197	0.0038462004	0.0023766377	0.0023766377	1.621533	2.1502318	2.6833453
seelig_cm	by_cre	CCAATTCAGGTTCAAAGGTCACCCGAAGAAGATAGTTTACAGATGCTAACAGGTTCAAAGGTCACTGCGTGGCTGGTGATGCGACCCGGTGAACACGTAAGGTTCAAAGGTCAGTTAGTGAGGTTCAAAGGTCATCGACGGCCGA	2	0.0069704056	0.0049180984	0.0049180984	0.002514332	0.0020795474	0.0020795474	1.1383494	2.688861	4.2414246
seelig_cm	by_cre	CCAGGAGCAAAGGTCAAATGGACTTTTACATTCCGGAGTTGCCAAAGCGACCTGGCATGTTTATGTAACGACATGCCTGGGCTTGTTTAGTCATGTCACCTCTGCACCAAAGTCCGGAGGTAGATAAATGCATTAGTAAATAGGT	2	0.013331413	0.008991301	0.008991301	0.004329107	0.0034832284	0.0034832284	1.7612587	2.421534	3.0861495
seelig_cm	by_cre	CCAGTTTTTGATCTGTTGCAGGAGGCGCGTAATGAGTCATCTCCCCTAAATCGCGCAACTGACTCCACCGGCTGATGAGATATCGTTTCTTTTCTCGGAAGGAAACCGCGGGGTTTCAAGAGGGTGATGACTTCACGTACTTCCT	2	0.009069443	0.004969001	0.004969001	0.0028214972	0.0018452448	0.0018452448	0.9990668	2.1069546	3.2189426
seelig_cm	by_cre	CCATATTCGCGGTATCGCTTCCTGATTCCTTATAGAATCCGAAAGAGCCGCTCCGCGAGTCATACGTCGTATCAGGAAGCTCCTTCAAGAAAGCGATACCGTTTCTTATTAGTCCGCCGATACGCGGATGATACACTATTATTGC	2	0.011247158	0.0063058436	0.0063058436	0.004494361	0.0031819986	0.0031819986	0.30292687	3.159651	6.021316
seelig_cm	by_cre	CCCACACGCGCCGCCTATCGCGGAAGCGGAAGCTGATGACTCATCCGCGTGGGGGCGGCGCGTCCCTCTAACGATTTGTGAGTTTTATTATATCTTCATCTTCCTGCGCTTTTCTGAGAGGCCCCTCCAATGGCTGATAAAGAAA	2	0.008508682	0.004927695	0.004927695	0.0021339906	0.0019271746	0.0019271746	0.63040125	2.7884755	4.950131
seelig_cm	by_cre	CCCACAGTCATGTCGGCAGTTGACGTCCGAAGGTCCAAACGTACGTTGGTTGTTTGTTTGAACGAACGTCCAATGACCAAAGTCCGTTGGACGAACGTCGGATGTTTGTTTAACCGGACATGTTTGCCTAAGGGCCATGCGCAAG	2	0.011575699	0.006632626	0.006632626	0.0022980059	0.001873778	0.001873778	1.1647263	3.1014256	5.043068
seelig_cm	by_cre	CCCACCCATCCACACTTCCTCCTAATGAGTCATTCTTAGAAACCGCTTTTTCGCGATATCGCGAAACCGCTTTCCTCAGAAAGCGCCACCCACAGAAACCGTTTCTTCGATCTAACTCGCATGAGTCATCCTCATAATGAAACTT	2	0.0120368	0.0070833564	0.0070833564	0.0022399444	0.0021819756	0.0021819756	1.0017155	3.188243	5.3797235
seelig_cm	by_cre	CCCACCGACCTTGTTTGAACATTCCCGAACTACCGACCAAGTCTGTTTACACTACTAAACATGACCGAACAAGTCCCAATGTTTCCTCCTCTGTTTGTTTGTTTGTTTGTTTAAATGTCCAAACATGCCTGAACATGTCCAAACC	2	0.013255596	0.008329451	0.008329451	0.003091966	0.0027199246	0.0027199246	1.4478194	2.8683152	4.2937374
seelig_cm	by_cre	CCCACCGATAAGAAGATAGCGCCATCCGCAAGTAACGCGGAAGGAGGCCGCGTGCGCGGGGCCATCCGTGACTGAGAGACGCGATAGCGCGATACGCGGATGACTCGGAAGCCGCGCCCATAAGCGGGCGGAGCGATAAGAGGCC	2	0.012054443	0.0069984794	0.0069984794	0.003644099	0.0028285193	0.0028285193	0.53208655	3.2607677	5.994505
seelig_cm	by_cre	CCCACCTACTCACCTATACTCCTACCGACCAAGTCCGTTCAACTATGACCTATACCGTAAGTTTGTACACTCCTCTCCTACCCTCCGACCTTGTCCAAACATGCCTGACTGTACATGTCCAAACATGCCTGAACATGTTTACGCC	2	0.009552956	0.004888177	0.004888177	0.0018961816	0.0010301097	0.0010301097	1.3617588	3.1999335	5.042773
seelig_cm	by_cre	CCCAGGCATGCCGGGAGATGTTCCCCACCACAGTAGGTTGGCTCCGTACTGAACGGGGTGAGTTCAACCACCTTTGTTCAAACAAAGGGAATTTGCACCACAACATACACTCCGGGCTGGGTCGACATTATGTAATGCATGCCAG	2	0.013386726	0.008305132	0.008305132	0.0053405804	0.0038028227	0.0038028227	0.6019815	3.2568393	5.9167786
seelig_cm	by_cre	CCCATAGATGATAACACGCATTGGAGACTCAGCACAAAAGATATCGCGTGTCGTCCCGCGAACTAGCGTCTTATAGCGCGACGCGTTATCGGGCCCGGCCCATATCGTGAAGTAACTCTTCCAGATAAGGATGTTGCTTCCTCTT	2	0.011184692	0.0061015487	0.0061015487	0.0018410431	0.0014917614	0.0014917614	0.8908895	3.4832957	6.0807853
seelig_cm	by_cre	CCCCCCCATAACTTCCTATATCGGCGGGGGGGGAGGGGCGGGGCTTCCAGGAAGTGACTCATCGGGGCGGGGCGGGCCCCCCCCCCTATAGGCCCGCCCCCCCCCCCCTTCCCGGAAGCCCCGCCCCCAGAGGATGAGTCATCCG	2	0.007404804	0.0047260933	0.0047260933	0.04131363	0.021221196	0.021221196	0.048533376	3.3048275	6.5638
seelig_cm	by_cre	CCCCCCCCCACCCACAAGAGGATGAGTCATCCGATCGGGGCGGGGCGGCGGAAGCCCCGCCCCCCCCCCCCCCCCCCCCACCAGGAAGTCACTTCCGGGAAGGGCGGGCCCCCCCGCCTATAGGCAGATATCGGCGGGGGGGGGC	2	0.01271677	0.0074435323	0.0074435323	0.010812615	0.006253353	0.006253353	0.1996336	3.8536322	7.512904
seelig_cm	by_cre	CCCCCCCCCACCCAGAAGAGGATGAGTCATCCTATCGGGGCGGGTTCCAGGAAGTGACTCATCGGCGGGGGGCGGGCCCCCCCCCCCACAGGCAGATATATCGGCGGGGGGCCCAGCCTATCACTTCCGGGAAGGGCCCGCCCCC	2	0.0114917755	0.006352841	0.006352841	2.0	1.0009661	1.0009661	1.9514235e-05	2.9742398	5.9536185
seelig_cm	by_cre	CCCCCCCCCCCCAGCGTGAGTCACTCCGCGATACGCGGCTTCCGAGATATCGCGGTCCCGTGGCTGAGTCATCTCGCGGGGCCGGCCTATCCGCGCGGATCCGCGTGCCCCCACCCCCCGCCCCTGGCTGAGTCATCTCGCGGGG	2	0.010782719	0.005605191	0.005605191	0.0014800994	0.0010401304	0.0010401304	0.71236664	3.9988558	7.2905226
seelig_cm	by_cre	CCCCCCCCCCCCCTCCCAAAGGACTTTGGACTGTGGCACCAAACAATGACCGGAAGGTCAGGTGAACAGGACTTTGGATTGTTGCACGGTCACGTGAACAGGGCAAAGTCCAAACCGACAGACATGCCCGGGCATGTCCCCTGGC	2	0.0135297775	0.0085994005	0.0085994005	0.0028901894	0.00256328	0.00256328	1.6387808	3.1609464	4.688042
seelig_cm	by_cre	CCCCCCCCCTGCGCCTTTCCGATTAGCCGCGCGCGCAAGTGATTTCTTATCTCCTTTTTCGCGTGAGTCACTTCCTTATCAGCCCCGCCCCCTTTTTCTTCCCTTCCTTTTTTCTCCCGCCCTTTCCTTCCTCCCTCTTTTCCTT	2	0.010369778	0.005397588	0.005397588	0.0032084603	0.002387369	0.002387369	0.13237375	3.376618	6.625834
seelig_cm	by_cre	CCCCCCCTATATCTCCCCCCCCGCTCTCACTCATGCGTCTTCCCGCGTTTTTCTTTTTCTATCCGCGTTTTCGCGTATCTTCCTTCCTATACGCTTTCTCATCCGCCCTCTCCTTCTCTCTTCTCCGCGCCCTCCCCCGTTCTCG	2	0.0060863495	0.005054921	0.005054921	0.0077481484	0.00428429	0.00428429	0.51727265	3.968879	7.421517
seelig_cm	by_cre	CCCCCCTTTCCAGGAAGTCGCGGAAGCGCTGAGTCACGATACGCCCCGCCCCCCCGCCCCCCCCCCCCCCCGCCGATGACGCTTCCTTATCTCTCGCGGATGTCGCTTCCTTATCGGGGGGGCGGGAAGTCACGATACGCCTTTC	2	0.010635853	0.005601853	0.005601853	0.0014196548	0.0012724984	0.0012724984	0.50432134	3.9982321	7.4971766
seelig_cm	by_cre	CCCCCGGCTTCCAGATATCGCGGGGCCCCTGGGGGGGGCCCCCCCCCCCCCCCCAGCCCGAGGCTGAGTCACTCCGCGATACGCGGAGCCGGCGGGTGAGTCATCTGGGGGGGGCGGCCTATCCGCGCGGACCCGCGGACCCCGG	2	0.010896206	0.005905211	0.005905211	0.0015839882	0.0010921994	0.0010921994	1.5221945	4.20081	6.884417
seelig_cm	by_cre	CCCCGCCTATCGGCGCGGATCCGCTTCGAGATATCGCGGGGCCCCCCGCGGCCCCGCCCTTGGCTGAGTCATCTCGCGGGGCCGGCCTATCGGCGCGGGTGGGGGGGGGGGGGGGGCGCTTCCGAGATACGCGGACCCCCGGGGC	2	0.01180172	0.006729707	0.006729707	0.0039049792	0.0026921732	0.0026921732	0.42367905	4.2010264	7.9834456
seelig_cm	by_cre	CCCCGGTCGCCGATATAACGATATCGTAGCGCTTCCATGAGTGACTTACTCGTCGTTATCGTCGGGCGGATGCGCTTCGCAGAAAAGCGCGGCCCGACCCTATGTGCCAATAAATCGTCATATCTAACCTATTGCTAGATTGGGC	2	0.0090408325	0.004832864	0.004832864	0.0015026061	0.0011547237	0.0011547237	0.77418315	3.3956318	6.0212884
seelig_cm	by_cre	CCCCTAACTGAGAATGTGTAGACGCCTGTCTAGCCAGGGGAGCGTGGAACAAGCCCAGGCAAGTCTGACCGTTTGACTCATCCCCCGCAGGTCAGGGGTGGAGTGTGGCTTAGCCACGGCACACCAAGGTTGTTACATCAGTAAA	2	0.00903964	0.004603505	0.004603505	0.0027079775	0.0014092453	0.0014092453	1.5143956	2.4263155	3.3426716
seelig_cm	by_cre	CCCGCCTCTTCTCGGTTCGCGGGTCCCTTCTGCGCGTTACGCTTCCTTATCGGGCGCCACCCTCTTGTGGCGCCTCCCTTTTCTCGCGATATGGGTCGCGCTTTCGCGATACGTCTTCATCGTCGCGCGTCGTCATCCGCGCGCG	2	0.008731365	0.00500834	0.00500834	0.009019394	0.0051770573	0.0051770573	0.14186299	3.3421125	6.5460854
seelig_cm	by_cre	CCCGCGCATCCGCGAATGAGTGGGCGGGGCGATAACGCGAAAGCCGCACCCATGGGCGGAGCCATAAGGCGGAAGCGCCATCAGCGAGAAGCGCCATCCGCCGCTGACTGAGTAGCGCCCCGCCCACCCACCCACACCCACGACT	2	0.010792255	0.0058266222	0.0058266222	0.0017107264	0.001466191	0.001466191	0.7043418	3.5066764	6.3139763
seelig_cm	by_cre	CCCGCGCCGATGACTCATCACTTCCTTATCTCTCGCGCCGCCTATTGGAAGAAAGCGATGACTCTTCCGAGAAACCCACGCCCGCCCCCTTCGCGATTTCGCGGAAGGAAGCGCCGCCCACCCACCCGCCTATTGGCCGATATAA	2	0.0147509575	0.009775534	0.009775534	0.011079805	0.0069305506	0.0069305506	0.4308306	2.8684294	5.311003
seelig_cm	by_cre	CCCGCGGGCTTATGAGTCATAAGTCGCGGAAGAGACCGATTATGACAAACCGCGACGATACGGAACTTTATCGGCGTAACCGGTGCCGATAACTTCGCGCGCCTATTCCGGAAACGCCCCGCCCATCGCAAAATTTCGCGGCGCT	2	0.00871563	0.0049530827	0.0049530827	0.009794093	0.005564425	0.005564425	0.12096124	3.325651	6.5341034
seelig_cm	by_cre	CCCGCGTCCCCGGTTACGTAATGGGCAAAGGTCAGGTCTCTGAACTTGACCACTGGAGGCCAGCGTGCGTAAACAAAACCGATGATGTAACACAGCGGAAGGGTAACCGGGCTTTGAACTTTCGGTTGTTTGACCGCAGGTTGTA	2	0.005458832	0.0045814663	0.0045814663	0.010151873	0.005710173	0.005710173	0.36301664	2.3341682	4.306197
seelig_cm	by_cre	CCCGGCATGTTTGTGCAAACATTCCGTCATGCCCGGGCATGTCCCTTTGGACATGTCCCGGCATGTTGGGACAAACATTGCATAGGTTTGACCTTTGTACATGCTCCGGAATGTTTACCGGTCTCTTTGTTCATTCCTGTTGGCA	2	0.010783911	0.0061941743	0.0061941743	0.003999979	0.0024344686	0.0024344686	1.8455896	2.2711918	2.7013838
seelig_cm	by_cre	CCCGGGCGGCCGGCCGGCATGCCTTGCGACCTTTGCACCTTGCGTCATTTCGACCTTGGGTCATTCCGTGACCTTTTGACCTTTGTGCCGGGGGACATGCCCGGGCATGTACATGCCGGGGCATGTTCAGTGTGACCTTTGTCCA	2	0.010835648	0.0055960417	0.0055960417	0.0017918583	0.0009903852	0.0009903852	1.8866045	3.9669695	6.052574
seelig_cm	by_cre	CCCGTGCAGCGCTTTCTTCGAAGGAGCGATAACTCGTGCTGAAGAAAGCGTCAACCTAGATAAACTTATCATTCCGCGAAGCCCCGCCAATGGAGATGATTCGTCAGTTCCGCTTCTCGCGATGAGTCACTGACTGGAGGAGCGT	2	0.009902	0.005036317	0.005036317	0.0018489031	0.0014185936	0.0014185936	0.17257074	2.764132	5.360559
seelig_cm	by_cre	CCCGTGCCGGTATCAACTCTCGCGATCTCCGAGGCCGCATACATATTACCCACAATTCCCTTTCCTTTCTCTCTCCTCCCGCCGCCCAAGATGGTGAGTGAGCTGTAGTTCCGTGGCACTATAGCCAGGTTCCGGCTGTATCCGC	2	0.007258415	0.0049642622	0.0049642622	0.0036426457	0.0024560846	0.0024560846	0.73167866	3.225223	5.721062
seelig_cm	by_cre	CCCTCGCCCCGCCCACTTTGGGTTTCGAAATGTTCGCTGGCTGTTCCGAGAATCAGTCCGGGTCACGTTGGTGCCTCTCCTTTCCTGTTCTGATTGGTTGCTTACGTGAGCGTGACTACTTTCTTGCCTCATGATTGGCTGAAAT	2	0.012151718	0.007560998	0.007560998	0.0043113288	0.0037485543	0.0037485543	0.6874622	2.2516546	3.8204381
seelig_cm	by_cre	CCCTCTTCGTGTTATCGCGCGTGATATCTTTTTTATCTCACCCACTTTAAGTTACTTCCTTCTCGCGCGTCTTATCGCGAAAGCGCCTCTCCGAGAAATCGCCACCCACATTTAGTCTTCGCGCGTCTTATCGCGAAAGCGTTTT	2	0.014232159	0.009117087	0.009117087	0.0992418	0.05075547	0.05075547	0.038324904	3.156181	6.279152
seelig_cm	by_cre	CCCTGCGCTGAGAGATAAGGATGAGTGTGATGTTATCTAATAGGATGACTCATCCTATAGGAGGAGGGCGCGTCTTTTATGAAAACGACGTCCTGGTTTCGCTATATCTGAGTCGTCTTATGATTCACCACCCGCTTCCTTCGTC	2	0.011528969	0.006915033	0.006915033	0.0034664543	0.0031620944	0.0031620944	0.66266805	2.349061	4.040068
seelig_cm	by_cre	CCCTGGACCTTCGATTCGAGATAACGCGTCAGTCCCCCCACGCTGACTCATGGGCGGCCCCCCCGTTCCTACGATTTCATCGGCGCGGTACGATATCTTGAAGGTATCGTTTTCATCAGCGAGGGAAGTAACTTGCAGCATATCT	2	0.010396004	0.0053164363	0.0053164363	0.0017236251	0.0009950647	0.0009950647	0.88868046	3.4601374	6.036674
seelig_cm	by_cre	CCCTGGCCCTGGGGGGGCCGGCCTATCGGCGCGGATGCGGCTGGGGGGGCCGGCCTATCCGCGCGGATCCGCTTCCAGATATCGCGGTGCGGCGGCTGAGTCATCTCGCGGGGCCGCGCTTCCGAGATACGCGGGGCCCCGCGCC	2	0.011620522	0.010522366	0.010522366	0.0036066035	0.0024427727	0.0024427727	3.2162023	5.295384	7.3734674
seelig_cm	by_cre	CCCTTATTACTATCCGCGAAATAGGCCGAGAAATCGCGCGTCGTTATTGGTGACGCAATATGACTGATACGCTCCACCCTGATGAGTCACTTCGTTATGATGCATTAGGATGTCGCCGATCCCTATATCTCGCATACGTCGTAAC	2	0.014077187	0.009152338	0.009152338	0.16128883	0.08232459	0.08232459	0.02409693	2.1077101	4.196248
seelig_cm	by_cre	CCCTTTTTGTCGCTTCCTATGACTTATGAGTAAGCGCATTTCTCTTCCGACACTTACGGCGCCGCGCCGCCCCGATCGGCGGAATAAGTTATTAGCGTGATGCGATTTCTCGGAATCCGCAACCGGTGGTGAGTTAAGATATCGT	2	0.005322695	0.004513085	0.004513085	0.00353809	0.0025067572	0.0025067572	1.0448923	2.327156	3.61023
seelig_cm	by_cre	CCGAACCAAAATTGCGTCCGGTGGGTTGATCCTGTTTGGAGTACATACCCCGGTATGGATTATGTAAAGATCACTGGACATTCCAGGCGTGGTGGCAAGGGACAAGACCGAGGCCAGGTGGTTAGGTGGACGTGACTAGTTTGGC	2	0.011640549	0.0065893233	0.0065893233	0.0023296035	0.0022722578	0.0022722578	0.6594711	2.9578876	5.2613554
seelig_cm	by_cre	CCGAAGTTCAAAGCAGGTGACCTATTAGTCCAAAATCCGGACTCGCTCTGTGCACTTCTGCTCACCTGACTCCGGACTTTGTTCATTGAACCGTGGACATGTCCGGGCATGCCCGGAGGAATTTCTGCACTCCTGCATTACATAA	2	0.0079844	0.0048791766	0.0048791766	0.0021119923	0.0015991069	0.0015991069	1.6322546	2.7068238	3.7844985
seelig_cm	by_cre	CCGACCTATACGTCGCAGACTGATGTCTTCCTCCACTTCCTTATAGTTCCGCCATTTAGATGAGTCATAGTTGCGCGATATCGCGGAAGTCATGCTTATTTCTCAGATAGAAACAGTTGGCGCGGTTTCGCGGAAAGCGCGGCCC	2	0.008159161	0.0046066046	0.0046066046	0.0020612832	0.0016087375	0.0016087375	0.9111285	2.4349737	3.9623713
seelig_cm	by_cre	CCGATAACTCACAGACGCGGAGCCGCCCCCCACATACGAGTCACGCCCCACCCCCACATCCGCGCGGATCGGCCGATAACGCGGAAGGAAGCGGCCCGCGCCGACAGATAAGGCGGGACCAATCGGCGCGGGGCGGAAGCGCCCA	2	0.010657787	0.0056590885	0.0056590885	0.0015181601	0.0014499524	0.0014499524	0.47760886	3.7490695	7.025529
seelig_cm	by_cre	CCGATAAGCCAATAACGCGGAAGCGCCGCGCGCCGATAAGTCAGAAGCCGCGCGTCTGCCGCCCCACCCCTATATCTGAGGCGGGGCCAATCCCTATATCGCGGAAGCGCCCAACCCCTATATCGCGAAAGCGCCCCATCTGACT	2	0.010037899	0.005045046	0.005045046	0.0019195285	0.0017062793	0.0017062793	0.02716453	3.3751814	6.7281914
seelig_cm	by_cre	CCGATAAGCGTTATCTCGCAGACTAATACGATTTCACTCATCGAAACAGCGAATCGGGCTGCTTCTCAGGGCGGAGAAACGGTCTTCTTAGAAAGCGGCGCCCCCTCCCGATACTCCGCGTTGCTTCCTCGAAAAGGAAGACTCG	2	0.010719299	0.0056958795	0.0056958795	0.001825306	0.0014131132	0.0014131132	0.6715049	3.2722225	5.8779635
seelig_cm	by_cre	CCGATAAGGAAGCGCCCCTCCCCGCCGATAAGGAAGGAAGAAAATATCAGTCCCCGCCTCCGCCCGCGCGTATCCGCGTGAGTCCGCGGAGATAAGGAAGGATGAGTCACTGACTCTAAGAAGCCGGATCCGCGGATCCGGCTGA	2	0.013834953	0.008895218	0.008895218	0.0034903921	0.0030680331	0.0030680331	1.1312714	3.1812615	5.2361913
seelig_cm	by_cre	CCGATACCCGTGACGCGTCGCGCCGCCGAATCGGGGGGGCGCGCTCCTATCTAAGAAAAACCGTTTCTCTCGCGCGACGAAAACGACGCGCAGCGATTACTCATTAGGGGAAGTCACTTCCTGATTATACCGATTCTCGAATCGG	2	0.012612343	0.007716179	0.007716179	0.006106072	0.0045459126	0.0045459126	0.4604278	2.3430066	4.230481
seelig_cm	by_cre	CCGATACGCCGATAACACACCCACACGGCACCACCCGCGGAAGCGCGGCGCGCCGATGACTCAAGAGGCAGATAACGAGGAAGCGCCCACCCGAGAAACAGCGCCAACTGAAGCGATACGCCGATAACTCACCCAAGAAGCGCCT	2	0.010711193	0.0057985783	0.0057985783	0.0041136807	0.0029342105	0.0029342105	0.21492702	3.1597586	6.109503
seelig_cm	by_cre	CCGATACGCCGATAACTCACCCACACAGCCACACCCACAGAAGCAAGATAACGCGGAAGCGCCCACCCGAGAAGCGCACACGCGCCGATGACTCAAGAAAACGGCGCGCCGATGACTCAAGAGAAGCGCGCACACGCCGATAACT	2	0.010774612	0.0056560487	0.0056560487	0.001573416	0.001392646	0.001392646	0.44324604	3.6457126	6.8532977
seelig_cm	by_cre	CCGATAGAACTGATGACTCATCACGCGGGTCCTAGAAGTAAGCAGCTTCGCGAGATGCAGTTGCTTCCTTAAGAGAACCCATGCAAGAGGGTACTCTGGCGCGCGGCCAATTGCGATGACGACCGCACTCCACACGGTATATCTT	2	0.013397694	0.008227855	0.008227855	0.008203162	0.0052276775	0.0052276775	0.37125608	3.1607592	5.955432
seelig_cm	by_cre	CCGATGACTCACGCGATAGCGCCCCGCCCACATCCGCAAATAACGCCACCCATGGGCGGAGCGATAACGCGATAAGAGACGCGGAGGGCGGGGCCACCGATGGGCGGAGCGATAGCGCCACCCACGGATGAGAAGGCGGATCCGC	2	0.007954121	0.0049163997	0.0049163997	0.004567705	0.002850192	0.002850192	0.41035667	3.7168474	7.0263762
seelig_cm	by_cre	CCGATGACTCTTCCTTATCTCTCGCCGATGACGCTTCCTTATCGGCGGGGCGGGGCGGGGGGCCCCCCCCTTTCCAGGAAGTCGCGGAAGCGCTGAGTCACGATACGCCTTCCGCCCCCCCCGCTGTCTCTTCCGGCTGATGACT	2	0.008066654	0.004864037	0.004864037	0.0061865873	0.00371635	0.00371635	0.2677212	3.3710032	6.4774876
seelig_cm	by_cre	CCGATGGGCCAATAGGGGGGGGGGAAGCGCCACATCCGGAAGAAGCGGAAGCGCGATATCGGCCCGCGCGACTCAGAGGAAGGAAGAGAAGATAACAGAAAAGCGGCGTAACTCACGCCGCATCTGCGCCGCCCCGCCTATAGGG	2	0.0068001747	0.004809499	0.004809499	0.002740397	0.0021591051	0.0021591051	1.027209	2.6692457	4.313273
seelig_cm	by_cre	CCGCCCCCCCCCCCCCCCCCGCCGATCGGCGGGGGGCGGCTTCCAGATATCGCGGGGGGGGGCCCTGGGGGGGGGGCGCGTGAGTCACTCCGCGATACGCGGATCCGGCGGCTGAGTCATCTCGCGGGGGGGGCCTATCGGCGCG	2	0.008900642	0.005017373	0.005017373	0.24080689	0.1210338	0.1210338	0.004142544	3.5323427	7.064426
seelig_cm	by_cre	CCGCCGATGACGCATATCGCGGGTCCGACGCGCCCTATAGGGGGCTTCCCCCATGCGAGGAAGTATCTTCCTCCGAAAGCGGTTTTAAGAATAAGAGGCGGTTCCGGATAGCGCGGTCGCTGGATGAGGGTCCGCGCGTAACGCG	2	0.008942127	0.005021848	0.005021848	0.0061236788	0.0038291034	0.0038291034	0.1793359	3.0035841	5.831753
seelig_cm	by_cre	CCGCGAGTTTTCACATTATGTAATGTTTATACATTATATTTTTCCGGTCCAACGTACAAACATTGAACGGTGGTTTTACACTAGCGGACTTGCCTGGGCATGTCCGGGCATGCTCACGGGAACCTGAACTTTTGACCGTAAACGT	2	0.0063397884	0.0044211745	0.0044211745	0.002452504	0.0019746036	0.0019746036	1.6707975	2.128538	2.5881968
seelig_cm	by_cre	CCGCGCGCGGATACGCGTTTTCTTCCTCGTAACGCCCGCCCCTCCCCCCCGCCCATATACGCTGACTCATCCTTCCTTATCTGTCCTTCCTCGTATCTCCCGCCCCCCTTCCCCACCCATAGGCGCTGACTCATCCTTCTCTTCC	2	0.008499622	0.004402101	0.004402101	0.0012795596	0.000726334	0.000726334	1.7593212	4.2010446	6.6468654
seelig_cm	by_cre	CCGCGCGTCGCGATATCGTTTCCGCGAGATACGCTTTCTCTTGCGGGTCGGCCCCGCGCGTCCGAGATATCGCGCTTCCTAGATATCGCGTCCCTCTTCGCCAGATTCGGGTGGCGCCACTTATCGGTCGGCGCGTCGTTTCCGC	2	0.008234501	0.0048932135	0.0048932135	0.006066869	0.0036228362	0.0036228362	0.2550275	3.6206393	6.989592
seelig_cm	by_cre	CCGCTGATAACAACGATGACGTGCCCGGGCATGTTTGTTTGGACATTCCAAAAGTCTGTGCACAAAACTCAGGGCAAGGGTAATGGAACCCTGGCCGCCTTTCTGCTAAGCCCCCTGTGACGTAGGTACAAAGTTGCTAAAAAAG	2	0.014656544	0.009662986	0.009662986	0.0040523736	0.00336046	0.00336046	1.7474674	2.683291	3.624108
seelig_cm	by_cre	CCGCTGGACCATTGTTTGTACAATTGTTTGTACAAAGGACATGCCCGGGCATGCCAGCATTGCACTTTGGCCAAACAGGGGCTTTGTTTGTACAATGGTTAACTCAGGTGACATGACCAGGCATGCCCAGGCATGTCCGGTGATT	2	0.0059792995	0.0036119223	0.0036119223	0.0036596425	0.002204187	0.002204187	1.6308583	1.6480266	1.6628275
seelig_cm	by_cre	CCGGAAGCGGCGCTTCCCTATAGGGGGTTACGCTGGATGACTCACATCCTTTCTTATAGGATGTAACTCTCTCTTCCTCGCCTATAGCGTTTGTGAGTCACTTCCTTGAAGATACGCTTCCAGGAACCGTGGATGACTCATATCC	2	0.011172771	0.006642878	0.006642878	0.0026297779	0.002257682	0.002257682	1.1195421	2.6845798	4.2541475
seelig_cm	by_cre	CCGGAAGTACCAACTAAGCTTTAACCATTACGTAACCATGGCCGGAGATCGTTCAGAGGTCTAACGGAAAGTACAAGTCCGGGCATGTTTGTACATGACCTGCGCGGGAATGTTCAACGTTCCCGGGCACGTACAAAACACCCAC	2	0.010879278	0.006797254	0.006797254	0.0048967055	0.003338802	0.003338802	1.5232829	1.8731976	2.227194
seelig_cm	by_cre	CCGGCATGCCGGCTGCCCAGGCAGGCCAGGGGCAAAGGTCAAAGTACAAACCGACGGACATGCCCGGGCATGTCCGCTGCCAAAGGTCAAACAGGGCAAAGGACTTTGGACTGTGGCACCAAACAATCAAACCCTCCCCCCCCCC	2	0.011530876	0.006487131	0.006487131	0.0020317347	0.0015147424	0.0015147424	1.445919	3.5610127	5.68115
seelig_cm	by_cre	CCGGTAGCCCCTGGACCGTGTTGCACTCCTTTGTCCGTTATGTAACGAAGGTCTCCGGTTATGTATCAAAAGTGGCACAACATTCATGTCCGAACATGCCTGGGCATGTTTGGTTGACAATACACTCCCACTGCCTTATATCAAC	2	0.010094404	0.005460918	0.005460918	0.0032656887	0.0018713854	0.0018713854	1.7339451	2.412704	3.0960965
seelig_cm	by_cre	CCGGTCGCCGGGGTGGTGGAGTTGGAACAAAAATTACGGCATGCCGGGACAGGTTCAAAACCTACCGCCGGGGCACGAACATGCCCAGGCAAGTTGGCACAAACATTACGTAATGGTCGCCGGAGTGCATGCCCAGGCAAGTAGT	2	0.008644819	0.004457593	0.004457593	0.0027809602	0.0014669849	0.0014669849	1.7668557	2.4377823	3.112896
seelig_cm	by_cre	CCGGTCGCCTTAGTTAATAGTCTACCGGTCAAGTTGGTAGGTTCAAACATTACGTAATGCCGGCATGCCTGCAAAGGTACAAAGGTACAAAGGGAGGCACGGACATTACGTACCGGTGGACTTGGGGCATGCCCAGGCAAGTGCA	2	0.008374453	0.004564941	0.004564941	0.002759142	0.0015950318	0.0015950318	1.7526776	2.3941104	3.0393527
seelig_cm	by_cre	CCGGTGACATGCCCGGGCATGTTTGTACAGAGGGGGGGTTGTTTGGACATGCCCGGGCATGTCCCCTGTTCGGCGGCCCGGCATGTTTGTACCCACATGCCCGGGCATGTTTGGACACCCCCTGACCGGTCCACACATGCCCGGA	2	0.011919022	0.007188022	0.007188022	0.003214448	0.0023464186	0.0023464186	1.6607307	2.684956	3.7139122
seelig_cm	by_cre	CCGGTTGCGATTTCTCGCAGATAAGATAACTTATAAGTGGTTTCGCGGATTCGCGGGACGCCCCCCCTTTAGGAAGTTACATTTTCCTGAAGATACGATGACTTATCGCTCTTCCTTCCTTCCCGCATCGGCGCGGGACGCGCCC	2	0.010286808	0.005372703	0.005372703	0.0017441004	0.0010865752	0.0010865752	1.0686395	3.4834645	5.9032035
seelig_cm	by_cre	CCGTAAGATATCGCGGATGCGACTTATAAGAAACTACGGATCGCACCGCGGGGCGGAGCCGTTCGCGGACTGCGTTTCCTGACGTTATATCTTATAAGGAAGTCACTTCCGCGAAATCTGGCGAAGGGCCGCGCAACTTACTGTA	2	0.006795883	0.005004294	0.005004294	0.07446779	0.03784681	0.03784681	0.041535858	2.7935328	5.5473213
seelig_cm	by_cre	CCGTATGTTACGTATCGTAAAGCGCGTCTCGTAAGACGCTTCCTCATCCTAAATTTTTTTTTAGGAAGCGCCTTATAGTTAAATCGCGTTATAAGAAGACGCGCCCCTTTCTTAAGAAGACCCGCCCCCTTTATCTTATAAGTAC	2	0.012867928	0.007943895	0.007943895	0.060592737	0.031560067	0.031560067	0.048328746	2.5706093	5.097814
seelig_cm	by_cre	CCGTCCTCTTAAGATACGCCGTTCCTCGAAGCCCCGCCCTATCGTTATCGCATAAGAACGATGAGTCCCCATCGGCGCAGCGCCTATCTCTGACTGATAAATCTAATAAGAGGAAGGAAGTCACTTCCTATTTCTCGGAAGCGGG	2	0.011055946	0.0060369074	0.0060369074	0.002212172	0.0021002046	0.0021002046	0.45961288	3.0103993	5.566205
seelig_cm	by_cre	CCGTGGGACATTACGGTCACGTGAAATGTTCGGTACAAAGTTCAAACGTAAGGCTGACGTTAGAAAGTCCGCCGGCATGTCTTGCGTAAACATGTCAGACTTTACGTACATTGGTGGCATGCCTGGGCATGTTCACCTGGCAAAA	2	0.0053293705	0.00395751	0.00395751	0.0029859855	0.0022372229	0.0022372229	1.7358375	1.7609624	1.7874591
seelig_cm	by_cre	CCGTGGGCCTGGGGGGCCCCGCCTATCGGCGGGGGGCGGCTTCGAGATATCGCGATCCGGCGGCTGAGTCATATCGGCGTGGACCCGCGGACCCCGGGGGGGCCCTGGGGGGGCCGCGCTTCCGAGATACGGCGGCCCCCCCCCC	2	0.05273533	0.03608322	0.03608322	0.04528677	0.023789123	0.023789123	1.1381077	4.8221097	8.48946
seelig_cm	by_cre	CCGTTTTTTTTTATTTTTTCCCGCCCCCTCTTCTTTTTTTTTTTATTGACGTATCTTTTCTCGCGCGCCCCCCTTTTTTTTTCTATTGGCGCCCGCCCCCCCGTTTTCTCGCCCGCTCTTATTTATCTTTTTTCTGGCGTATTGG	2	0.009099007	0.004745811	0.004745811	0.0016357454	0.0010841418	0.0010841418	0.73705757	3.1499298	5.5671554
seelig_cm	by_cre	CCTACCGACCTACTGTACACATGCCTGTGTTTGTTTGTACAACCATTACCTAGTGTACATGACCAAACATGCCCGTACATGTCCAAACAACCATGACCTTACATGTTTAAACAACCATTAACTAACTACCTACCGTACTTTTGTA	2	0.00985527	0.0050453544	0.0050453544	0.0022751538	0.0012080007	0.0012080007	1.6714648	3.0016384	4.3366218
seelig_cm	by_cre	CCTACTTCAAGCCCAAACCAACTTCCTTATCCCTTATGCCTCCCTGTCTTAGTTTCAGTAAACAACTTTCCCGCCAGTCCTTATCTGCAAAGACCACATATGCTAACCCATTCTGCGAATTACCCCTCCTGTCGCAACAGCTCTT	2	0.0078024864	0.0050332136	0.0050332136	0.051440723	0.0263509	0.0263509	0.042878702	3.115584	6.1910586
seelig_cm	by_cre	CCTATAAGGAAGCGGATCTCCGCGGAAGCGCCTCCGCGTCCGCCGATAACTATAAGAAAGGATGACTCACTATCAGGATCCGCCCCCCCGCGCGGATGCGGATGAGTCACCCCCTCCGCCCCCCCCGATCCGCGTGAGTCAGCCC	2	0.01056242	0.0056753308	0.0056753308	0.0029699737	0.0023341132	0.0023341132	0.26500943	3.2424917	6.224861
seelig_cm	by_cre	CCTATAGCGCGGATGAGTCACTTCCTTATAGGCCGGAACCGGGTGTGAGTCACTTCCTTTAAGATACGCTTCCAGGAAGTAACTCACGCTTCCTCGCTGGATGACTCATAGGCTGGATGAGGCGCTTCCAGGAAGTTACTCACCC	2	0.011298418	0.0070914626	0.0070914626	0.0030084774	0.0029844386	0.0029844386	0.9729219	2.3649457	3.7611763
seelig_cm	by_cre	CCTATAGGCTGGATGAGGCTCTTCCAGGAAGATACGCTTCCTTCCTTCCCTATAGGCGGTTTCGCTGGATGACTCATATCCTGGATGTGAGTCATCCTTCCTTATCGGATGGAAGATATCGTTACTTCCAGGAAGCGGCGCACGC	2	0.012242317	0.0076886415	0.0076886415	0.0030195022	0.0028243698	0.0028243698	1.1907804	2.6233819	4.060537
seelig_cm	by_cre	CCTATAGGCTTATAGGCGGGGTTTCTCGCAGATACGCTTTCTTATAGGCCTATAGCGTTTGTGAGTCACTTCCTTTTTCTCTGGATGACTCATATCCTGGATGCGGGTCTTCGAGATATCGTCACTTCCAGGAAGTGACTCACGC	2	0.00714612	0.0036504865	0.0036504865	0.0035598578	0.001904255	0.001904255	0.6226913	1.315093	2.0109904
seelig_cm	by_cre	CCTATGGGTCGCGCCCCACCCCGATATCGCGCGGCGTGGAAGACGCGCGGCCCCGATGTCGGGGAAGCTGACTCACGCCCCCGATAAGGCGCTACGCGGATCGCGGCGCCTATATCGCGGAATCGCCGCCTATGAGTCACACGCG	2	0.010068417	0.0050346404	0.0050346404	0.001586262	0.0007947862	0.0007947862	0.26108035	3.3041704	6.352294
seelig_cm	by_cre	CCTCAGCGTTCTCCTGCGGAACCTTTGAACGGGGTACTCGAGCCCACAGGGGAAGAGCAGCGGAAGGGGCCTTTCGGAACGATTTGGAACGAAAGGAAGTGGAAGAAACGCGGAACCATGGCCGCTGTGGTTGCTGTTTGCGGTG	2	0.0056898594	0.004449129	0.004449129	0.007890368	0.005014408	0.005014408	0.40501803	1.5336826	2.6635878
seelig_cm	by_cre	CCTCAGGCATTTCTCCACTACGCAACCACCTAGCCGAGGTCGCAGTAATTACCCACCGTTGAGACATGCCTGGACATGTCCCACACAAGCCCCGGCATGTTTACTGCGGACTTGCTGTAGATTGCAGAGGTCAAACTTCCGGTTA	2	0.008885384	0.0047907233	0.0047907233	0.0020522694	0.0013069418	0.0013069418	1.239049	2.784469	4.3339834
seelig_cm	by_cre	CCTCCGATATAAGAAATCACTATCCAGGAGTCGCGGATGTCCTCCACGCAGATCCTGAGAATCGCGCGGCGCTTCTTGGTTTTTATCTTATCTTTCGCGAAACGCCGATGAGTCATCCTAAGAATAAGGCGCGCACTCGCATCAA	2	0.014033794	0.009014621	0.009014621	0.00846453	0.005630877	0.005630877	0.47002476	2.7445326	5.02406
seelig_cm	by_cre	CCTCCGATGAGTCACTTCCGGAAGATATCGCTTCCGGTTCCGCGTCTTATAAGACCCGCCCAATGAGTCATCCTCCTGATAAGAAACGATATCTTCCGCGCCTTCCTCCAATGACTCACCCTTCCGATGAGTCACTTCCGCTTCC	2	0.0072846413	0.004685819	0.004685819	0.0026593609	0.002101793	0.002101793	0.7837304	2.7510598	4.720988
seelig_cm	by_cre	CCTCTCCTCCCCTCCGCTCCTCCGCTCCTCCGCTCTACTTCCTCTTTGCTCTGTACATACATCCCCCGGCATGTTTGCACACAGGTCGCTCCCCTCCTCTCTTTCCTGTCATGTTTGTACCTTCCCTCCTCTCCTCCTCCCCTGC	2	0.010969639	0.005891919	0.005891919	0.0016706939	0.0013880886	0.0013880886	0.73610294	3.6512141	6.571403
seelig_cm	by_cre	CCTCTGGAATTGTACACATGCCGTTGGACTAATGCCGGACTGACTACAGTGAGTTTCAAAGTACCCATTTAGTTTTGGGCCACTGACCTGAACTCGGTGAACTTGCCAGGCGACCAAACTTTGTACCAACATTCCGTAATGGTTA	2	0.010304451	0.0053902864	0.0053902864	0.0019487593	0.0011943436	0.0011943436	1.0820346	3.1849854	5.2928505
seelig_cm	by_cre	CCTCTTCTTATTTATCTTATCCTTATGAGTCTTACTTCGAATGAAAGATATCGCGAAAGAGTCATCCACATATATCGAGATATCGCATCCGCGTCTTATCGCGAAACCGCTTTCTTCAGATAACTCGAAACCGCCACCCACAAAA	2	0.0077166557	0.004897125	0.004897125	0.01454717	0.007931877	0.007931877	0.14177896	3.0019672	5.864975
seelig_cm	by_cre	CCTGCTCTGTACATTCCCCGGCATGTTTGCACCTCCCCTGCTCCTCTGCTCTACTTCCTGTCATGTTTGTACACAGGTCGCTCTGTACATACATCCCCCGGCATGTCTACCGCTCTCTCCTCCGCTCCCCCTCTCGGTACATTCC	2	0.010251522	0.0051754564	0.0051754564	0.0015779958	0.0009195088	0.0009195088	0.38072595	3.4386606	6.501672
seelig_cm	by_cre	CCTGGCCTTGTACACTTCTGCCCATGATTGGATCATGCGGCAGGTTCGCGGCTCGGTCGCAAGGTCACCGGACTTAGGCTGCCGGCATGTTGACTACATGTCCGGGCATGCCCGCCGGGTACTGTCCAACTTCCGGTGGTCTGCA	2	0.010238647	0.0051766634	0.0051766634	0.0019765922	0.0010221138	0.0010221138	1.6954932	3.4377499	5.1850686
seelig_cm	by_cre	CCTGTGGTTCTCTCACATGCCCCGACTCCACCCAGGAAAACATTCTGCTTGTCATAACCCTTTTCCTAATCTGAGTTTGCCATCTGTCTCCTTAGGGGACTCTGACTAATGCAGCAGGAATTCAGTGAATATTCATCATCTGGCT	2	0.0062146187	0.004825428	0.004825428	0.019786878	0.0104952715	0.0104952715	0.17194432	2.668372	5.1661887
seelig_cm	by_cre	CCTTCCCCTTCTGTTCAAACCTTTGAACTTCGGTCGGGAGTTTGAGCTGACCGGATTGTTCCCTTCACCTTTGAACTTCGGTCGGGAGTGTTCCCCTCTCCCTCTTTTGATCAAAGGTCTCCCGGCATGCCCGGACATTCCCTTT	2	0.010605335	0.005673796	0.005673796	0.0018451397	0.0013363792	0.0013363792	0.89648694	3.322286	5.7530165
seelig_cm	by_cre	CCTTCCTTCCTCGTAAGGCCCCGCCCCCTTATCTCCCGCCCCTCCCTCACGCGCAGATACGCTGACTCATCCTTCTCTTCCTTCCTTGAGTCAGCCCCGCCCATAGACGCTGTCTCTGGAGGACGCGCTTTCTTATCTGTCTTCC	2	0.011845112	0.006766759	0.006766759	0.008616325	0.005160782	0.005160782	0.19511008	3.5711317	6.9522314
seelig_cm	by_cre	CCTTGACCGTAAGTCCGAAAGTTTAAACTACCCTAATTCTGTTTGTTTAAACAAACAACTTTGCCTTTGTTCAAACTTGTACATGTCCAAACATTCCCGAACATGTCCAAAAGTTCAAACTACCTAATGTTTTTTTACATGACTA	2	0.008024216	0.0049396306	0.0049396306	0.0038726442	0.0026621271	0.0026621271	0.47808516	3.0034084	5.531816
seelig_cm	by_cre	CCTTGGGAAATTGCGACCGGTAAACCAAGTGGCCAACTTCCGTTGCACACCAATGACCGACGACATGTCCCGGCATGTTCAGTCCAATGCACTGAACACCGTACGTCAGTACATTAGCCATGTTGAGTCCTGTTCACGTGACCAT	2	0.00899744	0.004733026	0.004733026	0.0019482058	0.0011363385	0.0011363385	1.4439983	3.0312772	4.6228204
seelig_cm	by_cre	CCTTTTTTTTTGATGGGCGCCCCCCCCTCCTTATTTATCCCCCCCCGCCCTTTTTTATTTATTGGCTTATTGGCTTATCTCTTTATTTTTTTATTGGCCCCCGCGCGCTTCTTTTTATCCCTTCCCGCCTCTTTTGACTTATCGG	2	0.009008884	0.004755497	0.004755497	0.001787122	0.001748988	0.001748988	0.29323366	2.667243	5.0455055
seelig_cm	by_cre	CGAACATGTCTTTTGAGCCGGCAAGATAGGGGCTGACCGTGTAGCGGTTGTCTGTGCTGCCTCCGGGGTCGAAGTAACGTAGACCGAGACAAACCACATGTCTGGAGCGGTATTACACATGTCTATGACAGCGTTAATCGTTGAC	2	0.008013248	0.004921496	0.004921496	0.0030196	0.0021874867	0.0021874867	0.60504067	3.2590804	5.916212
seelig_cm	by_cre	CGAACTTGCGGTGGTTTGAACTTGCGCGGGCATGTTCGGACGGTAGGTTTGACGTTTGAACAAAGGTAAAAGAGAGAATGGGGGCATGTTTAAACATTATGTAATGATAAAAAAAAAAAAAAAAAAAAAAAAAAAAAACAATGGT	2	0.012767792	0.007767737	0.007767737	0.002173498	0.0021466305	0.0021466305	1.3042724	3.589981	5.8806896
seelig_cm	by_cre	CGAATATGGTGTACCTAAGTTCAAAGCGACGTAAACTATCAACCCGGTGCCAATGATACCAACCAAGGAGTTGTGCAGAGGGCATGCCCCGACATGCCGTCCGGCATGTTTAACCTTTGAACGAAGGTTTTTCAAGTGATCTACA	2	0.008687258	0.0047574043	0.0047574043	0.0022489424	0.0013684083	0.0013684083	1.6958241	2.7795286	3.867163
seelig_cm	by_cre	CGACGAACGGTCCGTCGTTTGAACTTTGGACATATGTAGACATGTCCACCGACGTCCGTCGACGGTGGTTGTTGACCGTTGACCGTTGTTTGAACGTTGGTCGTTCATTGACCGAAGGTCCACAGAATGCCCGCTGCGGAAGTAC	2	0.008551121	0.0049854517	0.0049854517	0.0019353057	0.0016589675	0.0016589675	0.732912	3.4591513	6.1889563
seelig_cm	by_cre	CGACGACTCATCGCGGAAGCGAAGTAGCGCGACACTAGGAGCCGCGTGCGGCGTAAGATATGCGCTATATCATGCTCCGCGCAACGGGTGTTACTAATCCGTTAGGCGCTGTAATATGAAGAAGCCTCATCATTCGAATAAGATA	2	0.013541222	0.008621719	0.008621719	0.044606715	0.023661075	0.023661075	0.081145726	2.5348773	4.993528
seelig_cm	by_cre	CGACGGAAACAGGTTAGACAGGATTGCTGGGCACGTGACCTTTGCACTCACGTCTGGTCCCTTCTCAACTAGTGTACCACCGCAGGCAGAATGCCCAGGCATGATCATTAAACATGCCGGCTACAGGGTTGCACAGGTGAGCTCG	2	0.010851383	0.005955994	0.005955994	0.002089764	0.0015573276	0.0015573276	1.0343162	3.1137407	5.198061
seelig_cm	by_cre	CGACTTCCGGATGACGCATCCCGATTGGGCGATAACGAATTATTAAATCATTTTAACTTGCTTATTAAGAAGTAAGCTCCTCCGGGGAGCGGAAGTGACTTAAAACCCCCGCCCCATCCGGCGCGTCGTCCTATTACTAGAAATA	2	0.013407707	0.0084608495	0.0084608495	0.007151507	0.004994274	0.004994274	0.48960683	2.6086555	4.732651
seelig_cm	by_cre	CGAGCACTCCAGAATGTGCCTGCGCAGAGGCGAAAGGTACAAAGGGCAAACTTTACACAACCGGAAATGTATAGTGGATCTCCGGACATGCCGGGGTATGTTCGGTGGCGAAGCAACCATCGAAGGGCACTCTCCTCCGCTCTTC	2	0.01028347	0.00531742	0.00531742	0.0020409722	0.0012023562	0.0012023562	0.96581453	3.0022528	5.0436573
seelig_cm	by_cre	CGAGCTTGCAGCGCCCATAAAGCTTGCCCGGGCATGTCCCCCCTGCTGTCAAACCCCGGGAGCAAAGAACAAACATCCGGTCCGTAGATGACTGGACAAGTCCGGTGGACATTACGTAACAGGGATTGCTCATTGGTTGACTAAA	2	0.0097055435	0.0052437186	0.0052437186	0.0036101993	0.0020396875	0.0020396875	1.6661359	2.1774473	2.6932206
seelig_cm	by_cre	CGAGGGGGGCATGTTTGTATGGGCATGCCCGGGCATGTCCCCTGGGGCATGCCCGGGCATGTCCCCTGACCCCCTCCGGTGTTTGGCCCCTGACCGTGGGACACATGCCCCGGCATGTTTGTACACAGGGGGTCATGTACACAGT	2	0.010468483	0.0054864883	0.0054864883	0.0017517671	0.0010961707	0.0010961707	1.1448299	3.560519	5.98119
seelig_cm	by_cre	CGATAACGTTACTTCCTTATCGTTCGCGAAATAAGCTATCTTATCGCGCATCCTATAAGGCAGCGCCGCTTTCGCGGATTCGCGGAAGCGCCTTCCTTATCGCGCGTCTTATAAGTCTTTCGCGGAAGCGATAATTCGCGGAAGC	2	0.01224041	0.007674277	0.007674277	0.0040842597	0.0033699132	0.0033699132	0.7594514	2.6851726	4.6154604
seelig_cm	by_cre	CGATAAGGCGCGGATCCGATAACGTTTCTTCGTTATCTTTCGCGGAAGACGCTTCCTTATCGCGGATCCGCGGATTCGCGGATCCGTTCGCGTTATAAGTCATTCGCGGATCCTCGTAACTTATTGCGTTTCCGATAAGTTAGTA	2	0.009615421	0.004930258	0.004930258	0.0017860638	0.0012393121	0.0012393121	0.35377336	2.8687391	5.38839
seelig_cm	by_cre	CGATATCGCGCGAAGGCGAGAAGTTGGGGGTTGGGGGTGTGTGGGTGGGGCTTTAGGAGGATGGGTCTTAAGAAGTTTCTTATTGGCTGGGGGGCGCGATATCGCGCGGATGCGATAAGTCGCGGATTGGGGGGGTGTGGGTGGG	2	0.014523029	0.009567434	0.009567434	0.197879	0.100221425	0.100221425	0.021000437	2.8439224	5.6717997
seelig_cm	by_cre	CGATATCGCGCGGATGCGATAAGTCGATAAGGGGGTGGGTGTGGGTGGGGCTTTAGGAGGATGGGGCTTAAGAAGTTTCTTATTGGCTGGGTGGGTCAGTCGCGCGATATCTTGCGGATGAGATAGCGTTTTTAAGAAGTTGCTT	2	0.011472702	0.0070507526	0.0070507526	0.0030374264	0.0030115698	0.0030115698	0.8791463	2.3287868	3.782849
seelig_cm	by_cre	CGATATCTTACGGCGCGCCTTATCAGGAAGTAACGTTATCGCGCAACTATAATGAGTCATCGGATCGGCCTTACGCGGATCCAACCGGGGATCTGCGCGGAGGATTCGCTTCCTGGAGATAAGTCGCGCTTTCGGATGGGGTTTG	2	0.013395309	0.008530023	0.008530023	0.09899632	0.050984934	0.050984934	0.03518654	2.2709217	4.511522
seelig_cm	by_cre	CGATCGAGGGAATAACCAACCCTCGGGGTAACATGCCCGGGCATGTACATGCCCGGGCATGCGCAACCCATTCACATACATGCCCGGGCATGAAGCTCCAGTCCTAGCAAGGATTAGGGATCCGCAACATGCCCGGGCATGGAAT	2	0.011663437	0.0067464113	0.0067464113	0.0026010068	0.0019842011	0.0019842011	1.3369466	2.911031	4.4900327
seelig_cm	by_cre	CGATGTTTACTTAGGGTTTAATACGTGACAAGTTTCACTAGCTTGTTTACTTAGGTAGTCGCAATTTGGAATCACCAGGTCTGTTTACTTAGGGCTGTTTACTTAGGCCGCCGCGTAGAGTGAGAAATCCTGCGTGCTAGCTATC	2	0.011082172	0.006457031	0.006457031	0.002956071	0.0027497865	0.0027497865	0.6187881	2.4883783	4.3625937
seelig_cm	by_cre	CGATTGTGACCTGGTGGGGACAGATAAGAGTGGCTGGTGGGGACAGATAAGCCCCTGGTGGGGACAGATAAGTGCCACTTATCAGCTGGTGGGGACAGATAAGGCTGGTGGGGACAGATAAGTACTGGTGGGGACAGATAAGCGT	2	0.014460564	0.00970915	0.00970915	0.0057333494	0.004398585	0.004398585	0.8622401	2.7922502	4.7270117
seelig_cm	by_cre	CGCACATGTCCGTCAAGAACGTTCACTTAGGACACATGTCCTCTCAAGGTATTGCTCCATATACATGTCGTGCACATGTCCAGCGGGTCGATCGATCCTGTTCGTAATGTCTTGAAGACATGTCCGACACATGTCTCTGGTTTTA	2	0.005897045	0.004809171	0.004809171	0.0064312876	0.003787492	0.003787492	0.5767632	2.8673759	5.159076
seelig_cm	by_cre	CGCCACAGCGACCTGTAGCCACCGCCGAGACTATTTCCGGGACTCAACCACAACATGCCCGGGCATGTGACGACGACGAAGTATGATAGCAGAACTGGGCGGACATGCCCGGGCATGCCCACGAGTACATGCCCGGGCATGGTGG	2	0.010451317	0.005557835	0.005557835	0.00243316	0.0014173874	0.0014173874	1.6538738	2.974787	4.3005934
seelig_cm	by_cre	CGCCATTCAAGTATCGAACATGCCAGAGAAAGTCCGGTGGACTTTGACCTATAAAAAGAAACAAAGCCCGACGAGCTTGCCCGGGCATGCTCTGTTTGTACATTGCCTACGATCATTGTACAATTATGATTGGTGTCCTACCTCC	2	0.0092282295	0.004830301	0.004830301	0.0023223273	0.0012888064	0.0012888064	1.6934637	2.8336895	3.978313
seelig_cm	by_cre	CGCCCCCTCGGCCCTTTGTTTAGGGGCCACAGTCCACTGTGGACATGTCTAGGCATGTCCGGTGCGTAATGCGTGGCTCAATGACTTTGTGTGCAGGTTACACTAGGTCAAAGATCAAAGGTGACCTTTGCACCTGGGAATTAAG	2	0.010408878	0.0061275363	0.0061275363	0.0044410513	0.0027784887	0.0027784887	1.6534822	1.999096	2.3489914
seelig_cm	by_cre	CGCCCCTCATACGCATAAAGTCATAACCCTCACGTTCTTATTGCGTCATCCGCGAGGCTAAGGAGCGCCCATCCCTTATCTGACGACTCTTAAGAGAAGCCGCATCCATCGGCGTCGGAGATAAGATATCTCTTAGAAACTGCCT	2	0.010819912	0.0059139878	0.0059139878	0.0027738241	0.0024183716	0.0024183716	0.3629161	2.8041863	5.2503624
seelig_cm	by_cre	CGCCTATGCTGTTTACTTAGGGGTGTTTACTTAGGATGTTTACTTAGGCACATCTAAGGGCCCCAAGGGTGTTTACTTAGGGTTGAGCACTCTGTTTACTTAGGAGGGCTATGTTTACTTAGGAAACATAGTTGTTTACTTAGGT	2	0.0084757805	0.004810363	0.004810363	0.0021198387	0.0017325166	0.0017325166	0.8505653	2.4247255	4.0025516
seelig_cm	by_cre	CGCGAAAAAGCGTGGGACGGCGCCTATCGGAAAAGATAGAAGGATGGGAGGGAGGAAGCGCATCCGCGAAAAGAAGAGGAAGCGCATCCGCGAAAAACGATGAGTCACGCCCAATCAGGAAGCGCATCCGCGAAAAGCGGCGTCC	2	0.009932041	0.005048245	0.005048245	0.0019713086	0.0012083324	0.0012083324	0.36917108	2.703776	5.0432644
seelig_cm	by_cre	CGCGACGCATAAGGAGGAGGTGCGATTCGCTAAGTTGATTCTGCGTTTTGCTTCCGCATCCGTTTCTTCGAATTAAGACGACGCGCCGCTCGTAGCTTCCTTTTCTTAGCACGAGGAATCGCTATCGGGCGGCGACTTATCGCCC	2	0.006974697	0.0046108067	0.0046108067	0.0026776602	0.0021652698	0.0021652698	0.8380107	2.52943	4.223213
seelig_cm	by_cre	CGCGAGGAGCACGCGTCACTTCCTGATAAGAACGCGGATGAAACTTATGAGTCGTCGCGCGAGAAAGGCGCCGCCCCGAGATATCGCCTCCTCGTAAGCGTCATCCAGCGACTTCTTAGGCGCCGGAAGCGGCTTCTGGAGGAAG	2	0.013810635	0.008922905	0.008922905	0.0044883033	0.0037445095	0.0037445095	0.89702475	2.7507446	4.609352
seelig_cm	by_cre	CGCGCAGATAAGAAGCCGGATGGGCGGGGCGATAACGCCCCGCCCACCCGCATCCGCGGAGGGATAACGCGGAAGCGGCACCCACGACTCACTGAGTCACGCGGAAGCCACATCAGGAAGAAGCGCCATCCGCAGATAAGACACG	2	0.009677887	0.00495854	0.00495854	0.0018169988	0.0011270888	0.0011270888	0.54700994	2.9367166	5.3311424
seelig_cm	by_cre	CGCGCCGATGACTCAAGAGAGCGGCGCACCGATAACTCAGAAGCAAGATAACGAGGAAGCGCCCACCCGAGAAAGCGAGCTAACTCAAGAAAGCGGCGCGCCGATGACTCAAGAGCGCCCACCCGAGAAGCGCACGCCGATGACT	2	0.0104756355	0.005355403	0.005355403	0.001537519	0.001092603	0.001092603	0.36297464	3.5882149	6.8185754
seelig_cm	by_cre	CGCGCCTTATAACTTCCGACTGATTAGAAAAGATGTCGCTTCCGGAAGATAAGATCCGCGCCTTCCTGCGAGATATCGCTTCCGGAAGATGTCGCTTCCGGTTCCGCGTCTTATAAGACCCGCCCAATGAGTCACTTCCTCTTTC	2	0.013269424	0.008402169	0.008402169	0.0047378438	0.003943745	0.003943745	0.7443342	2.4795454	4.219624
seelig_cm	by_cre	CGCGGACGCGATATCTTGCGGATGAGATAGCGTTTTTTAGGAGGGTGGGGCTTAAGAAGTTTCTTATTGGCTGAGGGGCGCGATATCGCGCGGATGCGATAAGTCGATAAGTGGTGGTGGGGCTTTAGGAGGAGCTTATTGGGTG	2	0.0120129585	0.0073166788	0.0073166788	0.0032441772	0.0030197483	0.0030197483	0.80641353	2.552625	4.3035326
seelig_cm	by_cre	CGCGGTTTCTCGCAGATACGCTTCCAGGAAGTTACTCTTCCTTATAGGCCTATAGCGCTGATGAGTCACTTCCTTTTTCGCTGGATGACTCATATCCCGGATGCGGGTCTTCCTTATAGGCTGGATGTGGGTGTTTCTTACATCT	2	0.012008667	0.007379234	0.007379234	0.0027737601	0.0027201222	0.0027201222	1.0298707	2.6803138	4.3353863
seelig_cm	by_cre	CGCGGTTTCTTATGAGTTATCTCGGAAGCGCTTTATCTTTCTTGGAAGTTATCTTTCTCGGATACGGATGAGTTATCGTTATATCTTTCTTAGAAACGCGGATGCGGAAGCGATATCTTGGAGACGCGTTATCTTTCTTATAAGT	2	0.0061764717	0.003441453	0.003441453	0.002364373	0.0015107356	0.0015107356	1.0747287	1.8436953	2.6153967
seelig_cm	by_cre	CGCGTTACGCTTCCTTATCGCGCGCCACTCTTCGCGTTATCGAGATACGCTTTTTTTTGGCCTCTTGCGGGTCGCTCCTCTCGCGGGTCGCCCCTCTTGCGGCGCTTCCTCGCGCGTCAGATATCGCGTCACCCCGCTTCCTCGC	2	0.0097785	0.005045414	0.005045414	0.0015893164	0.0010242579	0.0010242579	0.6800025	3.4164019	6.157534
seelig_cm	by_cre	CGCGTTTCTTCGCGAGATATGGCGCCTCCCGCGCGCGGGTCGCTTCCTAGTCGCCGCGCGATATCTCGTCTCTTATGGGTGGTGCCTCTTATCGGCGCGCGGCTCCTCCCCGAGTCATCGCCACGGGTGGCGCTTCTTGTGGGTG	2	0.007956982	0.004965812	0.004965812	0.002229036	0.0018365001	0.0018365001	0.8848854	3.198192	5.5144897
seelig_cm	by_cre	CGCTGACGATGTGAGGGATATCTGATTGGCGCGCCGCCGCGATATAAGGAAGCTAACTCCGCAGACTCAGACGCGGTAGCGCCGTCTGCTTCCTAAGGTTTCAGGGGGCGGGTTTCGCGGATCCTATAAGGCGAAGCGCCGCGTT	2	0.0125255585	0.0076238113	0.0076238113	0.13973975	0.07100656	0.07100656	0.018118491	2.7645953	5.5159736
seelig_cm	by_cre	CGCTTATAACCACACACTGACGATGACTCATAAGCCATACACCCGCTGAATAAGTTACGCGTTATCTGGGTGGCGCTTCGCGATATCGCGTAATCATCTGGCGGCGCGACTTCCACAAATATGCAGACGTAACTATAAGTTACTT	2	0.011794567	0.0070047528	0.0070047528	0.015804503	0.009283426	0.009283426	0.13903856	2.2049527	4.2756567
seelig_cm	by_cre	CGCTTTCTCTTCCTCCACGTGCTTCCTCGTAAGGCCCCGCCCATACGCGTCTTCGAGGACTTATCTGTCTTCCTCCCCTCCTTCCTTGAGTCAGCCCTTCCTTGAGTTAGCCCCGCGCGCGGAGACGCGTCTTCTTCCAGATAAG	2	0.011709213	0.006418422	0.006418422	0.0038780665	0.002809712	0.002809712	0.29020748	3.5074794	6.730042
seelig_cm	by_cre	CGGAAAGTTCACGGCATGTTTGCCCGGGCATGTGTTTAACCATCGCGCAATCAATGCAAGCTCGGAGGTAGCACACCAATCATCCATCTTCAGCACATTGTTAAACTGGCCGCGTCCATTATGTTTAGGTGACCACAGTCCACTC	2	0.009845734	0.004972756	0.004972756	0.0017131657	0.000906196	0.000906196	1.0055112	3.3763301	5.7520223
seelig_cm	by_cre	CGGACATGCCGGGGCATGTCCGCTGCGGACTACTTAATGTACGAACAATAAATACAAACAAAGTTTTCCTCTCTTTGATTGTAGAGGGGACACAGGCTACCGCTGTTTTTGTCTACTGTCACTCTGAACAGTATCACTTAGATTA	2	0.010746956	0.0060321093	0.0060321093	0.002491643	0.001766104	0.001766104	1.2652521	2.7895555	4.318574
seelig_cm	by_cre	CGGACATGCTCAGACATGTTCGGTCGGTAGTTTGAACTTTCGGTCAAAGGTAGTAGAGAGTAAGGGGGCATGTTTAGACATGTTCGGTTTGAATGGAGAGTGGGAGAGCAGAGATTGTTGTACAAAGATTATGTAATGATCGTGA	2	0.0061228275	0.0034300685	0.0034300685	0.004994833	0.002707126	0.002707126	1.2227709	1.4918805	1.7582974
seelig_cm	by_cre	CGGAGGTTGGTTCGCCTCAGCCCCGGCGAACTTGCTGCGGCATGTGCCGGCATGCATTCGGGCATGTCCCACCGAACCTGTGGCGTGACGTCACATTGCGTCCAGTGCCTCCAATCTTCCGGAAGTGTGGACAAACGCTCGGAAT	2	0.007854462	0.0049690604	0.0049690604	0.0016101168	0.0014793535	0.0014793535	1.2930626	3.559153	5.8281293
seelig_cm	by_cre	CGGATGACGCTTCCTTATCTCGGGGGCGGGAAGTCACGATACGCCGGGGGCGGGGGGGGGAGTCACTTCCTTATCTGTAAGTCACGGAAGCGCCCCCCCCCCCCCCCCCCCCCCCCCCCGCCCCCCCGCCGATGACGCTTCCTTA	2	0.008769512	0.0045460463	0.0045460463	0.0015167287	0.0008530351	0.0008530351	1.7035344	3.7427773	5.786244
seelig_cm	by_cre	CGGATGACGCTTCCTTATCTCGGGGGCGGGAAGTCACGGAAGCGCTGAGTCACGATGGGGCGTCACTTCCTTATCTCTCCCCCCCCTTTCCAGGAAGTCACGATACGCCGTTCGCGGGGGCCCCCCCGCCGATGACGCTTCCTTA	2	0.012932777	0.00794372	0.00794372	0.0038998942	0.0031345524	0.0031345524	0.7561488	3.1081562	5.4651523
seelig_cm	by_cre	CGGATGGACCGGCGGTGCACGTTTAAAGGCCAGTGATGCGCATGCGCGTTATGGAGACCGGAAGAGGAGCTGGTGTCCGTGGGTGGTGGAGTCAAACCGGCACTCCCCCGCAGACCTCAACCAGGTCGCTAGCCCCGCACCAGTG	2	0.01327467	0.008311212	0.008311212	0.0063356557	0.00461512	0.00461512	0.5267252	2.5572178	4.592674
seelig_cm	by_cre	CGGCAAAGTGCAAAGTCCGTCGGAACAAGTGGACAAAGGTCTTTGCAACCTACGGCGACGTTTGGACTTGTCTACGTAGGCGCGGTGAGCTTGTCGGGACATGAGCCGTGGACGTTGACTGCTTGTTTGAGCGGTCGTGACTTGC	2	0.005928993	0.0047330856	0.0047330856	0.0023981093	0.0018901685	0.0018901685	1.4732176	2.8822172	4.2924123
seelig_cm	by_cre	CGGCATACAAGCCCGACTTAGTCACTAGCGAATCTACTTATGTTTGTTCATTGGCCCTTTGTTTTGTAATGCCACCGAACAAACATTCCGGCTTGTTTGGAATGGTTTACATGTCTAGGCATGCCCAGAGATAATCAGGTCAAAC	2	0.004394293	0.004283428	0.004283428	0.0023493094	0.002201398	0.002201398	1.8682643	1.9512011	2.034027
seelig_cm	by_cre	CGGCCGACGGTCGTGCGGACTTTTGTGCGACCGGACTTACGCGCCCGCGTTGGCAATGCCCTGTGACCCAAAGGAGCCTGCGCACTGAGGTCAAAGGTTCACGGGACATTCCGGGGCATGTCCGGGCATGTACCTTGACTGCGCC	2	0.0095152855	0.0047699213	0.0047699213	0.001917727	0.00096601516	0.00096601516	1.7168645	3.3393147	4.96651
seelig_cm	by_cre	CGGCCGGTTATGTAATGGTCTATGTGATCGGTGGTCTAAGCGGTTATGCAACGGTTTATGTAAGCGGTGATCTAACGGTTGGTCCAGTGATGCAATGGTCCAGTTGTGTAATGGTTTGGTGGTTTGTCCAGTCAGTTATGTAACC	2	0.008800745	0.0045498013	0.0045498013	0.002722754	0.0014646301	0.0014646301	1.4470592	2.3397522	3.236696
seelig_cm	by_cre	CGGCCTATCGACGTAAGTCGCGCATATGACGATAAGATGTAATTGCTTTAATCGTACGTCCTCCAATAGCGCGGAGCGCCGATTCCTCGAAGGCGCGAGGTTTTTTCTCGGAGGGACGATAGCGAGAAGCTATTCGCGATATCGG	2	0.009364605	0.0050031543	0.0050031543	0.0015490985	0.0011231902	0.0011231902	0.9199723	3.482745	6.0498786
seelig_cm	by_cre	CGGCCTCTTTTTCCGATGAGTCATCAGTTTAAGAAGTACTTCCTCCCGAGAAGCGCCGCGTGGGGCTCATCCAATTCGCAGAAATAAGTATCTTTTCCGCGCCCTCCAATTGCTACGACGTCTACGACGCGTAAGGCCTTATCGG	2	0.010361195	0.005322814	0.005322814	0.0016754391	0.001092697	0.001092697	0.5576195	3.3709643	6.1893477
seelig_cm	by_cre	CGGCGCGCGATTTCTTGAAGATAAGATATCTCGCAGATACGATGACTCATAAGTGGTTTCGCGGTTTCGCGGTTTCGCGGATTCGCGGGACGCCCCCCCTATAGGAAGTTACGCTTTCTTATCTTCCTTCACGCATCTGCGCGGG	2	0.010856628	0.0058379546	0.0058379546	0.0043698535	0.003215201	0.003215201	0.18707506	2.7281451	5.274234
seelig_cm	by_cre	CGGCGGTGCGATTCGCGATATAACGAAAGGCCCCACCCTAGGCTGATAAGATATAAGTATTCGACAGTTCCTCCTGATGATTCGCGCGTATCTTCCGCAGACGCGCTGGCGGATAACTTCTTGGAAGTGATTAGCTCGGGTGGCG	2	0.016109943	0.010914609	0.010914609	0.016166748	0.009454886	0.009454886	0.3509081	3.1134136	5.881114
seelig_cm	by_cre	CGGGAGACATGCCCGGGCATGTACATGCCCGGGCATGTTTGTTCCTTTGGTTCTTTGTTCCGGCCGGGGGACATGCCGGGGCAGGCCGGCATGTCTGCCGGGCGCCCGGGTTGTTTGTGCAGTGGGGTTGGGTGACCTTTGGACA	2	0.007911205	0.0048642755	0.0048642755	0.0021855985	0.0015729957	0.0015729957	1.8913856	2.7559958	3.623653
seelig_cm	by_cre	CGGGAGACATGCCCGGGCATGTTTGGACCTTGGGACATTGGGAGTGACCTTTGTGCAGTGTGGCCGGGGTACATGCCGGGGTTTGTGTCTTTGTGCATTCCGTTTGGGTGACCTTTGGACATGCCCCGGCATGTCTCTTGGTTGG	2	0.00963223	0.005532503	0.005532503	0.005738038	0.003280029	0.003280029	1.6738464	1.7108287	1.7437111
seelig_cm	by_cre	CGGGAGAGCAGGGGGGAACAAAGGCCGCAGTCCGCAGACCAGGAGACATGCCTGGGCATGCCCCCAGGAGAGCAGGGGGGAACAAAGGCCGCAGTCCGGAGGTGACCGAAGGCCCCAGAGCATGCCCCGGCATGTCCACAGGGGA	2	0.008492231	0.0044704676	0.0044704676	0.0026392885	0.0014590928	0.0014590928	1.6086261	2.413236	3.2218676
seelig_cm	by_cre	CGGGCATGCCTGCTGCCCAGGTAGGCCAGGGGCAAAGGACTTTGGACTGTGGCACCAAACACTGACCGGAAGGTCAGGGGCAAAGGGCTTTGTATTGTTGCACAAAACAAACACCGGACGGACATGCCCGGGCATGTCCCCTGGC	2	0.009153128	0.0048826933	0.0048826933	0.0024955475	0.0014126231	0.0014126231	1.8567191	2.7624042	3.6723597
seelig_cm	by_cre	CGGGGAGTCCAAAAACAATCGTATTTTGACCGAACCTTTATACAAAGCCCGGTTGTCTTAGTGGCGCCATCAGAAATTCCGCTCTGGACTTTTGCATTACCTACTACCAAGAGTGGACATGCCCGGGCATGTCTACAACCCAATC	2	0.0070228577	0.004640937	0.004640937	0.001872097	0.0016222689	0.0016222689	1.6448548	2.6986582	3.7548435
seelig_cm	by_cre	CGGGGGACATTCCGTTGTTTGTACATGCCCGGGCATGTCTGGCGGGCGGCTTTGCCCTTTGTGCCTTTGTACATGCCCCGGCATGTCGGCCGGCCGGCATGCCTGCCGGCGGGCATGCCGGGCGACCTTTGCACAGGGGGGGACA	2	0.010496616	0.005565703	0.005565703	0.0016922884	0.0010568418	0.0010568418	1.5060818	3.854508	6.2078648
seelig_cm	by_cre	CGGGGTAATTATTAACCCAGAACCGCGCAGCCCGAGTGTGGTAATTATTAACCGTATGGCCGAGGGTTGGTAATTATTAACCAATGCAACGATGAAGGAGTTGCACGCAGTGTTCGGGACGGCTGTCCTGCGTGAATAGCAGAAC	2	0.015037298	0.010123432	0.010123432	0.0038538133	0.0037158343	0.0037158343	1.4534533	2.6789925	3.9094458
seelig_cm	by_cre	CGGGTACGTCATGTTTGTACAAACATTGGTCATTCATCCCGTTAATGTTACTGTCGAGTTCCCTAGGCATGCCCGGACATGTCGATAGTACCGGGCAATATGCCCCATTGTGTTACATAACCAAACAAGCTTCCGGAAGTGTGTC	2	0.014434099	0.009480059	0.009480059	0.0038255933	0.0033492702	0.0033492702	1.5731293	2.674214	3.7802525
seelig_cm	by_cre	CGGGTGTCGCTTCCTTATCTCTGGGGCGGGAAGTCGCGGAAGCGCCCGCCCCCCCGCCGATGACGCGTCGTTATCGGCGGGGCGCGCTTCCAGGAAGTCACGATACGCCGTGGGCGGGGCGGGGGGGGGGGGGGGGGGGGGGGGG	2	0.010632992	0.0056631975	0.0056631975	0.006238938	0.003898411	0.003898411	0.110794514	3.46821	6.830595
seelig_cm	by_cre	CGGTAGTACAAAGGCCCCTGTACACAAGTTGACCCCAGGCGTTTGTTCGGAATGCATTAGGCAAAGTTCCCTGGCACAACAATGAACGGACATTCCGGCTGAACCTTTGCACATACATGCACCTGACTGGGCGACCCTGCCCGCG	2	0.01256609	0.007457204	0.007457204	0.013097999	0.007559471	0.007559471	0.1781142	3.1986122	6.224219
seelig_cm	by_cre	CGGTCGACGTCAGTGGCCTAAGTGCAGTGAACTTTACTCCCATTACCAATGAACTTTGTCCAAAGCAAACATTGTCGCGTCGGACGTCACAACTCAAAGGTTGTTGTTTGTTTGAGGGGACATGCGGTGACATGCCTGGGCATGC	2	0.0072888136	0.004032135	0.004032135	0.0051210225	0.0027774137	0.0027774137	1.4196677	1.6054409	1.7879573
seelig_cm	by_cre	CGGTGATGTAAGCGGTTGTTTATGCAATGATCTAAGCGTCCGTCGGTTTGTTTGTCCGTTGATGCAATGGTCCAGTGGTTTGTGTAATGGGTTATGTAAGCGGCCGGTTGTGTAACGGTTGGTTTGGGTAAGCAGTGATCTAGGT	2	0.0064190626	0.0039642453	0.0039642453	0.0046888296	0.0029241755	0.0029241755	1.3010137	1.3353901	1.3722211
seelig_cm	by_cre	CGGTTGGAATAAAGTGAACCTCACAGATATACGGTTTGAGAAAAATGAATCACGAAGTATGAATGTTGCGATGACTCAGCATTGGTACGTCGAGATACTGTGCGGACCGGGCGTTGTCTTTGCCATCCTCACACCCACATCCCCC	2	0.012228012	0.007254243	0.007254243	0.0024303095	0.0021177616	0.0021177616	1.2621305	3.1473668	5.0375767
seelig_cm	by_cre	CGTAACGTTATATCGCGTATCGCGCGTTTTGATATATATGGAACGCGCCCTTATTTATAAGAAGCCGCGCTATAAATAAATTTGTATCGCGCAACCCTTTTCTTATAAGGAAGCGCCCCCCCCTTTTTAGATATCCCTTATTTGG	2	0.009529114	0.004847944	0.004847944	0.0018350335	0.0010836833	0.0010836833	0.50174373	2.847355	5.197647
seelig_cm	by_cre	CGTAAGCGCAGTGGCCAACATGCCCGGGCATGTCCCGTGTTCCGCACTTCCTTTCCCGCTACGGGTATCGGCGGCGCGCCGGCCTTGGTGTCCAACTTCCCGTGACGTAATATTGAACGTTCACCGGGCATGCTCTGTACAAACA	2	0.0070209503	0.004896313	0.004896313	0.0027952432	0.0021172543	0.0021172543	0.9901829	2.9348583	4.881658
seelig_cm	by_cre	CGTAATGTTCGACCAGCGAGCCCTGGCATTCCGCCGTCGACCGGGTGTGTACAAAATCCCCAAACAATACTGAAGGGCGGTGAACTTGCCTGGACATTACCTGTTCGACCTGTGCAATCATGCCGCGGGCATGTCGAGGCATGTC	2	0.007870674	0.0049128532	0.0049128532	0.0017203665	0.0013410395	0.0013410395	2.0318878	3.303932	4.5789337
seelig_cm	by_cre	CGTATATCTTAAGGAAGATATGACTTAAGGAGGAGCGATACGCGTTTCTTGGAAAAGATATAAGGACCCATGGGCGGTTCCTCGATACCTTATATCTTGAGGAAGTGATGAGATAGGGCGGAACGATACGTGGGTCCGCGAAAGG	2	0.011519432	0.0064335093	0.0064335093	0.0073296754	0.0047438685	0.0047438685	0.18317972	2.7608578	5.3436217
seelig_cm	by_cre	CGTCATTCGCGGATCGCGTTATCCGCCGATCTCTCTTCTGAGTTATCTTCCGCGTCTCCGATTCGCCGATTCGCCCCGCCCTTCGCGGAGCCGCGTGTCGGCGTATCGGCGTGGCGGCGTATCTTCCCTCTTATCTTCCGATTGG	2	0.009991169	0.005014494	0.005014494	0.0012712796	0.0007059037	0.0007059037	0.2691034	4.0641327	7.8641386
seelig_cm	by_cre	CGTCCCAACATGGCAACATTTGTGCACAGGTGAAAGTCTAACTTGGCACGTGAACTTTGACTGTAATGTTGACCCAAAGGACTTGCCCGGGCATGCAGTACTATCCCACAATTTATGTATGCAGGCATTCTACCGGCATCATGAC	2	0.004812956	0.0041917562	0.0041917562	0.002089103	0.002084955	0.002084955	1.7073486	2.0110786	2.31543
seelig_cm	by_cre	CGTCGAGTCAGGGTGTGGAATGCATGAAATGTATAAGGTGAACGGCTGGCTTTGTGAGTCACATCCCAGGTCAAGGACTCAGCATGGTGGGCAGGTCATCACCATCACAAATCTGGCCCTGTCCAGTCTGTTTGTACTGCCATCA	2	0.00726676	0.0046193004	0.0046193004	0.0022261525	0.0018485982	0.0018485982	1.3394506	2.3023527	3.2679021
seelig_cm	by_cre	CGTGAGTGCAATGATCAGTGGCCTTTGTCCTTTGTTCTAGTGGTCACGTTACATAACCGGCCCGGGTTACATCATGTGTACAGACATGCCCAGGGTTCAAAGTGAACATTGGACATGTCCGGACATGTCCCCTGTGCTCGAACCT	2	0.010332584	0.005569935	0.005569935	0.0027854308	0.001651881	0.001651881	1.557066	2.63349	3.7146766
seelig_cm	by_cre	CGTGGATGAGATATCTTATTGGCGGAGGGGCGAGATATCGCGCGGATGCGATAAGGTTTTTAGGAAGTTTCTTATTGGCTGGGTGTGGGTTTCTCTGAGTTGCGCGATATCTCGCGGATGCGATAAGTTACTTGCTGGTTGGCTG	2	0.011802673	0.00733608	0.00733608	0.0044528693	0.003930659	0.003930659	0.64297825	2.0535913	3.4686706
seelig_cm	by_cre	CGTGGGCATGCCCGGGCACGTCCCGAGCGGTTGTACATTCCGGTGGAGGTGTACAAAAGCCTGGGAGCATTGGTTACATACCAGCTCAATGATCGAACATTGGTACACGTAGCCATCAACCTGGCATGCCCCCTTGACTGGGGGG	2	0.0058431625	0.0049011707	0.0049011707	0.0025137225	0.0017991518	0.0017991518	1.5730467	3.4812553	5.390406
seelig_cm	by_cre	CGTGGTTGTAGCCCCTGACATGTCCGGACATGTCCAAAGGACCAAAAACGGTTGCTACAAACACTTAACAGAGAGTTGAGCGCTTGCCCGGCCTCCCGTTTTACATGACAGGGAGTGCATAATCCCCCGGGCTCCTGGTTGTTTA	2	0.010260105	0.0053887367	0.0053887367	0.002317877	0.0013231869	0.0013231869	1.5746983	3.0007331	4.4316397
seelig_cm	by_cre	CGTGTCTGAAAGGCGGTGAGTCATCCAAGTGTAGAAAAATAAGGAAGTGCGTGAGGATAGGCTTATAACTTGCGAGTCATAGGAAAAGAAGAAAATAAGGAAGTGCTTCCGGATAAGGAAGTGACTTTATATCTTGCGTGTCTTA	2	0.009728432	0.0057047606	0.0057047606	0.003414092	0.002544785	0.002544785	1.0025085	1.9264213	2.8543575
seelig_cm	by_cre	CGTTACTTCCTCGTAAGGCCCGCCCCTCCCCCACGTGCTGACTCAGCCCCGCCCATATACGGTGTCTCTTATAGGTCTTCACGCGCGCGGATGCGCTTTCTTATCTGTCTTCCCGCGCGCGGAGACGCGTCTTCGCGGACTTATC	2	0.009953976	0.0049916063	0.0049916063	0.020861467	0.0112241125	0.0112241125	0.0013868819	3.1372766	6.2781286
seelig_cm	by_cre	CTAACCTGCCCAGGGCTTCCTGTGACTCGGGTGAAGCAGTGCCTCCTGGTGGTGAGAAGGCAGAACTACTGGTATAAACTGGTCGTAACGTGCAGACTGGGTGTGAATGTGGGGCCAGGACAATGTGTGTCGTGGGGTTGACTAG	2	0.0068280697	0.0046076775	0.0046076775	0.0036453325	0.002684088	0.002684088	0.65369457	2.309072	3.9666703
seelig_cm	by_cre	CTAACGGTTATACAAGCGGAGAGAAAGTCGAACAATGGTTGTTACGTAAGGGGAATGTTGGGAGCGAAAGTTTAAACATGCGGGGAGATGTACATAAAGGGATTGTTGCGGAATGTTGAACTTGCGGTGGAAAGTTTAAACATGC	2	0.010031223	0.005065918	0.005065918	0.0020401997	0.0010701212	0.0010701212	1.005647	2.961241	4.9218006
seelig_cm	by_cre	CTAAGGTTCAGTAAGCGAGTGACGCGTCATTAAGATATCGCGTCAGCTTTTCCGAGAAGCGCGGCCCCACGCGCGGGTCCGATCCGCCGATCGAGGAGATAACTCAGTTGGGCGTCTCGCTTCCTCATCCTTATCTAGTCTTTGG	2	0.011693001	0.0067507327	0.0067507327	0.0030368697	0.0025390836	0.0025390836	0.59459865	3.1618612	5.734066
seelig_cm	by_cre	CTAAGGTTTAAACATGCGGGGAGATGTACATAAGGGGAATGTAGGGGAAAGTCGAACAATGATTGTTGCGGAATGTTGAACTTTCGGTTGAGCAAGCGGGGAGAAGGTCGAACAATGGTTGTTACATAAGGGGAATGTAGGGGAA	2	0.012248039	0.0073001385	0.0073001385	0.003394463	0.003056658	0.003056658	0.691787	2.5989099	4.51098
seelig_cm	by_cre	CTACATGAGTGCATGCCTCCGGAATGTTTGTACTTTGGTCTTGTACCAACATGCCCCTGCATGCCGGCCTGTACACAGAATCTTCCACCTCTCTAATGTTCCACCTTCGGTCTGTTTGCCTTGTACCAACATGCCCCTGCATGAA	2	0.01112318	0.006116092	0.006116092	0.0019942834	0.0013573014	0.0013573014	1.5390459	3.5585666	5.5830946
seelig_cm	by_cre	CTAGACCTGTTAGTTATGTAACCGAGCTTTGAACGTGACAGTGGGTGAGCTGTGTACATGCCCGGGCATGTTTGCTGCTGACCATTGGTCAAAGGACTGTAAGGTCAAAGTGGTTGGTGGGGGGGTGAGCGGTGGACATGCCCGG	2	0.0074597597	0.0039850473	0.0039850473	0.004550425	0.0024324723	0.0024324723	1.6223291	1.6309694	1.6430843
seelig_cm	by_cre	CTAGACCTGTTAGTTATGTAACCGAGCTTTGAACTAGGGACATGCCCGGGCATGTTTGCTGCGGGCAGGGGGCAGTTGTGTACAAAGGTCAAAGGACTATCCCTGTTATGTAACCTTTGATCAAAGGACTGTGAGGTCAAAGTAC	2	0.011579037	0.0075005293	0.0075005293	0.0070569376	0.004482369	0.004482369	1.6350124	1.7172511	1.795411
seelig_cm	by_cre	CTAGCTCCAACTTTGAACCAAAGGTTTGTACACAACGAACATGTCTGGACATGTCCGGGCAAGTATCCCGGGCCGGCTGTTTACCCAACGCAAGACTGCCACTACAGAGGTAAACCCTAGCGCCCTGGAGATCTTTGATCGTTCG	2	0.0067429543	0.004890114	0.004890114	0.0034308457	0.002356683	0.002356683	0.8837657	3.0714326	5.260952
seelig_cm	by_cre	CTAGTCAACCCCACGACACACATTGTCCTGGCCCCACATTCACACCCAGTCTGCACGTTACGACCAGTTTATACCAGTAGTTCTGCCTTCTCACCACCAGGAGGCACTGCTTCACCCGAGTCACAGGAAGCCCTGGGCAGGTTAG	2	0.0069823265	0.004448414	0.004448414	0.0012057655	0.0011732115	0.0011732115	1.5868317	3.8545527	6.124808
seelig_cm	by_cre	CTATACCTGTTATGTATTCATCCGAGTTTTGAACTAGGGACATGCCCGGGCATGTTTGCTGCTGACAGTCGACCGTTGTGTACAAAGGTCAAAGGGATTACGGGCATGTTTAGGTAACCTGTTAGTTATGTAACCGAGCTTTGAA	2	0.006478429	0.0032397509	0.0032397509	0.011527805	0.0057642236	0.0057642236	0.55874366	1.1158642	1.669746
seelig_cm	by_cre	CTATATCGCGCGGATGCGATAGGGCGATATCTCGCGGATGAGATAGCGTTTTTTAGGAGGGTGGGGCTTAAGAAGTTTCTTATTGGCGGTCTTAAGGAGGAGCTTATTGGCTGAGTTGCGCGATATCTCGCGGATGCGATAAGTT	2	0.010928154	0.006130222	0.006130222	0.01926417	0.010899326	0.010899326	0.068492845	2.1904755	4.317256
seelig_cm	by_cre	CTATCCGCATTTCTCGGAAACGGCGCGCCCTCACGCTGTGGGGCGATATAAGTGTTATCTCCTTATCGGTGAGTGACCTCCTCCTTCTTAAAGCGTAACTAAAAGATTCGGAAGGCGCGTTCTCAGAGACAGCGACACCGAGGGG	2	0.008579254	0.004913565	0.004913565	0.010610917	0.0060571423	0.0060571423	0.11697903	2.9121466	5.71098
seelig_cm	by_cre	CTATGAATAGAAAAGCTGAGGTGTTTGTACTTCCGGTCGGCATGCCCGGACATGTTCGCTGCCGACTGGGATCAAAAGCTTGGCACAATGACCTAAGGTCTTTGTACCTAAGGGAAACATTCCCTGCGAATCGATCGTGTCAAAC	2	0.004460931	0.004186511	0.004186511	0.0025403674	0.0023431098	0.0023431098	1.7537874	1.7895561	1.8250506
seelig_cm	by_cre	CTATGGCAAGCCGGGGGGTTTGAACCATGCCCGGACATGTCCGGGCTGGGGTGCAGGGGCAACCTTGGTGCCATGGTCTCTAGTCCAGCCAGCGTTCAGTACAAACAACGGTGGTATACCCCTGGGCGCCATCATTGCGGAGGGT	2	0.0106287	0.0055431128	0.0055431128	0.0019262197	0.0011600951	0.0011600951	1.1610897	3.3396125	5.523221
seelig_cm	by_cre	CTATGTCCGTAAGTCCAAAATTCCGAAAGTCCGTAATTCCCTATGTTTGTATTTTTGTTCAACCCTGTACATGTTTAAACAAACAAACAAACATGACCGAACAAGTCCAAAAGTCCGTTTACACATGCCCGAACATGTCTCCTAC	2	0.011492252	0.0065983534	0.0065983534	0.0026177636	0.001796439	0.001796439	1.7471008	3.0690281	4.395849
seelig_cm	by_cre	CTCACACTTATTTACTTCCTCCTCATGAGTCTTACATCCTTATAAAGAAATCGCTTACGCGTCTTTCTTCTAATGAGTCTTATCGCGAAAGCGTGATATCGCTAATGAGTCTTTCTTCGATATCGTGATATCGCGTTAACTCGCG	2	0.009976864	0.005027972	0.005027972	0.0018275578	0.0011173084	0.0011173084	0.19423322	2.8266983	5.4641123
seelig_cm	by_cre	CTCACCGAGGCGGCGCTTCGCGAGAAAACGCCCCGCCAATCACCCGTCTTACCCTATAAGATAACGCATCCGCCTCCGCTTTCGCGCCACTACCTTATGGGTCAGTACCGGTTCATGAGTCCTACGCCTCCTCGCGCGACGCCTA	2	0.032005787	0.016628265	0.016628265	0.022600934	0.01138739	0.01138739	1.4001238	4.305325	7.1951485
seelig_cm	by_cre	CTCACTATGTGACCTCCGGACTATGTGACCTTGGTTGCTCACGAGCTTCGGAATGTTTAACCTTTGTACAAACATTGCAAACATGACCGGCTGAACATTCCCCATCATGTCAGGGAATGTTTGTCCATGACCGCCAAGCACTCTG	2	0.013048649	0.007877037	0.007877037	0.008276076	0.0051594544	0.0051594544	0.32554436	3.3572114	6.39405
seelig_cm	by_cre	CTCAGCTCCTTTTGAGGAGCTGTTGAGAAAAGATCGTTTTTTAAGAAAGCCTTATCGTTCCTGTGCATGTGGGTGATGTCATCACACTCTGCCCCCTGGACGCAGATCCTCCATGCTGCCCCCAGTGGGAACACCAGCCTGTGCT	2	0.010785103	0.0057777315	0.0057777315	0.002612058	0.0022956482	0.0022956482	0.29453942	2.8720214	5.454511
seelig_cm	by_cre	CTCATATCCAATAGGGCCGGCTCTTTGGAGAAGACGCAACCCGTTATAAGGAGGCGGAGAAGAAGTCGTGGCTTCGCCGATAGGCGCGTGGCGCTTACTCATTATCACGAAGTATCGTTTCGCGTCTTCCGTCAGATACGCGAAA	2	0.013607979	0.008622989	0.008622989	0.011781762	0.007131259	0.007131259	0.30696326	2.8970993	5.4922204
seelig_cm	by_cre	CTCATCAGTGCCTAGCCACTGGTCACTAGCATGTTTTCATTTTTCTCCAGCTCCCTCCACCCTTCATGAACGGGGGCTGGAAAATGTGGTCTGCTCTGATAAGGATTTGCGTCAGGCTACTGGCTACTCAGCAGCCGAGAAGAGC	2	0.0083909035	0.0044543743	0.0044543743	0.0020493488	0.0012585764	0.0012585764	1.1067115	2.600697	4.0986195
seelig_cm	by_cre	CTCATTTGCCTTTGCACGAGGTGCTGCTTTTGCTTTTGCCTGACACCCCAAGCAGTCTTGGGGTGAGGGGATGGGTACGGCCCAGAATCACAGGCCCACTTCTGAGGGCTTGCAGCTGCTGGAATGAGCACTTTCACATCAGTGC	2	0.012107849	0.007086605	0.007086605	0.00267582	0.0024332586	0.0024332586	0.7708282	3.1494	5.532993
seelig_cm	by_cre	CTCCACCATGCATAGGTCACTTGGTTAAACAATCCTGTACTATTGTGTAATCTATATTCCGGTGGAAATTACAGCGAACAATGCACCTTTGGTCTGTACCTCCGCAGGCCCGGAATGCCGGCGGACATGCCCGGGCATGTCCAAC	2	0.009338379	0.0048204064	0.0048204064	0.0020378823	0.0011160865	0.0011160865	1.556454	3.0694995	4.587063
seelig_cm	by_cre	CTCCCCCACCCTCCCCTCCACTATTACATAATGTTTGTTCAAACCAAAGTTCACATTACCTAATGTTTGTACACATCCCCTGCAAACTCAACCTTTGTTCCACACTCCCACTGCAAACATGCCCGGACATTCACTCTACCGACCT	2	0.009896278	0.0050075054	0.0050075054	0.0016126995	0.000896947	0.000896947	0.6552169	3.3958719	6.141416
seelig_cm	by_cre	CTCCCCCTTCTTATTGGCCTATTGGCCCTCGCGCGCCCCCTCTTTTCTTTTCCCGCCCCCTCTTACTTATCGGCGTATCGGTTTACGCGCGCCTCCCCCTTTTGACTGATCGTTTCCCGCGCTTATCTTTTTATGTCTCCCCGCA	2	0.011372566	0.0063378215	0.0063378215	0.0020488296	0.0018935336	0.0018935336	0.6353588	3.589297	6.54827
seelig_cm	by_cre	CTCCCCTGCTCTGTACATACATCCCCCGGCATGTTTGCACACAGGTCGCTCCTCCGCTCCTCCGCTCCTCTGCTCTCCTCCCCTCTCCTCCGCTCCTCTGCTCCCCCTCTCGGTACATTCCCCGGCATGTTTGCACCTTCCCCTC	2	0.015596151	0.012326598	0.012326598	0.00442179	0.002855811	0.002855811	3.5193143	5.2744966	7.026409
seelig_cm	by_cre	CTCCCGCTTCCGCGTCTCCGCGTCTCCGATCCGCCGCGTCGCGGAGCCGCCGCGTCCTTCCTCTTTCTTCCGAGTTATCTCTCTTGCGAGTTATCTCTCTTCCGCGTTATCCGCGCCGCTTCCTATCTCTCCTCCCTCCGATTGG	2	0.0079135895	0.0052894875	0.0052894875	0.095381744	0.0482793	0.0482793	0.026611708	3.3761542	6.728321
seelig_cm	by_cre	CTCCGACCTATCGGAAGAATCGTATCCGGATCCGCCAATTAACGCGTAACGCCTCAATAAATCAAGCGTTATCGGCGGGTGGCGCGTCGATCCTTATCAGACTCATCCGTAGGCGGCATCACCTCTTCTGAGGAAGATATCCGCA	2	0.008644104	0.005015999	0.005015999	0.002392662	0.0018871917	0.0018871917	0.5793688	3.4180512	6.260362
seelig_cm	by_cre	CTCCGGAATGTTTGTACTTTGGTCTCCTGTACTGCCGTCAACATGCCCCGGCATGCCTGCCTCTGTTCATTAATACAGAATGTTCCACCTCTCTAATGTTTGTCTCTCACACCTCCGGAATGTTTGTACTTTGGTCTTTCTCCCC	2	0.009980202	0.0050111413	0.0050111413	0.0016428394	0.0008491898	0.0008491898	0.7576439	3.4163182	6.0799613
seelig_cm	by_cre	CTCCTCACCGGACATGCCTGGGCATGTCCGCAGTTCGACCGCAGTTTATAGTTCACTATCTATTTCACAATTATGGTCTGCTGTATACAAGGGTCTAGGTGAATCAAACTTGACGTTGACCGCGATCTTTGTACAAAGGCGCGGC	2	0.011111975	0.006282747	0.006282747	0.0028817311	0.0018773215	0.0018773215	1.6644113	2.7605724	3.8615627
seelig_cm	by_cre	CTCCTCCTCTCCTCCTCTCCTCCGCTCCTCTGCTCTCTCGGTACATTCCCCGGCATGTTTGCACACAGGTCGCTCTCCTGCTCCCTCCTCCGCTCCTCCGCTGGTTACATCCCCCGGCATGCCTACTGCTCCCTCCTCTCCTCTG	2	0.007428646	0.0050488785	0.0050488785	0.02622377	0.01365823	0.01365823	0.100447565	3.4501333	6.8021984
seelig_cm	by_cre	CTCTCCTGCTCTCTCGGTACATTCCCCGGCATGTTTGCTGCTTTCCCTTCCGCTCCTCCGCTCCTCTCCTGCCCTGCTTGCTCTGTACATACATCCCCCGGCATGTTTGCACACAGGTCGCTCCCCTGCTCTCTCCTCTCCTCCG	2	0.012794495	0.006426811	0.006426811	0.0019409163	0.0009898689	0.0009898689	1.5230423	4.0575294	6.598384
seelig_cm	by_cre	CTCTCTGCTCCTCTCCTCCGCTGGTTACATCCCCCGGCATGCCCTCCGCTCCTCTCCTCTCTGCTCCGCTCCTCCGCTCCTCCTCTCGGTACATTCCCCGGCATGTTTGCACACAGGTCGCTCTCTGCCTCCTCTGCTCCTCCTC	2	0.009643555	0.0048989356	0.0048989356	0.0014767641	0.0008191976	0.0008191976	0.95466685	3.7424686	6.535015
seelig_cm	by_cre	CTCTTCCAAGAGTCGTTATCGCGGATCGGATTATGATATGCGTCTTAGAAAAGTAATAAGGTGCTATTTCTTGCGAGAAAGCGGCGCCGCGTACTCACCCGTCGCGGAAGATACGCTTCACCCGACTCATGAGTCACTTGCTTAT	2	0.008297443	0.004968405	0.004968405	0.0027962602	0.0021535887	0.0021535887	0.5854513	3.0389652	5.4958086
seelig_cm	by_cre	CTCTTCTGCTCTCTCGGTACATTCCCCGGCATGTTTGTACCTTCCCCTCCCGCTCCTCTGCTCTTCCGCTGGTTACATCCCCCGGCATGCCTACCGCTCCTCTGCTTCCTCCTCTGCTCCTCCCCTCTCCTCTCCTGTTTGCACA	2	0.011756897	0.006863162	0.006863162	0.0041149044	0.0028587966	0.0028587966	0.4776235	3.9071712	7.3416123
seelig_cm	by_cre	CTGAACGGGCACGGACCTGAATTCGGTCAGGTGGACTGCACAGCCGAGTGCCAAGGCACAACAACAAAGGTGACAGGACACCCGGCCAAGCCACCTTTGTTCAATGTCCGCTGGTATTCCTAGGGTGCACCGGACCACGCTCGCA	2	0.010855675	0.0057735145	0.0057735145	0.0016407247	0.0014357261	0.0014357261	0.56139874	3.5890675	6.621818
seelig_cm	by_cre	CTGAATATTTAACCTTGGTTGCTCAGGAGCTTCTGAATGTTTAACCTTTGTACAAACCCTAATTCTCTCTATCACTGCAAACATGCCAGGGCGAACATTCCCCATCATGTCTGGCACTACGACCACGACGGAATGTTTAACCTAG	2	0.009034157	0.005132675	0.005132675	0.005981586	0.0037468062	0.0037468062	0.20521502	3.0903487	5.979384
seelig_cm	by_cre	CTGACGGCGGCATGCCAGGGGGCCAGAGGGCTTTGTTTTGTTCATGTCAGGGGTAATGTTCGGACATTCTACCGGGATCAATGTTGACAGTACGTAGTCTGTCATGTTCGGACATGTGACCGAGGTCTTTGTTTGTTTCGTGCTG	2	0.008285761	0.0049083233	0.0049083233	0.0020898823	0.0017721071	0.0017721071	1.0518731	2.5086703	3.968845
seelig_cm	by_cre	CTGAGTCATAGAAGCGACAGCAGGAGCCGCGCGCTGCTACGAGTTAATAAGCAGGAAGCGCCGCCTCTTTTTCCGGCGTTGCGTCCGCGCGCGGCGTATCCTAGGGATAAGAAACTTCCTTATCATCCGATAAGGAAGTTCCTCG	2	0.011555195	0.0066488087	0.0066488087	0.0023543024	0.0023232098	0.0023232098	0.7593093	2.8341494	4.913896
seelig_cm	by_cre	CTGAGTTGGACCGATGGTATTTTGGTGGCAACTGTATGAGCTCACCGGTGAAACAGTTAGCACAACGGGAGGCATGCCCGGACATGTACAAAGGGCCCTCTGCCCCATTATGGATCAAGTCTATTTACGTCAGGAACGTCAAATT	2	0.010200262	0.006009698	0.006009698	0.0049059405	0.0029769833	0.0029769833	1.7348619	1.9074683	2.0842655
seelig_cm	by_cre	CTGATGACGCGGAAGGCGGGACCCTACTAACTCCGCGTGGTTACGCTTACATCGCGAAATATATTCTCTTCTTATCAGATAAGCCCACCCTATCGGAAGGGGCGGCGCGTCACGAGAAACAGTCCTCAAGGACTGATGACTCATC	2	0.01213932	0.0071595907	0.0071595907	0.0054695993	0.0038913065	0.0038913065	0.39745134	2.8234053	5.254339
seelig_cm	by_cre	CTGATGAGATGACGCGATATCGTTTTTATTGGCTAGATATGGGTGGGGCGCGCGCTTTATCTGGCTGATGAGATAAGGGTGGGTGTGGCTAGATGTGGGTGGGGGGGGCGCGCGCATGAGATATCGCGATATCGTTTTTATGAGT	2	0.0098724365	0.0049598813	0.0049598813	0.0022382962	0.0011517667	0.0011517667	0.72542244	2.5680695	4.415629
seelig_cm	by_cre	CTGATTAGGGGAGACTTAGTCACAGCCTTTCCCGCAGACACGTTTTACTGCCTGCCCGCCCACACAGCAATTTCCTTCATTACCCAGTGCTGAGTGTTGGCTGGCGAGCCACAGCTCAGCCCAGTAATGAACAGGCTTCTGTTAC	2	0.011740208	0.006858647	0.006858647	0.0037563974	0.0028995387	0.0028995387	0.5253365	3.1368892	5.7533236
seelig_cm	by_cre	CTGATTGGCTGAGTTGAGTCAAGTGGCCTCAGCCCGGCCCAATCAGCTGGGACTGGGGGAGGGCTGCCGTGGAGAACTAGCTGCCTTCCTGGCTGGGGAGAAGGAAGCAATGACTAGCATAGCAAACTCTGGGGGTAGTGACTTC	2	0.009447098	0.004898578	0.004898578	0.0021539337	0.001318417	0.001318417	0.7247326	2.555441	4.390698
seelig_cm	by_cre	CTGCACCGTAGACAAACAGGAGGTCCGTTTGATTGCCATGTTTTGTAATGTAGAGCTCAGGCCGACATAATACAAGCCCTTCGGCTCCCTTTTGTAGTGATCTCCGGACATGTTTAGGCATGCTCAACCGTACAAAGATCGCTCA	2	0.01093483	0.006122738	0.006122738	0.0018256555	0.001583405	0.001583405	0.97659713	3.4833944	5.9950037
seelig_cm	by_cre	CTGCATCAACATGCCCCTGCATGCCGACCGCCTGTTCCCCTCTCCCACCTCCGGAATGTTTGTACTTCGGTCTTTCTCCCTTGTACCAACATGCCCCTGCATGCCGGCCTGTACACAGAATGTTCCACCTCTCTAATGTTCCACC	2	0.009809494	0.0049426556	0.0049426556	0.0016378481	0.0008508246	0.0008508246	1.1882975	3.5887961	5.994162
seelig_cm	by_cre	CTGCATGACGGCCTCAACACAGAATGTTCCACCTCTCTAATGTTTGTCCTTCGGTCTCCCGTCAACATGCCCGGGCATGCCTCCGGAATGTTTGTACTTTGGTCTCTCTCCCTCCTCTACTGCTGTCACCTCGCTCTTGTACCAA	2	0.0128388405	0.007824689	0.007824689	0.0029854283	0.0027657712	0.0027657712	0.94001335	2.991971	5.0489426
seelig_cm	by_cre	CTGCGTCAAGAATGGGTCTGATAACGCGTCTTATGAGTTACATGCGTTATATCTCCTTAGGAAGCGCCTCATCGATACTACGCTTCCCGTCCTCTTATTGGAGCCATATGCGGCGAAAAGATACGGCGCTTCCAGGAACTCACTA	2	0.011271	0.0061944276	0.0061944276	0.0026545587	0.0023565283	0.0023565283	0.42054883	2.9482293	5.4809866
seelig_cm	by_cre	CTGCGTCCAGGGGGCAGAGTGTGATGACATCACCCACATGCACAGGAACGATAAGGCTTTCTTAAAAAACGATCTTTTCTCAACAGCTCCTCAAAAGGAGCTGAGGCAATGCATAGCCCTGCAGGAAGAGACTGGAAATGGTCTT	2	0.0074386597	0.0044391155	0.0044391155	0.0018187228	0.0015397742	0.0015397742	1.1410491	2.6159074	4.0937653
seelig_cm	by_cre	CTGCGTCTTTCCGATTAGCCCCGCCCCCATGCGAGTTATCGGTTCCGCGAGTGACTCTTCCTTTTCTTTCCTTCCTTCTTTTCTTCTTTGTCGCGCGCGCAAGTGATTTCTTCCTCCTCCTTCTTATCAGCCCCGCCCCTTTTTT	2	0.010295868	0.0052961707	0.0052961707	0.0017603541	0.00095990696	0.00095990696	1.8590895	3.853993	5.853896
seelig_cm	by_cre	CTGGCTAATTTTTGTATTTTTCCGTACGCCACATTTCCCGCGCCCCACCGCGGGGCGGGGATTCGGCGCTGGGCTCTTCCCTGTTCACTCGCCATTACTGAGGGAATCCTGGTTAGTTTCTTTTCCTCCGCTGACAAATATGCTT	2	0.007940292	0.0048646927	0.0048646927	0.0019683563	0.0017238386	0.0017238386	0.9080329	3.1382265	5.3714952
seelig_cm	by_cre	CTGGCTGTAAGCTGACCTCACCCCCGAAGCGTTTGCACATGTCTCCATTGACATCCATTGAGGATGGTACAACGCTCGTAACATGTCTATCACGCGACTCTAGTGACCTTCGTAGTCTATTGTCACACGCCTAAGGAATATAGTG	2	0.01030159	0.0052711368	0.0052711368	0.0018286223	0.0010468538	0.0010468538	0.90782714	3.2707362	5.638676
seelig_cm	by_cre	CTGGGAAGTGGGGGATGAAGCTTGCTCAGTGCAGTCTGAGCCGTGGTGATAAACATATCACTTTATGGTCCACTGACCTCACCAAGGAACCTCCTTTCCCTACTGCTCCTCTCTCCACGGCATGGCCCGGTGACTCATACTCAAC	2	0.010630608	0.0056405514	0.0056405514	0.0034372495	0.0026834027	0.0026834027	0.18892354	2.8493016	5.5146694
seelig_cm	by_cre	CTGGGGAATGTGCAGGGGAGAGTTCAAAGTTTGTATTATGCATGCGGGCATGCTGGGGAATGTACAAACATTCTGTGGATTGTTTGTACAAACATTCTGTTTGTTTTACAGGCATGCTGGGGAGTGTGGATTTTTTTTGTGTAAT	2	0.006248951	0.004624307	0.004624307	0.0031171585	0.0024875258	0.0024875258	0.96080714	2.162884	3.3665855
seelig_cm	by_cre	CTGGGGGGGGGGGGCCCTGGGGGGGGGGCCCCCCCCCCCGCCCTTGGCTGAGTCATCTCGCGGGGGCGCGCTTCCGAGATACGCGGATCCGGGGGGCCCGGCCTATCGGCGCGGATCCGCTTCCAGATATCGCGGGGCGGCCGTC	2	0.009838104	0.0050965995	0.0050965995	0.0013220389	0.0012675121	0.0012675121	0.26841867	4.1896253	8.115573
seelig_cm	by_cre	CTGGGTCTCTTGGTGATATAATTAGCTGTTTTCTTCCAGTGGTGAGTGGGTGGCTCACTCTTCTGGCACCCTGCAAGGCCGCATGATGATGCAACAATGCAACAAAAGACAAGCCCGGGCAAGGCCAGCGGGAGCTCTGCCGGCC	2	0.007228136	0.004645884	0.004645884	0.0025185985	0.0018631653	0.0018631653	1.707652	2.289294	2.8735182
seelig_cm	by_cre	CTGGTGGGGACAGATAAGTGGCCACGGTACGGCTGGTGGGGACAGATAAGCGTCCTGGTGGGGACAGATAAGCTTACTGGTGGGGACAGATAAGGTACTCTGGTGGGGACAGATAAGCGAGCATCTGGTGGGGACAGATAAGCAG	2	0.008403301	0.0043742657	0.0043742657	0.0021095395	0.0012193129	0.0012193129	1.0488838	2.5162666	3.9876785
seelig_cm	by_cre	CTGTCAAACCATGTTGTGACAACATTCCGTTGGTGGACAAAGTTCACAGTCAAACTCCCGGGTACATTACGTAATAAGGCAGACACATCGACCCTCAGTGCATGCCTGGACATGTCCGGGCTTGTTGTTTGAACAAAGTCCCCTT	2	0.008132935	0.004717171	0.004717171	0.0020190661	0.0013663113	0.0013663113	1.823182	2.9259503	4.032134
seelig_cm	by_cre	CTGTGGACATGCCCGGGCATGCAACATGCCCGGGCATGCCTCTACATGCCCGGGCATGCGTCACCATACATGCCCGGGCATGGCAGACCGGGAAACACATGCCCGGGCATGGACATGCCCGGGCATGAAACATGCCCGGGCATGT	2	0.012676477	0.007911444	0.007911444	0.003185011	0.0026486446	0.0026486446	1.4880081	2.7348115	3.98638
seelig_cm	by_cre	CTGTGGACATGCCCGGGCATGTTTGGACCGGGGCATGTTTGGACATTGGTGCAGCGGGCGACCGTGCGACCTTTGGACCTTTGCACCGGCATGCCGGGCGACCGGCATGGTGGTTTGTGCAGCGGCATTCCGTGATCTTTGGACA	2	0.012598038	0.0076339245	0.0076339245	0.002856164	0.0022280267	0.0022280267	1.6674126	3.0397859	4.4171233
seelig_cm	by_cre	CTGTGTGACCCCTGAGTCACCGTCTGCCTGCCTCACTGCTGTGAGTCAGCGGCATTCTTTGTGGCTGAGAGCAGCGCAGCTCAACCTCAGGGCCCTTCCCCTGTACCTTGGTGAGCCTGGCACATCCTCCAGCTAGGCTAGGAGT	2	0.0110993385	0.0060976446	0.0060976446	0.0018488689	0.0016550266	0.0016550266	0.7494947	3.3766778	6.008863
seelig_cm	by_cre	CTGTGTTTGTGTACAGGACTTTGGGACCATACCAGAGGCCTTGGGTTAATGTTCACCGGCCTGTAGTGTGAACGTGAACCAGGTGCACTGCATGCCGGCAGGCATGAAGATCAAAGCACGGTAGGACACGTAACAATGTCGGTGG	2	0.007245064	0.0048779845	0.0048779845	0.002314188	0.0019474688	0.0019474688	1.0837493	2.834157	4.586931
seelig_cm	by_cre	CTGTTATGCATGCGGGCATGCTGGGGAAAGTACATTGGATTGTTTGTTCAAACATTCTGTTTGTTTGATTTTTTGTTTGTTTGTTTGATTTTGTATTGAAAGTTCAAAGTTTGTAATGTTCAAACTTGCTGGGGATGTTTTGTTC	2	0.01021266	0.0054763556	0.0054763556	0.0025638386	0.0018530237	0.0018530237	0.64754236	2.3156297	3.9884539
seelig_cm	by_cre	CTGTTGCCCAGGGGACCAAGGGCTGGGGACAGTTCTAAGCCGAGGACTGGGTCTTGGGGACACTCGGGCCTCTGGAAGACAAGGCGGGTAGGGTGTCACCTGGGCTTCCCCCCAGGCCGTCTCAGCTCACTGCGCCCCTCCCCGC	2	0.017173529	0.012630105	0.012630105	0.008229107	0.004707777	0.004707777	2.0783381	4.4514027	6.819924
seelig_cm	by_cre	CTGTTTGTTTGATTTACTGTGGAATGTTTGTACAAACATTCTGTTTGTTTTACAGTCATGCGGGCATGCTGGGGAATGTACATTGGTTTGTTTATGCATGCGGGCATGCTGGGGAAAGTTCAAAGTTTGTATTAGTTTTACATTC	2	0.010858774	0.006569445	0.006569445	0.0052555264	0.0033099423	0.0033099423	1.6700603	1.8686817	2.0715926
seelig_cm	by_cre	CTTACCGCCTTTGTTTGAATGTTCAAACATGCCCGAACATGTCCAATTACATAACTACCCTACCGTGAGTTTACACAAGACCGACCTACCTACCGACCGAACATGTTTAATACCTACCCTGTTTGTTCAAACATGCCTGACCTTA	2	0.012329102	0.0073615015	0.0073615015	0.0025364172	0.002435211	0.002435211	0.9426152	3.1130958	5.288544
seelig_cm	by_cre	CTTACTTCCTGGAAGGGGGGGTTTCTCGCAGATACGCTTTCTTATAGGCCTATAGCGGTTGTGAGTCACTTCCTTTTTCGCTGGATGACTCATATCTTTGCTTATAGGATGTAACTCACTCTTCCTCGCCGATAGCGTCTGTGGG	2	0.005620837	0.0033159256	0.0033159256	0.0034099224	0.0023780505	0.0023780505	0.75051963	1.1997011	1.6511874
seelig_cm	by_cre	CTTATAAGCCGCATGCGCATGAGTCGCTTCCTAAGACTGAGGAAGCGTCTCGGCCCGCCTAATAACATAGAGCCGCCTCGCGCCTATAGCTAGATATCGCGAGTCAGCTACGGGTGGGGCACCCGCTTCTAGTATCGCGAAAAGC	2	0.014173508	0.009112984	0.009112984	0.47588068	0.23899409	0.23899409	0.0064894753	3.36689	6.732351
seelig_cm	by_cre	CTTATAAGGATAGAAGGATAAGTAAGTTATTTCTCGGAAGAAGACGCGTTATCGGTCTTATAAGTATGGTTTCTCATAAGTTATCGGGGAGATAAGGATGCGCGATATCGCGGATGAGGAAGTAATTTCGCGGAAGGGCGGTTTC	2	0.007978439	0.0048841834	0.0048841834	0.0051568924	0.0033685798	0.0033685798	0.34619924	2.697943	5.052781
seelig_cm	by_cre	CTTATATGCGGATACGATATCGTCACGCAAGTGCCGCCACCGGTTGCGCACACCCGCATATAGCGTATCGCAATAGCGCGCAAGTTATCTTCCGGCACTTCCTCCAAAAGCGAACCGCTCGGGTGATAACGCATCGGGGAGAAAA	2	0.008864403	0.0049000233	0.0049000233	0.0022923895	0.0019172544	0.0019172544	0.4076844	3.0781736	5.7526274
seelig_cm	by_cre	CTTCATGCGATTTCTTATCTCCTCTTTCGCGTGAGTCACTTCCTTTCCCTGCGTCTTTCCGATTAGCCCCGCCCCTTATCTCTTCCTCCTTCGGGTGAGTCACTTCCTTATCAGCTCCTCCTTCGGGTGAGTCACTTCCTTTTCT	2	0.006729603	0.004976511	0.004976511	0.003747887	0.0025256337	0.0025256337	0.85845137	3.0116272	5.1665564
seelig_cm	by_cre	CTTCCGCTTTCGCGTGTGTTATCGCGTTATCGAGTTATCTCTTCCGTTTCCGATTGGGCGCGCCCTTCCGCGATGTAGCTTCCTATTTCTTCGGCGAGTTATGTCTTCTCTCGCCGATCGGCGGGTGTTCCTCTTGGCGGATCGG	2	0.005233288	0.0048210174	0.0048210174	0.009372465	0.005255399	0.005255399	0.46818918	2.5338619	4.599947
seelig_cm	by_cre	CTTCCTTATAGGATGTAAGTCACGCGTTTTCGCTGGATGACTCATATCCTGGATGCGGGTCTTCCAGGAAGTGACTCTTCCTTATTTTCCTATAGGCCGGAACCGTGTGTGAGTCACTTCCAGGAAGTAAGTCACGCTGTGTCGG	2	0.009619951	0.0052663684	0.0052663684	0.002727855	0.001799899	0.001799899	1.0463843	2.2867017	3.5313728
seelig_cm	by_cre	CTTCCTTATCGGATGTAAGATATCGTCACTCCCCGGAACCGTTTGTGAGTCACTTCCTTTCAGATAGGATGACTCATATCCTGGATGTGACTCTTCCTTATAGGCCGGAAGGGGGGGTTTCTCGCAGATACGCTTTCTTATAGGC	2	0.004778385	0.0040921867	0.0040921867	0.0036718568	0.0026655605	0.0026655605	0.9258899	1.9037076	2.8822114
seelig_cm	by_cre	CTTCTGTGCCAGGTTCTGTGCTGGGCCTTGGGATATAAGCAGCATGGCCCTCCCTTGTGGGGCGCGTGGGGAGAAGGATGTTAAATAATCTAAAAAAGGGGCCTAAAACTCAATCTTTGAAGGTGAGCTGCAGGGTGGTGTGGTC	2	0.011688232	0.0067432225	0.0067432225	0.0032276707	0.0026525059	0.0026525059	0.55622476	3.0918293	5.6323786
seelig_cm	by_cre	CTTGACCTGTTAGTTATGTAACCGAGCTTTGAACTACGGTCAGGTTTGTACAAAGGTCAATGGACTATCACTGTTAGGGAGAGGGGGGCATGCTGAGCTTTGTACATGCCCGGGCATGTTTGCTGCTGTCATGCTTGTTATGTAA	2	0.005463481	0.003277421	0.003277421	0.0077888574	0.004209678	0.004209678	0.6987166	1.2161988	1.731495
seelig_cm	by_cre	CTTGACCTGTTAGTTATGTAACCGGGGGGGTGTACAAAGGTCAAAGGAGCAAGGGACATGCCCGGGCATGTTTGCTGCTGTAGAAAGGTCGGTCGACTAGACTTGTTAGTTATGTAACCGAGCTTTGAACGTGACAGGGGGGGAG	2	0.0053801537	0.0038913488	0.0038913488	0.0050553787	0.003268329	0.003268329	1.0615534	1.3430911	1.62314
seelig_cm	by_cre	CTTGCTTTGTTACCAATAAGATTGGCTCTGGAGAGCATGCGCAGACAATGGGCCTCCTGATGTTGACCACCAGGATTGGGCAGACCACCATCCAGCCACAAGGGGCGCTAGAAAGCTGCTGCCCTTGCCTTCACTGCCAGGGCTA	2	0.0075731277	0.0048300847	0.0048300847	0.01600201	0.00886674	0.00886674	0.1293802	2.2521188	4.3776007
seelig_cm	by_cre	CTTGTTGCACTCTTCGATCCTGCCGTAATTACCGTGTTTGTACAAAGATCGACGTCAAGGCCGTAGTGGGCAACCTACCGGCGGAAGCCCTGTAGACATGTCTGGGCATGTCCCGCGGGACGCAGTTCATGGTCGCCTTTCGTCC	2	0.010643959	0.0057029724	0.0057029724	0.0023579889	0.0014016037	0.0014016037	1.7111065	3.1127434	4.519321
seelig_cm	by_cre	CTTTAACACAGTTCTGCCCGAAGTCCCAGAGCTGGGTCTCATTGGTCCATTTCAGGTCACATGACTCGTGTGAGACAATCTCCTGTGTTCCCATTGGCTGGGCCGGAGTCGTGTGACCAGCTATGACTACAAAAGATGGAGTCAA	2	0.008426666	0.0048491657	0.0048491657	0.0018745351	0.0016929246	0.0016929246	0.84079427	2.6683834	4.49955
seelig_cm	by_cre	CTTTATTGATTTATTGGCGCTTCTTTTTTCTTATTTATCGGCGCCTCCTTTCTCGCTCGCTTTTTTTTATTGACCGATTGGCTTATCCGCTCCCGCCCCCCCTTTTTTATTTATCCCCGCCCCTTTCTCTTTTCTGATTTATCGC	2	0.0073246956	0.0048694313	0.0048694313	0.0040923967	0.0028224848	0.0028224848	0.58870804	2.653847	4.7214413
seelig_cm	by_cre	CTTTGATCATGCCCGGACATGTTCCGTTGTGCCACCATTGAATGTACAAAGTTCGGTCATGTTCAGAGACCTGACGCAAAGGATGAGCGGGTCAGGTGGCAAACATTCCTGGTCAACTCAAGGCACCCAGGGGGTGGGGAAGCAA	2	0.007362604	0.0046504736	0.0046504736	0.0022816097	0.0017687192	0.0017687192	1.5425082	2.3852057	3.2306151
seelig_cm	by_cre	CTTTGGACTTTGGTGACCCCAGGTACAAAGGACCTTTGACCGTAATACAGCATGCAGTGCGCAAGCCAGGACAGGATTGCAAGTGAACATGCCCGGGCATGTGACCAGGGACTCTGCAATCAAAGCTCTGTACGGGCAAGCCATG	2	0.008497238	0.004794061	0.004794061	0.00210594	0.0014035761	0.0014035761	1.5551664	2.7953014	4.0391397
seelig_cm	by_cre	CTTTGTACATGCCGGGGCATGTTTGGACCTTTGGACATTTGGACAGTTTTGGACCTTTGCTCACCGGGCGGCATGCCCGGGCATGTTGGGACATTTGGTCAGACATGCCGGGGTTTGTCTACCGGGATTCCGTGACCTTTGTACA	2	0.009361982	0.0048246384	0.0048246384	0.0030271013	0.0015965168	0.0015965168	1.7312502	2.4120579	3.097403
seelig_cm	by_cre	CTTTGTGCACCGGGCTTTGCACCGTGGGGGACATGCCCGGGCATGTACATTCCGCTTTGGTCACAGGCCGGCATGCCCAGGCATGTCTACCGGTTGGGGGTGACCGGTGGACATGCCCGGGCATGTCGGGGCAGGCATTCCGTGG	2	0.008026361	0.004015088	0.004015088	0.0033838027	0.0016931136	0.0016931136	1.5734795	1.9727379	2.3760076
seelig_cm	by_cre	CTTTTGGCCCCGGTGCATGCCCGGGCATGCCGGCATTGACCTTTGTTCCTTTGGACATGCCCGGGCATGTTTGGACCTTTGGACAGGGGGAGGGCGGGCGGCCGGCATGCCGGCATGGCTGTTTGGACATGCCGGGGCATGTCCA	2	0.007927656	0.0044941306	0.0044941306	0.002340216	0.0014836793	0.0014836793	1.6906401	2.5393727	3.3915386
seelig_cm	by_cre	GAAAGAAGAGGAAGCCACTCCGCGGAACCGCGGGCAGATGAGTCAGCCCCTCCGCGCCGATATGAGTCACCCCCCATATCCGCCCCCCCGCGCGCCCGCGCGTCCGGCTAAGAAGATAAGGAAGCGGATCCGCGTGAGGAACCCC	2	0.013073921	0.008144945	0.008144945	0.0067484058	0.004468275	0.004468275	0.47494435	3.2257216	5.981428
seelig_cm	by_cre	GAAATCGGAAGGGCGAGAAAGCGGAAGTCACTTCCTGAAAATAACTTATAAGCTTATAGGATGAGTCATCAGCTTATAAGGAAGATGACTTAGAGGGCGGGACTTCCTCCAATAGGATGAGTCATCAGCATATAAGGAAGTTAAC	2	0.007944107	0.0040003955	0.0040003955	0.0034195918	0.0017417884	0.0017417884	0.88587004	1.604507	2.3270876
seelig_cm	by_cre	GAACCTAGATCAAACAAACAATGCATCGAATTTCGGTCGGCATGAAGTGCACCTGACATGCCCGGGCATGTCCCCCAGACTGAGTGTATGTACAGACCGGGCGACCCTGCTGGGCCTTTGTACTGAATGCGCACAGAGAGAAGAA	2	0.0071463585	0.0041538477	0.0041538477	0.0034441242	0.0020553786	0.0020553786	1.741513	1.9085178	2.0785153
seelig_cm	by_cre	GAACCTCCAACCCATGTTTTGTGCAGATAAGGGAACGTGCACAGGGAGCTTGTCTAAACATGTCCCTAGTGGACGAAGGTCCCACATACGCACTGGGGGAGGGCGGTGGAGCCACCAGGAATTCATGCCTTATACGAACAGGGAA	2	0.011596918	0.0067483783	0.0067483783	0.0030121831	0.0023343468	0.0023343468	1.145942	2.498448	3.8558028
seelig_cm	by_cre	GAACGATACGCGGTTCTTGGAAAAGATATAAAGAAGCGCGGACCCATGGATCGGTCCGCGTATCTTAAAAAAGATATGACTTAAGGAAGTTATGAGATAGGGCGGGTCCACGGGGACGCGGGGCCACGGAGACGCGGAACCGCGG	2	0.009486198	0.004914619	0.004914619	0.0025321243	0.0020450235	0.0020450235	0.13530351	3.1122398	6.0937476
seelig_cm	by_cre	GAACGATACGCGTTTCTTGGAAAAGAAATAAGGAAGCGCCGTTATAACTTAAGGAAGTTATGAGATAGGGCGGGTCCACGGGGACACGGAAGCGCGGACCCATGGGTGGGTCCGCGAATGGTAGCATAGATATGACTTAAGGAAG	2	0.006921768	0.0046877265	0.0046877265	0.0021044393	0.0018905103	0.0018905103	1.1647297	2.6472287	4.131962
seelig_cm	by_cre	GAACGATACGTGGGTCCGCGAAAGGACCCGCAGATATAAGGAAGCGCGGAGCGATACGCGTTTCTTGGAAAAGATATAAGGAAGCGTCCTTATATCTTGAGGAAGTGATGAGGTAGGACGGAAGCGCGGACCCATGGGTGGGTCC	2	0.012672901	0.007728664	0.007728664	0.05612787	0.029140733	0.029140733	0.04821643	2.9670682	5.890864
seelig_cm	by_cre	GAACGATACGTGGGTCCGCGAACGGACCCGCAGATATGACTTAAGGAAGAGGCGTAGAACGATACGCGGTTCCGCGAACCGTAGGATACGCGGTTCTTGGAAAAGATATAAAGAGATAAGGAAGCGCGGACCCATGGGTGGGTCC	2	0.010399342	0.0053422153	0.0053422153	0.0019093847	0.0011637284	0.0011637284	0.6817709	3.0641747	5.4516354
seelig_cm	by_cre	GAACGGAACGACAACGGATGGTGATGGACGTTGATTGATCTTTGTCCATTGTTGTTTGTTTGTCCAGTTCGGTGACCGACGTTCACACCGGCCGTCTTCATTGGTCTGTCGGCATGTTTGCCCAGACATGCCCCGGAAGTCACGA	2	0.014811993	0.009947836	0.009947836	0.007439885	0.005405275	0.005405275	0.6807591	2.538841	4.4017873
seelig_cm	by_cre	GAAGAGCGGGCGGAAGTATGCGATAAGCGAGCGAAGACGCCTCCACCCTCTCTCCCGCCAGAAGTGACGTCAGTCACGTGGGAGGACAATGGTGAGAAGAGGGAACCTAAGAATTCCTGGACTCTGACTGGGCGTGAGAAATGGC	2	0.008799076	0.004716754	0.004716754	0.0019921984	0.0019841706	0.0019841706	0.32072833	2.3689063	4.4211664
seelig_cm	by_cre	GAAGGAAGTTCCTTATCACAAAGTAACTGATTCGTCGATAAGCGACGATCAGTAAGCGTCACCAATGCGTCATCCGCTTACGACGAATTCTTTCTTTTTATGACTCATAAAATCCCATATATCCTATGCGTCGCTTTATCGGTGA	2	0.0084142685	0.0045791864	0.0045791864	0.0023490342	0.0020501008	0.0020501008	0.42454696	2.0034654	3.586219
seelig_cm	by_cre	GAAGGACGCGCCCCTATCGCGCCGCGCCACCCACGATATATCGCGCCGGGCCCGTATCTCCCCGGAAGGATAAGGATAAGTCAGCGTATCGCGGCGGAAGTAAGGAAGTGACTCACCGCCCGGATGACTCACCCCCACGAAACGC	2	0.012113571	0.0073473155	0.0073473155	0.0032370798	0.0029184988	0.0029184988	0.7960515	2.7282777	4.66527
seelig_cm	by_cre	GAAGGAGAGGGACATGTCCGGGCATGCCGGGAGCAATGGACAAACATGCCGGGAGGGCAGGGGAGCAATGAACCAATGTACAAACATAACAAAAAGAGAGAGAGAAAAAGAGGGAGAGAACAAACATGCCGGGGCATGTCCAGAG	2	0.005159855	0.0045425296	0.0045425296	0.0022951262	0.0019502767	0.0019502767	1.7082721	2.4621212	3.2165875
seelig_cm	by_cre	GAAGGGAGGAGATGACTCACCCTATCGCCCCCAGGGCGGCACCAAAAGGAGATAAGGAAGCGGAAGGATGAGTCAGCGTATGGGCCGGACGATAACTCAGCGTATATCCGCGGAAGGACGCGCCCCCCAGCGCCGCACCCAATCA	2	0.0065743923	0.003914535	0.003914535	0.0025372608	0.0018755338	0.0018755338	1.0330443	1.8124049	2.5944252
seelig_cm	by_cre	GAAGTCACTACCCCCAGAGTTTGCTATGCTAGTCATTGCTTCCTTCTCCCCAGCCAGGAAGGCAGCTAGTTCTCCACGGCAGCCCTCCCCCAGTCCCAGCTGATTGGGCCGGGCTGAGGCCACTTGACTCAACTCAGCCAATCAG	2	0.0072517395	0.0050260723	0.0050260723	0.007987046	0.0046727047	0.0046727047	0.34921816	2.8446019	5.3422112
seelig_cm	by_cre	GAAGTCTATGATGAACTTGCAAACTAAGGTATCTTGGATAAAATGAAGGGAACTGTGTCTGCTGTGGGCAGATTATCTGCGAATGAGAGGATTCAGGGCTGAGATATCAGCAGGCCAGTGCTGGGTCTGTTGTAGAAGGTCTATG	2	0.012645721	0.0077145398	0.0077145398	0.004621979	0.003744879	0.003744879	0.60080886	2.5058937	4.41591
seelig_cm	by_cre	GAAGTGAGATAAAAATCAACTCCTGACTCCTGGGCGAGTGTCCAAAAGCAATCTACATAAAACCCTTTGGCCGCCCGGAATTCCTCCTGCTCAGACATGCCGGGACATGCAGAGCTCTGCCAACTCCAGCCCCCGCGCCCCCGTT	2	0.011144161	0.0060825646	0.0060825646	0.0016777589	0.0014739102	0.0014739102	0.8033624	3.7230816	6.6478624
seelig_cm	by_cre	GAAGTGAGGAAGCGCGATATCTCGGAAGGATGCGCGGATGAGTTATTTCTTATAAGAAATAGGACGCGGTTTCTTATAAGTAAGCGCGGAAGCTTTCTTATGAGTTATCGCGGAAGGAAGGAGATAAGGAAGCGCTTTATCTTTC	2	0.014884949	0.010013387	0.010013387	0.013261241	0.008104673	0.008104673	0.38516238	2.7183611	5.0564313
seelig_cm	by_cre	GAAGTGGACGTTTGTACTCTGGCCTGGACATGTCGACATGCCCAGACATGCCTGGATTATGCAACATTCAATGGTCGAGTGACTACCGGCGTACAAAACCCGGGGAAGTGACGGGGCAAGGTCCAATGCGCATTCCACCGGAAGT	2	0.012845039	0.008651555	0.008651555	0.005298667	0.0041175685	0.0041175685	1.5159441	1.9711876	2.4306245
seelig_cm	by_cre	GAATTACGTTAATCGCGCGTATCTTATCGGCGGAAAGTCGGGGGGTCGAGACGCTTACTCATCGCCGGACGGGCCGATAAGAAACGCTGACTCGCAAGATCGCATAGGTTCCGATTTGTCGGATGAAATCCCGCAAAACTTCGGG	2	0.00602293	0.0048372103	0.0048372103	0.6944084	0.34775987	0.34775987	0.0034326743	2.7123504	5.422454
seelig_cm	by_cre	GAATTCCCTCTGGCTCCACCCACTTCCCCCCATGTGCATATCAGGATCCAGTCAGTTATGGGCATGCCCAGACAAGCCCTGGGCAGGTTCCCTCTGTGCAAAAGTATCTGATGTAAACACTTGTGGGGCAGGTTGGAGATTCTCT	2	0.012281179	0.008046269	0.008046269	0.0061652865	0.0042530783	0.0042530783	1.6262752	1.8100846	1.998129
seelig_cm	by_cre	GAATTCTAAGTAATCTACTGGGTGACCCAGGAAACGTTCCTTGTGTGTTTGATTACATTCCGGTCATGTAATGGTTCAAAGTCCGTGACGCAATGGTAAACTACGGCCGCAGACATGCCCGGGCATGTCTGTAGGTCTGAAGTAC	2	0.011522889	0.007771492	0.007771492	0.010187814	0.006282421	0.006282421	1.1252849	1.4111371	1.693238
seelig_cm	by_cre	GACAACGAGCCTACCTTATCCACGATTCGCGGATCTTATAATAAGGATGCGCGTTTCTTCATCAAGATGACGCTTCATCCGCGGATGACTCGTCCTCGAGAGACGCGATATCTGTCTTATCTGCAACGAAAGCGATACGCAAGGC	2	0.008873463	0.0048877597	0.0048877597	0.0014307845	0.0010781463	0.0010781463	1.2428936	3.7225804	6.2062535
seelig_cm	by_cre	GACATTGGCCGTCAATGATCACTAATGTACGCATCGGTCGACTATGTCCACTGTGGACTTTGGTCGTCGGTCGACATGTCCAGACATGCGTCGGTGACCTTTGTTCGTTGGTGGTCCGGTGAACATTGGACCATTGGACTTTGGA	2	0.0085299015	0.004418671	0.004418671	0.0029233955	0.0015537037	0.0015537037	1.6706113	2.2942858	2.9220712
seelig_cm	by_cre	GACCAAAGATCGCGGCCTGAGTCCTGTGAACTTTGCCACCGTTTGTTTTTCGGCCGGCAATGATGTCAGTGGTTGTTCCGTCATGGTCAGGGCAAGCGGGGAGCATGCCCACTTCCGGTCGCCGGACTTGCGCGGGCTTGTTTAA	2	0.010161638	0.005508542	0.005508542	0.002907847	0.00181527	0.00181527	1.1832643	2.3391247	3.499638
seelig_cm	by_cre	GACCAACACCGAATCTTCGATAACTGGCGCGGATTAAATCGTAAGTCGTCCCGCAATGGGCGACGCGTTTTCAGGATAAGTCATCTCCTTCTCGGCCGATGACTCATGAGATAGTCGCGAAGCGGCGATTTCTACATCGTGATCT	2	0.011297703	0.006175965	0.006175965	0.0022885667	0.001893931	0.001893931	0.7026215	2.8198667	4.942233
seelig_cm	by_cre	GACCAATCAACTGTGGCCAGGGGCACAGATGCTTTACAGAGGCAGGCCTGTGTCGTGTGACCACCACATGACCTGCGTCATGTGATGGGTGGAGGAGAGGGTGGGCATGCTGTGATTGGCAGCCTCCTTCCCGTGGGTGGAGACC	2	0.0044977665	0.004043646	0.004043646	0.018771507	0.010247654	0.010247654	0.18942727	1.4002173	2.6114614
seelig_cm	by_cre	GACCACACCACCCTGCAGCTCACCTTCAAAGATTGAGTTTTAGGCCCCTTTTTTAGATTATTTAACATCCTTCTCCCCACGCGCCCCACAAGGGAGGGCCATGCTGCTTATATCCCAAGGCCCAGCACAGAACCTGGCACAGAAG	2	0.0077085495	0.004187405	0.004187405	0.001131245	0.00086372264	0.00086372264	1.1171787	3.9658644	6.8180714
seelig_cm	by_cre	GACCAGTTCAAGGTTCTAATCTGGGACCTGCCCCTCAACTGGATAACCATGTGAGCGTTGCCACCAGAGGGCAGTGTGGGGCTGCTTTCTCGAGACGAAGGGGTGTGGCCTGGAGGAGGTTCAGTCCTTTATTGTTCCTGCCCCC	2	0.009764671	0.004976772	0.004976772	0.0020274804	0.0015254496	0.0015254496	0.18445583	2.5003555	4.821043
seelig_cm	by_cre	GACCCATGGAGCGATACGCGTTTCTTGGAAAAGATATAAGAAAGGGCGGAGCGATACGTGGGTCCGCGAAAGGACCCGCAGAGCCGCGGACCCATGGGCCGATGCATGGGTCCGCGTATCTTGAGGAAGTGATAAGAAAGCGCGG	2	0.006911278	0.0050174594	0.0050174594	0.022749426	0.01192873	0.01192873	0.13574454	3.1873667	6.240883
seelig_cm	by_cre	GACCGCGCCCCTATAGGCTGATCAGATAAGTCATATGCGTATAAGCCGCGCGCATCGTTTCACTTCCGGTTCCGCTACGCGAATTCGCGGAAGTGGCGCGCCCAGCACGCTGTAACAAGCTGATGAGTCATCCCTGGGGTGCGGT	2	0.009105682	0.0047021806	0.0047021806	0.0022492744	0.0012806213	0.0012806213	0.9572522	2.5028384	4.0528283
seelig_cm	by_cre	GACCGGATTGTTGAACATTCCCCCCTTCCCCTCCACCTTTGAACTTCGGTCTGTTGTGTTGTTCAAAGGTCTCCCGGCATGCCGGGACATTCACCTGACCGGATTGTTCCCCTGCTCCCCTTCTGTACAAAGCTTTGTACTCTGC	2	0.0077967644	0.004795313	0.004795313	0.0017495939	0.0015414199	0.0015414199	1.0244046	3.4366293	5.8518553
seelig_cm	by_cre	GACCGGGAGACATGACCAACCCACCGGGAATGTCCCCAGAGACCTGACACAGACCACAGGCATGAACATGCCCGGGCATGTCCCCAGAGACATGCCCGGACATGGGTGCAAAGGTGCAAAGGTCACTGGACATGCCCGGGCATGT	2	0.007576704	0.0043514967	0.0043514967	0.0028077688	0.0017349512	0.0017349512	1.700437	2.1997392	2.702267
seelig_cm	by_cre	GACGATTAGGCATGTTCAAAGTCCATGGACCTGTCCGGACATGACCTAACGACCGACTGACATGACTGCAACTTTGACCGTAGGCGACCCAGACATGTCTAGGTTTGTCCTTTGCTTGTTTACTCACCGGCGATGTAACCGAGTC	2	0.014766216	0.00976032	0.00976032	0.0031934823	0.0031648804	0.0031648804	1.5135672	3.0699027	4.6312437
seelig_cm	by_cre	GACGCTATCTTCGCGGAAGCGCCATTTAGGGCGCGACAGCATCTTACGCGGGATCTCATGCGCGCGGAAGTAAGAGAGGGCCGCATCCGGCTCGAGACAGATGCCTTATAAGAAGTTCTTATCGGATCCGGCACTGAAACGGCGT	2	0.0074944496	0.0048621297	0.0048621297	0.0028060186	0.0021112754	0.0021112754	0.7935376	3.0426767	5.294448
seelig_cm	by_cre	GACGTGACTCCGCCGGTAATGTTCATGTTTGTACGTACGTCCGGGCTTTGACCTGGTGCACAACCAATGGACTCAGGGTCCAAAGTCCATTCCTGCCCGGCCATGTTTAAGCATGCCCGGTCATGGACTTTTGTTTACGTCAGCC	2	0.012071133	0.007326603	0.007326603	0.003356576	0.0025297813	0.0025297813	1.5149117	2.5562334	3.6022995
seelig_cm	by_cre	GACTTGCTGTTTTCTGGGTCCCATGAATTGGCAACCCCAGTCCCGAAATAGAAAGTTTAGGATGGAGTCATTTCTGTGTGTCAGGTGTCAGCCTTGAAGTGCTGATTGTGGCAAACAAGGGCAGACCGTGCTTTAGGAAGACCGT	2	0.013678551	0.00888893	0.00888893	0.005191268	0.0039203586	0.0039203586	0.78760505	2.9762228	5.16963
seelig_cm	by_cre	GACTTTGATCGAAGAGTCCGCTGGACAAGCCCGGGTTTGTCTGGTGACATAACAAAAGTAGTTCTGGTCGCAAAGTTGAAAGTATGCATACCACGGTCACGTCTACCATCCTGTCCTGGCTCTCTGGACGTCACCAGTGAGCTCG	2	0.009131432	0.0049286485	0.0049286485	0.00161489	0.0011048531	0.0011048531	1.2199557	3.4374204	5.659088
seelig_cm	by_cre	GAGAAAGTGGTGATTCTGGCGGTGAGGGAGAAGCCCCAGAGGCCTGGGGGAGGTAGGCCACGTGGAGCTGGGTTCCCAGCCACGCCTCCGCTTCAAATTCAATGACAGAGCACGTGATTTCCCAGGAAACGGAGGCTTGCAGCTC	2	0.011416912	0.006435018	0.006435018	0.014739954	0.008457342	0.008457342	0.09785746	2.674195	5.2555146
seelig_cm	by_cre	GAGAAGCCATCTGCAGCAGGGCATGCGATTTCCCAGAGAGGGTGGCCCTGATCTCTGCAGGTGGCCACATAAGCCAGTCAGGAGAGCCCAGAAGGTGCATAAACCGGTTTGGGATCCCGACTGTTAGCACACTGTGGGATTGAGT	2	0.010533333	0.005562246	0.005562246	0.0018972389	0.0012111557	0.0012111557	1.1255659	3.3388946	5.557194
seelig_cm	by_cre	GAGACCTCAGGTTCACTTGGTGTTTGTTCACCGGACCTAGACTGTAACGTTGGTCATGTACGAACAAACATGACGTGACTAAAGTGGTGGAGCCACTATTGTACATGCCCGGGCAAGCCCGCTGGCCGCTGTGCACCGGACCCAG	2	0.0048804283	0.004772067	0.004772067	0.003076883	0.0021592584	0.0021592584	1.5133922	2.7231872	3.9330904
seelig_cm	by_cre	GAGACTATTAGGTCTGTGGACAGTACAAAGCATGCCCGGACAAGCCACCGTAAGTTCACGTAACAGGGAAAGTAAAAGCGACCATTAATATTTCTGGGCACAGGTCACGGAATAGCTTTGAATTTTGGGTTGGTTGCTGTAAAGC	2	0.010858536	0.0064324737	0.0064324737	0.0031391834	0.002226978	0.002226978	1.5250491	2.4925423	3.4644613
seelig_cm	by_cre	GAGAGAGACCAGCGAACATGCCCGGGCATGTGACCGGAAATGTATAGGCCTGCGGACATGCCCGGGCATGTAGAGAGGTGACCAAGAGTGCAAAGGTGCAAAGATCAATGAATGTATAGAGAGAGGGAGAGGGGGAGAGAGAGAG	2	0.0062232018	0.004527569	0.004527569	0.002367605	0.0020009212	0.0020009212	1.7314631	2.1806793	2.6315913
seelig_cm	by_cre	GAGAGAGATGTACAGACATGCCGGGGGACGTAGACATGTGACCAAAGATCAATGAATCAATGAGGGGGGAGAGAGAGAGAGAGGGGAATGTATAGACCTGCGGACATGCCCGGGCATGTGACCGGAAAGGGGGGAGAGAGAGAGA	2	0.011560202	0.007401049	0.007401049	0.00472948	0.0034264992	0.0034264992	1.5250422	1.9854743	2.4500659
seelig_cm	by_cre	GAGAGAGGCCTGCGGACATGCCCGGGCATGTAGCAGTGAACATGCCCGGGCATGTGACCGGAAAGGGGGGAGAGAGAGTGACCAAAGGTGCAAAGGTGCAAAGGTGCAAAGATCAATGAGTGTATAAGGAGGGAGAGAGGGAGAC	2	0.0048527718	0.004320562	0.004320562	0.0024320162	0.0019997586	0.0019997586	1.5558059	2.3267822	3.098291
seelig_cm	by_cre	GAGAGGCACTTACGCGTAAGTAGCGCTTCTTATACGTGAGACGTCGTGGGAGCGATACTTCCTTATAATAGGATACGCTATTCTAAAAAAGCGCGACGCGCGCTTCTCTCTCGCGGAATAACGGTGTGGGGCGTCGCGCTTTTCT	2	0.01057291	0.005668074	0.005668074	0.002046419	0.0016821937	0.0016821937	0.5787198	2.8728218	5.1718287
seelig_cm	by_cre	GAGATAAGAAAGTGAGACAGCGTATCTGGGGGAAGAGATATCTCGAAGAGCCGCACCCACAGACCCCAAGGGCGGGGGGAGGAGGCGGAAGCGATATCTCGCAAGAAAGGGGCGGGGCGATGCGAGAGAAGAGATATCTCGCAGA	2	0.009232521	0.0048807263	0.0048807263	0.0017927922	0.0011586569	0.0011586569	1.0081431	3.0791037	5.154416
seelig_cm	by_cre	GAGATAAGAAAGTGAGGCAGCGTATCTGCGGGAAGAGATATCTCGAAGAGCCGCACCCACAGGGAAGAGATATCTCCCAAGGAAGGGGCGGGCCAATCCGAGAAGAGATAAGGAAGAAGGAAGCGATATCTCGAGGAACCGCTCT	2	0.011641026	0.0066478252	0.0066478252	0.0021571324	0.0018516593	0.0018516593	1.0693057	3.2333305	5.4023485
seelig_cm	by_cre	GAGATCAGACAGGGGGAGGGCTGACGTGACTAGATCACGTTTCTCAGCAGCCTGACAGGTGTCTGAGTCACAAAGCTCTGAAGGGCAGCAACGGCTTGCAGTCTTTAGAGCCCCAGGATTTATCTTATCTATGGCTAGCAGAGAT	2	0.009198189	0.004996106	0.004996106	0.003082277	0.0023586885	0.0023586885	0.25721228	2.9415348	5.6300592
seelig_cm	by_cre	GAGATGACCGAGCAGGAAATCGACACTCTGTGTTACCAGCTCCAGGTCTACCTGGGCCACGGCCTGGACACCTGCGGCTGGAAGATCCTCTCCCAGGTGCTCTTCACCGAGACCGATGATCCCGAGGAGTATTACGAAAGCCTCA	2	0.009612083	0.0048868954	0.0048868954	0.0017201318	0.0009419045	0.0009419045	0.98788494	3.287979	5.592798
seelig_cm	by_cre	GAGATGAGTTATCGGTCGCGGTTTCTCATAAGGATAAGTAAGTTATTTCTTTTTTTCGCGGAAACGCGGAAGGAGAAGCGTAGGAGGACTGATAAGGATACGCTTTATCTTTCTTATGAGGATGAGGACGCGGTTTCGCGGAAGT	2	0.0048213005	0.00466007	0.00466007	0.0075939638	0.00434995	0.00434995	0.59017366	2.4759486	4.3618846
seelig_cm	by_cre	GAGATGTTTGACCCCAGCTAGGGGCAAACATGCCGGGGGCCAAAGGTCACACAGTACAAAGGTCAAAGTCCGGAGGCATGCCCAGACATGTCACCCGGGGACTTTGACCCCTGCACAATGGATCCAGGCCGGCATGCCCAGACAT	2	0.0102472305	0.0052359104	0.0052359104	0.0020652043	0.0010846131	0.0010846131	2.1589532	3.5604568	4.966972
seelig_cm	by_cre	GAGCCCAGGACATGTCTGAGCATGTTCACAGCGACCACCTTTGGACATTCCCAAAGGTCAACGGCATTACAAAGGCCTGTGTACTGTCAGGTAGGTTGGCATTGCCATCATGCCAGCGTGCGTGCAGACGTGGGTTGCCCGCGTG	2	0.008677483	0.004407048	0.004407048	0.003390209	0.0017351159	0.0017351159	1.7071197	2.1333797	2.5639102
seelig_cm	by_cre	GAGCCGCGAGTAAGGAAACGCCGCGCCGATAAGATGACGCATCGCCTTCCAATTATAGGTTCGCGTTATCCTGCGCGTGACACCCACACTGTTTGTTAGGCGCTTCTTAAGAAGGAATACCCTTTCTTCATGAAGCTACTTCCGC	2	0.012067795	0.0070875585	0.0070875585	0.0029489025	0.0026208563	0.0026208563	0.7135587	2.988967	5.2693553
seelig_cm	by_cre	GAGCTGCAAGCCTCCGTTTCCTGGGAAATCACGTGCTCTGTCATTGAATTTGAAGCGGAGGCGTGGCTGGGAACCCAGCTCCACGTGGCCTACCTCCCCCAGGCCTCTGGGGCTTCTCCCTCACCGCCAGAATCACCACTTTCTC	2	0.012464523	0.007389605	0.007389605	0.0050354074	0.003436267	0.003436267	0.45852476	3.6222372	6.7910247
seelig_cm	by_cre	GAGGCATGCCGGGGCACAAAGGTCACAGTCCTTGACAGTACAAAGGTCAAACTCTGCAGACATGCCGGGGGCCAAAGGTCAAACAGTGCAAACATGCCCGGGCATGTCCGGAGAGGACTTTGACCCCTGCTGAATGGATCCATGC	2	0.005288601	0.004834056	0.004834056	0.003970252	0.0026052487	0.0026052487	1.1008916	2.683619	4.266801
seelig_cm	by_cre	GAGGGAGAGGAAGCGGGAAGGAAAGGGGGAGGAGGAAGCTGGGGAAAGGGGCGGAATGGAGTTTGGATCTCCCACGTGAAATAGCACCCTATGCAACAGACAAACTATGTCTGGAATTTCCTGCCTGCTGAGCAACACCATTGAA	2	0.008625984	0.004905939	0.004905939	0.0021672344	0.0016657036	0.0016657036	1.0180651	2.4994195	3.9844935
seelig_cm	by_cre	GAGGGAGTATGACCTTGGTTCCACCCTCTTGGCAGAGGAAGTGTGTGGTTACAGGAATTGTCTGCGGCAGAGAGACTGGGCTTGGCAGATACCTCCAAATATGTCTGCGGCAGCAGCTGTAAGCATCTGCCTACAGAGATATTTT	2	0.006919861	0.0047467947	0.0047467947	0.0039064605	0.0026645681	0.0026645681	0.6575522	2.7614076	4.8674364
seelig_cm	by_cre	GAGGGGGACATGTCTAGGCATGCTGTCAGTTATGTAACCGAGCTTTGAACTTCTGAGGGGGTGAGCGGGGGACATGCCCGGGCATGTTTGCTGCTGGGGGGTTAGTTATGTAACCTTTGAACAAAGGACTGTGAGGTCAAAGTAC	2	0.006620884	0.0034550428	0.0034550428	0.0077454806	0.0039543374	0.0039543374	0.8514956	1.3134712	1.772281
seelig_cm	by_cre	GAGGGGGGGGGACAAGCCCAGGCATGCCCCCAGCAGTACACAACCACCCCGGGGGGGCAGTGGACAAACAACCCCAGGCATGCCGGGAGAGGACCATGACCAGAGCAGTGGACAAACAACCCAGGAGGGCAGTGGACAAACAACC	2	0.009624004	0.0049346685	0.0049346685	0.0017193422	0.00093161	0.00093161	1.7050242	3.6513195	5.6023045
seelig_cm	by_cre	GAGGTAAGGATGAGGACGCGGTTTCTTGGAAACGCGGAAGGAGACGCGTTATCTTTCTTATGAGGAATCGCTTTATCGTGGAAGCGGGAAGGGAGGGGCGGTTTCTTTTGCGGATAAGCGATTTCTTTCTTATGAGTTATCGGAC	2	0.011425257	0.0068874955	0.0068874955	0.0034556026	0.003166962	0.003166962	0.6788033	2.3246975	3.9751294
seelig_cm	by_cre	GAGGTATGCCTGGGCAAGCTCGGTACTCAGATTACGTAATAGTTACACAGAGTTTGACTATTGTACAAAATTCGGTCGATTGTCTTGTTCTGACGTAAACATGCCCGGACATGTCCAGGCAAGCTCGGTGGCCCGAGAGTCGTCC	2	0.0071772337	0.0036732554	0.0036732554	0.0065502226	0.0033232835	0.0033232835	1.092135	1.4263616	1.7570841
seelig_cm	by_cre	GAGGTGTTTGTCCCCAGCTAGGGTCAAAGGTCAAACAGTACAAAGGTCAAACTCCGCAGGCATGCCCAGACATGTCCGGTGAGGACTTTGACCGCTGAGGTGTTTGTCCCCAGCTAGGGGCAAACATGCCGGGGCATGTCCCCTG	2	0.010717392	0.0058365464	0.0058365464	0.0025750545	0.0016086069	0.0016086069	1.4877836	2.8251336	4.1673646
seelig_cm	by_cre	GAGTAAATCACAGCCCTTAAATCACAGCATTGTCCTCCTATTTTTTGGGATGTATCGAATTCGGCTACTGCGCGGGCGATCTCCTACAATATGGTTTGACCATGGCCACGGTGAATAGTAGATAGCTTAGTCGAAAAGATACGCC	2	0.01044178	0.00548774	0.00548774	0.001823552	0.0011620325	0.0011620325	1.0660391	3.3961864	5.7312875
seelig_cm	by_cre	GAGTAACTTCCGGAAGATATCGCTTCCGGTTCCGCGTCTTATAACTCCCGCCCAATGAGTCACTTCCGCTTTCGCGGAAGATATCATCCGCGGCTGATAAGACCCGCGCCTTCCTGCGAGATATCGTGATATCTTCCGCCTTCTT	2	0.008657932	0.004967734	0.004967734	0.0026888482	0.0021454124	0.0021454124	0.47448516	2.939827	5.4088593
seelig_cm	by_cre	GAGTATCTTATTGGCTGGGTGTGGGGCTTAAGAAGTTTCTTATTGGCTGAGTTGCGCGATATCTCGCGGATGCGATAAGTTACTTACTGGTTGGCTGGGGGTGGGGCTTTAGGAGGATGGGTCTTAAGAAGTTGCTTATTGGCTG	2	0.011692286	0.007174447	0.007174447	0.006150599	0.004654189	0.004654189	0.43059853	2.0673099	3.708539
seelig_cm	by_cre	GAGTCGCGCGGGGGCGCGATATCTTGCGGATGAGATATCTTATTGGCTGGGTGTGGGTCTTAAGAAGTTTCTTATTGGCTGAGTTGCGCGATATCTCGCGGATGCGATATGTTATTTGCGGGTTGGCTGTGGGTGGGGCTTTAGG	2	0.0077245235	0.0047094934	0.0047094934	0.021104455	0.01153739	0.01153739	0.07944213	2.0003614	3.924296
seelig_cm	by_cre	GAGTCTTCAACTGACCTGCGCACTGGGAGGAGTGTGCACTAAGAGGAATAGGCACTGGGGTGGAGCCACAGAACTTTGCCACGTGTTTGCAGCAGGGAGGAGCCTGGCCCCTCCTGGGTGGAAGCCGGAATTCAATCTGTGAGGT	2	0.00996542	0.00519298	0.00519298	0.0023165129	0.0016220097	0.0016220097	0.45319957	2.377658	4.3068886
seelig_cm	by_cre	GAGTGCGTTACATAATCAATGAAAGCTACCCCGGTCATGTCACCTCGTATTGTATAGGTAGACAGCTGGAAGCATGCCCGGACATGTCCAGGCATGTCCACTGTTCCCCGTCGTTTAACCTTTGTTCAAAAACAAACAGCAACTC	2	0.012225628	0.0071470737	0.0071470737	0.0022488474	0.0018641786	0.0018641786	1.3970773	3.4172547	5.44251
seelig_cm	by_cre	GAGTGTCTGCCGGAGACGTCTGTGAGAGATGACCTTTTGACCTAGGAAGGAATGCTGTGAAGGTGGGAATGTACTCTCAGCCCTGGCCCAGGAGAGAACGTTGAAAACAGCCCCAGCTTCTCTGCTCACAGGATCTAGCTTGGTT	2	0.011366367	0.0063349903	0.0063349903	0.002510646	0.002336979	0.002336979	0.5185824	2.8866925	5.2598343
seelig_cm	by_cre	GAGTTACTTCTTATCTCTTCCTGCGATTTCTTATCTCTTCTTTCGCGTGAGTCACTTCCTTCTCTCCTTTCTCCTCCTGCGAGTTATCGGTTCCTCCAGCGACTCTGCGTCTTTCCGATTAGCCCCGCCCCCATGCGGCTCTTTA	2	0.010034084	0.0051490217	0.0051490217	0.0016873856	0.0016240116	0.0016240116	0.15629888	3.2929542	6.4344945
seelig_cm	by_cre	GAGTTGCGCGATATCTTGCGGATGCGATAAGTTTCTTATTGGTGGGTTGGGGGGGTGTGGGTGGGGCTTAAGAAGTTTCTTATTGGGTGTGGGTGGGAGGAGCTTTTGGATGAGATATCTTTTGGATGAGATATCTTATTGGGGG	2	0.013074398	0.0081681255	0.0081681255	1.4738568	0.7385396	0.7385396	0.00058221444	2.029788	4.0639005
seelig_cm	by_cre	GATAAAACTTCCTCAAAACCGCAAGATAACTCATCAGTCAGATAACTCATCAGTCCGCCCCTCCCATACACACTTATAACTCACCACCCATACACACATATATCGCCCCACCCATATCTCTTAAAACCGATAACTCATAAAAACA	2	0.011048317	0.006073296	0.006073296	0.0018778509	0.0018579927	0.0018579927	0.5969453	3.2404923	5.8890142
seelig_cm	by_cre	GATAACCTTATCGGGAATGGCCCCGCGTTTCTTCCAAGTAAGGCCCGCCCGCGGATCTTATTGGCCTTCCCATCCGGATGTGATTTGCGAGATATGGCTGACTGACGGGCCGCGCTTTCCGATAAGTCCGAAGCGATATCATTTC	2	0.013965607	0.009092405	0.009092405	0.032270346	0.017527116	0.017527116	0.12863594	2.5736668	5.023571
seelig_cm	by_cre	GATAACTTATAAGTCTTCCCGCAGCTTCGCGGGACGCGCCCTCCTTAGGAAGTTACGATTTCTCGCAGATACGATGACTCATAAGTGGTTTCGCGGGACGCGCCCCCCTTGCGATTTCTCGCAGATAAGATAACTTATCGCTCTT	2	0.010442734	0.0054802597	0.0054802597	0.0017629593	0.001165973	0.001165973	0.90975434	3.4167128	5.928633
seelig_cm	by_cre	GATAAGGAAGTTATCACGCGGTTTCGCGGTTTCGCGGAAGAAGATGAGGAAGCGCGTTATCGCGGAAGTGAGGAAGTGCGTTATCGGACTGATGAGGAAGCGCTTTATCGGGAAGGGAGACGCGGAAACGGATGAGTTATCTGGG	2	0.015708923	0.010852635	0.010852635	0.011956824	0.0076521067	0.0076521067	0.49850178	2.5971935	4.700742
seelig_cm	by_cre	GATAGCGTTTTCGCGAAACGATGAGTCATCCTACGATATCGTCTTATAAGATATGATTTGTAATTGCGGCTCTGATTAGCCGTTCCGCGTCATTAGGCGGCGCCATATTCTGCTAATAAGAAAACGTATGTCACTTCCGGGAGTC	2	0.004568815	0.0040003657	0.0040003657	0.0061438465	0.003997734	0.003997734	0.5568781	1.5130306	2.4697518
seelig_cm	by_cre	GATAGGGGTGGATCTAACCCGGAACAGGATACAGTCTTCGCAACATAAGGGTGAGTCGCGCGCTGATGAGTCATCCGTCCTTATCTGCGTGTAAACACTCGGACGTACCTTATAGGCTGCGCCGATAAGATATAACTTTGATGTC	2	0.0059275627	0.0045558065	0.0045558065	0.006479664	0.00413076	0.00413076	0.48979926	1.9090062	3.3295848
seelig_cm	by_cre	GATATATTTATATCTCTCGAGCTGCGTCATCTGCTGACTCATGCGTCTTAAAAAACTTTTCTAGGAAGACACTTCCCTTACTATGACTTATAAGATGCGTCTTCTTTTACTTATTGGTAAGGAACTATTGGGAGATGCGTCATCG	2	0.0115401745	0.007216811	0.007216811	0.0040277685	0.003456473	0.003456473	0.7169282	2.3590949	4.0055847
seelig_cm	by_cre	GATATGACTCACCCCCACGATGAGTCACCCCCACCCTGACTCACCGCAGATCCGCGGAAGCGACTCACCGAATAAGCGACTCACCCTATCGGCGAGGAAGCGTATCGCGCGGGAGATAACTCACCGTCAGGATGACTCACCCCCT	2	0.009696007	0.0051661134	0.0051661134	0.005317789	0.0033829277	0.0033829277	0.11932184	3.4077353	6.700679
seelig_cm	by_cre	GATATGCGTTATCTTTAAGACGCGGATGGTTTCGCGGAAGCGCGGATGGAGAGATAAGTTATTACGCGGATAAGGATGAGTTATCGGAAGGAAGCGATATAGGGGAGACGCGTTATCGGAAGGATGAGGATGCGCGTTATCGGGG	2	0.010537624	0.0057141893	0.0057141893	0.012693883	0.00764109	0.00764109	0.06972655	2.0707145	4.0765257
seelig_cm	by_cre	GATATTAATTTTATCACTGCGCGTATCGTTATCTGGAAGTGAATTGACCCGCCTAAATACGCGGGTTGCGCTTCCAGTTAATTTAATGGGTGTGGCCGGCGCTCAAATGGCGTAACTTAGATTTCATTACTCATAAGTAAAACAG	2	0.0090408325	0.004853934	0.004853934	0.0018782974	0.0014464161	0.0014464161	0.65714574	2.7353957	4.817833
seelig_cm	by_cre	GATCACGCTACTTAAATCCGCGGAAGAGATCCTTACTACTCCGATAAGGAAGCACACGCGTCTTTCTTAGAAGAGCCGCCCGCTATAGTAGGAGATGAATGGGTGACACACGGATGGCGCGATACCGCTTTCGCGAAATGAGGAT	2	0.010753632	0.005862817	0.005862817	0.002762925	0.0023620413	0.0023620413	0.35131606	2.9175556	5.4886856
seelig_cm	by_cre	GATCATGGCGCTCCAGGACTGGTAATTATTAACCTTCAGTCGATACCCCTGGCCCCACGGTAATTATTAACCCTGGTAATTATTAACCGAAGCTACCGACTCGAGGTAATTATTAACCCGTCATCAAAACCTATGAGGTTTACGC	2	0.010476828	0.006008148	0.006008148	0.0044977115	0.0026859916	0.0026859916	1.7600889	2.0451136	2.3346071
seelig_cm	by_cre	GATCGGGGGGGGAGGAAGCATATAAGCACATCCAAGAAAAACGACATCCGCGAAAAGCCGCGCCTATAAGGAAGCATATAAGGATAACGCGGCGCCTATCGCCATATCTGACTCACGCGGACGATATAAGGATGAGTCACGCCCG	2	0.014663696	0.009667888	0.009667888	0.012397589	0.007577666	0.007577666	0.37451792	2.8470674	5.3246126
seelig_cm	by_cre	GATCTTCCTTATCGCGCGTCTTATAAGTTATCGCTCCGCGTTTCTTCGCGTCCGTTCGCGATATAAGGAAGTGACGCGTCGCTCCGCCTTATCGCGCTTCTTATAAGTCTTCCGCGAAATGAGTCGTCGCTCCGCGGATCTTATA	2	0.011868954	0.006927684	0.006927684	0.004109588	0.003138799	0.003138799	0.48236766	2.9789727	5.480519
seelig_cm	by_cre	GATGACGCGTATCCTAATTCGGCGGCGCGGCGGATTCAATACTTATAAGACCCGCCCCATGACGCTTCGCCTTCCTTATCGCGAAAACGACGATGCGTGATAACAACATATTGCATCAGGAAGTCGCGCGCCCTATCCTACAACG	2	0.010823727	0.005908042	0.005908042	0.0029719118	0.002370224	0.002370224	0.33341607	3.2270367	6.1255727
seelig_cm	by_cre	GATGACTAATACAGTGACCTTCTGAGCTTGCGTCGAGTCAGGGTGTGGAATGCATGAAATGTATAAGGTGAACGGCTGGCTTTGTGAGTCACATCCCAGGTCAAGGACTCAGCATGGTGGGCAGGTCATCACCATCACAAATCTG	2	0.007978439	0.0043533444	0.0043533444	0.0036176597	0.002061867	0.002061867	1.4386533	1.822216	2.2094038
seelig_cm	by_cre	GATGAGGTGAGGTAATTATTAACCGGTAGGTAATTATTAACCGTGACAACCGGTAATTATTAACCGTGGTAATTATTAACCGTAGCCATCGGTAATTATTAACCGGTAATTATTAACCCCCTACCCATGGTAATTATTAACCTTC	2	0.0052262545	0.0038185716	0.0038185716	0.0035464268	0.0024743509	0.0024743509	1.4710544	1.5964687	1.7204751
seelig_cm	by_cre	GATGCCAGTTTGGAGTGAACTTGCCCGGGCATGTCCCCTTCGGTTCAACCGAGGTTCCATAGCACGCTCGGTTAAAGATCAAACCATTAAACACAGGAGGTAGGAATTTTATAAAATCAGTTGTTCAACCACCGGAAATTAAAAC	2	0.011376858	0.0067460537	0.0067460537	0.0034279802	0.0023254473	0.0023254473	1.7286216	2.5242507	3.3245108
seelig_cm	by_cre	GATGTGATTGTCCAGTTATGTAAGCAGTGATGTAATGATTTATGCAATGAGTTATGTAAGCAATGATCTAAGCGGTCGGTTGTTTGACCGTCGGTTTGTTTGTCCGGTGGTCTGGTTGTGTAATGGTCCGGTCAATGGTCCAGTG	2	0.005186081	0.0038520694	0.0038520694	0.0030136034	0.0022896328	0.0022896328	1.607043	1.6645963	1.7234833
seelig_cm	by_cre	GATTAGTCTTTCTAGGAAGCGTAGAAGCAGGTGGATCTTGCTTATGCGTTATCGCGCGTGACTCACGAGTGATGACTTACGACTCCTAACGCGTAGTAGCCCCTCCAAACGCGTAGTATCTCCAAGAGGCGCCGCCTCTTTTATC	2	0.013554573	0.008746162	0.008746162	0.010205593	0.0065090014	0.0065090014	0.38387355	2.6027007	4.826336
seelig_cm	by_cre	GCAAAGAGGGAATGTACAAACATGCCGGGAGAGCAATGGACAAACATGACGGAAGAGCAGAGAGGCAAAGAACCAATGTACAAACATGCCGGGGCATGTCCAAAGGACAGAGGGGGGAGAGGGACATGTCCGGGCATGCCGGGAG	2	0.008716226	0.004684508	0.004684508	0.0044861315	0.0024227425	0.0024227425	1.8162409	1.879747	1.9472849
seelig_cm	by_cre	GCAAAGAGGGAATGTACAAACATGCCGGGAGGTGGACATGTCCGGGCATGTCCAAAGCACAAAGCCGGGAGAGCAATGGACAAACATGCCGGGAGAACAGCAGAGCAAAGAGGGGACATGCCGGGGCATGTCCACAGGGGGGGAG	2	0.006209135	0.00435853	0.00435853	0.0023821637	0.0018687346	0.0018687346	1.8491961	2.2284803	2.6096153
seelig_cm	by_cre	GCAACCATTACGTTTGCACAGAAGGTACAAAGTCCACAAAGGTTACGTAAACCTACCCTTTAACTAAAGACCACCGGACATGCCCAGGCATGTCCACAATCGACTTTCCGTCGGTCTTTTGACCGTCCGTTGAGCTTGCCCTAAA	2	0.008543968	0.004582703	0.004582703	0.0025482664	0.0014445956	0.0014445956	1.8224906	2.5878282	3.3571272
seelig_cm	by_cre	GCACTGATGTGAAAGTGCTCATTCCAGCAGCTGCAAGCCCTCAGAAGTGGGCCTGTGATTCTGGGCCGTACCCATCCCCTCACCCCAAGACTGCTTGGGGTGTCAGGCAAAAGCAAAAGCAGCACCTCGTGCAAAGGCAAATGAG	2	0.008999348	0.0050292313	0.0050292313	0.0017276644	0.0015873963	0.0015873963	0.61250323	3.4158988	6.223264
seelig_cm	by_cre	GCAGCATCTGCCCCCTTCTGGGCATCAGTCACAGCGCCTCTGCTCCCTCAAGCACCTGATCTTGTACCTACTTCTTCTAAAGATGAAAAGGACTTTCTCCAGGTAGAGGGAGGACAAGTGATGGAGGAAGGATGGATTCGGTTAC	2	0.0118021965	0.006791979	0.006791979	0.0025403202	0.0023827632	0.0023827632	0.7005016	3.0026298	5.3097677
seelig_cm	by_cre	GCAGCCCGATAAGACGACGCGTCTTTTCCCTGATCAGCTTATGACGCATTAGCGGTCCGCGGACGCGGAAGTGGCGGTTACTTTCGCTTCCGCGACTTCCTATTTCTTAAAACGTCGTAGACCGCGTCGCTTCTTAGAAGGGCGG	2	0.0051107407	0.0043400526	0.0043400526	0.0063717137	0.0037670163	0.0037670163	0.7995429	1.9364988	3.0726838
seelig_cm	by_cre	GCAGCCTCATCCTACGGGGCCCCGGAAGCGTAGCGCATATAAGAGTCATCCAGCTCCTCCCTCATAAGATTCGGCCTATTCGGATGACTCATAATTTTATCTTGCAGGACGCATCCTAATCTTATTAGCGCGTATCGCTAGGATA	2	0.01266861	0.0076729506	0.0076729506	0.005935306	0.0041668825	0.0041668825	0.44974032	2.8665297	5.288315
seelig_cm	by_cre	GCAGCTGGAAAGGTCAGGGACAGCGGGTTTGTGTAAAGTAACTCGTGAGGGCAAGGGCCATTCCGTCGCTGGGATTCAGCTGCCCAGCCCCCTCCACCCCGGATGTATTTCCTGTCAGAAGGGGGTTCCGGTGGCCGTGTCCAGC	2	0.0061092377	0.00482063	0.00482063	0.011833466	0.0065291175	0.0065291175	0.2967114	2.6432745	4.9911265
seelig_cm	by_cre	GCAGGAGAGCAATGGACAAACATGACGGGAGGAGAGGGGGGGGGGGGGGGGGGGGGGGGGGAGAGGGACATGTCCGGGCATGCCCGGAGGGGGAGGGCAATGAACCAATGTACAAACATGCCGGGGCATGTCCAAAGCAAAAAAG	2	0.009679794	0.004938811	0.004938811	0.0013289186	0.0008246279	0.0008246279	0.61746246	3.9507623	7.288803
seelig_cm	by_cre	GCAGGAGAGCAGTGGACAAACAACCCGGAGAGGGGACAAGCCCAGGCATGCCGGGAGGGGACGGTGACAGGGGGGACAAGCCCAGGCATGCCCCCAGAAGTACACAACCAACCCCAGGCATGCCAGGGGGAGAGAGAGAGAGAGA	2	0.008265018	0.0041953325	0.0041953325	0.0027086688	0.0013919962	0.0013919962	1.6680294	2.3597069	3.0554538
seelig_cm	by_cre	GCAGGGAGCAAACATGCCGGGGCATGCCGGGAGCAATGGACAAACATGACAAAAGGGCAATGTACAAACATGCCGGGGCATGTCCAAAGCACAAAGGGAGGAGGGGGACATGTCCGGGCATGCCCGGAGGGGAGAGAGGGGGAGG	2	0.0134625435	0.0092487335	0.0092487335	0.006395351	0.004614714	0.004614714	1.7740482	1.9408085	2.1117828
seelig_cm	by_cre	GCAGTGGACAAACAACCCGGAGAGGGGACAAGCCCAGGCATGCCAGGGGGAGAGAGAGAGAGAGGGGAGAGAGAGGTGAACAAAGGCCTCCGGGCATGCCCCCAGCAGGAGAGCAGGAGAGCAGGGGGGCAGTGGACAAACAACC	2	0.009749413	0.0049641132	0.0049641132	0.0021049837	0.001110099	0.001110099	1.5519196	3.091797	4.6364603
seelig_cm	by_cre	GCATATCCTCCACGGCGCTAATCGGCGTATCGCTTCCGCGGGCGATATACGACGATCCGCCCATTCTTAGAATCCAATAAGGAAATAACGTTACTTCCTCTGCGTCAGATCTTGATATCGTAACACCCGCCAATTGTAACTTATC	2	0.011835575	0.006880507	0.006880507	0.008050728	0.005166626	0.005166626	0.23820058	2.712232	5.191219
seelig_cm	by_cre	GCATGCCCGGACTTCCGGTCAGGTTTGCCTCAGCTAGCCATTATACAAACAGGGACATGTGGACATGCCCAGGCATGTCTGGACTTCAGCTGACTTTGGTTCAAACTGGGTCATGTCTAGGCATGTCAGGTGACCTTTGTACAAA	2	0.012078285	0.0075955987	0.0075955987	0.004940525	0.0033215065	0.0033215065	1.8268924	2.136593	2.4507763
seelig_cm	by_cre	GCATGCCCGGACTTCCGGTCAGGTTTGCCTCTTTGCCTCAGCTGACCTTTGTACAAACAGGGACATGTCCAGGCATGTCTGGACTTCCGGTGGGGATTGTCTAAGCTCGCCATTATACAAACAGGGGCATGTCTAGGCATGCCTG	2	0.005931616	0.0042628646	0.0042628646	0.0025229687	0.0019983444	0.0019983444	1.7589513	2.0556474	2.354012
seelig_cm	by_cre	GCATGCCCGGACTTCCGGTGGGGATTGTCTAAACAAGCCATGAGATAAACTGACCTTTGTACAAAGGTTCAAACTCCCCTTTGTACAAACAGGGGCATGTGGACATGCCCCGGCATGTCCGGACTTCCGGTCAGCATGACTTGAC	2	0.0066473484	0.0045163035	0.0045163035	0.0020480107	0.0016920292	0.0016920292	1.7841169	2.5155342	3.2490823
seelig_cm	by_cre	GCATGTTTCAAAGTTCAAACTTCCGCTCTCATGTCAAACATTACATCAAACCAAACTTCCCCCAGCATGTTTGAACTTTCACCTCACCTCCCTCCTGTCAACCATTATGTAAAAACAAACTCCCCTTTGAACTTTCGCTCCACTG	2	0.009812355	0.00497967	0.00497967	0.0017645148	0.00095237873	0.00095237873	1.0480028	3.3045065	5.5658426
seelig_cm	by_cre	GCATGTTTGCCACCCAGCATGTCACCAAGTTTGAACTTTCAACCTCCTGTCAAACCTCATGACCAACTCCCCTTATGTAATTGTGTAAACATGCCCGAACTTCCGCCCTCCTGTTAGTTCCAAAGTTCAAACTTCCGCTCTCTCC	2	0.0058898926	0.00499589	0.00499589	0.023079354	0.012058616	0.012058616	0.17567877	2.9263346	5.6778846
seelig_cm	by_cre	GCCAACAAGACTACCGGAAGTTGTACAAAGGTTACACCGTATGTCTACTCTCGAATATTACGTAATGTCCAGCGGCCTTTGACTGCTTGGTGTCACTACAACGGGACTTGTCCGGGCATGCCCGCTTTGTACGCCGGCATGGATT	2	0.007276535	0.0041794777	0.0041794777	0.0036145514	0.0021343206	0.0021343206	1.6543087	1.8339863	2.0167608
seelig_cm	by_cre	GCCAGCATGCCCGGACATCCATTTTACATAATGTTTGTTCTACCGAAAGTTCAAACAACTCTCTGTTCCACTCCACCCCTGCAAACATGCCCGGACATTTCCCCTTCTGTACAAACACATTACATAATGTTTGTCCCCTGCCTTT	2	0.008207798	0.004535675	0.004535675	0.0013445711	0.0009944842	0.0009944842	1.339661	3.7222457	6.108503
seelig_cm	by_cre	GCCAGGTCGAAACCTTAAGTTTGCCCCCAGTAGACATGTCCGGACATGTTACGTAAGCTCGCCGGCATGACACGTCCACTGAAGCCTGAGTCCTCCGCCGCAAGTCAAACTCCCAAGGTCTTTTGGCCATGATGGAATAGTCCAA	2	0.0076379776	0.004838705	0.004838705	0.001921076	0.0018136972	0.0018136972	1.1942043	2.5855546	3.9797041
seelig_cm	by_cre	GCCATAAGCAACGCGCGGCAGCGATATCGCGAAAACCCGCATATACGAAGAGCTCCCGCCTCTTACGAGGAAGCTCCACACTGTTAAATCATTAAGATATCTCGGAAGCTGCTGATGAGTCATCTCTTTTTTACACCAATCGGCT	2	0.0074191093	0.0049252063	0.0049252063	0.007958312	0.004570462	0.004570462	0.30428928	3.2895007	6.277206
seelig_cm	by_cre	GCCATTTCTCACGCCCAGTCAGAGTCCAGGAATTCTTAGGTTCCCTCTTCTCACCATTGTCCTCCCACGTGACTGACGTCACTTCTGGCGGGAGAGAGGGTGGAGGCGTCTTCGCTCGCTTATCGCATACTTCCGCCCGCTCTTC	2	0.010298729	0.0053507686	0.0053507686	0.0017348891	0.0011662765	0.0011662765	0.67376965	3.3051088	5.9413958
seelig_cm	by_cre	GCCCAATCGGTTCCTTCCTTCTTCTTGCGCGTGAGTAAGCGGTTCCTCCCGCTCCTCTGCGCCTTTCCGATTAGCCGCGCGCGCTACTTCCTTATTAGCCCCGCCCCCTTCCTTCCTATTGGCCGCGCGCGCAAGTGATCTCTTA	2	0.0074539185	0.005067989	0.005067989	0.006121243	0.0035942313	0.0035942313	0.43681508	3.7112906	6.988152
seelig_cm	by_cre	GCCCATGCGGTTCCTCCAGTGACTCTGCGTTTTTCTGATTAGCCCCGCCCCCATGCGGCTCCTTATCTCCTCTTTCGCGTGAGTCACTTCCTTATCAGCCCCGCCCGCGCCTTTCCGATTAGCCCCGCCCCCTTCTTTCTTCCTT	2	0.010456562	0.005599372	0.005599372	0.005452529	0.0034863967	0.0034863967	0.13574596	3.5071192	6.88335
seelig_cm	by_cre	GCCCCACACAGGGAAGTAGCTTCTGGGAAGCGCATCCGTGAATCACGCTTTGCGACGCTCTTTCATCAGCCTCAAGAGTCATCGCTTCGCGATAAGCAAGTGAAGGCTGATGCGACACGCGGGTAGCGTCTTCTAAGAGAGAGGG	2	0.007112503	0.0045250505	0.0045250505	0.0053012925	0.0035730125	0.0035730125	0.36452657	2.110535	3.8591306
seelig_cm	by_cre	GCCCCCTAGGAGATGACGCATCCGGTTCCAATAGGTCGTCACGTTGTGCTTATTAGAAAAGCGCGCCCCCCAAACAAATTCTGATGAGTCATCGCCACAACTTCCTGGTGGGGCGGCTATCGCGGAAGCGGCGTGCGGATTGGCC	2	0.006444454	0.004600495	0.004600495	0.0037714543	0.0026698066	0.0026698066	0.72951645	2.4202313	4.11279
seelig_cm	by_cre	GCCCCTATCGATTTATTTATAGGATGTGGTTTCTCGAAATGATGACTTATCAGGCCACACCTAAACCTTATAGGGCGAGTCTTGCGGGTCCGAGGCAGCGCCGCTTATCTGACTCACCCTTATTTCTAATAACTCGTAACTCTGG	2	0.0064024925	0.0049338564	0.0049338564	0.0147250835	0.0079572555	0.0079572555	0.2335951	2.8090806	5.3860345
seelig_cm	by_cre	GCCCGCCGATAGCGCCGCCTTCCTCGACGCGGGGGCTGAGTCATCCGTCGGCGCGGGCTCTCAGTTATCGCTTCCTAGATATAGGGGGGCGGCGCTTCCGGCCTATAGGCGCGCCTTCCTCGCCCCGCGCCTTCCTCGACCCGCG	2	0.010674953	0.0057132617	0.0057132617	0.004127117	0.002998023	0.002998023	0.18172953	2.946953	5.717139
seelig_cm	by_cre	GCCCGCGGGGCGGCGCGTCTTCGGATGCGCTGTCTTATCGGTCCCGCGCGTCGCCGATGGGGCGGGGGCGCCTCCGATTGGGCGGGTGGCGGGTGGCGTCGCCGGCGGATCGCGTCATCGATGTATGTCTTCTCCGAGTTATCGT	2	0.009866238	0.0050647557	0.0050647557	0.0016657279	0.0010106516	0.0010106516	0.7402849	3.3317473	5.9280114
seelig_cm	by_cre	GCCCTTCCGCGTTTTCGCGTATCTTCCTTCCTATACGCTTTCTCATCCGCCCTCCCCCCCCCCCCTCCCCCCCCCCCCGCTTTCCCGCGCCTATCCGCGTTTTCGCGTATCTCCCTCCCTATGCGTCTTCCCGCGTATACGCTTT	2	0.010746479	0.0093797445	0.0093797445	0.0025932114	0.0020666006	0.0020666006	3.0859883	5.0341377	6.9836535
seelig_cm	by_cre	GCCGAATGCAGGAGGAAGGGCATCCCCCAGGCTGTATACTGCAAGAATGGCTTCATAGACACCAGCGTGCGGCTTCTGGACAAGATTGAAAGGAACACTCTCACAAGGCAGAGTTCACTTCCCAAGGACAGAGGCAAACGGAGCA	2	0.013963699	0.008790776	0.008790776	0.0075714267	0.0049053044	0.0049053044	0.4760208	3.3569503	6.2430525
seelig_cm	by_cre	GCCGATTGGGGGGGGCCGTTATCGCTTCGCCGATGTAGCTCTTCCGCGGGGGGGGCGGCTTCCGAGTTATCTTCCGATTGGGCGCGTCGCGGATGTCGCCGCCCGCCGATTGCGTCATCTTCCGATTGGGGGATGCGGCTTCCTT	2	0.012760639	0.008213863	0.008213863	0.0097827315	0.006707253	0.006707253	0.37301946	1.9442317	3.5199907
seelig_cm	by_cre	GCCGCCTATGACTCAGCACAGGGATGACTCAGCAGGCTCTCTTTTATGACTCAGCACACTCCGAAATGACTCAGCAATGATGACTCAGCATCGCGTGTCTGGGAAATCGGTCATCATGATGACTCAGCAAGATGACTCAGCAGAA	2	0.0058636665	0.003578052	0.003578052	0.0034609055	0.0033864756	0.0033864756	0.37279287	1.0719227	1.7733381
seelig_cm	by_cre	GCCGCGAGGCGCGTTCTCACGAATGGCTCAGTGGCGGGTAACAGCCAGGTTCAAAGGTCAGTACGAATAGGTTCAAAGGTCATCTCTGCGAACTATGCTCAACGACCGGTCGTCGTAACTCAGGAGTAGTAAGGTTCAAAGGTCA	2	0.008800507	0.0050185323	0.0050185323	0.0017007586	0.0014372605	0.0014372605	1.052881	3.1139793	5.1788597
seelig_cm	by_cre	GCCGGAACTGCCTTCGCCTACTTCCTCGAATCGCGACCCGCTCCTCCGACTGCGACTAAGAGATACGACCTACTTCCGATGACTCATTGTCGGAAGCGTCCTCACTGTTCTTCTTATCTCTCAATTGGGGCTGAGGGGCGGGGCG	2	0.0066845417	0.004028082	0.004028082	0.0023813876	0.0017676968	0.0017676968	1.1878887	1.9977846	2.8103368
seelig_cm	by_cre	GCCGGCATGTTTGCACACAGGTCGCTCCCCTGCTCTACTTCCTGTCATGTTTGTACCTTCCCCTTCTGCTCCTCCGCTGCTCTGCTGCCTCCTCCGCTCCTCCTCTCCTCTGCTCTGTACATACATCCCCCGGCATGTTTGTACA	2	0.0076847076	0.0051748976	0.0051748976	0.023443893	0.012309193	0.012309193	0.11234686	3.3283405	6.546844
seelig_cm	by_cre	GCCGGGAGGTTTGTACTGCACAAAAGCGCGTCGGTAGACCAAAAGGGTAGTGGTCCTGAAGTTCAATGCCAACTTACCTGGACATGTCCAGACACAAACGTTCTACGGTCCATTCCGGCGGCCTCATGCCAGGGTGCCAGGTTCC	2	0.0074768066	0.0047961473	0.0047961473	0.0022179799	0.0017702116	0.0017702116	0.9527327	3.3037868	5.6575212
seelig_cm	by_cre	GCCTATATACCTCCTTATATTCGACGGATAAGACGATAACTTACGCCTATAGGAGTGATCTGCCAGATAAGGGAAGTTATCACGCGAAGACGGTGTCTCGTTACAGGAAACCGCTTCCTTGTAGCGGGTCTCTGATAAGTAAGCT	2	0.011632919	0.006599143	0.006599143	0.0040133726	0.0030626673	0.0030626673	0.38925508	2.949074	5.5139265
seelig_cm	by_cre	GCCTATATGACTTCGCGTTCTGACTACCGACGGCAGATAAGGCTGCGTTATCCGCGGTACGCATGACTTCGCGGAACCGCTCGCGCAGCAGATTCACCCATAACGAGTTATCGCTTCTTAGATATGGGGTGGGCACTTCCGGGAC	2	0.011469841	0.0065331757	0.0065331757	0.0023188596	0.002310406	0.002310406	0.69274795	2.8199375	4.9520636
seelig_cm	by_cre	GCCTCCCCACGCCCTTATCAGCACCATACAGGGAAGGGAGAGGTGACAGCCTCACCCACCCCTCCCTGCTTCTAGGGGACTTGGACATGTCCGGGCAGGTCTGAGGCACTCCTGGTAAAAACTGGTGATTGCCTGGAGGCAGGGA	2	0.009626865	0.0050290525	0.0050290525	0.0016253927	0.0010608864	0.0010608864	0.8685532	3.395781	5.927607
seelig_cm	by_cre	GCCTTTGTCAAGCTGTTCTTTGTCCCTATCCGTGGCTTTTCCTTGACCTCTGCCCTGGCATGCACCCAACAGAGCCCCTTCTCTTTGATCACTTCTTCCGTGGTAACAGTGAACAGAATTCTGCTGGGAGCCACAGAATGTTTAC	2	0.010620594	0.0054473877	0.0054473877	0.0017608445	0.001019696	0.001019696	0.9841882	3.5079298	6.0368447
seelig_cm	by_cre	GCGAAACCGCCGCCGGTGATTGACCGTACATGTCTACAGTGCACGTTGACCTAATGGCGTGGATTTTGTACAAAGGTCGACGACCAAAGTCCAACGCTGAGACATGTCCAGACATGCCCAACAAACATAGCGTCGCCGGAAGTAC	2	0.00823307	0.004397273	0.004397273	0.003338845	0.0018368734	0.0018368734	1.6762584	2.0711915	2.4699605
seelig_cm	by_cre	GCGACACGCCGATACGCCGATAACACACCCACACCGCCACACCCGCAGCACAGCGCTGACTCAAGAAGCAGATAACGAGGAAGCGCCGCGCCCACACGCGCCGATGACTCAAGAGAACGGCGCAGCGCTGACTCAAGAGAGCCCA	2	0.010239124	0.005221218	0.005221218	0.0016276996	0.0010173146	0.0010173146	0.4995215	3.395086	6.2956686
seelig_cm	by_cre	GCGAGCAAGACAGGCTGCGATTCGCCGAGCGCGGCGCAAGTCAACTGCGCTTCGCGCCGCAGTCAGCAACCAATCACAAGCCTCCGAAGAAACGCCGCGCCATATGCAAATATTCCTCCGCGCGGCGCGCGCCCTGCGTTCCTCC	2	0.010828972	0.005885914	0.005885914	0.0041072173	0.0029619704	0.0029619704	0.22908936	3.0951385	5.9661303
seelig_cm	by_cre	GCGAGCCCTCCCGTTTACTTTTGGGCGTGTCTCTTATATCAAGAAGCGCGCTATCGATGACTCATTTATCAGAAAGAGACTTTTTCTTCCAATAACGATAAAGCTAATTAAAAATATCCAATCCGCTCTGCGTAAAGCGCTTCCT	2	0.0053710938	0.00501363	0.00501363	0.009552605	0.0053462884	0.0053462884	0.4850956	2.5995138	4.714289
seelig_cm	by_cre	GCGATAACTCGGAAGCCGCGCCCACCCGCGACTCAGAAACGCGGTGGGCGGATCGGGGGAGCGATAACGCAGTAACTGAGTCGCGGGCGCGATGAGTCGGAGGCGGCGCAGGAAGGAAGCCGCCGCCCCACCCACATAAGCAGCC	2	0.0114398	0.006353885	0.006353885	0.006990244	0.0043849587	0.0043849587	0.18075733	3.3047125	6.4337535
seelig_cm	by_cre	GCGATATATCGCGCGGACGATATATCTGAATCAGGAAATATCTGCGTATGGGGGAGGAGATAAATAAGGAAGGAAGCGCGGATCCGCGGAAGGAAGGAAGCGTAAGCGCCTCACGATGACTCACCCCCGGGGGGCGGAAGCATAT	2	0.013199806	0.008421272	0.008421272	0.004310543	0.0036584707	0.0036584707	0.843255	2.6178238	4.3971715
seelig_cm	by_cre	GCGCCCCCCCTTTTTTATCTATGCGCGCCCTTTTTTATCGGTGCCCGCCCCCCCTTTTCCCCTTTTTTTTCTTTTTATTTATTTTTCTTTTTCCGCCTCTTTTTATTGATTCGCCCCCGCCCCTTTTTATTTTTCTTTTTATTTG	2	0.0074210167	0.004890293	0.004890293	0.0027116898	0.0021167952	0.0021167952	0.8689673	2.873149	4.8798614
seelig_cm	by_cre	GCGCCGCGTATTGCGGGACGCCGCGCCCTATGATGAGATAACGCGTGGCTACTACTACGTAACGCTGACTCACCAATCAGAAAAAGGAAGCCATACGTCGTTTCCGTTTCACTGCGATATCGCCTAATAAGATGACGCGGAACCG	2	0.0060019493	0.0044584274	0.0044584274	0.003599511	0.0026665947	0.0026665947	0.80834854	2.1358898	3.4649746
seelig_cm	by_cre	GCGCCTGCCAGGTGAACCTACCAGACATGCCTTGACATGTCCGTTACAAAGGCCAACCATGCCGGGGCGACTGAAGGTGACCGAAATTTCAGCGAGCTGGACTTTGAGCCCTCGGGGCTTTGTACAAAGACGGAATGAAGACTAC	2	0.0069367886	0.004628539	0.004628539	0.0017329946	0.0015407781	0.0015407781	1.7194061	2.861671	4.006244
seelig_cm	by_cre	GCGCGCGCCTAAAGCGATTTAGTATGACGCGTCGCGCCGCGTAAAAGCTTATCTCGGAGGGTTTTTTATCTTATAGGTAAAAAAAGTGACGTATCGAGAAATGACTTCCCTCACTGAGGCCCCGCCCAACACTCGCGCACCCGTA	2	0.012855053	0.007887393	0.007887393	0.003887565	0.003141554	0.003141554	0.74958444	3.058641	5.372665
seelig_cm	by_cre	GCGCGGCTTCGCGGGTCGGCGCGCGCGGATGCGGTTCTTCTTCGCGATTTGCGGCGCTTCGCGTCTCGTCATCGTCGGCGAGTCGTCGCGCGATATCTCGTCATCGCGATGCGTTTTCCGCGTCTTCGCGAGATATCGCGATACG	2	0.0105752945	0.0055823326	0.0055823326	0.0019914233	0.0014054878	0.0014054878	0.7188427	3.0147786	5.3157077
seelig_cm	by_cre	GCGCGGGTCTTCCGCCGTCTTCCGCGTCGGCGATCCGCGGATGTATCTCTTCCTTCGCGGATCTGGCGGCGCGTCTTCCTTCTTATTTCGTTATCTCTCCTCCTTCCGATTGGGCGGGCCGCGCAGTCGCGGATTCGCGGATGGG	2	0.010391712	0.005373478	0.005373478	0.0025046696	0.0013232704	0.0013232704	2.5038118	3.3264627	4.1541314
seelig_cm	by_cre	GCGCTATCTTATCGCGCGTCTTATAAGTTAGTAAGGAAGTGCCTCTTCCTAGAAATAAGTTAGCGCCGCTTCCGCGAAAGGCTCCGCGGTTTCGCGGATCCGCGAATCCGATAAGTCTTTCGCGGAAGACGCTTTCTTATAAGCC	2	0.0070536137	0.004499674	0.004499674	0.0019208625	0.0017693322	0.0017693322	1.2017293	2.437405	3.6756346
seelig_cm	by_cre	GCGCTTCGCGATAAGTCGCGGAAGTCGCTTCCTTATAAGGCGTCTCTCCGCGAAATAAGTTATCCTACTTATAAGTCATCCGCGTTATAAGTCATCGCCGCTTCTTCCTTCCTTATCCTTCGCGGAAGGCGCTTCGTTTCTTATA	2	0.008524418	0.00492651	0.00492651	0.025503721	0.013493253	0.013493253	0.051430155	2.9005103	5.753188
seelig_cm	by_cre	GCGCTTCTTGGATGCGATATCGGCTTCTATGAGTCATCACTCTTCGGGGTAGCGCCGCCGATTGGAGAACCCGGATGTAACTCGCGGGAAGCGCCTCTCTCGGCCGATGAAACTTTATCATACGACGACAACCTATTAAACGTTA	2	0.010590553	0.005621612	0.005621612	0.0017212811	0.001404152	0.001404152	0.6000941	3.376568	6.158011
seelig_cm	by_cre	GCGGAGAGCAGGGGTGAACAAAGGCCGCAGAGCATGCCCCGGCATGTCCACAGGGGACCGAAAATGCAGACCAGGAGACATGCCTGGGCATGCCCCCAGGAGTCCGGAGGTGACCGAAGGTCGCAGTGAACAAAGGCCGCAGTCC	2	0.011340618	0.0066128373	0.0066128373	0.0034412423	0.00224594	0.00224594	1.7932599	2.5448518	3.3011715
seelig_cm	by_cre	GCGGATACAGCCGGAACCTGGCTATAGTGCCACGGAACTACAGCTCACTCACCATCTTGGGCGGCGGGAGGAGAGAGAAAGGAAAGGGAATTGTGGGTAATATGTATGCGGCCTCGGAGATCGCGAGAGTTGATACCGGCACGGG	2	0.0048502684	0.0047522187	0.0047522187	0.008731829	0.0050074663	0.0050074663	0.5530448	2.091373	3.629603
seelig_cm	by_cre	GCGGATGGGGCGTCCCCTCTTCCTCTTCCGCTTTCTTCGGATGCGGCGCGTTATCGCTTTATCGCTCCCGCTTCTTATCGCTTCCGTCGCGGATGTCTCTTCCCGCGTATCCGTCTTCCTTCCGCGTCTCCGATCGGCCCCGCCG	2	0.013074875	0.007122308	0.007122308	0.0018189878	0.0015770902	0.0015770902	0.8754993	4.0320396	7.1945324
seelig_cm	by_cre	GCGGCACTTCCTCCAATTGGCTTATAGGATGAGTCATCAGCATATAAGGATATCGGAAGGGCGAGAAAGCGGAAGTGACTTCCTCCAATAGGATGAGTCATCAGCATATAAGGAAGTTAACTTATAGGGCGAGATAGCGTGACTT	2	0.010266066	0.006157875	0.006157875	0.0035498904	0.0030281954	0.0030281954	0.81672275	1.8548433	2.8970718
seelig_cm	by_cre	GCGGGCAAGCATTACATAATGGTGAACATCGGGTGGATTGGGTTTGTGCAACCGGGCGATGTACTCAAGCTCGCAGGCACTACCGGTTCGCTTTGTACAGACGCAATTCCGGTCGCGTTTGCGCATGCCCGCACAAGACCCCGTT	2	0.015593529	0.010656171	0.010656171	0.022954972	0.013197102	0.013197102	0.24627234	2.3915744	4.541814
seelig_cm	by_cre	GCGGGCATGCCGGGGCACGTGACCTCTGTCCGGTAATGTTTGACCCCTGCTCTGTTTGTTCCCAGTGAACTTTGAACAAAGCAAACATTACATAAACCACTGCTGCCGGCATGCCGGGGCACGTCACCTGCCCCCTGTAATGTTT	2	0.009542942	0.0048621297	0.0048621297	0.0021605727	0.0011447784	0.0011447784	1.4056423	2.9112957	4.4216294
seelig_cm	by_cre	GCGGGCCTATAGGCGCGGCTTCCTCGAGCCGGCGGGTGAGTCATCCGCCCGCCCCGGCCCTCAGTTATCGCTTCCTAGATATAGGGGGGCGGCGCTTCCGAGGGCGGGGCCGGGGCTGAGTCACCCAGATATCGCTTTCTTCCCC	2	0.010371208	0.0053571165	0.0053571165	0.0015426422	0.00095274695	0.00095274695	0.9451865	3.834187	6.7282014
seelig_cm	by_cre	GCGGGGAGGGGCGCAGTGAGCTGAGACGGCCTGGGGGGAAGCCCAGGTGACACCCTACCCGCCTTGTCTTCCAGAGGCCCGAGTGTCCCCAAGACCCAGTCCTCGGCTTAGAACTGTCCCCAGCCCTTGGTCCCCTGGGCAACAG	2	0.0126981735	0.0077829957	0.0077829957	0.0022374936	0.0019991773	0.0019991773	1.6272115	3.6519115	5.6815267
seelig_cm	by_cre	GCGTAGGATTTCCTGATTGGGCGGATCCGCCAACCGCAGATGACTCATTACCACATCTTTACTTCCGAGGAAGGAGCCGCGCCTCTTGGAAGAAGACGCCCACCGTGGCCGTTTTCGCGATATAACTTATTTCTTAGATTGGGTT	2	0.014551163	0.009843528	0.009843528	0.0069882288	0.005286115	0.005286115	0.73236704	2.3974838	4.067308
seelig_cm	by_cre	GCGTATCTCCCCCCTTTCTCACTCATGCGTCTTCCTGCTTATATCTTCCCTCTCCCCTCTCCCCATACGTTTTCTTACTTATATCTTCCTTCTCTTCTTTCTTCTCTTCCGTTTCTATCCGCGTTTTCGCGTATCTCCCCGCCTA	2	0.00822258	0.0048704147	0.0048704147	0.0024909803	0.0018972085	0.0018972085	0.6087397	3.4589417	6.3124957
seelig_cm	by_cre	GCGTATCTTTTTATTGGCTTATCCGCGTTTCTTTTTATTGGTTTTCGCGCGCTTCTTTTTTCGCGCGCCTCTTTTTTTTTTTTCTCGCGCGCTTCTTTTCTCGCATGCTCTTTTTCTCGCCTCTTTTTTTTTTCGCGCCCCTCTT	2	0.013214588	0.00834626	0.00834626	0.005873289	0.004228305	0.004228305	0.59042174	2.8537543	5.121955
seelig_cm	by_cre	GCGTCAACAGTGGAAAGGTGGCCCTGTGTGTAGCAAGACGGGACATGTCCGGTCAAGTCAAGTTTGCATACAGAATTTCCGGGGGGCAGTGGAAAAAGTTTGAACAAAGCGTCATGCATGCCCCCGGCATGTCTCCGTTCGAGAA	2	0.008177757	0.0048279166	0.0048279166	0.001805465	0.0013444943	0.0013444943	1.672194	3.1011896	4.5335355
seelig_cm	by_cre	GCGTTTCCGCGTATCTCCCCCCCCTTCTTCTTATACGCTTTCTCATCCGCCCTCTCCTTTTTCCCTTCCTTCTTCTCCGTTTCCATCCGCGTATATCTTCCCTCCCCCCCCCCCCCCCTTTCTCACTCATGCGTCTTCCCGCGTA	2	0.009917736	0.0052876472	0.0052876472	0.0014130626	0.0009552451	0.0009552451	1.321589	4.1702642	7.0235696
seelig_cm	by_cre	GCGTTTTCGCGTATCTTCCTTCCTATACGCTTTCTCATCCGCCCTCTCCTTTTTCCGCGTATCTCCTTTCTTATGCGTCTTCCCGCGTATACGCTTTCTCATTTACACTTTCCTTTTTCCGCGTATCTCCCCCCCCATGCGTTTT	2	0.013775349	0.00871071	0.00871071	0.33059707	0.16636264	0.16636264	0.009205713	3.2418575	6.479574
seelig_cm	by_cre	GCGTTTTCGCGTATCTTCCTTCCTATACGCTTTCTCATCTGCCCTCTCCTTTTTCCGCGTATCTCCCCCCCCTTCTGCTTATATCTTCCCTCTCTCCCGTTTCCCCCCGCGTTCTCACTCATGCGTCTCTCCCCGCTCCTTCTTA	2	0.0106163025	0.005701512	0.005701512	0.001513929	0.0014367797	0.0014367797	0.5782356	3.7955234	7.017726
seelig_cm	by_cre	GCTCAACGACCGGAACGACCGACGGTATGTCCGGTGGTATGTTTGGCACCAGGGAGCTTGCCCAGGTATGTACTCAACCAAGCTTGCCTAAACATGGATTTTGTCTACCTTAGGGCTTGGCCGCAGGCCAGTTTCCGTTGGTATA	2	0.008975506	0.0048742294	0.0048742294	0.0013168327	0.0010038896	0.0010038896	1.118301	3.9673338	6.8204675
seelig_cm	by_cre	GCTCACCAGGACATGTTTGCCTGTTTGGCCCTTTGGACCTTTGGACTTTGGTTCAAAGGGGGACATGTGGCCCTGTGGACATGCCCAGGCATGTCCGGACTTCCGCTGGGGATTGTCTAAACAAGCCATTATACAAACAGGGGCA	2	0.010873318	0.006205082	0.006205082	0.0029075465	0.0019118213	0.0019118213	1.6768352	2.708646	3.745125
seelig_cm	by_cre	GCTCACCATGAACTTCAGCACTGACTAAACAAAGCCACAGAGAAGATTAGAGAGCATTCATTCCAGAGATAATCCCACCGCCAGGGCTGGACTACGTGGACATGTGTCCTGGGTAGTTCTTCAAAAGGGCCCCATGCTGAGTTGA	2	0.011164665	0.005955845	0.005955845	0.0020318718	0.0015552915	0.0015552915	0.6921427	3.0936425	5.500351
seelig_cm	by_cre	GCTCAGCATTACCTCAGCTGACCTTTGTACAAAGGTTCAAACTCCGCCATGTGGACATGCCCAGGCATGTCAGCAGGGGATTGTCTAAACAAGCCCGGAATTCCGGTGGGGATTGCCTCAGCTGACCTTTGGACTTTGGTTCAAA	2	0.00948	0.005012214	0.005012214	0.0037052648	0.002007595	0.002007595	1.756372	2.1575828	2.5632615
seelig_cm	by_cre	GCTCAGGTTTGGACTTTGGTTCAAACTCCCCCGGACTTCCGGTCAGCATTGTACAAAGGTTCAAACTCCCTTTGGTTCAAACTGGGTCATGTGGACATGCCCAGGCATGTCAGGAGGGGATTGTCTAAACAAGCCGGGACATGAC	2	0.0066752434	0.004754901	0.004754901	0.0018397563	0.001781373	0.001781373	1.5393077	2.7074728	3.8775585
seelig_cm	by_cre	GCTCCAGGCCGGCATGCCCAGACATGTCCGGAGAGGACTTTGACCCCAGCTAGGGGCAAACATGCCGGGGGCCAAAGGTCCAAAGGTCACAGACCTGAGGTGTTTGTCCCCAGCTAGGTTCAAAGGTCAAACTCTGCAGACATGA	2	0.009025574	0.0049179196	0.0049179196	0.0016724437	0.0010488221	0.0010488221	1.9052036	3.6511238	5.401151
seelig_cm	by_cre	GCTCCAGGCCGGCATGCCCAGACATGTCCGGTGGGGACTTTGACCCCAGCTAAGGGCAAAACTGCAGACATGCCGGGGCATGTCCCCAGCAGAATGGATCCATGCCGGGGGCCAAAGGTCACACTACATAACAGAGGAGGAGTTT	2	0.0061945915	0.0042723417	0.0042723417	0.0024846233	0.0018879566	0.0018879566	1.818782	2.156564	2.4962685
seelig_cm	by_cre	GCTCCCCACCACCACTGCAAACATGCCCGGACATTTCCCTGTTTGACATTCCCTATTACATAATGTTTGTCCAAACCAAAGTTCAAACAACTCCCTGCCAGCATGCCCGGACATTCACTCTACCGACTGTCTGTCAGCTGACTCA	2	0.0049755573	0.0048121214	0.0048121214	0.0055980897	0.0033044904	0.0033044904	0.8863078	2.7436984	4.6009254
seelig_cm	by_cre	GCTCCCCACTACCACTGCAAACATGCCCGGACAAACTCCTGTCACCCAGCAAACATGCCCGGACATTTCCACTGCTGACATTCCCTATTACATAATGTTTGACCTACCGAAAGTTCAAACAAACCTATGTTCAACAAAACCTTTG	2	0.01338768	0.008339107	0.008339107	0.0028794063	0.0026208856	0.0026208856	1.3912531	3.0211785	4.6561522
seelig_cm	by_cre	GCTCCGCGTTTTCGCGCTTCCTCGCGGGAAATAAGCTATCTTATCATTCGCGGAAGACGCTTTCTTATCTTCCGATAAATGCGCTTCCTTATCGCGCGTCTTAGGATTCGCGGATCTTATAAGTCAGCGCCGCTTCCGAGGAAGC	2	0.013009548	0.0077435076	0.0077435076	0.0039569954	0.0029797019	0.0029797019	0.6248593	3.5615242	6.503455
seelig_cm	by_cre	GCTCCGTAAGCATCATGTGTGGTACACGATCTCTTCTCCTTCATTCACACCCGAGGCTGCGCGTGGACCCTTAAAGAGAAGGTTCGGCATATGTATTACCCAAAGCTGCACCCAGCACATTCCGGGAGCTTTGCTCTTTTGTCAC	2	0.01163435	0.006637901	0.006637901	0.0020048835	0.0018313783	0.0018313783	0.98927456	3.3965504	5.8088226
seelig_cm	by_cre	GCTCTCCTGCCGGCATGCCTGGGCAATCTCCTGTAATGTTTGAACAAAGGTCACATGCCTGGGCATGTCCTTTGTTCAAAGCGAACATTACACAAAGGACTACGGCCGGCATGCCGGGGCACGTGACCTCTCTGTTTGTCCCCTG	2	0.008178711	0.004901707	0.004901707	0.0017069358	0.0014648569	0.0014648569	1.3278862	3.0600781	4.795547
seelig_cm	by_cre	GCTCTGCATGTCCCGGCATGTCTGAGCAGGAGGAATTCCGGGCGGCCAAAGGGTTTTATGTAGATTGCTTTTGGACACTCGCCCAGGAGTCAGGAGTTGATTTTTATCTCACTTCCTGGTAACCTTGAACTTACCAGGCAGGGAT	2	0.008878231	0.0050036907	0.0050036907	0.002044359	0.0013998837	0.0013998837	1.4941905	2.9187748	4.347234
seelig_cm	by_cre	GCTCTTCCGTTTCGCGCGTCTTATAAGTCGTCGCTCCGCCTTACTTATAAGGAAGTAACGCAGCGCCGCGATAACGCGTCGCCGCGTCCGCGATTCGCGCTTCCTTATCTTTCGCGGAATAAGTTATCTTACTGATAAGTTATCT	2	0.013976097	0.008968443	0.008968443	0.0067035034	0.0046912082	0.0046912082	0.588873	2.9039655	5.224066
seelig_cm	by_cre	GCTCTTCTCGGCTGCTGAGTAGCCAGTAGCCTGACGCAAATCCTTATCAGAGCAGACCACATTTTCCAGCCCCCGTTCATGAAGGGTGGAGGGAGCTGGAGAAAAATGAAAACATGCTAGTGACCAGTGGCTAGGCACTGATGAG	2	0.012494087	0.007636845	0.007636845	0.002715841	0.0026234118	0.0026234118	1.0220879	2.9799674	4.9427037
seelig_cm	by_cre	GCTGACCTTTGTACAAAGGTTCAAAGGTGGACATGCCCCGGCATGTCCGGACTTCCGGTCGTCCGCTGGGGATTGTCTAAACAAGCCCGGACTTCCGGTCAGGATTGCCTCAGCTGACCTTTGTACAAACAGGGACATTCCGCCG	2	0.012303829	0.007338941	0.007338941	0.002440241	0.002186176	0.002186176	1.2275481	3.1353953	5.0482073
seelig_cm	by_cre	GCTGCCCCTGTCCAGCCCCTAACTGAGAATGTGTAGACGCCTGTCTAGCCAGGGGAGCGTGGAACAAGCCCAGGCAAGTCTGACCGTTTGACTCATCCCCCGCAGGTCAGGGGTGGAGTGTGGCTTAGCCACGGCACACCAAGGT	2	0.013832092	0.0088532865	0.0088532865	0.004297297	0.0035993555	0.0035993555	0.89967155	2.8344858	4.7742786
seelig_cm	by_cre	GCTGCTGAGTAGCCAGTAGCCTGACGCAAATCCTTATCAGAGCAGACCACATTTTCCAGCCCCCGTTCATGAAGGGTGGAGGGAGCTGGAGAAAAATGAAAACATGCTAGTGACCAGTGGCTAGGCACTGATGAGTCTGCACAAC	2	0.009727001	0.0049083233	0.0049083233	0.0020336611	0.0010528216	0.0010528216	1.2453382	3.0141916	4.7878637
seelig_cm	by_cre	GCTGGACACGGCCACCGGAACCCCCTTCTGACAGGAAATACATCCGGGGTGGAGGGGGCTGGGCAGCTGAATCCCAGCGACGGAATGGCCCTTGCCCTCACGAGTTACTTTACACAAACCCGCTGTCCCTGACCTTTCCAGCTGC	2	0.00953722	0.008120537	0.008120537	0.0021305543	0.00170748	0.00170748	3.1431785	5.285962	7.4301624
seelig_cm	by_cre	GCTGGCATGCCGGGGCACGTGACCTCTGTCCGGTAATGTTTGAACAAAGCTCTGTTTGTTTAAACATTCAAAGCGAACATTACACAAAGCTCTGTTTGACCCCTGTAATGTTTGTACAAAGCTCTCCGGCCGGCATGCCGGGGCA	2	0.010930061	0.005956888	0.005956888	0.0021647895	0.0014109891	0.0014109891	1.4963611	3.2729354	5.054483
seelig_cm	by_cre	GCTGGGGGCAAACATGCCGGGGGCCAAAGGTCAAACAGTACAAACATGACGGGGGTTGACCCCAGCTAGGGGCAAACATGCCGGGGCATGTCCGGTGCACAATGGATCCAGGCCGGCATGCAGGGGGCACACTACATAACAGAGG	2	0.010325909	0.005685985	0.005685985	0.0030199431	0.0018366263	0.0018366263	1.6006502	2.5102062	3.4244025
seelig_cm	by_cre	GCTGGGGGCAAACATGCCGGGGGTCAAAGGTCACACAGTACAAAGGTCAAACTCTGCAGGCATGCCCAGACATGTCCGGTGCACAATGGATCCAGGGCGGCATGCCCAGACATGTCCCCTGGGGACTTTGACCCCTGCTGTGCAG	2	0.0092122555	0.004851997	0.004851997	0.0024614166	0.0013726862	0.0013726862	1.731497	2.7372034	3.7472699
seelig_cm	by_cre	GCTGTGTACTCTCGCCGGGATGGTTACATCCCAGGGCACGATTCCCGGGCAAAACACCATAGCCTGTCGACATGTCCGGACATGCACTGGGTTGTGATCTGACCGAAGTGCATACGTAACGCACTCCGGTCAAAGTTTGTTCCAC	2	0.005721569	0.004459858	0.004459858	0.0017643417	0.0017274267	0.0017274267	1.8110582	2.5985882	3.3873801
seelig_cm	by_cre	GCTTATCACACTTCTCTTTCTTCCGCGTTATCTTATTTCTTAGGATATGAAGAGGGGCGGTTCCCCATCTGACGATGACGCATCACTTTCTGAGGTTGGCTCCGCTTTCGGCTCCGATAGAGCGGGAGAGCCGCGTTACGCGGAA	2	0.0060362816	0.004747063	0.004747063	0.00517385	0.0032661692	0.0032661692	0.66660213	2.555856	4.4463987
seelig_cm	by_cre	GCTTCCAGATATCGCGCCACCCCGCGAGTTACTCGCGCGGCGCTTCCGAGATATCGCGCTTCCGAGATATCGCTACGGGCGGTTCCATTTGCGGGTGTCGTTATCCGCGCGTGGCGCTATCGCTTCTTATATCGTGCGCTTTCTT	2	0.012705803	0.0076357946	0.0076357946	0.07118829	0.036742218	0.036742218	0.034759358	2.784795	5.539901
seelig_cm	by_cre	GCTTCCAGATATCGCTCCGCCCACTTATGGGTGGCGCCTTCCGCCGCGATATCGCGCGATTTATCTCGTCATCGCGATACGTCGTCATCGCTTCCTATCTGCCGCGTCTTCGAGTTATCGCCGCGCGTCGCGTTTCTCGGGTGCG	2	0.011626244	0.0065615475	0.0065615475	0.0025623613	0.0022052787	0.0022052787	0.58342034	3.4373796	6.2964034
seelig_cm	by_cre	GCTTCCGGATAAGGAAGTGACTTTATAACTTGCGTGTCTGACTGGCGGTGAGTCATCGAAGGATAAGGAAGTGCGTGAAGATAAGGGAAAGGAAATAAGGGCGGTGAGTTATAAGGAAGTGCGTGTGGATAACTTGCAAGAAATA	2	0.006496668	0.0040020943	0.0040020943	0.0021006616	0.001828351	0.001828351	0.96806455	2.0307477	3.0959256
seelig_cm	by_cre	GCTTCCGGATAAGGGGTAAGAGATAGGAAAGAGTTACGTTATATCTTGCGTGTCTTAGGAAAAGAAGGAAATAAGGAAGTGCTTCAAGATAAGGAAGTGACTTTATATCTTGCGTGTCTGACTGGCGGTGAGTCATCGAAGTGTG	2	0.004642725	0.004159391	0.004159391	0.003515034	0.002398612	0.002398612	1.0439718	2.333372	3.623256
seelig_cm	by_cre	GGAAACATGCCTGGGAATGTTCAAACAGCTGGGGCGCAGTACATGTCCAGACATGTCTCCCGGGCTGCTCCAAGCCTGACTACAACGCATCCACTGCCTGCGCCTTGATTACGTAATCCCTCTGGGCTTTGTTCTGTGACCTATG	2	0.012440681	0.0077801943	0.0077801943	0.0036051632	0.0027027247	0.0027027247	1.7313352	2.5918455	3.457016
seelig_cm	by_cre	GGAAAGTTCAAAGTTTGTATTAGGCATGCGGGCATGCTGGGGAAAGTACATTGGATTGTTTGTTTAAACATTCTGGGGATTTTTTTTTTTGTGTAATGTTTGTACAAACATGCTGGGGAATGTGCAGGGGAGAGTTCAAAGGTTG	2	0.005452156	0.004140258	0.004140258	0.0027783492	0.0022699493	0.0022699493	1.6041948	1.7839906	1.9650986
seelig_cm	by_cre	GGAAAGTTCAAAGTTTGTATTAGTTTTACGGGCATGCTGGGGAAAGTACATTGGAATGTTTGTACATTGGATTGTTTGTTTAAACATTCTGTTTGATTTACGGGCATGCTGGGGAATGTACAAACTTTCTGTGGAATGTGCAGGG	2	0.012059689	0.007908225	0.007908225	0.0050456203	0.003701518	0.003701518	1.5917147	1.9918616	2.39616
seelig_cm	by_cre	GGAACAACCCCAGGCATGCCAGGAGGGGAAAGTGGCAGAGGGGACAAGCCCAGGCATGCCCCCAGCAGTAGACAACGACCGGAGGAGGGCAGTGGACAAACAACCCCAGGCATGCCGGCATGCCAGGGTGGCAAGGGAGAGAGAA	2	0.0067443848	0.0049788356	0.0049788356	0.002402436	0.0018937066	0.0018937066	1.3359052	3.1035914	4.8730435
seelig_cm	by_cre	GGAACCATGGTCACCTGGGCACAAGTCCAGTGCAAAACATGCCCGGGCATGTTCGCGGTCGACCATAGGTTGGTGGCATGTTCACCCCTGACCACCTTCGGTCAAATTGCATAATGTCGAAACAACCAATGTTTGTACAGTAGAC	2	0.010073185	0.005109489	0.005109489	0.002069259	0.0010822198	0.0010822198	1.5316812	3.1998847	4.8730516
seelig_cm	by_cre	GGAACCCAGGGAACATGTCAATAAAGGCACTCTACTGTAGCGGCTCGTGCATGCAAAAGATTGTGCGAAGATGACCGAGGCGTAGGACTGGCGCACATGTCACAGCACATGTCGCCAGCGCTTAGACTCAATCACATGTCCACTC	2	0.007331848	0.0048769712	0.0048769712	0.0027022206	0.0020070702	0.0020070702	0.8951238	3.2424874	5.592306
seelig_cm	by_cre	GGAACCGGTGAGCGCGAGTCGTCGAGGATACGCAGGGTGTTATCACGCGAATCTACGCGGTTTACATAATTGTGAGTTATCACTTCCAACACTGACGATGAGTTATCGCTTCAAGATAAAGAAGATATAAGCGAATCGACGTACG	2	0.010247707	0.005368799	0.005368799	0.0020058292	0.0012505138	0.0012505138	0.98903644	3.0491223	5.1140866
seelig_cm	by_cre	GGAAGCGCAAAAACGCTAACGCGCCACCCACATCCAAACCAAACAACAACACCAAATGACTAAAACCACCAATGACTCAAAAGAAAGCGCAGTCGCGGAAGCGCCGCCCACAACAACCAAAAAACCGATAACTCACCACCCACAT	2	0.011171818	0.006176561	0.006176561	0.0018520901	0.0017017728	0.0017017728	0.76082623	3.396711	6.0375915
seelig_cm	by_cre	GGAAGTTCAACATTCCCGGTTATGTAACCTTGGCTGCACTTTGGCTTTGCTGGCGCGTATGCTTGATTAGTGCTTCTCCGTTGGATCAAACATTGCTCGCATCCCCACGAGCGGCGTATGTGTGAACATGCCCGGGCATGTCACC	2	0.011146188	0.0071125627	0.0071125627	0.0070513966	0.0044191424	0.0044191424	1.5751332	1.6518893	1.7246119
seelig_cm	by_cre	GGAAGTTGGTACAAACAAGGTCGCCGGCAAGCCGGGAATACTTGGGTAATGGTCTGCCGGTCAGGGACAAAGGTTATGTAATGGTCGCCGGGGTGCATGCCGGCATGCCTGGGCACGTTCGAAGGTAGAAACAAGCCTGGGTTCA	2	0.0078053474	0.0047395825	0.0047395825	0.0020247248	0.0015861307	0.0015861307	1.4577813	2.6568174	3.8589191
seelig_cm	by_cre	GGAATAAAAGAATGGGTACTCTGTAGACAGAACAGCAGCATGGGCTGCTTGACTGAGTATACTTAAAGCTATTTCTGGATCATATGCTAACAAGGGGTGGATTACTCATGAGTCTTCTGGGAAGGGGGTGGGGATTTCCTGGAAC	2	0.0073022842	0.0036835372	0.0036835372	0.0033919772	0.0017291654	0.0017291654	0.97640663	1.5646248	2.1564617
seelig_cm	by_cre	GGAATCAGCAGATGTTCCTTGTGTGATTGATGTACCGTGTGCTGTTCGGCTTTGCCTGGGCTTGTCCACGTGTCCTCCAAAAATGTAAACAGAGGCGCTGCAACTGTGCCTCAAAGTGGCAGGCAGGGCGGCAAGTCGGTAACAA	2	0.012992859	0.008129954	0.008129954	0.002932897	0.002590829	0.002590829	1.4511884	2.9414322	4.436539
seelig_cm	by_cre	GGAATGAATGTGCATGCCCCCATGCCGGGGCCTGTGGACATGCCCGGGCATGCCCCGGAACGTGACCCTGTGACCAGGCCGGAATGGAACAAAACATGTCCAGCCAGGCATGCCCCCCGGCAGGCCCCCCGGCATGCCGGTGAAT	2	0.010005951	0.005025029	0.005025029	0.0020794885	0.0010517834	0.0010517834	1.8318009	3.32178	4.8167396
seelig_cm	by_cre	GGAATGCCGGACTGTGAACAACAAGGTCGACCTAGGGGCATGTCCACCGGGAGACCGGTCGAACCATGGACATGCCCGGGCATGCCCCGGACCATCAAACGACCGGAATGACTGGGGACATGCCCGGGCATGCCCCCAGGCACCG	2	0.012149334	0.007609427	0.007609427	0.0032533957	0.0026102015	0.0026102015	1.558968	2.6474288	3.7404294
seelig_cm	by_cre	GGAATGCGGATGTAGGTTCAAAGGTCACCGCATCCTGAGGTTCAAAGGTCAACAGGTTCAAAGGTCAGGCAGGTTCAAAGGTCAAGAGGTTCAAAGGTCAGGTCCCGAGGTTCAAAGGTCATCTGGCAAAGTTTGGCATAGAATG	2	0.010620594	0.005891621	0.005891621	0.002345696	0.0016711536	0.0016711536	1.1660205	2.8471475	4.533004
seelig_cm	by_cre	GGAATGTCAAACAAGCCCGCCGGGCATGCCGGCAGGCCGGCAGGCCACAAACACAAAGGGGACATGTCCCGGCATGCCGGCCGGCATGCCCCTGGCCATGCCACCAAGCATGCACCAAACGGACCATGACCAAAGCGGACCATGC	2	0.010708332	0.005762756	0.005762756	0.0019435493	0.0012165686	0.0012165686	1.6687086	3.589398	5.515033
seelig_cm	by_cre	GGACAAACAAACCCGGCATGCCAGCAGGCATGCAGGGACATGTCCAGAACAAAAACGAACAACCGGACAATGACCACGGGCATGCCTGACCATGGCCAGGGACATGACGACCGGTATGCCTGGGCAACCATGCCACCCGGTGAGC	2	0.011381626	0.0063260198	0.0063260198	0.0020605284	0.0013707601	0.0013707601	1.8648989	3.6945891	5.5293355
seelig_cm	by_cre	GGACAACTACCTTTCCCTTTCTTAGGATCCGCGATAAGCACCAATTGGCCCGAGGGGCGGATCTTATGAGATCGCGGATGCGTAAATTTCTGAAGAAAACGCTATCCGCGAAAACTGATGAGTCATCAAGCATATATCACTTTCT	2	0.00855732	0.0050001442	0.0050001442	0.0065530897	0.00396245	0.00396245	0.21947524	3.2290854	6.242253
seelig_cm	by_cre	GGACAGGTCCATTGGGGTGACGTGACATGATCAATACGCACTCCAAGGCAAAGGTCAACCATCTGATCTCAACCTCTGATCTACCGGTGAACGGTGGACATGCCCGGGCATGTACAAAACTCCCTCGTAGCTTTGGTCTTTGTTC	2	0.007609844	0.005040884	0.005040884	0.0020179006	0.0017294923	0.0017294923	1.7140863	2.7432458	3.774974
seelig_cm	by_cre	GGACATGTCCCGGCATGTTTGCCGGCCGTCGCATTCATTTTGTTTGTTTGTTTGTTTGACATGTCCCGGCATGTTTGTTCAAACATTGCGTAATGTCCGGTCATGTTTTGTTCTTTTGTCCATAGTGCAAACATGCCCGGGCATG	2	0.0060234666	0.0035356581	0.0035356581	0.007961239	0.0042786137	0.0042786137	0.7535874	1.257385	1.7586949
seelig_cm	by_cre	GGACCGCGCTACCGGAAATGACGCGCCCTCCGGAGGATGAAGAACCGTTTACGCTTCTTAAATTGCCTTATCTCTCCAGTGAGCATATATCGGATGCGTCAGTGTAAGAGGCGTACTGAGAAGCGTTTCCTCGAAGTAAATGTCG	2	0.010616779	0.00581944	0.00581944	0.0026484928	0.0023488188	0.0023488188	0.49828264	2.2537029	4.0139203
seelig_cm	by_cre	GGACCTACATCATCAGCGACTCCGAGACGCGTAATAAGAACATGTCGTCTGCTCTTATAAGAACTGCCGCTTACTAAGCGTGACTCATAGAGATAACGCGTGTCCTTATGAGTCAGATACATGGGTGGCGCTTCCGCGAATAGAA	2	0.005991459	0.0043546557	0.0043546557	0.008223982	0.004969838	0.004969838	0.32912	1.911313	3.495143
seelig_cm	by_cre	GGACCTTTTGAACTTTGGAATTTTTGACATGCCCGGGCATGTACATGCCCGGGCATGTCCCAAGGTACAAAGGCCGGAATGTCTACCGGACTGAACAAACATTGCATAATGCCCGGGCATGTACAAGCCCCGTCATGTTTGGTCA	2	0.011837959	0.007036209	0.007036209	0.002853617	0.0022138783	0.0022138783	1.4183623	2.7839422	4.154324
seelig_cm	by_cre	GGACTGGTCGAATGGCTCAGGATTCCGCCGGCATTACCGATTGATCGATGGTCGGACATGCCCGGGCATGTCCACCGGCCTCGAGCCATGTGCCACACTGTGTGCGCTTTCCCCATTACGTAATGGGAATTCCGCAGTTGCCTTT	2	0.009133816	0.004615903	0.004615903	0.0029101137	0.0014848897	0.0014848897	1.6422672	2.390481	3.1432126
seelig_cm	by_cre	GGAGAAACGCGGAGCGCGGATGAGTCAGAGACGCGGAAACGCGGAGGGCGGGGCGATAAGAGGCGCGATGAGTAAGAGGGCGGGTCCGCGGGGCCATCCGCGAATAACGCGGAAGCGCCACCCACGACTCAGAAACGCCGTGCGC	2	0.0068688393	0.004828304	0.004828304	0.0051932163	0.0033253254	0.0033253254	0.53541577	2.6248872	4.716399
seelig_cm	by_cre	GGAGAAGCGACGCTCACCGTTTAGTTTGGTCCTCAGGACAAAGATAAAGTGATAGAAAGAGGCAATCCAGGCGAGCTGTGATGCATGTCGCTACGGTAATTATTAACCCTTAATATTGAGTATAACGCATTAGCGAACTCCCATG	2	0.009509087	0.0048945844	0.0048945844	0.0019020727	0.0012602232	0.0012602232	0.45279357	2.726131	5.004083
seelig_cm	by_cre	GGAGAATGACCAAGAGTGCAAAGATCAATGAATGTATAAACATGCCCGGGCATGTGACCGGGAGAGAGGAGACCAGCGAACATGCCCGGGCATGTGACCGGAGGCCTGCGGACATGCCGGTGCAAAGATCAAAGAGGGGAGAGAG	2	0.004939556	0.0043314695	0.0043314695	0.002140812	0.0020207907	0.0020207907	1.7373768	2.1689763	2.601184
seelig_cm	by_cre	GGAGACGGAAGCGATATCTCCCACGAAAGGGGCGGGCCAATCAGAGAAGACGAGGGCGGGCCAATCGGAGAAGACGAGGACAGATAAGAAAGTGAGACAGCGTATATGCGGGAAGCGATATCTCGAAGAGCCGCACCCACAGGCG	2	0.010136604	0.005270645	0.005270645	0.0022623753	0.0020805534	0.0020805534	0.17867413	2.7587476	5.343687
seelig_cm	by_cre	GGAGCAAAGTACCAAAGCCCGGAGTCCATTGTACCGACCCTGTATCCATTCTCAACCTACCTCCCCGGGATTGTTGCTTTACCTTTGTCCGGACAAGGGCCAAAACTTCCACTGCAAGCTTACGTAATTGGGTCCGTAGTCTAGC	2	0.012171268	0.0071593747	0.0071593747	0.024872757	0.013285565	0.013285565	0.08526493	3.6263845	7.172516
seelig_cm	by_cre	GGAGGAACGCAGGGCGCGCGCCGCGCGGAGGAATATTTGCATATGGCGCGGCGTTTCTTCGGAGGCTTGTGATTGGTTGCTGACTGCGGCGCGAAGCGCAGTTGACTTGCGCCGCGCTCGGCGAATCGCAGCCTGTCTTGCTCGC	2	0.009336472	0.004712105	0.004712105	0.001976598	0.0010268944	0.0010268944	1.1365936	2.9300716	4.7281737
seelig_cm	by_cre	GGAGGAAGGAAGTAAATCAGCGTATAGGGAAGGAAGGCGCACGATGAGTCACCCCCAGGGAGCCAGCGCCTATCGCCCTCACCCAGCCACGAAGTCTCAGGAAGCGTCACCCTATCCGTATCTCCGACTCACGCGGCCGATAACT	2	0.013138771	0.008231968	0.008231968	0.0041510463	0.0033287168	0.0033287168	0.7993798	3.0215783	5.248684
seelig_cm	by_cre	GGAGGAGAGCAGTGGACAAACAACCCGGGGGGGAGGTGGACAAAGGCCTCCGGGCATGCCCCCAGCAGTACACAACCAACCCGGGGCATGCCAGGGGGGAGGAGGGGACAAGCCCAGGCATGCCCCCAGCAGTACACAACCACCA	2	0.010469437	0.0056328177	0.0056328177	0.002777657	0.0015972513	0.0015972513	1.9096597	2.8396094	3.7743957
seelig_cm	by_cre	GGAGGCGGAAGCGATATCTCCCACGAAAGGGGCGGGCCAATCCGGGAAGAGATAAGAAAGTGAGGAAGCGAGACAGCGTATATGCGGGAAGATAAGGCAGCGTATCAGGCGGAAGCGATATCTCGAAGAGCCGCACCCACAGGCG	2	0.01264143	0.007648498	0.007648498	0.016196532	0.009281023	0.009281023	0.16263112	2.7540042	5.3503704
seelig_cm	by_cre	GGAGGCGTAATGGTTGTCCGGCCATGCCGGCATGTCCGAACTTTGACCCTAGTTTATGTACCAGGTGAAAGAGCAAGCCCAGAGGTTTGGGTACAACAATGGTCATGCCCAGACATGTATGAAACATGCCATTGGAAGCCGACTA	2	0.005440235	0.004937649	0.004937649	0.0040204087	0.0026289565	0.0026289565	1.1009197	2.7496362	4.398855
seelig_cm	by_cre	GGAGGGTTGTTTGGACATGCCCCGGCATGTTGGGACTGACCTTCCCGGGCATGTCGGGGTGTTTGTACAGACACTCCGGGGGGTGGGCCGGTGGACATGCCCGGGCATGTCCCCTGTTGCATGCCCGGGCATGTTTGGAGTGGGG	2	0.007078171	0.0041953325	0.0041953325	0.0038689072	0.0023097054	0.0023097054	1.7481624	1.7891599	1.8330404
seelig_cm	by_cre	GGAGTTGGGCTTATAATGACTCAGCAACACACCCAGACGCGTCTAATTATGCTGGTGTCGGACCTATGACATGCAATGACTCAGCACTATAAAACCTGTCGTGCCGCTTCTCGGTTATCGGAATGACTCAGCAAAGTCAGGCCTC	2	0.005526066	0.004762426	0.004762426	0.013426559	0.007360156	0.007360156	0.2958272	2.2845855	4.2741075
seelig_cm	by_cre	GGATCCGTCGTAACTTCCTCAATTCGCGGAAGATATCGTGCGGCCGCGAGAGTCCGCGTATTTAAGAAACGGCGAAGAAGGGCGCTTCCTTATCTGCGTGGCCGTATCTCGGAAGCCGGTCGCAGACTCAGGATAACACATGCGC	2	0.007880211	0.00498721	0.00498721	0.0033685667	0.0023879164	0.0023879164	0.62064433	3.1106756	5.6036
seelig_cm	by_cre	GGATGAGTCAGCGAACCGGCTAGTGATAACTCCTCATGATGAGGCGGAGCGGCAGCTCCTCCGGCGATAGCAGTTCCTCGAAGAAGATAACGGATCATACGCGCCGCCTATCGCGGCAGCGCGCCCTTATAAGCAGAATATAATC	2	0.008106232	0.005043514	0.005043514	0.012746794	0.0071144616	0.0071144616	0.15440525	2.8123567	5.4733706
seelig_cm	by_cre	GGATGAGTCATCACGATGTTACGTCGTCCGGCCCCCGCGCGGCACCGGCCCCCAGGCCATAAGAGCAAACGGAAGCGTCTTATAAGAAAGACGCGGGTTTCGCGTACGCCGCCGCGCGCGCGGGAAGGCTTACGCGTTAGAAACC	2	0.009795666	0.0049583316	0.0049583316	0.0021231745	0.0011947275	0.0011947275	0.454338	2.5340433	4.618586
seelig_cm	by_cre	GGATTCTGGGAAGTGGGGGATGAAGCTTGCTCAGTGCAGTCTGAGCCGTGGTGATAAACATATCACTTTATGGTCCACTGACCTCACCAAGGAACCTCCTTTCCCTACTGCTCCTCTCTCCACGGCATGGCCCGGTGACTCATAC	2	0.011095524	0.0061644614	0.0061644614	0.002165055	0.0017532913	0.0017532913	0.918782	3.0221112	5.1303716
seelig_cm	by_cre	GGCAAGGTCTTTGACCTGACTGGAGTGCGACATGTACCAGTGGGCTTGCCGGAACATGTCCGGTTGAACTAAACACCAACGGACCAAACTGTCAGACATTCAGAACGTAAACCTCCGGACACTCTTTTGTCAAGTTTCAACCTTG	2	0.00883913	0.004779458	0.004779458	0.0015945346	0.0010675614	0.0010675614	1.331126	3.4374392	5.547812
seelig_cm	by_cre	GGCACCGTACCAATAAGTCACTTCCGGATTAGGCGGCGCCGCCCATTGGGAGTTCCCGTTTCGATAGTATGTTATATTATATCTAATAAGATTTCGCGAATCCGCGCTCTGCGATATTCTAATCCGAGATAACGTATCGTTATAA	2	0.007466793	0.00496614	0.00496614	0.004805626	0.0031624539	0.0031624539	0.511809	2.7138636	4.918419
seelig_cm	by_cre	GGCAGACATGCCTGGGCATGCCCCCCTGAGAGCATGCCCCGGCATGTCGGGCGACCAGGAGACATGCCTGGGCATGCCCCCAGGAGAGCAGGGGGGAACAAAGGCCGCAGTCCGGAGGTGACCGAAGGTCGCTGGGCATGCCCCG	2	0.008708477	0.0048753023	0.0048753023	0.001924459	0.0013777899	0.0013777899	1.2533613	2.8895195	4.5295105
seelig_cm	by_cre	GGCATGCCAGGGGGTTTTGTTTGTTTTGATCATTGTTTGCTTTGCTCTGGGTGGTTTTGTTTGTTTTGTGCCGGCATGCCAGGGGTCATTGTTTGACATTTGACCGGGATCAATGTTGACAGTACGTAGTCTGTCATGTTCGGAC	2	0.014431477	0.009551883	0.009551883	0.007796489	0.0055738576	0.0055738576	0.596945	2.4528043	4.3135433
seelig_cm	by_cre	GGCATGGAACAAACCAGGTAGGACCATGCCGGCATGCCCCTGACCAGAACAAACAAAGGAGCCCGGGCAATGCCGCCGGGCATGCCGAACGCGACCGGAATGAATGTGCCGGCATGCCGGCCGGCATGACCAGACCGGAATGAAT	2	0.007674217	0.004234791	0.004234791	0.0013039664	0.00078336743	0.00078336743	3.0264664	4.4560757	5.889125
seelig_cm	by_cre	GGCATTATTCTGCCACCATGGTTATGTAACCTGGCATGTCTACAGGTGAACCTACGGACAAGCCCACCGGACAGTGGGCCCTTTGTGCAAACGTAGACTGGAATGCTTCAACAATCAAGCACAATACCGTCGGACATTTTTGTTC	2	0.010576725	0.005436361	0.005436361	0.0016225384	0.0009999184	0.0009999184	0.78436786	3.6515722	6.5239167
seelig_cm	by_cre	GGCCACTTGTGGAAGCGGTTCCGCGATATCGCCGTGCCCAGCTCCAAGAGTATGGGCTTATCCGTATATCGCATATCGTACTCGGGAGTTGGGTCCCGGAAGAGAAGCGCTACTTCAGCGTGATGAGATATCTGCATCCATAAGC	2	0.012533665	0.0076756477	0.0076756477	0.003724566	0.0030603153	0.0030603153	0.7550903	2.9937184	5.2372046
seelig_cm	by_cre	GGCCATGGGTTTAAGATATCGCAGATGACTCATACGCATGAGTCGCGCCCTCTAGGGGTGGCGCGTAGTAATTCTTCGAAGAACGCGTTTCGCTTATCAGTCATTCGTTAGTCGGCGACGCTTTTTCCCGAAAGATAAGTAACGA	2	0.007338524	0.004831061	0.004831061	0.008548837	0.005167626	0.005167626	0.270641	2.189883	4.1116323
seelig_cm	by_cre	GGCCCAGAATAGGACCTGTCTAGCAGCTGCCCCTGTCCAGCCCCTAACTGAGAATGTGTAGACGCCTGTCTAGCCAGGGGAGCGTGGAACAAGCCCAGGCAAGTCTGACCGTTTGACTCATCCCCCGCAGGTCAGGGGTGGAGTG	2	0.010609627	0.0059936643	0.0059936643	0.0029550295	0.002018636	0.002018636	1.272317	2.4316843	3.5956671
seelig_cm	by_cre	GGCCCAGGGCGCCATGTTTATACAGATCACGTTTCCGAGGTGGATCCTTTGATCAAAATTCCGGTGACCTGAGGACAGTCCAAACATGCCTGGGCATGTCCCGGGCTGAACATAATGTCGAGCCGCTGCGGGTGTCAGAGTCGCC	2	0.013641357	0.008829117	0.008829117	0.003006601	0.00295872	0.00295872	1.3779633	2.9585538	4.5439568
seelig_cm	by_cre	GGCCCATCTTTCGCGTGAGGATACGCGCGATAACGCGTATACTAGGAAGATATTAGGCAGCGAAACTTACACTGTCTTTTCTATATCTGAAGAATAGCTTGAGTCGCAAGTTGACGACTTATCGCGCATACGCGGAGTTGCGGGA	2	0.0048599243	0.004704714	0.004704714	0.0052688434	0.003177436	0.003177436	0.8611981	2.6692116	4.4773803
seelig_cm	by_cre	GGCCCCACTGAGCTGGTCATCACCTTTGATCTCCACAAAGTTGATTTCTTCTCTCCCTCGGTTCCTCTTGCCCTGCAGCCGCTTAAACTGGAAAAGAAAAAAATGCAGGAGTCAGGAATCTGGGCAAGGGTGTCAGCAGATGCCA	2	0.0122795105	0.0072232485	0.0072232485	0.0032439823	0.0026494355	0.0026494355	0.66691846	3.3218782	5.981894
seelig_cm	by_cre	GGCCGATGAGTCGTACCCACGCTAAAGTAGCAACGCCCCGTCCTTCTTAGACGACGCATCCGGATATAACGTCAAGTGCCGGTCAAGGCCGATTCACTATATATCGGCGTCTTTTCTTATAAGCATGTGAATCGCCCAACAGCTC	2	0.009490013	0.00496909	0.00496909	0.0016022549	0.0010841147	0.0010841147	0.79162693	3.3573809	5.9276557
seelig_cm	by_cre	GGCCGGCAGAGCTCCCGCTGGCCTTGCCCGGGCTTGTCTTTTGTTGCATTGTTGCATCATCATGCGGCCTTGCAGGGTGCCAGAAGAGTGAGCCACCCACTCACCACTGGAAGAAAACAGCTAATTATATCACCAAGAGACCCAG	2	0.0065865517	0.004869938	0.004869938	0.0026696583	0.0019588545	0.0019588545	1.1795948	3.2293212	5.280764
seelig_cm	by_cre	GGCGGAGGGCGCGACTTCGCGATAGGACGCGCGATTTAATTACTTTTATTCCCGATATAGCGTTTCTCCTGCTCCGACAGCGTTTATGACTCATCAGCACTGTGCGCATATATCGGTTCCGGGAAAAAGAGGATGAGTCACGCGC	2	0.010394096	0.006101206	0.006101206	0.0037721673	0.0033837967	0.0033837967	0.47847953	1.9746866	3.4751866
seelig_cm	by_cre	GGCGGATTCCGCGAATCATAAGCCGCACGCGGCTCTATTCGACAGAGGCGAGTTATCGGAGATAACGGATGAGATAAATTCTTACGATGCGCGGGAAGCGCGCCCCGCTTCTTAGAAGAGAGAAACGATTTTATCGCTCGAAATC	2	0.009661198	0.004964173	0.004964173	0.0017976991	0.0010474932	0.0010474932	0.8984853	3.1364102	5.3790326
seelig_cm	by_cre	GGCGGCGCGTGAGATAACGCCTTTTTCGAAAACTGATGCGGGAAACGCGGAGCGGGTGACGCATCCGTATACTTCTTATTATAAGGCGAATGAGTCATCAGCCTTATAGGGCGGGCGCGGACCGCTAAGTGAGAGTCAGCGTATA	2	0.009444714	0.0048487633	0.0048487633	0.0019598189	0.001371474	0.001371474	0.32269782	2.5710006	4.8238993
seelig_cm	by_cre	GGCGGGGGGGGGAGTCACTTCCTTATCAGGAAGTCACGATACGCCGTGGGCGGGGCGGGCCCCGCCCCCCCCCCCCCTTGTCCTCCCCCCGATGACTCGTCTCTCCCTCTCGCGGATGACGCTTCCTTATCGGGGCGGCGGGGGG	2	0.010439873	0.005452562	0.005452562	0.0053419545	0.0033026072	0.0033026072	0.08686125	4.175663	8.269453
seelig_cm	by_cre	GGCGTGCTGGCTTGACCGGGATCATTGTTTACAGGTCTACATTACGTAGTCAGACTTTGTTTGTTTTGTGCCGGCATGCCAGGGGTCATGTTCGGACATGTGACCGAGGTTTTGTTTTTGCTCATGCTGGCAAGTCGGCATTACA	2	0.0080497265	0.0044160485	0.0044160485	0.0033502039	0.0019301524	0.0019301524	1.5333654	1.9682567	2.406782
seelig_cm	by_cre	GGCGTTTCTTATGGGTGGTTCCTCTTATCTGCGCGTGGCGCTTCGTCGCCTCCCCGCCAGATACGCTTCCATCCGCGCGTGGCGATACGCAGATACGCGTGGCTCTTCCGCGATATCTCGCCAGATATCGCGTCCTCCAGATGCG	2	0.008696079	0.0050005317	0.0050005317	0.0026319583	0.0020624714	0.0020624714	0.49517	3.1602254	5.8289766
seelig_cm	by_cre	GGCTCATCGTACCACTAGGCTGACATGCCCGGGCATGCGACGTAGGGGTGGTCGGGGCACTGCTTCGAAGTCGCTACATGCCCGGGCATGCTTGCGAAAGCCTGTTCTGTCCGAGATAATCCGCAACCGAATTCAGAGGGCGCCA	2	0.0067765713	0.0042250156	0.0042250156	0.0028839249	0.0019495841	0.0019495841	1.647497	1.9990537	2.353162
seelig_cm	by_cre	GGCTGTCTCATCCATGAGCGCGGGGCACACTCTGATGTTGCAGGATGATGAAATCACCTAACAACGCATTTCTCAGAATGCATCTGCACTGTTAATTGACACATGACTGTGCTTTCTCGTGAACCACCTTTTCCCAGAATGATGA	2	0.010562897	0.0059449375	0.0059449375	0.0026228826	0.0022590864	0.0022590864	0.6994817	2.3636773	4.0324907
seelig_cm	by_cre	GGCTTCCAGGACGCGCGTTTTCTTCCAGATAAGGCTTCCGCGAGATAAGGTTACTTCCTCGTAAGGCCCCGCCCATGCGCTTTCTTATCTGTCTTCCCTCCCTGAGTCAGCGCCTCCGATAGGCGCTGACTCATCCTTCTCTTCC	2	0.011838913	0.006818503	0.006818503	0.0020681685	0.0019473977	0.0019473977	0.98348	3.354363	5.730266
seelig_cm	by_cre	GGCTTCCAGGATACGCGTCTTCGAGGACGCGTCTTCTTATCTGTCCTCCTTCCTTGAGTCTGCTCTTCCTTGAGTCAGCCCCGCCCATATGCGCTGACTCATCCTTCTCTTCACGCGCGCGGAGACGCGTTTTCTTCCTCGTAAG	2	0.0098695755	0.004937522	0.004937522	0.0014919429	0.00076160533	0.00076160533	0.17489718	3.395075	6.620185
seelig_cm	by_cre	GGCTTCCTCGACCCCGCGGGTGAGTCACCCGGATCCGCCTATAGGCGCGGCTTCCTCGACCCGGCGGGTGAGTCATCCGGCGGGTGAGTCATCCCGATATCGCTTCTCAGATATAGGGGGGCGGCGCTTCCGAGGGCGGGGCCGT	2	0.013429642	0.008423328	0.008423328	0.0038356194	0.003131208	0.003131208	0.88915545	3.2123802	5.5406113
seelig_cm	by_cre	GGCTTCGAGGACTTATCTGTCGTGCGAGATAACGCTTCTGCGAGATAAGGTTACTTCCTCGTAAGGCCCCGCCCATGCGTTCTCTTGAGGACACGCTTTCTTATCTGTCCTCCCTCGCTGAGTCAGCCCCGCCCATAGGCGCTGA	2	0.010530472	0.0054028984	0.0054028984	0.032407936	0.01698022	0.01698022	0.008357943	3.3956969	6.788163
seelig_cm	by_cre	GGGACATGTCCGGGCATGTCCACATGACCAAAGCACAAAGAGGGAGAGAGGGGGGGAGGGGGGGGGGGGGGGGGGGGGGGGGGAGGGAGCAATGTACAAACATGCCGGGAGAGCAATGGACAAACATGCCGGGGCATGTCCAAAG	2	0.008432865	0.004699409	0.004699409	0.0013596686	0.001000496	0.001000496	1.505704	3.8541672	6.2063637
seelig_cm	by_cre	GGGACATGTCCGGGCATGTCGACATGACCAAAGGACCAAAACAAAAAAAAAAAAAAACAAAAAGGGAATGTACAAACAAAACAAAAAGGGAAAAAAGCAATGTACAAACATGCCGGGGCATGTCCAAAACACAAAGAGAGAGAGA	2	0.011828423	0.007238865	0.007238865	0.003438098	0.0025039983	0.0025039983	1.686241	2.5639815	3.4463115
seelig_cm	by_cre	GGGACTGGGCCACAAGGAGCCATTCATACTCAAAAGCCCTGTAACCGGCCGGGTGCGATGACTCATGCCTGTAATCCCAGCACTGTGGGAGGCCGACACGGGTGGATAACTTGAGCTCAGGAGTTCCGGACCACCCTGGGCCACA	2	0.011508465	0.0062931776	0.0062931776	0.0021323874	0.0014866561	0.0014866561	1.2812525	3.3393886	5.40274
seelig_cm	by_cre	GGGAGCGCTAACAGGAAGTTTTATCGAGCGTTTCCTTATCGGTATTTAGAAATATGAAACTTCCTTATCGTCAAATCGCAATTACGTCGTATCGGGCGCCGCCCCTTCCTGAAACGTACGAGGCGCCGCTTCTTTTTTAATTGTT	2	0.011118889	0.006188832	0.006188832	0.005590225	0.004048405	0.004048405	0.22454502	2.3305223	4.4414296
seelig_cm	by_cre	GGGAGGGCGTTTCCTGGCTGGGGAAGGGAAGGCACTCCACACAATCTGCATAATGGATGCGCCCTCCCCCTCCCACAGGCTCCCTCTCCCTTCCCCCCACACCAGCTCTGATCTGTGTGCCGCAGAGGCACAGCTTCTTCGCATT	2	0.007167816	0.0038489103	0.0038489103	0.0011665375	0.00070068566	0.00070068566	2.2566698	4.2007284	6.1481066
seelig_cm	by_cre	GGGATCCGCACCTTTTTTATAGATGCGAGGCGCCGCGTCTTATAAGAAGCGCCGCCCCTTTTTTTTTATAAGAAGCGAAGTAAAGGGTAGTTATTTCGCGATATCGCAAGAAGCGCCTTCCGCTATCGCATATGCGCTTTCTTTA	2	0.014930248	0.009964943	0.009964943	0.005205775	0.004087069	0.004087069	0.9579023	2.9950974	5.0372577
seelig_cm	by_cre	GGGCAGTGGTGGTGACCGGGAGGTTTGCCGGCATTCCGGTTTGCCTTTGGTCCTTTGGACAGGGGCATGTTTGTTGGGACATGCCCGGGCATGTCTACCGACATTCCGTGACCTTTGTACATTCCCATTCCGTGACAGGGGTGCA	2	0.007760763	0.0045383573	0.0045383573	0.0025835996	0.0016933458	0.0016933458	1.6379478	2.3212314	3.0077372
seelig_cm	by_cre	GGGCGATGACTCATAAGTAGGCGCTTCCTGAGTCTACGAGAAATAGGAAGCGAACTCCGTGTAACGGGATGACGCATCGGCGCTTGAGGATTCGTTAGAAGAAAGATGCGTCCTCGATATAAGGCGCGCGCCTATTGCGAAAAAG	2	0.0073022842	0.0045329034	0.0045329034	0.0027160118	0.0023179555	0.0023179555	0.64842415	2.2263894	3.807124
seelig_cm	by_cre	GGGCGCGGGCGGCGCTTCCGAGAGAGGGGCGGGCGCTGACTCATCCGGCGGCCCCGGGACTGAGTTATCGCTTCCTAGATATAGGGGGGCGGCGCCGCGGGCCGATAGGCGCGGCTTCCTTGAGCCGGCGGGTGAGTCATCCGGC	2	0.0112195015	0.006265372	0.006265372	0.0020808897	0.0019475603	0.0019475603	0.6294799	3.4071493	6.1897726
seelig_cm	by_cre	GGGCTGACCGCCAATCTGCAGCCTGAAGAAGAACCTCCCCCCGATGACTCATCCAACAGTCAGCTATTATGGCTAGAGCTCAGACATGAGGAAGTCCTTGTAAGCTAAGTAAGGGCTGAATCATAAGGAGTAATAAAAACAAAGT	2	0.0087714195	0.0048409086	0.0048409086	0.018268662	0.0100591155	0.0100591155	0.049378645	2.3961225	4.7467966
seelig_cm	by_cre	GGGCTGACTCATCCGTCCGCCCCGGGGCTGAGTCATCCGGCGCCGCCGATTCGCCGATATCGCCCCCCTCCTCCCCTCAGTCTGCGCTTCCTAGATATACGCGTATCGCCGCGCCCTCCTTGAGCCGGCGGCTGAGTCACCCCGA	2	0.0071029663	0.005091876	0.005091876	0.0049509285	0.0030606491	0.0030606491	0.6207237	3.345628	6.0725436
seelig_cm	by_cre	GGGGACATGCCCGGGCATGTCCGTTTTGGTGTGCTGGGTCATGTACATGTCCGGGCATGCCTCTGGACCTTTGGTGACATGCCCGGGCATGTCCCCATGTTTGTTCATTCATTCCGGGGGCCCGGGACATGTACATTCCGGTGGA	2	0.0075423717	0.004088998	0.004088998	0.0031085624	0.0017373948	0.0017373948	1.7352815	2.0809603	2.4300928
seelig_cm	by_cre	GGGGACATGTCCGGGCATGTACATGCCCGGGCATGTCCGCTGTCCCCGGGTTGTTTGTTTGGTCATGTCGGTTCACTGTGGGTTGTTTGGACCTTTGGACCTTGGTAGACATGCCGGGGCATGTCTCCGGACTTTGTGTGACGTG	2	0.0044095516	0.003908813	0.003908813	0.0030829778	0.0025315844	0.0025315844	1.428085	1.5756868	1.722788
seelig_cm	by_cre	GGGGAGAGCAGGGGTGAACAAAGGCCGCAGAGCATGCCCCGGCATGTCGGCCGGTGACCGAAGGTCGCTGGGCATGCCCCGGCATGTCCGCAGAGCAGGCGAGCAGGAGACATGCCTGGGCATGCCCCCAGAAGAGCATGGCGGC	2	0.008687735	0.0047983527	0.0047983527	0.0024139727	0.0014658909	0.0014658909	1.7549627	2.677177	3.6032803
seelig_cm	by_cre	GGGGAGAGTGGAGAGCAGGAGACATGCCTGGGCATGCCCCCAGGAGCCCCTGAGAGCAGGGCGGCATGCCGGCCGGAGTGCAGAGGTGAACGAAGGTCGCAGTGAACAAAGGCCCCAGAGCATGCCCCGGCATGTCCACCGGGAG	2	0.007883072	0.004550755	0.004550755	0.0028844685	0.001782804	0.001782804	1.7882137	2.26088	2.7368789
seelig_cm	by_cre	GGGGATCCGCGCCGTCGCCGATTGGCGGATGTCTCTTCTCGCGGATGGGGCGCGCCGCCGATTGGGCGGCGCGGCGTCGTGGCGTCCCGCCCTGTTTCTTATTGGCGGATGCGTCTTCTCGCGGATGTCTTCCGCGCGTCCTTCG	2	0.010848045	0.005922705	0.005922705	0.0020217327	0.0017993823	0.0017993823	0.49282297	3.686048	6.8841987
seelig_cm	by_cre	GGGGCATGTTTAAACATTATGTAATGAACTGGGGAGTGGGGGTGCAAAGGTTAAATAACAATTGCGGACATGTTTAGACATGTTCGGAATGGAGTTTGGACTTTCGGTCAAAGGTAAAAGAGAGAATGGGGGCATGTATAATGAT	2	0.012004852	0.0076437593	0.0076437593	0.0050952774	0.0034857553	0.0034857553	1.7479633	2.0528395	2.3620768
seelig_cm	by_cre	GGGGCCCCGCCCCGGGGCCCCCCCCCGCTTCCAGGAAGTGACTCATCCGCGGGGGGCGGGCCCCCCCCCCCCCACCCAGAAGAGGATGAGTCATCCTATATCGGCGGGGGGCCCAGCCTATAGGCCGGCCCCCCCCCCCCCCCCC	2	0.03847313	0.030251265	0.030251265	0.0073874556	0.005567976	0.005567976	2.9709864	6.6228085	10.282853
seelig_cm	by_cre	GGGGCCTTTCCGGAAAGGCGCGGTATCGCGCGTTATCGTATTTTTTTTATAAGACGCGCCGCACTTTATTTTTATTTAAAAAAAAGGCGCGCCACTCGTTATAATAAGCGGCGCCCTCCCCTCGCGCCTCGCTTATCTATATGTG	2	0.010058403	0.0050449073	0.0050449073	0.001802475	0.00093520514	0.00093520514	0.46236032	3.0213525	5.585358
seelig_cm	by_cre	GGGGCGTGGGACCTTTGTACACTGGTTGACATGCCCGGGCATGTCCATTCCGGTGGACTGTGGCATGGTTGTGTATACATTCCGGGGCATGCCTTTGTACCTTGGTTGACATTCCGACATGCCGGGGCATGTCCCCCTGCCCCCT	2	0.013760567	0.008950114	0.008950114	0.0032585368	0.0032091215	0.0032091215	1.3080716	2.7665346	4.2298083
seelig_cm	by_cre	GGGGCTTATCGGAAGTCGCGCCCCTTTTTATATTTTGCGTAAGGCGCGCCACTTTATCGAGAAAGCGCCTTTCTTGAAAAATATCGGGATGTGACGCTTTCGAAGACTCATACGCCTCCTCTTTCTTATATCGCGTAACTTTTTC	2	0.0099954605	0.005082965	0.005082965	0.0019454135	0.0010493989	0.0010493989	1.1113021	3.1246748	5.1429596
seelig_cm	by_cre	GGGGGAGGAGCGCCCGCCTATAGGCGAATCCGCATCTGCGCCGATAACGCGGAAGAAGGATAACTCACAACGCGGACGCGCGGATCCGCGGATCCGCCACGCCGCGTCCGCGCCGCCCCGCGGACGCGCCGATGGGGGCGGGTCT	2	0.011505604	0.006380707	0.006380707	0.0019630406	0.0016272499	0.0016272499	0.9717686	3.4167552	5.8668666
seelig_cm	by_cre	GGGGGCAGGAACAATAAAGGACTGAACCTCCTCCAGGCCACACCCCTTCGTCTCGAGAAAGCAGCCCCACACTGCCCTCTGGTGGCAACGCTCACATGGTTATCCAGTTGAGGGGCAGGTCCCAGATTAGAACCTTGAACTGGTC	2	0.010185242	0.0052141547	0.0052141547	0.002260839	0.0012047887	0.0012047887	1.6340766	3.069635	4.5101643
seelig_cm	by_cre	GGGGGCCCCGCCCAGAAGAGGATGAGTCATCCTATCGGGGCGGAGCCCCGGAGGAGTAACTTCCTATATCGGCGGGGAGGCCAGCCTATAGGCGGGGCCCCCCCCCGCTTCCAGGAAGTGACTCATGGGCGGGGGCCCCCCCCAC	2	0.01017952	0.005094558	0.005094558	0.0013723142	0.0007003704	0.0007003704	0.33757856	3.8776798	7.422866
seelig_cm	by_cre	GGGGGGCATGCCTGGGCATGCCCCGGCATGTCCACAGCGGCATGCCGGCCGGAGTCCGGAGGTGACCGAAAGTGGAGAGCAGGGGACATGCCTGGGCATGCCCCCCTGCCAGCAGGGGTGAACAAAGGCCGCAGTCCGCCGGCAG	2	0.009121656	0.0046209097	0.0046209097	0.0027204372	0.0013951593	0.0013951593	1.7194673	2.5362692	3.3575718
seelig_cm	by_cre	GGGGGGGCCCCGCCTATAGGGGCGGCGCTTCCAGGAAGTGACTCATCGGGGGGGGGCGGGGGGGGCGGCCTATAGGGCCGGGGGGGGGGGACTTCCCGGAAGCGCCGCCCCAAGAGGATGAGTCATCCTATATCGGCGGAGGGCC	2	0.013090372	0.012167335	0.012167335	0.004922339	0.0032546476	0.0032546476	2.6528351	4.8724155	7.091072
seelig_cm	by_cre	GGGGGGGCCCGCCGCGTGACTCACTCCGAGATACGCGGATCCGGCGGGTGAGTCATCCCGCGATACCGCGCCTTCGAGATATCGCGGGGCCCCTGGGGGGCCCCCCCCAGCCTGAGTCATCTCGGGGGGCCGGCCTATCCGCGCG	2	0.011448383	0.00623402	0.00623402	0.0016326092	0.0015484622	0.0015484622	0.695827	3.85433	7.0180473
seelig_cm	by_cre	GGGGGGGGGGCGGGAAGTCGCGGAAGCGCCCGCCCCCCCGCCCCCCCCCCGATGACGCGTCGTTATCTCGTTAGCAGGAAGTCACGATACGCCTTCCGCCCCCGCCGATGACGCTTCCGGCTGATGGGGGGGAGTCGCTTCCTTA	2	0.011510372	0.006621897	0.006621897	0.0050955727	0.0034208426	0.0034208426	0.33931533	3.4660907	6.5977545
seelig_cm	by_cre	GGGGGGGGGGGGCGCCTCTTCCTTATCAGGAAGTCACGATACGCCGTCGGCGGGGCGGGGCCCGCCCCCCTGTCTTCTCGCCCCCCCGCCGATGACGCGTCGTAAGCGGCGGGGCGGGCGGGGAAGTCACTTCCTTATCCGCCGG	2	0.011057854	0.0060156956	0.0060156956	0.0047419616	0.003213658	0.003213658	0.20481595	3.3832238	6.5666738
seelig_cm	by_cre	GGGGGGGGGGGGGGGGGGGAGGTTTAAACATGCGGGGAGATGTACATAAGGGGATTGTTTGGAACTTACGGAAAGGCAAGCGGGGAGAAGGTCGAACAATGGTTGTTGCGTAAGGGGAATGTTGCGGAATGTTGAACTTACGGAA	2	0.010324955	0.0053876936	0.0053876936	0.0016823509	0.001128617	0.001128617	0.7832945	3.460369	6.142381
seelig_cm	by_cre	GGGGGGGGGGGGGGGGGGGGGGGGGGGGGGGGGGGAGGTTTAAACATGCGGGGAGATTTACATAAGGGGAATGTTGGGAGCTGACGGAAAGTTGAACTAACGGAAAGTCGAACAATGGTTGTTGCGGAATGTCGGAAAGTTGAAC	2	0.008756638	0.0057332516	0.0057332516	0.0021148568	0.001584689	0.001584689	1.2799921	4.792623	8.308277
seelig_cm	by_cre	GGGGGTTTCTCGCAGATACGCTTTCTGGATGTAAGATATCGTCACTCCCCGATAGCGCTTGTGACTCACTTCCGGATTCGCTGGATGACTCATATCCTGGATGAGTCACTTCCAGGAAGTTACTCACCCTTCCTTTCCTATAGGC	2	0.008226633	0.0041187704	0.0041187704	0.0026834824	0.0013494376	0.0013494376	0.70861286	1.887137	3.0697691
seelig_cm	by_cre	GGGGTGAGTGCGCCATGTTTAGACATGCCCCGGCATGTTGGTCCACACAGGGAGGTGGGCAGGCCCGTGGACATGCCCGGGCATGTCCCCTGGTGCATGCCCGGGCATGGCCCCAGTCCTGTTTGGCCCCTGTGAGGTCCACACA	2	0.010940552	0.0061951876	0.0061951876	0.002791366	0.0017833085	0.0017833085	1.8694094	2.89478	3.924896
seelig_cm	by_cre	GGGGTTGGGTTGTGGGGGGGTGGTGTAGACATGCCCGGGCATGTCCCCTGTTGTTTGTTTGGTCATGTCCCCTGCCCTCCGGACTTTGGTTGACATTCAGACATTCCGGGCCCTCTTTGTGTTTGGACATGTCCCCCTCCCCCCT	2	0.008579254	0.0049836636	0.0049836636	0.0018197322	0.0013902576	0.0013902576	1.4440368	3.0796502	4.718859
seelig_cm	by_cre	GGGGTTGTGTACACATTCCGACATGCCCGGGCATGTCCCCTTTTCCACTCCTGTTGACTTTGCCATGGTTGTTCATTGTTCCCTGGTCCCTTTGCCCTCTTGGTCCATACATTCCCGGGCATGTCCCCTGGGCCTTGTTTGGGGA	2	0.009121418	0.004791975	0.004791975	0.0016756768	0.0009622245	0.0009622245	1.8590283	3.6513414	5.447984
seelig_cm	by_cre	GGGTATGAACATGCCCCCTTACATTCCCGGACAATTTCCGGCATGCGACCAGGGCGGAGGCCAAACTCCCGGCATTACATCATGCGCGAGTGCAAAAGGCCGGAGGTCGACCATTGGACAATCCCGGTGAATGCCTGCGTGCAGT	2	0.009483337	0.0049265027	0.0049265027	0.0016180882	0.0010559339	0.0010559339	0.7484651	3.3047392	5.86557
seelig_cm	by_cre	GGGTCCATGTACTACTGGTGGGGACAGATAAGCTACCCTCACCTGGTGGGGACAGATAAGGCCCACCTTCGACGGTAACGGAGATGTTACCGCCCTGGTGGGGACAGATAAGGCTCCTCTGGTGGGGACAGATAAGAACGATGCC	2	0.007956505	0.00468874	0.00468874	0.0017190031	0.0015071733	0.0015071733	1.0962763	2.8627722	4.632536
seelig_cm	by_cre	GGGTCGCTAGCTTGGGCCTTTCTATAGCAGGAACAGGTTCAAAGGTCATTAAGCGCGGTGGGTCAGGTTCAAAGGTCAGCAGGTAAAGGTTCAAAGGTCAGACGCCCCAGGTTCAAAGGTCAAACAGGTTCAAAGGTCATCCGTA	2	0.008301735	0.0048838705	0.0048838705	0.0052750274	0.003429473	0.003429473	0.27718142	2.7595894	5.245415
seelig_cm	by_cre	GGGTGCCCTGGCTCCTTGCAGCAGGGCTGGGCCTGCGAGACCCAAGGCTCACTGCAGCGCGCTCCTGACCCCTCCCTGCAGGGGCTACGTTAGCAGCCCAGCACATAGCTTGCCTAATGGCTTTCACTTTCTCTTTTGTTTTAAA	2	0.009637833	0.004926754	0.004926754	0.005052267	0.0036753307	0.0036753307	0.04258105	2.1179895	4.1981087
seelig_cm	by_cre	GGGTTATCGGAAGTCGCGTAATCGCGCGACGCGCCTTATTTTAAGATGCGCCGCCCCCTTTTTTTTTTATTATAAAAAAAATGAGGCGGCGCCTTCTTATAACGCGCCTCACAGAAGCGCCCCCCTTTATGTTTCGCGAAATTGG	2	0.008515835	0.0049227104	0.0049227104	0.03669302	0.019172117	0.019172117	0.035570595	2.5967808	5.1615844
seelig_cm	by_cre	GGGTTCAAAGCAATAGAGTGTTTAAACAACGTGACCTAGGCTTGACATTGTCACACAGGTCACCAGTTGAGCTCGCGCTGACGTAATGTTTACCGTGGGATGATGGTCGGACATGTCCGGGCAAGCACCCAGGGAGGCTTGTGCA	2	0.00785923	0.0042331815	0.0042331815	0.0073855263	0.0038769476	0.0038769476	1.0602099	1.3561529	1.6484699
seelig_cm	by_cre	GGGTTTTATCGGGGCGCGCCCCTTTATTTTTTATAAGAAGCGCCGCTTCCTTTTCTCGAAAACGCCTTTTCTAAAAAGTAACGCTATTTCGCGTAAGCGGGCCCCGCCTTATATATAAGTACCGCGCTTCCTTATAAAACATGTC	2	0.009478092	0.004989922	0.004989922	0.0017562213	0.0011151386	0.0011151386	1.0581723	3.227645	5.401606
seelig_cm	by_cre	GGTAAGCTTTCTGGCGCGCGCGCCTGAGTATACTATGGAAGGGCATTCAGGGACTCGATCTATCCGGCCTCAGAAGCCCTGCACCTAGTGGTGTAGTGTGGCGCGCGCGCCTGACTTGAGCCCTCACGGTGTCGTGGTAGAAAAA	2	0.008417606	0.0050359666	0.0050359666	0.0039025224	0.0026056473	0.0026056473	0.42308506	3.4277968	6.4358897
seelig_cm	by_cre	GGTAATTATTAACCTGGGGTAATTATTAACCTGCGTTGGAGGGCACCCAAAGAAGGCCCGTGTCAAGGGGTAATTATTAACCGTGCCGTGCACGTTGCTCCTGGTAATTATTAACCTCCGGGTAATTATTAACCCGCGTGTCGCG	2	0.006704092	0.004674971	0.004674971	0.0020792577	0.0018108787	0.0018108787	1.7139772	2.469786	3.2276237
seelig_cm	by_cre	GGTAGACCGGTAGAACAAACACACAAGGCATGCCGGTGCATGCCCAGGCACCGAACAAACACCCGGTCGACCTGAGCATGCCCCGGGGCAGGCAACCATGACAAAGAAACCCGGTAGACATGTCCGGGCATGCCGGCAGGCCAGA	2	0.010165215	0.00523293	0.00523293	0.002172435	0.0011846006	0.0011846006	1.5277835	3.1035569	4.6842628
seelig_cm	by_cre	GGTAGGAACAAAGAAGTGGAGTGACGCCCTTCTGGTGACCTTACATGAACATTAAGCCCAGACAGCAGCTCCACCCACCTGCGCAGCTGATCTAGCAGCCCCATCTGGCTAGGGAGCAGAGTCAGCAATTCTGCCAACCTGAGGT	2	0.011185646	0.0063108206	0.0063108206	0.0021225463	0.0016375547	0.0016375547	1.2451963	3.2579165	5.2755113
seelig_cm	by_cre	GGTATCTGTTTCTCGATAAGTCGCGCCATTCTTATCTGAGAGAAGCGGAATTGGCTCGCCCCCGACTTATAAGAAGAGGCGCAATTGACTTATCAGAGACGCGCCCCCCTTATAAGGCGCCTCCCCCGACTCTTATCTTATATGT	2	0.012547016	0.007573575	0.007573575	0.002889037	0.0024134926	0.0024134926	0.89870006	3.6871908	6.4806547
seelig_cm	by_cre	GGTCCAGGATCAGCCTGATGAAACAATTAGAAATGAGGCCCCGGCAGTGACTCATGCCTATAATCCTAGCACTTTGGGAGGCCAGGCGGGAGGATAGCTTGAGGCCAGGAGTTTGAGACCAGCCTGGGCAACAAAGTGAGACCCA	2	0.010120869	0.005139269	0.005139269	0.002106713	0.0020538382	0.0020538382	0.07476249	2.5664194	5.063058
seelig_cm	by_cre	GGTCGCGATTCGACGATTCGCGGAAGTGACTTATCACTCCGCGCGCGTGTGACTCATGCGTCAATTCCGCTTAATAAGTCGCGATAACTTACGACTTATTGGCGGACGAAGTCGCTTCCTCGACGCACGACGCGCCACCATTGGT	2	0.012772083	0.007822387	0.007822387	0.01561329	0.009012619	0.009012619	0.18255375	2.739664	5.3017244
seelig_cm	by_cre	GGTCTAAGCAGTGATGTAACCAGGTAGTTAGGTAAGTGTCCGGTTATGTAACCGGTTATGTAATGGTCTGTCCGTCGGTTTATGTAATGGTCTAAGTGTCCAGCGGTCTAGGTGGTTGTCCGTCCGTGTGGTTATGTAAGCGGTA	2	0.011937618	0.008014739	0.008014739	0.00624963	0.004496714	0.004496714	1.4892662	1.7007221	1.9161009
seelig_cm	by_cre	GGTCTCCACCCACGGGAAGGAGGCTGCCAATCACAGCATGCCCACCCTCTCCTCCACCCATCACATGACGCAGGTCATGTGGTGGTCACACGACACAGGCCTGCCTCTGTAAAGCATCTGTGCCCCTGGCCACAGTTGATTGGTC	2	0.012730598	0.007729344	0.007729344	0.038727377	0.020562604	0.020562604	0.0690794	2.6898296	5.3155813
seelig_cm	by_cre	GGTCTCTGTTAGACATGCCCGGGCATGTCTCCGGACTTGTTTATACATTCCGGTTTGCTGGGACATGTCCATTCCGGTGGCCCTTGCCTGCCGTCCGGACTTTGGTTCACATGTTTGGACGTGGACATGTCCGGGCATGTCCCCT	2	0.008549213	0.005112767	0.005112767	0.0017266591	0.0013895561	0.0013895561	1.5919372	3.2720392	4.955578
seelig_cm	by_cre	GGTCTGTTTCTCCCCGGGGGTTGTGTATTGGTTCAGGGGCACTTTGGTTCAGACATGCCGGGACATGTCCCCTTTGACATGTTTGGACATGGACATGCCCGGGCATGTCCACTTTTGTTGGGACCTCCGGACTTTGTTACACATT	2	0.010704398	0.006874323	0.006874323	0.0064921873	0.004096936	0.004096936	1.64346	1.7188867	1.7904834
seelig_cm	by_cre	GGTCTTTTGGACCCCCGGTGCCATGTCCGGACATGTCCCCTGTCCCAGGTTGACATGCCCGGGCATGTTGCCCTGTTTGTTCATTGCCCCCTGGACATGTACATTCCGTCATTCCGGTGGACTTGGGCATGTTTGCCCTTTCCTT	2	0.0066990852	0.0049483776	0.0049483776	0.0018790256	0.0016357773	0.0016357773	1.7001715	3.2562516	4.8140826
seelig_cm	by_cre	GGTGCATAAGCTCGCGACATTAATCACTACTTTACACAACCGGCGGAGATTCAATGTTTGCCCGACCATGCAGCCGGAATACTTCCGAGCCAAATTCCTGCGGACATGCCCGGGCATGTCCGGTGATGTAATTAGGTTATACCGC	2	0.010377884	0.005832255	0.005832255	0.003562591	0.002172321	0.002172321	1.6445503	2.2791047	2.9182048
seelig_cm	by_cre	GGTGGGGGAGAGTAAGGGGGCATGTTTAGACATGTACGGACGGTAGTTTGAACTTTCGGTCAAAGGTTAAATAACAATTGCGGACATGCTCGGGCATGTTCGGTCGATCAAAGGTAGTAGGGAGCTGAGAGGGTTGTATAATGAT	2	0.0057708025	0.0033538342	0.0033538342	0.005390228	0.0029570109	0.0029570109	1.0677191	1.4296098	1.7890836
seelig_cm	by_cre	GGTGTTTTGTACCGCGGGGGACATGTCCGGACATGTCCACTGCCCTCCGGACTTCTGTACCCCGGGGGACATGCCCGGGCATGTCCCCTGCCCTTTGTTCGTCGGGACCTTTGGACTTTGGGGGCGGGGGGGTTGTTCATTCCCT	2	0.009215832	0.0047129393	0.0047129393	0.0027204438	0.0014122444	0.0014122444	2.018703	2.7032146	3.3922286
seelig_cm	by_cre	GGTTCCGCGACTGGCGCCGCCCCCATGGGCCACGCTGGTCCTGGAAGATGAGAAAGACGCTTCCTTATCTTGCAACGCCCCTCCCGCAGTACTATATTGGAGCTGGAAGCGGCGTTTCGCGTTGAAGATAAGCGATAAGGTCCTC	2	0.009759903	0.004979104	0.004979104	0.0019131936	0.0011885687	0.0011885687	0.42733338	2.7643998	5.106247
seelig_cm	by_cre	GGTTCCTTATATGGCTCCGCCCACTTATGGGTCCGCCCCGCCAGATATCGCGTTTCTGAGATACGCTTCCTCTCACCCGTGGGCGGCGCCCTATATCGCTTTCGCGAGATACGCTTTCTCTTGCGGGTCGCCCCGCGCTTATACG	2	0.011712551	0.006695658	0.006695658	0.00620954	0.0039968584	0.0039968584	0.26951313	3.417517	6.5705376
seelig_cm	by_cre	GGTTGCTCACGAGCTTCGGAATGTTTAACCTTTGTACAACCCCTGAACATTCCCCATCATGTCAGGCACAACCACTGAACATTCCCCTTGACGTCAACATGACCGACCGAACATTCCCCTTGACGTCAACATTCCAGTGCACAAA	2	0.009878635	0.004999399	0.004999399	0.0015608143	0.0008379705	0.0008379705	1.0436848	3.6864502	6.3340945
seelig_cm	by_cre	GGTTTTTTATAAGGCGCCGCCCTATCTTATTATAAGAAGCCGCGCCTCGAAATATGACTCATTGGCGGAAGCGCCCCTTCCTATAAAATTATGAGTTGCGCCGCCCCAAAAACGCCCTTTCGCGTATGACGCATCCTAATGTGCC	2	0.00866127	0.0050167143	0.0050167143	0.008446723	0.0049234433	0.0049234433	0.16176254	3.174175	6.1902323
seelig_cm	by_cre	GTAAACATTCTGTGGCTCCCAGCAGAATTCTGTTCACTGTTACCACGGAAGAAGTGATCAAAGAGAAGGGGCTCTGTTGGGTGCATGCCAGGGCAGAGGTCAAGGAAAAGCCACGGATAGGGACAAAGAACAGCTTGACAAAGGC	2	0.011760235	0.00676775	0.00676775	0.0022653812	0.0020104928	0.0020104928	1.010311	3.1012409	5.197163
seelig_cm	by_cre	GTAAAGTTCAAAGTTTGTATTATGCATGCGGGCATGCTGGGGAAAGTACATTGGATTGTTTGTTTAAACATTTTGTTTGTTTGACTTTCTGTGGAATGTTTGTACAAACATTCTGTTTGATTTTCAGGGGAAAGTTCAAAGGTTG	2	0.005475521	0.0034168959	0.0034168959	0.004287284	0.0025825775	0.0025825775	1.2744161	1.4121931	1.5479114
seelig_cm	by_cre	GTAACAGAAGCCTGTTCATTACTGGGCTGAGCTGTGGCTCGCCAGCCAACACTCAGCACTGGGTAATGAAGGAAATTGCTGTGTGGGCGGGCAGGCAGTAAAACGTGTCTGCGGGAAAGGCTGTGACTAAGTCTCCCCTAATCAG	2	0.00933218	0.0048245788	0.0048245788	0.0017711034	0.0011123905	0.0011123905	0.69852597	2.9839091	5.2738
seelig_cm	by_cre	GTAACCGAATCCATCCTTCCTCCATCACTTGTCCTCCCTCTACCTGGAGAAAGTCCTTTTCATCTTTAGAAGAAGTAGGTACAAGATCAGGTGCTTGAGGGAGCAGAGGCGCTGTGACTGATGCCCAGAAGGGGGCAGATGCTGC	2	0.011783123	0.0067917705	0.0067917705	0.0033403218	0.002635032	0.002635032	0.5380951	3.3225284	6.111953
seelig_cm	by_cre	GTAACTTCCGTGTTGCAAGACGCGGATGACTCATAAGACGCGCGCCTTCCGCGAATGTGCGGGCAGTTACGATATCTCGTGAAAGATACGTCCTAATTTAATCGGCGCCAACGGAAGCGTAACGCGCCTGTTTATCTCGCTTCTT	2	0.0077033043	0.0046827197	0.0046827197	0.0018316343	0.0017501123	0.0017501123	0.99530035	2.6009157	4.209552
seelig_cm	by_cre	GTAATGTTCTTTCTGGGTTCAGCACCATCCTCCTCCTGTGCTTTGCAGATAACGTGCAGTTGCCATAAGCACGGGATGATGGGCGGAAGCAGTTGCCATAAGCACGGGATGATGGGCGGACCCACAGGCAGCAGTAAAGTTATGT	2	0.0115356445	0.006540388	0.006540388	0.0031689822	0.0026473866	0.0026473866	0.48680708	2.957049	5.4322863
seelig_cm	by_cre	GTAATTTTGGACCTTCGGTCAGCAGTATTCCAGCAGGTATTCGGTAAGTTTAAACATGCCGGGCCAAGGCTCCTGGGCAGTTACAGAATTTGCCGACCGGAATTTGATCACTGCACAGATCATGCCCTGGTGATCCATGTCCGTT	2	0.007792473	0.004259944	0.004259944	0.0011994424	0.0008313888	0.0008313888	1.5695906	4.03335	6.5006423
seelig_cm	by_cre	GTACAGACATGCCCCGGCATGGACATGCCCGGGCATGTCGGGGGGTTTGTACAGACATGCCCCTGTTTGGACATGCCCGGGCATGTTTGGACACATGTTTGGACATGCCCCGGCATGTTTGGACCCACCTTCCGGGGCATGTCCC	2	0.011187553	0.0062256455	0.0062256455	0.0022344233	0.001597598	0.001597598	1.314703	3.1611216	5.012502
seelig_cm	by_cre	GTACAGACATGCCCGGGCATGTCCCCTGTCCTGTCCACCCTTGCCCCTGTTTGGACATTCCGGGGCATGTCCCCTGGTTTGTACAGACAGCGCCCTGTTTGGTGGGGGGGACATGCCCGGGCATGTCCCCTGTGCCCCTGAGGGG	2	0.009152889	0.004913211	0.004913211	0.0017774017	0.0010596155	0.0010596155	1.9700398	3.5599833	5.154166
seelig_cm	by_cre	GTACAGACATTCCCCTGTTTGGACATTCCCGGGCATGTCGGCATGTTTGGACACCGGCATGTTTGTACAGACATGCCCGGGCATGTCCCCTGGGCGGCATGTACATGCCGGCATGCCGGGGCATGTTTGGACTGCCCCAGCCCTG	2	0.010181904	0.0051379204	0.0051379204	0.0019726064	0.0010202563	0.0010202563	1.3832864	3.2724915	5.1667404
seelig_cm	by_cre	GTACATTCCCCGGCATGTTTGCCGCTCTCTCTTCCGCTCCTCCGCTCCTCTCCTGCCCTGCCTGCTCCTCCGCTCCTCTGCTCTACTTCCTGTCTTGTTTGTACATTCCCTGCTCTGTACATACATCCCCCGGCATGTTTGTACC	2	0.008800507	0.0046008527	0.0046008527	0.001239179	0.000861288	0.000861288	0.82975674	3.9659212	7.106285
seelig_cm	by_cre	GTACATTCCCCGGCATGTTTGTACACAGGTCGCTCTCCGCCTCCCTGCCTCCTCCGCTCCTCTGCTCTCTGGTTACATCCCCCGGCATGCCCTCTGCTCCTCTGCTTTCTGCTCCGCTCCTCCCCTTTCCTGTCATGTTTGCACA	2	0.009631634	0.004947245	0.004947245	0.0014683206	0.0008925938	0.0008925938	0.8294168	3.694587	6.564441
seelig_cm	by_cre	GTAGGTCCATAGCGAACTTGCCAAGGCCTCTGTACATGACCGGACTTGACACGGGCAGTGTCCAAACACTCCGGGGTCAACCTCGATCATTGTCCACTGAACATCTCCCGGCATTGCCACTACACAATTCCGGGCATGTTGGGTC	2	0.01239872	0.007528931	0.007528931	0.005115075	0.0035754088	0.0035754088	0.5185342	3.305189	6.096713
seelig_cm	by_cre	GTATCGTTATCGGTCTCGCCCATGAGGATGTATCCATACTGACGATAGGGCGCGCCATTTGCGGAGACTGACGACACTCGCGGCTCCTGGAAAAAAGGCGTAGCTTATATGTATGTTTCTAGGAATGTGAATCAGGCTCGCATAC	2	0.0083146095	0.004694909	0.004694909	0.0020169383	0.0017703751	0.0017703751	0.7050667	2.413998	4.126549
seelig_cm	by_cre	GTATGAGTCACCGGGCCATGCCGTGGAGAGAGGAGCAGTAGGGAAAGGAGGTTCCTTGGTGAGGTCAGTGGACCATAAAGTGATATGTTTATCACCACGGCTCAGACTGCACTGAGCAAGCTTCATCCCCCACTTCCCAGAATCC	2	0.004404545	0.0041214824	0.0041214824	0.0030235609	0.0021658181	0.0021658181	1.267584	2.3183491	3.3693974
seelig_cm	by_cre	GTATGCCGCCGGCCGGCTATACATACCGAATTTCGACTATCTGATCGATGCTCACATCACAGTGAGCTAAGGTTCTTCTATATCAAATACCGGGCGAGCAGGGGGCATGTCCGGGCATGGTATGTCCGCGTTTGGTTGAAAACAA	2	0.009550571	0.004819691	0.004819691	0.0020503453	0.0010573564	0.0010573564	1.3797038	3.0188892	4.6628056
seelig_cm	by_cre	GTATGTTTATGTATTACGTCACCAATGAACTCAAGCAAACAACAGTCGACATGTCTGGCCATGTAAAGTGGCAAAATTCCGGCTTTTTGAACAAAGCGCAAAGTCCTTTGCCTTTGAACTATGGCCCTATTCCCTCTCCGGTCAA	2	0.009841919	0.005021453	0.005021453	0.0019914887	0.0010548152	0.0010548152	1.7011349	3.321613	4.946912
seelig_cm	by_cre	GTCAAACAAACATCATGTCAACAATCCACCGGAAATGTGCTTGCCCCCTCTGGACTTTGTCCGGTCATGTCAAACAAGGCTTGCCCGGACATGTTCAAAGTTCAAACAAGGGACATGTCCAAAGGTTCAAACAAGCTGGCAGGCT	2	0.0112679005	0.0065100193	0.0065100193	0.0032982775	0.0021614	0.0021614	1.7093244	2.5632493	3.4219322
seelig_cm	by_cre	GTCAAACATTACATAAAAACAAACTTCCCCCAGCATGTTTGCCACCCAGCATGTTTGAACTTTCACCTCACCTCATCTCACCCAACCATCACGACTTTCAACCATTACGTAATTTTGTACCAAAGTTCAAACTTCCGCTCTCTCC	2	0.01180172	0.0066629946	0.0066629946	0.003006384	0.0024950146	0.0024950146	0.50624883	3.2282608	5.9554114
seelig_cm	by_cre	GTCAAACCTGCGGAATGTTCAAGCTGGGTAATGTTTGGTCTTTGGACCAAAGTCCTTTGCCCGGACATGTCAAACACCCGCCCGGAGCAAAGTCCTTTGTACACTGCCGGGCTTGCCCGGGCATGTTCAAAGGTCAAACACCGGA	2	0.007466316	0.0046619177	0.0046619177	0.0027921565	0.0019248797	0.0019248797	1.7554196	2.2151902	2.6777654
seelig_cm	by_cre	GTCAACCATTACGTAAAAACAAACTTCCCTTTGAACTTTCGACCTCCTGTTAGTTCCAAAGTTCAAACTTCCGCTCTACCCACCCCCATTATGTAATTGTGTAAACATGACCGCATGCTTGCCCCCCAGCATGTCACCAACCACA	2	0.010508537	0.0056167245	0.0056167245	0.00171236	0.0011669038	0.0011669038	1.1661265	3.6516814	6.1421285
seelig_cm	by_cre	GTCAACCATTACGTAATTGTGTAAACATGCCCAAACAAACTCCCCTTTGAACTTTCGCTCCACAGCATGTTACCCACCCTGTTAGTTCCAAAGTTCAAACTTCCGCTCTCATGTCAAACATCAAAACAAACAACCATTACGTAAT	2	0.0069360733	0.0048434734	0.0048434734	0.0023420502	0.001869085	0.001869085	1.1731825	3.0713327	4.9715757
seelig_cm	by_cre	GTCAAGAGAAAAGGAAGGAATTCTTGATATGAATCCCACTAAGTCACTGTGAGTCACAGAAATGGCCAGGCCACTCCTGCTTATCTGCTAATAACAGCTGCAGCCACTTCCAACTGAAGAGCAGGAGCCTTCCTGCCCACCAAAC	2	0.00603652	0.0042842627	0.0042842627	0.001984774	0.0019610785	0.0019610785	1.2744488	2.1957629	3.1188293
seelig_cm	by_cre	GTCAAGCAAGGTCGCTTGACGCCGGAATTTTGGACGTAGTTTGTACAGTAAAGGGGAAAAATGGAGCCAGACTGGAACCAAGGTTTGTAGTGCGCATGTTCAAACATGCCCGGTATGGAATGTGTGCGCAGGCCTGCCGGTAGTG	2	0.010253429	0.005385369	0.005385369	0.0025502513	0.0015977806	0.0015977806	0.80138516	2.4111	4.025683
seelig_cm	by_cre	GTCACATGTTTACTTAGGTCGAGTTACGCGAATCCTCAGAGGACCTGGGTCTGGGCAGGAAGAAAGGTGCGACCTGTTCTGTTTACTTAGGGTGGTGCCCCGGTTCTCTACATTACACCGGTTTGTTTACTTAGGGACTATTCTT	2	0.0054148436	0.0048422217	0.0048422217	0.017136045	0.009033113	0.009033113	0.31328404	2.4530313	4.592206
seelig_cm	by_cre	GTCACTTGCGTGATATGGGTGGGTGTGGGTGGGGGGCTCGCGCATGAGTTATCTGGCGTGAGTGATATCGTTTTTATTGGCTATATGTGGGTGGGGGGGGCGCGTTCTCTTGCTGATGAGATATCGCGATATCGTTATCGCGCTT	2	0.005347699	0.004826769	0.004826769	0.020033302	0.010450963	0.010450963	0.2642666	2.61201	4.9592323
seelig_cm	by_cre	GTCAGATCTCGTGAGACTTATTCACCACCACGAGAACAGTATGGGGGAAACCTGCCCCCGTGATCCAATTCTCTCCCACCGGGTCCCTCCCACAACACGTGGGAATTATGGGAGTACAATTCAAGATGAAATTTGGGTGAGGACA	2	0.0102415085	0.005343478	0.005343478	0.0111925285	0.0066841817	0.0066841817	0.039575957	2.3733654	4.7120533
seelig_cm	by_cre	GTCATGCCAACACAGTCGCAGGGTACAGTGGTAGGTGGCCAACCAACTGGGCCACTATGCACTTGACCTCTGGAATGTTGAAGTCTCAGTACGGTGACAGCACCGTGCCTGGGCATGTATTGAGCTAACCATTACAGCCGAAATT	2	0.00921011	0.0049917065	0.0049917065	0.006500728	0.0040424904	0.0040424904	0.11856975	2.9662454	5.8181396
seelig_cm	by_cre	GTCCCAGTAGTAAAATTTCCGGTGTTACGTCATGCCGACAGAATAAAGGTGGCCGAGGGCTTGTCCGGACAAGAACTTTGTATAATGTAATGGCCGGTAAACATGGTGGTTATATAAAGTAGCACAGTACAATGAACATGCCGAG	2	0.005080819	0.004384339	0.004384339	0.0032919473	0.002494194	0.002494194	1.540868	1.858644	2.1757236
seelig_cm	by_cre	GTCCCTGGTGACATAAAGAACAAAGTCGGCTTTGTTCCTGTTATGGTTATGCATTACCGTTGTTTAAACAAAGAGTGTCACGAGAGAATGGACTGGGAATGTTCACCGGACGTTTTGCCGGAACATGCCCCCATCGGAATTCCAG	2	0.0060880184	0.0046853423	0.0046853423	0.0023702807	0.001958218	0.001958218	1.3832859	2.661224	3.9405646
seelig_cm	by_cre	GTCCGGACATGTCCGGTTATGTAACCGTTCCCGTGGTCGCTTGACTTGCCCTTGACCAAACCTTCGGGTCGCATTGGTCTAACGCTGCACAAAGCCATTCCGCTCCATGTTTAGACCGGAACTTGACGTGCGTAGGCATGTCGAA	2	0.010504246	0.005690992	0.005690992	0.0019517081	0.0014069008	0.0014069008	1.0177081	3.2001126	5.38733
seelig_cm	by_cre	GTCCTCTGTCACGCGCTGTTTTCCGTTAGTCCACTTCAGAGGCATCACTACCAGCAGTTGCTTAAGACTCATTTCCGGCCGGGCGCGGTGGCTCAGGCCCATCATCCCAGCACTGTGGGAGGCCGAGGTGGGTGGATCACGAGGT	2	0.007531166	0.0048840865	0.0048840865	0.012628461	0.0069356654	0.0069356654	0.1760216	3.1183188	6.063263
seelig_cm	by_cre	GTCGCGGAAGCCCTCTCCCCCCTTTCCAGGAAGTCGCGGAAGCGCCCCCCCCCCTCCCCTCTCGCCCCCCCCCCGATGACTCGTCTCTCCCTCTCGCGGATGACGCTTCCTTATCGGGGGGGCGGGAAGTCACGATACGCCGGGG	2	0.009420395	0.0047962666	0.0047962666	0.0014287297	0.00076219783	0.00076219783	1.7992811	4.1964564	6.598256
seelig_cm	by_cre	GTCTCCGGACGCTGATGCGGGCTCACCCGATATATCGTGCTTATCTGCCAGATCCGATGTCTTCGAGAAGGGGGAGGCGCGATACGCCGAATGGGCGACGTCATCCGCGATACGCGGAACCACGAATCCTATAGGATCGGCGTAT	2	0.005025387	0.0048235655	0.0048235655	0.0072949184	0.004120033	0.004120033	0.6312458	2.975299	5.319554
seelig_cm	by_cre	GTCTCCTCGCGGATGGGGCGCGCCGCCCGGCGAGGGATGCGTCTTCCGAGTTATCTCTTCCCCGAGTTATCTCGTCATTGGCGGATCGGCGGGGGTGGCGTCCCGCCGCGTTTCTTATCTCTTCCTCGCGTCGCGGATGTATCGG	2	0.009082794	0.00474301	0.00474301	0.0012098704	0.0010802196	0.0010802196	0.42399222	3.9657195	7.5117865
seelig_cm	by_cre	GTCTCGCAACTGGCGGTCCCTGATGCAAGTTATCTCAGACCCGCTTCTCCCCCACGCGTACCGCTTAGATACCGATAAAAACGAATTACACTATTCTCGAGGAGCGATACGCTTACTCAGTTCTTATTAAATTAAGGAAGTATTA	2	0.010385513	0.0053824186	0.0053824186	0.0018559013	0.0017824277	0.0017824277	0.22177298	2.9089518	5.6011333
seelig_cm	by_cre	GTCTCGCTCTGTTGTCCGGGCTGGAGTTCAGTGGCGCGATATCGGCTCACTGCAAGCTCCGCCTCTCGGGTTCCCGCCATTTTCCTGCCTCAGCCTCCAGAGTAGCTGGGACTACAGGCGCCTGCTACCACGCCCGGCTAATTTT	2	0.006354809	0.0050562397	0.0050562397	0.027466942	0.014242858	0.014242858	0.1349282	3.1872547	6.2408795
seelig_cm	by_cre	GTCTGGAGTTTTGTACAAAGCTCCCTTTCCCTTCACCTCCGCTCACCTGATGGTCGCCCGGCATGCCCGGACATTCACCTGACCGGAGTGTTCCCCTGCTCCCCTCCCTGTGCCATGGTCAAACATTCCGACCTTTGTACTCTGC	2	0.0105781555	0.005578056	0.005578056	0.0016486373	0.0016236847	0.0016236847	0.35027716	3.4835784	6.62188
seelig_cm	by_cre	GTCTTAGACGGACATGTCAACATGTCCTTACTTGACATGGACTACTTATCTCATGCACATGTCCGTGTCAGTTTGTACATGTAACATGTCCCACATGTCATGGGCCAGCTTCTGCGATGGCCGACATGTCAGCGACATGTCTTAC	2	0.010350704	0.005378902	0.005378902	0.0016822711	0.001077075	0.001077075	0.86251706	3.5077684	6.1579914
seelig_cm	by_cre	GTCTTGTGTTTTGTACAAACCTTTGTACTCCTGTCTGTACAAACATTCCGACTCCGGTCGGCATGCCCGGACATTCACCTGACCGGATTTTCAGCTGACCGGATTTTTGTACATTCCCTCTTTTGTTCAAAGGTCTCCCGGCATG	2	0.011184216	0.006173387	0.006173387	0.0025537452	0.0021860413	0.0021860413	0.4546555	3.3030143	6.156384
seelig_cm	by_cre	GTCTTTAGAAGAAAGACATAAGAGGAAGCGCCACATCGTTATCTGATTCGTCGAAGCGTAGCGCGCAATCGCATGATGACGCGCCACTTCCGGGTAGGAAGGGGGGGGGGCGGCGTAGGATGAGTCACGCGCTTTTCCGATAAGT	2	0.0061059	0.0041002333	0.0041002333	0.0024021037	0.00236956	0.00236956	0.87092453	1.742331	2.6157432
seelig_cm	by_cre	GTGAACATGCCCGGACATGTCCGGCGGCCGGTGAGTATGCCGCTAGTCTTCGTTCCGTTGTTCGTTGCGGACATGTCGAACCAAGCCGCGACATGTCCCGGCATGCCCGAAAGTACAAACATTGCAGCCTGTCTCTATTTCATCA	2	0.005220771	0.0048334002	0.0048334002	0.0033185717	0.0022140567	0.0022140567	1.5705876	2.7901425	4.0093102
seelig_cm	by_cre	GTGAAGAATAACTAAAGCAGACAACTGGCATGCAACGGAAATTTCCAGCGGCCTTTGTTCACTAATGTTACGAAAGTTTACCGTGGCGAAAGTTAACCTCCTCTAAGCTCGGGACATGCCCGGGCATGTCCGGTCATGTACAATG	2	0.007616043	0.004836917	0.004836917	0.00204876	0.0016060197	0.0016060197	1.7679276	2.743174	3.7211998
seelig_cm	by_cre	GTGACAAAAGAGCAAAGCTCCCGGAATGTGCTGGGTGCAGCTTTGGGTAATACATATGCCGAACCTTCTCTTTAAGGGTCCACGCGCAGCCTCGGGTGTGAATGAAGGAGAAGAGATCGTGTACCACACATGATGCTTACGGAGC	2	0.0065050125	0.00491035	0.00491035	0.013360085	0.007215317	0.007215317	0.24652076	3.1622558	6.0795856
seelig_cm	by_cre	GTGACCAAAGCTCATGGGCACGTGAACTTTGGCCGCTCTGGTTGTACTCATTCCGGTCGCCGTTAGGTTCAAACCTGGGCATGATCGGAGGTTTTGTTCAACGGCCCGTTTACATCAACCGGTAAAGTGCAAAGGACGTCCGTCT	2	0.009750843	0.004903078	0.004903078	0.0016533231	0.00085624034	0.00085624034	0.9349857	3.4163687	5.9025993
seelig_cm	by_cre	GTGAGTAAGTATCACGAGATCTGACGGTTTTATAAAGCGTAGTTTTCCCTGTACAAGCTCTCGCCTGCCGCCATGTAAACGTTCTTTGCTCCTGCTTCGTCTTCTGCCGTGATTGTGAGGCCTCCCCAGCCATGTGGAACTGTGA	2	0.008224964	0.004968852	0.004968852	0.010428233	0.0060788663	0.0060788663	0.16338424	2.4599657	4.7598033
seelig_cm	by_cre	GTGATAGGCCTGGGCAGTGTATATGCGTGTTATCGCGCGAGATACTTTTTTTATAAAAAATGAGTCTTTCGGGTGTGGCGCGCGCGGTATCTTATTTTTAAGAGATGTTACGCCCCATACGCGTCAGCTTATCTCTATTAGACTT	2	0.0056147575	0.004883826	0.004883826	0.009337108	0.0052331802	0.0052331802	0.4426966	2.7084365	4.9749074
seelig_cm	by_cre	GTGCAAAGGACAAAGATCACGCAACATGCCCGGACATGGAAGGTGGCGTGTACAGCAGAGCACCAGACGGTCAGCATTACATTCGACCAGTTTACCACTGTAATGATGGTCAGGGGTTGAACGTACGGTGGACAAGCCCAGGCCT	2	0.010202408	0.0053293407	0.0053293407	0.0020014043	0.0012579	0.0012579	0.88678056	2.9923167	5.102726
seelig_cm	by_cre	GTGCACCGGACATGCCCGGGCAAGTCCGCTGGGCAGGGGAGTGGAACAAACATTGATTGTGTAAACATGACCTGACAGGAGTGGAACAAAATCAACTCAACTAATGACCGGAGGCATGCCGGGGGGGTTTGTGTAAAAATCAACT	2	0.005189061	0.0045794845	0.0045794845	0.0030598587	0.0022344005	0.0022344005	1.6932554	2.2567503	2.8196356
seelig_cm	by_cre	GTGCACCGGACATGCCCGGGCAAGTTCGGTCGACCATTGATTGTGTAAACAGGGGGGACATGCCGGGGGAGTTTGGGTCAAACTTTGGTCCCCTACTCACCGGAGGCATGCCGGGGGACTTGACAGGAGTGGATCAAAGTTTGGA	2	0.008130074	0.004356861	0.004356861	0.003291097	0.001830316	0.001830316	1.5791217	2.0248685	2.4743884
seelig_cm	by_cre	GTGCACCGGACATGCCCGGGCAAGTTCGGTCGACCTTGGGACCATGGTTTGGGTAAAAATCAACTCAACGAATGACCGGAGGCATGGAGTGCTGGAGTGCACCGGGCATGCCACCATTGTTTGTGTAAACATGACCTGACAGGAG	2	0.00845027	0.0043955445	0.0043955445	0.003010109	0.0016094444	0.0016094444	1.6322653	2.2198663	2.8115218
seelig_cm	by_cre	GTGCATGCCTCCGGAATGTTTGTACTTTGGCCCTCTGTACTGCCGTCAACATGCCCCTGCATGCCTGCCTGTGTGCACCAATACAGAATGTTCCACCTCTCTAATGTTTGTACTTTGGTCTCCTGTACTGCTGTCAACTCGCTCT	2	0.011235237	0.00599882	0.00599882	0.01776396	0.009806853	0.009806853	0.042537328	3.0584257	6.0795503
seelig_cm	by_cre	GTGCATTAATACAGAATGTTCCACCTCTCTAATGTTTGTACTTTGGTCTCCTGTACTGCCGTCAACATGCCCCTGCATGCCTGCCTCTGTGCATTAATACAGAATCTTCCACCTCCGGAATGTTCCACCTCTCTACTGTTCCACC	2	0.010586262	0.0055356026	0.0055356026	0.0017382158	0.0011777985	0.0011777985	0.78524214	3.437894	6.095597
seelig_cm	by_cre	GTGCATTCCTACAGAATCTTCCACCTCCGGAATGTTTGTACTTTGGTCTTTCTCCCCTACCTCCTGTTCCACCTTCGGTCTGTCTGCCTTGTACCAACATGCCCCTGCATGCCGGCCTGAACACAGAATCTTCCACCTCTCTAAT	2	0.0067329407	0.004946202	0.004946202	0.005275095	0.0032129851	0.0032129851	0.59735996	3.224608	5.853643
seelig_cm	by_cre	GTGCCACCAAGGAGCATGAGCGACCTTTGTACAAAGGTAGGTTTCACACTCTGGAGTGACAGAGAGCAGCAGAGGGGAACAAAGGCCAACGTTCATTGAACTTTGAACATTCCGGCATGTCTGGGCATGCCCGGACATGTCCCAG	2	0.012609243	0.008292198	0.008292198	0.005186494	0.0037651164	0.0037651164	1.6940858	2.063621	2.4374735
seelig_cm	by_cre	GTGCCCCGCGCGGGCAGCAAGACCGAACGTTGATTGAACCTTGGTCGCAACAAGCATCTCGGAACAATCCCATTCCCGACATTACGTAACCTTCGGTCCACCTCCCTTTCGGGCATGTCTGGGCATGCCCGGAGGTTTACCCCAG	2	0.0113043785	0.0065066814	0.0065066814	0.002521387	0.0017833197	0.0017833197	1.6341425	3.0591967	4.4890485
seelig_cm	by_cre	GTGCGGAGAAATCACAGCTGTGGTGGAGTCTTTCCTGAAAAATGGGCCGAAAATCACAGCACGTTCGCACGGGCTTTAAATCACAGCGACCGCCGGCTTTCTTTCAAATCACAGCACTAGCCTCGGGTTTTCGACAGCAACGCTA	2	0.010648727	0.005597174	0.005597174	0.0018205415	0.0011342932	0.0011342932	1.2175093	3.5334954	5.854533
seelig_cm	by_cre	GTGGAACAAACATTGATTGTGTAAACATCAACTGACCGAATGACCGGAGGCATGCCGGGGGAGTGTGGAACAAAGTTGGGGACATGGAGTGCAGCTGTGCACCGGACATGCCCGGGCACGTTCGGTAGACATGACCTGACAGGAG	2	0.005936861	0.0039817095	0.0039817095	0.002799078	0.0019846498	0.0019846498	1.730759	1.9263891	2.1239743
seelig_cm	by_cre	GTGGAATATTCCAAATGATTGGGCACCGAGGTCGTTCGGTTTGCCGTGGGCATGTCCGAACATGCCCTCTGTACAAAGCCAGCTTGTGTTCATTCGATGCCGGTCGGGTGACAATTCCGTCATACGTAATGTGGCCGTTGAGCGA	2	0.00913322	0.0052441955	0.0052441955	0.006047149	0.0034063323	0.0034063323	1.5057682	1.640304	1.7709507
seelig_cm	by_cre	GTGGATCAAAGTTTGCACCTTTGTTTGTGTACTCAACACCTGACAGGATTGTGTAAAAATCAACTCAACTAATGACCGGAGGCATGGAGTGGAACAAAGGTGGAGTGCACCTGTGCACCGGACATGCCCGGGCACGTCCGCTGGG	2	0.010262489	0.005623162	0.005623162	0.003159256	0.0018754302	0.0018754302	1.6625013	2.4556906	3.2535193
seelig_cm	by_cre	GTGGCACAAAACAATGACCGGACGGACATGCCCGGGCATGTCTGCCGCCCAGGCATGCCAGGGGCAAAGGACTTTGGACTGTGGCACCAAACAATCAACCAACGGTCATGCCCGGGCATGCCCCCTGCCCCCCCCCCCCCCCCCC	2	0.024422407	0.019095778	0.019095778	0.020447763	0.011036322	0.011036322	1.1821692	4.8341594	8.4808235
seelig_cm	by_cre	GTGGGGGTGTCTCTTGCTGATGAGATATCGCTGTGTGTGGGTGTGGGTGGGGGGGGCGCGCGCGTTATCTGGCTGATGAGATATCGCTTTATCTTGCTGATGAGTTATCGCGATAGCGTTATCGCGCTTTAAGGATGGGTGGGTG	2	0.005745411	0.0048413873	0.0048413873	0.0050292118	0.0031277097	0.0031277097	0.78093004	2.7342052	4.6883845
seelig_cm	by_cre	GTGGGTGTGTGGGGGGGGGGGGCGCGATATCTTGCGGATGAGATATCGTTTTTTAGGAGGGTGGGGCTTAAGAAGTTTCTTATTGGCTGAGTTGCGCGATATCTTGCGGATGCGATAAGTTTCTTAAGGAGGGTGTGTGGGGGTG	2	0.01227808	0.0074032247	0.0074032247	0.0039511034	0.0032970225	0.0032970225	0.63865054	2.6427636	4.651751
seelig_cm	by_cre	GTGTGGGGGGGGCGCGCGCATGAGATATCGCGATATCGTTATCGCGCTTTTAGGAGGGGTGTGTGGGTGGGTGTGGGTGGGGCGCTTGCGTTATATGGGTGGGTGTGGGTGTGTCTCTGGCTGATGAGATATCGCTTTTATTGGC	2	0.01205349	0.007146865	0.007146865	0.010496992	0.0064372905	0.0064372905	0.21229726	2.6415222	5.0756536
seelig_cm	by_cre	GTGTGGGGGGGGCGCGCGCATGAGTTATCTCGATATCGTGATATCGTTTTTATTTGCGTTTTCTTTATCTTGCTGATGAGATATCGTTATCGCGCGATAAGGATGGGTGGGGCTATATGTGGGTGGGGGGGGCGCGCGCATGTGT	2	0.005802572	0.004814118	0.004814118	0.009743039	0.005310944	0.005310944	0.5926595	2.4743	4.3549523
seelig_cm	by_cre	GTGTTTCGGGCCGCAGCCAGCTTGACGTCCATGCAATGTGTGTTTGTGTGTACCTGCCCGGGGTCTGGGTGCACTGCCGACCAGGTTAATGACCTGAACTGTGCAACATTCCAGCTTTGATCAGTGTTTGGTACACCGCATGCCT	2	0.010273457	0.0053286552	0.0053286552	0.0020708258	0.0012165558	0.0012165558	1.0593411	3.010288	4.96618
seelig_cm	by_cre	GTTAAACAAAACCTTTGTTCAACACTATCACTGCAAACATGCCCGGACATTTCCACTGCTGACATTCCCTATTACATAATGTTTGTACAAACCAAAGTTCAAACAAACCAAAGTTCAAACAACTCCCTGTCAGCTAGTTGAAACA	2	0.008346081	0.004996747	0.004996747	0.0018628276	0.0017580334	0.0017580334	0.88353765	2.9663405	5.052493
seelig_cm	by_cre	GTTAAACCAGCGGACTTTGTACAAAACAAGATTTGATCATGTCAAACGACCGGAATGTTTGTTCAAACATCAAACAAACCAAAGTCCACCCAACCCTCCGTAATGTCAAGGCTCTGTAATGTGCAGGCTTGCCCGGACATGTCCA	2	0.0109705925	0.0060055256	0.0060055256	0.0024336802	0.0015734235	0.0015734235	1.4584073	2.983374	4.5133057
seelig_cm	by_cre	GTTAAACCTGTGGACTTTGCCCAGGCATGTCCAAACAGGCTTGTGTGCAAAGGTCAAACATCATGTCAAACAAAAAGTCAAAAGTCCTTTGCCCCCTTTGGTCCAAACAGGCTTGGTCCCAAACATGCCCGGTCATGAACATGAA	2	0.010662556	0.0057830215	0.0057830215	0.0023542757	0.0015136972	0.0015136972	1.3417888	2.9356291	4.534349
seelig_cm	by_cre	GTTAATTCCCGGACATGTCTACGTTGGTCTAACGTCCACTGCGGACATGTCCGGACATGTCTATGTTTGTAGTTATGTTGGTCGAACATGACGTGACTACATCGTTGGACGTTGGTCGAATGACCGACGTGCGGAGTTCACTTCA	2	0.0037711859	0.0037665367	0.0037665367	0.002725147	0.0025230083	0.0025230083	1.3819612	1.5023713	1.6227769
seelig_cm	by_cre	GTTCAAAGTCCACCGGAATCACTGCGGACGTTGTTCAAAGTTCAAACTTCCGGTGGTTTGTTTGAACAAGCGTACAAACATGCCGGGGCATGTAATGGGCTCAGTACAGGTGACTCTCCGAGGCCTGGAGCCGTCGCGTGGCGAG	2	0.0065517426	0.0048599243	0.0048599243	0.0019352665	0.0017719774	0.0017719774	1.6354545	2.8548813	4.0759997
seelig_cm	by_cre	GTTCAAGTCGTGGAATAGTCACAATGTGATTTCTCAGCCCAATCAAGTTCCGACTTAGGACAAACACCGGTCTGGCCCTGGCTGCGATTTCTAGGTAGTAGGAAGTTACTGTTTCATCGTAACGAGGCTGAGTCACCCTGTGACT	2	0.010376453	0.0054495335	0.0054495335	0.0019582142	0.0017032963	0.0017032963	0.36056536	2.8298817	5.3041253
seelig_cm	by_cre	GTTCAATGATTATGGGAGGCAAGCCGGGGCACATGCCCGGGCAAGTGCAAAGGTTCAAACAAACATTACGTAATGGTCGACCGACTGACCTACGTAATGCTGAAGTTCAAACATTGTCTCCCGGTCGCCTTGGCTACCGGCCTAC	2	0.0071418285	0.0041266084	0.0041266084	0.0033098643	0.001992608	0.001992608	1.6450876	1.901692	2.1613116
seelig_cm	by_cre	GTTCACCCCTACCTACTCTCCCACCTCCGGAATGTTTGTACTTTGGTCTCCTGTACTGCCGTCACCTCGCTCTTGTACCAACATGCCCGGGCATGCCGGCCTGCCTGCATGAATACAGAATCTTCCACCTCTCTAATGTTTGTCT	2	0.009870052	0.0049774647	0.0049774647	0.0020032162	0.0010326189	0.0010326189	1.3684611	3.1478033	4.932038
seelig_cm	by_cre	GTTCCAGGAAATCCCCACCCCCTTCCCAGAAGACTCATGAGTAATCCACCCCTTGTTAGCATATGATCCAGAAATAGCTTTAAGTATACTCAGTCAAGCAGCCCATGCTGCTGTTCTGTCTACAGAGTACCCATTCTTTTATTCC	2	0.011370182	0.006367743	0.006367743	0.0026404297	0.0022883792	0.0022883792	0.5163938	3.1945539	5.8777165
seelig_cm	by_cre	GTTCCGAGAAGCCGCGCCTATTGAGGAATACGGATGCGTCTTATAAGAACGCGATAAGAAATTACTTTATGATATTCTTATCACTAACTTCCTCAAGCGACTCCTTATTCATCAGACCTTGAGGAAGCGACTCCTAGATATCGTT	2	0.005718231	0.004930377	0.004930377	0.007254787	0.00417796	0.00417796	0.5689342	2.8820226	5.1958985
seelig_cm	by_cre	GTTCCGCGATTCGACACATTTTAATCCGTGCAAACAGTAGCGGGACCCGCGTGGCGACGCATCTGCGAGGAATCGTTACGACAACTGCGTGTGCTGATTAGAATACGATCCTAAGAAAAGGAGGTCCCACACTTATATATCCATA	2	0.0090789795	0.005023688	0.005023688	0.0016138984	0.0013521054	0.0013521054	0.88769853	3.2568395	5.630036
seelig_cm	by_cre	GTTCGGCCGAACTTTATACATAGGCCGCTGTTCACATTACATTACGTAATCCAAAATCAAACAGGGGTGCATGGCATGCTCCGGCATGTTTGTACAACCCAACGTGCCAAGGCACGGGAATAATCCTGGGCATGTTAGACTCTAC	2	0.012863636	0.007826209	0.007826209	0.0026301397	0.0022891157	0.0022891157	1.4301512	3.161201	4.8972883
seelig_cm	by_cre	GTTGAGTATGAGTCACCGGGCCATGCCGTGGAGAGAGGAGCAGTAGGGAAAGGAGGTTCCTTGGTGAGGTCAGTGGACCATAAAGTGATATGTTTATCACCACGGCTCAGACTGCACTGAGCAAGCTTCATCCCCCACTTCCCAG	2	0.0057234764	0.004466504	0.004466504	0.004066516	0.0027675477	0.0027675477	0.78765345	2.343273	3.9001493
seelig_cm	by_cre	GTTGTCCGGTCATGTGAACAGGGCAAACTCCCCCCGGCAGGCCAGGGGCAAAGGACTTTGGACTGTGGCACCAAACAATCAACCAAAGGTCAGGGGCAAAGGTCAAAGTCCCACCGGACGGTCATGCCCGGGCATGTCCCCTGGC	2	0.009408712	0.0048156977	0.0048156977	0.0025164713	0.0013177415	0.0013177415	1.8709904	2.8049767	3.7435558
seelig_cm	by_cre	GTTGTGCAGACTCATCAGTGCCTAGCCACTGGTCACTAGCATGTTTTCATTTTTCTCCAGCTCCCTCCACCCTTCATGAACGGGGGCTGGAAAATGTGGTCTGCTCTGATAAGGATTTGCGTCAGGCTACTGGCTACTCAGCAGC	2	0.005867481	0.0041202903	0.0041202903	0.0020243248	0.0017048741	0.0017048741	1.1711051	2.7037232	4.238088
seelig_cm	by_cre	GTTGTTTGTTTGACATGACCGGACATTCCCTCCCTTCTTTTTTTGTTCAAAGCTCCCTCTCCCTGCACCTTTGAACTTCTGTCCGGAGTGTTCCCTTCACCTTTGAACTCCTGATGGTCGCCCGGCATGCCCGGACATTCCCTTT	2	0.0100569725	0.0051141083	0.0051141083	0.0017532406	0.000978492	0.000978492	0.840404	3.2883546	5.741248
seelig_cm	by_cre	GTTTAAAGGAAGTGATGGGAAACCAGGGGGCCCAGTCTGCTAGGCGGGAGAGATGCCTTTAAGTTCTTATCTCTGGCCACCAGCTTGAGCCATTTGGGCGTGGTGTTTCACTTCTAATTCCCAGGCAACAACCTTTACTGTGTTG	2	0.010377407	0.005990267	0.005990267	0.0025400582	0.0019286798	0.0019286798	1.2161763	2.651239	4.0906887
seelig_cm	by_cre	GTTTGAATGTTTAAACACCCTATTACACTACCGTAATTGTACATGACCAAACATGACCGAACTCCTGACCTACCTACTGTACATTTCTACATGACCGAACATGCCTGTGCATGACCAAACTTCCACAAGTCCAAACAACTATTAC	2	0.010380745	0.0054299235	0.0054299235	0.001744878	0.0012172452	0.0012172452	0.69450164	3.322004	5.9544573
seelig_cm	by_cre	GTTTGGACATGACCAGGCTTGCCCAGACATGTCAGGGGACATGCCCGGGCATGCCTCCGGTGAACTTTGGACATGTCCGGGCTTGCCTTGACATGACAGGGGCCAAACAGGGGCAAGCCCAGCCATGACCTTTGCACAATGCAAT	2	0.015280247	0.010118723	0.010118723	0.0036970088	0.003492623	0.003492623	1.5050766	2.8203464	4.1407776
seelig_cm	by_cre	GTTTGGACATGCCCCGGCATGTCCCCAGACATGTACAGACATGCCCGGGCATGTCGGGGCCCACATGCCGGGGCATGTCCCCTGCCCGGCATGTTTGGACTGCCCCTGGGGTGCTTGTCCCCTGGGTTGTTTGGACATGCCCGCA	2	0.008538723	0.0049983263	0.0049983263	0.0015204782	0.0013805893	0.0013805893	1.174357	3.3954504	5.620084
seelig_cm	by_cre	GTTTGGACATGCCCGGACATGTCGGCATGTTTGGTTGTGGGGGTGTACATGCCCGGGCATGTTTGTACAGACATGCCCCGGCATGTTTGTACAGTGGTGGTGATGTCGACAGGTCCACACATGCCCGGACATGTCCCCTGTGGGG	2	0.006366372	0.0034601092	0.0034601092	0.004489131	0.0024051901	0.0024051901	1.4149915	1.5711069	1.7243161
seelig_cm	by_cre	GTTTGGTGGGCAGGAAGGCTCCTGCTCTTCAGTTGGAAGTGGCTGCAGCTGTTATTAGCAGATAAGCAGGAGTGGCCTGGCCATTTCTGTGACTCACAGTGACTTAGTGGGATTCATATCAAGAATTCCTTCCTTTTCTCTTGAC	2	0.0059998035	0.0043298006	0.0043298006	0.001930662	0.0018681431	0.0018681431	1.3763311	2.3502514	3.3258414
seelig_cm	by_cre	GTTTGTACACATCCCCTGCAAACTCCACCCCAGCCAGCATGCCCGGACATTTCCACTGCTGACATTCCCTATTACATAATGTTTGTTCAAACCAAAGTTCAACACTCTCACTGCAAACATGCCCGGACATTTCCACTGCTGCCCA	2	0.0098257065	0.0050491095	0.0050491095	0.001740637	0.0009772162	0.0009772162	1.274506	3.4597666	5.649804
seelig_cm	by_cre	GTTTGTACACATCCCCTGCCAACTCCCCCCCTCCTCCCCACCACCCCTGCAAACATGCCCGGACATTTCCCCTGTTGACCAACCCTTTGTTCAACATTCCCTATTACATAATGTTTGTCCAAACCAAAGTTCAAACAACTCTCTC	2	0.008949757	0.004910141	0.004910141	0.0014388224	0.0012326973	0.0012326973	0.8475575	3.534094	6.2246704
seelig_cm	by_cre	GTTTGTTCACATGACCGTAATTTTGTCTGTCCGCATGTTCGAACATTACCGACCTTGTTTCCGCCTGACCATGTTTGTTTACCTTTGTACATGACTAAACATGACCGACCGACCTTGTCTACATGTCCAAACATGCCTGAACATT	2	0.011655331	0.006803572	0.006803572	0.0025092463	0.0019351194	0.0019351194	1.4331347	3.0395315	4.65078
seelig_cm	by_cre	GTTTTAATGTTTACATTACCAAACAAACATGACCGAACATGTCTCCGCCTGACCTCGTTATTCCGTAATTTACCTACCGACCTAGTCCCCATGTTCGTAATTCCAAACTTCTACATGTCCAAACATGCCCGTGTTTGTTCATGAC	2	0.010644436	0.0056179166	0.0056179166	0.002069432	0.0013862401	0.0013862401	0.8408944	2.9924207	5.1489735
seelig_cm	by_cre	TAAAAACAGATAACTCATCAGTCCGCCCCTCCCATATATCGCCCCACCCTTATCTCTTAAAACCGATAACACATCCTAAAACCCATAAACACTCAAGAAATAACTTCCTCAAAACCGCAAGATATCTCATAAGTCACTTATATCG	2	0.009041309	0.005012855	0.005012855	0.0031089897	0.0022686464	0.0022686464	0.31613815	3.3233678	6.3346257
seelig_cm	by_cre	TAAAAGGCACGGCCTATATCTTAAGGGGGAGTCATAAGAAAGAATACGCGTATAAGTTACGTTGTCTTTCTGAGGAAGCGATACCAATAGGCGGCGCGGATTTATTAAGGAGGCGCGTTTCGCGAAAAGCGTTATCTCGCGTATG	2	0.011537552	0.00649786	0.00649786	0.0024386721	0.0022480723	0.0022480723	0.5972062	3.1027844	5.6134024
seelig_cm	by_cre	TAAACATGCGGGGAGAAGGTCGAACAATGGTTGTTGCGTAAGGGGATTGTTGCGGAATGTCGAACAGAAGGGGGGGGGGGGGGAGGTTTAAACATGCGGGGATTGTTACATAAAGTTGAACTTTTGAACTTACGGTTGTACAAGC	2	0.0065817833	0.0047731996	0.0047731996	0.0034725147	0.0025430562	0.0025430562	0.85225517	2.4663434	4.0822406
seelig_cm	by_cre	TAACAGGAAGGATAACTCGGAGGAAGGATATAAGCATATAACGAAAGAAGGGGGGGGCCGCATCCGCGAAAGGCGGCGCCTATAAGAAACGATGAGTCACCCCGTATCCGTCCGCGAAAGGCGGCGCCTATCGGAGAAGGAGGAA	2	0.010366917	0.0053981245	0.0053981245	0.0021333173	0.0014278886	0.0014278886	0.5940497	2.7268965	4.864712
seelig_cm	by_cre	TAACGACACGTAATTCGCGTATTAAATCGCGCTATCTCTTCCTCCGGCCGATAAGCTTGAAAAGTTATCATATTTCGAGAAACGCCCTACCGCTGTAGCACGCGAACTGCGTATATCATCAAGTGATGACGCTTCGCGGAACGGG	2	0.0074677467	0.0050336663	0.0050336663	0.06200771	0.031628657	0.031628657	0.0406238	3.009012	5.979834
seelig_cm	by_cre	TAACGCGCGCGGCGCCGAACGCGTATGCGATTCCCCGATAGGAAAACGCGCCTCTTAAAAACGCGAGATCCGCCAATCTTGCGAGATAAAATCGCCCAATTCGGATGCGTCATCTTATCGCGCCCGATTGGCGATGTCACTTCCG	2	0.011400223	0.0063357055	0.0063357055	0.004332942	0.0031412002	0.0031412002	0.29274204	3.0706346	5.853592
seelig_cm	by_cre	TAACTCAAGAAAGCGGCGCCCACACGCACCGATGACTCAAGAGCGCGGCGCAGACCACACCCAAGAAGCAGATAACGAGGAAGCGCCCACCCGAGAAGCACCGATGACTCAAGAGAGCGGCGCACCGCTGACTCAAGAAACGCCT	2	0.010041714	0.00503443	0.00503443	0.0016533531	0.0011453554	0.0011453554	0.04257819	3.0580678	6.078565
seelig_cm	by_cre	TAACTCACAAAAACGCTAACGCGCCACCCAAACAACCACATCCAACAAACCACCAATGACTCAAAAGAAAGCGCAGTCGCGGAAGCGCCGCCCACATCCAACCCAAAAAACCAAACCAAACAACCAAATGACTCACCACCCCAAT	2	0.012142181	0.007110141	0.007110141	0.011302439	0.0064956336	0.0064956336	0.18282402	3.6867847	7.1957774
seelig_cm	by_cre	TAAGATTGAGGGTGGGGCTTCGGCGATGCGACGCAAGAAGATAAGTGAAATCGTACTTGGATAACACGCACTGTAATTGGGCGCCATAAATCCGCCCATGGACGATACGCCTTATCCTGAAGCACCAACGAGTTATCTCGCAAAT	2	0.00927043	0.0047080517	0.0047080517	0.0024576574	0.0014919646	0.0014919646	0.2767304	2.0244315	3.7766945
seelig_cm	by_cre	TAAGCATGCGGGGAGAGTTACATAAGGGGATTGTTGGGGAATGTCGGAAAGTCGAACAATGGTTGTTGCGTAATGTTGAACTTACGGTCATAAGGGGGGAGGTTTAAACATGCGGGGAGATGTACATAAGGGGAATGTAACAGAA	2	0.013437271	0.008479893	0.008479893	0.004022571	0.0035593659	0.0035593659	0.8739263	2.607833	4.346697
seelig_cm	by_cre	TAATGCTCCGCGTGTCGCAGTGTAACCTTTGATCAAAGGTTCAATGACCGCTGTGACTGTACAACCACCGGAATGTTTGCCATGACCGGACATGTTGGGTAAACATGCCGGGGCACGTACTGCATGCCTGGTGGCAAGTTTTGAT	2	0.008993864	0.0048103333	0.0048103333	0.0022849557	0.0013859095	0.0013859095	1.2871163	2.6117756	3.9406188
seelig_cm	by_cre	TAATGTACCCAGCATGCTCAAAGTTCAAACCGAGGTTGCTGAACCTGACCAAAATTCACAGCTGACAGGACTTTGGTTCGCCATGACAGGCACCTTGCCCGATGCCCGGAGGCATGATTGATGCCAAGGGGGAATTTCGGACACG	2	0.009696007	0.004963368	0.004963368	0.0016577672	0.0010104259	0.0010104259	0.6353555	3.2421527	5.853683
seelig_cm	by_cre	TAATTTCTTATTTCGCGGATCTCGCAAGCGGTTGCGCGATATAACGCCTCTTAAGGCGGGCCCGATGCCGTCGACGACTGATGAGTCATCAGTCCCGCGGATCCTCCTCCAATGGCGCGGACTTCCGAGAAACACCTTCCTTTTT	2	0.011360168	0.006547928	0.006547928	0.002447903	0.0021186944	0.0021186944	0.9690685	2.805356	4.646456
seelig_cm	by_cre	TACAACCCCAACACCCGGAATGTTAGTAATGTACAACACTCCGGACATGTCAACGTCCGCTCCAGTACAAATAGGTCTAAAAATTAGCCAACGGAATTCCGGTCGCCATGCCCGGGCATGCCTTGACGTAATAGGTCTTTGACCT	2	0.01062727	0.005591899	0.005591899	0.0016416594	0.0011843374	0.0011843374	0.7652194	3.619495	6.478806
seelig_cm	by_cre	TACAAGTCCGGAATATTCCCCTCAGGGAATCTCAGGGAACCCACGGCATGTCGCCAGTTCACTGACCGCAGGGATACAAAACATACCAAAGTTCATAGCACCGGGCATGCCAGGCGAGCCGGAGTGAGTTTTGGTTCAACAGGAA	2	0.011947155	0.006986141	0.006986141	0.0021818227	0.0019080387	0.0019080387	1.2381623	3.3574717	5.481742
seelig_cm	by_cre	TACACAACCGGAAATGTACAAAACCGGACATGTCCACAGGACAAAACAAAGGCCAGACCCTGTGAACATGCCCGGGCATGTACACAGGACCATGGACCCATGCCCGGGCATGTCACACCAACAAACCAACGGACCAACAGACCAA	2	0.012054443	0.0070988387	0.0070988387	0.00826184	0.005223228	0.005223228	0.25834203	2.8886452	5.523904
seelig_cm	by_cre	TACACAACCGGAACGCTGCAGCTGAGTGACGTCAGACATTTCCGCGCATGCCCGGTCAAGCTTTGGTCCCGCGGTACACAACCCGGAATGTCCTAAGTTTCCGCCCTGTTTGCACTGGCCCGTTAGGTCGCCATTGTTCAAACGC	2	0.01235199	0.0073544383	0.0073544383	0.0072546373	0.0048983237	0.0048983237	0.3237016	2.5920112	4.8653183
seelig_cm	by_cre	TACCAGTGACCAAAATGACAAACCCAGTGCAGAAATGTTTGTTCGGAATTTTGGTCATGCCCAGGCATGTTCCCCGGTACGTCATATCAAGGTTGCCTTGCCATGACGGCATAATAATTTTGATTGTTTGACCTCTGCCGTACTG	2	0.0064308643	0.004803896	0.004803896	0.0021784313	0.0019609183	0.0019609183	1.4567672	2.5735178	3.6918952
seelig_cm	by_cre	TACGGTCTCCCCTGGACTTGCAGACTACAAGGTCGGGCTGGTGGGGACAGATAAGGACTGGTGGGGACAGATAAGCGCGGCGGGTAGTTGGCATTTTGCCCGAATATATCAGCCGGGTTCGGCGGAAATAAGCGAGAGGGACACG	2	0.0051446557	0.0048287213	0.0048287213	0.011740599	0.0063484088	0.0063484088	0.43562132	2.5788007	4.721664
seelig_cm	by_cre	TACTCTCAGGTAGTTTTGCCATGACGGAACAGTGCAAACGTGACCGACCTACCAGCCGGGGAATGTTCGAAATTCCCAACATGCCCGGGCATGTTCTTAGAGTTTGACTGTACAATGGTCATTCTCAGTCTTTCTTTTTGCACCG	2	0.010923386	0.006340325	0.006340325	0.0037178076	0.0024056854	0.0024056854	1.6060373	2.2725208	2.9435873
seelig_cm	by_cre	TAGAAAAGATAAGATCCGCCCAATGAGTCACCCGCGCCTTCCTCCGATGAGTCACTTCCGGTTCCGAGTTCTTATAAAAGATATCGCTTCCGGTTCCGCGTCTTATAACTCCCGTCCAATGAGTCACTTCCGCTTCCGCGGAAGT	2	0.011347294	0.00652349	0.00652349	0.0027902129	0.0024424058	0.0024424058	0.81061155	2.4391408	4.0724936
seelig_cm	by_cre	TAGAAAAGATATCGCTTCCGGAAGATAAGACCCGCGCCTTCCTGCGAGATATCATCCGACTGATGAGTCACTTCCGGAAGATATCGTCATAAGACCCGCCCAATGAGTCACTTCCGCTTTCGCGGATCCGCGCCTTCCTGCGAGA	2	0.006342888	0.004462242	0.004462242	0.0024387357	0.0020681643	0.0020681643	1.057289	2.3974905	3.7395728
seelig_cm	by_cre	TAGAAAAGATATCGTCATATCCTTATAAGACCCGCGCCTTCCTCCGATGAGTCACTTCCGGTTTCGCGGATCCGCCCAATGACTCATCCGCGCCTTCCTGCGAGATATCGCTTCCGGAAGATAAGATCCGCGCCTTCCTGCGAGA	2	0.009789467	0.0050969124	0.0050969124	0.0022346063	0.0013874478	0.0013874478	0.74820775	2.5646284	4.385741
seelig_cm	by_cre	TAGAGCCCTGCGAGATAAGGATGAGTCACTTCCAGGAAGTGGCGCGTACCGCGGATGCGCGGGCCACGTGCCTTTCGAGAAAGCCGCTTCCTTGCGGCTACTGGAGCTGTCTTATCGGACCCGCGAAGTCGCGTACTCAAGCCGG	2	0.012021065	0.0070549725	0.0070549725	0.11065505	0.056328982	0.056328982	0.017832965	3.0103233	6.0077796
seelig_cm	by_cre	TAGAGGAACCATTTCTTATACGTCGTCCGCGCCTTATAAAGGAAGATAAGTCATCGGACCCGCCCCAAGGGCGGCGCTACGTCGTCTCTAGGAAGAAGATAAGAGCGATATCACGCGAATCCATATGACTCATCAGCGTCTTATG	2	0.011929035	0.00696066	0.00696066	0.008972574	0.005720399	0.005720399	0.22104551	2.527543	4.8390093
seelig_cm	by_cre	TAGCCCTGGCAGTGAAGGCAAGGGCAGCAGCTTTCTAGCGCCCCTTGTGGCTGGATGGTGGTCTGCCCAATCCTGGTGGTCAACATCAGGAGGCCCATTGTCTGCGCATGCTCTCCAGAGCCAATCTTATTGGTAACAAAGCAAG	2	0.009224892	0.0049278364	0.0049278364	0.0088961115	0.005304971	0.005304971	0.07058986	2.7267613	5.38723
seelig_cm	by_cre	TAGCCTATAAGATAAGTCGTATCTTATTAAGTCCCGTAGATATACGCGGATCCAATTGGCCGCGCGTCCGCGACGGAGAGAAGGTGTACGCGTTGACATCCTAGAAACGCGTATCGCTTCATGGAACCGCGCAACTGGCGACTGG	2	0.0112633705	0.006305931	0.006305931	0.03577527	0.019011227	0.019011227	0.037019156	2.5249536	5.0178456
seelig_cm	by_cre	TAGCTTATAAGAATTCGCGTAAAAGCCCTGCGTGTAAGGGGTGTGTCTTCCCGGTAAGGCGCGCCGCCGTATCGCTAATGGCTCAGCCCCCGCTTAACTATATGAGTTATCGCCCGATAAGAAAGATTTCTCTTATTATTGGTCA	2	0.006968975	0.004924983	0.004924983	0.0035257798	0.0024731853	0.0024731853	0.81568104	2.8614044	4.9091716
seelig_cm	by_cre	TAGGATGAGTCATCAGCATATAAGGAAGGAGGGCGGGACTTCGTCATATAAGGAAGATATATCTTCCTCCAATTGGATGAGTCATCGGCCTATAGGGAGGGTGAGAAAGCGGAAGTCACATCCTGAAGATAACTTATAAGATAAC	2	0.0074903965	0.0038047135	0.0038047135	0.0034310643	0.0018033206	0.0018033206	0.6778799	1.4305257	2.186857
seelig_cm	by_cre	TAGGATGAGTCATCGGAAGGGCGAGAAAGCGGAAGTGACTTCCTCCAATAGGCTTATAGGATGAGTCATCAGCTTATAAGGAAAGCGGAAGTCACATCCGGAAGATAAGATAGCGTGACTTCCTCCAATAGGATGACTCATCGGA	2	0.004985869	0.00302881	0.00302881	0.005102939	0.0032010635	0.0032010635	0.8244033	0.90099865	0.9795512
seelig_cm	by_cre	TAGGCAAGCGAGGTTGGTTACATAAGGGGAATGTAACGGAAAGTCGAACAATGTTTGTTGCGTAATGTTGAACTTACGGTCATAAGGGGGGGGGGGGGGAGGTTTAAACATGCGGGGATTGTAGGGGAATGTCGGAAAGTTGAAC	2	0.008028984	0.0048309565	0.0048309565	0.0019636543	0.0017210578	0.0017210578	1.1036621	2.596638	4.0928116
seelig_cm	by_cre	TAGGCATGCGGGGAGAAGGTCGAACAATGGTTGTTACGTAAGGGGAATGTAACGGAAAGGCAAGCGGGGAGAAGGTCGAACAGGGAATGTTGCGGAATGTCGGAAAGTTGAACTTACGGTCATAAGGGGGGAGGTTTAAACATGC	2	0.01008749	0.005050957	0.005050957	0.0021496778	0.0010886424	0.0010886424	0.52248037	2.6075234	4.697603
seelig_cm	by_cre	TAGGGAGACGTGAGACATCAATCAATACCTGTAAGATGTACATTGGTCTCGTCAGGGAAGGCGGGACATCTTGGGTGGGAGGGCGTCCAGGGCATTGGTGGATTCAAATATTTCACGATTGGTGATTGGTTGAAAGAGTTTATCT	2	0.004389763	0.004176259	0.004176259	0.0046517295	0.002916776	0.002916776	0.94148916	2.1483855	3.3550687
seelig_cm	by_cre	TAGGGGCGGGGCTTCCCGGAAGCCCCGCCCCCCCCCGCTGACTCATCCCCCGGAAGTAACTTCCGGGAAGGGCGGCCCCCCCCGCCTATAGGCGGGCCCCCCCCCACCCAGAAGAGGATGAGTCATCCGATATCGGCGGGGGGCC	2	0.011820316	0.006808758	0.006808758	0.0042320266	0.0028965357	0.0028965357	0.42376772	3.998361	7.577966
seelig_cm	by_cre	TAGTCCTACGAATCACGCCGCCAAATAAGGAGGTGGCGCCTCCTACGACGGATGCGTCATTTGCGTGATGCAACGCCGTATCGATGAGTTATCACGGTGTATGATAACTCCGCCTTCTGGCGGCGCTTCCCTCCGAGTGACGCTA	2	0.00962925	0.0050665215	0.0050665215	0.0035203334	0.0025679746	0.0025679746	0.14285767	3.0516102	5.964926
seelig_cm	by_cre	TAGTGGACTTGGTACATAGACCATTTTACGTCACTACTGTCCGCTTGAGTTTAGCCAGTTTTGATAGGTCAATGGACATGTCCGGGCATGCCTTGAGGCCTTCAGGTCAACAGTCCGGTATAGTCCAGAGGACATTGATTGTTCC	2	0.00941205	0.0049874783	0.0049874783	0.0039379066	0.0021301988	0.0021301988	1.7452133	2.0678048	2.3948212
seelig_cm	by_cre	TATAAAAGAAATATATCATGACTCATCCTATTGGGGCGGCGCTTCCGCGAAATCGGCCGCGCGATAAGATTTCACGAAGCCGCGCGGTCCAATGAAATTTCACATCGCACCACACTTATGACTCAACTGTGAAGGTATTATATAG	2	0.009714365	0.004964873	0.004964873	0.0024808114	0.0015331019	0.0015331019	0.3678189	2.141864	3.9206588
seelig_cm	by_cre	TATATCCTAAAAGATCTATGAACTAATCGGTTCCGCGAATTTCGTCTGATAACCTCACTCTGACTGGCCGATTGGCGCGACAACGATATCTCAAAGACACAGTTTGAGGATGTGTCATCCGCTGAAGGAGTTACCCAATCGGGGC	2	0.00843668	0.0048363805	0.0048363805	0.001681234	0.0016630394	0.0016630394	0.7508699	2.8848176	5.0223656
seelig_cm	by_cre	TATATCGGCGGGGGGCGCAGGAAGTCACTTCCGGGAAGCGCCGCCCCAAGAGGATGAGTCATCCGCGGGGGGCGGACGCAAGAGGATGAGTCATCCTATATCGGCGGGGAGCCCAGCCTATAGGCCGGGAGGCCCCGGGGGGGGG	2	0.009255409	0.004948497	0.004948497	0.00200421	0.0014737606	0.0014737606	0.6798199	2.6490624	4.6226115
seelig_cm	by_cre	TATATCGGCGGGGGGGGGGGGAAGTCACTTCCGGGAAGGGCGGGCCCCCCCGCCTATAGGCGGGCCCCCCCCCCGCTTCCAGGAAGTGACTCACGGGCGGGCCCCGCCCCCAAGAAGATGAGTCATCGGCGGGGGGCGGGCGGGC	2	0.011974335	0.0068678856	0.0068678856	0.0038070888	0.002816427	0.002816427	0.46179208	3.5106006	6.5645156
seelig_cm	by_cre	TATCACTCACTATCCTCGAAGCACGACACTGACGTCGCTGTCGCTTATCATAAGTCGCATCCGCCCGCGAACGCGTCATAAGATAGCGCGCGCCTCGCGCCGCGACGCGTGGGTGGGGGTTTCTTATATGGGGGGACTAATTCTA	2	0.005197525	0.00461486	0.00461486	0.004483752	0.0029910337	0.0029910337	0.89727426	2.184101	3.4715104
seelig_cm	by_cre	TATCAGGAAGGGAGTGACGATATCGCGCCATCCAAGAAAAACGACATCCGCGAATCCGCGAATCCGCGCATCCAAGAAACCACGGGAGGGCGCGCCTATCGGAGGAACTGAGGGAGCGGCAGCGAGAAACGATGACTCACCCCCA	2	0.0061454773	0.00488922	0.00488922	0.01003994	0.0055375667	0.0055375667	0.36003458	3.1491983	5.939618
seelig_cm	by_cre	TATCCGCCCGATAAAAAGTCGTAAGTGGCTTATGCTTCCGGATCACACTGTTACGGCGAGTCATCAGGAACAGCGCGCCGCTCCGAGTAGTCGTCGGCTTATCTGGATGACGCAGCCGCGACGCGGAGATAAGTCATGAAATCGG	2	0.009727001	0.0049740076	0.0049740076	0.0023649856	0.0013335375	0.0013335375	0.7315073	2.4222696	4.117785
seelig_cm	by_cre	TATCGCAGAAGATATAAGCATATAAGCATATACGCGCGCCTATGAGTCAGCGCGAGGCGATGAGTCACGCAGGAAGAGGAAGCATATAAGGATATAACGATGAGTCACCCTCCGCGAGAGGCACCGCCTATCGCAGAAGATATAA	2	0.008428812	0.00496462	0.00496462	0.004474968	0.003585504	0.003585504	0.55578	1.2200385	1.8877612
seelig_cm	by_cre	TATCGCGAAAGCGTCTTACCGAGAAACCGCCACCCACATCTTTTTAGCGTCTCTTTTATCGCTTTTTCTCTAATGAGTCATCCTTAGAAACCGCGATATCGCGAAACCGCGTTATCGCGATAACTCGCGTGTTACTTCCTCTATA	2	0.007402897	0.004974209	0.004974209	0.03181799	0.016696855	0.016696855	0.0787298	2.389056	4.701811
seelig_cm	by_cre	TATCTTACTTCCCTAGCAGGACGTCACTTCCAAGATATAAGCGTGAGATAGGTCTTCATTAGGACTCGCCCCGCGCGTAAGATAAGATAACGACTCATCCACGATTCGCGTATCGCCTAACGGTGCGCGGTGCGGGTGGGGGTCC	2	0.005920887	0.005067587	0.005067587	0.0071220733	0.0041398387	0.0041398387	0.58961475	2.8532495	5.1177373
seelig_cm	by_cre	TATGTAATGGTCCGGTTATGTAACCGGTTAGGTAATTGTCCAGTGATCTAAGTAGGTATGCGACGGTTTGTCTAACCGGTTATGTAATGATCTATGCAGTCGGTTATGTAACCGGTTATGTAAGCGGCAAGGCAGCAATGTAAGT	2	0.005771041	0.003797233	0.003797233	0.0033572621	0.0022662892	0.0022662892	1.5505216	1.6352029	1.721858
seelig_cm	by_cre	TATTTACGAGATACGCCCTATCGTATTGGTCCGTCCAATAAGGAAGAGGAAGACGTTTCGCGCTACTAATAATTCTTATATGCGGCGCTCCGCGATATCCGACGCATCGGCAGGCCGCGACAGATATAGCAATTGGCTGCTAGAC	2	0.0059108734	0.0050309747	0.0050309747	0.014534167	0.0078050913	0.0078050913	0.28353256	2.8894517	5.496251
seelig_cm	by_cre	TATTTGGAGGAGTTATATGCTAATTATGAGTCATCGGGTGGGGCGTCTTATAAGTCTTCTAGCGGATCAAATCCGCGGAGCGACGCGCTGCGCCAGCGGGAGGCGCCGCCTCCTGCGGATAACGTTATTTCGCGTAATCTTATAT	2	0.011817455	0.006884545	0.006884545	0.011897037	0.007027916	0.007027916	0.16306797	2.8190699	5.480005
seelig_cm	by_cre	TCAAACATGTCCAGACAAACTCCTGTTAGACATTCCCTTTTACATAATGTTTGTACAAACCAAAGTCCACATTACATAATGTTTGTACACATCCCCTGCCCACTCCACCCCTGCCAGCATGCCCGGACATTCACTCTACCGACAA	2	0.009597778	0.0048928857	0.0048928857	0.0017927479	0.0010841892	0.0010841892	0.50037956	2.927071	5.3584676
seelig_cm	by_cre	TCAAATCACAGCGCCAACCAGAGGGTATGACAAAATCACAGCAAATCACAGCTAAAAGGTAGCTTACGCAATGGTGAGATCGGAAAATCACAGCTCTGGATCTGGTACAAAATCTTCCCCAAATCACAGCGTGCGCATTCGGGAC	2	0.01436615	0.009345323	0.009345323	0.0092720445	0.0059922566	0.0059922566	0.4642393	2.8813696	5.3035207
seelig_cm	by_cre	TCAACCGACGGGCTATGTCGACCGTCGTCGAACGTCGGCCGATGAATGTCGGCCGATGTTCGAACGTCCGACGTTTGTTTGAACTTTGTCCGGACATGTCTACGTCCGTTGGTTGTCGTCTACGTCCGACGTAGACGTATGCGCA	2	0.008517742	0.004861474	0.004861474	0.0018462251	0.0013565156	0.0013565156	1.3897959	3.001999	4.617858
seelig_cm	by_cre	TCAACTCAGCATGGGGCCCTTTTGAAGAACTACCCAGGACACATGTCCACGTAGTCCAGCCCTGGCGGTGGGATTATCTCTGGAATGAATGCTCTCTAATCTTCTCTGTGGCTTTGTTTAGTCAGTGCTGAAGTTCATGGTGAGC	2	0.012930393	0.007987291	0.007987291	0.0054809884	0.0041124523	0.0041124523	0.5538865	2.6338973	4.7188516
seelig_cm	by_cre	TCACAAACGGGTGGCGGGGCCCGCTTCCTTCTCTTCTAAGAAGCAGTTATCTTATAACACGCATATGCGTCATGTGGCTTATCTGTCAGCAACTGCTTCTTAAGATGACGCCGCTTCCGCGTTCTAATGAGTCAGCGAGATAAAG	2	0.005753994	0.0032866597	0.0032866597	0.002817739	0.0017445552	0.0017445552	1.2199664	1.6312183	2.0449376
seelig_cm	by_cre	TCACACGACCAAAGTCACCGCAGGTGTACGGTGACATGGTGCATTGGTTTGTTGAGCGGTGAACTTTGTTTGTTTGTTTGCACCATGACGTAGGCCGTGGCTTGTTTGAACGACTTACCTAGGTCGGGTTGTTTGACCTGTGTAT	2	0.010091066	0.0053867996	0.0053867996	0.002527896	0.001793439	0.001793439	0.6441765	2.3182006	3.996929
seelig_cm	by_cre	TCACAGTTCCACATGGCTGGGGAGGCCTCACAATCACGGCAGAAGACGAAGCAGGAGCAAAGAACGTTTACATGGCGGCAGGCGAGAGCTTGTACAGGGAAAACTACGCTTTATAAAACCGTCAGATCTCGTGATACTTACTCAC	2	0.014397621	0.00999032	0.00999032	0.013847455	0.008676741	0.008676741	0.40038854	2.2548575	4.113734
seelig_cm	by_cre	TCACCTTTGAACTCCTGTCCGGAGTTTGAGCTGACCGGATTTTTGTACAAAGCTCCCTCTCCCTCCACCTTTGAACTTTGGCCCTCTCCCTGACCTGATGGTCGCCCGGCATGCCCGGACATTCCCCCTGCTCCCCCCCCTCTTC	2	0.012709618	0.007833898	0.007833898	0.0023379398	0.0022639097	0.0022639097	1.2638139	3.5345452	5.810152
seelig_cm	by_cre	TCACCTTTGAACTTCGGTCGGGAGTTTGAGCTGTCTGTACAAACATTCCGACCTTTGTACTTTCCCTTCTTTTGTTGTTCAAAGGTCTCCCGGCATGCCCGGACATTCCCCCTGCTCCCCTCTCTGTTTGACCTTTGAACTTTGC	2	0.009410381	0.00496763	0.00496763	0.001765639	0.001134914	0.001134914	1.0407727	3.185383	5.3344364
seelig_cm	by_cre	TCACCTTTGCACTCCTGTCCGGAGTTTGAGCTGACCGGATTTTTGTACAAAGCTCCCTTTGTTCAAAGCTCCCTTCCCCTGAACCTCTCCCGGCATGCCCGGACATTCCCCTGTCTGTACAAACTCTCCTCTGGTCAAACATTCC	2	0.011879921	0.0068409294	0.0068409294	0.003718698	0.002795138	0.002795138	0.48366052	3.4160523	6.353483
seelig_cm	by_cre	TCACGCGGTTTCGCGGAATTGCGCGACGCCCTGCAGATAAGATAACTTATCGCCCTTCCTTTATCGGGTTGCGATTTCTCGCAGATACGATGACTCATAAGTGGTCTCGCAGATTCGCGGGACGCGCCCCCTTCAGGAAGTTACG	2	0.01135397	0.0063938797	0.0063938797	0.0023008795	0.0021950337	0.0021950337	0.62243164	3.0288906	5.44031
seelig_cm	by_cre	TCACGCGGTTTCGCGGATTCGCGGGACGCCCCCCCTTTAGGAAGTTACGATTTCTTTTCTTCCTTCACGCCTTATCGCATCGGCGCGGGACGCCCCGCCTATAAGATATCTCGCAGATACGATGACTCATAAGTGGTTTCGCGGG	2	0.01008749	0.0050607696	0.0050607696	0.0017896931	0.00097282097	0.00097282097	0.21831839	2.9273853	5.641479
seelig_cm	by_cre	TCACGCGGTTTCGCGGATTCGCGGGACGCCCCCTCCTCAGGAAGTTACGCTTTCTTATCAGTATCGGCGCGCGATTTCTTGAAGATACGATGACTCATCGCCCGTCCTATAGGAAGATAAGATATCTCGCAGATACGATAACTTA	2	0.009997845	0.005019143	0.005019143	0.0017467547	0.0010180841	0.0010180841	0.1397167	2.9317026	5.728667
seelig_cm	by_cre	TCACGCGGTTTCGCGTTATCGCATCGGGTTGCGATTTCTCGCAGATACGATGACTCATCACTCTTCCCGCATCGGCGCGGGACGCGCCCCCCTTATCGGCGTGCGATTTCTTGAAGATAAGATATCTCGCAGATACGATGACTCA	2	0.009747028	0.0050884895	0.0050884895	0.0059539494	0.0038085296	0.0038085296	0.0719977	2.9664686	5.8655977
seelig_cm	by_cre	TCAGAGGGAAGGAGGGCGGATGACGCGGAGCGCGGACCGATAACGCGATAAGCCGGAAGCGCCCCCCACAGATGAGTGACTCAGTGGGCGGGGCCACCCGCGGGCGGAGCCACCCGCGCATCCGCGACTGAGAACCCGCATCCGC	2	0.012557983	0.007581502	0.007581502	0.0038552117	0.0030224398	0.0030224398	0.67441165	3.2054114	5.741388
seelig_cm	by_cre	TCAGCACATCCGCAGATAAGAAACGCCCGGCCCGCGCCGATAAGAAGGAAGCCACATCAGTGACTCACTGACGGGGAGGCGCGATAGGCGGAGCCACCCGGCGATAACCCGATAACGCGGAACCGCCACCCACGACTGAGAAACG	2	0.008356571	0.0049553514	0.0049553514	0.0015002937	0.0014810252	0.0014810252	1.0351079	3.3763425	5.7209783
seelig_cm	by_cre	TCAGCTGCCCAGCCCCCTCCACCCCGGATGTATTTCCTGTCAGAAGGGGGTTCCGGTGGCCGTGTCCAGCCTGGTTTGGGGAGGCCCCTCTTTTGGATAAGCTCTCCCAGTGCTGGCGTAAGCTGTGAAGATCACACTGCCAGGA	2	0.00958395	0.005022466	0.005022466	0.001603921	0.0010033335	0.0010033335	1.1443676	3.5599618	5.980118
seelig_cm	by_cre	TCAGGATATCGCGATAACGCGATCCGCGCCTATCCGCGTATCTCCGGGAAGATAAGGAAGCGCCCCCCCCGCCGTCCGCGACTCTCCGCCGCCGGATCCGCGTGAGTCACCCCCCCCCCCCGCGCCTATACGCGTATCTCACCCC	2	0.00962925	0.004958436	0.004958436	0.0013390846	0.001093457	0.001093457	0.3391016	3.7650828	7.1957345
seelig_cm	by_cre	TCAGTGAGTCACGCGAAAGCGCCCCCCCCAGATAACGCGGAAGCGCGATAACGCGGAAGCGCCATAAGAAACGCCATCCGCGGATGGGCGGGGCCATCCGCGACTGACGCGGAAGCGCCACCCACAGATCAGTGGGCGGATGACT	2	0.013351917	0.008315295	0.008315295	0.005807078	0.0040106126	0.0040106126	0.5629601	3.2974374	6.0369515
seelig_cm	by_cre	TCAGTTCTTGGTGGTCGCATCAGCCTTCTTCAGTTTCAGGAAGCGCCCAATAAGTCATATCTTGGATATGAGTGGTCGGACCACTTCCTGATGACGCGCTTTTTCGAGGAGTAGCTTCCTATATGCGCGATGCGCCACGCGCGCG	2	0.013044357	0.008014195	0.008014195	0.015548226	0.009034919	0.009034919	0.19042905	2.6824722	5.179546
seelig_cm	by_cre	TCATCATTCTGGGAAAAGGTGGTTCACGAGAAAGCACAGTCATGTGTCAATTAACAGTGCAGATGCATTCTGAGAAATGCGTTGTTAGGTGATTTCATCATCCTGCAACATCAGAGTGTGCCCCGCGCTCATGGATGAGACAGCC	2	0.011838198	0.007933408	0.007933408	0.005246794	0.005077388	0.005077388	0.7658105	1.589927	2.4179482
seelig_cm	by_cre	TCATCCGGCGGGTGAGTCATCCGGCGCCGCCGGTGCGCGGGCGGCGCTTCCGAGGGAGGGGCGGGCCTTCCTCCACCCGGCGGGTGAGTCACCCAGTTATCGCTTCCTAGATATAGGCGCGCCCCCCTTCCCGCCTATAGGCGCG	2	0.008482933	0.005090475	0.005090475	0.0022253247	0.0017329265	0.0017329265	0.7621934	3.800602	6.8424034
seelig_cm	by_cre	TCATGTAAACAAGCCAGCAAGTTTGAACTTTCACCTCACCTCCCTCATGTCAACCATTACGTAAAAACAAACTTCCCCCAGCATGTTCCAAAGTTCAAACTTCCGCTCCACTGCTTGTCACCAAGCCTTTGTACAAACATGACCT	2	0.008051872	0.0049808323	0.0049808323	0.0020629812	0.0017876934	0.0017876934	0.924789	3.1248143	5.3279104
seelig_cm	by_cre	TCATTACAGGGAACATGCCACGGCAAGCTCGCTATTCATTTTATGCCGGGACATGTTTAGGCTTGCTGTGGGTTCAATGTTTGAACATTCCACTACTGACAAACACTCCAGTTCAAAGGCGAAGTTCATTGTTTTTGTTGCGCAT	2	0.0141375065	0.0093538165	0.0093538165	0.0039987154	0.0034876417	0.0034876417	1.5330827	2.53544	3.5425806
seelig_cm	by_cre	TCATTACGCCCCATGGCCGAAAATCACAGCTTTTACTTTTAGGTTGCATTGCCATGAGAGGGGTATCAACGTTACTCTTTAAAGATTGGGCAGAAGCTAAAGTCCTTGCGCGGATGCTGCCTTATGTGTCCGGGGTGGTCTGCAG	2	0.0066595078	0.0049084723	0.0049084723	0.0035295987	0.0024296693	0.0024296693	0.89298105	2.9513435	5.0114574
seelig_cm	by_cre	TCCAAACCAAAAAACAACAACAAATGACTCACAAAAACGATAACTCGCAAGAAAGCGCAGTCGCGGAAGCGCCGCCCACATCCACACATCCAAAAACAACCAAACAACCAAATGACTCACCACCCACATCCAACCAAAGATAGCG	2	0.0074954033	0.0049681216	0.0049681216	0.0049493317	0.0031589507	0.0031589507	0.49194515	2.98499	5.4805617
seelig_cm	by_cre	TCCAACAAAAGAAAGCGCAGTCGCGGAAGCGCCGCCCACATCCAAACCAAAAAACCAAAAAACCAAACAACCAAAAAACAACAACAAATGACTCACAACAACGATAACTCACAACAACACTCAAACAAGAAATCGCGGAAGCGCC	2	0.0084786415	0.0048373044	0.0048373044	0.0014526318	0.0013796992	0.0013796992	0.91461295	3.3759782	5.840985
seelig_cm	by_cre	TCCAGTTACATAACGGCGGGAGTTTGAACACCAGGGATTTGGACTGTTGGTGTTGCTGCGAGCTCGGGTGGTTAAGCAAGCCGGGAGACATGCCCGGGCATGTTTTTAATGTTGAACCTTAGCCCTGCTACACAAAGCTTGGTGG	2	0.010147572	0.006626487	0.006626487	0.006356923	0.0040634125	0.0040634125	1.5912286	1.6754321	1.7561145
seelig_cm	by_cre	TCCCAGTGACCGAAGGTCGAGGGCAGCGGGCAGGGGAGGGGGGAGAGCAGGAGACATGCCTGGGCATGCCCCCAGGAGAGCATGGCGGAATGCCGGCCGGAGAGCAGGGGTGAACAAAGGCCGCAGAGCATGCCCCGGCATGTCC	2	0.0072391033	0.0045908093	0.0045908093	0.0025063134	0.0018483317	0.0018483317	1.6309148	2.2601166	2.8919666
seelig_cm	by_cre	TCCCCCCCCCCGAACCCAGCACAACGGTGCAGCCAGCTTTGGTTTGTTTGACCTTTGTACCAGCCTCCGTAATGTAATAGGGACTTCTGTGCAAAAACCGGAATTCCCAGAAACGAGAGAGCTGCGAACATGCCCGGGCATGTCT	2	0.008729458	0.0046665072	0.0046665072	0.0025355187	0.0014385864	0.0014385864	1.7662702	2.60472	3.4472334
seelig_cm	by_cre	TCCCTGCCTCCAGGCAATCACCAGTTTTTACCAGGAGTGCCTCAGACCTGCCCGGACATGTCCAAGTCCCCTAGAAGCAGGGAGGGGTGGGTGAGGCTGTCACCTCTCCCTTCCCTGTATGGTGCTGATAAGGGCGTGGGGAGGC	2	0.009031296	0.0048523843	0.0048523843	0.0020286047	0.0013894227	0.0013894227	0.8973391	2.6748247	4.4564896
seelig_cm	by_cre	TCCGAGGGCGGGCCAATCGGAGAAGACAAAGGCGGCGAGAGAGATAAGAAAGTGAGACAGCGTATCTGCGAAGAAGCCGGAAGCGATATCTCGAGGAAGCGATATCTCGAAGAGCCGCACCCACAGACGACAGGGGCGGGGAGAG	2	0.008315563	0.0050240457	0.0050240457	0.0025896973	0.0020361	0.0020361	0.6681417	3.1390731	5.613296
seelig_cm	by_cre	TCCGAGGGCGGGGCGATGAGGCGGAAGCGATATCTCGAAGAACCGCACCCGCGGGAGAGATAAGAAACGATATCTCGAGGAAGAGAAGGAAGAAGGAAGCGATATCTCCCACGAAAGGGGCGGGCCAATCCGAGAAGACAGAGAG	2	0.0124464035	0.0074813366	0.0074813366	0.004680235	0.00344219	0.00344219	0.53637934	3.0922275	5.653041
seelig_cm	by_cre	TCCGAGGGCGGGGCTAGAGATAAGGAAGAAGGAAGCGATATCTCCCACGAAAGGGGCGGAGGGAGGAGACGGAAGCGATATCTCGAAGAACCGCACCCACGGGAGAGATAAGAAAGTGAGACAGCGTATCTGCGAGAAAGCGTAT	2	0.007118702	0.0049251914	0.0049251914	0.0044184686	0.00293808	0.00293808	0.6168757	2.7508924	4.887103
seelig_cm	by_cre	TCCGATAAATCGGATCCGCCTCATGCGTCGCTTCTTCTTATCACTTCGCGGAGGCGTCGGAGGAGAAGCGGAAGTAGATAACGATTTGATGACGCGTCTCTTCTAAATCTGACGCGCCGTATGAGTCGTCCCTCGACTGATTAGA	2	0.009370327	0.004716512	0.004716512	0.0021758426	0.0013730421	0.0013730421	0.10991616	2.2082374	4.311213
seelig_cm	by_cre	TCCGCCAAGAAGCGGATCCGCGCCCCCCCCCCCGCGCGGATCCGCCTATCTGCGGGAAGATATCCGCGCGGATAAGGATGAGTCACCGGAAGCGCGCGCCGATATCTGGAAGAAGATAAGACACCCAATAAGCGTATCTCCCCGA	2	0.009656906	0.005067669	0.005067669	0.0035196238	0.0024618518	0.0024618518	0.13569339	3.5068395	6.882575
seelig_cm	by_cre	TCCGCCAATAAGCTTATAGGATGAGTCATCAGCATATAAGGAAGTTAAGAAGGTAAGAAAGAGGGCGGGACTTCCTCCAATTGGATGAGTCATCGGAAGTCACTTCCTATAACTTATCGGAAGGGCGAGAAAGCGGAAGTCACTT	2	0.0072368383	0.0036517978	0.0036517978	0.003781314	0.0019315126	0.0019315126	0.8169561	1.3654158	1.9174606
seelig_cm	by_cre	TCCGCCAATAGGATGAGTCATCGGAAGGGCGAGAAAGCGGAAGTCACTTCCTGAAAATAACTTATAAGCTTTTAGGATGAGTCATCAGCATATAAGGAAGTTAAGAAAGAGGAAGTGACTTCCTCCAATAGGCTTATAAGATAAG	2	0.006278515	0.0034283996	0.0034283996	0.0030954727	0.001953853	0.001953853	0.71167886	1.3701289	2.0314288
seelig_cm	by_cre	TCCGCCAATAGGCTTATAGGATGAGTCATCAGCATATAAGGAAGGAGGGCGGGACTTCCTCTTATAGGCCAATTGGATGACTCATCAGGAAGTTAAGATATCGGAAGGGCGAGAAAGCGGAAGTCACTTCCTGAAGATAAGAAGC	2	0.0073673725	0.0037700534	0.0037700534	0.003068296	0.0016515425	0.0016515425	0.73561376	1.5684142	2.404812
seelig_cm	by_cre	TCCGCCAATTGGATGAGTCATCAGCTTATAAGGAAGGAGGAAGTGACTTCCTCTTATAAGGAGGAAGTGACTTCCTCCAATTGGCTTTTAGGATGAGTCATCGGAAGGGCGAGAAAGCGGAAGTGACTTCCTCCAAAAAAATAAG	2	0.0055332184	0.0041652024	0.0041652024	0.0029934074	0.002459497	0.002459497	0.9330504	1.9039863	2.8762903
seelig_cm	by_cre	TCCGCCAATTGGATGAGTCATCGGAAGGGCGAGAAAGCGGAAGTGACTTCCTATGACTCATCGGAAGTCACTTCCTATGACTCATCGGAAGGGCGAGAAAGCGGAAGTGACTTCCTCCAATTGGATGACTCATCGGCCTATAAGG	2	0.006980896	0.0039705336	0.0039705336	0.00642935	0.0039526084	0.0039526084	0.6501013	0.8681835	1.0892761
seelig_cm	by_cre	TCCGCCTATAAGCTTATAAGCTTTTAGGATGAGTCATCGGCCTATAGGGCGGGACTTCCTCCAATAGGCTTATAAGATAAGAGGATGAGTCATCAGCATATAAGGAAGTTAAGATATCGGAAGGGCGAGAAAGCGGAAGTGACTT	2	0.0073091984	0.003756553	0.003756553	0.003016086	0.0016428796	0.0016428796	0.75602686	1.5897671	2.42706
seelig_cm	by_cre	TCCGCGCGATGTGGTTTCTTATCTCTTCGGCGAGTCATCTTCCGCGTCGCCGATTGGGCGGGGCCGTCGCCGATGTATCGCGTTATCGGCGTATGTCTTCGCGGATGCGCCGCGTCGGCGAGTTATCGCGTTATCTTCTTATTGG	2	0.011477947	0.0066309273	0.0066309273	0.0050645275	0.003893748	0.003893748	0.35134375	2.2837346	4.2209725
seelig_cm	by_cre	TCCGCGTATCTCCGCGGAAGGATGAGTCAGCCCCCCCGCGGAAGGATGAGTCAGCGGAAGTAAGAAGATAAGGAAGGATGAGTCAGCCCGCGCGGATCCGGATGAGTCACCCCCCGCGGATCCGGATACGGCGATATCTGCGGGA	2	0.011116266	0.0068742335	0.0068742335	0.004310407	0.003956225	0.003956225	0.6093457	1.848381	3.0916586
seelig_cm	by_cre	TCCGCGTATCTGCGGGAAGAGAAGACTCAGCCCGCGCCGATAAGCGGATCCGCCTCCGCAGATACCTCCGCGGAAGCCTGAGTCAGCGGAAGCGCCCCCCCCGATCCGGATGAGTCAGCCCCCATATATCGGCCGATATGCGCCC	2	0.013886452	0.008811355	0.008811355	0.007919819	0.005046903	0.005046903	0.46989235	3.4296546	6.3944917
seelig_cm	by_cre	TCCGCGTGAGGATAAGAAGATAAGGAAGTAGATCCGGATGAGTCAGCCCGCGCCGATCCCGATATCGCGAAGAAGAACCCCCTCCGCCCCCCCGCGCCTATCGGCGCCGATGAGTCAGCGCCTATATCAGTCTCCGGAAGCGGGA	2	0.011665583	0.007417321	0.007417321	0.0037471491	0.00335305	0.00335305	1.0694233	2.0920985	3.1190217
seelig_cm	by_cre	TCCGGCCTATAGGCGCGGCTTCCTCGACCCGGGGGGTGAGTCATCCGGCGGCGCCGATTGTCAGTTATCGCTTCCTAGATATAGGGGGGCGGCGCTTCCGAGGGAGGGGCGGGCTCTCAGTTATCGCCCCGCGCCGATAGGCGCG	2	0.011475563	0.0065046847	0.0065046847	0.0022838926	0.0021204753	0.0021204753	0.78296375	2.904147	5.030301
seelig_cm	by_cre	TCCTATCCGCGTTTTCGCGTATCTTCCTTCCTATACGCTTTCTCATTTACATCTTCCTTCTCCTCTTTCTTCTTTCCCGTTTCCATCCGCGTATATCTTCTCCCCCACGCTTTCTCACTCATGCGTCTTCCCGCGCTTCTGCTTA	2	0.011579514	0.0064695477	0.0064695477	0.0018721542	0.0014754661	0.0014754661	1.2596184	3.7227132	6.190918
seelig_cm	by_cre	TCCTCTTCATGAGTCATCCTCATAATGCGTCTTACCGAGAAATAAAGCAATAACTCTTATCCGCGTGTTACTTCCTTAGAAAGCGCCACCCATAGATATCGCCACCCATAGAAACCGCATCCGCGTCTTTCCTAGAAACAGTCTT	2	0.01119566	0.0061665922	0.0061665922	0.0032929382	0.002685024	0.002685024	0.34487498	2.8677313	5.395617
seelig_cm	by_cre	TCCTGGCAGTGTGATCTTCACAGCTTACGCCAGCACTGGGAGAGCTTATCCAAAAGAGGGGCCTCCCCAAACCAGGCTGGACACGGCCACCGGAACCCCCTTCTGACAGGAAATACATCCGGGGTGGAGGGGGCTGGGCAGCTGA	2	0.009579182	0.004963279	0.004963279	0.0015690271	0.0009465121	0.0009465121	1.0719837	3.5886652	6.109963
seelig_cm	by_cre	TCCTGGCATGCACCCGAGGTAGCCAAAACAGAGTCCATGGTTCTGTACATTCCGGTGTTCGAACTTTGGATCGAAGGTTTCATGCTTGGGTCAACCGGCAAGAGTTTATACCCAGCCTGAGTTCATAGTCAACAATAGTGGATCA	2	0.009185791	0.0050394684	0.0050394684	0.0021833377	0.0018360575	0.0018360575	0.40862703	3.2895484	6.1746163
seelig_cm	by_cre	TCCTTCAGGAAGTTACGCTTTCTTATCTTCCGGAAGATACGATATCTCGCAAATAGGATGACTCATAAGTGTTCTCGCGGATTCGCGGGACGCCCCCCCCTTATCGGCTTGCGATTTCTTGCAGATAAGATATCTTATAAGCGTT	2	0.005338326	0.004528351	0.004528351	0.026146185	0.013506586	0.013506586	0.20150313	2.2465127	4.2907124
seelig_cm	by_cre	TCCTTCCTTCCCGTATCGGGTTGCGATTTCTCGCAGATACGATGACTTATCGCTCTTCCTTCCTTCGCGCGGTTTCGCGGATTCGCGGGACGCCCCCTCCTTAGGAAGTTACGCTTTCTTATCATCCTCGACGTGCGTTTTCTTG	2	0.010654449	0.0056867898	0.0056867898	0.0017748028	0.0015138644	0.0015138644	0.573601	3.288567	6.008501
seelig_cm	by_cre	TCCTTCCTTCCTATAGGAAGTTACGCTTTCTTATATTTAGGAAGTTACGCTTTCTTATCTTTCTTCCCGCATCGGCGCGGGACGCCCCCTCTTTAGGAAGTTACGATTTCTCGCAGATACGATGACTCATAAGTGGTTTCGCGGT	2	0.012474537	0.0074779615	0.0074779615	0.053674933	0.028013239	0.028013239	0.044989195	2.6755273	5.311062
seelig_cm	by_cre	TCGACCTGTACAACCAAAGTCCGTAGTTTGCCACCTGGCATGGCCTGTAGCGGCCTGTTGGCAGTGTTTGTTCAAACATTCTGGCATTGTTCAAACAATGCCAGTACGGTCACCATGACCGGCAGGCATGCCCGGACATGTCGCC	2	0.0071251392	0.0047020316	0.0047020316	0.0019937782	0.0016226219	0.0016226219	1.8198646	2.6973455	3.5772495
seelig_cm	by_cre	TCGACTTCCTTATCTCTCGGAAGAGGGCGCGGCCTATCGGAAGGAAGCGCCGCCCGCCCTCCCCCCCACACCCCCCCCGATTTCGCGGAAGTCACACCCATTGGCTGATTTAATCCGCCCGATGACTCATCCGCCCCCCGCCCAC	2	0.0097436905	0.0077124834	0.0077124834	0.002272801	0.0017588658	0.0017588658	2.49684	5.163187	7.831565
seelig_cm	by_cre	TCGACTTCCTTATCTCTCGGAAGGGGGCGCGGCCTATAGGAAGTCACCCCCGCGCCGATGACTCATCACTTCCTTATCTCTTCCAAGAAAGCGCCGCCCATTGGCCGATTTAATCAGCGCGCCGCCGATTTCGCGGAAGTAACGC	2	0.007801056	0.0051292777	0.0051292777	0.002534165	0.0018941683	0.0018941683	0.9685185	3.5949168	6.223987
seelig_cm	by_cre	TCGAGCTGGCGCGCGCGCCTGATAATGAACGCAATTTCTGAGCACCGTGGCGCGCGCGCCTGAGTGGCGCGCGCGCCTGATCGTCTAGTGGCGCGCGCGCCTGACTCATGGCGCGCGCGCCTGACCAGCTGGCGCGCGCGCCTGA	2	0.0097231865	0.0048680305	0.0048680305	0.0014355815	0.00072603475	0.00072603475	0.7808403	3.7769208	6.7778563
seelig_cm	by_cre	TCGCATCTTACGAATAAGAAATCGCCATCTGTGACTCGTAAGTGCGCTCCTACGGATGCGCGTGGCCTCGCGCTCCGATTTCTTTATCACGCAGCTGCCGACTCTTTCTTAACGGGTGATAAGAGTCGCGGAATCGAATTCCGCT	2	0.010952473	0.005892813	0.005892813	0.0018071836	0.0012964021	0.0012964021	1.0600874	3.560512	6.065996
seelig_cm	by_cre	TCGCCATTCGATCAGGCGACCGGAAGTGCCCGGTTACAAAGGCTTCGTGTTTGGGCATGCTCCCTGTCGACATGTCCGATGGTTACGTAATTGACTGTTGCAACAACTTCGGTCGTTTGTGCCGACGTGCGCAAGGCCAAAAGTC	2	0.005121708	0.0047295988	0.0047295988	0.0070000854	0.00412388	0.00412388	0.6174651	2.3623178	4.1075625
seelig_cm	by_cre	TCGCCTTGTCCGCTGCACGTCCCCCGGCATGTTTGCAGAGCGGAGAGGGGTGACGAACGTTTAACCGTAGAACATCCGGCGGCATGTCTAACTATTCAACCATTGTACTGATCTAAGCGTTGTTACATACCCCGGACTTACAAAA	2	0.01316452	0.008216046	0.008216046	0.020260885	0.011253458	0.011253458	0.15964106	3.0112548	5.867817
seelig_cm	by_cre	TCGGACGGCATGCCGGCCGGAGAGCATGCCGGCCGGAGTCCGGAGACCAGGGGACATGCCTGGGCATGCCCCCAGGAGAGCATGGCGGCATGCCGGCCGGAGAGCAGGGGTGAACAAAGGCCGCAGAGCATGCCCCGGCATGTCC	2	0.009395361	0.0047769547	0.0047769547	0.0024685063	0.0012818761	0.0012818761	1.6645426	2.7353566	3.810789
seelig_cm	by_cre	TCGGGCTTGCAGTCCACCATGCATGCCTGGTGTAATGTAGTCCAGCTTGCTGGGAGATTGCCAATCTACACAAAACATGCCCGGGCATGACCGGAATTGACTCCATTAGTGTCCCACTGCATGCCAGTCCGGAATTTGCCATGTA	2	0.011897087	0.0069116354	0.0069116354	0.0024612008	0.0019325784	0.0019325784	1.3710055	3.1029117	4.839803
seelig_cm	by_cre	TCGGGGGCATGTTCGGACATGGACGGGATACGTAAGCTTGACACTGGACATTGGAGGATTCGTATTACGTAATGTCACCATTTCATGTCAAACGAACTTCCGGTGGTCAGATCACCGGCGGTAGTATACGTACAACGGAAAGTCG	2	0.0086016655	0.004384756	0.004384756	0.0034677305	0.0017991238	0.0017991238	1.2859274	1.8832499	2.4847894
seelig_cm	by_cre	TCGGTGTCCTTTTGTCCGGTGGTCAAACATGCCCGGGCATGTTCAAAGGTCTGAATGTTCAAAGGGACCTTTGGACATTCCGGAGGTTTGTTTTTTGGACATGTCCGGGCATGTTTGCTGCATTGGTGCAAAATTGCATTGGGCA	2	0.008616686	0.004445493	0.004445493	0.0038052506	0.0019880356	0.0019880356	1.6056448	1.935101	2.2687283
seelig_cm	by_cre	TCGTCAAAAGCCGCTTACAGTGCTGTATGATAACTTCTAAGAGGGCGGCTCTTCTGGATACGCGACTTATATCCGCGATATGCGGGTGATGTATCAGATGACTCATCCGTCGAGGAAGCGCCGCCCTCTTAAAAGTAACTTATCT	2	0.01164341	0.006624803	0.006624803	0.0063882475	0.0040670508	0.0040670508	0.25062677	3.4603026	6.6749973
seelig_cm	by_cre	TCTCCCGTTTCCATCCGCGTTTTCGCGTATCTCCCCGCCTATATCTTCCCTTTCCCGCGCCTTCTCTTACTCATGCGTCTCTCCCCCCATACGCTTTCTCATTTACATCTTCCTTTTCCCGCGTCTCTCCCCCCCCCCCCCCTCT	2	0.010661125	0.005684167	0.005684167	0.001492187	0.0013726526	0.0013726526	0.564006	3.854495	7.149961
seelig_cm	by_cre	TCTCCCGTTTCTATCCGCGTTTTCGCGTATCTCCCCCCCCTTCTTCTTATATCTTCCCTCTCTCCTTTTTCCGCGTCTCTTCCTTCCTATACGCTTTCTCATCCGCCCTCTCCTTTTTCCGCCTTTCCGCGTATCTCCCCCCCCT	2	0.01107645	0.0056710243	0.0056710243	0.0015686781	0.00089897116	0.00089897116	1.1583482	4.109745	7.0665474
seelig_cm	by_cre	TCTCGGTGTTTACTTAGGTTCTGGGGTCCGCCGTGGAGCCATTTGCAAGCGTGCGAAACGCGTCGTTGCCAACCCCCCACCTCGACTATCGGAGTCTACCGTTTCAGGGCTGTTTACTTAGGGGCCCAGTGGCGGCTAGTGTTTG	2	0.013338089	0.008293062	0.008293062	0.019658685	0.010945134	0.010945134	0.1635974	3.0710921	5.9836316
seelig_cm	by_cre	TCTCTCCTGTAATGTTTGAACAAAGCAAACATTACATAAACGTTCGCTGTAATGTTTGACCCCTGCGAACATGCCGGGGCACGTGACCTCTGTCCGGTAATGTTTGAACAAAGCGAACATTACATAAACATTCAAAGCTCTCTGT	2	0.014085293	0.00912869	0.00912869	0.003241554	0.0029837461	0.0029837461	1.2849778	3.2270994	5.1741776
seelig_cm	by_cre	TCTCTTCACGACGTAGCGTTACTTCCTCGTAAGGCCCCGCCCATGCGCGTTTTCTAGGACTTCTCTGTCTTTCTGCCCTCACGCGCAGATACGCTGACTCATCCTTCTCTTCCCGCGCGCGGAGACGCGTTTTCTTCCAGATAAG	2	0.007358074	0.00489226	0.00489226	0.0034016368	0.0023804198	0.0023804198	0.71210384	3.06342	5.417202
seelig_cm	by_cre	TCTGCTAGTGTTCAAAGTCGACCTGAATGAGTAATTTCCCATCGGACATGTCCGGACATGCCCTGTGAACATCCCATGATTGTCTAACGAAAGTTTGTCGAAAAGCAAGGCTTCCGGCATTATTGACCGGTATTAGAAGTTCGTC	2	0.009806633	0.00492841	0.00492841	0.0018321159	0.00093115005	0.00093115005	1.6626695	3.5076609	5.35753
seelig_cm	by_cre	TCTGGACATCCCCGGGCTTGTAGTGCAAAGCTCTGTCACATTCCATCTATGAACTTAGGTTGACAGTACGGAGTGAACGTCGGCATGACAGGACTTTGATTGTGACATGGTCGCTAGGAACAAGCCCCTGACCGCCATGCCACCG	2	0.010951996	0.0061005354	0.0061005354	0.0020913617	0.001511423	0.001511423	1.3403264	3.2888644	5.242254
seelig_cm	by_cre	TCTTATATGACTCATATGACCCACGCCGTTTCCGGGAAGTGACGCGCCGCTTATTGGGTGACTCATCATCATGACGCGCCGCAAGATCGGCGCGCCCACATCCGGAATAAGCAGTTAATAGCCAATCGGCCGGATGCGTCGCTCG	2	0.009650469	0.0049771965	0.0049771965	0.0025284458	0.0014639756	0.0014639756	0.76059854	2.2887547	3.8215845
seelig_cm	by_cre	TCTTATCCTTCCCTCCCCCTTTTCGCGTATCTCCCCGCCTATATCTTCCTTCTTCCGCGTTTCCGCGTTTTCGCGTCTCTCCCCCCCTATACGCTTTCTCACTCATGCGTCTTCCCGCGTATACGCTTTCTTATCCGCCCTCTCC	2	0.01302433	0.007977247	0.007977247	0.021452427	0.011612397	0.011612397	0.13512386	3.7425733	7.3550696
seelig_cm	by_cre	TCTTCCCATCCACTCTTACATCTAATGAGTCATCCTTCGATATCGAGAAATCGCATCCGCGTCTTTCTCCGAATGCGTCACTCTGAGAAACCGCTTTTCTTAGATATCGTGAAATCGCGAAATCGTGATATCGCGAAAGCGCTTC	2	0.008377075	0.0050150156	0.0050150156	0.00787987	0.004661716	0.004661716	0.20894298	3.006414	5.807247
seelig_cm	by_cre	TCTTCTTTTCGTTATCTATTTCTCTAAAACTCATGAATGCGTATCCGCGTATCTTCTCTTCTACACGCTTCTCTCCTAGAAAGCGCTTCTTCGAGATAACTCACGCGTCACTTCCTCATCATGAGTCATCCTCAGAAACCGCTTC	2	0.009282112	0.004926741	0.004926741	0.0017425271	0.0014152606	0.0014152606	0.52487355	2.925985	5.331452
seelig_cm	by_cre	TCTTGCGGGTGGGGCCGCGGTGCCTCGTCAGCTTCTGGACCAGCACTAGCTGGTGGGGACAGATAAGAGCCTGGTGGGGACAGATAAGGTGTCGACACCCTGGTGGGGACAGATAAGAATCCGGAGTCCGGGTGTTGCGTAGTTC	2	0.0098900795	0.0052272677	0.0052272677	0.0020370109	0.0012774388	0.0012774388	1.0896817	2.972578	4.860137
seelig_cm	by_cre	TGAAAAGGCACCAGGACATAGTGGACAGGCTCCATGGGGCTGCCTCTCCGCTGCTCCACAAGGTGGCGAGCCTGGATTTTGGCAGCGTTGATCTCCTCACCCATGCTGCCCGTGGTGTCCAGGACAAAGCTCAGGCTGGAGGCTG	2	0.011131763	0.0061175227	0.0061175227	0.0030177734	0.0025339648	0.0025339648	0.36504307	2.8976545	5.4352803
seelig_cm	by_cre	TGAAACTACCTCCTTCAGGTGTCAGTCTCCACCCTTATTGACTTCTTGGGTGGAGCAGGGACCCCGGCAAGCCCATTGGCTGCGACATTTCTCACTCATATTGATTGGCGTCGAGTTGAGCCTATGACACACAATAATGTGTTTG	2	0.0066170692	0.004904352	0.004904352	0.017206697	0.009235997	0.009235997	0.18389215	2.7075713	5.232963
seelig_cm	by_cre	TGAACAAAGGTCTCCTAGTGTACATGGCTAAACATTCAATGTACTTTGGTCACTACTGGTTATGGCATGCCCGGACATGTCTGGGGCATGTAACTTTGACCTTGCCTGGAAATTACGTCAGCCACTCCAAACTTGTCACATAGTC	2	0.012033224	0.007277131	0.007277131	0.003417873	0.0024820194	0.0024820194	1.629249	2.5755928	3.5266926
seelig_cm	by_cre	TGAAGTGGGGACAAAGCCGGTAGCCGGCAAGCCCGGGCAAGTTCAAACATTACGTAATTGTGTACCGGCCGAGTTAGGGCATGCCCAGGCAAGTAGTGGACTGGGGACAAGGCCGGCCGGGGGGAAGCCCGAGCAAGTTGGGTAA	2	0.009852409	0.0049307942	0.0049307942	0.0016669577	0.0008378255	0.0008378255	1.0558853	3.4831517	5.9153395
seelig_cm	by_cre	TGACAATGAACAATGCATAGACAGGGTGACGTCACAACATTGACCTTTGGTCTAAAACCTAGACATGCCCGGGCATGTTTGGACCTTTACTTATGTAAGCCTGTCCAGGGCAAGAGTGAACAAGGCCCTGATATTCACCTGGTTG	2	0.007834792	0.0041140914	0.0041140914	0.006622811	0.0034245134	0.0034245134	1.1790837	1.4610038	1.7392032
seelig_cm	by_cre	TGACAGGAGAGGACTTTGACCCCTGCTGAGTGGATACATGCCGGGGGCCAAAGGTCACACAGTACAAAGGTCACACTACTGAGGTGTTTGTCCCGTGCACAATCGATCCAGGCCGGCATGCCCAGACATGTCCGGAGAGGAGTTT	2	0.009252906	0.005124569	0.005124569	0.004738404	0.002644375	0.002644375	1.8096949	1.8814702	1.9573737
seelig_cm	by_cre	TGACATGTCCGGGAATGTACAAAGGGAAGTGCAAACATTCAGACATGCCCGGGCATGTTCAAAGGGCTCCCGGGACCTTTAAACATGCCCGGGCATGTTTGGTTTGAACTTTAGACATGCCCGGGCATGTCTCCCGGGTTTGTTC	2	0.009589195	0.0056622624	0.0056622624	0.004827503	0.002912799	0.002912799	1.7377745	1.862505	1.9911622
seelig_cm	by_cre	TGACCAAAGGTCACAGAACATGCCCGGGCATGTACATGCCCGGGCATGTCCAAACAAAAGACAGAACAGGGGGACATGCCCGGGCATGTCACCCACGGACCAAAGGTGCAGAGGTGACTGGACATGACCAACTCACCGGGCATGT	2	0.009946108	0.005332887	0.005332887	0.0027078844	0.0015604765	0.0015604765	1.7418852	2.7076316	3.6779912
seelig_cm	by_cre	TGACCCCTGCTGGCATGCCGGGGCATGCCCTTTGCCCCCTGTAATGTTTGAACAAAGGTCTCCTGCCGGCATGCCGGGGCACGTGACCTCTGTCCGGTAATGTTTGAACAAAGCAAACATTACATAAACGTTCACAGCTCTCCGG	2	0.009012699	0.0049085617	0.0049085617	0.0016484815	0.0010434442	0.0010434442	1.8344784	3.6510773	5.4717803
seelig_cm	by_cre	TGACCTCTGATCGAGAGCCTTTGGTCAATCAGCACTATGTACATAATGGGTTCCATGGTTAATTCCGGTGGCAAATGTCCTCCGGGCATGCCCAGGCACGATTCCCTCGCGTTACACAAACAGAACCAAGCAGGGCGCAGTACAA	2	0.008387566	0.004379809	0.004379809	0.0026155668	0.0014117967	0.0014117967	1.7882996	2.4976363	3.2109807
seelig_cm	by_cre	TGACGTTACTTGCGGCGTAAGATATCGTCATCCGCCAATGACGCGTCATAAAGATGCGGCGGAAGCGACTACTCGTGCGGCGCCGCCGGTTCGTCTGAGTGACTGACTTATCGTATGCGAGTTATAGGACAGATAAGCGATGCGC	2	0.0075941086	0.004063517	0.004063517	0.002915389	0.0018104305	0.0018104305	0.75514984	1.680126	2.6086326
seelig_cm	by_cre	TGACTCACTCCGCGATACGCGGCTTCCGAGATATCGCGGTCCGGCGGGTGAGTCATATCGGCGCGGGTGGGGCTGGGGGGGCCGGCCTATCCGCGCGGATCCGCTTCCAGATATCGCGGGGCCCCCGGCGCGGGCCCCCCCCCCC	2	0.011523247	0.006388873	0.006388873	0.021457477	0.011550533	0.011550533	0.057837173	3.5347443	7.0167856
seelig_cm	by_cre	TGACTCATCTCGCGGGGCCGGCCTATCCGCGCGGATCCGCTTCCAGATATCGCGGGGCCCCTGGGGGGGGCCGGGCCCCCCCCGGGCCCCGCCCAGACCGCGCTTCCGAGATACGCGGATCCGGCGGCTGAGTCATATCGGCGTG	2	0.010018349	0.00568521	0.00568521	0.0013861374	0.0011596817	0.0011596817	1.4481391	4.338172	7.232538
seelig_cm	by_cre	TGAGACGTAAGTGGGACCAGCAAATGGTTGCTGTTCTGTTTCTGTAGACTGACTAGAACAAGGCTAGAGAGGAAACAGAGACTGGCATTCATTCAGTGCCATTTGCAATGTGGAATGACTCATGCTTGCCTGGCCCCTGGTGAGT	2	0.013954163	0.009017348	0.009017348	0.005067338	0.003880692	0.003880692	0.80322164	2.9924462	5.1866074
seelig_cm	by_cre	TGAGGCAGGGGAATCATTGAACCCAAGGTGCAAAGGTTGCAGTGAGTTGAGATCACGCCACTTCACCCCAGCTAATCAGGAGGCTAAAGCAGAATGGCATGAAGCCGGGAGGTGGAGCTTGCAGTGAGCTGAGATCATGCCACTG	2	0.010447264	0.005947411	0.005947411	0.003184446	0.0024263365	0.0024263365	0.86699885	2.0742195	3.28594
seelig_cm	by_cre	TGAGGCTTTCATTTCAGCTTCTTCCTGGGCTTTGAAGGAAGGGAGGTAGAAGCTCTCCAGGGAGCTCCACAAAGGAGGCATGACTGGCCTCCTTCCTGCAAAACTGTCCCTGATCTGCTAACGTTGGGGTGAAGAAATCCAGGAA	2	0.009832859	0.0049428344	0.0049428344	0.0018936893	0.0012659446	0.0012659446	0.08272153	2.6375916	5.1973515
seelig_cm	by_cre	TGAGGCTTTCGTAATACTCCTCGGGATCATCGGTCTCGGTGAAGAGCACCTGGGAGAGGATCTTCCAGCCGCAGGTGTCCAGGCCGTGGCCCAGGTAGACCTGGAGCTGGTAACACAGAGTGTCGATTTCCTGCTCGGTCATCTC	2	0.011568069	0.006422788	0.006422788	0.0023295903	0.0020520492	0.0020520492	0.5477437	3.533706	6.5248137
seelig_cm	by_cre	TGAGTCATAGAAGCGGTGAGTCATAGAAAGATAAGGAAGTGCGTGTAGATAAGGGAAAGGAAGGGCTTCCAGATAAGGAAGTGAGGAAATAGGGTTATATCTTGCGAGTCATAGGAAAGAGTTGCGTTATATCTTGCGTGTCTTA	2	0.0059320927	0.003179729	0.003179729	0.003280056	0.0019129138	0.0019129138	0.7828343	1.295791	1.8115001
seelig_cm	by_cre	TGAGTCGCTGCGCGATATCTCGGGAGTTACCGCTTTATCAGGATGAGTGAGTCGTCGGATGGGTATCTCTTAAGGATCGGCGTCGCTTATAAGGGAGATAACTCCTCGAATCAGAGATGAGACGCGTCTCGAGGCGGATCCTAAA	2	0.013669014	0.008734733	0.008734733	0.014782936	0.0087607	0.0087607	0.25518346	2.6242871	4.998325
seelig_cm	by_cre	TGATCAGTGCAGTGTCCGTTGACCAAAGTCCAACGTCCGACTTGTCGCGACATGTTTGCACACACGTCCAGACATGTCTAAACTTCCGTCGTATGCACAGTTCCGACCGGCGTTTGTCGACCGTCGTTACCGTTGACGTCACGCA	2	0.009423256	0.0051046014	0.0051046014	0.002081887	0.001247843	0.001247843	1.8989512	3.2128246	4.5310163
seelig_cm	by_cre	TGATCTGATGGAATGAGTCACAAAGATATCTGGGGAGAAATGCCAAGATCTTGCAGCAGCCAGGAGGCCGGGTGAGTGAGCTGGGCAGGAGTGTAGAAGACAAGGTCAAAGGGGCAACAGACAGTCTGTGTATGTGTGTGTGTGT	2	0.009419918	0.0048393607	0.0048393607	0.0019377811	0.0011118664	0.0011118664	0.9049305	2.8831239	4.8658977
seelig_cm	by_cre	TGATGAGTCATTTCCGATATCTATTCTCGCGCATATCTTTAAGATACGACGCTTTCTCAACCGCGTAGTAAGTGATACGACTCGCGCGGCGCTTCCTAGAAACCCCGATATAAATGCATACGCGTGATAACGTAACCCCCGCAAA	2	0.008606911	0.0049216077	0.0049216077	0.031885702	0.016748222	0.016748222	0.03815486	2.6911097	5.34775
seelig_cm	by_cre	TGATGGCAGTACAAACAGACTGGACAGGGCCAGATTTGTGATGGTGATGACCTGCCCACCATGCTGAGTCCTTGACCTGGGATGTGACTCACAAAGCCAGCCGTTCACCTTATACATTTCATGCATTCCACACCCTGACTCGACG	2	0.011692524	0.0066956133	0.0066956133	0.00492886	0.0034430432	0.0034430432	0.3437948	3.1593356	5.9798737
seelig_cm	by_cre	TGATTTTATTATAATTGAGTTTTAATCTTATCTCGTCATCAGATATAGATAGGCAGACCCCAAAAGCTAAAAACCGCCCTTAGGGGCGGCTCTTCCGGTTTATAAGAAGCGCCGTTTCCCGGCTCTCTATAAGATGTGGTTTCTT	2	0.013946056	0.00900808	0.00900808	0.007230843	0.004945561	0.004945561	0.56084585	2.9026053	5.249303
seelig_cm	by_cre	TGCAAAGATCAATGAATGTATAGAGAGAGAGAGAGAGAGAGCAGCGAACATGCCCGGGCATGTGACCAAAGATCAAAGAATGTATAGACATGCCGGGGGACGTAGACATGTGACCGGAAGGGAGGGAGGGAGAGAGAGAGAGAGA	2	0.005783558	0.0045132637	0.0045132637	0.0034380804	0.0026452607	0.0026452607	0.9416286	2.0326893	3.1250203
seelig_cm	by_cre	TGCACAAACGTTCACAGGGAACATGCCGGGGCATGTGACCTCTGTCCGGTAATGTTTGAACAAAGCGAACATTACATAAACGACTCCTGCCGGCATGCCGGGGCATGTCCTTTGACCCCTGCTCTCTTTGTCCCCTGCTCACATG	2	0.012617588	0.0074648857	0.0074648857	0.002231367	0.0018172227	0.0018172227	1.6467797	3.6512902	5.6609535
seelig_cm	by_cre	TGCACAACCCCTGAACATTCCCCATCATGTCAAGCACACAGACTCCCTCTGAATGTTTAACCTTTGTACAAACATTGCCAACATGACAGAGTGAACATTCCCCATCATGTCTGGCACTATCACCATTACGGAATGTTTAACCTAG	2	0.011172771	0.006239593	0.006239593	0.002258982	0.0021224902	0.0021224902	0.5776668	3.1020453	5.631357
seelig_cm	by_cre	TGCACAATCACTGCAAACATGACCGGCTGAACATTCCCCATCACGTCAACATTCCAGTGCACAAACATGACCGAGCGAACATTCCCCATCATGTCAGGCACTGCCACCATGACGGAATGTTTAACCTTTGTACAAACATTGCAAA	2	0.0074911118	0.004906282	0.004906282	0.0062925066	0.0037641237	0.0037641237	0.36776254	3.2154818	6.065786
seelig_cm	by_cre	TGCAGCACTGAGCACAGGCTGGTGTTCCCACTGGGGGCAGCATGGAGGATCTGCGTCCAGGGGGCAGAGTGTGATGACATCACCCACATGCACAGGAACGATAAGGCTTTCTTAAAAAACGATCTTTTCTCAACAGCTCCTCAAA	2	0.0086426735	0.0048604906	0.0048604906	0.0017832918	0.0014824953	0.0014824953	0.9119671	2.8794894	4.8507934
seelig_cm	by_cre	TGCAGCCAGGCAGGCATAGGCCAAGGTAAACATCCTGTGTGACTCAGCGAGTTTGGAGCGCAGGAGCGTAACTCCACTTATTACATAATCACAGCTATGTAGCCATAACATGGGAAGGCTCATAACCTGGCTCAGAGCAACTATT	2	0.010779619	0.0059896708	0.0059896708	0.0029633327	0.0025356163	0.0025356163	0.5685554	2.1034114	3.6430573
seelig_cm	by_cre	TGCAGCTCACGAACTCCGGAATGTTTGTCCATGACCGCCATGACGTCAACATTCCAGTGCACAAACCTCTCTGTGACCATGACCCCCATCATGTCTGGCACTGTCACCATTACGGAATGTTTAACCTTGGTTGCCAAGGACTCTC	2	0.008622646	0.004861951	0.004861951	0.0018448437	0.0015303358	0.0015303358	0.90521526	2.7898414	4.6782284
seelig_cm	by_cre	TGCATTATTCAAGATCCACATAACCGGACGTCCGACTGCTTGTTCACCGATATTTGATCTTTTACCGTTGGTTGACAGGGAGTAGTGGGCAACATGACTAAACAATTCAATGTTCGTGTGCATACCTCGCTTGCCTTTGGCCTTT	2	0.012542725	0.007540256	0.007540256	0.0049047535	0.0036876486	0.0036876486	0.5161448	2.7971609	5.0831795
seelig_cm	by_cre	TGCCCAGAACAAAACCGGAATGAATGCCCGGGCATGCCGGCATGCCCAGGTAGACATGCCCGGGCATGCCCCGGACCGTGCACCGACAGGAATGTGACCGGGCATGCCGGGCCAGCCAGGCATGGACATGCCTGGACGTGCATGC	2	0.0098109245	0.0049139857	0.0049139857	0.0019454822	0.0009802278	0.0009802278	1.1384686	3.0907018	5.047832
seelig_cm	by_cre	TGCCCGACATAAATTGGGGAATGTTTAAACATTCCAAAGTTCATACCCGCTTTGTATCCGCCCGGATTGAAGGAATTAATTGCGGATTGGTCCCTGGGCCGCAGGGGACATGACTGTACATGCCCGGTGACGTGACCGGACTTGG	2	0.009522438	0.0053244233	0.0053244233	0.004367784	0.002497454	0.002497454	1.7955867	1.9881516	2.1849144
seelig_cm	by_cre	TGCCGTTGTAACACATGTCGAAACATGTCTGGAAGGGCCAAGGTGTACATGTCACACAATGATTTTCTCCGCTCCCAATTGCAACATGTCAACGGTGTTACAACATGTCGCGGGTCCTCATGAAAGTGCACCAAATAGTTCTTGG	2	0.009803772	0.004911393	0.004911393	0.0018114757	0.00091563177	0.00091563177	0.96087664	3.186461	5.416938
seelig_cm	by_cre	TGCCTACATACGTACAGGGCAAAGGTCATTCCCGTCCGGACTTTTGACCTGTTCCGTCACAGCAACGGTCGTGGCCTGGTACACAGACCGTGGCAACAAACCCGGGCATGTCTGGGGACTTTGGACACTAGCCCCCGACAGTCGC	2	0.013227463	0.008153558	0.008153558	0.0029022172	0.0026205045	0.0026205045	1.0595981	3.35841	5.662296
seelig_cm	by_cre	TGCCTTCACCGGAAATTCTTACATAATTGCCGGTTGTGTACACACTCCGCTCAAACCGGTCGGGAGAGTGCCTTTGTCCCGTCATGGGTGCAAAGTTCCCGGACATGTTCGGGCAAAGTTCCTGTGGGAGTTTGTACAGTAGTGA	2	0.0047254562	0.004399359	0.004399359	0.0023354418	0.0023088637	0.0023088637	1.7826929	1.9040484	2.02573
seelig_cm	by_cre	TGCGGCGACCAAGCCCCGGCATGTTTACAGGCCTTTGGACAAAGCCTAGGCGCCCGCAGTAAACATGCCGGCTGGCATAAATAAGGTTATTATAGTCGCTCGGAACTTTGCTAGACATATTGTTCAAAGGTCGCTCAACTATTAG	2	0.010694981	0.0056991875	0.0056991875	0.0019041395	0.0013435499	0.0013435499	0.89802647	3.2575395	5.622048
seelig_cm	by_cre	TGCTCCCCCTCTCCCTTCACCTTTGAACTTCTGTCCGGAGTTTGAGCTGACCGGATTTTTGTACAAAGCTCCCTCTCCCCCCTCCCTCCCTCAGCTGAAGGTCTCCCGGCATGCCCGGACATTCCCCTGTCTGTACAAACATTCC	2	0.010426998	0.0054510236	0.0054510236	0.0016525321	0.001162768	0.001162768	0.7056263	3.507787	6.3149233
seelig_cm	by_cre	TGCTCCGTTTGCCTCTGTCCTTGGGAAGTGAACTCTGCCTTGTGAGAGTGTTCCTTTCAATCTTGTCCAGAAGCCGCACGCTGGTGTCTATGAAGCCATTCTTGCAGTATACAGCCTGGGGGATGCCCTTCCTCCTGCATTCGGC	2	0.0099954605	0.004998237	0.004998237	0.0015049733	0.00075345475	0.00075345475	0.52332294	3.5824718	6.646618
seelig_cm	by_cre	TGCTTTATGAATGGAGCCGGGGAAGGCTGCTGACTCAGCAGGCAGTAAGGCTTTGAGGCCGGAAGCGTCTGGAAAGGAAGTGGCTGCTCAGGGCTTCCCCACTGTAGACAGCTGGGAGAGAAGGGGGGCTGGCCAGGATGCACAT	2	0.008408546	0.0048428774	0.0048428774	0.0019509953	0.0018000506	0.0018000506	0.6540059	2.876748	5.103056
seelig_cm	by_cre	TGGACGTTAGTCTAAAGGTCCAAGGTTTGAACACGTAGGCTCCGGGCATGCCCGGACATGTCCACTGCGGCCCAGTGGAGTCGCCCGGGCTCCGGCTGTATAATGTTTAGGTGCAGTAGACAAGCCCCCGGCCGTGTGGAGTCAT	2	0.012887478	0.008270383	0.008270383	0.004290714	0.0033113747	0.0033113747	1.5647395	2.28507	3.0100179
seelig_cm	by_cre	TGGCAAGCCAGCGAACGTGCAGAGCGTCGGCACAAGTCCCGGGGTTACATGTCCGGGCCTGTTAGACGTCCGTAATCATGACGGAAAATTGAACGCTGACAGTGTCAAGAGTCCAAAGCACTCTAGCCTTGTCACAACAGGTTAG	2	0.007834911	0.0047945976	0.0047945976	0.0019854354	0.0015443716	0.0015443716	1.5891451	2.7681077	3.9501107
seelig_cm	by_cre	TGGCATCTGCTGACACCCTTGCCCAGATTCCTGACTCCTGCATTTTTTTCTTTTCCAGTTTAAGCGGCTGCAGGGCAAGAGGAACCGAGGGAGAGAAGAAATCAACTTTGTGGAGATCAAAGGTGATGACCAGCTCAGTGGGGCC	2	0.013245106	0.008241743	0.008241743	0.009002726	0.005733606	0.005733606	0.35809186	2.86705	5.3810115
seelig_cm	by_cre	TGGCATGCTCCGTTGACCTGTCTTGTCAATGTACATGCCAAGGCCATCATGGTCTCCAGATTCACTAGTGTCGTGTCCTGTGCAATGTTCAACTTTACCCAGGCAAGGTCCGTAGTTTCATAGGCCATTCCGGTATAAACCAAAC	2	0.010071278	0.005287662	0.005287662	0.0016617049	0.001516622	0.001516622	0.36725232	3.214157	6.065846
seelig_cm	by_cre	TGGCATTAAACAAACGGTCAAACTTTGAGCTCGGTGGGCGCGTTTACGTAATGGTTGCACCAAGGCATGCGTCGGCATGTCCGGAGGGCTTTGCGGACATGCCGGGACATGACCTGAAGTTCGCATTGCACGTCCCCGCTCCCCT	2	0.008620024	0.004548073	0.004548073	0.0025635331	0.0014213559	0.0014213559	1.7052003	2.533997	3.3668659
seelig_cm	by_cre	TGGCCACATTACATACCCGGACATGTCCGGGCATGCCCGCAGGGCAGCCAAGATCCCACTGTTGAACCAAAATGGCGGTCAACGTCCCAAGGTCGAATTACGTAATAGGGAAACTACGGTCGCGTTGATCAAAGTTGACATTAAG	2	0.010620832	0.0059779882	0.0059779882	0.0032354535	0.0020497341	0.0020497341	1.544612	2.4139602	3.2879515
seelig_cm	by_cre	TGGGCAAAGGCCAAACAACTTCGGACGGGTTTGTTTTGGACATGTCTACATGTCTAATGGTCGACGTTCGACAATGGACCAAAGCGGTCAACCACTGTAATGGGCATGTTACAGACATGTCCAGGCATGTTACGTAACCATTGTC	2	0.007953644	0.004538536	0.004538536	0.0030693084	0.0018641785	0.0018641785	1.7040596	2.1479843	2.595324
seelig_cm	by_cre	TGGGGGCGCGTCAGTATCTCGGCGCATCCGTCTCTCCGAGGAAGTGAGTCACCCCCAGGGCCTCACCGCCTATCGGCCGCGCCCTAGGAAGATAAGGAAGTAACTCAGCGTATAGGCGAGTCAGCGGGACGATAACTCACGCGCG	2	0.008861542	0.0048041046	0.0048041046	0.0018665282	0.0014440469	0.0014440469	0.73053175	2.739256	4.7520375
seelig_cm	by_cre	TGGGGGCGGTTTCTCAAGAGTCGCCGCCCCGACCAAATGTAACACTACCATATCTCGTTATCGCGCTTCCGAGGATGAGGCATACCCGTGATGAGGACTAAGGATGCGCGACGCATCCGCCAATTGAAGCTTAACTCCGATATAT	2	0.010102272	0.0050554276	0.0050554276	0.0016153152	0.00081564445	0.00081564445	0.5373214	3.395691	6.259107
seelig_cm	by_cre	TGGGTAAACTTCAAACATTACGTAAGGCAAGCCGGGGCAAGTTCAAACAATGTCTACTTGGGACATGCCGGGGCAAGTTCAAAGGTACATTACGGCAAAAGTGCATGCCCAGGCAAGTTCAAAGGGTAATGGTGAAGTTGGGACA	2	0.010061264	0.0052083135	0.0052083135	0.002905101	0.001563168	0.001563168	1.6060911	2.534789	3.4683402
seelig_cm	by_cre	TGGGTAATTATTAACCGGCTACCGCAGCGCGCTGAAAGGTAATTATTAACCCCCATGTTCCGTCTCCCGGGGGTAATTATTAACCTCATTGGGTAATTATTAACCCAGGTAATTATTAACCCTGTGGGTGTGGTAATTATTAACC	2	0.0055036545	0.0039511323	0.0039511323	0.003963334	0.0026700967	0.0026700967	1.3858908	1.5653651	1.7432868
seelig_cm	by_cre	TGGGTCTCACTTTGTTGCCCAGGCTGGTCTCAAACTCCTGGCCTCAAGCTATCCTCCCGCCTGGCCTCCCAAAGTGCTAGGATTATAGGCATGAGTCACTGCCGGGGCCTCATTTCTAATTGTTTCATCAGGCTGATCCTGGACC	2	0.0050263405	0.0049473457	0.0049473457	0.07009843	0.03555474	0.03555474	0.06701604	2.5204227	4.9739084
seelig_cm	by_cre	TGTAGCCTTGTTCCGTCAGAAGTCGGTAGGTCAAACGACCATTACCGCTGTACGGACATTGCCCCGGCATGCCCGGAAACGTTCCCGGCATGTTTGGACATGTACAGAACGAACTTGGCCCTTTTGTGCAGTAGTGGTTCAGTAA	2	0.0058922768	0.0046132803	0.0046132803	0.002062902	0.0018191757	0.0018191757	1.6146402	2.6781843	3.7430074
seelig_cm	by_cre	TGTATAAACATGCCCGGGCATGTGACCGGAAGGGAGGAGGGGGGGGAGAGGGAGAGTGCAAAGATCAATGAATGAATAAGGAGAGAGAGAGAGAGGGGAGAGTGACCAAGGATGTATAGACCAGCGGACATGCCCGGGCATGTAA	2	0.007091522	0.0042051077	0.0042051077	0.003511974	0.0021462974	0.0021462974	1.688628	1.8542643	2.0227869
seelig_cm	by_cre	TGTCAAAGCAAGGCAGACACCATGACTCAGCAGTCGCATTAAGGTACATCCCCGGACGCCCAGTCCATGACTCAGCAGACAAATTCCCCATGACTCAGCACTGTTCGGATGACTCAGCACTGATGACTCAGCAAAGCTTCGGATT	2	0.0109808445	0.0064047575	0.0064047575	0.0039631217	0.0035281808	0.0035281808	0.46050742	2.0056856	3.5554395
seelig_cm	by_cre	TGTCCAGAGAGGTGACCGGGCCAAGGGGCATGGGTGACAGTACAAACAACAAACCACAAAGGTGAACATGCCCGGGCATGTCCCCAGGAACATGGCCCCCGGTAGACATGCCCGGGCATGTCAGCCAGTGACCAAAGGTCACAGA	2	0.009850264	0.0052034855	0.0052034855	0.0027024804	0.0015066864	0.0015066864	1.7903972	2.7177866	3.6498227
seelig_cm	by_cre	TGTCCTCACCCAAATTTCATCTTGAATTGTACTCCCATAATTCCCACGTGTTGTGGGAGGGACCCGGTGGGAGAGAATTGGATCACGGGGGCAGGTTTCCCCCATACTGTTCTCGTGGTGGTGAATAAGTCTCACGAGATCTGAC	2	0.006597519	0.0044923425	0.0044923425	0.0072700717	0.004593875	0.004593875	0.32716164	1.8843622	3.443668
seelig_cm	by_cre	TGTCCTCTGAGCCCTGTGACCTTGAGCAAATCGCTTGGTCTGTCTGAAAGACACGCTTCTCCACCCGCGGTGCGAGGGCGTGACACCACCGCAGGGCTCTCGCAAGGATGATGTAAAATCATTGAAAGGCCCAACGTGCAGACAA	2	0.011479855	0.006408433	0.006408433	0.82177085	0.4117355	0.4117355	0.0009584825	3.3769486	6.7580104
seelig_cm	by_cre	TGTCGTAAGAACGCGTTTCTCGCATACAAGAAGATACTCCAATCGGTTGATAAGGAAGCGCCACACGCTTCCTCGATTTACTTCGCTGTAGGCGCGGCCTTATCTCCCAGATGCTGATGGAAATGCGTCATATCCTGCTTATTGG	2	0.0065436363	0.0048976056	0.0048976056	0.035048436	0.018234236	0.018234236	0.09114796	2.350429	4.611356
seelig_cm	by_cre	TGTGAGTACATGCCCGGGCATGCGACCTCCCGAATCAACTCGATGACATGCCCGGGCATGGATGCGCACATGCCCGGGCATGTGAACATGCCCGGGCATGCTATACAGTCCACATGCCCGGGCATGTGCTTAGTCCTGCGGGGCT	2	0.008373022	0.0047679543	0.0047679543	0.0021269056	0.0014220802	0.0014220802	1.6207204	2.7790089	3.9409022
seelig_cm	by_cre	TGTGATCATTGTTTACAGGTCTACATTACGTAGTCAGAATTTTTTTTTTTTTTTTTTTGTTTGGTTCGTGCCGGCATGCCAGGGGTCATTGTTGGGCATGTGACCGGGATCAATGTTTACAGTACGTAGTCTGTCATGTTCGAAC	2	0.010214806	0.005363524	0.005363524	0.0025216192	0.0014817786	0.0014817786	1.1588259	2.6049867	4.055999
seelig_cm	by_cre	TGTGCAAAGGTCACTGGACATGACCGGACATGTACAAAACCGGGCAAGACCCGGTGAACATGCCCGGGCATGTCACACAGAACATGCCCGGGCATGTGTGCAAAGGTCACAGACCAAACAAAGGCCACTACCGAGAGGGGGGTGA	2	0.008577585	0.0043759346	0.0043759346	0.0029718243	0.0015390194	0.0015390194	1.6407801	2.263585	2.8905916
seelig_cm	by_cre	TGTGCAAAGGTCACTGTGACCCCCCGGGCATGTACACAGGCCCCTGACCAACCCACCGGGCAGGGGTGCAAAGGTCACAGTACACAGAGCCCGGTAGACATGCCCGGGCATGTCACCCGCACCCTGTGAACATGACCCCCGGACC	2	0.009445667	0.0049099326	0.0049099326	0.0016378885	0.0009473309	0.0009473309	1.4571216	3.6121438	5.7717013
seelig_cm	by_cre	TGTGCAGAGGGGGCAAGGTGCAAAGGTGACTGTACACAACCGGGCATGTCACGAGAGACCTGTGAACATGCCCGGGCATGTCCCCCCAGACCGGTAGACATGCCCGGGCATGTCACCCACAGACAAAAACAAAACACCACGGACA	2	0.010794878	0.006095767	0.006095767	0.0027507197	0.0017520712	0.0017520712	1.8530498	2.8890657	3.9297807
seelig_cm	by_cre	TGTGGCCCAGGGTGGTCCGGAACTCCTGAGCTCAAGTTATCCACCCGTGTCGGCCTCCCACAGTGCTGGGATTACAGGCATGAGTCATCGCACCCGGCCGGTTACAGGGCTTTTGAGTATGAATGGCTCCTTGTGGCCCAGTCCC	2	0.009345055	0.004952848	0.004952848	0.0015383498	0.0010373902	0.0010373902	1.0448523	3.5599296	6.079399
seelig_cm	by_cre	TGTGTGGTCAACGGTAGCAATTCCGGTGGGTTGACCGGAAACCTTGCGGGCATGCGTGCATTACCTCACCTCCTGTCATCTTAACGACATGTCCGGACATGTACACAGGCCAATGTCAACCTGCTTTGAGACTTAGGTTGCACAC	2	0.010103464	0.0055069327	0.0055069327	0.003000094	0.0018387679	0.0018387679	1.3434261	2.3557987	3.3727677
seelig_cm	by_cre	TGTGTGTTTTTATTAGATATCGTTTTCGCGCTTTAAGGATGTGGGGGGGGCGCTTGCTGATGAGTTATCTGGCTGATGAGATATCGTTTTTATTGGCTATATATGGGTGGGGGGGGCGCGCGCATGAGATATCGCGATATCGTTT	2	0.011646271	0.006891161	0.006891161	0.0044927504	0.0037558125	0.0037558125	0.47437608	2.1666312	3.8636415
seelig_cm	by_cre	TGTTCCCGGTGTGCGGCCATAGGTTTGCCCTGGGGCCGCTGTGCAGAAGGCTTGCAGGGGAATGTCGAACTACCGGTCGTTCAACCCAGGCTGCAACCTGACCAACACTACCGTCATGACGTCAGCGGTCATGTCCGGACTTCCA	2	0.009562492	0.0050561726	0.0050561726	0.0016037903	0.0013281842	0.0013281842	0.52211183	3.2424097	5.967214
seelig_cm	by_cre	TGTTCGACCGGGATCAATGTTTACAGTACGTAGTCTGTCATGTTCGGACATGTGACCGAGGTTTTGTTTTTGTTTGTTTGTTCATGCTGGCATGCTGGCATGCTGGCATGCCAGGGATCATTGTTTACAGGTCTACATTACGTAG	2	0.008613348	0.0045417845	0.0045417845	0.002219337	0.0013740174	0.0013740174	0.8891597	2.38522	3.885352
seelig_cm	by_cre	TGTTCTGTTTGGATCAATGTTGAACATTCTACCTGGCGCTGGCATGCCAGGGGTCATTGTTTGACATTTGACCGAACGTAGTCTTGACAGGGGTCATTGTTTGCCAGGTGCTGGCAAGCAGTGTTTACAGGTCTACATTACGTAG	2	0.007847786	0.004820466	0.004820466	0.00203207	0.0018611387	0.0018611387	0.8815268	2.7627568	4.647014
seelig_cm	by_cre	TGTTGAACTTTGCTAGCCTTGGTTACATCACTGCATAATTCACTCCGGACATGTCCGGACATGCCCGGAATTGTAGAGTCTCTGGTTTGAACCTAGGTCACTGTCCGCGGACATTGACCAAAGGTCACTCGGTCAGGTCATGTTT	2	0.011118889	0.006293416	0.006293416	0.0025643818	0.0017521174	0.0017521174	1.561152	2.9488902	4.341454
seelig_cm	by_cre	TGTTGCCCGAAACACCCGTAACGCACGGCGTACCGTGTATCAAAGTACTCGGACGCGGGTTTGGTAATTATTAACCTAGAATCCTATAACTTAGGTAATTATTAACCCAAAGGCTCCGTTCAGTGTCACTACGATACCACCTCAA	2	0.007176876	0.004940033	0.004940033	0.008519219	0.0049254606	0.0049254606	0.31595328	2.8532772	5.392838
seelig_cm	by_cre	TGTTGGACAATCCAATGCACCTGGGCTTACGCTCGTGACATGCCCAGGCATGAACGTCCCCTGGACCTTTGATCATGCCAGCATGGCGACTATGGCATTCCATAATTCCTGATCGCCTTGATTACACAAACTTGGTTCCTACTGG	2	0.005103588	0.004758179	0.004758179	0.0035149574	0.0023477008	0.0023477008	1.2532201	2.7894368	4.3259993
seelig_cm	by_cre	TGTTTATGCATGCGGGCATGCTGGGGAAAGTACATTGGATTGTTTGTACTTTGGATTGTTTGTTCAAACATTCTGGGGAATGTTTGTTCAGGCTGGCATGCTGGGGAGTGTGGATTTTTATTGTGTAATGTTTGTACAAAGGTTG	2	0.010188818	0.0055454373	0.0055454373	0.0034351673	0.002052236	0.002052236	1.3473005	2.156892	2.971127
seelig_cm	by_cre	TGTTTCACGGCTGCAAGTTGGGAATCCCCAGAGAGTTTGGCTTGGTATACCGGAGCTTGTACAAATACCGTTCGGGCAACCAAGGTGAAATTCTCGAACTTGTAGCAGTCCGTTGCACAACAGAACTGGACATGTTCGGTAAAGT	2	0.0110087395	0.005991608	0.005991608	0.003099728	0.0024197341	0.0024197341	0.31388757	3.3210905	6.3333106
seelig_cm	by_cre	TGTTTGAACTTTGGACATGTCCGGGCATGCCCATGCCGGGGCAGTGATCAAAGGCCAAACATGAAACAAAGCATGCCAGCAACCAGGGTGAACAAAGTTTGCCCAAACATGTCCGGTGCAAACATGCACTTTTGAACAGGGGACA	2	0.0130569935	0.008350611	0.008350611	0.0039227167	0.0030205129	0.0030205129	1.7185256	2.5244532	3.3350873
seelig_cm	by_cre	TGTTTGTACTTTGGTCTCCTGTACTGCCGTCAACATGCCCCTGCATGCCGCCGGCATGTTCCTACTTTGGTCTCTCTGCCTTGTACCAACATGCCCCTGCATGCCGGCCTGAACACAGAATGTTCCACCTCTCTAATGTTCCACC	2	0.008984566	0.0049142838	0.0049142838	0.0016052256	0.0011004455	0.0011004455	1.4164836	3.5069897	5.601566
seelig_cm	by_cre	TGTTTTGGGGGTTTGTGGCTTAGATGCTGGGATGAGAGAAGCCACCTAAATCCAAAGGAAGGAGTTTGCAGCGTGTTGCATCAGCCAGCCAGCAGACACCCAGCTGTCATTTGCATTCTCAGCAACAAAAGCCTTGGCCCCTCAT	2	0.005941868	0.004231942	0.004231942	0.13858877	0.070405684	0.070405684	0.01693683	1.3457928	2.6763587
seelig_cm	by_cre	TTAATTTCCAATTACGTAACCTCGGTTGATTACTTTGTGACATGCCCAGGCATGTTGCTACGCCTGAGCTTGTTAGCAGCGGACATTCCCGGGCATGTCCAACGTTCAGCGCCCAGGCATGCCTGGGGCTGTATATTATGCTCAG	2	0.009014368	0.0046393275	0.0046393275	0.003993611	0.0020688048	0.0020688048	1.8352071	2.0462682	2.2617047
seelig_cm	by_cre	TTAATTTCTCTCAACATTACGTAATGTATAATCAATAGAGATTGGTCTTTTAGTTATTGTAACTTTGCACAAGGGGCATAGTATACGGACATTGGGATTTGGAGCGAAAGCGCACTGGACATGCCCGGGCATGTCTGGTGCTGAA	2	0.007989943	0.004951507	0.004951507	0.011632635	0.0063815163	0.0063815163	0.6828608	1.1896216	1.693344
seelig_cm	by_cre	TTACATAAGCTTTGGCCTGTGGTCACACATGCCGGCTTGGCCACTGAACAATGCCGGAACACATGGGTTTGATCATGTGGTAGTGTGCCCAGGGTCCAGGCACGTCTGACTGTTGTGCCAATGCCCCGGCATGCCCGGACATGAA	2	0.009830475	0.0049419403	0.0049419403	0.0019986858	0.0010173658	0.0010173658	1.4815761	3.200036	4.9233847
seelig_cm	by_cre	TTACGGCTCAATCCGATCACTTCCCCCAATCTGAGTCACAGTAGCGCTCGTTCCGCGAAATAGCGCTACGCCCCCCGTTCCGGCTCATGAGTCATAACTAACGCCATATTTCGCGGAAGTCGCGTCCGAGTAATAAGATATCTTA	2	0.01246357	0.0078009367	0.0078009367	0.0049277265	0.003973775	0.003973775	0.6352973	2.3820586	4.133483
seelig_cm	by_cre	TTAGTCCGGTCATGTCACCGGACATGTACAATTTCCGGTGGGCTGTATGACTGAACAAGTCCCCTTTGTACAAAAATGGTGACCCCTCTGAACTTTGATCAAGTTGGTTCCGGGGCGGTATAAATTCATTTGATCAAAGGTCAAG	2	0.009545803	0.0048180223	0.0048180223	0.0019660874	0.0010229417	0.0010229417	1.1308558	2.9930649	4.8600016
seelig_cm	by_cre	TTAGTTTATTATAATATAGGGATGACGCAACTTCGTCATCCGCGGGACGCCGCCCCTCTATATATATCTGGCAGACCGCCTTATCTTATATGCCTCATCTTATTACGTCATCGCCTTATCAATAAGATATTTCGCGTAAATCGTT	2	0.012118816	0.0069137216	0.0069137216	0.0021194057	0.0019824244	0.0019824244	0.8053277	3.6865346	6.5729465
seelig_cm	by_cre	TTATAAGTCGCGGAAGCTATCATCCGCGAAATAAGTTATCGCTCCGCGGATCCGATAACTCGTTGACCCGATATCGCTTCCGCGGAAGTTACTTCCTTTTCGCGTATCTGATGACTCATCCGCGAAACGCGCCGCGTTTCTTAGA	2	0.0126309395	0.0076523125	0.0076523125	0.0075970916	0.0049269674	0.0049269674	0.35059857	2.9743314	5.6030426
seelig_cm	by_cre	TTATAGCTTCCTCGAATCCGCATACTGCGCTCCCTCCAATTGGCGCAGCGACGCTTCCTTAAGTCATATGCGGGTTATCGCGATAAGGAAGCCTCCTCCTTGGACGCGTTATAAGTTATCGCTTTCTTGGAAGACATAAAAAAAA	2	0.0142765045	0.009182848	0.009182848	0.027929612	0.015211591	0.015211591	0.14436601	2.93587	5.7324677
seelig_cm	by_cre	TTATCAGTATCTTCTTGAGGACGCGCCTCCTAAGGAGGATATAACTCATTAATGCCGATGATGAATCAGCTTATTTGATGGAACCGTCACTTCCAAGATATCGCTTATATCCGTTAAAATATATTGAACGCGATAATCACATCCG	2	0.008695841	0.0045854636	0.0045854636	0.010773103	0.006513997	0.006513997	0.043861754	1.9502667	3.860782
seelig_cm	by_cre	TTATCGCTTCCTAGATATAGGCGCGCCTTCCTCGACCCGGGGGGTGAGTCATCCGGCGCCGCCGATTCGCCGATAGGCGCGGCTTCCTCGACGCGCGGCTTCCTTCAGCCGGCGGGTGAGTCATCCGGCGGCGCCGATTGGCCGA	2	0.01199913	0.0069749355	0.0069749355	0.0045356383	0.0032954223	0.0032954223	0.42911643	3.134249	5.844406
seelig_cm	by_cre	TTATCGGGGAGGGAGACGCAGTTACTCATAAGGATGCGGAAGTTATCGGAGGGATGAGGAAGCGTTATCTTTCTTAGAAGCGCTATTTCTTTATCGCGCGGTTTCTTTTGAGGATGCGCGATATAGGTAGTTATTTCGCGGAAGC	2	0.0053579956	0.0048302487	0.0048302487	0.053605862	0.027260968	0.027260968	0.09727268	2.3983126	4.698825
seelig_cm	by_cre	TTATCGGTATCGATGACTCATCCGGATGGCGCGTCTTTCGAGGAAGAAAGCGATGCGATATCTCGAAAGTCGCCCCACCCTTCCCCATACAGCTTCGACTTCCCGGATGCGCCACCCCTATAGTCAGCTTATCTTGCGGATTAAA	2	0.01147604	0.0064582713	0.0064582713	0.011752178	0.0069211572	0.0069211572	0.12185301	2.8065722	5.496309
seelig_cm	by_cre	TTATCGTTAGTTAGCGGGTGGTTTCTTTTTTTCTTATAAGAAGATGAGGAAGCGGGAAGATGAGTTATCGGAAGGAAACGGGCGGTTACTCATAAGGATACGCTATATCTTGGAAGCGCGGAAGTGAGGTATCGCGTTATCGGGG	2	0.0061695576	0.0043159127	0.0043159127	0.002433448	0.0020833332	0.0020833332	1.010612	2.2857199	3.5626814
seelig_cm	by_cre	TTATCTGGCTGATGAGATATCGCTTTATCGTGATATCGTTTTCGCGCTTTAAGGATGGGTGGCGCGCGTGTTTTTGCGCGATATCGTTATCAGGATGGGTGGGGGGGGCGCGCGCATGAGATATCGCGATATCGTTATCGCGCTT	2	0.007030487	0.0047114044	0.0047114044	0.010470699	0.0060672415	0.0060672415	0.2272816	2.2270384	4.229114
seelig_cm	by_cre	TTATCTGGCTGATGAGATATCGCTTTATCTTGCTGATGAGATATCGCGATATCGTTATCGCGCTTTAAGGATGGGTGGGGGGCGCGCGTTATCTTGCTGATGAGATATCGTTTTTATTGGATAGATGTGGGTGGGGCGCGCGCAT	2	0.00481683	0.004717976	0.004717976	0.006089579	0.0036003054	0.0036003054	0.78858715	2.4742508	4.1598153
seelig_cm	by_cre	TTATCTGGCTGATGAGATATCGCTTTTTTTGGCTGATGAGATAAGGATGGGTGTGGCTAGATGTGGGTGGGTGTGGGTGGGGCGCTTGCGTTATATGGGTGGGGGGGGCGCGCGCATGAGATATCGCGATATCGTTATCGCGCGT	2	0.005405426	0.0049935617	0.0049935617	0.14096382	0.071006745	0.071006745	0.030211799	2.5910757	5.1523514
seelig_cm	by_cre	TTATGTAATAATCGGGAGAGCAAAAGGGAATGCGGACATGCTCGGGCATGTTCGGTTGAACTGGGGAGCAAAGGTGCAAGGGGGCATGTTTAAACATTATGTAATGGTCGAGCGAGCAAAAGGGAAAGGGGGCATGTTTAAACAT	2	0.010686874	0.0065185428	0.0065185428	0.0048979083	0.0031773078	0.0031773078	1.6121972	1.8976492	2.1872697
seelig_cm	by_cre	TTATGTAATAATCGGGAGAGCGGAGGTGCAAGGGAGCATGCGGGGGGTTGAACTTGCTCGGGCATGTTCGGTCGGTAGTTTGAACTTTCGGTCTAGCGAGCAGGGGTGCAGAGGTTGTTGTACAAAGATTATGTAATGATCGAAA	2	0.006456971	0.0041291118	0.0041291118	0.003372135	0.0022141626	0.0022141626	1.7045238	1.8101132	1.9180305
seelig_cm	by_cre	TTATGTAATAGTCGAGCGAGCTTGCGGTCAAGCGGACATGTTTAGACATGTTCGGTAGGGAGAGCGAGCTGGCGAGCTGGGGAGCGGGGGTGCAGAGGTTGTTACATAATGGTTGTAGTGCGGACGTTTGAACTTTCGGTCGTTT	2	0.009055138	0.0050413013	0.0050413013	0.004713883	0.002656551	0.002656551	1.714159	1.8178118	1.9254785
seelig_cm	by_cre	TTATGTAATGAACGGGAGAGAGGGAGAGCAAAGGTAAAAAAACAATTGCGGACATGCTCAGACATGTTCGGTATGAAAAGAAAAAGAGAAAGTAAGGGGGCATGTTTAAACATTATGTAATGGTCGAGCGAGCTGGGGTGCAAAG	2	0.0056111813	0.004161656	0.004161656	0.002424188	0.002070166	0.002070166	1.5790073	1.9475138	2.3174698
seelig_cm	by_cre	TTATGTAATGAACTAAGGTGAAAGAGAGAAAGGGGGCATGCTGGGGGTTGAACTTACGGTAGTTTGAACTTGCGGTCGTTTGAACTTGCTCGGGCATGTTCGGTAGTACAAAAGTTAGAGAGAGTAAGGGGGCATGTTTAGACAT	2	0.011068821	0.0068699718	0.0068699718	0.004715897	0.0031830077	0.0031830077	1.6174108	1.9829378	2.3526638
seelig_cm	by_cre	TTATGTAATGGTAGTTTGAACTTTCGGTCTAGCGAGCAGGGGTGCAAAGGTAGTGGGGAGCTGAGAGGCTTGTATAAACATTATGTAATGATCGGGAGGGAGAGAGAGTAAGGGGGCATGTTTAGACATGTTCGGTATGAATTGA	2	0.0092122555	0.0052366257	0.0052366257	0.007256499	0.003982886	0.003982886	1.2649118	1.523694	1.7785006
seelig_cm	by_cre	TTCAATGGTGTTGCTCAGCAGGCAGGAAATTCCAGACATAGTTTGTCTGTTGCATAGGGTGCTATTTCACGTGGGAGATCCAAACTCCATTCCGCCCCTTTCCCCAGCTTCCTCCTCCCCCTTTCCTTCCCGCTTCCTCTCCCTC	2	0.009334087	0.0048522353	0.0048522353	0.0015476554	0.0010941039	0.0010941039	0.5780396	3.3046694	6.0357814
seelig_cm	by_cre	TTCACTATCACCATTACGGAATGTTTAACCTTTGTACAAACATTGCAAACATGCCTGGTTGAACAATCCCCATCATGTCAGGGAATGTTTATACATGACCGCCTAGGAGCCTCTGAATGTTGACCTTCCGGAATGTTTGAACAAG	2	0.010307312	0.005299777	0.005299777	0.0020976171	0.0011994398	0.0011994398	0.9699109	2.9419384	4.918973
seelig_cm	by_cre	TTCACTATTACATAATGTTTGTACACATCCCCTGCCAACTCAACCTTTGTTTGTTCAACCCAAAGTTCAAACAACTCTCTGTTCCACTCCATCACTGCAAACATGCCCGGACATTCACTCTACCGACATTCCCTATTACATAATG	2	0.01154089	0.0065306723	0.0065306723	0.0026481303	0.0023411415	0.0023411415	0.5734014	3.123861	5.6793313
seelig_cm	by_cre	TTCACTTGCGTATGTTATTATTCGTTATCTGGCTGATGAGATATCGTTTTTTGGATGGGTGGGGGGGGCGCGTTCTCTTGCTGATGAGATAAGGATGTGGGGGGGGGGCGCGCGCATGAGATATCGCGATATCGTGTTTATTGGC	2	0.010326147	0.0056773275	0.0056773275	0.0054792436	0.0041014375	0.0041014375	0.18719558	1.9895133	3.7964797
seelig_cm	by_cre	TTCAGCACAGCGTGTGACATGCCCGGGCATGGCGCGAGGAGACATGCCCGGGCATGCACAGGGCGAACATGCCCGGGCATGCAGGGACATGCCCGGGCATGCACATGCCCGGGCATGGATGGAGGACATGCCCGGGCATGATGTA	2	0.008375168	0.0041967034	0.0041967034	0.002950072	0.0014806155	0.0014806155	1.6344702	2.236725	2.8431582
seelig_cm	by_cre	TTCCCAGTTCATTGATCAAACGACTGTACAACCGTAGGAACTTTGCCCGGTGGTCTTTGTCCATTCCGGCCTGAACAGTACAAGGGCAAACATTACAGTTGGGAACAAGTCCGGAATTGCCGTGAAATGTGAAAACCGGGACTCC	2	0.009916782	0.0050444007	0.0050444007	0.0018632567	0.000990282	0.000990282	1.4663079	3.3943396	5.3272433
seelig_cm	by_cre	TTCCCTGTTCGTATAAGGCATGAATTCCTGGTGGCTCCACCGCCCTCCCCCAGTGCGTATGTGGGACCTTCGTCCACTAGGGACATGTTTAGACAAGCTCCCTGTGCACGTTCCCTTATCTGCACAAAACATGGGTTGGAGGTTC	2	0.012380123	0.007374108	0.007374108	0.002882639	0.002434631	0.002434631	1.1908349	2.7433686	4.3009086
seelig_cm	by_cre	TTCCCTTCCTTATTTCTCGGAAGCGCGCGCGATTTCTCGGAAGTAAGCGCCGCCCGCTGATTTCTTCCAAGAAAGCCCCGCCCATTTGCTGATTTCATCCGCCCGATGACTCATGACTTCCTTATCTCTTCCGCGCCCCGCACGC	2	0.01158905	0.0066004395	0.0066004395	0.006410632	0.0042356327	0.0042356327	0.25062466	2.9377263	5.6298165
seelig_cm	by_cre	TTCCGAGAAAGCCCCGCCCATTTGCTGATTTCATCCGCCCGATGACTCATCACTTCCTTATCTCTTCCCTTCCTTATTTCTCGGAAGCGCCGCCCATTGGAAGGAAGCGCCGCCCCCAGAGGGCGCGGCCTATAGGACGATATAA	2	0.004501164	0.0039722025	0.0039722025	0.0054441397	0.0034739724	0.0034739724	0.8245401	1.558238	2.2914069
seelig_cm	by_cre	TTCCGAGGAGCGCTTCTCCCAATAAGTTATCTTCTTCCGATACCTCAGTTTCTTAGGAGGGCGCGCCTCATGGATAAGAAAACGCATTTCCCGGAAGCGCCATATGCGGGAGAAGCCACTTGCGATATCTTATCTTACTCATACT	2	0.010748386	0.0058083236	0.0058083236	0.0058726417	0.0037549126	0.0037549126	0.1474143	3.3565083	6.5705423
seelig_cm	by_cre	TTCCGATTAGCCGCGCGCGCAAGTGATTTCTTATTTCCTTTTTCGGGTGAGTTACTCTGCGTTTTTCTGATTAGCCCCGCCCCCATGCGGCTCCTTATCTCTTCTTTCGCGTGAGTCACTTCCTTATCAGCCCCGCCCCCTTTCT	2	0.013795376	0.008912876	0.008912876	0.009728136	0.006040929	0.006040929	0.41228586	3.137695	5.867987
seelig_cm	by_cre	TTCCGATTGGCCGCGCGCGCAAGTGATCTCTTATCTCCCCCCGCGTGCGAGTTATCGGTTCTCCCTTCTTGCGATTTCTTATCTCCTCTTTCGGGTGAGTCACTTCCTTATCAGCCCCGCCCCTTATCTCTCCCCTCCTTTTCTT	2	0.0066595078	0.0049568415	0.0049568415	0.003593414	0.0022959388	0.0022959388	0.9039672	3.7876751	6.6730857
seelig_cm	by_cre	TTCCGCGAACGGCGCGGACCTATCTTATAAGGAAATTCCCGTTGTCGCTTAAGTACGCGCGGCCCACTGCTATCATCCGAAAGAACTTTACGATATACGCGTGATAAGATACTCATAACTCGTAACTCATTGGAAGATATGGGCT	2	0.010078907	0.005151838	0.005151838	0.0017093747	0.0010128702	0.0010128702	0.7103601	3.3033628	5.901293
seelig_cm	by_cre	TTCCTGGATTTCTTCACCCCAACGTTAGCAGATCAGGGACAGTTTTGCAGGAAGGAGGCCAGTCATGCCTCCTTTGTGGAGCTCCCTGGAGAGCTTCTACCTCCCTTCCTTCAAAGCCCAGGAAGAAGCTGAAATGAAAGCCTCA	2	0.012496471	0.007622067	0.007622067	0.02633821	0.014315418	0.014315418	0.10294846	2.7775242	5.4569745
seelig_cm	by_cre	TTCCTTCTGCTTTTCCTACACGCCCAGGCATGCCACAGCACCAGCTCACATTCCTTTCCTTATTTGAGAAAAGACTGACTCTCTAGCTCGCCGCAGACGACCCCTTCCCCTAAATGTTTAGCCAATCGGGTCTAGCTTAGATTGT	2	0.011583328	0.00635612	0.00635612	0.001933675	0.001333943	0.001333943	1.5370208	3.7639515	5.9961095
seelig_cm	by_cre	TTCGTCATGTTTTCCTGTTGGGTCCAAAGTTCAAACATGCCCGGGCATGTTCACAGTTCGTGGGCAGTGGGCAAACATTCCGGTTGTTTGACATGCCCCGGCATGTTTGCCCCCCGGCATGTTTGCTCCGTAATTCCGTTGTTTA	2	0.007140398	0.004635632	0.004635632	0.0022942224	0.0017343352	0.0017343352	1.8132896	2.4633472	3.1159093
seelig_cm	by_cre	TTCTAAACGCCGCAACTTACATTGAGATAACTTCTATAAGTAGCATACTTCGCGGAGCGGACCTCACTAGAAATCCTATACGCATCTCCGAGAAACTGTCTAATCCGCGAAAGCGTTATCTCTTGAGTCTGATAACACATGGGCC	2	0.009755611	0.004878193	0.004878193	0.001667949	0.00083442184	0.00083442184	0.8661472	3.357507	5.853744
seelig_cm	by_cre	TTCTATTCAAAGGGCCTTTAGTATAGCTCAGCATGCCATTCGGCTGAGTGCAGTGGACAATGAACTCTGCCTCTGTTCATGATCGTACAATCATTACCGGTATTCCAGCGGGCTTGGATCATGCCCAGGCATGCCCGTTATACGG	2	0.0093922615	0.0051822066	0.0051822066	0.0037549562	0.0021841442	0.0021841442	1.5845461	2.0431647	2.5059934
seelig_cm	by_cre	TTCTGCGTCTCGCACATCGTCGACCCGCGCATCTTAAGGACGACTCACGAGATATATACTGACTCATAAGGAGGAACCGGTTCCATCATATCGGACTGGGCGATGCGTCGTCGAAGCGCGCAGGCCGTTCCTAATTTTTCCTCCC	2	0.011322498	0.0061836243	0.0061836243	0.0018252605	0.0013324027	0.0013324027	1.2439022	3.723824	6.2088842
seelig_cm	by_cre	TTCTTTGGTCGTTGGTCGACCATTGACCGACGACGGCCGTTCGTGTGACCAATGGTGGTTGTTTGGACATGTCTACAGACATGTCCGAAGACCACTTTGGACGTAAGGTAAGTGAACGTTGACCGTTCGGCACATGTCCGGACAT	2	0.007621765	0.004880488	0.004880488	0.0017516244	0.0016532212	0.0016532212	1.2202028	3.061651	4.905841
seelig_cm	by_cre	TTGAACATGCCCGGACATGTCCGGGCATGCTCAATGTATAGTGGTAAAGGTCCAACGGTCTCCCGTATTCCCCTTAGATTATAGAATAATGGTGACAAAACGAGAAATTATGGTTTGTTTAAACTCCGGACAAGCTCAAGCTCCC	2	0.009693623	0.005032599	0.005032599	0.001614767	0.0010551539	0.0010551539	0.74965227	3.3764732	6.0079556
seelig_cm	by_cre	TTGAATGACCAGCCGCCTGCCCGCCGGCAGACTTCCGGTCGAAAGTTCCATTCATTACGTACGGAATGTTTAGACAGGCGCACGCGACATGCCCGGGCATGACTCTGCTTGCTCCAATCATGTCACCGAACAACAGCGCTCAAAG	2	0.0075182915	0.004137039	0.004137039	0.0037193818	0.0020934138	0.0020934138	1.6164649	1.8191123	2.0251412
seelig_cm	by_cre	TTGACGCGGGGCCACAGATATGACTTAAAAACTTAAAAAAGAGATAAGGAAGCGCGGACCGATACGTGGGTCCGCGATTCCGCGAAAAGATATAAGGAACCGTCCTTATAACTTAAGGAAGTGACGAGGACCCATGGGGCGATAC	2	0.012456894	0.007607624	0.007607624	0.017640786	0.009972943	0.009972943	0.15498313	2.7802098	5.4102855
seelig_cm	by_cre	TTGACGCGGGGCCACAGATATGACTTAAGGAGGAGCGATACGCGGTTCTTGGAAAAGATATAAGGAAGCGCGGACCCATGGGGCGATACGCGTTTCTTAAAATCCTTATATCTTGAGGAAGTGATAAGGAAGCGCGGACCCATGG	2	0.0054121017	0.0048780534	0.0048780534	0.07309086	0.03709452	0.03709452	0.05726094	2.4938445	4.9309626
seelig_cm	by_cre	TTGACGCGGGGCCACGGAGACACGGAAGCGCGGACCCATGGAGCGATACGCGTTTCTTGGAACAGAAGGGCGGACCGATACGTGGGTCCGCGAACGGACCCGCAGACCCATGGAACCGTCCTTATATCTTAAGGAAGTGACGCCG	2	0.008767605	0.004891306	0.004891306	0.0020538375	0.0017444063	0.0017444063	0.706827	2.488112	4.2732735
seelig_cm	by_cre	TTGACTCCATCTTTTGTAGTCATAGCTGGTCACACGACTCCGGCCCAGCCAATGGGAACACAGGAGATTGTCTCACACGAGTCATGTGACCTGAAATGGACCAATGAGACCCAGCTCTGGGACTTCGGGCAGAACTGTGTTAAAG	2	0.012211323	0.007314846	0.007314846	0.004935467	0.0038664495	0.0038664495	0.48878878	2.4275942	4.371296
seelig_cm	by_cre	TTGAGTGCTCACGAAGCGGTTAACCTATCGTGAAGTGGTGATCACTATTGCAGTTGGTAGTTACAAATGGAAAAGAATGCGGCGATGGTCACATGTCGAGATTGCATAATATCCTTTCGTGACGCACAGGCCGGGTCAATATTGG	2	0.005886078	0.0045541525	0.0045541525	0.0031226955	0.002497796	0.002497796	1.0302625	2.0873206	3.1457105
seelig_cm	by_cre	TTGATTAGACAGACTCCCCCTTGACTGGAGGTCAGCCGGCCCAGCATGACCCCAGGAGAATAAACAAACACCAGAAGGAACAAAGGTTTGGTCTTTGTTCACAATGATTATGTAACCATTGAAACATGCCCGGACATGTCCGGTC	2	0.010251045	0.005958855	0.005958855	0.0046251384	0.002787464	0.002787464	1.7539394	1.9855744	2.2215014
seelig_cm	by_cre	TTGCATCTAATGAGTAAGACAGAACGGCTCTCGCGATATGCTTCTGCTGCAGCGCCGTTTCTTATCATAAGAAGCATCGAGGAGCGCGCGTCGCGGGAAGCGCCTCCAATTAACTCCACCAATCGCTTCACTCGCCGCGGCTCTG	2	0.009953976	0.0050463676	0.0050463676	0.0013566578	0.00073216495	0.00073216495	1.2886553	4.3129277	7.342108
seelig_cm	by_cre	TTGCCCCTCAGACATGTCCGGGCATGTACCTAGCCTCGCCGCCCCTCAATGGTTGCCCTTTGTACAGGGGTGTTTGAACGTTCGGTCTACTGAGTCATGTAGAGGTCAATCCAAAGCACCTTGCCGGCAACCGGAAGCTGAGCAA	2	0.0072641373	0.004883647	0.004883647	0.0020173793	0.0016718216	0.0016718216	1.2395447	3.35897	5.4807754
seelig_cm	by_cre	TTGCCCGGACAGGTCCCCCGTCATGTTGGACTTTGTCCGGACATGTCCCCCGTAATGTCAAACCTCCGGAATTTGCCCGCTCTTGTTTGTTTGTTCAAAGGTCAAACAGTCCAAAGGTCAAAAGTTCAAAACAGGCTTGCCCCCT	2	0.010224819	0.005339682	0.005339682	0.0018051179	0.0010971851	0.0010971851	1.167512	3.4160442	5.6694617
seelig_cm	by_cre	TTGCCCTCAGGAGGCTTGTTCACAGATGCACTGATGTCTGGACATTGATCGAAGGTACTAGGATGAGTGCCCAGCTATTACTGTCGAACAGTCCGGTGGCAATGCACATTCCATTACATTACGGCGAACATCACGATTACCAGCT	2	0.009273529	0.0050617754	0.0050617754	0.0016962094	0.0012911168	0.0012911168	0.95894146	3.213287	5.471844
seelig_cm	by_cre	TTGCCGGTGCGCAATGATGCAAACATGCCGGGACATGTCCCTTGGTCAACATTGTATTCCCTTCACCCTCGCTCTTAGCGAGCTTGGTTTAACGGAAAGTTCCTCCCAGGTCACGTTATGTAAAACCGGCTTACCGGACTCCTCC	2	0.009965897	0.0050464272	0.0050464272	0.0023048182	0.0011885769	0.0011885769	1.7550572	3.0395305	4.328923
seelig_cm	by_cre	TTGCTGTAAACATTACGGAATTTCCCACGGTTTGACCTGTTGGACTGGGTCCAATGTCCAAACATGCCGGGGCACGTCCGGTCGACGTGCCAGCACAAGTTCATGCGGGGGGGCATGACCGACGCAGGCAGAGACCTGTCGCCCC	2	0.010994911	0.0059854984	0.0059854984	0.001905852	0.0012175563	0.0012175563	1.8437558	3.8066354	5.774524
seelig_cm	by_cre	TTGCTTTTGTACAAAACTAACGGAGGAATGTACCTGGGACATGTCTGGACATGCCCCCTGGCTGACCGGTAGTGTTTAGACTTTCCGGGCATGACCCCCGGTAGACAAAGTTCGTACAGCAAGCCGGCCGACGAAAGCACTGTGC	2	0.0082473755	0.004471898	0.004471898	0.0031404167	0.0017903714	0.0017903714	1.5812542	2.1039033	2.630328
seelig_cm	by_cre	TTGGACCTATGTCACAGCATGCTTTGCTGAAGGGGTGAAATGCGCCGAAAAGACGCGCGAGGCGCGCAATGAGAAAATCACAGCAAATCACAGCTGTATATGCTCAAATCACAGCTTGGTCGGGTGCCTGCACGGGGCACCACCA	2	0.00965929	0.0048452616	0.0048452616	0.0017795827	0.00090456876	0.00090456876	1.0567596	3.2423077	5.4326696
seelig_cm	by_cre	TTGGCGCGCGCGCCTGATTAGCCAGCGGAAGTATGGCGCGCGCGCCTGAGCTGGCGCGCGCGCCTGAGGCCATGGCGCGCGCGCCTGATGGCGCGCGCGCCTGATTGGCGCGCGCGCCTGACTTCTTGGCGCGCGCGCCTGAAGA	2	0.012444973	0.0065915883	0.0065915883	0.0017452762	0.0013575789	0.0013575789	0.7607582	3.9458945	7.1368837
seelig_cm	by_cre	TTGGGCATGTAGAGGGCAACCGACGGACGGCCGTAAACAACATGCGCAAGACTAAATGTACTGCGATGGACGACATAAACCACCGGTGTTTGTGGACTTTGGCTTAACGGGCGCGCAGTGGACAAACTCCCGGCCGGCGTAAGTT	2	0.008701324	0.004942745	0.004942745	0.004443281	0.0029375101	0.0029375101	0.26591492	3.1719787	6.081801
seelig_cm	by_cre	TTGGGTCAAACATGCCGGGGGACTTGACAGGAGTGGATCAAAGGTTCAAACATTGATTGTGTAAACATGGCCTGACAGGAGTGGAACAAAGGTGGAGTGCACCGGACATGCCCGGGCAAGTCCGGTGGACAGGAGTGTGGAACAA	2	0.009437442	0.005754769	0.005754769	0.006678814	0.0039456994	0.0039456994	1.4083228	1.5609334	1.7098612
seelig_cm	by_cre	TTGTACAAACATGTCGAGTTTGGAATTTTCCGGTCATGCACTACAGGTAGGCTGCCATCTCCCAGCGGCAAACGAACATTACGATCAAAGCACCCAGCCGGTGGCAGTCATGTACCCGCCTCCAGTCATGTTCGGCTCCCAGGCC	2	0.010159969	0.0051860213	0.0051860213	0.001382614	0.00090114755	0.00090114755	0.50521415	3.9268486	7.353457
seelig_cm	by_cre	TTGTAGCCTTGACCCAACCGGACTTTGTCCCCTCTGGTCAAACAACCAAACACCAACCAGGATTTTGTCCGGTCATGTTCACAGGACTGTTTGTTCAAACGGGCTTGCCCCGGCATGTCTGCTTGTGCAAAGGTCAAACAGTGCA	2	0.0062527657	0.0047724843	0.0047724843	0.0019539734	0.0017295333	0.0017295333	1.6832298	2.9196403	4.1575313
seelig_cm	by_cre	TTGTCAGCTTTTGTTCAAACATCACCGGTCATGTCAAACCAAAGGTCCAAAGTCCTTTGTCCGCTTTTGTTCTCTGGACTTTGCACAAAACAGTCCAAACTGGCTTGCCCGGGCATGTCCAAAGGTTCAAAGGTCAAAGATCATG	2	0.00921011	0.004951358	0.004951358	0.0019158757	0.001256465	0.001256465	1.1596924	2.9836488	4.8118634
seelig_cm	by_cre	TTGTCGGCTTGCCCGGGCATGTTTAATTGTGCAAAGGTCAAACATCATGTCAAACAAACAGTCCAAAGTTCAAACCAGGCTTGCCCCGGCATGTTCAAAGTTCAAACAAGGGACATGTCCTCTGTACTGTGAACAAAACAAGGCT	2	0.0072422028	0.004878044	0.004878044	0.0020406777	0.0017353729	0.0017353729	1.2306306	3.1480618	5.0678573
seelig_cm	by_cre	TTGTCTGCACGTTGGGCCTTTCAATGATTTTACATCATCCTTGCGAGAGCCCTGCGGTGGTGTCACGCCCTCGCACCGCGGGTGGAGAAGCGTGTCTTTCAGACAGACCAAGCGATTTGCTCAAGGTCACAGGGCTCAGAGGACA	2	0.014684677	0.009733833	0.009733833	0.019553903	0.011117849	0.011117849	0.24221388	2.8601482	5.4830337
seelig_cm	by_cre	TTGTGAAAAATTCCGGTGATCGTTCAACAGGGTCGGCGACCAGGGCATGCCGACTTGATCCCAAAGATCTTTGACCTGAGTCCTTTCGTATACTGCAAGGGTTATGTTCGGTACAAGTCTCCGCAACTAGGTCTGGACTTGACTT	2	0.012019157	0.0071437657	0.0071437657	0.0028192445	0.0025571832	0.0025571832	0.8034693	3.0207155	5.2428374
seelig_cm	by_cre	TTGTGTAAACATGACCGCAAGATTGAACTTTCACCCCACATTCCCTTTGTACTTTCAACCTCCTGTCAAACCTCATGACCAACCACCATTACGTAAAAACAAACTTCCCCCTGACTCCCATTCCCTTTGAACTTTCGCTCCACAG	2	0.009419441	0.0049785078	0.0049785078	0.0016659256	0.0013034791	0.0013034791	0.5709912	3.1127195	5.6588883
seelig_cm	by_cre	TTGTTACCGACTTGCCGCCCTGCCTGCCACTTTGAGGCACAGTTGCAGCGCCTCTGTTTACATTTTTGGAGGACACGTGGACAAGCCCAGGCAAAGCCGAACAGCACACGGTACATCAATCACACAAGGAACATCTGCTGATTCC	2	0.0104904175	0.0056055784	0.0056055784	0.002454145	0.0015026245	0.0015026245	1.30745	2.7911906	4.279816
seelig_cm	by_cre	TTGTTATAAGTCGGCGCCGCTTCCTATAGCCGCGTGATTTCGCGGAAGTCCCACCCAATAGGATATATCGTAATCGGCATCTATTAATGACGCGCCCCCCCCTTCCGCGTTGCGCGTATCTCTTACTGATAAGAAGAGGGCGGTT	2	0.00858736	0.0049449503	0.0049449503	0.0019318027	0.0017508734	0.0017508734	0.67361027	3.0720568	5.4741454
seelig_cm	by_cre	TTGTTCACGAGGTCGCTGTACATGCCCTGGCATGTTTGCACACCTAAATGGGGACAAACACTTCTAAAAATCATAGCTCTGTACATGCGCAAAATTCCGATGGACTTTTGCCCTGTTGCCTAGGGACCCCGAGGTGAATTCACCA	2	0.00921011	0.0050204396	0.0050204396	0.0016173563	0.0011000934	0.0011000934	1.4249896	3.5599751	5.6991506
seelig_cm	by_cre	TTTAAAACAAAAGAGAAAGTGAAAGCCATTAGGCAAGCTATGTGCTGGGCTGCTAACGTAGCCCCTGCAGGGAGGGGTCAGGAGCGCGCTGCAGTGAGCCTTGGGTCTCGCAGGCCCAGCCCTGCTGCAAGGAGCCAGGGCACCC	2	0.013590813	0.008561924	0.008561924	0.024487028	0.013348061	0.013348061	0.1425154	3.1482477	6.159009
seelig_cm	by_cre	TTTAAGAGCCACCCTCTCAGCCTTAACCGGTGTTCTGCAGGCCTACGTCTAGCGCGAGCCTCGGAGACCCACAGATAGCCAGACGGTTGAACGACTGCCCGCTAATTTCACGTGGTGTGAGGCACTCGCGCTGTTTACTTAGGTT	2	0.008379459	0.004987061	0.004987061	0.0030554563	0.0022123312	0.0022123312	0.5211092	3.3209236	6.1241302
seelig_cm	by_cre	TTTACAGGCATGCTGGGTAATGTTCAAACTTGCTGGGGAATGTGCAGGGGGGAGTTCAAAGTTTGTATTATGCATGCTGGCATGCTGGGGAAAGTACATTGGATTGTTTGTGCTGTGGAATGTTTGTACAAACATTCTGTTTGTT	2	0.011460066	0.006774783	0.006774783	0.0032282386	0.0026441454	0.0026441454	1.0132502	2.2821195	3.555674
seelig_cm	by_cre	TTTACTGATGTAACAACCTTGGTGTGCCGTGGCTAAGCCACACTCCACCCCTGACCTGCGGGGGATGAGTCAAACGGTCAGACTTGCCTGGGCTTGTTCCACGCTCCCCTGGCTAGACAGGCGTCTACACATTCTCAGTTAGGGG	2	0.007351637	0.0043824315	0.0043824315	0.0034773722	0.0021414617	0.0021414617	1.7536523	1.9342475	2.1178117
seelig_cm	by_cre	TTTACTGCCCAGGTTACAGGATGAACATTGCAAAGGTGGACATGTACGGACATGCCCGGGTACATTACGTAACCGAAAGTCCAAAGACTCCGTTAGACTCCCGACTAAATGACTTTCGGCCGCAAAGGTTCCGGGGCAAACTCAC	2	0.0066924095	0.004365802	0.004365802	0.0028198282	0.0020224846	0.0020224846	1.6634374	2.0188982	2.3766856
seelig_cm	by_cre	TTTCCGATAAGTTATCTTATATGCTTAGAATCGCGCTTCGCGATAACGCGTTCCCGCGTCTTACTTATCAGTCGCGGAAGACGCCTTCCGCGTAACTTATCGCGCGTCTTATAAGTCTTCCGCGAATTCGCGGAAGTTACTTTCT	2	0.008723259	0.004877351	0.004877351	0.0078085833	0.0047690514	0.0047690514	0.13157527	2.5879192	5.048109
seelig_cm	by_cre	TTTCGCGATGTAACGGGTGGGCGCGCCCTCAAGAGACGCTTCCTTATATCCTTCTGCAGGATAAGATCCGCGATAAGACCTTATCCGAGTTGTTTAGTGTAGAATGAGTTGTTTTAGGAGCTGCGTTTCGCGGAAGTGGGAAACC	2	0.010881901	0.0062060356	0.0062060356	0.0023320536	0.0021478352	0.0021478352	0.778496	2.7227461	4.671672
seelig_cm	by_cre	TTTCGTGAAATCCCCTTACGATAAATAAGACACGGTTTCTTGCATCCTCACTCCGCCAAATAGCGCAGCGAAACGCGGAAGCGCGAGACGCTTTGAACACGGAGATAAGTTCCGCTTCCGTTTCGAGAAAGAAACATCTTATCTT	2	0.011064529	0.006108254	0.006108254	0.0021935983	0.0019385524	0.0019385524	0.6836976	2.8641412	5.049541
seelig_cm	by_cre	TTTGACCATGCACGTCCGTAATCGTAAAGTGATTGTGATCTACGCACAGGAGTCCGTAGGGTATAGTACAGAGAGCTATACAGCTCAGACAAACATTTCGGCCGTCATACTGTTTTACACAAACAACTCCGGGCATGTTTATTCA	2	0.013436317	0.008478552	0.008478552	0.0046647317	0.003588894	0.003588894	0.7530069	3.0506861	5.353323
seelig_cm	by_cre	TTTGAGGAGCTGTTGAGAAAAGATCGTTTTTTAAGAAAGCCTTATCGTTCCTGTGCATGTGGGTGATGTCATCACACTCTGCCCCCTGGACGCAGATCCTCCATGCTGCCCCCAGTGGGAACACCAGCCTGTGCTCAGTGCTGCA	2	0.009582996	0.005132079	0.005132079	0.0022588025	0.0014935374	0.0014935374	0.93497145	2.5889122	4.2473035
seelig_cm	by_cre	TTTGCCAGCAGGCTTAACCCCTTTTGTCCACGCTTCCCTCCTCAAGAAAACCTTAATCATCCTCATTTGAATTTCAAATGACCTCTCCCCCTCCCCACCCCAACAGGCTTTGAGGCAGGGATATGGAAATTCACCCTGCAGTATG	2	0.0120921135	0.0070755184	0.0070755184	0.003938079	0.002956796	0.002956796	0.5217948	3.3219118	6.1270456
seelig_cm	by_cre	TTTGCGTAGGGCACTGGTCTCAGGTCATTGGACTAAGAGAGACAGGCCAAGATGACGTCATAATACAATATATGTATCCTTCAACCAAACCGACAGACCAGTGGACATGCCCGGGCATGTCCGCTGGGGGACTTTGACCTTTGTA	2	0.009692669	0.0050264	0.0050264	0.0016704979	0.0010247482	0.0010247482	0.95003825	3.3762405	5.8071094
seelig_cm	by_cre	TTTGCTTACTGTGCAGTCGACGCAGGGCATGCCCGGACATGTCCAGTGGGCTCACTCTAAGGGAACATTCCGGGGCAAAGTCCGTTGTACAATGCTGTGACAATCACGTGGCCCGCTGTACAGTAGTAACCATCGACTGTGGCTC	2	0.0078344345	0.004488647	0.004488647	0.002558598	0.001645196	0.001645196	1.5611517	2.311863	3.06592
seelig_cm	by_cre	TTTGTAGCCTCCGACTTACCGTAAAATGTGGGCAACAAACACTACCGGGCATGCCTGGGGAGTGCCCATTCTGAGACATGTTTGGTAACAACGCCCAGTTTGTTTAACCACAGAAACGCTCGCGAGTCCAAAATTGTCGACCTGA	2	0.00858593	0.0049155615	0.0049155615	0.022290675	0.011835375	0.011835375	0.05523902	3.1386049	6.2256413
seelig_cm	by_cre	TTTGTGCAGAGTGAATTTGAGCTGCTGTGTTGGGAGCATGTCTGAGGTCAAAGGGCACAGTCCCACACCCGAAAGTTGCAAGGCCAAGGCTGTACTCATCAAGCTATGTATGGGGAACAACCCACTCTCCTGTATGACAGCTCTT	2	0.00957489	0.0049068257	0.0049068257	0.0016565364	0.0013621087	0.0013621087	0.22350667	3.0018463	5.784854
seelig_cm	by_cre	TTTGTTGAGCTGCTTCTACCTTTTCCGGGAAGTTGCAGCGGGTTTCGCGAGATAAGGAAGTGACTTATCTCATCCTCATTGGGCGATGTCAGTTCAGAGTAGTAACGCGCCTCCCCCCCATATAAGGACGCGCCAATTCGCGGAT	2	0.009008884	0.0053678155	0.0053678155	0.003401907	0.0027459234	0.0027459234	0.825355	1.7372025	2.6526911
seelig_cm	by_cre	TTTTAACTGTCACCAAGGGCTGGGATAGCAAATATTGCATCAACTCTGCAAGGTGTTTCCTGGGTTTTGTGGACAGGGGGGTCGGGGGAGGTGCAATCTCCATTCTTGTGAAGGCCAGATAAAGACTTCTGCTGCAAGCCACTAT	2	0.0069503784	0.005044788	0.005044788	0.0053291945	0.0033749496	0.0033749496	0.5874871	2.7406309	4.89568
seelig_cm	by_cre	TTTTATTGGTTTATCGGCCTATTGGCTTATTGGCCTATGCGCCCTTTTTTTTATTGGCGTATCGGCCTATTGGCTTATCCGCGCCCCCTTTTATCCCCCCCCTTTTCTATTGGCGCTTCCCTTTTTGCCTTCCCGTTTTTATCTT	2	0.012151718	0.007162571	0.007162571	0.0021520685	0.0021039573	0.0021039573	1.0088364	3.460367	5.9168863
seelig_cm	by_cre	TTTTTCTTACGCGGGTCATCACTCGTATGAAATGACTCACGCGACTTCTGATGAGTAATCACGCAATCGGTTCCGCGAAGTAAGATCTGCTATCGGACGCGGCGCTTCCTTCTTATATTGGGAAATCGCTTCATTAGTATGAGGC	2	0.0104317665	0.005501434	0.005501434	0.0020594152	0.0020384972	0.0020384972	0.28277737	2.6742325	5.070618
seelig_cm	by_cre	TTTTTGTTGGCGCGCGCGCCTGAAGCGGGACTGCCAGGTGGCGCGCGCGCCTGAAGGCGATTATGGCGCGCGCGCCTGACACGGGGTATTGTCCTGGAGTTATGCGGCTACAGGAATGGGACGGCGCCACTGCGGGGTTTGCCGG	2	0.008627892	0.005093284	0.005093284	0.008544933	0.0048422622	0.0048422622	0.18163009	3.8767245	7.5753536
seelig_cm	by_cre	TTTTTGTTTGACCCCTGTAATGTTTGTTCCCAGGGAACATGCCGGGGCACGTGACCTCTGTCCGGTAATGTTTGAACAAAGGTCACATGCCTGGGCATGTCCTTTGAACAAAGCGAACATTACATAAACGTTCACAGGTCACCTG	2	0.010096312	0.0054399967	0.0054399967	0.0030281066	0.0017545437	0.0017545437	1.628949	2.4817703	3.3392475
seelig_cm	by_cre	TTTTTGTTTGTACAAAGCTCTGTTTGACCCCTGCGGGCATGCCGGGGCACGTGACCTCTGTCCGGTAATGTTTGAACAAAGCGAACATTACATGAACCTCTGCTGCTCTCTCTGTTTGAACATTCAAAGCGAACATTACATAAAC	2	0.006775856	0.0049259067	0.0049259067	0.0038149762	0.0025566705	0.0025566705	0.8047468	3.0125232	5.22215
seelig_cm	by_cre	TTTTTTGTTTTGTTCAATGTTGAACATTCTACCGGGATCATTGTTTACAGGTCTACATTACGTAGTCTGACATTTTTGGTTTTTTGTTTTTTTTGTTTTGTGCCGGCATGCCAGGGGTCATGTTCGGACATGTGACCGAGGTTTT	2	0.0077853203	0.00488919	0.00488919	0.002438953	0.0020060253	0.0020060253	0.8161821	2.8831084	4.952931
seelig_cm	by_cre	reference	2	0.010738373	0.0057457387	0.0057457387	0.0017241369	0.0013557668	0.0013557668	0.76234096	3.4954886	6.233629
seelig_cm	by_cell_type	K562	1344	0.779284	0.28776553	0.2843822	2.0	0.4177604	0.22073372	0.0009138892	1.3890417	6.244525
seelig_cm	by_cell_type	reference	1344	0.6455221	0.53274775	0.5325719	2.0	0.75850725	0.50258386	0.0022587155	1.2517595	5.8088164
cohen_obs	by_cre	combo_Mute_crx1	4	0.568326	0.14231709	0.00045855343	0.07962909	0.022888344	0.0059491103	0.073329024	2.085608	7.4213285
cohen_obs	by_cre	combo_Mute_crx2	4	0.32833958	0.08265093	0.0008110106	0.039403804	0.010622005	0.0013469624	0.35174036	2.9855976	8.496857
cohen_obs	by_cre	combo_Mute_crx2_crx1	4	0.38455057	0.09849576	0.003909141	0.072082706	0.021227373	0.0057218187	0.25976607	2.1231909	5.5271273
cohen_obs	by_cre	combo_Mute_crx3	4	0.7028613	0.17668179	0.0019207676	0.17216486	0.07141824	0.056744445	0.011362486	2.1202066	6.648767
cohen_obs	by_cre	combo_Mute_crx3_crx1	4	0.47858238	0.12162222	0.0030274913	0.07075827	0.026754577	0.017198948	0.1354015	2.0809731	7.002916
cohen_obs	by_cre	combo_Mute_crx3_crx2	4	0.27143908	0.068232246	0.0006508976	0.045202214	0.01182808	0.0010067029	0.25886008	2.312214	6.1407146
cohen_obs	by_cre	combo_Mute_crx4	4	0.63246155	0.15882441	0.0012777895	0.09955602	0.02672975	0.0034072627	0.10764041	2.1409395	6.6690516
cohen_obs	by_cre	combo_Mute_crx4_crx1	4	0.6578522	0.16527657	0.0012617111	0.10712467	0.027818948	0.0017034333	0.5692307	2.2512584	6.469922
cohen_obs	by_cre	combo_Mute_crx4_crx2	4	0.87894726	0.22628851	0.009024382	0.14514585	0.0480161	0.021446042	0.27339122	2.3422494	6.4950876
cohen_obs	by_cre	combo_Mute_crx4_crx3	4	0.7357874	0.19298205	0.015672863	0.15259357	0.04903242	0.020618191	0.6931053	2.1286914	5.1897707
cohen_obs	by_cre	combo_Mute_crx5	4	0.4769163	0.12646267	0.012185097	0.112050824	0.051880244	0.045852058	0.1057945	2.1033635	6.642433
cohen_obs	by_cre	combo_Mute_crx5_crx1	4	0.38573694	0.100163974	0.0068504363	0.058964178	0.028172232	0.026055073	0.12628621	1.989886	6.7347546
cohen_obs	by_cre	combo_Mute_crx5_crx2	4	0.47475767	0.12669282	0.015256733	0.06592162	0.02583918	0.018431693	0.7203359	2.9111195	7.43923
cohen_obs	by_cre	combo_Mute_crx5_crx3	4	0.8432064	0.23041768	0.029783875	0.17607781	0.08439579	0.072633944	0.27957907	1.7494545	5.2104316
cohen_obs	by_cre	combo_Mute_crx5_crx4	4	0.7119832	0.18088618	0.00535997	0.11803134	0.039105467	0.017877087	0.1509881	1.7723047	6.388146
cohen_obs	by_cre	combo_Q50_crx1	4	0.4467306	0.11218269	0.00088103116	0.060539838	0.019150123	0.007942136	0.020650925	2.2977304	7.6024833
cohen_obs	by_cre	combo_Q50_crx2	4	0.49320507	0.12480078	0.0023965426	0.079489335	0.030368334	0.019987164	0.114462465	1.7603835	6.451272
cohen_obs	by_cre	combo_Q50_crx2_crx1	4	0.5435529	0.13691361	0.0020077527	0.08228385	0.024131838	0.007063275	0.24763598	1.9846317	6.8776035
cohen_obs	by_cre	combo_Q50_crx3	4	0.3787508	0.095634095	0.0015641898	0.05352258	0.021689557	0.016380347	0.079518326	2.1854243	7.265843
cohen_obs	by_cre	combo_Q50_crx3_crx1	4	0.6506834	0.16358756	0.0015684068	0.09496874	0.025655253	0.0033115011	0.27667776	2.1376514	7.176895
cohen_obs	by_cre	combo_Q50_crx3_crx2	4	0.65961266	0.1774697	0.020522416	0.106755845	0.039745536	0.023205705	0.7785867	2.4856753	6.508509
cohen_obs	by_cre	combo_Q50_crx4	4	0.71573544	0.17934941	0.00080914795	0.108345985	0.028297389	0.0023369726	0.25896066	2.0361485	6.963885
cohen_obs	by_cre	combo_Q50_crx4_crx1	4	0.57814693	0.14714637	0.0042364	0.09785568	0.031985197	0.012784713	0.09254119	1.9669704	6.1972327
cohen_obs	by_cre	combo_Q50_crx4_crx2	4	0.4370656	0.111411065	0.0037614703	0.06787121	0.018155325	0.0018838549	1.0741198	2.8435812	6.6581645
cohen_obs	by_cre	combo_Q50_crx4_crx3	4	0.418499	0.105159394	0.0009022169	0.05929139	0.017449511	0.0049552415	0.07065354	2.2289548	7.267593
cohen_obs	by_cre	combo_Q50_crx5	4	0.7778945	0.19674826	0.0045193285	0.11243052	0.031783808	0.007172382	0.16639008	2.2106361	7.307838
cohen_obs	by_cre	combo_Q50_crx5_crx1	4	0.67015076	0.16825482	0.0010649711	0.09029863	0.025010215	0.0045975815	0.20719364	2.307754	7.7565694
cohen_obs	by_cre	combo_Q50_crx5_crx2	4	0.927897	0.2361576	0.0073518157	0.16008972	0.04437376	0.008036137	0.8440024	2.427291	6.260055
cohen_obs	by_cre	combo_Q50_crx5_crx3	4	0.44419718	0.11180939	0.0012773275	0.06411396	0.01742306	0.0021953285	0.28534853	2.2498035	7.1503434
cohen_obs	by_cre	combo_Q50_crx5_crx4	4	0.7332797	0.18415238	0.0016164007	0.10466833	0.045818735	0.03915217	0.029816689	2.0726964	7.3723855
cohen_obs	by_cre	eboxDouble_gcagctgg_to_gcaaatgg	4	0.7648158	0.20577163	0.027387485	0.14725819	0.059029363	0.042529993	0.41112977	2.091444	5.576114
cohen_obs	by_cre	eboxDouble_gcagctgg_to_gcaagtgg	4	0.65242624	0.1834223	0.03275919	0.13548562	0.052513707	0.028633084	0.90205824	2.0036857	5.1416783
cohen_obs	by_cre	eboxDouble_gcagctgg_to_gcaattgg	4	0.76640034	0.20250535	0.015511401	0.1498067	0.06804907	0.057287376	0.12825269	2.1388707	5.499129
cohen_obs	by_cre	eboxDouble_gcagctgg_to_gcacatgg	4	0.5660114	0.14239651	0.0017494559	0.08523268	0.0240703	0.00544338	0.29141772	1.9942226	6.923785
cohen_obs	by_cre	eboxDouble_gcagctgg_to_gcacgtgg	4	0.6074724	0.15238556	0.0009714663	0.09110081	0.023904782	0.0021691846	0.3062284	2.2442346	6.97187
cohen_obs	by_cre	eboxDouble_gcagctgg_to_gcacttgg	4	0.5551586	0.14609091	0.013540775	0.09082509	0.029724784	0.010923907	0.33998647	2.2910023	6.389972
cohen_obs	by_cre	eboxDouble_gcagctgg_to_gcatatgg	4	0.43268442	0.11074704	0.004069509	0.107479796	0.04681492	0.03909342	0.04122626	2.0025773	6.408061
cohen_obs	by_cre	eboxDouble_gcagctgg_to_gcatgtgg	4	0.43466425	0.10989843	0.0018619597	0.056126658	0.016883688	0.005061103	0.15021732	2.504622	7.9616776
cohen_obs	by_cre	eboxDouble_gcagctgg_to_gcatttgg	4	0.49865866	0.14317033	0.02683705	0.09744471	0.03777109	0.02295315	1.0158306	2.5776176	5.366679
cohen_obs	by_cre	ebox_gcagctgg_to_acagctgg	4	0.7802634	0.19855839	0.0061381273	0.1211632	0.04506439	0.026241302	0.04601158	2.0519052	6.829904
cohen_obs	by_cre	ebox_gcagctgg_to_ccagctgg	4	0.71548223	0.17975119	0.0016020071	0.110052764	0.03576508	0.016415687	0.04513785	2.1284084	6.8590064
cohen_obs	by_cre	ebox_gcagctgg_to_gaagctgg	4	0.40610075	0.10348679	0.0033680499	0.068547465	0.019364726	0.0038868752	0.65276766	2.3051653	6.1274233
cohen_obs	by_cre	ebox_gcagctgg_to_gcaactgg	4	0.78412914	0.19693914	0.0015177429	0.119030535	0.032665852	0.0053300015	0.1698111	2.165143	6.979695
cohen_obs	by_cre	ebox_gcagctgg_to_gcacctgg	4	0.80985737	0.21386608	0.02080433	0.13143788	0.045009766	0.022442538	0.42723334	2.3497472	6.56645
cohen_obs	by_cre	ebox_gcagctgg_to_gcagatgg	4	0.65167236	0.16816308	0.010015994	0.10405502	0.044569995	0.036725476	0.0857847	2.267879	6.5886035
cohen_obs	by_cre	ebox_gcagctgg_to_gcagcagg	4	0.61195564	0.1534872	0.0008763075	0.093273245	0.02678829	0.0055850972	0.08866062	1.7373364	6.8668694
cohen_obs	by_cre	ebox_gcagctgg_to_gcagccgg	4	0.62338066	0.15703127	0.002134461	0.09936211	0.032559652	0.01447984	0.02276373	2.107957	6.585517
cohen_obs	by_cre	ebox_gcagctgg_to_gcagcggg	4	0.56548023	0.142497	0.0021279603	0.07623305	0.025019716	0.011744505	0.12670417	2.470026	7.7005234
cohen_obs	by_cre	ebox_gcagctgg_to_gcagctag	4	0.6962366	0.17445217	0.0006322935	0.10490389	0.02764258	0.0026910244	0.1335035	2.0831635	6.9850183
cohen_obs	by_cre	ebox_gcagctgg_to_gcagctcg	4	0.6429515	0.1678735	0.013025038	0.26034158	0.111589305	0.09234813	0.05816956	2.1073015	6.6915693
cohen_obs	by_cre	ebox_gcagctgg_to_gcagctga	2	2.4080238	1.2947084	1.2947084	1.0492892	0.5624643	0.5624643	1.0908977	2.3465195	3.4989214
cohen_obs	by_cre	ebox_gcagctgg_to_gcagctgc	3	1.1158628	0.41545033	0.12250662	2.0	0.81180364	0.36428416	0.0034280443	1.5965079	3.6210973
cohen_obs	by_cre	ebox_gcagctgg_to_gcagctgt	4	1.0213554	0.39478657	0.2610069	1.646375	0.6356493	0.32908267	0.013270036	1.1332917	3.1640968
cohen_obs	by_cre	ebox_gcagctgg_to_gcagcttg	4	0.60597825	0.19257563	0.07857549	0.17510046	0.07198494	0.04359995	0.2761898	1.8386453	3.7637355
cohen_obs	by_cre	ebox_gcagctgg_to_gcaggtgg	4	0.6702938	0.17694578	0.015305996	0.11552808	0.04130535	0.021598456	0.5432523	2.2304995	6.137146
cohen_obs	by_cre	ebox_gcagctgg_to_gcagttgg	4	0.35215855	0.08842069	0.0005937815	0.0524445	0.013758433	0.000905507	0.4324168	2.1218371	6.8909597
cohen_obs	by_cre	ebox_gcagctgg_to_gcatctgg	4	0.29791403	0.074750125	0.00053957105	0.044012878	0.011496813	0.0009786616	0.4209676	2.2281878	6.9177494
cohen_obs	by_cre	ebox_gcagctgg_to_gccgctgg	4	0.495543	0.13517292	0.019965082	0.08912452	0.04411731	0.0425452	0.4140045	2.232654	5.807891
cohen_obs	by_cre	ebox_gcagctgg_to_gcggctgg	4	0.6932111	0.17359677	0.00046214368	0.10667908	0.031534128	0.009585487	0.031209527	1.9997575	6.844703
cohen_obs	by_cre	ebox_gcagctgg_to_gctgctgg	4	0.5675473	0.14481705	0.005038619	0.11687989	0.03372973	0.0070539853	0.41729197	1.7024348	5.1395907
cohen_obs	by_cre	ebox_gcagctgg_to_ggagctgg	4	0.5157356	0.13235238	0.0067328215	0.07992823	0.029116288	0.018009411	0.2334295	2.0669022	6.710352
cohen_obs	by_cre	ebox_gcagctgg_to_gtagctgg	4	0.27395678	0.076663196	0.013431579	0.047697295	0.026376983	0.024828767	0.28671414	2.0559998	5.880633
cohen_obs	by_cre	ebox_gcagctgg_to_tcagctgg	4	0.36906958	0.092561856	0.0005039722	0.06061971	0.01575255	0.0011147471	0.40658146	2.125193	6.272812
cohen_obs	by_cre	reference	4	0.6896205	0.17347845	0.002099678	0.102970146	0.027482472	0.0034219185	0.40329942	2.174353	7.0420957
cohen_obs	by_cre	swap_crx1_to_gggataag_reverse	4	0.7288842	0.18739069	0.008149207	0.11717716	0.034842968	0.008476194	0.55521077	2.3292432	6.5848026
cohen_obs	by_cre	swap_crx1_to_gggattag_reverse	4	0.625535	0.1575636	0.0019306391	0.09587112	0.025691919	0.002874435	0.4175338	2.1674402	6.837517
cohen_obs	by_cre	swap_crx1_to_gggcttag_reverse	4	0.82251835	0.20717467	0.0030132756	0.10602466	0.028248562	0.003202472	0.15083173	2.3857398	8.169062
cohen_obs	by_cre	swap_crx2_to_gggataag_reverse	4	0.9426718	0.2387854	0.0045145582	0.14761141	0.06398366	0.052859522	0.04910642	2.1248298	6.857507
cohen_obs	by_cre	swap_crx2_to_gggattag_reverse	4	0.3783927	0.09573544	0.0019539148	0.052051086	0.016679354	0.0069001745	0.16337545	2.2921805	7.458837
cohen_obs	by_cre	swap_crx2_to_gggcttag_reverse	4	0.6003175	0.15048006	0.0007393658	0.08528398	0.023023615	0.0030881532	0.030160036	2.1463597	7.3392
cohen_obs	by_cre	swap_crx3_to_ctaagccc_forward	4	0.434649	0.10960059	0.001559481	0.06324614	0.020466875	0.008879255	0.05038393	2.081863	7.089665
cohen_obs	by_cre	swap_crx3_to_ctaatccc_forward	4	0.4182372	0.105107985	0.001061514	0.053488933	0.014625808	0.002438539	0.33001494	2.5091863	8.0282545
cohen_obs	by_cre	swap_crx3_to_cttatccc_forward	4	0.5402274	0.13672331	0.002549544	0.085508004	0.030503822	0.017787594	0.10138002	2.1149807	6.5879717
cohen_obs	by_cre	swap_crx4_to_ctaagccc_forward	4	0.7912307	0.19884093	0.0018981099	0.11460538	0.031269614	0.004334811	0.058808703	2.2102702	7.2995725
cohen_obs	by_cre	swap_crx4_to_ctaatccc_forward	4	0.61617756	0.15418603	0.00027434528	0.08279219	0.021106068	0.00080132333	0.2831976	2.4755452	7.7505484
cohen_obs	by_cre	swap_crx4_to_cttatccc_forward	4	0.77846	0.19538435	0.0010416657	0.12455136	0.033934887	0.0046484913	0.20245084	1.8081529	6.6393423
cohen_obs	by_cre	swap_crx5_to_ctaagccc_forward	4	0.7930708	0.20267865	0.0079302415	0.1595463	0.07605235	0.07120636	0.024641467	1.9722986	6.9006424
cohen_obs	by_cre	swap_crx5_to_ctaatccc_forward	4	0.2052393	0.051399373	0.00013830047	0.027899314	0.008488685	0.0029625336	0.016098723	2.1942754	7.459048
cohen_obs	by_cre	swap_crx5_to_cttatccc_forward	4	0.26515245	0.06757888	0.0023992509	0.038422003	0.0119324215	0.004073535	0.28434983	2.1383996	7.0336337
cohen_obs	by_cre	tail_conserve1_159_to_164	4	0.551064	0.13937113	0.0030784886	0.14578871	0.056413665	0.03955323	0.009313377	2.2355027	7.58
cohen_obs	by_cre	tail_conserve1_164_to_169	4	0.46496582	0.118314505	0.0029659271	0.07047683	0.025868464	0.015397102	0.118184686	2.128282	6.8299108
cohen_obs	by_cre	tail_conserve1_169_to_174	4	0.6583009	0.16551778	0.0015145466	0.08785711	0.0249775	0.005756392	0.1896091	2.3478913	7.8220086
cohen_obs	by_cre	tail_conserve2_173_to_178	4	0.29263067	0.0758725	0.005307894	0.07323726	0.030349601	0.024019537	0.11890138	2.3983588	6.407094
cohen_obs	by_cre	tail_conserve2_178_to_183	4	0.5385556	0.13499254	0.00054373033	0.088794544	0.02577278	0.006793042	0.045426127	1.7182566	6.334466
cohen_obs	by_cre	tail_conserve2_183_to_188	4	0.754344	0.18966223	0.0017425716	0.12013783	0.03187356	0.0034240205	0.320264	2.3077037	6.65616
cohen_obs	by_cre	tail_conserve2_188_to_193	4	0.56143665	0.14221519	0.00299263	0.08079602	0.022091689	0.0030931712	0.7593306	2.6063068	7.229534
cohen_obs	by_cre	tail_conserve2_193_to_198	4	0.62068653	0.15674129	0.0030738562	0.1006843	0.027620368	0.0048383023	0.24788217	2.1623569	6.4750237
cohen_obs	by_cre	tail_conserve3_200_to_205	4	0.5356889	0.14135985	0.013631493	0.10305722	0.0355735	0.018306492	0.45270774	1.9784935	5.4658194
cohen_obs	by_cre	tail_conserve3_205_to_210	4	0.6481371	0.162324	0.00045660138	0.09609246	0.024274237	0.00040165105	0.81299204	2.6678002	7.0690002
cohen_obs	by_cre	tail_conserve3_210_to_215	4	0.23510742	0.061367985	0.0048857885	0.291422	0.08504556	0.024136389	0.008475594	2.1994572	7.237992
cohen_obs	by_cre	tail_conserve3_215_to_220	4	0.682415	0.17079735	0.00035399199	0.09265197	0.023582697	0.0007629827	0.24455002	2.345988	7.7065663
cohen_obs	by_cre	tail_conserve3_220_to_225	4	0.37080002	0.09419217	0.0027078548	0.15692247	0.053702995	0.02818552	0.023920368	2.0287735	7.2473316
cohen_obs	by_cre	tail_conserve3_225_to_230	4	0.6146927	0.16129357	0.012822866	0.18762295	0.07618235	0.056886226	0.06725529	2.1306996	6.4451704
cohen_obs	by_cre	tail_conserve3_230_to_235	4	0.4871621	0.12274515	0.0017773956	0.07598047	0.024403917	0.010594484	0.13973647	2.1022162	6.6552567
cohen_obs	by_cre	tail_conserve3_235_to_240	4	0.35125875	0.08838591	0.0010675192	0.050115567	0.014165999	0.0032278826	0.29607844	2.336167	7.1846046
cohen_obs	by_cre	tail_conserve3_240_to_245	4	0.39376974	0.101956114	0.0068781376	0.05131202	0.01952208	0.011509458	0.01824566	2.517075	7.8709106
cohen_obs	by_cre	tail_conserve3_245_to_250	4	0.5131626	0.1296224	0.0023086816	0.07280095	0.020532805	0.0041819243	0.32010025	2.3609014	7.305426
cohen_obs	by_cre	tail_conserve3_250_to_255	4	0.6762576	0.17295942	0.007531449	0.117248565	0.035763558	0.0127366595	0.353639	2.10776	6.1058545
cohen_obs	by_cre	tail_conserve4_423_to_428	4	0.31854677	0.08234674	0.0052432716	0.052777413	0.0179724	0.00937427	0.54501027	2.0829148	6.194938
cohen_obs	by_cre	tail_conserve4_428_to_433	4	0.74055004	0.18673868	0.0027588904	0.10561634	0.03134788	0.009257544	0.1813294	2.4090233	7.3819747
cohen_obs	by_cre	tail_conserve4_433_to_438	4	0.6196108	0.16191825	0.010576844	0.12454154	0.03650708	0.0079455655	1.2311726	2.2207716	5.284939
cohen_obs	by_cre	tail_conserve5_443_to_448	4	0.8487749	0.21229263	0.00015833974	0.109143734	0.027482143	0.00033770778	0.22055486	2.4969363	8.201058
cohen_obs	by_cre	tail_conserve5_448_to_453	4	0.4874072	0.12324081	0.0027205795	0.07167119	0.02154655	0.00601878	0.019957501	2.096812	7.044306
cohen_obs	by_cre	tail_conserve5_453_to_458	4	0.6882515	0.17389932	0.0034993142	0.10722253	0.03264434	0.01086969	0.21473908	1.9057062	6.7630334
cohen_obs	by_cre	tail_conserve5_458_to_463	4	0.35702848	0.089531735	0.00043389946	0.05171769	0.014419377	0.0029143312	0.12482515	2.271091	7.0819254
cohen_obs	by_cre	tail_conserve5_463_to_468	4	0.7165127	0.18189497	0.0049163997	0.10307967	0.031154722	0.008133739	0.2000639	2.1864705	7.309314
cohen_obs	by_cre	tail_conserve5_468_to_473	4	0.28271675	0.07165998	0.0018512607	0.042883832	0.014413778	0.0070490697	0.12762	2.0821352	6.733977
cohen_obs	by_cre	tail_conserve5_473_to_478	4	0.8212762	0.20765057	0.004050359	0.12462612	0.039790604	0.013856496	0.17896856	1.8636379	7.0005584
cohen_obs	by_cre	tail_conserve6_478_to_483	4	0.7327547	0.18414882	0.0014283061	0.1109168	0.029900327	0.0039092014	0.28841352	2.1618094	6.972723
cohen_obs	by_cre	tail_conserve6_483_to_488	4	0.51315594	0.12839708	0.00020496547	0.065503225	0.016567308	0.00034743	0.27649668	2.5328612	8.090634
cohen_obs	by_cre	tail_conserve6_488_to_493	4	0.77188206	0.19341649	0.00083757564	0.11341404	0.031989075	0.007210344	0.11496386	1.9834218	7.191818
cohen_obs	by_cre	tail_conserve6_493_to_498	4	0.6339383	0.16009031	0.0023168623	0.15151541	0.062129237	0.04766349	0.010914288	2.228908	7.314703
cohen_obs	by_cre	tail_conserve6_498_to_503	4	0.7578225	0.18976344	0.0006006621	0.110949464	0.030470824	0.0054489174	0.07899434	2.273579	7.2092505
cohen_obs	by_cre	tail_conserve6_503_to_508	4	0.49837875	0.12666124	0.0037184656	0.08034398	0.022682142	0.0041561504	0.399776	2.0778873	6.4522524
cohen_obs	by_cell_type	Bipolar	113	0.16387749	0.10798465	0.11441374	2.0	0.4466947	0.25671214	0.018390821	0.68233687	6.622508
cohen_obs	by_cell_type	Interneuron	112	0.47782564	0.3248987	0.3686144	2.0	0.92282623	0.71112007	0.0059561124	0.6524199	8.16776
cohen_obs	by_cell_type	Mueller Glia	114	0.4697795	0.15338261	0.16387913	2.0	0.54059106	0.22534345	0.00036733632	0.8382145	7.5392942
cohen_obs	by_cell_type	reference	114	0.2971158	0.17288612	0.18903375	2.0	0.6196127	0.3522107	0.009811043	0.6656765	7.106539
cohen_cm	by_cre	combo_Mute_crx1	4	0.33243942	0.083876565	0.0012575835	0.036234133	0.010566727	0.002266788	0.20175618	2.7423966	9.340979
cohen_cm	by_cre	combo_Mute_crx2	4	0.71252346	0.19033484	0.023302898	0.075586095	0.03759951	0.036940895	0.45431498	3.2423964	9.782909
cohen_cm	by_cre	combo_Mute_crx2_crx1	4	0.85237503	0.26741496	0.09119323	0.11654633	0.10258207	0.10507196	0.29170117	2.7436037	9.190161
cohen_cm	by_cre	combo_Mute_crx3	4	0.5572643	0.13993254	0.0009892583	0.0609495	0.02806374	0.025345659	0.009565731	2.9093318	9.421682
cohen_cm	by_cre	combo_Mute_crx3_crx1	4	0.35445595	0.09823891	0.017244741	0.109772034	0.04384686	0.030076295	0.064729616	2.8130798	9.380522
cohen_cm	by_cre	combo_Mute_crx3_crx2	4	0.5007324	0.13282135	0.014732394	0.05500402	0.02664519	0.025116622	0.075999275	3.1242223	9.353927
cohen_cm	by_cre	combo_Mute_crx4	4	0.7313299	0.29937437	0.16945961	0.36236772	0.22845957	0.23477891	0.28753397	2.8790443	9.293825
cohen_cm	by_cre	combo_Mute_crx4_crx1	4	0.7475538	0.18751682	0.001055602	0.08438025	0.024225142	0.0059762327	0.08373597	2.8596249	9.233123
cohen_cm	by_cre	combo_Mute_crx4_crx2	4	0.4586382	0.11637805	0.0029614419	0.04987193	0.014913398	0.0042511756	0.32832474	3.0613446	9.425638
cohen_cm	by_cre	combo_Mute_crx4_crx3	4	0.811347	0.25869018	0.08924547	0.09197122	0.079188265	0.0826895	0.516015	3.0266678	9.227423
cohen_cm	by_cre	combo_Mute_crx5	4	0.38332272	0.09782959	0.0030395985	0.042048145	0.013060978	0.0037405186	0.43151617	2.9250078	9.307942
cohen_cm	by_cre	combo_Mute_crx5_crx1	4	0.43661594	0.122244	0.02186203	0.048362076	0.03417784	0.03482541	0.21136852	2.769478	9.246372
cohen_cm	by_cre	combo_Mute_crx5_crx2	4	0.3575878	0.100664616	0.021669209	0.038242236	0.014151987	0.0079232715	0.6867535	3.57854	9.529393
cohen_cm	by_cre	combo_Mute_crx5_crx3	4	0.76335907	0.19458419	0.0074239075	0.08561519	0.025546204	0.008185914	0.5443971	2.8334603	9.297844
cohen_cm	by_cre	combo_Mute_crx5_crx4	4	0.8160944	0.23093432	0.04791677	0.09148682	0.057710394	0.060150836	0.61390847	2.7996917	9.328397
cohen_cm	by_cre	combo_Q50_crx1	4	0.5505934	0.16928703	0.051326133	0.14422363	0.08960754	0.08417041	0.21041213	2.7542508	9.323973
cohen_cm	by_cre	combo_Q50_crx2	4	0.41441536	0.104092345	0.0009237528	0.044907868	0.012788896	0.0030380157	0.2914586	2.612718	9.435331
cohen_cm	by_cre	combo_Q50_crx2_crx1	4	0.590435	0.18791005	0.05800745	0.69535166	0.24536386	0.11042526	0.043340787	2.5437167	9.343577
cohen_cm	by_cre	combo_Q50_crx3	4	0.92404175	0.26702094	0.05849775	0.9534604	0.33553863	0.16406414	0.015416394	2.613429	9.297379
cohen_cm	by_cre	combo_Q50_crx3_crx1	4	0.6013298	0.1506233	0.0005548224	0.066919826	0.018018728	0.0025554216	0.1897005	2.673284	9.2864895
cohen_cm	by_cre	combo_Q50_crx3_crx2	4	0.60326385	0.16060461	0.019501925	0.06484586	0.022371616	0.012241888	0.9611229	3.3005185	9.604675
cohen_cm	by_cre	combo_Q50_crx4	4	0.689373	0.17273131	0.0007713437	0.077346876	0.020164452	0.0016516289	0.32721218	2.7755187	9.257432
cohen_cm	by_cre	combo_Q50_crx4_crx1	4	0.48636436	0.16128014	0.06486192	1.7460296	0.49653956	0.097662024	0.0021114643	2.8277268	9.249501
cohen_cm	by_cre	combo_Q50_crx4_crx2	4	0.7468538	0.2855128	0.15931326	0.15098727	0.08960438	0.07414159	0.9174553	3.4981062	9.558583
cohen_cm	by_cre	combo_Q50_crx4_crx3	4	0.9055662	0.2627644	0.060792685	0.26232877	0.15686902	0.1523531	0.07917675	2.6463108	9.364598
cohen_cm	by_cre	combo_Q50_crx5	4	0.7081089	0.18294162	0.011092529	0.07908602	0.024903864	0.008819598	0.29747906	2.8632202	9.307709
cohen_cm	by_cre	combo_Q50_crx5_crx1	4	0.26380825	0.06931783	0.0060163885	0.11902915	0.04111264	0.019127717	0.011301176	2.7154841	9.373719
cohen_cm	by_cre	combo_Q50_crx5_crx2	4	0.60593224	0.15589353	0.00836359	0.06676542	0.019478178	0.0051393267	0.4224753	3.24165	9.378506
cohen_cm	by_cre	combo_Q50_crx5_crx3	4	0.82811356	0.2323796	0.04571846	0.16438808	0.08610766	0.06961178	0.055652592	2.778828	9.294335
cohen_cm	by_cre	combo_Q50_crx5_crx4	4	0.29545975	0.077374965	0.0064496845	0.0321142	0.012816675	0.008091248	0.25284293	2.8064182	9.348013
cohen_cm	by_cre	eboxDouble_gcagctgg_to_gcaaatgg	4	0.73516273	0.24923705	0.11536941	0.10262104	0.071618944	0.07578564	0.8481644	3.2019181	9.317656
cohen_cm	by_cre	eboxDouble_gcagctgg_to_gcaagtgg	4	0.44634247	0.11498493	0.005801201	0.049436934	0.015049413	0.0044726217	1.0978068	3.1649113	9.251694
cohen_cm	by_cre	eboxDouble_gcagctgg_to_gcaattgg	4	0.86621284	0.23707981	0.03973514	0.09647825	0.036550056	0.02278935	0.63492596	3.3945627	9.411428
cohen_cm	by_cre	eboxDouble_gcagctgg_to_gcacatgg	4	0.623785	0.15600689	0.00011149049	0.0689452	0.017451849	0.00041645116	0.171118	2.7005296	9.359441
cohen_cm	by_cre	eboxDouble_gcagctgg_to_gcacgtgg	4	0.52779293	0.13265891	0.0011754334	0.058333043	0.015566094	0.00181031	0.5926257	3.013463	9.31182
cohen_cm	by_cre	eboxDouble_gcagctgg_to_gcacttgg	4	0.6975441	0.18264355	0.016140819	0.07801926	0.02418996	0.008961626	0.63123256	3.1005268	9.289437
cohen_cm	by_cre	eboxDouble_gcagctgg_to_gcatatgg	4	0.79420567	0.2507982	0.087512955	0.14661998	0.09544439	0.08386215	0.2638833	2.9045992	9.323081
cohen_cm	by_cre	eboxDouble_gcagctgg_to_gcatgtgg	4	0.4633751	0.12763922	0.02125433	0.04979322	0.033062026	0.039574992	0.2550171	2.9710686	9.537675
cohen_cm	by_cre	eboxDouble_gcagctgg_to_gcatttgg	4	0.7889023	0.2167801	0.03860563	0.08468363	0.04114043	0.039652333	0.8163207	3.6475217	9.710328
cohen_cm	by_cre	ebox_gcagctgg_to_acagctgg	4	0.71841717	0.20353806	0.045811873	0.11560646	0.06146866	0.059716925	0.070669025	2.8848772	9.341751
cohen_cm	by_cre	ebox_gcagctgg_to_ccagctgg	4	0.36508465	0.10189514	0.0197148	0.071341105	0.034195557	0.028012611	0.0491492	2.9562836	9.512398
cohen_cm	by_cre	ebox_gcagctgg_to_gaagctgg	4	0.64732933	0.18207791	0.040174246	0.07040371	0.028975276	0.02249972	0.70137566	3.2545497	9.518199
cohen_cm	by_cre	ebox_gcagctgg_to_gcaactgg	4	0.7425585	0.19314724	0.014963999	0.08342732	0.02485028	0.007892995	0.28494093	2.9428792	9.271943
cohen_cm	by_cre	ebox_gcagctgg_to_gcacctgg	4	0.87228775	0.2663282	0.08870377	0.0957651	0.064932995	0.07681878	0.42508164	3.2372646	9.544763
cohen_cm	by_cre	ebox_gcagctgg_to_gcagatgg	4	0.83039474	0.28377977	0.12936318	0.10595855	0.09447052	0.09726868	0.4111134	3.1065516	9.413803
cohen_cm	by_cre	ebox_gcagctgg_to_gcagcagg	4	0.38893223	0.108653754	0.016760983	0.11200147	0.05609146	0.044092298	0.13103409	2.563888	9.417642
cohen_cm	by_cre	ebox_gcagctgg_to_gcagccgg	4	0.34864998	0.10112631	0.025070421	0.07243779	0.041819975	0.03701015	0.082745254	2.8945098	9.399358
cohen_cm	by_cre	ebox_gcagctgg_to_gcagcggg	4	0.57043076	0.14314021	0.0010148585	0.062419534	0.016058728	0.00074586907	0.19888392	3.0045147	9.423873
cohen_cm	by_cre	ebox_gcagctgg_to_gcagctag	4	0.70412827	0.17680998	0.0013089478	0.07790932	0.021550644	0.0039412705	0.14852801	2.813519	9.389856
cohen_cm	by_cre	ebox_gcagctgg_to_gcagctcg	4	0.6138172	0.16871126	0.028943568	0.09847116	0.050138436	0.04703054	0.030324208	2.882339	9.255627
cohen_cm	by_cre	ebox_gcagctgg_to_gcagctga	4	0.39847755	0.13050264	0.0420596	0.04305574	0.03511132	0.033384643	1.2353004	3.2654662	9.454162
cohen_cm	by_cre	ebox_gcagctgg_to_gcagctgc	4	1.1234498	0.5109174	0.4576472	0.29108608	0.113481775	0.07847609	0.28549263	3.3117537	8.595138
cohen_cm	by_cre	ebox_gcagctgg_to_gcagctgt	4	1.1975245	0.30475578	0.0106473565	0.14564866	0.03985205	0.006653728	0.45092896	3.0684352	8.820771
cohen_cm	by_cre	ebox_gcagctgg_to_gcagcttg	4	0.5371027	0.18113486	0.07105732	0.09455242	0.056035474	0.055521224	0.4566722	3.5608282	9.484138
cohen_cm	by_cre	ebox_gcagctgg_to_gcaggtgg	4	0.4782362	0.1273738	0.015438378	0.05195242	0.016937291	0.0074528777	0.428818	3.2486706	9.444391
cohen_cm	by_cre	ebox_gcagctgg_to_gcagttgg	4	0.5060482	0.12854643	0.004061103	0.056155015	0.016099144	0.0041117496	0.35876703	2.8175914	9.264654
cohen_cm	by_cre	ebox_gcagctgg_to_gcatctgg	4	0.737813	0.2551471	0.11241838	0.24447514	0.1225571	0.08369349	0.3215801	2.9238129	9.375814
cohen_cm	by_cre	ebox_gcagctgg_to_gccgctgg	4	0.65474796	0.2071047	0.07137939	0.07143893	0.05092539	0.04520259	0.689142	3.299341	9.4925165
cohen_cm	by_cre	ebox_gcagctgg_to_gcggctgg	4	0.4707718	0.11808334	0.0007242244	0.052101143	0.016074298	0.006063604	0.05469897	2.7606084	9.271114
cohen_cm	by_cre	ebox_gcagctgg_to_gctgctgg	4	0.81945705	0.21184242	0.009587407	0.09393493	0.031521194	0.012003848	0.6922136	2.8616302	9.133395
cohen_cm	by_cre	ebox_gcagctgg_to_ggagctgg	4	0.7724552	0.21253227	0.033557363	0.085619554	0.062353276	0.06257565	0.21645494	2.6860402	9.408176
cohen_cm	by_cre	ebox_gcagctgg_to_gtagctgg	4	0.9389019	0.2839791	0.09110737	0.1446153	0.08512752	0.09104949	0.3914876	2.9912057	9.353626
cohen_cm	by_cre	ebox_gcagctgg_to_tcagctgg	4	0.4351635	0.1441849	0.0614779	0.099764906	0.05395127	0.04761473	0.41973308	3.025964	9.321841
cohen_cm	by_cre	reference	4	0.6589594	0.16552158	0.0012391806	0.07325662	0.019036757	0.0010290503	0.77890915	3.0392628	9.324699
cohen_cm	by_cre	swap_crx1_to_gggataag_reverse	4	0.6902008	0.18624596	0.023349732	0.077411614	0.03522483	0.024716225	0.26678818	2.9475727	9.2610855
cohen_cm	by_cre	swap_crx1_to_gggattag_reverse	4	0.31265163	0.08366229	0.010549575	0.034084737	0.013591102	0.00950993	0.7126424	3.0251493	9.329101
cohen_cm	by_cre	swap_crx1_to_gggcttag_reverse	4	0.7744045	0.19479647	0.0021836907	0.08657214	0.023682041	0.0032544294	0.10990712	2.7001734	9.332396
cohen_cm	by_cre	swap_crx2_to_gggataag_reverse	4	0.21543694	0.061206993	0.013844617	0.044816777	0.020939576	0.017481927	0.04203191	2.9799225	9.342237
cohen_cm	by_cre	swap_crx2_to_gggattag_reverse	4	0.4476633	0.11264787	0.0013659671	0.04933304	0.013492311	0.0019411009	0.15220001	2.7614408	9.2981415
cohen_cm	by_cre	swap_crx2_to_gggcttag_reverse	4	0.5667734	0.14951074	0.01429905	0.063023694	0.026602644	0.017046452	0.28610653	2.7457516	9.276408
cohen_cm	by_cre	swap_crx3_to_ctaagccc_forward	4	0.39556694	0.100611724	0.002550602	0.043341815	0.0142462365	0.0058479393	0.22381678	2.8144026	9.324465
cohen_cm	by_cre	swap_crx3_to_ctaatccc_forward	4	0.3376913	0.08466151	0.00041341782	0.036855157	0.009559081	0.0005353366	0.41190067	2.8575487	9.331507
cohen_cm	by_cre	swap_crx3_to_cttatccc_forward	4	0.3049488	0.07875843	0.004540533	0.032984663	0.010866237	0.0038548477	0.22936194	3.0782142	9.397644
cohen_cm	by_cre	swap_crx4_to_ctaagccc_forward	4	0.39597416	0.1154518	0.029973015	0.04301871	0.03174652	0.032474115	0.30658683	2.9157636	9.402683
cohen_cm	by_cre	swap_crx4_to_ctaatccc_forward	4	0.8388691	0.24839523	0.06877679	0.094367705	0.069663376	0.074818105	0.48661426	2.8707347	9.308801
cohen_cm	by_cre	swap_crx4_to_cttatccc_forward	4	0.44021702	0.113879964	0.007543087	0.048571173	0.018513035	0.012556324	0.58577067	2.715621	9.283447
cohen_cm	by_cre	swap_crx5_to_ctaagccc_forward	4	0.24265671	0.06201364	0.0023835897	0.026196018	0.008833827	0.004266952	0.25050926	2.837312	9.384442
cohen_cm	by_cre	swap_crx5_to_ctaatccc_forward	4	0.51513004	0.18305047	0.079027854	0.62681776	0.21616936	0.09163775	0.081173554	2.743368	9.369246
cohen_cm	by_cre	swap_crx5_to_cttatccc_forward	4	0.6467762	0.20500016	0.07134472	0.18106551	0.09068273	0.06774148	0.2739009	2.8420978	9.347949
cohen_cm	by_cre	tail_conserve1_159_to_164	4	0.6251402	0.18032865	0.041994862	0.43549016	0.14228934	0.057038356	0.037289854	2.7773924	9.342621
cohen_cm	by_cre	tail_conserve1_164_to_169	4	0.84223366	0.24506861	0.06384258	0.09486512	0.05232709	0.047809586	0.3416159	2.9241452	9.299339
cohen_cm	by_cre	tail_conserve1_169_to_174	4	0.5898571	0.1489145	0.0024296492	0.06498592	0.018552847	0.003464683	0.27308896	2.8066247	9.371619
cohen_cm	by_cre	tail_conserve2_173_to_178	4	0.89780617	0.2650613	0.07985319	0.11030411	0.06985629	0.08374813	0.21573403	3.2371929	9.526296
cohen_cm	by_cre	tail_conserve2_178_to_183	4	0.9074726	0.23716271	0.017612144	0.10305828	0.04811413	0.038384736	0.20741576	2.556537	9.259168
cohen_cm	by_cre	tail_conserve2_183_to_188	4	0.3509369	0.09376404	0.01099807	0.038093533	0.014163227	0.007875601	0.75498754	3.1966155	9.387974
cohen_cm	by_cre	tail_conserve2_188_to_193	4	0.5425434	0.17084198	0.06190291	0.058640156	0.041016564	0.04670455	0.72760886	3.2707555	9.523352
cohen_cm	by_cre	tail_conserve2_193_to_198	4	0.7706289	0.21881922	0.05158055	0.085964955	0.042258542	0.040394798	0.65148973	3.0510197	9.34977
cohen_cm	by_cre	tail_conserve3_200_to_205	4	0.65142345	0.16444899	0.003022492	0.073164955	0.01940907	0.0020154156	0.74338645	3.2211978	9.229201
cohen_cm	by_cre	tail_conserve3_205_to_210	4	0.5326166	0.15791298	0.04715213	0.058101423	0.029799916	0.028780228	0.89019746	3.2894099	9.433323
cohen_cm	by_cre	tail_conserve3_210_to_215	4	0.3219185	0.08564217	0.009725302	0.035084356	0.013954295	0.008842798	0.3930609	2.9166236	9.336515
cohen_cm	by_cre	tail_conserve3_215_to_220	4	0.5106497	0.12813374	0.000851959	0.056303337	0.014638559	0.0008966769	0.39625913	2.8570528	9.324942
cohen_cm	by_cre	tail_conserve3_220_to_225	4	0.30967426	0.092385136	0.023528088	0.30353633	0.09827829	0.031780418	0.04333018	2.7318654	9.391983
cohen_cm	by_cre	tail_conserve3_225_to_230	4	0.20920849	0.05695712	0.009118423	0.022743847	0.008300412	0.0049587893	0.31816348	3.1296208	9.30307
cohen_cm	by_cre	tail_conserve3_230_to_235	4	0.6751404	0.1787446	0.01972416	0.074923284	0.025346084	0.012644942	0.25350603	2.9491425	9.3486595
cohen_cm	by_cre	tail_conserve3_235_to_240	4	0.32052135	0.09107889	0.021256745	0.03469861	0.018206451	0.018103193	0.37275243	3.0989666	9.397558
cohen_cm	by_cre	tail_conserve3_240_to_245	4	0.7438307	0.24856743	0.09914625	0.19549619	0.12035689	0.10675232	0.24066629	2.8692114	9.346683
cohen_cm	by_cre	tail_conserve3_245_to_250	4	0.5785322	0.1496165	0.009029001	0.06417651	0.034789834	0.03511884	0.029384324	2.8888485	9.30397
cohen_cm	by_cre	tail_conserve3_250_to_255	4	0.8368254	0.24755375	0.06656659	1.2406569	0.3601129	0.07565768	0.0061989725	2.851007	9.213934
cohen_cm	by_cre	tail_conserve4_423_to_428	4	0.4042921	0.11224833	0.02155906	0.043886658	0.021493917	0.020226197	0.96651053	3.0800056	9.414332
cohen_cm	by_cre	tail_conserve4_428_to_433	4	0.36962223	0.096585125	0.0076693892	0.040370315	0.014647408	0.008362828	0.16210453	3.008834	9.340603
cohen_cm	by_cre	tail_conserve4_433_to_438	4	0.550786	0.18586606	0.06573415	0.0605312	0.045385733	0.04719517	1.2456378	3.5764658	9.374602
cohen_cm	by_cre	tail_conserve5_443_to_448	4	0.719718	0.18053743	0.0009969771	0.08003074	0.021186449	0.0018638298	0.16256401	2.7861109	9.352878
cohen_cm	by_cre	tail_conserve5_448_to_453	4	0.6821146	0.17355892	0.0057850927	0.07536616	0.022039624	0.005718264	0.25298378	2.8233361	9.391732
cohen_cm	by_cre	tail_conserve5_453_to_458	4	0.61159897	0.1565516	0.0067311823	0.06817263	0.022509815	0.00768101	0.17546426	2.6985526	9.277126
cohen_cm	by_cre	tail_conserve5_458_to_463	4	0.4799881	0.12403736	0.0077141523	0.053126674	0.017214527	0.007079293	0.21338521	2.9553676	9.274779
cohen_cm	by_cre	tail_conserve5_463_to_468	4	0.7170019	0.17934845	0.00018128753	0.080166355	0.020204762	0.00028811005	0.34186754	2.808898	9.302427
cohen_cm	by_cre	tail_conserve5_468_to_473	4	0.808136	0.21048367	0.016142115	0.09161576	0.030720044	0.013490386	0.35279548	2.7933407	9.224996
cohen_cm	by_cre	tail_conserve5_473_to_478	4	0.7367201	0.19427808	0.0177932	0.082435705	0.04572948	0.045427762	0.22653957	2.6121318	9.305264
cohen_cm	by_cre	tail_conserve6_478_to_483	4	0.6715822	0.16841047	0.0010158122	0.073810235	0.019453904	0.0019924378	0.259497	2.9234283	9.434559
cohen_cm	by_cre	tail_conserve6_483_to_488	4	0.5057688	0.13975048	0.025286987	0.055685394	0.03029447	0.029728772	0.2355206	2.8607554	9.335495
cohen_cm	by_cre	tail_conserve6_488_to_493	4	0.33002853	0.08301988	0.00089078397	0.03593203	0.011222951	0.0043423306	0.10981307	2.6600647	9.349814
cohen_cm	by_cre	tail_conserve6_493_to_498	4	0.25924206	0.07273134	0.014408544	0.028390227	0.016389545	0.013154325	0.26250732	2.904725	9.261004
cohen_cm	by_cre	tail_conserve6_498_to_503	4	0.68354416	0.19412701	0.042842865	0.0763015	0.04573162	0.036506854	0.21290019	2.8922548	9.300235
cohen_cm	by_cre	tail_conserve6_503_to_508	4	0.59494305	0.19309759	0.06996563	0.38326705	0.14371213	0.06928282	0.07912687	2.8564596	9.291314
cohen_cm	by_cell_type	Bipolar	114	0.3304367	0.21439	0.23177081	2.0	0.9812504	0.7314844	0.0051533594	0.45369664	8.672808
cohen_cm	by_cell_type	Interneuron	114	0.48378754	0.08398799	0.07546285	2.0	0.49624544	0.21222207	0.0001243034	0.42789033	10.876448
cohen_cm	by_cell_type	Mueller Glia	114	0.65764713	0.22509532	0.26297194	2.0	0.84492284	0.5870403	0.0018587145	0.53337896	9.635812
cohen_cm	by_cell_type	reference	114	0.48177624	0.14116025	0.15654272	2.0	1.6886222	2.0	0.00042327022	0.1647441	9.267391
