	name	debug
0	Col1a2_chr6_77	"NaNs in SEs; H=np.array([[-2823.2653801865904, -28.78922488944217, -324.81448431380323, -233.6840455278527, -181.80077010892845, -26.060789626716506, -755.1659004199739, -296.1743942253974, -126.84055581506378, 85.17749086936035, 4.098911522715021, 29.737242868877182, 6.514013093627616, 5.245167075468783, 28.40501738502164, 0.7945435487089143], [-28.78922488944217, -28.78922488944217, 0.0, 0.0, 0.0, 0.0, 0.0, 0.0, 0.0, 0.8786975280806718, 0.03818705957620533, 0.31590940843188714, 0.08255413957415036, 0.048302341461909856, 0.29011042275014864, -0.000591408228375152], [-324.81448431380323, 0.0, -324.81448431380323, 0.0, 0.0, 0.0, 0.0, 0.0, 0.0, 9.834917309454395, 0.4651783231240367, 3.3928457097649374, 0.779421519880402, 0.5943727364957543, 3.3446370788531214, 0.08099434389151763], [-233.6840455278527, 0.0, 0.0, -233.6840455278527, 0.0, 0.0, 0.0, 0.0, 0.0, 6.94614968226797, 0.35411198206578787, 2.42245275154751, 0.5048967304134816, 0.45714781021853096, 2.285567593903309, -0.0037988202595869575], [-181.80077010892845, 0.0, 0.0, 0.0, -181.80077010892845, 0.0, 0.0, 0.0, 0.0, 5.439882228976634, 0.25529122360769574, 1.9249204555036505, 0.4386249239229749, 0.36462101442648914, 1.7859886804960647, 6.167359426068053e-05], [-26.060789626716506, 0.0, 0.0, 0.0, 0.0, -26.060789626716506, 0.0, 0.0, 0.0, 0.7847901381470251, 0.03983251375391214, 0.3155485233920301, 0.05594580294037457, 0.04982317971145337, 0.21897872696053644, -0.000964066131084497], [-755.1659004199739, 0.0, 0.0, 0.0, 0.0, 0.0, -755.1659004199739, 0.0, 0.0, 22.569034868406526, 1.1048102925304426, 7.607317125234113, 1.7135632120246311, 1.4215057114834557, 7.678244370015366, 0.24976294637558225], [-296.1743942253974, 0.0, 0.0, 0.0, 0.0, 0.0, 0.0, -296.1743942253974, 0.0, 8.768499329108788, 0.4494513195022321, 3.028207026206051, 0.6966890161265805, 0.5610164537701481, 2.8797866261747984, -0.011272538403087617], [-126.84055581506378, 0.0, 0.0, 0.0, 0.0, 0.0, 0.0, 0.0, -126.84055581506378, 3.8748808379562685, 0.180469236768806, 1.3345103028801035, 0.29417636482119824, 0.2249575738782099, 1.3223175325440826, -0.00521165553016812], [85.17749086936035, 0.8786975280806716, 9.834917309454399, 6.94614968226797, 5.439882228976634, 0.7847901381470251, 22.569034868406526, 8.768499329108788, 3.874880837956268, -4.57680550728168, -0.14657322416182228, -1.912587412660125, -0.07405535978680064, -0.052012488572066515, -2.107549655375816, 12.930601804392111], [4.098911522715021, 0.03818705957620533, 0.4651783231240367, 0.35411198206578787, 0.25529122360769574, 0.03983251375391214, 1.1048102925304426, 0.4494513195022321, 0.180469236768806, -0.14657322416182228, -0.14657322416182228, 0.0, 0.0, 0.0, 0.0, 0.6181733800550593], [29.737242868877185, 0.3159094084318871, 3.3928457097649387, 2.42245275154751, 1.9249204555036505, 0.3155485233920301, 7.60731712523411, 3.028207026206051, 1.3345103028801035, -1.912587412660125, 0.0, -1.912587412660125, 0.0, 0.0, 0.0, 4.514008390813275], [6.514013093627618, 0.08255413957415036, 0.779421519880402, 0.5048967304134817, 0.4386249239229749, 0.05594580294037457, 1.7135632120246311, 0.6966890161265805, 0.2941763648211981, -0.07405535978680064, 0.0, 0.0, -0.07405535978680064, 0.0, 0.0, 0.9844012168494326], [5.245167075468784, 0.048302341461909856, 0.5943727364957545, 0.45714781021853096, 0.36462101442648936, 0.04982317971145339, 1.4215057114834564, 0.5610164537701483, 0.2249575738782099, -0.052012488572066515, 0.0, 0.0, 0.0, -0.052012488572066515, 0.0, 0.7896611554640478], [28.40501738502164, 0.29011042275014864, 3.344637078853122, 2.285567593903309, 1.7859886804960647, 0.21897872696053655, 7.678244370015366, 2.8797866261747984, 1.3223175325440826, -2.107549655375816, 0.0, 0.0, 0.0, 0.0, -2.107549655375816, 4.324562175967883], [0.794543548707594, -0.0005914082283788868, 0.08099434389140692, -0.003798820259572455, 6.16735942187141e-05, -0.0009640661310882925, 0.24976294637573915, -0.011272538402785859, -0.005211655530210413, 12.93060180439204, 0.6181733800550546, 4.514008390813473, 0.9844012168494274, 0.7896611554640387, 4.32456217596777, -302.5176229090903]]) ; se_all=(array([       nan, 0.18951345, 0.06523563, 0.07386684, 0.08172134,
       0.19887398, 0.05001269, 0.06748026, 0.09518772,        nan,
       3.099634  , 0.92244852, 1.93927629, 1.25390308, 0.47397704,
              nan])) ; se_x_mu=(array([       nan, 0.18951345, 0.06523563, 0.07386684, 0.08172134,
       0.19887398, 0.05001269, 0.06748026, 0.09518772]))"
1	Igfbp4_chr11_16743	"NaNs in SEs; H=np.array([[-2906.8644893682117, -57.15777250482233, -342.4414166796575, -233.55830289793522, -183.8686825868154, -181.14217775714215, -378.9320465440192, -438.0990972544064, -59.971501226238075, -251.9215407733851, 95.49467624364469, 30.86477352167368, 24.13581729263658, 19.79465915306526, 4.372013402955641, 4.6293056743595375, 3.4104971917211646], [-57.15777250482233, -57.15777250482233, 0.0, 0.0, 0.0, 0.0, 0.0, 0.0, 0.0, 0.0, 1.886919819717296, 0.6121127806812527, 0.46592145759174325, 0.3720426883228871, 0.07676587313727953, 0.09436419184411328, 0.0657659400066398], [-342.4414166796575, 0.0, -342.4414166796575, 0.0, 0.0, 0.0, 0.0, 0.0, 0.0, 0.0, 11.299369589021808, 3.464284990792959, 3.0760526032727746, 2.415230609089155, 0.5120066476096452, 0.5261891601732375, 0.545895328257691], [-233.55830289793522, 0.0, 0.0, -233.55830289793522, 0.0, 0.0, 0.0, 0.0, 0.0, 0.0, 7.661948208842116, 2.4371815712461826, 2.0120243471817445, 1.5913325225945352, 0.3835871110066962, 0.3560103888725269, 0.1094739417502684], [-183.8686825868154, 0.0, 0.0, 0.0, -183.8686825868154, 0.0, 0.0, 0.0, 0.0, 0.0, 6.05868721259821, 2.011893629867319, 1.5205094941989223, 1.228056249998612, 0.2744752901010531, 0.3061426145713889, 0.10464226038150143], [-181.14217775714215, 0.0, 0.0, 0.0, 0.0, -181.14217775714215, 0.0, 0.0, 0.0, 0.0, 5.928943498641758, 1.947940487475445, 1.546722529416555, 1.0819376423868232, 0.27686661940766616, 0.2590947530045451, 0.9548158162651352], [-378.9320465440192, 0.0, 0.0, 0.0, 0.0, 0.0, -378.9320465440192, 0.0, 0.0, 0.0, 12.482586708332793, 3.977017930882327, 3.251378821288157, 2.5867949965326784, 0.5874473994413155, 0.5969140928063615, 0.17971394501428217], [-438.0990972544064, 0.0, 0.0, 0.0, 0.0, 0.0, 0.0, -438.0990972544064, 0.0, 0.0, 14.3729307932193, 4.732044032135276, 3.4368905913520704, 3.106853841347039, 0.6510849017250978, 0.7048957387706678, 0.2520442032891941], [-59.971501226238075, 0.0, 0.0, 0.0, 0.0, 0.0, 0.0, 0.0, -59.971501226238075, 0.0, 2.022456863305759, 0.6577537848599123, 0.5376192394302285, 0.3963217562268915, 0.09031157419968368, 0.08457197667360337, 0.014898216447740007], [-251.9215407733851, 0.0, 0.0, 0.0, 0.0, 0.0, 0.0, 0.0, 0.0, -251.9215407733851, 8.462911742610707, 2.7817159265257345, 2.1233487051781226, 1.7777231159247568, 0.37392842230910156, 0.37320152797560624, 0.11236524721898689], [95.49467624364469, 1.8869198197172954, 11.29936958902181, 7.661948208842116, 6.05868721259821, 5.928943498641758, 12.482586708332798, 14.3729307932193, 2.022456863305759, 8.462911742610707, -5.458655483041333, -2.461902863130185, -1.6453469117298372, -1.0924771818492538, -0.15682177716644144, -0.07606492074005755, 18.608828053857444], [30.86477352167368, 0.6121127806812526, 3.4642849907929594, 2.4371815712461826, 2.011893629867318, 1.9479404874754442, 3.9770179308823317, 4.732044032135277, 0.6577537848599123, 2.7817159265257345, -2.461902863130185, -2.461902863130185, 0.0, 0.0, 0.0, 0.0, 6.012847967966179], [24.13581729263658, 0.46592145759174325, 3.0760526032727746, 2.012024347181744, 1.5205094941989223, 1.546722529416555, 3.251378821288157, 3.4368905913520704, 0.5376192394302285, 2.1233487051781226, -1.6453469117298372, 0.0, -1.6453469117298372, 0.0, 0.0, 0.0, 4.719829532515645], [19.79465915306526, 0.372042688322887, 2.415230609089155, 1.5913325225945352, 1.228056249998613, 1.0819376423868232, 2.5867949965326757, 3.106853841347039, 0.3963217562268915, 1.7777231159247568, -1.0924771818492538, 0.0, 0.0, -1.0924771818492538, 0.0, 0.0, 3.7993300788938975], [4.372013402955641, 0.07676587313727953, 0.5120066476096452, 0.3835871110066962, 0.2744752901010531, 0.2768666194076661, 0.5874473994413152, 0.6510849017250978, 0.09031157419968368, 0.37392842230910156, -0.15682177716644144, 0.0, 0.0, 0.0, -0.15682177716644144, 0.0, 0.8510289756271203], [4.629305674359535, 0.09436419184411324, 0.5261891601732375, 0.3560103888725269, 0.3061426145713889, 0.2590947530045451, 0.5969140928063613, 0.7048957387706678, 0.08457197667360337, 0.37320152797560624, -0.07606492074005755, 0.0, 0.0, 0.0, 0.0, -0.07606492074005755, 0.900757042396814], [3.4104971917179228, 0.06576594000663172, 0.5458953282576315, 0.10947394175021952, 0.10464226038144142, 0.9548158162651652, 0.17971394501440496, 0.2520442032893122, 0.014898216447719714, 0.11236524721892271, 18.608828053857394, 6.012847967966138, 4.719829532515746, 3.7993300788939877, 0.8510289756271199, 0.9007570423967586, -382.7965351945859]]) ; se_all=(array([0.02958775, 0.13702833, 0.06483639, 0.07459551, 0.08198327,
       0.08249039, 0.06262512, 0.0597097 , 0.13401015, 0.07247703,
              nan,        nan,        nan,        nan, 2.32667244,
       4.25202015, 0.04137292])) ; se_x_mu=(array([0.02958775, 0.13702833, 0.06483639, 0.07459551, 0.08198327,
       0.08249039, 0.06262512, 0.0597097 , 0.13401015, 0.07247703]))"
2	Lamc1_chr1_12152	ok
3	Sparc_chr11_7195	ok
4	Tgfbi_chr13_5705	"NaNs in SEs; H=np.array([[-3315.237716751879, -78.4867522330437, -413.26346300988666, -280.64039803726223, -195.69836966117887, -34.58481184774704, -465.382432404987, -615.8651144782957, -184.1097551702629, -196.00889007742472, 49.193101144420794, 4.611351411414155, 8.733917042233971, 13.542710163763113, 9.97150397260754, 4.616849590070257, 3.5794063430258323], [-78.4867522330437, -78.4867522330437, 0.0, 0.0, 0.0, 0.0, 0.0, 0.0, 0.0, 0.0, 1.2329798814714918, 0.10086970537551886, 0.16990092823972655, 0.4041334107288136, 0.23677771939205017, 0.10714916181702286, 0.1587559583550659], [-413.26346300988666, 0.0, -413.26346300988666, 0.0, 0.0, 0.0, 0.0, 0.0, 0.0, 0.0, 6.116587322756315, 0.5994549070638157, 1.1089036476174683, 1.6118342402849166, 1.3165018587953305, 0.5139807797302439, 1.097839603281849], [-280.64039803726223, 0.0, 0.0, -280.64039803726223, 0.0, 0.0, 0.0, 0.0, 0.0, 0.0, 4.143480878999591, 0.37456678510584906, 0.7718422964495731, 1.119258491879963, 0.828093825134698, 0.39218034292273707, 0.02973073434428182], [-195.69836966117887, 0.0, 0.0, 0.0, -195.69836966117887, 0.0, 0.0, 0.0, 0.0, 0.0, 2.864022038567993, 0.2966806161815759, 0.515777849148384, 0.7549936427507864, 0.5716366339719052, 0.29637504097356016, 0.021073628792453697], [-34.58481184774704, 0.0, 0.0, 0.0, 0.0, -34.58481184774704, 0.0, 0.0, 0.0, 0.0, 0.4998567198018016, 0.055388828197044535, 0.09517141538288752, 0.11932061034051317, 0.10481769098751141, 0.04641690985068857, -0.0027626400836649745], [-465.382432404987, 0.0, 0.0, 0.0, 0.0, 0.0, -465.382432404987, 0.0, 0.0, 0.0, 6.876939527273766, 0.6807958011309113, 1.3139681627721649, 1.8954842238353133, 1.3295938714547764, 0.6509529226546922, 0.08376461156164666], [-615.8651144782957, 0.0, 0.0, 0.0, 0.0, 0.0, 0.0, -615.8651144782957, 0.0, 0.0, 9.049980153077126, 0.8661954437954842, 1.5160539223081317, 2.5665307035747533, 1.8414039327564953, 0.8971657445081151, 0.33090981078825643], [-184.1097551702629, 0.0, 0.0, 0.0, 0.0, 0.0, 0.0, 0.0, -184.1097551702629, 0.0, 2.7919431821295677, 0.24958445822391653, 0.4296603730317455, 0.794210552819514, 0.5673971267375384, 0.24489042248763096, 0.29423210388416043], [-196.00889007742472, 0.0, 0.0, 0.0, 0.0, 0.0, 0.0, 0.0, 0.0, -196.00889007742472, 2.9034116223939628, 0.26506905054435564, 0.5238570810149461, 0.7613315429842422, 0.5950217766034026, 0.2956511530480071, -0.013028109764919533], [49.193101144420794, 1.2329798814714918, 6.116587322756316, 4.143480878999591, 2.864022038567992, 0.4998567198018016, 6.876939527273765, 9.049980153077126, 2.7919431821295673, 2.9034116223939628, -1.1416701410195969, -0.12008725510445427, -0.23433709126147947, -0.3162279642368717, -0.2899066369418762, -0.11677107581936556, 24.477559829098308], [4.611351411414155, 0.10086970537551886, 0.5994549070638157, 0.37456678510584906, 0.2966806161815758, 0.055388828197044535, 0.680795801130911, 0.8661954437954841, 0.24958445822391653, 0.26506905054435564, -0.12008725510445427, -0.12008725510445427, 0.0, 0.0, 0.0, 0.0, 2.2764492473748015], [8.733917042233971, 0.16990092823972655, 1.1089036476174683, 0.7718422964495731, 0.515777849148384, 0.09517141538288752, 1.3139681627721649, 1.5160539223081317, 0.42966037303174553, 0.5238570810149462, -0.23433709126147947, 0.0, -0.23433709126147947, 0.0, 0.0, 0.0, 4.310014522734577], [13.542710163763113, 0.4041334107288136, 1.6118342402849173, 1.119258491879963, 0.754993642750786, 0.11932061034051317, 1.8954842238353133, 2.5665307035747533, 0.794210552819514, 0.7613315429842422, -0.3162279642368717, 0.0, 0.0, -0.3162279642368717, 0.0, 0.0, 6.757603394350936], [9.971503972607541, 0.23677771939205017, 1.3165018587953305, 0.8280938251346973, 0.5716366339719052, 0.10481769098751141, 1.3295938714547761, 1.8414039327564953, 0.5673971267375384, 0.5950217766034026, -0.2899066369418762, 0.0, 0.0, 0.0, -0.2899066369418762, 0.0, 5.004083941311913], [4.616849590070256, 0.10714916181702284, 0.5139807797302437, 0.392180342922737, 0.29637504097356016, 0.04641690985068857, 0.6509529226546924, 0.8971657445081151, 0.24489042248763093, 0.2956511530480071, -0.11677107581936556, 0.0, 0.0, 0.0, 0.0, -0.11677107581936556, 2.244838950044308], [3.579406343026328, 0.15875595835508222, 1.097839603281853, 0.029730734344369125, 0.021073628792510624, -0.0027626400836705256, 0.08376461156162085, 0.3309098107881754, 0.29423210388415355, -0.013028109764939177, 24.477559829098254, 2.2764492473747957, 4.310014522734551, 6.757603394350905, 5.004083941311912, 2.244838950044322, -1106.1405845759427]]) ; se_all=(array([0.02172755, 0.11796563, 0.05995826, 0.06883313, 0.07927608,
       0.17346448, 0.05765158, 0.0529005 , 0.08128138, 0.07922649,
              nan, 3.64704133, 2.99144919, 3.04785896, 2.72715805,
       3.70996808,        nan])) ; se_x_mu=(array([0.02172755, 0.11796563, 0.05995826, 0.06883313, 0.07927608,
       0.17346448, 0.05765158, 0.0529005 , 0.08128138, 0.07922649]))"
5	Bend5_chr4_8174	"NaNs in SEs; H=np.array([[-1822.1012668284943, -32.10281370738294, -104.33236457161381, -877.5179931683618, -350.8810993523989, -59.39567721510815, -55.672938093334636, -55.01956479020577, 100.45638653393361, 28.509502795985075, 35.41961760686735, 4.786307323144511, 3.1597175814874014, 18.563625203025413, 6.271543806917557], [-32.10281370738294, -32.10281370738294, 0.0, 0.0, 0.0, 0.0, 0.0, 0.0, 1.7273639111424746, 0.4046225126877724, 0.6422949584628945, 0.0855849741510043, 0.05755840705272157, 0.3366062027219895, 0.0031997326991709384], [-104.33236457161381, 0.0, -104.33236457161381, 0.0, 0.0, 0.0, 0.0, 0.0, 5.911350928305732, 1.6418847819035147, 2.182120584267377, 0.27859521498263523, 0.17632472438040434, 1.0739886157513452, 0.0005306259671641984], [-877.5179931683618, 0.0, 0.0, -877.5179931683618, 0.0, 0.0, 0.0, 0.0, 47.803227000963325, 13.789028849051768, 16.504027011309034, 2.2676361352065824, 1.5570996463293187, 9.087664247740534, 5.785846325393742], [-350.8810993523989, 0.0, 0.0, 0.0, -350.8810993523989, 0.0, 0.0, 0.0, 19.446180439105824, 5.33726122596954, 6.975751105910997, 0.9435596211491859, 0.587842748527258, 3.5388489357558566, 0.4547839697887733], [-59.39567721510815, 0.0, 0.0, 0.0, 0.0, -59.39567721510815, 0.0, 0.0, 3.298120164851669, 0.9050262356836221, 1.212160758944646, 0.15424680965802018, 0.10530303831024497, 0.5729714943278799, -0.0011776230384612013], [-55.672938093334636, 0.0, 0.0, 0.0, 0.0, 0.0, -55.672938093334636, 0.0, 3.0815712517358573, 0.829741817862335, 1.1066344916612445, 0.14967773852848631, 0.09283748931398812, 0.5742479486227705, -0.0010209336248560822], [-55.01956479020577, 0.0, 0.0, 0.0, 0.0, 0.0, 0.0, -55.01956479020577, 3.0797773437689715, 0.8546460741982982, 1.1250109413108786, 0.15446071400200606, 0.09009904046211252, 0.5485286657148642, -0.0012626821641662652], [100.45638653393361, 1.7273639111424743, 5.911350928305732, 47.803227000963325, 19.446180439105827, 3.298120164851669, 3.0815712517358564, 3.0797773437689715, -13.849561472188489, -4.35793901692342, -6.708005823439884, -0.0372051956363708, -0.038774163980269144, -1.6625676437220125, 34.380614733183194], [28.509502795985075, 0.4046225126877723, 1.6418847819035147, 13.789028849051768, 5.33726122596954, 0.905026235683622, 0.829741817862335, 0.8546460741982982, -4.35793901692342, -4.35793901692342, 0.0, 0.0, 0.0, 0.0, 9.8458586733783], [35.41961760686735, 0.6422949584628943, 2.1821205842673757, 16.504027011309034, 6.975751105910997, 1.212160758944646, 1.1066344916612445, 1.1250109413108786, -6.708005823439884, 0.0, -6.708005823439884, 0.0, 0.0, 0.0, 11.953024679488577], [4.786307323144511, 0.0855849741510043, 0.27859521498263523, 2.2676361352065824, 0.9435596211491859, 0.15424680965802018, 0.14967773852848631, 0.1544607140020061, -0.0372051956363708, 0.0, 0.0, -0.0372051956363708, 0.0, 0.0, 1.6355425956115826], [3.1597175814874014, 0.05755840705272157, 0.17632472438040434, 1.5570996463293187, 0.587842748527258, 0.10530303831024497, 0.09283748931398812, 0.09009904046211255, -0.038774163980269144, 0.0, 0.0, 0.0, -0.038774163980269144, 0.0, 1.1059883977288532], [18.563625203025413, 0.3366062027219895, 1.0739886157513452, 9.087664247740534, 3.538848935755859, 0.5729714943278799, 0.5742479486227705, 0.5485286657148642, -1.6625676437220125, 0.0, 0.0, 0.0, 0.0, -1.6625676437220125, 6.480294490805285], [6.271543806920455, 0.0031997326991635155, 0.0005306259671677971, 5.785846325394164, 0.4547839697886005, -0.0011776230384410447, -0.001020933624861886, -0.0012626821641872343, 34.38061473318237, 9.845858673378274, 11.953024679488237, 1.6355425956115681, 1.1059883977288294, 6.480294490805321, -424.51069326439574]]) ; se_all=(array([0.04319293, 0.18610869, 0.11431254, 0.06798887, 0.07957856,
       0.1425447 , 0.14644172, 0.14716732, 0.83542741, 1.07775229,
       1.02666354,        nan, 3.41996569, 1.24506704,        nan])) ; se_x_mu=(array([0.04319293, 0.18610869, 0.11431254, 0.06798887, 0.07957856,
       0.1425447 , 0.14644172, 0.14716732]))"
6	Cited2_chr10_1253	"NaNs in SEs; H=np.array([[-866.5416148285339, -22.46749491990362, -100.57861274018796, -279.0829482466258, -45.77547052704004, -27.06366285945058, -62.943918091375295, -132.34876215838537, 18.409305028842528, 1.3378279993344704, 4.592385665932369, 1.194019395968289, 4.424565989443836, 4.451019141986064, 0.4508776485436902], [-22.46749491990362, -22.46749491990362, 0.0, 0.0, 0.0, 0.0, 0.0, 0.0, 0.4609297504910861, 0.027054419476938315, 0.10219245387145594, 0.03680828707142924, 0.11133739298471067, 0.11385078233411866, 0.003467844792088004], [-100.57861274018796, 0.0, -100.57861274018796, 0.0, 0.0, 0.0, 0.0, 0.0, 2.1354890774673527, 0.14612310875992102, 0.5498706063737266, 0.14918614242300784, 0.5629589222131443, 0.4604301638613479, 0.007226598329068162], [-279.0829482466258, 0.0, 0.0, -279.0829482466258, 0.0, 0.0, 0.0, 0.0, 6.106944506097065, 0.4123144670374925, 1.5892804528950901, 0.33661895181199836, 1.4729120315736122, 1.504336140967205, 0.413225472875999], [-45.77547052704004, 0.0, 0.0, 0.0, -45.77547052704004, 0.0, 0.0, 0.0, 0.972657778769079, 0.07549116092255918, 0.23789782529886633, 0.06720074051830323, 0.24216724427122474, 0.24199165029537462, -0.0024420789192757253], [-27.06366285945058, 0.0, 0.0, 0.0, 0.0, -27.06366285945058, 0.0, 0.0, 0.5645677079514181, 0.04127486708588447, 0.13709919287750455, 0.041174042852265634, 0.12162770672672872, 0.14657557143638322, -0.0007708739519944968], [-62.943918091375295, 0.0, 0.0, 0.0, 0.0, 0.0, -62.943918091375295, 0.0, 1.3057784869412883, 0.10498213650692984, 0.2996466930337992, 0.09375506984940099, 0.3131237652288174, 0.3252032180534134, -0.0031663474414415638], [-132.34876215838537, 0.0, 0.0, 0.0, 0.0, 0.0, 0.0, -132.34876215838537, 2.738270324083969, 0.21697067545235105, 0.6917166401986807, 0.18659826864968554, 0.598558889066749, 0.6526864304760244, 0.003228476394672941], [18.409305028842525, 0.4609297504910861, 2.1354890774673527, 6.106944506097064, 0.972657778769079, 0.5645677079514181, 1.3057784869412883, 2.738270324083969, -0.2817695885883358, -0.035782269853316256, -0.015727718124050702, -0.11662767247952113, 0.06708019376921101, -0.019745194648045798, 4.111765126288188], [1.3378279993344706, 0.02705441947693832, 0.14612310875992102, 0.4123144670374927, 0.07549116092255918, 0.04127486708588447, 0.10498213650692988, 0.21697067545235102, -0.035782269853316256, -0.035782269853316256, 0.0, 0.0, 0.0, 0.0, 0.28741807699863403], [4.592385665932368, 0.10219245387145594, 0.5498706063737264, 1.5892804528950901, 0.23789782529886638, 0.13709919287750474, 0.2996466930337992, 0.6917166401986807, -0.015727718124050702, 0.0, -0.015727718124050702, 0.0, 0.0, 0.0, 1.0487825441110503], [1.1940193959682888, 0.03680828707142924, 0.14918614242300784, 0.3366189518119983, 0.06720074051830323, 0.04117404285226564, 0.09375506984940109, 0.18659826864968554, -0.11662767247952113, 0.0, 0.0, -0.11662767247952113, 0.0, 0.0, 0.2475272148507924], [4.424565989443836, 0.11133739298471067, 0.5629589222131443, 1.4729120315736122, 0.24216724427122474, 0.12162770672672872, 0.3131237652288174, 0.598558889066749, 0.06708019376921101, 0.0, 0.0, 0.0, 0.06708019376921101, 0.0, 0.9917504631261511], [4.4510191419860625, 0.11385078233411865, 0.46043016386134783, 1.5043361409672038, 0.24199165029537462, 0.14657557143638322, 0.3252032180534134, 0.6526864304760244, -0.019745194648045798, 0.0, 0.0, 0.0, 0.0, -0.019745194648045798, 0.9989856056759114], [0.45087764854370693, 0.0034678447920868938, 0.007226598329080569, 0.413225472875947, -0.002442078919289825, -0.0007708739519846908, -0.0031663474414371784, 0.0032284763946388573, 4.1117651262882475, 0.28741807699863564, 1.0487825441110559, 0.24752721485080187, 0.9917504631261558, 0.9989856056758697, -130.40881520281891]]) ; se_all=(array([0.06287217, 0.22272949, 0.12272653, 0.09312389, 0.16413641,
       0.20502288, 0.14485886, 0.11246404, 2.46298592, 5.81827992,
       4.32577695, 3.8434898 ,        nan, 5.2632053 , 0.06984644])) ; se_x_mu=(array([0.06287217, 0.22272949, 0.12272653, 0.09312389, 0.16413641,
       0.20502288, 0.14485886, 0.11246404]))"
7	Col1a1_chr11_15307	"NaNs in SEs; H=np.array([[-5179.095462275868, -87.9881396353508, -483.9817958676476, -656.220362288208, -317.408788174432, -113.3783851287031, -890.1631501514913, -898.119725392205, -243.97377208212467, -418.2227546132068, 94.06365751202712, 17.625548260618846, 19.12704573345663, 20.367111551734617, 17.925883179727887, 6.863928361370479, 8.88132553608286], [-87.9881396353508, -87.9881396353508, 0.0, 0.0, 0.0, 0.0, 0.0, 0.0, 0.0, 0.0, 1.644857470987205, 0.30818891785965935, 0.3790976229767684, 0.4052986631171506, 0.25517538974136694, 0.11699689474992231, 0.16232807958511797], [-483.9817958676476, 0.0, -483.9817958676476, 0.0, 0.0, 0.0, 0.0, 0.0, 0.0, 0.0, 8.938039666815506, 1.7528399842041327, 1.5933137272719067, 2.076451087231292, 1.6708777350048891, 0.6301751558135734, 1.2696607959531367], [-656.220362288208, 0.0, 0.0, -656.220362288208, 0.0, 0.0, 0.0, 0.0, 0.0, 0.0, 11.862420145602053, 2.306933800784394, 2.513119278924847, 2.668447532304372, 2.100185440897213, 0.8099325664886214, 1.688209237725839], [-317.408788174432, 0.0, 0.0, 0.0, -317.408788174432, 0.0, 0.0, 0.0, 0.0, 0.0, 5.851640113655188, 1.148751216509273, 1.161245714907412, 1.2027479438117572, 1.206274990202443, 0.3858613304434953, 0.20341034213887266], [-113.3783851287031, 0.0, 0.0, 0.0, 0.0, -113.3783851287031, 0.0, 0.0, 0.0, 0.0, 2.108240663327437, 0.42546817948829246, 0.43430787847852903, 0.4835210715934969, 0.4128728070570993, 0.1286431708424405, 0.14571518613317958], [-890.1631501514913, 0.0, 0.0, 0.0, 0.0, 0.0, -890.1631501514913, 0.0, 0.0, 0.0, 16.069052608095294, 3.002425805435118, 3.236837431642197, 3.2140223753710515, 3.19218301445954, 1.2041230833798444, 1.1522502438068358], [-898.119725392205, 0.0, 0.0, 0.0, 0.0, 0.0, 0.0, -898.119725392205, 0.0, 0.0, 16.333750133112144, 2.9361790889791144, 3.4901196440999698, 3.486339970135347, 3.139921450664671, 1.2057155978160283, 1.1584737547345543], [-243.97377208212467, 0.0, 0.0, 0.0, 0.0, 0.0, 0.0, 0.0, -243.97377208212467, 0.0, 4.388698122734332, 0.7556959679826841, 0.8060161915394636, 0.9857842238564499, 0.9255446794409541, 0.3618159573511358, 0.5568739439382482], [-418.2227546132068, 0.0, 0.0, 0.0, 0.0, 0.0, 0.0, 0.0, 0.0, -418.2227546132068, 7.594016003117486, 1.305103450314522, 1.527658028823768, 1.6819359649582073, 1.47777048930647, 0.570621151482995, 0.1300264812756818], [94.06365751202712, 1.6448574709872057, 8.938039666815506, 11.862420145602051, 5.851640113655188, 2.108240663327437, 16.06905260809529, 16.333750133112144, 4.388698122734332, 7.594016003117486, -2.96156601878252, -0.5959858330856694, -0.6815413550880172, -0.7258124843545707, -0.6193479370699202, -0.2821646429032493, 52.89829918563375], [17.625548260618846, 0.30818891785965946, 1.7528399842041327, 2.306933800784393, 1.148751216509273, 0.42546817948829246, 3.002425805435118, 2.9361790889791144, 0.7556959679826841, 1.305103450314522, -0.5959858330856694, -0.5959858330856694, 0.0, 0.0, 0.0, 0.0, 9.9633537032987], [19.127045733456622, 0.3790976229767684, 1.5933137272719067, 2.5131192789248464, 1.1612457149074118, 0.43430787847852903, 3.2368374316421966, 3.4901196440999698, 0.8060161915394636, 1.527658028823768, -0.6815413550880172, 0.0, -0.6815413550880172, 0.0, 0.0, 0.0, 10.731548803976105], [20.367111551734617, 0.4052986631171506, 2.076451087231293, 2.668447532304372, 1.2027479438117572, 0.4835210715934969, 3.2140223753710515, 3.486339970135347, 0.9857842238564499, 1.6819359649582073, -0.7258124843545707, 0.0, 0.0, -0.7258124843545707, 0.0, 0.0, 11.518134236496223], [17.925883179727887, 0.255175389741367, 1.670877735004889, 2.100185440897213, 1.206274990202443, 0.4128728070570993, 3.19218301445954, 3.139921450664671, 0.9255446794409539, 1.47777048930647, -0.6193479370699202, 0.0, 0.0, 0.0, -0.6193479370699202, 0.0, 10.01468899643328], [6.863928361370477, 0.11699689474992239, 0.6301751558135734, 0.8099325664886214, 0.3858613304434953, 0.1286431708424405, 1.2041230833798444, 1.2057155978160277, 0.36181595735113564, 0.570621151482995, -0.2821646429032493, 0.0, 0.0, 0.0, 0.0, -0.2821646429032493, 3.856739620776063], [8.8813255360824, 0.16232807958511108, 1.2696607959530626, 1.6882092377257196, 0.20341034213882114, 0.14571518613317935, 1.1522502438071704, 1.1584737547343238, 0.5568739439382551, 0.13002648127564154, 52.89829918563362, 9.963353703298665, 10.731548803976104, 11.518134236496259, 10.014688996433286, 3.856739620776084, -1930.9313107475136]]) ; se_all=(array([0.0264467 , 0.11091549, 0.05478255, 0.04958768, 0.06391979,
       0.09877536, 0.04537159, 0.04525984, 0.07095502, 0.05767348,
              nan, 1.81007207, 1.66848003, 1.64699172, 1.7534893 ,
       2.04950832,        nan])) ; se_x_mu=(array([0.0264467 , 0.11091549, 0.05478255, 0.04958768, 0.06391979,
       0.09877536, 0.04537159, 0.04525984, 0.07095502, 0.05767348]))"
8	Foxa2_chr2_13808	"NaNs in SEs; H=np.array([[-866.7275340758526, -13.844654934748027, -52.351456236893306, -129.88950014488813, -144.21071598939804, -88.82310196925883, -178.66216915292105, -59.80759213098858, 32.926740181365005, 1.3312429970776174, 1.40448853729337, 1.4420482359752806, 12.37989866764818, 12.108078716175324, 0.3538006676278007], [-13.844654934748027, -13.844654934748027, 0.0, 0.0, 0.0, 0.0, 0.0, 0.0, 0.5010843781384353, 0.016555159068213705, 0.025203109603885533, 0.02927895593873812, 0.18394139599873036, 0.17920724681130507, 0.0032126863678410833], [-52.351456236893306, 0.0, -52.351456236893306, 0.0, 0.0, 0.0, 0.0, 0.0, 1.9840930337402247, 0.0793243423267404, 0.08719275346456228, 0.08811221344807794, 0.7655267589501422, 0.7115768975056984, 0.009771242674214864], [-129.88950014488813, 0.0, 0.0, -129.88950014488813, 0.0, 0.0, 0.0, 0.0, 4.834363546814952, 0.19294332279111573, 0.21463991139099436, 0.2177422851463359, 1.8364085440275044, 1.6912448612739155, 0.05355457367683686], [-144.21071598939804, 0.0, 0.0, 0.0, -144.21071598939804, 0.0, 0.0, 0.0, 5.598749186683299, 0.22032462671416073, 0.21701843600781745, 0.24702471936607168, 2.079645009109453, 2.1421119389886694, 0.1509733543055996], [-88.82310196925883, 0.0, 0.0, 0.0, 0.0, -88.82310196925883, 0.0, 0.0, 3.3568771176808943, 0.14561521106606545, 0.1461941820067858, 0.14376878600540705, 1.273037758092022, 1.2366126886752238, 0.011015941720391553], [-178.66216915292105, 0.0, 0.0, 0.0, 0.0, 0.0, -178.66216915292105, 0.0, 6.701387696999513, 0.285917925158741, 0.2815921773313861, 0.2986251450117149, 2.350069144697885, 2.5915551517801045, 0.057693343655369156], [-59.80759213098858, 0.0, 0.0, 0.0, 0.0, 0.0, 0.0, -59.80759213098858, 2.283997336238291, 0.10075504177885576, 0.09450481032839404, 0.0920560501235376, 0.883862141512501, 0.8196731022316026, 0.006890659941873649], [32.926740181365005, 0.5010843781384353, 1.9840930337402247, 4.834363546814951, 5.598749186683301, 3.3568771176808943, 6.701387696999513, 2.283997336238291, -2.209499013349454, -0.09626192194749714, -0.048655603739465626, -0.039396073658975114, -1.0643316619258028, -1.113071610641646, 3.3208965780309843], [1.3312429970776174, 0.016555159068213705, 0.0793243423267404, 0.19294332279111573, 0.22032462671416073, 0.14561521106606545, 0.2859179251587408, 0.10075504177885576, -0.09626192194749714, -0.09626192194749714, 0.0, 0.0, 0.0, 0.0, 0.1327327023014278], [1.40448853729337, 0.025203109603885533, 0.08719275346456228, 0.21463991139099436, 0.2170184360078175, 0.14619418200678597, 0.2815921773313861, 0.09450481032839404, -0.048655603739465626, 0.0, -0.048655603739465626, 0.0, 0.0, 0.0, 0.13934770019694054], [1.4420482359752809, 0.02927895593873812, 0.08811221344807794, 0.2177422851463359, 0.24702471936607168, 0.14376878600540693, 0.2986251450117149, 0.0920560501235376, -0.039396073658975114, 0.0, 0.0, -0.039396073658975114, 0.0, 0.0, 0.14607901762113487], [12.37989866764818, 0.18394139599873036, 0.7655267589501422, 1.8364085440275044, 2.0796450091094534, 1.273037758092022, 2.350069144697885, 0.8838621415125011, -1.0643316619258028, 0.0, 0.0, 0.0, -1.0643316619258028, 0.0, 1.2444335671943016], [12.108078716175324, 0.17920724681130507, 0.7115768975056984, 1.6912448612739155, 2.1421119389886694, 1.2366126886752238, 2.5915551517801045, 0.8196731022316026, -1.113071610641646, 0.0, 0.0, 0.0, 0.0, -1.113071610641646, 1.2298794106438617], [0.35380066762875195, 0.003212686367844636, 0.009771242674227798, 0.053554573676839023, 0.15097335430561043, 0.011015941720415867, 0.057693343655296214, 0.00689065994186433, 3.320896578031011, 0.13273270230142487, 0.1393477001969199, 0.14607901762114217, 1.244433567194406, 1.2298794106438038, -65.33345254940286]]) ; se_all=(array([0.07485984, 0.27796127, 0.15531799, 0.11279478, 0.10935492,
       0.1275955 , 0.10307277, 0.14745589,        nan, 2.71105994,
       4.52821045, 5.22052002,        nan,        nan, 0.12767882])) ; se_x_mu=(array([0.07485984, 0.27796127, 0.15531799, 0.11279478, 0.10935492,
       0.1275955 , 0.10307277, 0.14745589]))"
9	Gata4_chr14_5714	"NaNs in SEs; H=np.array([[-809.8429737956341, -40.181391725681834, -58.43612027985606, -155.78817614732915, -81.42604925166235, -68.57106985435121, -75.92798676313284, -66.52359615748782, 42.63891323734337, 15.283665682437976, 1.3804227987028017, 18.110223668492292, 1.4797243078027311, 1.3653394733942714, 0.12104705444761825], [-40.181391725681834, -40.181391725681834, 0.0, 0.0, 0.0, 0.0, 0.0, 0.0, 2.3499754162318003, 0.9671646575660966, 0.06564276808464618, 0.9641524320652964, 0.06493807074208605, 0.0690737643913289, 0.042158378571512535], [-58.43612027985606, 0.0, -58.43612027985606, 0.0, 0.0, 0.0, 0.0, 0.0, 2.986990186311492, 1.0740335714045706, 0.10085527012570983, 1.2289090654084744, 0.10680042704346902, 0.10212647930280189, -0.000662297748013789], [-155.78817614732915, 0.0, 0.0, -155.78817614732915, 0.0, 0.0, 0.0, 0.0, 7.907241904389924, 2.6876351126756686, 0.2743114794181571, 3.4461224217964888, 0.3043407045774378, 0.26468960446317097, 0.022551578421302454], [-81.42604925166235, 0.0, 0.0, 0.0, -81.42604925166235, 0.0, 0.0, 0.0, 4.209977379148772, 1.6802790929687106, 0.13828272011959153, 1.6043238337631496, 0.1623247661167009, 0.13101168663232537, 0.0027692999766754482], [-68.57106985435121, 0.0, 0.0, 0.0, 0.0, -68.57106985435121, 0.0, 0.0, 3.6638833239955666, 1.2834143448198274, 0.11505922696716234, 1.6151300010822847, 0.12507110003481917, 0.11778393163483228, -0.0016417265816398153], [-75.92798676313284, 0.0, 0.0, 0.0, 0.0, 0.0, -75.92798676313284, 0.0, 3.984323725387426, 1.416251342807191, 0.12746968543603787, 1.7005446609007275, 0.14306959704300903, 0.12759771573010645, -0.0018762633773207705], [-66.52359615748782, 0.0, 0.0, 0.0, 0.0, 0.0, 0.0, -66.52359615748782, 3.5377470120181496, 1.3097649111606817, 0.11467338373751301, 1.456024889090972, 0.113358051673569, 0.1116823885371595, -0.0014651309270176877], [42.63891323734337, 2.3499754162318003, 2.986990186311492, 7.907241904389922, 4.209977379148773, 3.6638833239955666, 3.9843237253874273, 3.5377470120181496, -4.7780575358184505, -2.0462558891643563, -0.04408552365907088, -2.6355275044996644, -0.027079679970850565, -0.05022283821761264, 3.237682368633352], [15.283665682437972, 0.9671646575660966, 1.0740335714045706, 2.6876351126756663, 1.6802790929687106, 1.2834143448198274, 1.416251342807192, 1.3097649111606817, -2.0462558891643563, -2.0462558891643563, 0.0, 0.0, 0.0, 0.0, 1.1694375313947896], [1.380422798702802, 0.0656427680846462, 0.10085527012570984, 0.27431147941815714, 0.13828272011959153, 0.11505922696716234, 0.12746968543603787, 0.11467338373751301, -0.04408552365907088, 0.0, -0.04408552365907088, 0.0, 0.0, 0.0, 0.10391113277884617], [18.110223668492292, 0.9641524320652964, 1.2289090654084744, 3.4461224217964888, 1.6043238337631496, 1.6151300010822833, 1.7005446609007275, 1.4560248890909722, -2.6355275044996644, 0.0, 0.0, -2.6355275044996644, 0.0, 0.0, 1.3763339735406661], [1.4797243078027311, 0.06493807074208607, 0.10680042704346902, 0.3043407045774378, 0.1623247661167009, 0.12507110003481917, 0.14306959704300903, 0.11335805167356898, -0.027079679970850565, 0.0, 0.0, 0.0, -0.027079679970850565, 0.0, 0.11063561055032274], [1.3653394733942714, 0.0690737643913289, 0.10212647930280189, 0.2646896044631709, 0.13101168663232537, 0.11778393163483228, 0.12759771573010645, 0.1116823885371595, -0.05022283821761264, 0.0, 0.0, 0.0, 0.0, -0.05022283821761264, 0.10294820109322149], [0.12104705444646768, 0.04215837857151905, -0.0006622977480092995, 0.022551578421314833, 0.002769299976634665, -0.0016417265815966697, -0.0018762633772806403, -0.0014651309270616864, 3.2376823686336706, 1.1694375313950047, 0.10391113277886355, 1.3763339735409374, 0.11063561055034477, 0.10294820109324121, -43.663238982569965]]) ; se_all=(array([0.05683448, 0.16943827, 0.14462787, 0.10110262, 0.126853  ,
       0.13559163, 0.13028163, 0.13724477,        nan,        nan,
       4.7828864 ,        nan, 6.75324055, 4.32318242, 0.14817233])) ; se_x_mu=(array([0.05683448, 0.16943827, 0.14462787, 0.10110262, 0.126853  ,
       0.13559163, 0.13028163, 0.13724477]))"
10	Lamb1_chr12_2296	"NaNs in SEs; H=np.array([[-4223.673425750931, -74.36280588763265, -489.12263067927813, -342.7117450729836, -355.93529422597635, -123.01008513386597, -631.2280132640368, -696.942081910817, -106.41881198880851, -370.4805190734952, 62.32374105737773, 15.762124171344007, 10.050719897406651, 13.722492976536607, 7.909507533921077, 5.709547341016326, 5.727252564128965], [-74.36280588763265, -74.36280588763265, 0.0, 0.0, 0.0, 0.0, 0.0, 0.0, 0.0, 0.0, 1.1039449200756999, 0.2739507234911486, 0.177569566732666, 0.22452997292400884, 0.13165969464541474, 0.11411223247794956, 0.11171222559993293], [-489.12263067927813, 0.0, -489.12263067927813, 0.0, 0.0, 0.0, 0.0, 0.0, 0.0, 0.0, 7.057044564841803, 1.6131936304427135, 1.3164791574813404, 1.6406293633138482, 0.8792930133929662, 0.5863601127821385, 1.2809627123754035], [-342.7117450729836, 0.0, 0.0, -342.7117450729836, 0.0, 0.0, 0.0, 0.0, 0.0, 0.0, 5.086363515014267, 1.2902696511497356, 0.84240512711986, 1.182938140151143, 0.6423269911125522, 0.4738397803113264, 0.21680751831953218], [-355.93529422597635, 0.0, 0.0, 0.0, -355.93529422597635, 0.0, 0.0, 0.0, 0.0, 0.0, 5.288506388993448, 1.4003549098875365, 0.8250090715728834, 1.1251887083642318, 0.6546857834275808, 0.49049940096855754, 0.5012871503162921], [-123.01008513386597, 0.0, 0.0, 0.0, 0.0, -123.01008513386597, 0.0, 0.0, 0.0, 0.0, 1.812796314410201, 0.5079660206550944, 0.2486114241632229, 0.3523803040288156, 0.26419054560951294, 0.14499253898886513, 0.18807050942244027], [-631.2280132640368, 0.0, 0.0, 0.0, 0.0, 0.0, -631.2280132640368, 0.0, 0.0, 0.0, 9.315490204870814, 2.438182347898586, 1.5157456974509194, 1.9828868033509666, 1.2131098488736498, 0.8606914117370879, 0.5442387487727365], [-696.942081910817, 0.0, 0.0, 0.0, 0.0, 0.0, 0.0, -696.942081910817, 0.0, 0.0, 10.30990384840881, 2.6072954064228733, 1.61887942820173, 2.2680230232701155, 1.3668268636498355, 0.9301364816753758, 0.7188553376014407], [-106.41881198880851, 0.0, 0.0, 0.0, 0.0, 0.0, 0.0, 0.0, -106.41881198880851, 0.0, 1.5807039642504093, 0.3732282031740254, 0.22117226156227432, 0.39913160599898606, 0.1857172375688813, 0.1401075988772164, 0.05577966219755187], [-370.4805190734952, 0.0, 0.0, 0.0, 0.0, 0.0, 0.0, 0.0, 0.0, -370.4805190734952, 5.454973043142866, 1.3605462995120385, 0.9290236010853107, 1.1728510726900716, 0.63749174807902, 0.5151364419790976, 0.23626495605765443], [62.32374105737773, 1.1039449200756997, 7.057044564841802, 5.086363515014267, 5.288506388993448, 1.8127963144102013, 9.31549020487081, 10.30990384840881, 1.5807039642504095, 5.454973043142867, -1.412116585200133, -0.2085866506948355, -0.22197348565771097, -0.37040902704763, -0.14159198637080328, -0.15241537820503717, 23.134686272922167], [15.762124171344015, 0.27395072349114846, 1.6131936304427132, 1.290269651149736, 1.4003549098875365, 0.5079660206550944, 2.438182347898586, 2.6072954064228733, 0.37322820317402544, 1.3605462995120399, -0.2085866506948355, -0.2085866506948355, 0.0, 0.0, 0.0, 0.0, 5.812180940193654], [10.05071989740665, 0.177569566732666, 1.3164791574813404, 0.84240512711986, 0.8250090715728834, 0.2486114241632229, 1.515745697450919, 1.6188794282017298, 0.22117226156227432, 0.9290236010853106, -0.22197348565771097, 0.0, -0.22197348565771097, 0.0, 0.0, 0.0, 3.7553695576897876], [13.722492976536607, 0.22452997292400878, 1.6406293633138482, 1.182938140151142, 1.1251887083642318, 0.35238030402881565, 1.9828868033509666, 2.2680230232701155, 0.39913160599898606, 1.1728510726900716, -0.37040902704763, 0.0, 0.0, -0.37040902704763, 0.0, 0.0, 5.105218939429315], [7.909507533921077, 0.13165969464541472, 0.8792930133929663, 0.6423269911125522, 0.6546857834275808, 0.26419054560951294, 1.2131098488736498, 1.3668268636498353, 0.1857172375688813, 0.63749174807902, -0.14159198637080328, 0.0, 0.0, 0.0, -0.14159198637080328, 0.0, 2.936319866698914], [5.709547341016326, 0.11411223247794956, 0.5863601127821385, 0.4738397803113264, 0.49049940096855754, 0.14499253898886513, 0.8606914117370879, 0.9301364816753758, 0.1401075988772164, 0.5151364419790976, -0.15241537820503717, 0.0, 0.0, 0.0, 0.0, -0.15241537820503717, 2.107984898940688], [5.727252564133231, 0.11171222559993221, 1.2809627123753384, 0.21680751831956613, 0.501287150316269, 0.18807050942245307, 0.544238748772448, 0.7188553376012421, 0.055779662197520063, 0.23626495605758224, 23.134686272922295, 5.81218094019362, 3.7553695576897965, 5.105218939429356, 2.936319866698927, 2.107984898940675, -1071.2542944681418]]) ; se_all=(array([       nan, 0.12006544, 0.05488107, 0.06233814, 0.06145855,
       0.09538834, 0.05051787, 0.04901603, 0.10180964, 0.06055595,
       0.84408472, 1.28899014, 2.62261648, 2.37964766, 2.84729601,
       3.08346838,        nan])) ; se_x_mu=(array([       nan, 0.12006544, 0.05488107, 0.06233814, 0.06145855,
       0.09538834, 0.05051787, 0.04901603, 0.10180964, 0.06055595]))"
11	Col1a1_chr11_15322	"NaNs in SEs; H=np.array([[-2642.460372951456, -45.69522103068235, -289.22490223711924, -321.9743701813608, -135.18048788725383, -90.39721200023413, -457.4120050346385, -499.20524046422275, -110.84982444519669, -176.80052127189776, 116.37046822451552, 37.55235269352811, 29.21447791908392, 4.148662890106623, 4.806257256617246, 28.591561976055722, 2.541695693078295], [-45.69522103068235, -45.69522103068235, 0.0, 0.0, 0.0, 0.0, 0.0, 0.0, 0.0, 0.0, 1.881552596313063, 0.5344875708607965, 0.5165513814172108, 0.07350820623440447, 0.09249982274291023, 0.41462080494770165, 0.03415144712657489], [-289.22490223711924, 0.0, -289.22490223711924, 0.0, 0.0, 0.0, 0.0, 0.0, 0.0, 0.0, 12.535751043580916, 3.814610974926457, 3.1763508223766714, 0.4426792293748715, 0.5236022706482713, 3.2351226367756736, 0.5132060437915654], [-321.9743701813608, 0.0, 0.0, -321.9743701813608, 0.0, 0.0, 0.0, 0.0, 0.0, 0.0, 14.227632333665982, 4.473603835229586, 3.7632918049930977, 0.5187046416929108, 0.5551775349329813, 3.4704340732189007, 0.31282524648989596], [-135.18048788725383, 0.0, 0.0, 0.0, -135.18048788725383, 0.0, 0.0, 0.0, 0.0, 0.0, 6.003924385646694, 1.8822990626754272, 1.5593458832390579, 0.2065735945620812, 0.23783557941851888, 1.4813760953607757, 0.034084671748474904], [-90.39721200023413, 0.0, 0.0, 0.0, 0.0, -90.39721200023413, 0.0, 0.0, 0.0, 0.0, 4.0532081340052875, 1.3580261529429178, 0.9075333264248031, 0.13474424122896872, 0.17167131450919576, 1.0015715398460268, 0.1988572796825037], [-457.4120050346385, 0.0, 0.0, 0.0, 0.0, 0.0, -457.4120050346385, 0.0, 0.0, 0.0, 20.278250183760093, 6.802400437164196, 4.91232257777758, 0.7093863410358827, 0.8781728556718789, 4.962606485529868, 0.35896168579608195], [-499.20524046422275, 0.0, 0.0, 0.0, 0.0, 0.0, 0.0, -499.20524046422275, 0.0, 0.0, 21.83742292563291, 7.153212472119369, 5.363302368419733, 0.8113126749549155, 0.8890286011652345, 5.318932980913701, 0.43386162150758834], [-110.84982444519669, 0.0, 0.0, 0.0, 0.0, 0.0, 0.0, 0.0, -110.84982444519669, 0.0, 4.95627732103715, 1.5449594952514545, 1.1662645432145664, 0.1869513365488462, 0.17798226461791442, 1.3934668171794247, 0.10063533009955919], [-176.80052127189776, 0.0, 0.0, 0.0, 0.0, 0.0, 0.0, 0.0, 0.0, -176.80052127189776, 7.841336841665559, 2.5686269469140335, 1.9851441450051548, 0.2667677488564848, 0.3331227220637292, 1.8984843561779905, 0.021555799872937237], [116.37046822451553, 1.8815525963130626, 12.535751043580916, 14.22763233366598, 6.003924385646694, 4.053208134005288, 20.278250183760093, 21.83742292563291, 4.95627732103715, 7.8413368416655596, -9.739817949563344, -3.8925972028528415, -2.5851649520896296, -0.05419213994441397, -0.04779750910668667, -2.543109199557149, 26.07459132481799], [37.55235269352812, 0.5344875708607961, 3.8146109749264583, 4.473603835229585, 1.8822990626754272, 1.3580261529429178, 6.802400437164196, 7.153212472119369, 1.5449594952514545, 2.568626946914034, -3.8925972028528415, -3.8925972028528415, 0.0, 0.0, 0.0, 0.0, 8.394031332801632], [29.21447791908392, 0.5165513814172108, 3.1763508223766714, 3.7632918049930977, 1.5593458832390579, 0.9075333264248031, 4.912322577777581, 5.363302368419733, 1.1662645432145664, 1.9851441450051548, -2.5851649520896296, 0.0, -2.5851649520896296, 0.0, 0.0, 0.0, 6.530242229289252], [4.148662890106623, 0.07350820623440447, 0.4426792293748715, 0.5187046416929108, 0.2065735945620812, 0.13474424122896872, 0.7093863410358827, 0.8113126749549155, 0.1869513365488462, 0.26676774885648485, -0.05419213994441397, 0.0, 0.0, -0.05419213994441397, 0.0, 0.0, 0.9305442570244739], [4.806257256617247, 0.09249982274291019, 0.5236022706482713, 0.5551775349329813, 0.23783557941851888, 0.17167131450919576, 0.878172855671879, 0.8890286011652345, 0.17798226461791436, 0.3331227220637292, -0.04779750910668667, 0.0, 0.0, 0.0, -0.04779750910668667, 0.0, 1.076784835330622], [28.591561976055722, 0.41462080494770165, 3.2351226367756736, 3.4704340732189003, 1.4813760953607757, 1.0015715398460279, 4.962606485529868, 5.318932980913695, 1.3934668171794247, 1.8984843561779905, -2.543109199557149, 0.0, 0.0, 0.0, 0.0, -2.543109199557149, 6.427235885248698], [2.5416956930796815, 0.03415144712657714, 0.5132060437915236, 0.3128252464899228, 0.03408467174844798, 0.1988572796824959, 0.3589616857961797, 0.43386162150787655, 0.10063533009957637, 0.021555799872959636, 26.07459132481796, 8.394031332801532, 6.530242229289229, 0.9305442570244438, 1.076784835330585, 6.427235885248578, -418.0843118771063]]) ; se_all=(array([       nan, 0.1543639 , 0.07345665, 0.07102793, 0.09662673,
       0.11400719, 0.06422043, 0.06278837, 0.10470541, 0.08714965,
              nan,        nan, 0.78376986,        nan,        nan,
       0.77880492,        nan])) ; se_x_mu=(array([       nan, 0.1543639 , 0.07345665, 0.07102793, 0.09662673,
       0.11400719, 0.06422043, 0.06278837, 0.10470541, 0.08714965]))"
12	Igfbp4_chr11_16728	ok
13	Sox17_chr1_82	"NaNs in SEs; H=np.array([[-2834.997168768595, -42.309679238072334, -194.08243059128375, -467.43998603518236, -188.61593603423998, -122.35175267806122, -384.25131934856347, -401.5358752040336, -224.88605161780544, -185.7590003485024, 111.3827768413688, 39.66490090814798, 23.77345101312157, 4.291034126176298, 4.287222378347278, 26.203507406591815, 1.4456619686975396], [-42.309679238072334, -42.309679238072334, 0.0, 0.0, 0.0, 0.0, 0.0, 0.0, 0.0, 0.0, 1.6885382344960318, 0.6027221902260176, 0.36261195787844047, 0.06117408265552847, 0.06880811902164521, 0.4263658378391407, 0.014215875961300556], [-194.08243059128375, 0.0, -194.08243059128375, 0.0, 0.0, 0.0, 0.0, 0.0, 0.0, 0.0, 7.5157908283443415, 2.6178443178536805, 1.6114204925193714, 0.2850250675824614, 0.30292769453959684, 1.7362027052567806, 0.05689135740605948], [-467.43998603518236, 0.0, 0.0, -467.43998603518236, 0.0, 0.0, 0.0, 0.0, 0.0, 0.0, 18.535254943830257, 6.579458258444348, 3.8825181535834097, 0.7030083053423016, 0.680799167053781, 4.525225721231589, 0.39307706529418485], [-188.61593603423998, 0.0, 0.0, 0.0, -188.61593603423998, 0.0, 0.0, 0.0, 0.0, 0.0, 7.154069659540086, 2.4110106021205002, 1.5309560999276575, 0.2924652497814266, 0.30599492999145383, 1.7032976299425802, 0.060437557094459096], [-122.35175267806122, 0.0, 0.0, 0.0, 0.0, -122.35175267806122, 0.0, 0.0, 0.0, 0.0, 4.881881151153237, 1.824469669636225, 1.1517760370298789, 0.17736819525528505, 0.1807365734529589, 0.97219051962079, 0.127267231121091], [-384.25131934856347, 0.0, 0.0, 0.0, 0.0, 0.0, -384.25131934856347, 0.0, 0.0, 0.0, 15.047869767381117, 5.380775441609997, 3.1875624846418504, 0.5982660872944191, 0.5668266866271636, 3.5120259846481403, 0.10046248001664859], [-401.5358752040336, 0.0, 0.0, 0.0, 0.0, 0.0, 0.0, -401.5358752040336, 0.0, 0.0, 15.681753614894353, 5.62839619819887, 3.310222994127213, 0.6250390546131064, 0.6196236605481921, 3.6614167163575457, 0.10990315261994035], [-224.88605161780544, 0.0, 0.0, 0.0, 0.0, 0.0, 0.0, 0.0, -224.88605161780544, 0.0, 8.946824401588938, 3.2016060388521486, 1.923875917815196, 0.34781064178915705, 0.31363253555077497, 2.09259313858882, 0.28711062630573336], [-185.7590003485024, 0.0, 0.0, 0.0, 0.0, 0.0, 0.0, 0.0, 0.0, -185.7590003485024, 7.272340929570929, 2.67440995658871, 1.493138066312865, 0.29742385253738995, 0.2790098123633838, 1.6675251158670243, 0.0293229269499844], [111.3827768413688, 1.688538234496032, 7.515790828344339, 18.535254943830257, 7.154069659540086, 4.881881151153238, 15.047869767381115, 15.681753614894353, 8.946824401588938, 7.272340929570929, -7.283901851064477, -3.8267566030504385, -1.3986775297388165, -0.10952903240066018, -0.11799140973817022, -1.7428295752322707, 12.034090596100901], [39.66490090814797, 0.6027221902260178, 2.617844317853678, 6.579458258444348, 2.4110106021205002, 1.824469669636225, 5.380775441609997, 5.62839619819887, 3.20160603885215, 2.67440995658871, -3.8267566030504385, -3.8267566030504385, 0.0, 0.0, 0.0, 0.0, 4.289924088717379], [23.77345101312157, 0.36261195787844047, 1.6114204925193725, 3.8825181535834097, 1.5309560999276575, 1.1517760370298789, 3.18756248464185, 3.310222994127213, 1.923875917815196, 1.493138066312865, -1.3986775297388165, 0.0, -1.3986775297388165, 0.0, 0.0, 0.0, 2.57937935174911], [4.2910341261762985, 0.061174082655528476, 0.2850250675824613, 0.7030083053423015, 0.2924652497814266, 0.17736819525528505, 0.5982660872944191, 0.6250390546131065, 0.3478106417891572, 0.2974238525373905, -0.10952903240066018, 0.0, 0.0, -0.10952903240066018, 0.0, 0.0, 0.4600339225127396], [4.287222378347278, 0.06880811902164521, 0.30292769453959684, 0.680799167053781, 0.3059949299914539, 0.180736573452959, 0.5668266866271636, 0.6196236605481923, 0.31363253555077486, 0.2790098123633838, -0.11799140973817022, 0.0, 0.0, 0.0, -0.11799140973817022, 0.0, 0.4569183204494401], [26.203507406591818, 0.4263658378391409, 1.7362027052567814, 4.525225721231589, 1.7032976299425802, 0.97219051962079, 3.5120259846481403, 3.6614167163575457, 2.09259313858882, 1.6675251158670243, -1.7428295752322707, 0.0, 0.0, 0.0, 0.0, -1.7428295752322707, 2.829656724781479], [1.4456619687007404, 0.014215875961300473, 0.05689135740609785, 0.39307706529412645, 0.06043755709441001, 0.1272672311210723, 0.10046248001689939, 0.10990315261998518, 0.2871106263057146, 0.029322926949984396, 12.034090596100555, 4.289924088717271, 2.5793793517491963, 0.46003392251270725, 0.4569183204494429, 2.8296567247812447, -216.95909668594868]]) ; se_all=(array([0.02446305, 0.15886348, 0.0821932 , 0.06117632, 0.08310319,
       0.09888452, 0.06485303, 0.06398341, 0.0777798 , 0.08358911,
              nan,        nan,        nan, 2.96876526, 2.74647739,
              nan, 0.05050348])) ; se_x_mu=(array([0.02446305, 0.15886348, 0.0821932 , 0.06117632, 0.08310319,
       0.09888452, 0.06485303, 0.06398341, 0.0777798 , 0.08358911]))"
14	Txndc12_chr4_7951	ok
15	Cdk5r1_chr11_12559	"NaNs in SEs; H=np.array([[-9327.517163860308, -169.88306869784037, -1098.8575294512357, -986.3851747050553, -514.8247393159423, -307.37882550041917, -1093.8161862562147, -1351.9789185487377, -323.46758258045037, -766.0000702994386, 102.76136376454313, 12.380743454826991, 15.02466593019356, 26.0878821318497, 18.456755703730327, 12.170659187617803, 12.30879355492031], [-169.88306869784037, -169.88306869784037, 0.0, 0.0, 0.0, 0.0, 0.0, 0.0, 0.0, 0.0, 1.8877647830521052, 0.22690593557456853, 0.3029928760179453, 0.47271369494098164, 0.34690140900179234, 0.21874140972503936, 0.22276492958095262], [-1098.8575294512357, 0.0, -1098.8575294512357, 0.0, 0.0, 0.0, 0.0, 0.0, 0.0, 0.0, 12.256169508669979, 1.3869929045654654, 1.7175732659228549, 3.301681823302791, 2.1268159106307145, 1.3722879126189305, 2.4395236564126135], [-986.3851747050553, 0.0, 0.0, -986.3851747050553, 0.0, 0.0, 0.0, 0.0, 0.0, 0.0, 10.873831957228903, 1.2611782048492304, 1.6098069480627348, 2.851057784723832, 1.9266490553544329, 1.279680047391515, 1.0486566063502964], [-514.8247393159423, 0.0, 0.0, 0.0, -514.8247393159423, 0.0, 0.0, 0.0, 0.0, 0.0, 5.687904584935358, 0.682625841272998, 0.8304043019836707, 1.4761980903811582, 1.0522278683775421, 0.639125814694301, 0.3368413550795658], [-307.37882550041917, 0.0, 0.0, 0.0, 0.0, -307.37882550041917, 0.0, 0.0, 0.0, 0.0, 3.372526692171289, 0.397107628319166, 0.4972158255197197, 0.9226150412348609, 0.6122679222446211, 0.37216177376770954, 0.49460794393042873], [-1093.8161862562147, 0.0, 0.0, 0.0, 0.0, 0.0, -1093.8161862562147, 0.0, 0.0, 0.0, 12.00520179599355, 1.485781511247545, 1.70870799658791, 2.896049305656505, 2.195307872425243, 1.4757582164206131, 0.6774885026827061], [-1351.9789185487377, 0.0, 0.0, 0.0, 0.0, 0.0, 0.0, -1351.9789185487377, 0.0, 0.0, 14.820177007640241, 1.80778383251702, 2.204749886852952, 3.727659537244722, 2.785453624660068, 1.7645375345345515, 1.071495003351651], [-323.46758258045037, 0.0, 0.0, 0.0, 0.0, 0.0, 0.0, 0.0, -323.46758258045037, 0.0, 3.5746859315875272, 0.4069854449187794, 0.5567035707285047, 0.9172646681706403, 0.614258219253938, 0.4207517697986618, 0.27291439336055767], [-766.0000702994386, 0.0, 0.0, 0.0, 0.0, 0.0, 0.0, 0.0, 0.0, -766.0000702994386, 8.44527825459092, 0.9778251971776236, 1.1989528960734623, 2.100500360340117, 1.583876292136207, 1.0438571700945831, 0.47527316412052417], [102.76136376454313, 1.887764783052105, 12.256169508669982, 10.873831957228903, 5.687904584935358, 3.372526692171289, 12.00520179599355, 14.820177007640241, 3.5746859315875272, 8.44527825459092, -1.8088688310249514, -0.2769203951092126, -0.2706610047658009, -0.6782756653342049, -0.37609019041918884, -0.28146037168471805, 39.71840362731903], [12.380743454826993, 0.22690593557456862, 1.386992904565466, 1.2611782048492304, 0.682625841272998, 0.397107628319166, 1.485781511247545, 1.80778383251702, 0.40698544491877947, 0.9778251971776236, -0.2769203951092126, -0.2769203951092126, 0.0, 0.0, 0.0, 0.0, 4.808005913581758], [15.02466593019356, 0.3029928760179453, 1.7175732659228549, 1.6098069480627348, 0.8304043019836707, 0.4972158255197197, 1.7087079965879064, 2.204749886852952, 0.5567035707285047, 1.1989528960734623, -0.2706610047658009, 0.0, -0.2706610047658009, 0.0, 0.0, 0.0, 5.805338251020561], [26.0878821318497, 0.47271369494098164, 3.3016818233027916, 2.851057784723832, 1.4761980903811582, 0.9226150412348609, 2.896049305656504, 3.727659537244722, 0.9172646681706403, 2.1005003603401162, -0.6782756653342049, 0.0, 0.0, -0.6782756653342049, 0.0, 0.0, 10.115817623220327], [18.456755703730327, 0.34690140900179234, 2.1268159106307145, 1.9266490553544329, 1.0522278683775421, 0.6122679222446211, 2.195307872425243, 2.785453624660068, 0.6142582192539379, 1.5838762921362057, -0.37609019041918884, 0.0, 0.0, 0.0, -0.37609019041918884, 0.0, 7.046557186402588], [12.170659187617803, 0.21874140972503936, 1.3722879126189305, 1.279680047391515, 0.639125814694301, 0.37216177376770954, 1.4757582164206116, 1.764537534534551, 0.4207517697986618, 1.0438571700945831, -0.28146037168471805, 0.0, 0.0, 0.0, 0.0, -0.28146037168471805, 4.686384943802975], [12.30879355491642, 0.2227649295809664, 2.4395236564125753, 1.048656606350101, 0.3368413550794731, 0.49460794393043006, 0.6774885026832687, 1.0714950033512798, 0.2729143933605802, 0.4752731641196526, 39.71840362731868, 4.8080059135818125, 5.805338251020565, 10.115817623220273, 7.046557186402552, 4.686384943802967, -2488.836813465943]]) ; se_all=(array([0.01894127, 0.07908834, 0.03575607, 0.03717815, 0.04807127,
       0.06018132, 0.03581365, 0.03328689, 0.05882126, 0.04091372,
              nan, 1.72495416, 2.00076957, 0.54937983, 1.54211937,
       1.66703172, 0.0195545 ])) ; se_x_mu=(array([0.01894127, 0.07908834, 0.03575607, 0.03717815, 0.04807127,
       0.06018132, 0.03581365, 0.03328689, 0.05882126, 0.04091372]))"
16	Col1a1_chr11_15270	"NaNs in SEs; H=np.array([[-1161.0393803435652, -42.52685526128025, -185.0873374956318, -68.92207256156885, -61.664446014891304, -206.13724924887734, -183.77165411545582, -24.506322574150403, -62.61391643747957, 55.48699782209645, 3.2348443495346597, 6.966023970653095, 20.626331830301762, 1.798106739290628, 16.356061038631527, 1.8103823015142786], [-42.52685526128025, -42.52685526128025, 0.0, 0.0, 0.0, 0.0, 0.0, 0.0, 0.0, 2.1995162443432315, 0.11693769599608403, 0.29662924932523965, 0.9422917197406979, 0.053178102752932055, 0.5696864644191295, 0.22200020185315794], [-185.0873374956318, 0.0, -185.0873374956318, 0.0, 0.0, 0.0, 0.0, 0.0, 0.0, 8.743265945011604, 0.5204225426555389, 1.1384060445242656, 3.066988337046566, 0.2967381003651697, 2.7115716239072083, 0.5731339455694873], [-68.92207256156885, 0.0, 0.0, -68.92207256156885, 0.0, 0.0, 0.0, 0.0, 0.0, 3.394292345034322, 0.185198996631835, 0.38336734669374223, 1.2838259337918532, 0.10403477551766227, 1.051864683088357, 0.03692305373270259], [-61.664446014891304, 0.0, 0.0, 0.0, -61.664446014891304, 0.0, 0.0, 0.0, 0.0, 2.5425367091589752, 0.18494274167670727, 0.33217151175494675, 0.9620401284583529, 0.12052444440723867, 0.618657574707902, 0.17438804271023767], [-206.13724924887734, 0.0, 0.0, 0.0, 0.0, -206.13724924887734, 0.0, 0.0, 0.0, 9.637041369331477, 0.5648290540286517, 1.3807261622008178, 3.4362459263755447, 0.3091807288920418, 2.7556314408411673, 0.16344440922375064], [-183.77165411545582, 0.0, 0.0, 0.0, 0.0, 0.0, -183.77165411545582, 0.0, 0.0, 9.082534989676956, 0.477365079637539, 1.0852861791071011, 3.412067717897157, 0.28680879921542596, 2.8329132711788665, 0.12047556743537237], [-24.506322574150403, 0.0, 0.0, 0.0, 0.0, 0.0, 0.0, -24.506322574150403, 0.0, 1.2025811833328677, 0.0710036956528073, 0.12364027419220021, 0.47246447689562887, 0.03631947975424049, 0.35303396117015234, 0.006461542830604239], [-62.61391643747957, 0.0, 0.0, 0.0, 0.0, 0.0, 0.0, 0.0, -62.61391643747957, 3.016915680031404, 0.17728608175697022, 0.35499206263940186, 1.13821348139298, 0.09502104268131958, 0.8730277321383135, 0.012650539580503634], [55.48699782209645, 2.1995162443432315, 8.743265945011606, 3.394292345034322, 2.5425367091589752, 9.637041369331477, 9.082534989676954, 1.2025811833328677, 3.0169156800314076, -5.511389032242905, -0.03492540508507404, -0.2702111295075609, -3.0209423381846388, -0.12171048254954975, -1.9130637731029212, 11.362352271410963], [3.2348443495346593, 0.11693769599608403, 0.5204225426555387, 0.18519899663183492, 0.18494274167670727, 0.5648290540286517, 0.4773650796375386, 0.0710036956528073, 0.17728608175697022, -0.03492540508507404, -0.03492540508507404, 0.0, 0.0, 0.0, 0.0, 0.6716300447993471], [6.9660239706530955, 0.2966292493252396, 1.138406044524266, 0.38336734669374223, 0.33217151175494675, 1.380726162200817, 1.0852861791071011, 0.12364027419220021, 0.35499206263940186, -0.2702111295075609, 0.0, -0.2702111295075609, 0.0, 0.0, 0.0, 1.4424303780970815], [20.626331830301762, 0.9422917197406977, 3.066988337046566, 1.2838259337918532, 0.9620401284583529, 3.4362459263755447, 3.412067717897157, 0.47246447689562887, 1.13821348139298, -3.0209423381846388, 0.0, 0.0, -3.0209423381846388, 0.0, 0.0, 4.232485270808451], [1.7981067392906278, 0.053178102752932055, 0.29673810036516957, 0.10403477551766227, 0.12052444440723867, 0.3091807288920418, 0.2868087992154259, 0.03631947975424048, 0.0950210426813196, -0.12171048254954975, 0.0, 0.0, 0.0, -0.12171048254954975, 0.0, 0.3728058017758463], [16.356061038631527, 0.5696864644191295, 2.7115716239072087, 1.051864683088357, 0.618657574707902, 2.7556314408411673, 2.832913271178866, 0.35303396117015234, 0.8730277321383135, -1.9130637731029212, 0.0, 0.0, 0.0, 0.0, -1.9130637731029212, 3.318830002192449], [1.810382301515343, 0.2220002018531687, 0.573133945569468, 0.03692305373269589, 0.17438804271022534, 0.16344440922364933, 0.12047556743543897, 0.00646154283059952, 0.01265053958048279, 11.362352271410998, 0.6716300447993397, 1.442430378097093, 4.232485270808496, 0.372805801775848, 3.3188300021924277, -169.30194641654816]]) ; se_all=(array([       nan, 0.16308241, 0.09205335, 0.13258623, 0.13884666,
       0.08902418, 0.09226018, 0.20947012, 0.13798837,        nan,
       4.56225032, 2.93181508,        nan, 3.18658048, 0.38777708,
              nan])) ; se_x_mu=(array([       nan, 0.16308241, 0.09205335, 0.13258623, 0.13884666,
       0.08902418, 0.09226018, 0.20947012, 0.13798837]))"
17	Col5a1_chr2_2575	ok
18	Foxa2_chr2_13841	ok
19	Igfbp4_chr11_16740	ok
20	Lamb1_chr12_2239	"NaNs in SEs; H=np.array([[-1229.7464747313154, -49.37450633695636, -68.01359385056129, -487.04466243286885, -210.41946191065355, -18.5586437192686, -30.46240902031356, -33.387949433307604, -92.71858597492638, 117.59465126430821, 24.5759964414543, 31.381059687436235, 3.940784086444394, 25.11124513806185, 23.892363733128114, 3.0772124587379652], [-49.37450633695636, -49.37450633695636, 0.0, 0.0, 0.0, 0.0, 0.0, 0.0, 0.0, 4.661212050654468, 0.9457364654760072, 1.283319403239276, 0.17920684498885758, 0.9974517186088042, 0.9362638811450752, 0.10887449236938773], [-68.01359385056129, 0.0, -68.01359385056129, 0.0, 0.0, 0.0, 0.0, 0.0, 0.0, 6.574390097201498, 1.3281278339771116, 1.7927386520580886, 0.2124943462651839, 1.3854389576330897, 1.3718377068364231, 0.013685841760384312], [-487.04466243286885, 0.0, 0.0, -487.04466243286885, 0.0, 0.0, 0.0, 0.0, 0.0, 46.25666071166776, 9.769317395523707, 12.476038241473672, 1.549514999201494, 9.465729273664357, 9.531053114543901, 2.466897619400368], [-210.41946191065355, 0.0, 0.0, 0.0, -210.41946191065355, 0.0, 0.0, 0.0, 0.0, 20.04399899103978, 4.281209064732716, 5.05641420627029, 0.6698109118816513, 4.364550855462802, 4.153093027175965, 0.37346171077278445], [-18.5586437192686, 0.0, 0.0, 0.0, 0.0, -18.5586437192686, 0.0, 0.0, 0.0, 1.829043329213866, 0.38034458278340055, 0.55202901886575, 0.058981782495024684, 0.3548583285548742, 0.35961202584348884, 0.0030654894252005738], [-30.46240902031356, 0.0, 0.0, 0.0, 0.0, 0.0, -30.46240902031356, 0.0, 0.0, 2.930004186826199, 0.6344214152398615, 0.7831206391433221, 0.09813095885505543, 0.6029406599701073, 0.5969061926114747, 0.0006359408796741088], [-33.387949433307604, 0.0, 0.0, 0.0, 0.0, 0.0, 0.0, -33.387949433307604, 0.0, 3.194928460595187, 0.7017793265427658, 0.8416125730378137, 0.11041677044135519, 0.7052079247236509, 0.6020625379229978, 0.0007314879436548337], [-92.71858597492638, 0.0, 0.0, 0.0, 0.0, 0.0, 0.0, 0.0, -92.71858597492638, 8.981386696661419, 1.900632805781489, 2.4911133021727414, 0.2921365142713492, 1.870000096490166, 1.77601917900173, 0.015746954399466148], [117.59465126430823, 4.661212050654472, 6.574390097201498, 46.256660711667756, 20.043998991039786, 1.8290433292138653, 2.930004186826199, 3.194928460595187, 8.981386696661417, -18.58628946711609, -3.870892342707897, -6.4249167264021345, 0.029306591519720815, -3.918584535279193, -3.593808807818016, 19.75673203690502], [24.575996441454297, 0.9457364654760078, 1.3281278339771116, 9.769317395523704, 4.281209064732716, 0.38034458278340055, 0.6344214152398615, 0.7017793265427658, 1.9006328057814879, -3.870892342707897, -3.870892342707897, 0.0, 0.0, 0.0, 0.0, 4.155119768577707], [31.381059687436235, 1.283319403239277, 1.792738652058088, 12.476038241473672, 5.056414206270293, 0.55202901886575, 0.7831206391433221, 0.8416125730378137, 2.4911133021727414, -6.4249167264021345, 0.0, -6.4249167264021345, 0.0, 0.0, 0.0, 5.275716806976011], [3.940784086444394, 0.17920684498885758, 0.2124943462651839, 1.549514999201494, 0.6698109118816513, 0.058981782495024684, 0.09813095885505543, 0.11041677044135519, 0.2921365142713492, 0.029306591519720815, 0.0, 0.0, 0.029306591519720815, 0.0, 0.0, 0.66470220784151], [25.111245138061854, 0.9974517186088047, 1.3854389576330897, 9.465729273664357, 4.364550855462802, 0.3548583285548743, 0.6029406599701073, 0.7052079247236509, 1.8700000964901657, -3.918584535279193, 0.0, 0.0, 0.0, -3.918584535279193, 0.0, 4.1343892164735925], [23.892363733128114, 0.9362638811450752, 1.3718377068364231, 9.531053114543901, 4.153093027175965, 0.35961202584348884, 0.5969061926114747, 0.6020625379229978, 1.77601917900173, -3.593808807818016, 0.0, 0.0, 0.0, 0.0, -3.593808807818016, 4.054300516511394], [3.077212458738124, 0.10887449236938052, 0.013685841760379791, 2.466897619400232, 0.37346171077273205, 0.0030654894252002407, 0.0006359408796912103, 0.0007314879436777222, 0.015746954399465718, 19.756732036901894, 4.155119768577634, 5.275716806974742, 0.6647022078414437, 4.134389216472499, 4.054300516510665, -142.58795731782448]]) ; se_all=(array([0.06587003, 0.15628989, 0.13738683, 0.07890789, 0.09446994,
       0.2409568 , 0.19235503, 0.18472469, 0.12230262, 1.17716887,
       1.23358834, 1.1993116 ,        nan, 1.2322469 , 1.24030445,
       0.08573545])) ; se_x_mu=(array([0.06587003, 0.15628989, 0.13738683, 0.07890789, 0.09446994,
       0.2409568 , 0.19235503, 0.18472469, 0.12230262]))"
21	Sparc_chr11_7230	"NaNs in SEs; H=np.array([[-3312.353563341178, -26.658330430979646, -384.87790273271884, -537.5384733449312, -278.29768863803235, -93.50180335046493, -332.812147367187, -476.73542612235514, -87.66623749922191, -248.67481173454334, 35.14639363964683, 7.4052696363571835, 5.132872118402013, 4.941714767793499, 6.594865581612389, 4.977351048752622, 6.625150139972361], [-26.658330430979646, -26.658330430979646, 0.0, 0.0, 0.0, 0.0, 0.0, 0.0, 0.0, 0.0, 0.280644975433833, 0.05846681315956512, 0.03945918994591439, 0.041364870477717856, 0.04646271092323692, 0.04771647242013942, 0.017827259595740635], [-384.87790273271884, 0.0, -384.87790273271884, 0.0, 0.0, 0.0, 0.0, 0.0, 0.0, 0.0, 4.113281934128949, 0.9090149148178027, 0.5490264832138692, 0.5947443653360003, 0.73098750971562, 0.6453225509823097, 1.2150492277876095], [-537.5384733449312, 0.0, 0.0, -537.5384733449312, 0.0, 0.0, 0.0, 0.0, 0.0, 0.0, 5.660608888865486, 1.198693407588025, 0.8841903046904229, 0.771459763977971, 1.0052939764570366, 0.8210601964175857, 1.8006915322426635], [-278.29768863803235, 0.0, 0.0, 0.0, -278.29768863803235, 0.0, 0.0, 0.0, 0.0, 0.0, 2.97724527072715, 0.5914218141996461, 0.41437902977011876, 0.4044860758358742, 0.5940306529501849, 0.39411485194163054, 0.5573124016821344], [-93.50180335046493, 0.0, 0.0, 0.0, 0.0, -93.50180335046493, 0.0, 0.0, 0.0, 0.0, 0.99050140833823, 0.2127547367415195, 0.16982696247631612, 0.11299835491703011, 0.17072486058999725, 0.132812755581774, 0.1719715444028606], [-332.812147367187, 0.0, 0.0, 0.0, 0.0, 0.0, -332.812147367187, 0.0, 0.0, 0.0, 3.558956383556854, 0.7794071962876145, 0.47471462791866376, 0.5343146427166975, 0.7041327957186646, 0.49436464238914174, 0.2708473926273083], [-476.73542612235514, 0.0, 0.0, 0.0, 0.0, 0.0, 0.0, -476.73542612235514, 0.0, 0.0, 5.067689622243028, 1.043223099701517, 0.7338602451847822, 0.7370711339778749, 0.9896895946424447, 0.6818437634565749, 0.5866148301491462], [-87.66623749922191, 0.0, 0.0, 0.0, 0.0, 0.0, 0.0, 0.0, -87.66623749922191, 0.0, 0.9319307706558617, 0.21410824387324207, 0.11505586678857947, 0.14774726205226366, 0.16918131009211404, 0.12582339249489788, 0.08466381754748947], [-248.67481173454334, 0.0, 0.0, 0.0, 0.0, 0.0, 0.0, 0.0, 0.0, -248.67481173454334, 2.631353227965115, 0.5236732729112558, 0.3671815467874891, 0.35899265974020306, 0.509372781942893, 0.38582027109396155, 0.22506464293376738], [35.14639363964683, 0.2806449754338331, 4.113281934128948, 5.660608888865486, 2.97724527072715, 0.99050140833823, 3.558956383556854, 5.06768962224303, 0.9319307706558619, 2.631353227965115, -0.6805037061909708, -0.16060375980307615, -0.1104478777630784, -0.10429006074861048, -0.14458850667138615, -0.1121744517309757, 15.69089629184827], [7.4052696363571835, 0.05846681315956512, 0.9090149148178025, 1.198693407588025, 0.5914218141996461, 0.21275473674151968, 0.7794071962876142, 1.0432230997015177, 0.21410824387324207, 0.5236732729112558, -0.16060375980307615, -0.16060375980307615, 0.0, 0.0, 0.0, 0.0, 3.316558038155199], [5.132872118402013, 0.03945918994591438, 0.5490264832138693, 0.8841903046904229, 0.41437902977011887, 0.16982696247631612, 0.47471462791866387, 0.7338602451847824, 0.11505586678857947, 0.3671815467874891, -0.1104478777630784, 0.0, -0.1104478777630784, 0.0, 0.0, 0.0, 2.3266783854804656], [4.941714767793499, 0.04136487047771787, 0.5947443653360003, 0.7714597639779711, 0.4044860758358745, 0.11299835491703009, 0.5343146427166976, 0.737071133977875, 0.14774726205226374, 0.35899265974020306, -0.10429006074861048, 0.0, 0.0, -0.10429006074861048, 0.0, 0.0, 2.187890596699783], [6.594865581612389, 0.046462710923236915, 0.7309875097156199, 1.0052939764570366, 0.5940306529501849, 0.17072486058999725, 0.7041327957186646, 0.989689594642445, 0.16918131009211404, 0.509372781942893, -0.14458850667138615, 0.0, 0.0, 0.0, -0.14458850667138615, 0.0, 2.903242954683082], [4.977351048752622, 0.047716472420139426, 0.6453225509823097, 0.8210601964175858, 0.3941148519416302, 0.132812755581774, 0.49436464238914174, 0.6818437634565752, 0.12582339249489788, 0.38582027109396155, -0.1121744517309757, 0.0, 0.0, 0.0, 0.0, -0.1121744517309757, 2.2445381322578815], [6.625150139970033, 0.017827259595738706, 1.215049227787644, 1.8006915322427168, 0.5573124016821147, 0.17197154440285534, 0.2708473926274304, 0.5866148301490315, 0.08466381754748326, 0.2250646429337977, 15.690896291848134, 3.316558038155211, 2.326678385480461, 2.1878905966997735, 2.9032429546830905, 2.2445381322578815, -999.1914031452643]]) ; se_all=(array([       nan, 0.19671225, 0.06149453, 0.05516371, 0.06907   ,
       0.10897695, 0.06471646, 0.0572719 , 0.11220999, 0.07213515,
              nan,        nan,        nan,        nan,        nan,
              nan,        nan])) ; se_x_mu=(array([       nan, 0.19671225, 0.06149453, 0.05516371, 0.06907   ,
       0.10897695, 0.06471646, 0.0572719 , 0.11220999, 0.07213515]))"
22	Sox17_chr1_58	ok
23	Txndc12_chr4_7978	ok
24	Igfbp4_chr11_16710	"NaNs in SEs; H=np.array([[-4576.149983617729, -83.29865149566561, -624.8715436214886, -506.9483471989938, -275.3046624694805, -138.20960626827406, -626.5996331734817, -684.5084409998012, -76.9186317632723, -241.8645735830985, 176.3109933215116, 31.01634525130183, 42.18777268022527, 44.01752744974919, 32.84354029348653, 10.25358842490056, 7.54144218032338], [-83.29865149566561, -83.29865149566561, 0.0, 0.0, 0.0, 0.0, 0.0, 0.0, 0.0, 0.0, 3.1982702414671444, 0.5880137101467695, 0.7055454852594591, 0.8334229314491491, 0.569623054809922, 0.1914422069408788, 0.09225227872122543], [-624.8715436214886, 0.0, -624.8715436214886, 0.0, 0.0, 0.0, 0.0, 0.0, 0.0, 0.0, 23.98014345159933, 4.408050334736426, 6.149833333383434, 5.684663304069348, 4.308506935423126, 1.4189507628347346, 2.326136531808096], [-506.9483471989938, 0.0, 0.0, -506.9483471989938, 0.0, 0.0, 0.0, 0.0, 0.0, 0.0, 19.665936449973067, 3.36381103448352, 4.925818367360217, 4.861337845016476, 3.7207801252385777, 1.1003730515096852, 0.41829700570313855], [-275.3046624694805, 0.0, 0.0, 0.0, -275.3046624694805, 0.0, 0.0, 0.0, 0.0, 0.0, 10.792867432088014, 1.9201894803139965, 2.5782657595726426, 2.791996662564044, 1.9991553329083818, 0.5641989407497019, 0.09879762334445787], [-138.20960626827406, 0.0, 0.0, 0.0, 0.0, -138.20960626827406, 0.0, 0.0, 0.0, 0.0, 5.246086402769621, 0.9452004230036609, 1.1383433202162878, 1.3542047231391625, 1.0022271200080415, 0.2923166298149819, 0.17695139882605015], [-626.5996331734817, 0.0, 0.0, 0.0, 0.0, 0.0, -626.5996331734817, 0.0, 0.0, 0.0, 24.085558421873017, 4.183165834464586, 5.720619271042611, 5.933466590261138, 4.578400363875284, 1.4537589407382239, 0.2295717487051036], [-684.5084409998012, 0.0, 0.0, 0.0, 0.0, 0.0, 0.0, -684.5084409998012, 0.0, 0.0, 26.356059282279492, 4.7126388383514275, 6.3051606783682885, 6.633215610810209, 4.701462642919171, 1.5528563162181888, 0.3024000740226506], [-76.9186317632723, 0.0, 0.0, 0.0, 0.0, 0.0, 0.0, 0.0, -76.9186317632723, 0.0, 2.9053522272925236, 0.5335091893936779, 0.6926003088610319, 0.7217645819618717, 0.4766500505121093, 0.17915981347556495, 0.0012270995904978405], [-241.8645735830985, 0.0, 0.0, 0.0, 0.0, 0.0, 0.0, 0.0, 0.0, -241.8645735830985, 9.274298591460662, 1.6487269962970725, 2.2095369636795446, 2.3359578328948953, 1.6259165443643935, 0.5188106989882509, 0.007018945650568445], [176.3109933215116, 3.198270241467145, 23.98014345159933, 19.665936449973067, 10.792867432088014, 5.2460864027696195, 24.085558421873017, 26.356059282279492, 2.9053522272925236, 9.274298591460662, -11.424296571220227, -1.7697346501330307, -3.3386144075139725, -3.2014760370354987, -1.9934249433947322, -0.06037242718345639, 52.39910101279672], [31.01634525130183, 0.5880137101467694, 4.408050334736428, 3.36381103448352, 1.9201894803139965, 0.9452004230036609, 4.183165834464586, 4.7126388383514275, 0.5335091893936779, 1.6487269962970725, -1.7697346501330307, -1.7697346501330307, 0.0, 0.0, 0.0, 0.0, 9.223762817373595], [42.18777268022527, 0.7055454852594594, 6.1498333333834365, 4.925818367360217, 2.5782657595726426, 1.138343320216288, 5.720619271042611, 6.3051606783682885, 0.692600308861032, 2.2095369636795446, -3.3386144075139725, 0.0, -3.3386144075139725, 0.0, 0.0, 0.0, 12.577036932509417], [44.01752744974919, 0.8334229314491493, 5.684663304069348, 4.861337845016476, 2.7919966625640416, 1.3542047231391618, 5.933466590261138, 6.6332156108102005, 0.7217645819618717, 2.3359578328948953, -3.2014760370354987, 0.0, 0.0, -3.2014760370354987, 0.0, 0.0, 13.027478502858997], [32.84354029348653, 0.569623054809922, 4.308506935423126, 3.7207801252385777, 1.9991553329083804, 1.0022271200080415, 4.578400363875284, 4.701462642919171, 0.4766500505121092, 1.6259165443643937, -1.9934249433947322, 0.0, 0.0, 0.0, -1.9934249433947322, 0.0, 9.82175755634546], [10.25358842490056, 0.1914422069408788, 1.4189507628347346, 1.1003730515096852, 0.5641989407497019, 0.2923166298149819, 1.4537589407382239, 1.5528563162181885, 0.17915981347556495, 0.5188106989882509, -0.06037242718345639, 0.0, 0.0, 0.0, 0.0, -0.06037242718345639, 3.0600314211486292], [7.541442180323784, 0.0922522787212352, 2.326136531807988, 0.41829700570311434, 0.09879762334440345, 0.17695139882604605, 0.22957174870517072, 0.3024000740226924, 0.0012270995904914983, 0.007018945650396624, 52.399101012796336, 9.223762817373483, 12.577036932509074, 13.027478502859026, 9.821757556345318, 3.0600314211486364, -934.938653210007]]) ; se_all=(array([0.0111456 , 0.11297966, 0.04858006, 0.0522656 , 0.06626868,
       0.08940886, 0.04852789, 0.04711794, 0.11730662, 0.06995387,
       0.85040485, 1.22551165, 1.11227814, 1.1196587 , 1.20105855,
              nan,        nan])) ; se_x_mu=(array([0.0111456 , 0.11297966, 0.04858006, 0.0522656 , 0.06626868,
       0.08940886, 0.04852789, 0.04711794, 0.11730662, 0.06995387]))"
25	Sparc_chr11_7203	"NaNs in SEs; H=np.array([[-2015.0074320896667, -38.84540090579439, -144.5496931328751, -303.0171945806999, -117.15266592952652, -29.573201144034705, -295.387781150395, -205.02990495098948, -116.32019477732051, 80.03919334621308, 9.049105895002079, 13.972422136464791, 15.692563506418061, 28.690492208605214, 3.0277687319827624, 4.175462044834225], [-38.84540090579439, -38.84540090579439, 0.0, 0.0, 0.0, 0.0, 0.0, 0.0, 0.0, 1.6244031058820978, 0.15800978336053567, 0.22812683784182367, 0.3779973215197152, 0.6029977110576018, 0.04161304360281419, 0.048386215972005514], [-144.5496931328751, 0.0, -144.5496931328751, 0.0, 0.0, 0.0, 0.0, 0.0, 0.0, 5.5162902348064025, 0.6909524459218424, 1.0012831604498749, 1.1321373797452565, 1.7555108154668784, 0.22336883882706918, 0.06388375956542802], [-303.0171945806999, 0.0, 0.0, -303.0171945806999, 0.0, 0.0, 0.0, 0.0, 0.0, 12.169653097693823, 1.216818063569905, 2.187593739889804, 2.518180216378279, 4.368674404487583, 0.45743832513703314, 0.4182196406449669], [-117.15266592952652, 0.0, 0.0, 0.0, -117.15266592952652, 0.0, 0.0, 0.0, 0.0, 4.610577197747236, 0.513287911303011, 0.8322925792104328, 0.9558039772986058, 1.5660396394392249, 0.1756125607966758, 0.022837135320068647], [-29.573201144034705, 0.0, 0.0, 0.0, 0.0, -29.573201144034705, 0.0, 0.0, 0.0, 1.1718104557261793, 0.13622494229692855, 0.21373702047108745, 0.2090066326336062, 0.45253577780779286, 0.053430260165426846, 0.003103679650322117], [-295.387781150395, 0.0, 0.0, 0.0, 0.0, 0.0, -295.387781150395, 0.0, 0.0, 11.504711344690845, 1.3112918686537811, 2.035337097400118, 2.2906622458630945, 3.9853060720834326, 0.487960520075165, 0.09690911491019916], [-205.02990495098948, 0.0, 0.0, 0.0, 0.0, 0.0, 0.0, -205.02990495098948, 0.0, 8.2555414183548, 0.9270787762749473, 1.420389288777013, 1.5859649010416446, 3.084022338967829, 0.3110788968065851, 0.016045483439874192], [-116.32019477732051, 0.0, 0.0, 0.0, 0.0, 0.0, 0.0, 0.0, -116.32019477732051, 4.600077105773695, 0.5542877061396088, 0.8542563788647829, 0.9246748838292449, 1.5833497421408858, 0.17373426441010262, 0.0018305669335552943], [80.03919334621308, 1.6244031058820978, 5.5162902348064025, 12.169653097693823, 4.610577197747236, 1.171810455726179, 11.504711344690847, 8.2555414183548, 4.600077105773695, -6.022842745416187, -0.2691415000208419, -0.8589974564205449, -1.0389929233969077, -3.5319088732782262, -0.09956746012564383, 23.991113862318876], [9.049105895002079, 0.15800978336053567, 0.6909524459218421, 1.2168180635699057, 0.513287911303011, 0.13622494229692855, 1.3112918686537811, 0.9270787762749473, 0.5542877061396089, -0.2691415000208419, -0.2691415000208419, 0.0, 0.0, 0.0, 0.0, 2.7184536329977718], [13.972422136464791, 0.22812683784182367, 1.0012831604498749, 2.187593739889804, 0.8322925792104328, 0.21373702047108745, 2.0353370974001175, 1.4203892887770126, 0.8542563788647829, -0.8589974564205449, 0.0, -0.8589974564205449, 0.0, 0.0, 0.0, 4.136287753047923], [15.692563506418061, 0.3779973215197152, 1.1321373797452565, 2.51818021637828, 0.9558039772986058, 0.2090066326336062, 2.2906622458630945, 1.5859649010416446, 0.9246748838292451, -1.0389929233969077, 0.0, 0.0, -1.0389929233969077, 0.0, 0.0, 4.619594651224782], [28.690492208605214, 0.6029977110576018, 1.7555108154668784, 4.368674404487583, 1.5660396394392249, 0.4525357778077929, 3.9853060720834326, 3.084022338967829, 1.5833497421408858, -3.5319088732782262, 0.0, 0.0, 0.0, -3.5319088732782262, 0.0, 8.715846637580155], [3.0277687319827624, 0.04161304360281419, 0.22336883882706918, 0.45743832513703314, 0.1756125607966758, 0.05343026016542684, 0.487960520075165, 0.3110788968065851, 0.17373426441010262, -0.09956746012564383, 0.0, 0.0, 0.0, 0.0, -0.09956746012564383, 0.8855520202753189], [4.175462044835065, 0.04838621597199766, 0.06388375956543024, 0.41821964064484884, 0.022837135320102675, 0.0031036796503218222, 0.09690911491021126, 0.016045483439908637, 0.0018305669335123564, 23.99111386231891, 2.7184536329977504, 4.136287753047938, 4.61959465122473, 8.715846637580157, 0.8855520202753286, -396.46455834459084]]) ; se_all=(array([       nan, 0.16449182, 0.09070166, 0.06788355, 0.09921493,
       0.18739085, 0.06849461, 0.07863678, 0.09952241,        nan,
       2.73704909,        nan,        nan,        nan, 3.63542737,
              nan])) ; se_x_mu=(array([       nan, 0.16449182, 0.09070166, 0.06788355, 0.09921493,
       0.18739085, 0.06849461, 0.07863678, 0.09952241]))"
26	pgk1P	ok
27	Foxa2_chr2_13840	ok
28	Map1b_chr13_9429	"NaNs in SEs; H=np.array([[-2646.800159347975, -20.551199135233027, -248.84628321930236, -147.9426229931023, -88.12595282482235, -180.02285029722088, -916.7592381840093, -64.56806714070342, -52.076279607442935, 157.37931244867985, 7.677964106702277, 30.413905049235996, 15.331656449918155, 53.141518345600005, 35.67648070250846, 5.058951993678645], [-20.551199135233027, -20.551199135233027, 0.0, 0.0, 0.0, 0.0, 0.0, 0.0, 0.0, 1.2080798192103, 0.06517353741882956, 0.22104734547386942, 0.09593279109034565, 0.40056280063405425, 0.2899918770560344, 0.0008983814350854782], [-248.84628321930236, 0.0, -248.84628321930236, 0.0, 0.0, 0.0, 0.0, 0.0, 0.0, 14.640117466266464, 0.703395672234172, 2.773706579820795, 1.58634422208281, 4.6632859819527726, 3.5121206617808594, 0.17245852435138273], [-147.9426229931023, 0.0, 0.0, -147.9426229931023, 0.0, 0.0, 0.0, 0.0, 0.0, 9.018957325895782, 0.4209928573034473, 1.732633731132357, 0.8390731929844691, 3.0328081255329997, 2.1840062980290935, 0.008692467221038315], [-88.12595282482235, 0.0, 0.0, 0.0, -88.12595282482235, 0.0, 0.0, 0.0, 0.0, 5.334470190385858, 0.26512772738637674, 1.0497349708592476, 0.48165374374617864, 1.8964907487677025, 1.152309769498955, 0.001557677412653724], [-180.02285029722088, 0.0, 0.0, 0.0, 0.0, -180.02285029722088, 0.0, 0.0, 0.0, 10.771585740219125, 0.5136786123492865, 2.078778885583178, 1.064105144767653, 3.5825486216963975, 2.518676276892603, 0.0015358706931683408], [-916.7592381840093, 0.0, 0.0, 0.0, 0.0, 0.0, -916.7592381840093, 0.0, 0.0, 54.228575689627306, 2.6329140451830297, 10.60621351764952, 5.318212465610926, 18.363205732242793, 11.9930209238097, 2.5729598836933802], [-64.56806714070342, 0.0, 0.0, 0.0, 0.0, 0.0, 0.0, -64.56806714070342, 0.0, 3.9993926436673566, 0.18221909444143566, 0.7691915714081163, 0.34283387846242286, 1.3712278853446362, 0.9895924535420253, 0.008274245305809377], [-52.076279607442935, 0.0, 0.0, 0.0, 0.0, 0.0, 0.0, 0.0, -52.076279607442935, 3.1035358877702564, 0.15354347361889475, 0.5887832644834102, 0.30764378780475676, 1.0865092812535724, 0.666045740349874, -0.001031071676037], [157.37931244867985, 1.2080798192103002, 14.640117466266469, 9.018957325895782, 5.334470190385858, 10.771585740219125, 54.228575689627306, 3.999392643667356, 3.1035358877702564, -17.808531313487308, -0.024607188731865903, -2.825777938186394, -0.4193893602751118, -9.136837137133735, -3.9934749432793444, 35.49420658930829], [7.6779641067022775, 0.06517353741882956, 0.7033956722341722, 0.4209928573034473, 0.26512772738637674, 0.5136786123492867, 2.6329140451830297, 0.18221909444143566, 0.15354347361889475, -0.024607188731865903, -0.024607188731865903, 0.0, 0.0, 0.0, 0.0, 1.738713060390961], [30.413905049235996, 0.22104734547386934, 2.773706579820795, 1.732633731132357, 1.0497349708592476, 2.078778885583178, 10.60621351764952, 0.7691915714081163, 0.5887832644834106, -2.825777938186394, 0.0, -2.825777938186394, 0.0, 0.0, 0.0, 6.875065166045357], [15.331656449918155, 0.09593279109034565, 1.58634422208281, 0.8390731929844694, 0.48165374374617864, 1.0641051447676533, 5.318212465610926, 0.3428338784624228, 0.30764378780475676, -0.4193893602751118, 0.0, 0.0, -0.4193893602751118, 0.0, 0.0, 3.466048548207018], [53.141518345600005, 0.40056280063405447, 4.6632859819527726, 3.032808125533001, 1.8964907487677025, 3.5825486216963975, 18.363205732242793, 1.3712278853446362, 1.0865092812535724, -9.136837137133735, 0.0, 0.0, 0.0, -9.136837137133735, 0.0, 12.001618068510833], [35.67648070250846, 0.2899918770560344, 3.5121206617808602, 2.1840062980290935, 1.152309769498955, 2.518676276892603, 11.9930209238097, 0.9895924535420251, 0.666045740349874, -3.9934749432793444, 0.0, 0.0, 0.0, 0.0, -3.9934749432793444, 7.968672484322733], [5.058951993677951, 0.000898381435089024, 0.1724585243514234, 0.00869246722105732, 0.001557677412641123, 0.0015358706931261068, 2.5729598836930982, 0.008274245305800676, -0.001031071676058648, 35.49420658930808, 1.7387130603909426, 6.87506516604526, 3.4660485482070555, 12.00161806851031, 7.968672484322894, -400.376221382081]]) ; se_all=(array([0.02281891, 0.22302813, 0.07140124, 0.08853199, 0.11147011,
       0.08144299, 0.0465679 , 0.12871326, 0.14240972, 0.80929767,
              nan, 1.03147306, 1.66719901, 0.89880284, 0.97922968,
       0.03550752])) ; se_x_mu=(array([0.02281891, 0.22302813, 0.07140124, 0.08853199, 0.11147011,
       0.08144299, 0.0465679 , 0.12871326, 0.14240972]))"
29	Map1b_chr13_9445	"NaNs in SEs; H=np.array([[-895.6588260267742, -11.706440466867763, -85.26993184400487, -119.30418683067553, -52.22545238552289, -13.911950775670501, -92.58241894374092, -130.69416840517914, -98.97912467989985, -18.61164773319529, 14.988999764590094, 1.4540903434027157, 1.3454047443384567, 1.4348346388664006, 4.440481222058793, 3.9255259448246766, -0.008909806744754896], [-11.706440466867763, -11.706440466867763, 0.0, 0.0, 0.0, 0.0, 0.0, 0.0, 0.0, 0.0, 0.20060365768213706, 0.015529545873746674, 0.01622219494741521, 0.019819468126722365, 0.064280746855307, 0.04895397412701235, -0.0005834150391044735], [-85.26993184400487, 0.0, -85.26993184400487, 0.0, 0.0, 0.0, 0.0, 0.0, 0.0, 0.0, 1.4358657529606922, 0.1256764935132601, 0.13122678389714224, 0.13443134445857896, 0.38292797509174015, 0.42882731827154935, -0.005302380386891931], [-119.30418683067553, 0.0, 0.0, -119.30418683067553, 0.0, 0.0, 0.0, 0.0, 0.0, 0.0, 2.021104392103722, 0.1879141960853047, 0.17263802631668718, 0.19146695349618967, 0.6277356632428018, 0.528330623628151, -0.007362253674819061], [-52.22545238552289, 0.0, 0.0, 0.0, -52.22545238552289, 0.0, 0.0, 0.0, 0.0, 0.0, 0.8749601538473036, 0.08757819488898144, 0.0812089477610605, 0.0780934052967143, 0.27184166660813003, 0.21754906295771945, -0.0029552678351046635], [-13.911950775670501, 0.0, 0.0, 0.0, 0.0, -13.911950775670501, 0.0, 0.0, 0.0, 0.0, 0.2285862590866995, 0.022044443316821143, 0.023716914933954215, 0.020613714218029995, 0.06397783352839582, 0.05913507150534445, -0.0006139100026741149], [-92.58241894374092, 0.0, 0.0, 0.0, 0.0, 0.0, -92.58241894374092, 0.0, 0.0, 0.0, 1.5519151197784293, 0.15816885912590586, 0.13533145428490395, 0.1493429634378456, 0.46332984958855766, 0.4121877244313369, -0.004492331451396648], [-130.69416840517914, 0.0, 0.0, 0.0, 0.0, 0.0, 0.0, -130.69416840517914, 0.0, 0.0, 2.1945905466693345, 0.20184000621428969, 0.19397006066723313, 0.22070852759037918, 0.6528971476866969, 0.5818989176292619, -0.007497048356650909], [-98.97912467989985, 0.0, 0.0, 0.0, 0.0, 0.0, 0.0, 0.0, -98.97912467989985, 0.0, 1.6726747580641335, 0.17255139821189938, 0.1494409617178631, 0.1408348887386587, 0.5373421866287607, 0.41081339962475694, 0.008978591243379741], [-18.61164773319529, 0.0, 0.0, 0.0, 0.0, 0.0, 0.0, 0.0, 0.0, -18.61164773319529, 0.3116488822992324, 0.028972344624221207, 0.028572401281643248, 0.030146420850878777, 0.08919036600928003, 0.08550323918865564, -0.00030028484962464554], [14.988999764590092, 0.20060365768213714, 1.4358657529606922, 2.021104392103722, 0.8749601538473036, 0.2285862590866995, 1.5519151197784293, 2.194590546669337, 1.6726747580641335, 0.3116488822992324, -0.07002880555880166, -0.036437425224691476, -0.11983126166951659, -0.03409671027916305, 0.16605085783015117, -0.08561469178827859, 1.3749680526388217], [1.4540903434027153, 0.015529545873746678, 0.1256764935132601, 0.18791419608530469, 0.08757819488898144, 0.022044443316821143, 0.15816885912590586, 0.20184000621428969, 0.17255139821189935, 0.02897234462422121, -0.036437425224691476, -0.036437425224691476, 0.0, 0.0, 0.0, 0.0, 0.13542092377805312], [1.3454047443384594, 0.01622219494741521, 0.13122678389714224, 0.17263802631668718, 0.08120894776106051, 0.023716914933954215, 0.13533145428490395, 0.19397006066723324, 0.1494409617178631, 0.028572401281643248, -0.11983126166951659, 0.0, -0.11983126166951659, 0.0, 0.0, 0.0, 0.12364035653370142], [1.4348346388664002, 0.019819468126722365, 0.13443134445857896, 0.19146695349618967, 0.0780934052967143, 0.020613714218029995, 0.1493429634378456, 0.22070852759037918, 0.1408348887386587, 0.030146420850878777, -0.03409671027916305, 0.0, 0.0, -0.03409671027916305, 0.0, 0.0, 0.12955712531022806], [4.440481222058793, 0.06428074685530706, 0.38292797509174015, 0.6277356632428018, 0.27184166660813003, 0.06397783352839582, 0.46332984958855766, 0.652897147686697, 0.5373421866287607, 0.08919036600928003, 0.16605085783015117, 0.0, 0.0, 0.0, 0.16605085783015117, 0.0, 0.41124712832507093], [3.9255259448246766, 0.04895397412701235, 0.42882731827154935, 0.528330623628151, 0.21754906295771945, 0.05913507150534446, 0.4121877244313369, 0.5818989176292619, 0.41081339962475694, 0.08550323918865564, -0.08561469178827859, 0.0, 0.0, 0.0, 0.0, -0.08561469178827859, 0.35530136048972505], [-0.008909806744997084, -0.0005834150391058612, -0.005302380386903893, -0.007362253674839003, -0.0029552678350956985, -0.0006139100026741617, -0.004492331451406095, -0.0074970483566304535, 0.0089785912433904, -0.0003002848496245214, 1.374968052638934, 0.1354209237780548, 0.12364035653371452, 0.12955712531017483, 0.41124712832512955, 0.35530136048984673, -60.62003769447165]]) ; se_all=(array([0.06115718, 0.29848913, 0.12413114, 0.10978259, 0.15105913,
       0.27486945, 0.12030003, 0.10641089, 0.11736257, 0.23958968,
              nan, 3.96964589,        nan, 4.26661681,        nan,
       1.27007237, 0.12885588])) ; se_x_mu=(array([0.06115718, 0.29848913, 0.12413114, 0.10978259, 0.15105913,
       0.27486945, 0.12030003, 0.10641089, 0.11736257, 0.23958968]))"
30	Sparc_chr11_7235	"NaNs in SEs; H=np.array([[-7558.2208635223315, -127.11874740750086, -677.8959303150486, -868.6164101501997, -575.1386569528, -196.37446592904814, -1146.860108762591, -1280.7106543061875, -248.98722823761358, -810.7504937072198, 148.2222208774308, 34.0607473202843, 35.12299210320523, 10.470897091501316, 10.942234747332673, 37.0484756665978, 64.26535020491664], [-127.11874740750086, -127.11874740750086, 0.0, 0.0, 0.0, 0.0, 0.0, 0.0, 0.0, 0.0, 2.5050582337592537, 0.561777873522804, 0.7185277605309643, 0.1538836864718545, 0.16669154582533893, 0.6275982440852652, 1.1630596626207175], [-677.8959303150486, 0.0, -677.8959303150486, 0.0, 0.0, 0.0, 0.0, 0.0, 0.0, 0.0, 13.083871828788306, 2.729822125186761, 2.726365895695518, 0.9738791433443377, 1.0757679543817258, 3.7139560785626644, 9.211665667112433], [-868.6164101501997, 0.0, 0.0, -868.6164101501997, 0.0, 0.0, 0.0, 0.0, 0.0, 0.0, 17.051875578863047, 3.758826842827594, 4.176098307420291, 1.091287938780711, 1.3386235500423629, 4.285882754223162, 8.82954545443414], [-575.1386569528, 0.0, 0.0, 0.0, -575.1386569528, 0.0, 0.0, 0.0, 0.0, 0.0, 11.715563498496413, 2.830556257848764, 2.6148734002507488, 0.741156057111192, 0.787817481074692, 3.24493388770713, 5.251828821781047], [-196.37446592904814, 0.0, 0.0, 0.0, 0.0, -196.37446592904814, 0.0, 0.0, 0.0, 0.0, 3.4978862161794377, 0.5889690869108951, 0.9580057683536771, 0.31973189612539327, 0.260262329092368, 0.7267695157634724, 1.6129025823092031], [-1146.860108762591, 0.0, 0.0, 0.0, 0.0, 0.0, -1146.860108762591, 0.0, 0.0, 0.0, 23.16912833839111, 5.607631777545524, 5.402521858124015, 1.591413854340947, 1.5920192363880277, 6.081283349488172, 5.580218899924794], [-1280.7106543061875, 0.0, 0.0, 0.0, 0.0, 0.0, 0.0, -1280.7106543061875, 0.0, 0.0, 24.519626600017688, 5.9310580180294155, 5.610007862504775, 1.850199204289063, 1.804192360419294, 5.6481271301007885, 7.893119432711018], [-248.98722823761358, 0.0, 0.0, 0.0, 0.0, 0.0, 0.0, 0.0, -248.98722823761358, 0.0, 5.059613112541566, 1.0873567765382004, 1.2738180149811595, 0.32542977404855916, 0.34613995530014313, 1.325539891859154, 1.1061015626782544], [-810.7504937072198, 0.0, 0.0, 0.0, 0.0, 0.0, 0.0, 0.0, 0.0, -810.7504937072198, 16.207934570887748, 3.830443979909856, 4.198798453347666, 1.122685981642251, 1.1231011266247612, 3.6663305743431716, 4.270282232255887], [148.2222208774308, 2.505058233759254, 13.083871828788302, 17.051875578863047, 11.715563498496412, 3.497886216179438, 23.169128338391104, 24.519626600017688, 5.059613112541567, 16.207934570887748, -11.846758725961614, -3.295754746109438, -3.347769858163441, -0.4442986395827023, -0.41333311616894586, -3.8149426477514163, 190.04538255849278], [34.0607473202843, 0.561777873522804, 2.729822125186761, 3.7588268428275944, 2.8305562578487633, 0.5889690869108951, 5.607631777545524, 5.9310580180294155, 1.0873567765382006, 3.8304439799098557, -3.295754746109438, -3.295754746109438, 0.0, 0.0, 0.0, 0.0, 43.17180912526521], [35.12299210320523, 0.7185277605309643, 2.7263658956955177, 4.176098307420293, 2.6148734002507497, 0.9580057683536771, 5.402521858124015, 5.610007862504775, 1.2738180149811595, 4.198798453347666, -3.347769858163441, 0.0, -3.347769858163441, 0.0, 0.0, 0.0, 44.723304840921124], [10.470897091501314, 0.15388368647185455, 0.9738791433443375, 1.0912879387807113, 0.7411560571111926, 0.31973189612539327, 1.5914138543409457, 1.850199204289063, 0.3254297740485592, 1.122685981642251, -0.4442986395827023, 0.0, 0.0, -0.4442986395827023, 0.0, 0.0, 13.491417581868095], [10.942234747332673, 0.16669154582533893, 1.0757679543817258, 1.3386235500423629, 0.7878174810746923, 0.26026232909236796, 1.5920192363880277, 1.804192360419294, 0.34613995530014313, 1.1231011266247612, -0.41333311616894586, 0.0, 0.0, 0.0, -0.41333311616894586, 0.0, 14.288050139054294], [37.0484756665978, 0.6275982440852654, 3.7139560785626644, 4.285882754223162, 3.24493388770713, 0.7267695157634728, 6.081283349488172, 5.6481271301007885, 1.325539891859154, 3.6663305743431702, -3.8149426477514163, 0.0, 0.0, 0.0, 0.0, -3.8149426477514163, 47.87926621460082], [64.26535020491417, 1.1630596626207308, 9.211665667112719, 8.82954545443442, 5.251828821780967, 1.6129025823092076, 5.580218899924676, 7.893119432710829, 1.1061015626782766, 4.270282232255797, 190.04538255849246, 43.171809125265234, 44.723304840921145, 13.491417581868104, 14.288050139054288, 47.87926621460089, -5570.896142734722]]) ; se_all=(array([       nan, 0.09208557, 0.04572089, 0.04202807, 0.04851933,
       0.07555905, 0.03856493, 0.03736393, 0.06805303, 0.04299478,
              nan,        nan,        nan, 1.38656147, 1.70732374,
              nan,        nan])) ; se_x_mu=(array([       nan, 0.09208557, 0.04572089, 0.04202807, 0.04851933,
       0.07555905, 0.03856493, 0.03736393, 0.06805303, 0.04299478]))"
31	Sparc_chr11_7243	ok
32	Txndc12_chr4_7973	ok
33	Foxa2_chr2_13858	"NaNs in SEs; H=np.array([[-1466.9749731920795, -38.614855461783876, -657.837085511632, -385.2415155917007, -66.95671984868784, -35.3165269728861, 43.67761401096996, 3.700144803149521, 10.621153723616246, 18.60896483183221, 2.1672057815778913, 2.1766872555679626, 14.053162495408067], [-38.614855461783876, -38.614855461783876, 0.0, 0.0, 0.0, 0.0, 1.1716531712963019, 0.09068355442800205, 0.30096523472932357, 0.4585431898362906, 0.03909110361316876, 0.0654582350417658, 0.05626462273445046], [-657.837085511632, 0.0, -657.837085511632, 0.0, 0.0, 0.0, 19.46755412016694, 1.651621018566062, 4.575950415145597, 8.569627990543282, 0.9625052838199079, 0.966938859682581, 10.824952559344071], [-385.2415155917007, 0.0, 0.0, -385.2415155917007, 0.0, 0.0, 11.154491837019778, 1.0193110376725227, 2.717857739259392, 4.578296058989793, 0.6058458455078048, 0.5631230619349439, 3.0343051945152837], [-66.95671984868784, 0.0, 0.0, 0.0, -66.95671984868784, 0.0, 2.1003885646953386, 0.16675676697527306, 0.54079332453467, 0.9125629698312311, 0.09958917393599194, 0.09746961486332485, 0.004968682410843384], [-35.3165269728861, 0.0, 0.0, 0.0, 0.0, -35.3165269728861, 1.088510317844956, 0.08830430618749983, 0.26517704170239287, 0.4690208852092593, 0.05307172660077215, 0.05229666375115384, 0.001953255103936324], [43.67761401096993, 1.171653171296302, 19.46755412016694, 11.154491837019778, 2.1003885646953386, 1.0885103178449562, -6.310336831415786, -0.13314499239964178, -1.3489492818057827, -4.389611475837045, -0.20508276164562456, -0.16985810400459006, 41.09925682434488], [3.700144803149522, 0.09068355442800204, 1.6516210185660622, 1.0193110376725227, 0.16675676697527306, 0.08830430618749992, -0.13314499239964178, -0.13314499239964178, 0.0, 0.0, 0.0, 0.0, 3.5401052052779223], [10.621153723616246, 0.3009652347293236, 4.575950415145596, 2.7178577392593923, 0.54079332453467, 0.2651770417023928, -1.3489492818057827, 0.0, -1.3489492818057827, 0.0, 0.0, 0.0, 9.773442083863122], [18.608964831832218, 0.4585431898362906, 8.569627990543282, 4.578296058989793, 0.9125629698312311, 0.4690208852092593, -4.389611475837045, 0.0, 0.0, -4.389611475837045, 0.0, 0.0, 17.765367273708815], [2.1672057815778913, 0.03909110361316876, 0.9625052838199079, 0.6058458455078046, 0.09958917393599194, 0.05307172660077215, -0.20508276164562456, 0.0, 0.0, 0.0, -0.20508276164562456, 0.0, 2.0709613572766044], [2.1766872555679644, 0.0654582350417658, 0.9669388596825809, 0.5631230619349442, 0.09746961486332485, 0.05229666375115384, -0.16985810400459006, 0.0, 0.0, 0.0, 0.0, -0.16985810400459006, 2.050719703999634], [14.053162495405555, 0.056264622734445435, 10.8249525593442, 3.034305194515216, 0.004968682410819492, 0.0019532551039336266, 41.09925682434522, 3.5401052052779107, 9.773442083863117, 17.765367273709025, 2.070961357276606, 2.0507197039996417, -790.5937096874477]]) ; se_all=(array([0.05337129, 0.17154417, 0.07108796, 0.07829134, 0.13589784,
       0.17846274,        nan, 3.23442503,        nan,        nan,
       0.9078909 , 1.66931607,        nan])) ; se_x_mu=(array([0.05337129, 0.17154417, 0.07108796, 0.07829134, 0.13589784,
       0.17846274]))"
34	Sox17_chr1_67	"NaNs in SEs; H=np.array([[-1211.9383487868122, -19.026347693126144, -167.7195562664471, -36.914307192738576, -88.37721751549358, -145.47071655600308, -158.56051207102684, -46.22452704697483, 76.82415452405347, 19.418551469325227, 21.409792537426426, 21.917815597072984, 4.624847514677542, 2.2086969053523022, 2.273977914526758], [-19.026347693126144, -19.026347693126144, 0.0, 0.0, 0.0, 0.0, 0.0, 0.0, 1.2887840052491317, 0.3262670262662051, 0.3769643366043112, 0.3812520057792635, 0.05228404610578218, 0.03554499235422889, 0.010466036341095275], [-167.7195562664471, 0.0, -167.7195562664471, 0.0, 0.0, 0.0, 0.0, 0.0, 10.417918844465262, 2.6200597783456394, 2.745726196482405, 3.096964877557669, 0.6091255642873593, 0.3289280273835508, 0.26799994275694183], [-36.914307192738576, 0.0, 0.0, -36.914307192738576, 0.0, 0.0, 0.0, 0.0, 2.42615821470352, 0.5999002391233523, 0.7012377054331128, 0.713973437696647, 0.13415438459704984, 0.06513144369576596, 0.003069026067284935], [-88.37721751549358, 0.0, 0.0, 0.0, -88.37721751549358, 0.0, 0.0, 0.0, 5.65125741427817, 1.4161662689492531, 1.5521655080508172, 1.6662633163828777, 0.33436346574643705, 0.16396814902715523, 0.05173751904826149], [-145.47071655600308, 0.0, 0.0, 0.0, 0.0, -145.47071655600308, 0.0, 0.0, 9.485422686524595, 2.5013812439360197, 2.5649244419647323, 2.801028882157718, 0.52449627291572, 0.2732338147672067, 0.04427072275601028], [-158.56051207102684, 0.0, 0.0, 0.0, 0.0, 0.0, -158.56051207102684, 0.0, 10.338613976406618, 2.6710862482583795, 2.9529257745806623, 2.937166951622162, 0.5522833673673806, 0.29562287402408205, 0.05165012164399199], [-46.22452704697483, 0.0, 0.0, 0.0, 0.0, 0.0, 0.0, -46.22452704697483, 2.9594814074037603, 0.7981453392033759, 0.8324665554512886, 0.7869094263599883, 0.17649006423502092, 0.08037543977750052, 0.00413404250918481], [76.82415452405348, 1.2887840052491317, 10.417918844465262, 2.4261582147035194, 5.65125741427817, 9.485422686524595, 10.338613976406618, 2.9594814074037603, -9.393108611859272, -2.63601980573384, -3.1691454819314155, -2.954669700766872, -0.01436537991073971, -0.02567614580397569, 15.016797564689911], [19.418551469325237, 0.3262670262662052, 2.6200597783456394, 0.5999002391233523, 1.4161662689492531, 2.5013812439360197, 2.6710862482583795, 0.7981453392033759, -2.63601980573384, -2.63601980573384, 0.0, 0.0, 0.0, 0.0, 3.7489892142901677], [21.409792537426423, 0.37696433660431106, 2.745726196482405, 0.7012377054331128, 1.5521655080508165, 2.564924441964734, 2.9529257745806614, 0.8324665554512886, -3.1691454819314155, 0.0, -3.1691454819314155, 0.0, 0.0, 0.0, 4.197858220553143], [21.917815597072988, 0.3812520057792635, 3.0969648775576695, 0.713973437696647, 1.6662633163828777, 2.801028882157718, 2.937166951622162, 0.7869094263599883, -2.954669700766872, 0.0, 0.0, -2.954669700766872, 0.0, 0.0, 4.2437390691075025], [4.624847514677545, 0.052284046105782175, 0.6091255642873593, 0.13415438459705, 0.33436346574643705, 0.52449627291572, 0.5522833673673806, 0.17649006423502092, -0.01436537991073971, 0.0, 0.0, 0.0, -0.01436537991073971, 0.0, 0.9460721483025287], [2.2086969053523022, 0.03554499235422889, 0.32892802738355087, 0.06513144369576596, 0.16396814902715523, 0.27323381476720665, 0.29562287402408205, 0.08037543977750053, -0.02567614580397569, 0.0, 0.0, 0.0, 0.0, -0.02567614580397569, 0.4310699951879178], [2.2739779145261103, 0.010466036341096163, 0.2679999427569535, 0.0030690260672801006, 0.05173751904825341, 0.04427072275607369, 0.051650121644002844, 0.0041340425091778155, 15.016797564689625, 3.748989214290276, 4.197858220553115, 4.243739069107221, 0.9460721483024734, 0.43106999518794, -167.47176634985317]]) ; se_all=(array([0.02512026, 0.23323137, 0.08823498, 0.17004101, 0.11461784,
       0.09327648, 0.090178  , 0.15314925, 1.25319066, 1.43058686,
       1.40642747, 1.41636161,        nan, 6.04317   , 0.06001951])) ; se_x_mu=(array([0.02512026, 0.23323137, 0.08823498, 0.17004101, 0.11461784,
       0.09327648, 0.090178  , 0.15314925]))"
35	Sparc_chr11_7211	"NaNs in SEs; H=np.array([[-2929.425852980286, -64.87438359115224, -211.10630718574464, -736.2800332347713, -425.14136966455374, -80.34025253465093, -549.5639823748365, -176.3064790797313, -40.123384022613656, -126.23039618487051, 38.147985246168794, 3.3055329577411316, 10.637422562645472, 3.764676113123723, 3.9363442782434985, 10.816360205298249, 9.51111189199047], [-64.87438359115224, -64.87438359115224, 0.0, 0.0, 0.0, 0.0, 0.0, 0.0, 0.0, 0.0, 0.8166917006742241, 0.06895361675917883, 0.22390328708697393, 0.088826907991717, 0.08947936607634156, 0.1852188950891441, 0.09103621331977288], [-211.10630718574464, 0.0, -211.10630718574464, 0.0, 0.0, 0.0, 0.0, 0.0, 0.0, 0.0, 2.758631752031952, 0.24697774172894527, 0.7910762531107917, 0.2863863487697886, 0.2841557272397068, 0.751591773275844, 0.1501699570269987], [-736.2800332347713, 0.0, 0.0, -736.2800332347713, 0.0, 0.0, 0.0, 0.0, 0.0, 0.0, 9.496173598296, 0.7835931874745161, 2.6817013297173764, 0.9135004952894925, 1.0350805064641813, 2.6481661135712047, 6.733210405839887], [-425.14136966455374, 0.0, 0.0, 0.0, -425.14136966455374, 0.0, 0.0, 0.0, 0.0, 0.0, 5.5289078809813885, 0.4701384850977871, 1.5856132405273746, 0.5128109618827512, 0.5355731080107827, 1.558392954803689, 1.5065806115712264], [-80.34025253465093, 0.0, 0.0, 0.0, 0.0, -80.34025253465093, 0.0, 0.0, 0.0, 0.0, 1.0504912488721967, 0.10503529504420037, 0.3384647245548251, 0.08790505245229727, 0.0885514503163213, 0.24922493471890678, 0.08112929359006316], [-549.5639823748365, 0.0, 0.0, 0.0, 0.0, 0.0, -549.5639823748365, 0.0, 0.0, 0.0, 7.104291553915564, 0.6205660316024763, 1.9272289244742085, 0.7404418319815891, 0.769992618244524, 2.034908343523779, 0.5740487833088409], [-176.3064790797313, 0.0, 0.0, 0.0, 0.0, 0.0, 0.0, -176.3064790797313, 0.0, 0.0, 2.2949651294778564, 0.206895797711243, 0.6166392756219975, 0.24304836509065247, 0.23281679161987684, 0.6636824570877349, 0.029862709020144956], [-40.123384022613656, 0.0, 0.0, 0.0, 0.0, 0.0, 0.0, 0.0, -40.123384022613656, 0.0, 0.5280129479404916, 0.05111702310200477, 0.14410788630791593, 0.05157007984559697, 0.04947645706497695, 0.15840645961013994, 0.006472523933563276], [-126.23039618487051, 0.0, 0.0, 0.0, 0.0, 0.0, 0.0, 0.0, 0.0, -126.23039618487051, 1.6680604820671758, 0.14288370528750663, 0.42931410057297736, 0.17056731757274002, 0.15098555969384445, 0.513948965077085, 0.023507194576544446], [38.147985246168794, 0.8166917006742241, 2.758631752031952, 9.496173598296, 5.5289078809813885, 1.0504912488721967, 7.104291553915565, 2.2949651294778564, 0.5280129479404915, 1.6680604820671758, -1.42311570779987, -0.1172455866134435, -0.3734346830802656, -0.08531425989031291, -0.09022404369062317, -0.1291111428573021, 28.819409782769984], [3.3055329577411316, 0.06895361675917883, 0.24697774172894527, 0.7835931874745161, 0.4701384850977871, 0.10503529504420034, 0.6205660316024763, 0.2068957977112429, 0.05111702310200477, 0.14288370528750663, -0.1172455866134435, -0.1172455866134435, 0.0, 0.0, 0.0, 0.0, 2.4230066892711934], [10.637422562645472, 0.22390328708697393, 0.7910762531107917, 2.6817013297173764, 1.5856132405273746, 0.3384647245548251, 1.9272289244742085, 0.6166392756219975, 0.14410788630791593, 0.42931410057297736, -0.3734346830802656, 0.0, -0.3734346830802656, 0.0, 0.0, 0.0, 8.129147664739257], [3.7646761131237225, 0.088826907991717, 0.28638634876978825, 0.9135004952894925, 0.5128109618827512, 0.08790505245229721, 0.7404418319815891, 0.24304836509065247, 0.05157007984559698, 0.17056731757274002, -0.08531425989031291, 0.0, 0.0, -0.08531425989031291, 0.0, 0.0, 2.7831097473457054], [3.936344278243498, 0.08947936607634156, 0.2841557272397068, 1.0350805064641813, 0.5355731080107827, 0.08855145031632125, 0.769992618244524, 0.23281679161987684, 0.04947645706497694, 0.15098555969384445, -0.09022404369062317, 0.0, 0.0, 0.0, -0.09022404369062317, 0.0, 3.05549223349751], [10.816360205298249, 0.18521889508914408, 0.751591773275844, 2.6481661135712047, 1.558392954803689, 0.24922493471890678, 2.034908343523779, 0.6636824570877349, 0.15840645961013994, 0.513948965077085, -0.1291111428573021, 0.0, 0.0, 0.0, 0.0, -0.1291111428573021, 8.069820031694212], [9.511111891991613, 0.09103621331978046, 0.1501699570269257, 6.73321040584009, 1.5065806115710885, 0.08112929359007331, 0.5740487833089736, 0.029862709020139655, 0.006472523933561819, 0.02350719457653827, 28.819409782769895, 2.4230066892711903, 8.129147664739207, 2.7831097473456996, 3.055492233497498, 8.069820031694192, -1309.2409344688112]]) ; se_all=(array([0.03528982, 0.13164305, 0.08161793, 0.05729593, 0.06539325,
       0.11987099, 0.06118993, 0.08715898, 0.16385475, 0.09923588,
       1.17736909, 3.04362306, 1.82297872, 3.21934039, 3.09944175,
              nan,        nan])) ; se_x_mu=(array([0.03528982, 0.13164305, 0.08161793, 0.05729593, 0.06539325,
       0.11987099, 0.06118993, 0.08715898, 0.16385475, 0.09923588]))"
36	Sparc_chr11_7234	"NaNs in SEs; H=np.array([[-5032.564399941652, -85.08841206877183, -484.73591608784477, -541.0124748203903, -373.16929985571113, -128.4719031034331, -742.9398501195617, -877.7030985261091, -166.74800013600122, -537.6382515361051, 275.6274709338425, 57.40884857653137, 47.766002048861225, 59.91002627195916, 41.7639665278651, 43.61044653419736, 85.22405693361202], [-85.08841206877183, -85.08841206877183, 0.0, 0.0, 0.0, 0.0, 0.0, 0.0, 0.0, 0.0, 4.826942229888947, 1.070283467533161, 0.966609754526539, 0.7891265266554679, 0.7205332293351898, 0.8617242208536187, 1.5702422056593048], [-484.73591608784477, 0.0, -484.73591608784477, 0.0, 0.0, 0.0, 0.0, 0.0, 0.0, 0.0, 24.641495656233033, 4.692869871045895, 4.510364436910078, 4.953776983603208, 4.217667144868775, 3.772072225703946, 13.874784782784571], [-541.0124748203903, 0.0, 0.0, -541.0124748203903, 0.0, 0.0, 0.0, 0.0, 0.0, 0.0, 29.664198261433505, 5.477460033500876, 5.399799020638761, 7.424312337305302, 4.3560558656488455, 4.535640433767235, 7.6861143494663455], [-373.16929985571113, 0.0, 0.0, 0.0, -373.16929985571113, 0.0, 0.0, 0.0, 0.0, 0.0, 20.772412351943263, 4.87963671798106, 3.692940942903762, 4.236537633868895, 2.8573551118484306, 3.27873980735887, 4.423460803154031], [-128.4719031034331, 0.0, 0.0, 0.0, 0.0, -128.4719031034331, 0.0, 0.0, 0.0, 0.0, 6.822105768123567, 1.1301845767821583, 1.4485582474643919, 1.7273329446559045, 1.0023821278487386, 0.9785266524101947, 2.0544902901127933], [-742.9398501195617, 0.0, 0.0, 0.0, 0.0, 0.0, -742.9398501195617, 0.0, 0.0, 0.0, 40.86763518513543, 8.37448791148004, 6.486812187216197, 9.000008890514856, 5.8934672853606855, 7.202000991664528, 6.552158161295361], [-877.7030985261091, 0.0, 0.0, 0.0, 0.0, 0.0, 0.0, -877.7030985261091, 0.0, 0.0, 48.09628407491161, 10.412666041078095, 7.6367890074646345, 10.702776624455996, 7.288105037741853, 7.643634151391724, 12.201207100007283], [-166.74800013600122, 0.0, 0.0, 0.0, 0.0, 0.0, 0.0, 0.0, -166.74800013600122, 0.0, 9.469042605435844, 1.856531474256121, 1.6798370520011772, 2.308556228133605, 1.3233934778879846, 1.4258185602127698, 1.137379201660358], [-537.6382515361051, 0.0, 0.0, 0.0, 0.0, 0.0, 0.0, 0.0, 0.0, -537.6382515361051, 29.638712477667077, 6.437927148721678, 4.99488880350552, 6.533772315396638, 4.573999764837281, 4.534049766289956, 5.83171055652053], [275.6274709338425, 4.826942229888949, 24.641495656233033, 29.66419826143351, 20.77241235194326, 6.822105768123566, 40.86763518513543, 48.09628407491159, 9.469042605435844, 29.638712477667074, -47.99915778033784, -12.328575367595787, -8.166014664977759, -13.366325202120665, -6.019171060563652, -6.620709826602979, 296.3713561584714], [57.40884857653137, 1.070283467533161, 4.692869871045896, 5.477460033500876, 4.87963671798106, 1.1301845767821581, 8.37448791148004, 10.412666041078097, 1.8565314742561205, 6.437927148721674, -12.328575367595787, -12.328575367595787, 0.0, 0.0, 0.0, 0.0, 61.55899797965405], [47.766002048861225, 0.9666097545265395, 4.510364436910078, 5.399799020638759, 3.6929409429037614, 1.4485582474643919, 6.486812187216194, 7.6367890074646345, 1.6798370520011772, 4.99488880350552, -8.166014664977759, 0.0, -8.166014664977759, 0.0, 0.0, 0.0, 51.99450320600567], [59.91002627195912, 0.7891265266554679, 4.953776983603208, 7.424312337305302, 4.236537633868892, 1.7273329446559045, 9.000008890514856, 10.702776624455996, 2.308556228133605, 6.533772315396638, -13.366325202120665, 0.0, 0.0, -13.366325202120665, 0.0, 0.0, 63.42037724006247], [41.7639665278651, 0.7205332293351899, 4.217667144868776, 4.3560558656488455, 2.8573551118484306, 1.0023821278487386, 5.8934672853606855, 7.28810503774185, 1.3233934778879843, 4.573999764837281, -6.019171060563652, 0.0, 0.0, 0.0, -6.019171060563652, 0.0, 45.59967441406231], [43.610446534197344, 0.8617242208536191, 3.7720722257039463, 4.535640433767236, 3.27873980735887, 0.9785266524101947, 7.2020009916645265, 7.6436341513917165, 1.4258185602127698, 4.534049766289956, -6.620709826602979, 0.0, 0.0, 0.0, 0.0, -6.620709826602979, 46.518914103412676], [85.22405693361274, 1.5702422056593095, 13.874784782784573, 7.686114349466331, 4.423460803154158, 2.054490290112789, 6.552158161295305, 12.201207100007469, 1.1373792016603712, 5.831710556520687, 296.37135615847126, 61.558997979654066, 51.99450320600579, 63.42037724006252, 45.599674414062164, 46.518914103412776, -3169.59867869528]]) ; se_all=(array([       nan, 0.11254599, 0.05449843, 0.05251022, 0.05992369,
       0.09319827, 0.04751314, 0.04527545, 0.08312793, 0.05262414,
              nan,        nan,        nan,        nan,        nan,
              nan,        nan])) ; se_x_mu=(array([       nan, 0.11254599, 0.05449843, 0.05251022, 0.05992369,
       0.09319827, 0.04751314, 0.04527545, 0.08312793, 0.05262414]))"
37	Tubb2b_chr13_2568	ok
38	Txndc12_chr4_7962	ok
39	eef1aP	ok
40	reference	"NaNs in SEs; H=np.array([[-1970.6773830170675, -29.75133069043772, -251.06832983015778, -132.105318566633, -59.487056919229694, -48.744703614848035, -161.79613095182665, -95.35398523046837, -26.101143531128795, -48.01233149235475, 95.00496078989077, 3.512647716775162, 18.35225494685255, 19.903392804708602, 38.43004281884638, 3.2134268176396543, 1.1047484853413168], [-29.75133069043772, -29.75133069043772, 0.0, 0.0, 0.0, 0.0, 0.0, 0.0, 0.0, 0.0, 1.3815113606079408, 0.052543812291629785, 0.26335664930696184, 0.31418780405834523, 0.5351366240693033, 0.056817102291516826, 3.293170117266934e-05], [-251.06832983015778, 0.0, -251.06832983015778, 0.0, 0.0, 0.0, 0.0, 0.0, 0.0, 0.0, 12.112307086570047, 0.43328894474256713, 2.3767634126229127, 2.503967274696477, 4.864788915030108, 0.4090648667443196, 0.024939264418730317], [-132.105318566633, 0.0, 0.0, -132.105318566633, 0.0, 0.0, 0.0, 0.0, 0.0, 0.0, 6.221561617383511, 0.23401992877579766, 1.2346670173983492, 1.2788798369955472, 2.4481637098562468, 0.22806155246346246, -0.0032547486671637804], [-59.487056919229694, 0.0, 0.0, 0.0, -59.487056919229694, 0.0, 0.0, 0.0, 0.0, 0.0, 2.9157179484398688, 0.10810678241861063, 0.5434312781324212, 0.590618111636862, 1.230291839276077, 0.09368861780221996, -0.0013921270611967074], [-48.744703614848035, 0.0, 0.0, 0.0, 0.0, -48.744703614848035, 0.0, 0.0, 0.0, 0.0, 2.410156657260054, 0.08979265765418243, 0.4799178592669012, 0.4461068445901336, 1.052556479343029, 0.07846822287139057, 0.00014757317674846983], [-161.79613095182665, 0.0, 0.0, 0.0, 0.0, 0.0, -161.79613095182665, 0.0, 0.0, 0.0, 7.745962406096048, 0.2980804405310573, 1.53230001776978, 1.5958612938400334, 3.150708443515683, 0.27268638820129293, -0.004169647601709672], [-95.35398523046837, 0.0, 0.0, 0.0, 0.0, 0.0, 0.0, -95.35398523046837, 0.0, 0.0, 4.67543934826391, 0.167909488454335, 0.8990322384248246, 0.9676012725603196, 1.9255299545692213, 0.14977143465971135, -0.0018742405078224084], [-26.101143531128795, 0.0, 0.0, 0.0, 0.0, 0.0, 0.0, 0.0, -26.101143531128795, 0.0, 1.2832059380448055, 0.04666322527162297, 0.22700211572345164, 0.29322579435541746, 0.5318490197305461, 0.04211531537370178, -0.0005246080759523184], [-48.01233149235475, 0.0, 0.0, 0.0, 0.0, 0.0, 0.0, 0.0, 0.0, -48.01233149235475, 2.261965678266488, 0.09158872291289441, 0.43456612958488755, 0.49587965108510873, 0.8743736057568893, 0.07630469764689224, -0.0007716170871490602], [95.00496078989076, 1.3815113606079414, 12.112307086570047, 6.221561617383511, 2.9157179484398688, 2.410156657260054, 7.745962406096048, 4.67543934826391, 1.2832059380448069, 2.261965678266488, -8.629579883241288, -0.04145802340658856, -1.2390765253936542, -1.4509004639664074, -5.823742117787235, -0.18960288257354962, 12.279026603739503], [3.512647716775162, 0.052543812291629785, 0.43328894474256713, 0.23401992877579766, 0.10810678241861063, 0.08979265765418243, 0.2980804405310573, 0.167909488454335, 0.04666322527162297, 0.09158872291289442, -0.04145802340658856, -0.04145802340658856, 0.0, 0.0, 0.0, 0.0, 0.452148835164848], [18.35225494685255, 0.2633566493069619, 2.3767634126229127, 1.2346670173983492, 0.5434312781324212, 0.4799178592669012, 1.53230001776978, 0.8990322384248246, 0.22700211572345164, 0.43456612958488755, -1.2390765253936542, 0.0, -1.2390765253936542, 0.0, 0.0, 0.0, 2.363396683680815], [19.903392804708602, 0.31418780405834523, 2.5039672746964747, 1.2788798369955474, 0.590618111636862, 0.4461068445901335, 1.5958612938400334, 0.9676012725603197, 0.2932257943554175, 0.4958796510851089, -1.4509004639664074, 0.0, 0.0, -1.4509004639664074, 0.0, 0.0, 2.5866527505778487], [38.43004281884637, 0.5351366240693034, 4.864788915030108, 2.4481637098562468, 1.2302918392760782, 1.052556479343029, 3.1507084435156836, 1.9255299545692213, 0.5318490197305461, 0.8743736057568893, -5.823742117787235, 0.0, 0.0, 0.0, -5.823742117787235, 0.0, 4.961262906449359], [3.2134268176396543, 0.056817102291516826, 0.4090648667443196, 0.22806155246346244, 0.09368861780221996, 0.07846822287139057, 0.27268638820129304, 0.1497714346597113, 0.04211531537370178, 0.07630469764689224, -0.18960288257354962, 0.0, 0.0, 0.0, 0.0, -0.18960288257354962, 0.4123777848837793], [1.104748485339293, 3.293170116835942e-05, 0.024939264418762264, -0.003254748667286478, -0.001392127061176085, 0.00014757317676250548, -0.004169647601722115, -0.0018742405077716295, -0.0005246080759517824, -0.000771617087151899, 12.279026603739226, 0.45214883516476334, 2.363396683681117, 2.586652750578054, 4.961262906449235, 0.41237778488385857, -177.1774913451809]]) ; se_all=(array([0.02980525, 0.18575781, 0.06983883, 0.09200353, 0.13306012,
       0.14632604, 0.08411244, 0.10668463, 0.19801005, 0.14738706,
              nan, 5.99399059, 0.27946008,        nan,        nan,
       2.20012866, 0.07503691])) ; se_x_mu=(array([0.02980525, 0.18575781, 0.06983883, 0.09200353, 0.13306012,
       0.14632604, 0.08411244, 0.10668463, 0.19801005, 0.14738706]))"
41	Cdk5r1_chr11_12582	"NaNs in SEs; H=np.array([[-3906.0932238230234, -32.22995423740582, -430.4561116775155, -221.07989862109068, -200.33297716720406, -97.80900800702742, -721.2042878266308, -699.9406976223339, -292.8302806889951, -229.3226665794333, 99.23989291448581, 12.552868819942839, 28.198084841717993, 26.827355012476158, 13.933811046699821, 5.3729212706522675, 4.65087250286281], [-32.22995423740582, -32.22995423740582, 0.0, 0.0, 0.0, 0.0, 0.0, 0.0, 0.0, 0.0, 0.8542408040558814, 0.09159016688580812, 0.2533357453880248, 0.2511187342555472, 0.12518874664937385, 0.04130686275406107, 0.00025909085785209146], [-430.4561116775155, 0.0, -430.4561116775155, 0.0, 0.0, 0.0, 0.0, 0.0, 0.0, 0.0, 10.830737591545068, 1.3798670963537865, 3.1597163234225443, 2.812304222928461, 1.5675370080878122, 0.592062354489483, 0.6253783046192595], [-221.07989862109068, 0.0, 0.0, -221.07989862109068, 0.0, 0.0, 0.0, 0.0, 0.0, 0.0, 5.650288744397791, 0.7209089989905485, 1.5148277235769019, 1.5800991467780663, 0.8213359480816345, 0.2786387799115128, 0.00357590043755001], [-200.33297716720406, 0.0, 0.0, 0.0, -200.33297716720406, 0.0, 0.0, 0.0, 0.0, 0.0, 5.123207409339783, 0.659481635348163, 1.5175328397518169, 1.3277561559934616, 0.755920127610634, 0.27503657994361635, 0.031000360339427768], [-97.80900800702742, 0.0, 0.0, 0.0, 0.0, -97.80900800702742, 0.0, 0.0, 0.0, 0.0, 2.4624301552715075, 0.34155590865477825, 0.6806174032902674, 0.6352749186809133, 0.366942244507602, 0.13801632424578764, 0.049511043007189115], [-721.2042878266308, 0.0, 0.0, 0.0, 0.0, 0.0, -721.2042878266308, 0.0, 0.0, 0.0, 18.228279008569345, 2.1893083287731447, 4.918528457657578, 5.123663355007705, 2.6916750855378577, 1.0010767084301713, 0.48777054763454186], [-699.9406976223339, 0.0, 0.0, 0.0, 0.0, 0.0, 0.0, -699.9406976223339, 0.0, 0.0, 17.73199997750719, 2.3229021722797687, 4.906996110879242, 4.937359427149039, 2.4011400560612683, 0.9714849157645161, 0.364478688268867], [-292.8302806889951, 0.0, 0.0, 0.0, 0.0, 0.0, 0.0, 0.0, -292.8302806889951, 0.0, 7.5787992705409035, 0.9932682760024483, 2.342427934414108, 2.040401014572264, 0.8455360821718252, 0.3985706873548712, 1.442575747362208], [-229.3226665794333, 0.0, 0.0, 0.0, 0.0, 0.0, 0.0, 0.0, 0.0, -229.3226665794333, 5.750416840215331, 0.745594735905586, 1.5122642999435636, 1.6219678889893154, 0.791999198586464, 0.33365192882952355, -0.002748597761219912], [99.23989291448581, 0.8542408040558814, 10.830737591545068, 5.650288744397792, 5.123207409339783, 2.4624301552715075, 18.22827900856935, 17.73199997750719, 7.5787992705409035, 5.750416840215331, -4.344620187236744, -0.30526234075835557, -1.6061398744721238, -1.6139484590346909, -0.393790475648077, -0.21741093429453917, 34.91757734466292], [12.552868819942839, 0.09159016688580811, 1.3798670963537862, 0.7209089989905488, 0.659481635348163, 0.3415559086547782, 2.1893083287731447, 2.3229021722797687, 0.9932682760024483, 0.7455947359055866, -0.30526234075835557, -0.30526234075835557, 0.0, 0.0, 0.0, 0.0, 4.424449958605217], [28.198084841717993, 0.2533357453880248, 3.1597163234225447, 1.5148277235769019, 1.5175328397518169, 0.6806174032902674, 4.918528457657578, 4.906996110879242, 2.342427934414108, 1.5122642999435636, -1.6061398744721238, 0.0, -1.6061398744721238, 0.0, 0.0, 0.0, 10.103371028464595], [26.827355012476158, 0.2511187342555472, 2.812304222928461, 1.5800991467780652, 1.3277561559934616, 0.6352749186809133, 5.123663355007706, 4.937359427149039, 2.040401014572264, 1.6219678889893154, -1.6139484590346909, 0.0, 0.0, -1.6139484590346909, 0.0, 0.0, 9.366874067557283], [13.933811046699821, 0.12518874664937385, 1.567537008087812, 0.8213359480816345, 0.7559201276106345, 0.366942244507602, 2.6916750855378577, 2.4011400560612683, 0.8455360821718252, 0.7919991985864641, -0.393790475648077, 0.0, 0.0, 0.0, -0.393790475648077, 0.0, 4.787282329433456], [5.3729212706522675, 0.04130686275406108, 0.5920623544894829, 0.27863877991151276, 0.27503657994361647, 0.13801632424578764, 1.0010767084301713, 0.9714849157645161, 0.3985706873548712, 0.33365192882952327, -0.21741093429453917, 0.0, 0.0, 0.0, 0.0, -0.21741093429453917, 1.8846210674278572], [4.650872502859322, 0.0002590908578500861, 0.625378304619503, 0.0035759004376445525, 0.031000360339408894, 0.049511043007200994, 0.4877705476343479, 0.3644786882688482, 1.4425757473622198, -0.0027485977612144996, 34.91757734466319, 4.424449958605273, 10.103371028464693, 9.366874067557163, 4.787282329433445, 1.8846210674278971, -948.7157115403115]]) ; se_all=(array([       nan, 0.17902087, 0.05781212, 0.07445248, 0.07753348,
       0.1060384 , 0.04905521, 0.04948186, 0.06660453, 0.07335345,
              nan, 2.57834752,        nan,        nan, 2.19180279,
       2.0529323 ,        nan])) ; se_x_mu=(array([       nan, 0.17902087, 0.05781212, 0.07445248, 0.07753348,
       0.1060384 , 0.04905521, 0.04948186, 0.06660453, 0.07335345]))"
42	Cited2_chr10_1254	"NaNs in SEs; H=np.array([[-6114.56349444648, -112.85402466630407, -533.5948594569719, -767.8580563085806, -424.7495409376833, -162.4701989960103, -994.2526052066074, -1014.0006147613259, -225.14082774405668, -593.5159684427205, 202.9018557972937, 35.03059076382883, 21.91642439539863, 49.7604353208244, 13.406891647091387, 59.89204140933712, 72.96335979950791], [-112.85402466630407, -112.85402466630407, 0.0, 0.0, 0.0, 0.0, 0.0, 0.0, 0.0, 0.0, 3.760108730346361, 0.6909104365325048, 0.3910539245587003, 0.8315048831350277, 0.22203514751448977, 1.2094455761852427, 1.8891757107152682], [-533.5948594569719, 0.0, -533.5948594569719, 0.0, 0.0, 0.0, 0.0, 0.0, 0.0, 0.0, 18.07039134196457, 2.9888548653150755, 1.9100915400613236, 4.643793860071821, 1.076734422147687, 5.569591789737803, 8.597531901585395], [-767.8580563085806, 0.0, 0.0, -767.8580563085806, 0.0, 0.0, 0.0, 0.0, 0.0, 0.0, 25.63389965902803, 4.280057250405746, 2.7059937309462008, 6.383494161145725, 1.4193252939052226, 8.08133703564153, 14.176000165210692], [-424.7495409376833, 0.0, 0.0, 0.0, -424.7495409376833, 0.0, 0.0, 0.0, 0.0, 0.0, 14.001186287364224, 2.347153551064987, 1.5531288008327337, 3.4204206491256355, 0.9732013974123871, 4.147886631746627, 3.426859873464925], [-162.4701989960103, 0.0, 0.0, 0.0, 0.0, -162.4701989960103, 0.0, 0.0, 0.0, 0.0, 5.128658397622006, 0.9195316051511977, 0.5719756014630726, 1.0979971440940994, 0.35478810652171366, 1.5024086903846785, 1.9831620209285918], [-994.2526052066074, 0.0, 0.0, 0.0, 0.0, 0.0, -994.2526052066074, 0.0, 0.0, 0.0, 33.06353012853564, 5.716109541504932, 3.565397416921437, 7.719388995935802, 2.259382907362374, 9.898386984770394, 8.578283388111062], [-1014.0006147613259, 0.0, 0.0, 0.0, 0.0, 0.0, 0.0, -1014.0006147613259, 0.0, 0.0, 34.014975339812544, 5.644918889647745, 3.457179735861581, 8.526428868883094, 2.3042305805013092, 9.928668156283958, 8.671849743729954], [-225.14082774405668, 0.0, 0.0, 0.0, 0.0, 0.0, 0.0, 0.0, -225.14082774405668, 0.0, 7.497429749320514, 1.4553780289421878, 0.6715863079655962, 1.8174182729119945, 0.5378438221603117, 2.314060516419931, 1.9373203212113606], [-593.5159684427205, 0.0, 0.0, 0.0, 0.0, 0.0, 0.0, 0.0, 0.0, -593.5159684427205, 19.731059992247552, 3.4751628264191394, 2.0921379953756833, 5.181167176097897, 1.284629878098286, 5.281036785426309, 3.1750793496537897], [202.90185579729373, 3.760108730346361, 18.07039134196457, 25.63389965902803, 14.001186287364222, 5.128658397622006, 33.06353012853564, 34.014975339812544, 7.497429749320514, 19.731059992247555, -26.424865743458, -3.7283817442514575, -1.2000314139314987, -7.715583644708542, -0.40809075583193566, -11.563705994121133, 226.8851879164589], [35.03059076382883, 0.6909104365325047, 2.988854865315075, 4.280057250405746, 2.347153551064987, 0.9195316051511977, 5.716109541504932, 5.644918889647745, 1.4553780289421878, 3.475162826419141, -3.7283817442514575, -3.7283817442514575, 0.0, 0.0, 0.0, 0.0, 39.172730091086954], [21.91642439539863, 0.3910539245587003, 1.9100915400613236, 2.7059937309462008, 1.5531288008327344, 0.5719756014630728, 3.565397416921437, 3.457179735861581, 0.6715863079655962, 2.0921379953756842, -1.2000314139314987, 0.0, -1.2000314139314987, 0.0, 0.0, 0.0, 24.722559597018215], [49.7604353208244, 0.8315048831350277, 4.643793860071821, 6.383494161145725, 3.4204206491256355, 1.0979971440940994, 7.719388995935803, 8.526428868883098, 1.8174182729119936, 5.181167176097897, -7.715583644708542, 0.0, 0.0, -7.715583644708542, 0.0, 0.0, 55.53608961110191], [13.406891647091387, 0.22203514751448977, 1.076734422147687, 1.4193252939052223, 0.9732013974123871, 0.35478810652171366, 2.259382907362374, 2.30423058050131, 0.5378438221603117, 1.284629878098286, -0.40809075583193566, 0.0, 0.0, 0.0, -0.40809075583193566, 0.0, 14.836342162931368], [59.892041409337104, 1.2094455761852427, 5.569591789737803, 8.08133703564153, 4.147886631746626, 1.5024086903846785, 9.898386984770394, 9.928668156283958, 2.3140605164199295, 5.281036785426309, -11.563705994121133, 0.0, 0.0, 0.0, 0.0, -11.563705994121133, 67.4143595001958], [72.96335979950402, 1.8891757107152807, 8.59753190158543, 14.176000165210693, 3.426859873464938, 1.9831620209286092, 8.578283388111213, 8.671849743729695, 1.9373203212113728, 3.1750793496537426, 226.88518791645868, 39.172730091086905, 24.7225595970182, 55.53608961110189, 14.836342162931349, 67.41435950019573, -3997.2985859285036]]) ; se_all=(array([       nan, 0.0981545 , 0.0514828 , 0.04551963, 0.05594356,
       0.08320293, 0.04222476, 0.04199709, 0.07220414, 0.04960301,
              nan, 0.44358912,        nan,        nan,        nan,
              nan,        nan])) ; se_x_mu=(array([       nan, 0.0981545 , 0.0514828 , 0.04551963, 0.05594356,
       0.08320293, 0.04222476, 0.04199709, 0.07220414, 0.04960301]))"
43	Txndc12_chr4_7961	ok
44	ubcP	ok
45	Cdk5r1_chr11_12574	"NaNs in SEs; H=np.array([[-5795.024500588868, -98.89112562380663, -509.26951885613164, -636.59675534126, -453.8627642767543, -139.8653718796217, -958.6197451802984, -1019.908120976633, -200.0715730485616, -637.5653225192232, 145.75419667862568, 32.93865301121506, 24.13062871649898, 10.36038577998993, 17.003872540075704, 41.47476268126517, 75.18307450040568], [-98.89112562380663, -98.89112562380663, 0.0, 0.0, 0.0, 0.0, 0.0, 0.0, 0.0, 0.0, 2.263410902741635, 0.5368090807451729, 0.372717822001741, 0.2044047006978, 0.2578259343781989, 0.7035401770299029, 1.2383699314558374], [-509.26951885613164, 0.0, -509.26951885613164, 0.0, 0.0, 0.0, 0.0, 0.0, 0.0, 0.0, 12.73918015830563, 3.056593123167672, 2.0612616144111313, 0.7737858798599081, 1.3066887186377782, 3.793218464210864, 8.874325867104826], [-636.59675534126, 0.0, 0.0, -636.59675534126, 0.0, 0.0, 0.0, 0.0, 0.0, 0.0, 16.07831837875889, 3.557296786618988, 2.6129535855505184, 1.2439376856202864, 1.9074213703156986, 4.581678687674476, 8.207464716254368], [-453.8627642767543, 0.0, 0.0, 0.0, -453.8627642767543, 0.0, 0.0, 0.0, 0.0, 0.0, 10.615961268669214, 2.6622024913329505, 1.8489920169837015, 0.8185084752613442, 1.0917814576196825, 2.609864454067735, 5.655985644844197], [-139.8653718796217, 0.0, 0.0, 0.0, 0.0, -139.8653718796217, 0.0, 0.0, 0.0, 0.0, 3.900374653577948, 0.8072233388902472, 0.7121352396210003, 0.24337935574522804, 0.4788754577868971, 1.1650858539920068, 2.0164705972982553], [-958.6197451802984, 0.0, 0.0, 0.0, 0.0, 0.0, -958.6197451802984, 0.0, 0.0, 0.0, 25.060887044222536, 5.486895068165682, 3.8895836744397783, 1.7354339247699158, 3.0156042143171766, 7.508560199907353, 10.524491428421367], [-1019.908120976633, 0.0, 0.0, 0.0, 0.0, 0.0, 0.0, -1019.908120976633, 0.0, 0.0, 25.17224995301126, 5.6221508842188905, 4.5873643674423, 1.8722323937100747, 3.1510836581748682, 6.323918987420854, 12.04154543714078], [-200.0715730485616, 0.0, 0.0, 0.0, 0.0, 0.0, 0.0, 0.0, -200.0715730485616, 0.0, 5.065073184422056, 1.0867379656861746, 0.8229362519056931, 0.40479729539072723, 0.5212778502374942, 1.5205224588731836, 1.1968375035825662], [-637.5653225192232, 0.0, 0.0, 0.0, 0.0, 0.0, 0.0, 0.0, 0.0, -637.5653225192232, 16.72205544809179, 3.97899225599078, 2.8639281924970086, 1.072511961949682, 1.8322649869871614, 5.052088361633952, 5.888014932122704], [145.75419667862568, 2.2634109027416356, 12.73918015830563, 16.078318378758894, 10.615961268669217, 3.900374653577948, 25.060887044222532, 25.17224995301126, 5.065073184422057, 16.722055448091794, -19.05194483022727, -5.041004241260942, -2.72276755883041, -0.4556081463635822, -1.277073778767066, -8.275434078380705, 242.06315596497043], [32.93865301121506, 0.5368090807451731, 3.056593123167672, 3.557296786618988, 2.662202491332952, 0.8072233388902472, 5.486895068165682, 5.6221508842188905, 1.0867379656861749, 3.9789922559907813, -5.041004241260942, -5.041004241260942, 0.0, 0.0, 0.0, 0.0, 54.723538774949716], [24.13062871649898, 0.37271782200174103, 2.0612616144111313, 2.6129535855505197, 1.8489920169837017, 0.7121352396210003, 3.8895836744397783, 4.5873643674423, 0.8229362519056933, 2.8639281924970095, -2.72276755883041, 0.0, -2.72276755883041, 0.0, 0.0, 0.0, 39.93106562437606], [10.36038577998993, 0.2044047006978, 0.7737858798599081, 1.2439376856202864, 0.8185084752613444, 0.24337935574522804, 1.7354339247699155, 1.8722323937100747, 0.4047972953907274, 1.0725119619496826, -0.4556081463635822, 0.0, 0.0, -0.4556081463635822, 0.0, 0.0, 17.16719607623124], [17.003872540075704, 0.257825934378199, 1.3066887186377782, 1.9074213703156986, 1.0917814576196825, 0.4788754577868971, 3.0156042143171766, 3.1510836581748682, 0.5212778502374942, 1.8322649869871614, -1.277073778767066, 0.0, 0.0, 0.0, -1.277073778767066, 0.0, 28.269337659036264], [41.474762681265176, 0.7035401770299029, 3.793218464210864, 4.581678687674475, 2.609864454067736, 1.1650858539920068, 7.508560199907353, 6.323918987420854, 1.5205224588731836, 5.052088361633952, -8.275434078380705, 0.0, 0.0, 0.0, 0.0, -8.275434078380705, 68.83033371602272], [75.18307450040751, 1.2383699314558407, 8.874325867104767, 8.207464716254224, 5.655985644844207, 2.0164705972982624, 10.524491428421248, 12.041545437140595, 1.196837503582589, 5.888014932122548, 242.06315596497038, 54.72353877494969, 39.931065624376046, 17.167196076231235, 28.26933765903629, 68.83033371602275, -5195.134774664777]]) ; se_all=(array([       nan, 0.10381593, 0.05323022, 0.04939256, 0.0551547 ,
       0.08855743, 0.04351998, 0.04306475, 0.07664791, 0.04945504,
              nan,        nan,        nan,        nan,        nan,
              nan,        nan])) ; se_x_mu=(array([       nan, 0.10381593, 0.05323022, 0.04939256, 0.0551547 ,
       0.08855743, 0.04351998, 0.04306475, 0.07664791, 0.04945504]))"
46	Epas1_chr17_10061	"NaNs in SEs; H=np.array([[-1714.860172166353, -22.17154660004997, -250.84263638208736, -345.38839006235696, -186.93031101270643, -73.33019293998072, -128.06537347292038, -198.20878013078354, -103.53173441056461, -26.549553185144678, 26.451275533309655, 6.86111584988208, 2.3209923359927878, 6.610712560026762, 2.299927658827044, 4.27399607155541, -0.0855191388822744], [-22.17154660004997, -22.17154660004997, 0.0, 0.0, 0.0, 0.0, 0.0, 0.0, 0.0, 0.0, 0.33050874075935827, 0.0751776291409185, 0.030459780100634264, 0.08106663935324063, 0.03422607179777165, 0.058547944496153755, -0.0016782507714589168], [-250.84263638208736, 0.0, -250.84263638208736, 0.0, 0.0, 0.0, 0.0, 0.0, 0.0, 0.0, 3.8768980184719863, 0.9997754847458467, 0.3428793092402911, 0.9644879773369499, 0.32659750720719827, 0.6294023283451886, -0.015494718504016472], [-345.38839006235696, 0.0, 0.0, -345.38839006235696, 0.0, 0.0, 0.0, 0.0, 0.0, 0.0, 5.378492475879929, 1.4359780937640851, 0.44147785382452437, 1.350175593686638, 0.4606589000762208, 0.8693519582303427, -0.018880729200840773], [-186.93031101270643, 0.0, 0.0, 0.0, -186.93031101270643, 0.0, 0.0, 0.0, 0.0, 0.0, 2.8615724714675945, 0.7191765859650721, 0.2522020561656428, 0.7004565325928246, 0.2584840654417854, 0.4763243550653974, -0.01636627016999115], [-73.33019293998072, 0.0, 0.0, 0.0, 0.0, -73.33019293998072, 0.0, 0.0, 0.0, 0.0, 1.1016512579613662, 0.27746708785841384, 0.10230672121935083, 0.27218932255309025, 0.109774032839129, 0.17539325567663333, -0.005636277156229597], [-128.06537347292038, 0.0, 0.0, 0.0, 0.0, 0.0, -128.06537347292038, 0.0, 0.0, 0.0, 1.9599023157712894, 0.5024454355592353, 0.17888427625468742, 0.4928677836197997, 0.1801120316178878, 0.31571242596839766, -0.006662098550523211], [-198.20878013078354, 0.0, 0.0, 0.0, 0.0, 0.0, 0.0, -198.20878013078354, 0.0, 0.0, 3.067002528484551, 0.8192996278626492, 0.2783148985933729, 0.759481342946809, 0.2529606906580849, 0.4787913642004661, -0.013811509925179342], [-103.53173441056461, 0.0, 0.0, 0.0, 0.0, 0.0, 0.0, 0.0, -103.53173441056461, 0.0, 1.6262619042328805, 0.39542627150974424, 0.13374816339869253, 0.46271178480326064, 0.1301606771034926, 0.2700590035025671, -0.008244235373354544], [-26.549553185144678, 0.0, 0.0, 0.0, 0.0, 0.0, 0.0, 0.0, 0.0, -26.549553185144678, 0.41560626762156, 0.11323429847559376, 0.034876574213072935, 0.10528296903601528, 0.0343039666207345, 0.06801691076400643, -0.0004413015137988809], [26.45127553330964, 0.33050874075935827, 3.8768980184719863, 5.378492475879929, 2.861572471467595, 1.1016512579613664, 1.9599023157712894, 3.067002528484551, 1.6262619042328805, 0.41560626762156, -0.32229027358949053, -0.02816743014156613, -0.11998477917193491, -0.08282219546110425, -0.10803857991100094, -0.06448957356315752, 2.857081003959641], [6.86111584988208, 0.0751776291409185, 0.9997754847458467, 1.4359780937640847, 0.7191765859650721, 0.2774670878584141, 0.5024454355592353, 0.8192996278626492, 0.39542627150974424, 0.11323429847559376, -0.02816743014156613, -0.02816743014156613, 0.0, 0.0, 0.0, 0.0, 0.7408023435313682], [2.3209923359927873, 0.030459780100634264, 0.3428793092402911, 0.44147785382452437, 0.2522020561656428, 0.10230672121935083, 0.17888427625468742, 0.27831489859337283, 0.13374816339869253, 0.034876574213072935, -0.11998477917193491, 0.0, -0.11998477917193491, 0.0, 0.0, 0.0, 0.24808401350378045], [6.610712560026762, 0.08106663935324063, 0.9644879773369494, 1.350175593686638, 0.7004565325928246, 0.27218932255309025, 0.4928677836197997, 0.759481342946809, 0.46271178480326064, 0.10528296903601528, -0.08282219546110425, 0.0, 0.0, -0.08282219546110425, 0.0, 0.0, 0.7155327886026733], [2.299927658827044, 0.03422607179777165, 0.3265975072071982, 0.4606589000762208, 0.2584840654417855, 0.109774032839129, 0.1801120316178878, 0.25296069065808496, 0.1301606771034926, 0.03430396662073448, -0.10803857991100094, 0.0, 0.0, 0.0, -0.10803857991100094, 0.0, 0.24784393273110653], [4.27399607155541, 0.058547944496153755, 0.6294023283451886, 0.8693519582303427, 0.4763243550653974, 0.17539325567663333, 0.31571242596839766, 0.4787913642004657, 0.2700590035025671, 0.06801691076400643, -0.06448957356315752, 0.0, 0.0, 0.0, 0.0, -0.06448957356315752, 0.46291624155027206], [-0.085519138882022, -0.0016782507714587086, -0.015494718503963556, -0.018880729200931645, -0.016366270169972497, -0.005636277156237934, -0.006662098550543338, -0.01381150992513036, -0.008244235373373932, -0.0004413015137869347, 2.857081003959564, 0.7408023435313567, 0.24808401350380294, 0.7155327886026654, 0.24784393273110084, 0.4629162415502357, -135.94691007641632]]) ; se_all=(array([0.03575649, 0.21846939, 0.0813599 , 0.07433728, 0.08934217,
       0.12754807, 0.10218281, 0.0876202 , 0.11089943, 0.20072669,
              nan,        nan,        nan,        nan,        nan,
              nan, 0.06932758])) ; se_x_mu=(array([0.03575649, 0.21846939, 0.0813599 , 0.07433728, 0.08934217,
       0.12754807, 0.10218281, 0.0876202 , 0.11089943, 0.20072669]))"
47	Gata4_chr14_5742	ok
48	Map1b_chr13_9447	"NaNs in SEs; H=np.array([[-7365.298733873248, -151.80229599864532, -722.6197214898147, -1250.106088886563, -482.2796382951566, -152.72132201350473, -930.2821850270465, -1043.3741751939313, -215.16452375997423, -542.8513037953826, 212.89509081061036, 70.81780840087217, 60.01517619978534, 23.944802487876352, 10.530802254292645, 19.55160859486026, 33.75356665997432], [-151.80229599864532, -151.80229599864532, 0.0, 0.0, 0.0, 0.0, 0.0, 0.0, 0.0, 0.0, 4.346400312644821, 1.355448155642429, 1.3527760083335425, 0.5041230997453028, 0.17958849327693865, 0.4352358372692999, 0.9943189573217426], [-722.6197214898147, 0.0, -722.6197214898147, 0.0, 0.0, 0.0, 0.0, 0.0, 0.0, 0.0, 20.36777621126218, 6.214114247900598, 6.018849280135309, 2.4177837572087637, 1.0188827190291803, 1.8627558830162603, 3.0829765763528907], [-1250.106088886563, 0.0, 0.0, -1250.106088886563, 0.0, 0.0, 0.0, 0.0, 0.0, 0.0, 36.35340909585003, 12.73208781568218, 9.85658881348267, 4.062671248610243, 1.6862371185870086, 3.400292272675597, 15.219307633684936], [-482.2796382951566, 0.0, 0.0, 0.0, -482.2796382951566, 0.0, 0.0, 0.0, 0.0, 0.0, 14.080521421487248, 4.7326363361081025, 4.092164973868399, 1.4599280378257258, 0.7390383455844489, 1.251714433196401, 0.6270606792056949], [-152.72132201350473, 0.0, 0.0, 0.0, 0.0, -152.72132201350473, 0.0, 0.0, 0.0, 0.0, 4.345701190849551, 1.4700655469013217, 1.206035707628477, 0.4788624952706171, 0.2479004718697028, 0.33617994278558405, 0.16137915434519035], [-930.2821850270465, 0.0, 0.0, 0.0, 0.0, 0.0, -930.2821850270465, 0.0, 0.0, 0.0, 27.2918963104086, 9.470685696482239, 7.501960033121319, 3.062744237959669, 1.3655877298703323, 2.4317584487426402, 0.7609761630372809], [-1043.3741751939313, 0.0, 0.0, 0.0, 0.0, 0.0, 0.0, -1043.3741751939313, 0.0, 0.0, 30.36221719457531, 9.868521497462059, 8.785210792609618, 3.439158581088487, 1.5012267496511438, 2.7092852791267537, 1.128598028237115], [-215.16452375997423, 0.0, 0.0, 0.0, 0.0, 0.0, 0.0, 0.0, -215.16452375997423, 0.0, 6.119296773275142, 1.9791914056467281, 1.5986951817989887, 0.7965429828840168, 0.3019506405864229, 0.5363686941771741, 0.1482039176568568], [-542.8513037953826, 0.0, 0.0, 0.0, 0.0, 0.0, 0.0, 0.0, 0.0, -542.8513037953826, 16.12214621453323, 5.6282908472320585, 4.39574544890792, 1.7761329963007821, 0.7079855548041082, 1.4864611109470756, 0.2882634759923304], [212.89509081061036, 4.346400312644823, 20.367776211262182, 36.353409095850026, 14.080521421487248, 4.345701190849551, 27.2918963104086, 30.362217194575315, 6.119296773275142, 16.12214621453323, -18.36611045501719, -9.262542193993252, -6.289166520831442, -0.8460916047241758, -0.39092481597527906, -0.5343432627940198, 144.58068502514337], [70.81780840087215, 1.3554481556424292, 6.214114247900598, 12.732087815682178, 4.7326363361081025, 1.4700655469013217, 9.470685696482239, 9.868521497462059, 1.9791914056467281, 5.6282908472320585, -9.262542193993252, -9.262542193993252, 0.0, 0.0, 0.0, 0.0, 48.27111688132785], [60.01517619978534, 1.3527760083335427, 6.018849280135309, 9.856588813482672, 4.092164973868399, 1.206035707628477, 7.501960033121319, 8.785210792609618, 1.5986951817989887, 4.39574544890792, -6.289166520831442, 0.0, -6.289166520831442, 0.0, 0.0, 0.0, 40.60572367124281], [23.94480248787635, 0.5041230997453028, 2.4177837572087637, 4.0626712486102425, 1.4599280378257267, 0.4788624952706171, 3.0627442379596683, 3.439158581088488, 0.7965429828840168, 1.7761329963007821, -0.8460916047241758, 0.0, 0.0, -0.8460916047241758, 0.0, 0.0, 16.247908215802564], [10.530802254292645, 0.17958849327693865, 1.0188827190291803, 1.6862371185870086, 0.7390383455844489, 0.24790047186970265, 1.3655877298703323, 1.5012267496511438, 0.3019506405864229, 0.7079855548041082, -0.39092481597527906, 0.0, 0.0, 0.0, -0.39092481597527906, 0.0, 7.090254582738128], [19.55160859486026, 0.4352358372692999, 1.8627558830162605, 3.400292272675597, 1.2517144331964012, 0.33617994278558405, 2.4317584487426402, 2.709285279126755, 0.5363686941771743, 1.4864611109470771, -0.5343432627940198, 0.0, 0.0, 0.0, 0.0, -0.5343432627940198, 13.46186351537094], [33.75356665997106, 0.9943189573217515, 3.082976576352678, 15.21930763368519, 0.6270606792057043, 0.1613791543452412, 0.7609761630370873, 1.1285980282374126, 0.1482039176568839, 0.28826347599265123, 144.58068502514345, 48.271116881327885, 40.6057236712429, 16.247908215802525, 7.090254582738094, 13.4618635153709, -3129.0770145305924]]) ; se_all=(array([       nan, 0.08438845, 0.04378738, 0.03650961, 0.05105524,
       0.08412207, 0.04010819, 0.0386275 , 0.07198174, 0.04873422,
              nan,        nan,        nan, 1.44316341, 1.87538622,
       0.49886172,        nan])) ; se_x_mu=(array([       nan, 0.08438845, 0.04378738, 0.03650961, 0.05105524,
       0.08412207, 0.04010819, 0.0386275 , 0.07198174, 0.04873422]))"
49	Col5a1_chr2_2576	ok
50	Bend5_chr4_8179	ok
51	Cdk5r1_chr11_12562	"NaNs in SEs; H=np.array([[-4377.826761426278, -52.44968715592887, -452.5915627737171, -514.0959574665994, -336.9691955247324, -93.45146065365431, -637.2374563720181, -700.8350634759829, -107.818950972024, -345.7506497622445, 144.57821111234585, 35.69714179814991, 38.434983802390846, 23.487212285544278, 22.940397182519625, 6.905711266100926, 36.95036457056464], [-52.44968715592887, -52.44968715592887, 0.0, 0.0, 0.0, 0.0, 0.0, 0.0, 0.0, 0.0, 1.802278749457786, 0.5131531482455449, 0.5272135989743407, 0.2488825089348467, 0.24422371356913594, 0.09769161956668328, 0.09871539997295287], [-452.5915627737171, 0.0, -452.5915627737171, 0.0, 0.0, 0.0, 0.0, 0.0, 0.0, 0.0, 14.566442706628356, 3.573214257032517, 3.845319673530102, 2.4127215214260147, 2.255785241944549, 0.7095442796433977, 6.412130995500402], [-514.0959574665994, 0.0, 0.0, -514.0959574665994, 0.0, 0.0, 0.0, 0.0, 0.0, 0.0, 17.030437537321287, 4.116630603894529, 4.387197871415616, 2.6991640723744124, 2.8510268003933597, 0.7502926427304559, 3.343133902798801], [-336.9691955247324, 0.0, 0.0, 0.0, -336.9691955247324, 0.0, 0.0, 0.0, 0.0, 0.0, 10.962608381604221, 2.2783529592343865, 3.211995288280849, 1.810299147949573, 1.8166386070301606, 0.5829258115171113, 1.398470686620067], [-93.45146065365431, 0.0, 0.0, 0.0, 0.0, -93.45146065365431, 0.0, 0.0, 0.0, 0.0, 3.2302930581606053, 0.7935552999924201, 0.95173311603633, 0.5423146638914708, 0.5131313308512473, 0.15774355368759804, 0.27860939164200615], [-637.2374563720181, 0.0, 0.0, 0.0, 0.0, 0.0, -637.2374563720181, 0.0, 0.0, 0.0, 21.23214797628865, 5.479196706551316, 5.209470346222224, 3.5512355805760007, 3.4902752664203494, 0.9993325397308488, 1.8060944113973707], [-700.8350634759829, 0.0, 0.0, 0.0, 0.0, 0.0, 0.0, -700.8350634759829, 0.0, 0.0, 23.69429302094996, 5.922488921014831, 6.401810790336239, 3.817567786381759, 3.691983335777625, 1.1343764987499512, 2.237235609661005], [-107.818950972024, 0.0, 0.0, 0.0, 0.0, 0.0, 0.0, 0.0, -107.818950972024, 0.0, 3.6590022361793775, 0.9434780711441346, 0.8948518689517135, 0.6213999226238969, 0.6160152270036815, 0.1677330790815225, 0.11851555192698404], [-345.7506497622445, 0.0, 0.0, 0.0, 0.0, 0.0, 0.0, 0.0, 0.0, -345.7506497622445, 11.631934479823174, 2.995706037738997, 3.0008365759658098, 1.950517365020024, 1.8051886793659886, 0.5307375571335076, 0.4528117400608286], [144.57821111234585, 1.802278749457786, 14.566442706628356, 17.03043753732129, 10.962608381604221, 3.230293058160606, 21.23214797628865, 23.69429302094996, 3.659002236179377, 11.631934479823174, -15.218713240770008, -4.907031192682584, -5.884668832168921, -2.050400253384525, -2.0177458747203785, -0.2468112687794567, 140.4811688645258], [35.69714179814992, 0.513153148245545, 3.573214257032517, 4.11663060389453, 2.2783529592343865, 0.7935552999924207, 5.479196706551316, 5.9224889210148275, 0.9434780711441342, 2.9957060377389966, -4.907031192682584, -4.907031192682584, 0.0, 0.0, 0.0, 0.0, 34.54251715048005], [38.434983802390846, 0.527213598974341, 3.8453196735301014, 4.387197871415616, 3.2119952882808485, 0.95173311603633, 5.209470346222224, 6.401810790336239, 0.8948518689517135, 3.0008365759658098, -5.884668832168921, 0.0, -5.884668832168921, 0.0, 0.0, 0.0, 37.63958171876821], [23.487212285544278, 0.2488825089348468, 2.412721521426015, 2.6991640723744124, 1.8102991479495736, 0.5423146638914706, 3.5512355805760007, 3.817567786381759, 0.6213999226238969, 1.950517365020024, -2.050400253384525, 0.0, 0.0, -2.050400253384525, 0.0, 0.0, 22.655700823371173], [22.940397182519625, 0.24422371356913594, 2.255785241944549, 2.8510268003933597, 1.8166386070301606, 0.5131313308512473, 3.4902752664203494, 3.6919833357776253, 0.6160152270036815, 1.8051886793659886, -2.0177458747203785, 0.0, 0.0, 0.0, -2.0177458747203785, 0.0, 22.06706738211211], [6.905711266100926, 0.09769161956668328, 0.7095442796433978, 0.7502926427304559, 0.5829258115171114, 0.15774355368759804, 0.9993325397308488, 1.1343764987499512, 0.1677330790815225, 0.5307375571335076, -0.2468112687794567, 0.0, 0.0, 0.0, 0.0, -0.2468112687794567, 6.7398979440574935], [36.95036457056632, 0.0987153999729562, 6.41213099550041, 3.343133902798792, 1.3984706866199912, 0.27860939164198206, 1.806094411397435, 2.237235609661072, 0.11851555192700758, 0.45281174006076785, 140.48116886452553, 34.54251715048005, 37.63958171876817, 22.655700823371127, 22.06706738211215, 6.739897944057493, -2516.446431534485]]) ; se_all=(array([0.0269778 , 0.14123528, 0.05558182, 0.05315199, 0.06203249,
       0.10762114, 0.049492  , 0.04802974, 0.10077342, 0.06141945,
              nan,        nan,        nan, 0.60816015, 0.60373991,
       2.43408179,        nan])) ; se_x_mu=(array([0.0269778 , 0.14123528, 0.05558182, 0.05315199, 0.06203249,
       0.10762114, 0.049492  , 0.04802974, 0.10077342, 0.06141945]))"
52	Lamb1_chr12_2183	ok
53	Tgfbi_chr13_5741	ok
54	Epas1_chr17_10070	"NaNs in SEs; H=np.array([[-3824.8879340268213, -64.26493376080879, -324.06925927274784, -542.1510622562349, -242.31248845783944, -143.99495557029257, -625.6182492874867, -544.7003987327048, -91.83566750954802, -363.15020100799154, 192.1742620927203, 50.95542315120435, 16.825854752271095, 12.727010995567182, 45.38820519092946, 49.66308262916145, 25.460861184913707], [-64.26493376080879, -64.26493376080879, 0.0, 0.0, 0.0, 0.0, 0.0, 0.0, 0.0, 0.0, 3.1475338118826124, 0.9147961264628208, 0.2982915651873374, 0.24276178718331504, 0.7022223913203063, 0.6768846458553255, 0.4046357475915472], [-324.06925927274784, 0.0, -324.06925927274784, 0.0, 0.0, 0.0, 0.0, 0.0, 0.0, 0.0, 16.170007749126714, 4.47945625284667, 1.3039151141236627, 1.0514412029184335, 4.199509157916536, 3.6048141883250175, 1.776308092087413], [-542.1510622562349, 0.0, 0.0, -542.1510622562349, 0.0, 0.0, 0.0, 0.0, 0.0, 0.0, 27.18321678712668, 7.679287647597441, 2.5336789433963607, 1.665287685358678, 6.1601611311610975, 6.785149074058406, 6.768650155048526], [-242.31248845783944, 0.0, 0.0, 0.0, -242.31248845783944, 0.0, 0.0, 0.0, 0.0, 0.0, 12.467163001640104, 2.9702005864464893, 0.9869100471278683, 0.7971488371979082, 3.481338755387065, 3.1162522871532046, 0.7028269912934411], [-143.99495557029257, 0.0, 0.0, 0.0, 0.0, -143.99495557029257, 0.0, 0.0, 0.0, 0.0, 7.020024751553267, 1.9573771177531711, 0.5941475592953067, 0.4590085531849538, 1.653576626665696, 1.7397598450596488, 2.1714429658775884], [-625.6182492874867, 0.0, 0.0, 0.0, 0.0, 0.0, -625.6182492874867, 0.0, 0.0, 0.0, 31.675991707354083, 7.951992770660846, 2.8027689937153446, 2.2097847691719643, 7.761085450008152, 8.146910212462526, 2.998980189947461], [-544.7003987327048, 0.0, 0.0, 0.0, 0.0, 0.0, 0.0, -544.7003987327048, 0.0, 0.0, 27.113808298844425, 7.116140259555831, 2.627084810454971, 1.9128483442602455, 6.158005592268002, 7.0652138203108015, 1.3413854364865565], [-91.83566750954802, 0.0, 0.0, 0.0, 0.0, 0.0, 0.0, 0.0, -91.83566750954802, 0.0, 4.8604779815673504, 1.3177900900640285, 0.3732594911008693, 0.29432540759354847, 1.079219150344613, 1.4082554168758314, 0.10083458874454226], [-363.15020100799154, 0.0, 0.0, 0.0, 0.0, 0.0, 0.0, 0.0, 0.0, -363.15020100799154, 18.27347640273257, 4.9034976620419455, 1.6638915156239673, 1.2426661740724443, 3.956722731192641, 4.929226368596223, 0.8572480269459843], [192.17426209272028, 3.1475338118826124, 16.17000774912671, 27.183216787126664, 12.467163001640104, 7.020024751553267, 31.675991707354083, 27.113808298844425, 4.86047798156735, 18.27347640273257, -24.63318149677652, -8.14059505385507, -0.39384888334643653, -0.12943697387137001, -6.3168748897988, -7.805838590688938, 110.12367999187279], [50.955423151204315, 0.9147961264628207, 4.479456252846668, 7.6792876475974445, 2.97020058644649, 1.9573771177531705, 7.951992770660846, 7.116140259555831, 1.3177900900640278, 4.9034976620419455, -8.14059505385507, -8.14059505385507, 0.0, 0.0, 0.0, 0.0, 29.48452334858262], [16.82585475227109, 0.2982915651873374, 1.3039151141236627, 2.5336789433963607, 0.9869100471278683, 0.5941475592953067, 2.8027689937153446, 2.6270848104549707, 0.3732594911008692, 1.6638915156239673, -0.39384888334643653, 0.0, -0.39384888334643653, 0.0, 0.0, 0.0, 9.614944439399062], [12.727010995567182, 0.24276178718331504, 1.0514412029184328, 1.665287685358678, 0.7971488371979082, 0.4590085531849538, 2.2097847691719643, 1.9128483442602455, 0.29432540759354847, 1.2426661740724443, -0.12943697387137001, 0.0, 0.0, -0.12943697387137001, 0.0, 0.0, 7.2057703415140795], [45.38820519092946, 0.7022223913203063, 4.199509157916536, 6.1601611311610975, 3.481338755387065, 1.6535766266656964, 7.7610854500081565, 6.158005592268002, 1.079219150344613, 3.956722731192641, -6.3168748897988, 0.0, 0.0, 0.0, -6.3168748897988, 0.0, 25.904860990290402], [49.66308262916144, 0.6768846458553255, 3.604814188325017, 6.785149074058405, 3.1162522871532046, 1.7397598450596488, 8.146910212462524, 7.065213820310802, 1.4082554168758314, 4.929226368596223, -7.805838590688938, 0.0, 0.0, 0.0, 0.0, -7.805838590688938, 28.388577996836933], [25.46086118491847, 0.40463574759155096, 1.7763080920873904, 6.768650155048478, 0.7028269912934606, 2.1714429658775902, 2.9989801899473214, 1.3413854364863163, 0.10083458874456053, 0.8572480269459959, 110.12367999187296, 29.484523348582627, 9.614944439399075, 7.2057703415140075, 25.90486099029043, 28.3885779968368, -1392.564599083269]]) ; se_all=(array([0.02742771, 0.12920854, 0.06496136, 0.0545759 , 0.072534  ,
       0.08987679, 0.05225809, 0.05448792, 0.10964602, 0.06234262,
       0.68299187, 0.81093573, 1.4245112 , 0.97561169, 0.83473738,
       0.81444597,        nan])) ; se_x_mu=(array([0.02742771, 0.12920854, 0.06496136, 0.0545759 , 0.072534  ,
       0.08987679, 0.05225809, 0.05448792, 0.10964602, 0.06234262]))"
55	Gata4_chr14_5760	"NaNs in SEs; H=np.array([[-518.6841922409061, -38.340098192936196, -38.181472868047784, -146.8361930206488, -27.488716987356653, -58.96589587957156, -48.93734720627033, -31.043553391490708, 11.004582672347142, 0.7833501277877125, 2.6896025424191254, 2.6571743337051115, 0.9035876358149346, 2.5802521689280087, 0.12309135031596452], [-38.340098192936196, -38.340098192936196, 0.0, 0.0, 0.0, 0.0, 0.0, 0.0, 0.8598882400967932, 0.0417283614305254, 0.24936455349081033, 0.1839001994494126, 0.06374968813768143, 0.22554421260172716, 0.03686896169663641], [-38.181472868047784, 0.0, -38.181472868047784, 0.0, 0.0, 0.0, 0.0, 0.0, 0.8050178254398695, 0.0631129539373635, 0.20466300361400527, 0.19313944936706848, 0.06928511978986704, 0.18921596274150224, 0.0036012809791628256], [-146.8361930206488, 0.0, 0.0, -146.8361930206488, 0.0, 0.0, 0.0, 0.0, 3.128770644682101, 0.2150883980018384, 0.7549947741727813, 0.7988100484118382, 0.2571960752131588, 0.7064604338636544, 0.0555299775867065], [-27.488716987356653, 0.0, 0.0, 0.0, -27.488716987356653, 0.0, 0.0, 0.0, 0.5874717106943934, 0.04075375879609739, 0.141747705173084, 0.1351365318510908, 0.04595626984864031, 0.14810422825957884, 0.0018520746409966399], [-58.96589587957156, 0.0, 0.0, 0.0, 0.0, -58.96589587957156, 0.0, 0.0, 1.2287246610630438, 0.09717445395454373, 0.28588342214083073, 0.29731075072985613, 0.09928970076412921, 0.27886949282207374, 0.003725439468474241], [-48.93734720627033, 0.0, 0.0, 0.0, 0.0, 0.0, -48.93734720627033, 0.0, 1.0227100738660846, 0.07702416296208306, 0.2286890661990206, 0.25488356448599686, 0.08959269885556524, 0.241458285222876, 0.0024754019940741523], [-31.043553391490708, 0.0, 0.0, 0.0, 0.0, 0.0, 0.0, -31.043553391490708, 0.6611447962059246, 0.04889047190193994, 0.16080710211283658, 0.16363314440528479, 0.048355084019558896, 0.1521144943171057, 0.005473841452919834], [11.004582672347144, 0.8598882400967932, 0.8050178254398695, 3.128770644682101, 0.5874717106943933, 1.2287246610630438, 1.0227100738660846, 0.6611447962059246, -0.037423120927767006, -0.07325900355640841, 0.07135850880109468, 0.15630948686390206, -0.02205235062647507, 0.00984298315944556, 0.8081713020959381], [0.7833501277877125, 0.0417283614305254, 0.06311295393736348, 0.2150883980018384, 0.04075375879609736, 0.09717445395454373, 0.07702416296208303, 0.048890471901939944, -0.07325900355640841, -0.07325900355640841, 0.0, 0.0, 0.0, 0.0, 0.053372598537289484], [2.6896025424191254, 0.24936455349081033, 0.20466300361400527, 0.7549947741727813, 0.141747705173084, 0.2858834221408307, 0.2286890661990206, 0.1608071021128366, 0.07135850880109468, 0.0, 0.07135850880109468, 0.0, 0.0, 0.0, 0.20450230004400868], [2.6571743337051115, 0.18390019944941263, 0.19313944936706848, 0.7988100484118382, 0.1351365318510908, 0.29731075072985613, 0.25488356448599686, 0.16363314440528479, 0.15630948686390206, 0.0, 0.0, 0.15630948686390206, 0.0, 0.0, 0.1936344996683038], [0.9035876358149346, 0.06374968813768142, 0.06928511978986704, 0.2571960752131588, 0.04595626984864031, 0.09928970076412916, 0.08959269885556524, 0.048355084019558896, -0.02205235062647507, 0.0, 0.0, 0.0, -0.02205235062647507, 0.0, 0.06505129149194498], [2.5802521689280087, 0.22554421260172716, 0.18921596274150224, 0.7064604338636544, 0.14810422825957884, 0.27886949282207374, 0.241458285222876, 0.1521144943171057, 0.00984298315944556, 0.0, 0.0, 0.0, 0.0, 0.00984298315944556, 0.1918250574932009], [0.1230913503165949, 0.03686896169663617, 0.0036012809791667877, 0.0555299775866569, 0.0018520746410086442, 0.003725439468464764, 0.00247540199408669, 0.00547384145291907, 0.8081713020959, 0.05337259853728504, 0.2045023000440267, 0.19363449966825996, 0.06505129149195987, 0.19182505749311574, -27.65262487277414]]) ; se_all=(array([0.08183984, 0.18386344, 0.18425503, 0.12068773, 0.21007175,
       0.15721078, 0.16789689, 0.19993126, 2.36983381, 4.38478152,
              nan,        nan, 7.19810692,        nan, 0.18447086])) ; se_x_mu=(array([0.08183984, 0.18386344, 0.18425503, 0.12068773, 0.21007175,
       0.15721078, 0.16789689, 0.19993126]))"
56	Lamb1_chr12_2210	ok
57	Igfbp4_chr11_16711	"NaNs in SEs; H=np.array([[-2288.937539418278, -12.200705540185771, -254.6824572170885, -254.43224859009916, -124.53275356568652, -62.67738007308406, -301.8235311870795, -249.32562416531167, -106.67348812604793, -264.4029878249899, 132.25808152406498, 34.76962569948433, 3.718432507469285, 49.78242543595696, 13.797373887075173, 13.936732099167376, 15.739638914030088], [-12.200705540185771, -12.200705540185771, 0.0, 0.0, 0.0, 0.0, 0.0, 0.0, 0.0, 0.0, 0.7620253480215331, 0.22831705558568405, 0.01852218038858477, 0.288468378151388, 0.07257253782156242, 0.06561846070170649, 0.0031034118427892277], [-254.6824572170885, 0.0, -254.6824572170885, 0.0, 0.0, 0.0, 0.0, 0.0, 0.0, 0.0, 14.556647173751406, 3.6451911715253913, 0.3368237242034834, 5.425760995853644, 1.5970614696906307, 1.6896947408817558, 2.6195831875887157], [-254.43224859009916, 0.0, 0.0, -254.43224859009916, 0.0, 0.0, 0.0, 0.0, 0.0, 0.0, 15.343132434585145, 4.502329318271857, 0.4023707591297396, 5.78550992875064, 1.4785614758188559, 1.4583307136219155, 1.1842148507031296], [-124.53275356568652, 0.0, 0.0, 0.0, -124.53275356568652, 0.0, 0.0, 0.0, 0.0, 0.0, 7.135545478439877, 2.0176387146525125, 0.21169127033316812, 2.4390890359587143, 0.8188299372830148, 0.6506311882534057, 0.20217620432658912], [-62.67738007308406, 0.0, 0.0, 0.0, 0.0, -62.67738007308406, 0.0, 0.0, 0.0, 0.0, 3.5007665554904506, 0.8280774709746308, 0.0831018831724385, 1.3022005066752214, 0.40572574997875654, 0.4189308840465705, 0.279417066473307], [-301.8235311870795, 0.0, 0.0, 0.0, 0.0, 0.0, -301.8235311870795, 0.0, 0.0, 0.0, 17.48781215175449, 4.2963346609967745, 0.5559272435244733, 7.039012239021102, 1.9355953554750884, 1.7604704717199784, 0.5382744799455965], [-249.32562416531167, 0.0, 0.0, 0.0, 0.0, 0.0, 0.0, -249.32562416531167, 0.0, 0.0, 14.737494035766838, 4.000586062024649, 0.4297762984693744, 5.629983919768325, 1.5001948637334193, 1.3473088242812135, 0.25479927954091364], [-106.67348812604793, 0.0, 0.0, 0.0, 0.0, 0.0, 0.0, 0.0, -106.67348812604793, 0.0, 5.897644811585651, 1.6052419660340544, 0.21153636366329404, 2.1235048056908883, 0.5972668399888154, 0.605693428902927, 0.5114153847963709], [-264.4029878249899, 0.0, 0.0, 0.0, 0.0, 0.0, 0.0, 0.0, 0.0, -264.4029878249899, 15.610726082665735, 4.330799351583657, 0.4189389663834667, 5.62662021374253, 1.473787428947, 1.7801675204634744, 0.8309246338845868], [132.25808152406492, 0.762025348021533, 14.556647173751404, 15.343132434585145, 7.135545478439877, 3.5007665554904506, 17.48781215175449, 14.737494035766842, 5.897644811585651, 15.610726082665735, -23.26633909301225, -6.424631488262431, -0.11115852722595196, -14.1435035078802, -0.6434010769736347, -0.6175603181795011, 71.44234171391685], [34.76962569948434, 0.22831705558568405, 3.6451911715253917, 4.502329318271857, 2.0176387146525125, 0.8280774709746308, 4.2963346609967745, 4.000586062024649, 1.605241966034054, 4.330799351583657, -6.424631488262431, -6.424631488262431, 0.0, 0.0, 0.0, 0.0, 18.46930832382864], [3.718432507469285, 0.018522180388584764, 0.3368237242034833, 0.4023707591297395, 0.21169127033316806, 0.0831018831724385, 0.5559272435244733, 0.4297762984693744, 0.21153636366329404, 0.4189389663834667, -0.11115852722595196, 0.0, -0.11115852722595196, 0.0, 0.0, 0.0, 1.974822438531666], [49.78242543595696, 0.2884683781513879, 5.425760995853644, 5.785509928750638, 2.4390890359587143, 1.3022005066752214, 7.039012239021102, 5.629983919768325, 2.1235048056908883, 5.62662021374253, -14.1435035078802, 0.0, 0.0, -14.1435035078802, 0.0, 0.0, 26.89020390823407], [13.797373887075173, 0.07257253782156242, 1.5970614696906305, 1.4785614758188552, 0.8188299372830148, 0.40572574997875654, 1.9355953554750884, 1.5001948637334193, 0.5972668399888154, 1.4737874289470003, -0.6434010769736347, 0.0, 0.0, 0.0, -0.6434010769736347, 0.0, 7.484481013493027], [13.936732099167376, 0.06561846070170646, 1.689694740881756, 1.4583307136219155, 0.6506311882534056, 0.4189308840465705, 1.7604704717199784, 1.3473088242812135, 0.605693428902927, 1.7801675204634744, -0.6175603181795011, 0.0, 0.0, 0.0, 0.0, -0.6175603181795011, 7.76557111100101], [15.739638914031914, 0.0031034118427902824, 2.6195831875887645, 1.1842148507030936, 0.20217620432659977, 0.2794170664733058, 0.5382744799454517, 0.2547992795409142, 0.5114153847963729, 0.8309246338846537, 71.44234171391645, 18.469308323828685, 1.9748224385316595, 26.890203908234213, 7.484481013493017, 7.76557111100108, -801.0896972345549]]) ; se_all=(array([       nan, 0.28894116, 0.07380033, 0.0738378 , 0.09774218,
       0.13219533, 0.06952743, 0.07437273, 0.10436319, 0.07281486,
              nan, 0.47979773, 1.89851256,        nan, 1.05818471,
       0.88885241,        nan])) ; se_x_mu=(array([       nan, 0.28894116, 0.07380033, 0.0738378 , 0.09774218,
       0.13219533, 0.06952743, 0.07437273, 0.10436319, 0.07281486]))"
58	Gata4_chr14_5749	"NaNs in SEs; H=np.array([[-2927.847581881322, -30.446004383167864, -355.39402828763764, -507.1890405429678, -229.15425703278328, -84.67483959984025, -407.29412673008966, -246.70725509673815, -104.67311931781842, -193.48319811774917, 100.10493109377494, 6.116718261440153, 29.898148029692592, 21.71971849428806, 24.19158395988301, 6.829220592304028, 5.4111480518312565], [-30.446004383167864, -30.446004383167864, 0.0, 0.0, 0.0, 0.0, 0.0, 0.0, 0.0, 0.0, 1.0862137531335898, 0.05681055891211592, 0.3047870357162102, 0.28085419045269555, 0.26380345754583745, 0.06198986371390132, 0.017048392094870354], [-355.39402828763764, 0.0, -355.39402828763764, 0.0, 0.0, 0.0, 0.0, 0.0, 0.0, 0.0, 12.075098897326583, 0.8133727445842005, 3.437529882301915, 2.761349450136452, 2.9277560283516193, 0.7281714714612345, 1.045735604926517], [-507.1890405429678, 0.0, 0.0, -507.1890405429678, 0.0, 0.0, 0.0, 0.0, 0.0, 0.0, 17.544661000985556, 1.020226198760303, 5.470951663006498, 3.7462465480355895, 4.0997847813496175, 1.2458031729861023, 1.6961058966407343], [-229.15425703278328, 0.0, 0.0, 0.0, -229.15425703278328, 0.0, 0.0, 0.0, 0.0, 0.0, 7.933659803244212, 0.4554000794756686, 2.4100375872822384, 1.8035495406100603, 1.8821243941193893, 0.5335068494603641, 0.285558355394125], [-84.67483959984025, 0.0, 0.0, 0.0, 0.0, -84.67483959984025, 0.0, 0.0, 0.0, 0.0, 2.9025781915979296, 0.1800146592478457, 0.9409647478567947, 0.6399695032930662, 0.6444191251484633, 0.20336879404750327, 0.13238348496201655], [-407.29412673008966, 0.0, 0.0, 0.0, 0.0, 0.0, -407.29412673008966, 0.0, 0.0, 0.0, 13.9951222343122, 0.8468216827413128, 4.163426292840476, 3.1232311757514024, 3.417820899610531, 0.9287799970518689, 0.3358988805535306], [-246.70725509673815, 0.0, 0.0, 0.0, 0.0, 0.0, 0.0, -246.70725509673815, 0.0, 0.0, 8.449824351877872, 0.5612606933199744, 2.509613317425166, 1.8874923949409246, 2.0142250418924603, 0.53275523766778, 0.08168247059291672], [-104.67311931781842, 0.0, 0.0, 0.0, 0.0, 0.0, 0.0, 0.0, -104.67311931781842, 0.0, 3.50300368152356, 0.22446029933169215, 0.9779160760506812, 0.7710500076460091, 0.8746686721682605, 0.26609133631288656, 0.09265596579780677], [-193.48319811774917, 0.0, 0.0, 0.0, 0.0, 0.0, 0.0, 0.0, 0.0, -193.48319811774917, 6.745235398105897, 0.3887843897941819, 1.9897136354260936, 1.5757758837404416, 1.6294204144711977, 0.42503575211674677, 0.08261296331871773], [100.10493109377494, 1.0862137531335898, 12.075098897326583, 17.54466100098556, 7.933659803244211, 2.9025781915979296, 13.9951222343122, 8.449824351877872, 3.503003681523559, 6.745235398105895, -6.0594320037436855, -0.08384525497760337, -2.1780829747046506, -1.4392377341808094, -1.720063583096101, -0.09813579490553093, 28.000783811108818], [6.116718261440154, 0.05681055891211592, 0.8133727445842005, 1.0202261987603034, 0.4554000794756686, 0.1800146592478457, 0.8468216827413128, 0.5612606933199744, 0.2244602993316921, 0.3887843897941819, -0.08384525497760337, -0.08384525497760337, 0.0, 0.0, 0.0, 0.0, 1.7099611784133404], [29.898148029692592, 0.30478703571621013, 3.437529882301915, 5.470951663006498, 2.4100375872822384, 0.9409647478567947, 4.163426292840476, 2.509613317425166, 0.9779160760506812, 1.989713635426092, -2.1780829747046506, 0.0, -2.1780829747046506, 0.0, 0.0, 0.0, 8.390458712614342], [21.71971849428806, 0.28085419045269566, 2.761349450136452, 3.7462465480355895, 1.8035495406100601, 0.6399695032930662, 3.1232311757514033, 1.8874923949409241, 0.7710500076460088, 1.5757758837404405, -1.4392377341808094, 0.0, 0.0, -1.4392377341808094, 0.0, 0.0, 6.002998747049892], [24.191583959883005, 0.26380345754583745, 2.9277560283516193, 4.099784781349618, 1.8821243941193877, 0.6444191251484633, 3.417820899610531, 2.0142250418924603, 0.8746686721682604, 1.6294204144711977, -1.720063583096101, 0.0, 0.0, 0.0, -1.720063583096101, 0.0, 6.7591132814799195], [6.829220592304028, 0.06198986371390132, 0.7281714714612343, 1.2458031729861023, 0.5335068494603641, 0.20336879404750327, 0.9287799970518689, 0.53275523766778, 0.26609133631288656, 0.42503575211674677, -0.09813579490553093, 0.0, 0.0, 0.0, 0.0, -0.09813579490553093, 1.9309062014789142], [5.411148051829031, 0.017048392094869247, 1.045735604926472, 1.6961058966406277, 0.28555835539406393, 0.13238348496202246, 0.3358988805534837, 0.08168247059288891, 0.09265596579779722, 0.08261296331877821, 28.000783811108818, 1.7099611784133373, 8.39045871261446, 6.002998747049716, 6.759113281479912, 1.9309062014789404, -567.834801664143]]) ; se_all=(array([       nan, 0.18480372, 0.06417084, 0.05720501, 0.07527414,
       0.11451049, 0.06129638, 0.07318838, 0.10418767, 0.08044581,
              nan,        nan, 1.40732075, 1.52425738, 1.45963196,
              nan,        nan])) ; se_x_mu=(array([       nan, 0.18480372, 0.06417084, 0.05720501, 0.07527414,
       0.11451049, 0.06129638, 0.07318838, 0.10418767, 0.08044581]))"
59	Sox2_chr3_2005	ok
60	Sox4_chr13_2052	ok
61	Tubb2b_chr13_2576	"NaNs in SEs; H=np.array([[-7762.814085539273, -127.81659285599899, -758.4721766530513, -787.5525035726963, -632.3611835845411, -207.05671743811814, -1050.329514273256, -1352.2383151244792, -340.9891702615261, -695.5044012711037, 205.68740648856058, 52.57937078013692, 49.52018745534956, 19.70913558094505, 40.40653677944243, 17.75781957762152, 89.36285281220566], [-127.81659285599899, -127.81659285599899, 0.0, 0.0, 0.0, 0.0, 0.0, 0.0, 0.0, 0.0, 3.4717197727368285, 0.922699747705036, 0.9121546297097638, 0.26897834445292124, 0.5964750871240232, 0.3130720962751399, 1.1434474117253388], [-758.4721766530513, 0.0, -758.4721766530513, 0.0, 0.0, 0.0, 0.0, 0.0, 0.0, 0.0, 19.717957387446283, 5.19264248100704, 4.802409416353817, 1.8237540086412403, 3.863982866762528, 1.7340838137208414, 15.725105764691751], [-787.5525035726963, 0.0, 0.0, -787.5525035726963, 0.0, 0.0, 0.0, 0.0, 0.0, 0.0, 21.49768602491825, 5.483425931173037, 5.083992409804117, 1.851815802521943, 4.602499555967617, 1.8885046258988414, 5.756092015444591], [-632.3611835845411, 0.0, 0.0, 0.0, -632.3611835845411, 0.0, 0.0, 0.0, 0.0, 0.0, 17.33283139649096, 4.469224027518325, 4.2113019599256365, 1.6862882026326413, 3.6130641224279674, 1.3566243493619659, 6.673817434675755], [-207.05671743811814, 0.0, 0.0, 0.0, 0.0, -207.05671743811814, 0.0, 0.0, 0.0, 0.0, 5.894881918697338, 1.5967731584736926, 1.4887452867560507, 0.4565143736625928, 1.161579699037175, 0.5480676082885666, 3.0084106193664235], [-1050.329514273256, 0.0, 0.0, 0.0, 0.0, 0.0, -1050.329514273256, 0.0, 0.0, 0.0, 28.654167426178827, 7.5648301830519795, 6.841736415263254, 2.6565611528346738, 5.626330345271124, 2.283346109783094, 4.65027598548104], [-1352.2383151244792, 0.0, 0.0, 0.0, 0.0, 0.0, 0.0, -1352.2383151244792, 0.0, 0.0, 35.876105573528314, 8.322963549846458, 9.077287876962657, 3.6285480156735814, 7.452040035049432, 2.953561184831168, 10.945864115679786], [-340.9891702615261, 0.0, 0.0, 0.0, 0.0, 0.0, 0.0, 0.0, -340.9891702615261, 0.0, 9.03922312648204, 2.5693083980612927, 2.1589501372151836, 0.9657549250902291, 1.490225176650314, 0.8434934178302524, 3.907601339496794], [-695.5044012711037, 0.0, 0.0, 0.0, 0.0, 0.0, 0.0, 0.0, 0.0, -695.5044012711037, 18.50973963719385, 4.5849628756825105, 4.612530826272507, 1.7708842712317385, 3.5277984168535075, 1.674390704668053, 2.446812524158407], [205.68740648856055, 3.4717197727368285, 19.717957387446283, 21.49768602491825, 17.33283139649096, 5.894881918697338, 28.654167426178827, 35.876105573528314, 9.03922312648204, 18.509739637193846, -22.778501739770615, -8.134465212668916, -7.07291466002071, -0.9469848715491544, -4.434357643947115, -0.782277967894564, 264.9178832657653], [52.57937078013691, 0.9226997477050359, 5.19264248100704, 5.483425931173035, 4.4692240275183215, 1.5967731584736926, 7.564830183051978, 8.322963549846458, 2.5693083980612927, 4.5849628756825105, -8.134465212668916, -8.134465212668916, 0.0, 0.0, 0.0, 0.0, 68.25344678939835], [49.52018745534956, 0.9121546297097638, 4.802409416353817, 5.083992409804116, 4.211301959925638, 1.4887452867560504, 6.841736415263254, 9.077287876962657, 2.1589501372151836, 4.6125308262725095, -7.07291466002071, 0.0, -7.07291466002071, 0.0, 0.0, 0.0, 63.05259064175591], [19.70913558094505, 0.26897834445292124, 1.8237540086412405, 1.851815802521943, 1.686288202632642, 0.4565143736625928, 2.6565611528346738, 3.6285480156735814, 0.9657549250902291, 1.7708842712317376, -0.9469848715491544, 0.0, 0.0, -0.9469848715491544, 0.0, 0.0, 25.597568294537602], [40.40653677944243, 0.5964750871240232, 3.863982866762528, 4.602499555967615, 3.613064122427968, 1.161579699037175, 5.626330345271125, 7.452040035049432, 1.490225176650314, 3.5277984168535075, -4.434357643947115, 0.0, 0.0, 0.0, -4.434357643947115, 0.0, 51.39369268651993], [17.75781957762152, 0.3130720962751399, 1.7340838137208407, 1.8885046258988407, 1.3566243493619654, 0.5480676082885666, 2.283346109783094, 2.9535611848311674, 0.843493417830252, 1.674390704668053, -0.782277967894564, 0.0, 0.0, 0.0, 0.0, -0.782277967894564, 23.214864894646386], [89.36285281221123, 1.143447411725349, 15.725105764691733, 5.756092015444441, 6.673817434675779, 3.008410619366379, 4.650275985481102, 10.945864115680028, 3.9076013394967384, 2.4468125241584096, 264.917883265764, 68.25344678939831, 63.05259064175604, 25.597568294537588, 51.39369268651991, 23.214864894646457, -5527.5049225178345]]) ; se_all=(array([       nan, 0.09152082, 0.04325534, 0.04267933, 0.04618236,
       0.07332065, 0.0387817 , 0.03594501, 0.05903384, 0.0446116 ,
              nan,        nan,        nan, 1.27551511,        nan,
       1.24236744,        nan])) ; se_x_mu=(array([       nan, 0.09152082, 0.04325534, 0.04267933, 0.04618236,
       0.07332065, 0.0387817 , 0.03594501, 0.05903384, 0.0446116 ]))"
62	Tubb2b_chr13_2577	ok
63	Lama1_chr17_7793	"NaNs in SEs; H=np.array([[-1927.5346769689065, -12.891861710508477, -111.4640522375991, -307.7451377250155, -188.6506748298908, -66.06431531110165, -210.98943435688483, -261.81253120892234, -48.81108466109855, -131.68336956650649, 108.13335432033942, 26.5077921734524, 28.04615028073789, 2.7985137593346554, 22.46838674483786, 19.10883360856097, 3.831053549006872], [-12.891861710508477, -12.891861710508477, 0.0, 0.0, 0.0, 0.0, 0.0, 0.0, 0.0, 0.0, 0.7344463745506242, 0.2248395443357256, 0.18186676680972047, 0.018304148915046333, 0.09544542021801444, 0.1546509929361091, 0.0012023225442194252], [-111.4640522375991, 0.0, -111.4640522375991, 0.0, 0.0, 0.0, 0.0, 0.0, 0.0, 0.0, 6.24163869833592, 1.5903414978922779, 1.6401453654564042, 0.16396039732036252, 1.1856559906390256, 1.0919580876076385, 0.0493571670487411], [-307.7451377250155, 0.0, 0.0, -307.7451377250155, 0.0, 0.0, 0.0, 0.0, 0.0, 0.0, 16.971913263875578, 3.979437694649225, 4.518651002946981, 0.4538529563480857, 3.4676961430401794, 3.0407982407550573, 0.8209404580573949], [-188.6506748298908, 0.0, 0.0, 0.0, -188.6506748298908, 0.0, 0.0, 0.0, 0.0, 0.0, 10.656249759015573, 2.6864931701567576, 2.72177483572137, 0.2688491159513592, 2.440769584248613, 1.71950423842394, 0.42716047315766814], [-66.06431531110165, 0.0, 0.0, 0.0, 0.0, -66.06431531110165, 0.0, 0.0, 0.0, 0.0, 3.7735530654788496, 0.9085585097091674, 1.0210800825174666, 0.10085643397257779, 0.7132732496050869, 0.7103807679296515, 0.1587356175171366], [-210.98943435688483, 0.0, 0.0, 0.0, 0.0, 0.0, -210.98943435688483, 0.0, 0.0, 0.0, 12.154221345668452, 2.9920907045648297, 3.2176155446821877, 0.3006130373883709, 2.6564084782860107, 2.0634852453654884, 0.06618884722239522], [-261.81253120892234, 0.0, 0.0, 0.0, 0.0, 0.0, 0.0, -261.81253120892234, 0.0, 0.0, 14.705697648424833, 3.523776622218589, 3.9408388031205632, 0.39414208162904046, 2.9285856226228613, 2.695590631261849, 0.11955343657616434], [-48.81108466109855, 0.0, 0.0, 0.0, 0.0, 0.0, 0.0, 0.0, -48.81108466109855, 0.0, 2.860136041745284, 0.7613720958068793, 0.7584559126286708, 0.055352471837648944, 0.5277472502364897, 0.5023720562185653, 0.014362594909067453], [-131.68336956650649, 0.0, 0.0, 0.0, 0.0, 0.0, 0.0, 0.0, 0.0, -131.68336956650649, 7.369893259014937, 1.7848845702198137, 1.8267100868347779, 0.19724888280227193, 1.5601858572204588, 1.4016537713619386, 0.024360675252783584], [108.13335432033942, 0.7344463745506242, 6.24163869833592, 16.971913263875578, 10.656249759015571, 3.773553065478849, 12.15422134566845, 14.705697648424833, 2.8601360417452826, 7.369893259014937, -10.379238607665538, -3.0275876308235508, -3.2645376888048836, -0.15123795851164365, -2.2344652963983624, -1.531695584098145, 27.735996265852926], [26.5077921734524, 0.2248395443357256, 1.5903414978922779, 3.9794376946492243, 2.6864931701567576, 0.9085585097091674, 2.9920907045648297, 3.523776622218589, 0.7613720958068789, 1.7848845702198137, -3.0275876308235508, -3.0275876308235508, 0.0, 0.0, 0.0, 0.0, 6.780774034930817], [28.04615028073789, 0.18186676680972047, 1.6401453654564042, 4.518651002946983, 2.72177483572137, 1.0210800825174666, 3.2176155446821855, 3.9408388031205632, 0.7584559126286708, 1.8267100868347774, -3.2645376888048836, 0.0, -3.2645376888048836, 0.0, 0.0, 0.0, 7.159479097144194], [2.7985137593346554, 0.018304148915046333, 0.1639603973203627, 0.4538529563480857, 0.2688491159513592, 0.10085643397257779, 0.3006130373883709, 0.39414208162904046, 0.055352471837648944, 0.19724888280227193, -0.15123795851164365, 0.0, 0.0, -0.15123795851164365, 0.0, 0.0, 0.7206201664030647], [22.46838674483786, 0.0954454202180144, 1.1856559906390256, 3.4676961430401794, 2.440769584248613, 0.7132732496050869, 2.6564084782860102, 2.9285856226228604, 0.5277472502364894, 1.5601858572204588, -2.2344652963983624, 0.0, 0.0, 0.0, -2.2344652963983624, 0.0, 5.802360790934279], [19.10883360856097, 0.15465099293610907, 1.0919580876076385, 3.040798240755057, 1.71950423842394, 0.7103807679296515, 2.0634852453654884, 2.695590631261849, 0.5023720562185652, 1.4016537713619386, -1.531695584098145, 0.0, 0.0, 0.0, 0.0, -1.531695584098145, 4.8764271884113075], [3.831053549007457, 0.0012023225442190366, 0.04935716704875359, 0.8209404580573656, 0.42716047315765415, 0.15873561751712528, 0.06618884722238061, 0.1195534365761155, 0.014362594909063997, 0.024360675252750763, 27.73599626585269, 6.7807740349307295, 7.159479097144185, 0.7206201664030765, 5.802360790934301, 4.876427188411284, -342.3292275099975]]) ; se_all=(array([       nan, 0.28158005, 0.10331758, 0.0703675 , 0.08366811,
       0.12976988, 0.0802697 , 0.07430953, 0.1489372 , 0.09641147,
              nan,        nan,        nan,        nan,        nan,
              nan,        nan])) ; se_x_mu=(array([       nan, 0.28158005, 0.10331758, 0.0703675 , 0.08366811,
       0.12976988, 0.0802697 , 0.07430953, 0.1489372 , 0.09641147]))"
64	Bend5_chr4_8175	"NaNs in SEs; H=np.array([[-5482.998192835564, -101.57183280464083, -474.0787765351364, -527.9639725161156, -370.8130730298389, -142.64847631097646, -950.4468583773358, -953.3132423622114, -229.6528130270011, -621.2285789666735, 158.36212793513099, 42.461303278235874, 18.20846659429801, 7.185678436304739, 53.94770165703936, 16.21021964801803, 24.988418587096074], [-101.57183280464083, -101.57183280464083, 0.0, 0.0, 0.0, 0.0, 0.0, 0.0, 0.0, 0.0, 2.7797735625413256, 0.6754381537635812, 0.3404973911485688, 0.13522348432955458, 0.9006278923443837, 0.286930706015371, 0.7686949086646854], [-474.0787765351364, 0.0, -474.0787765351364, 0.0, 0.0, 0.0, 0.0, 0.0, 0.0, 0.0, 13.195729636380584, 3.6741777627389807, 1.6450931652186713, 0.5944443034398141, 4.106107439019909, 1.6615614397169116, 2.6797410730792586], [-527.9639725161156, 0.0, 0.0, -527.9639725161156, 0.0, 0.0, 0.0, 0.0, 0.0, 0.0, 15.639305427937888, 4.251930294113105, 1.7962344685948424, 0.6522859964494455, 5.372801719104465, 1.4923590625876566, 1.6082420896242868], [-370.8130730298389, 0.0, 0.0, 0.0, -370.8130730298389, 0.0, 0.0, 0.0, 0.0, 0.0, 10.841221557183372, 3.1473619176822374, 1.2218982952112913, 0.5117441385787178, 3.6882282659786645, 0.9555755544303818, 1.0525422428370255], [-142.64847631097646, 0.0, 0.0, 0.0, 0.0, -142.64847631097646, 0.0, 0.0, 0.0, 0.0, 4.440387495684133, 1.2879469401338817, 0.41828773118594315, 0.17963291949168914, 1.531605943769503, 0.47112444773398476, 0.7684266072087278], [-950.4468583773358, 0.0, 0.0, 0.0, 0.0, 0.0, -950.4468583773358, 0.0, 0.0, 0.0, 27.59458962190398, 7.874412260864844, 3.1952681343434186, 1.3188078049181922, 9.196348687155336, 2.7864950349112467, 4.079387559353714], [-953.3132423622114, 0.0, 0.0, 0.0, 0.0, 0.0, 0.0, -953.3132423622114, 0.0, 0.0, 27.94440329395613, 7.419413556220498, 3.1921308668259525, 1.234552575085947, 9.937910763264975, 2.5837717660108, 4.362508654648704], [-229.6528130270011, 0.0, 0.0, 0.0, 0.0, 0.0, 0.0, 0.0, -229.6528130270011, 0.0, 6.507075493032668, 1.4427456211900143, 0.6673998075157345, 0.33240595902660985, 2.313649717198775, 0.7443952148930137, 0.9533450546232771], [-621.2285789666735, 0.0, 0.0, 0.0, 0.0, 0.0, 0.0, 0.0, 0.0, -621.2285789666735, 17.784355459050506, 4.760890801791676, 2.038198520947403, 0.8190552640506865, 5.816864134390309, 1.9165184305003264, 2.1949145848606317], [158.36212793513099, 2.7797735625413265, 13.195729636380584, 15.639305427937888, 10.841221557183372, 4.440387495684133, 27.594589621903978, 27.94440329395613, 6.507075493032668, 17.784355459050506, -13.500164190847851, -4.277616997630018, -0.663696196616978, -0.5056395725613265, -7.085770946328648, -0.49862429504123795, 111.85418780558557], [42.461303278235874, 0.675438153763581, 3.674177762738981, 4.251930294113105, 3.1473619176822374, 1.2879469401338817, 7.874412260864844, 7.419413556220498, 1.4427456211900145, 4.760890801791676, -4.277616997630018, -4.277616997630018, 0.0, 0.0, 0.0, 0.0, 29.882274562280355], [18.208466594298013, 0.3404973911485688, 1.6450931652186718, 1.7962344685948424, 1.2218982952112916, 0.4182877311859431, 3.1952681343434186, 3.1921308668259525, 0.6673998075157345, 2.038198520947403, -0.663696196616978, 0.0, -0.663696196616978, 0.0, 0.0, 0.0, 12.893273625935871], [7.18567843630474, 0.1352234843295546, 0.5944443034398144, 0.6522859964494455, 0.5117441385787178, 0.17963291949168914, 1.3188078049181922, 1.234552575085947, 0.33240595902660985, 0.8190552640506865, -0.5056395725613265, 0.0, 0.0, -0.5056395725613265, 0.0, 0.0, 5.076127487570239], [53.94770165703936, 0.9006278923443839, 4.10610743901991, 5.372801719104464, 3.6882282659786645, 1.5316059437695033, 9.196348687155336, 9.937910763264975, 2.313649717198775, 5.816864134390308, -7.085770946328648, 0.0, 0.0, 0.0, -7.085770946328648, 0.0, 38.08622387759497], [16.21021964801802, 0.286930706015371, 1.6615614397169116, 1.4923590625876566, 0.9555755544303818, 0.47112444773398504, 2.7864950349112467, 2.5837717660108, 0.7443952148930137, 1.9165184305003262, -0.49862429504123795, 0.0, 0.0, 0.0, 0.0, -0.49862429504123795, 11.533969251373202], [24.988418587097208, 0.7686949086646933, 2.6797410730792643, 1.608242089624369, 1.0525422428370055, 0.76842660720874, 4.079387559353872, 4.362508654648845, 0.9533450546232762, 2.194914584860684, 111.85418780558552, 29.8822745622803, 12.893273625935823, 5.07612748757024, 38.08622387759502, 11.533969251373222, -2492.1601466675656]]) ; se_all=(array([       nan, 0.10366171, 0.05486872, 0.05285579, 0.05997495,
       0.0889299 , 0.04418636, 0.04414878, 0.07248846, 0.05009537,
              nan,        nan, 1.62215625, 0.85314829,        nan,
       1.9183193 ,        nan])) ; se_x_mu=(array([       nan, 0.10366171, 0.05486872, 0.05285579, 0.05997495,
       0.0889299 , 0.04418636, 0.04414878, 0.07248846, 0.05009537]))"
65	Col1a1_chr11_15275	"NaNs in SEs; H=np.array([[-1510.995057561397, -70.83440444529022, -152.76018848095276, -45.52987428210846, -14.595931860927976, -339.7293060211572, -113.32112161309374, -63.711358053897406, 131.17342444328906, 33.20341191944115, 21.231303423254424, 2.461546379061696, 36.702860903629876, 26.74450754648033, 7.6450491106066325], [-70.83440444529022, -70.83440444529022, 0.0, 0.0, 0.0, 0.0, 0.0, 0.0, 5.920260277201508, 1.4140838043428305, 0.8940858552947404, 0.11039020470999303, 1.687179530484504, 1.3422845252614986, 0.9761628775159896], [-152.76018848095276, 0.0, -152.76018848095276, 0.0, 0.0, 0.0, 0.0, 0.0, 13.358830137218025, 3.4538887659292925, 2.107254939222388, 0.2764228563128409, 3.857259464287616, 2.643004019447966, 0.2815612054751602], [-45.52987428210846, 0.0, 0.0, -45.52987428210846, 0.0, 0.0, 0.0, 0.0, 3.9826019327094127, 1.0011723927143998, 0.636020087198935, 0.08080232849406124, 1.141919426776405, 0.822401884604787, 0.010292352528322564], [-14.595931860927976, 0.0, 0.0, 0.0, -14.595931860927976, 0.0, 0.0, 0.0, 1.2382559508664885, 0.24157491819720894, 0.24064193063939418, 0.029231179082431665, 0.3643728695236852, 0.2760311064978053, 0.0031025628207186143], [-339.7293060211572, 0.0, 0.0, 0.0, 0.0, -339.7293060211572, 0.0, 0.0, 29.88022334370113, 7.719344306650056, 4.692624308616236, 0.5650871299668646, 8.766259588662614, 5.774658844403791, 0.6790547556563697], [-113.32112161309374, 0.0, 0.0, 0.0, 0.0, 0.0, -113.32112161309374, 0.0, 9.870957198183028, 2.381197209017875, 1.640679084837563, 0.18676391773083909, 2.8299711847287092, 2.005803285701456, 0.02763626765124169], [-63.711358053897406, 0.0, 0.0, 0.0, 0.0, 0.0, 0.0, -63.711358053897406, 5.646236563032367, 1.4956604897400199, 0.8927371596001165, 0.10292045790824975, 1.5184706407608362, 1.2051968789037182, 0.011278840035494321], [131.17342444328906, 5.920260277201508, 13.358830137218025, 3.9826019327094127, 1.2382559508664885, 29.88022334370113, 9.870957198183028, 5.646236563032367, -22.48554662369212, -6.778663556652577, -2.5459277897649777, -0.1774507687623933, -8.55191707517395, -4.248874767492034, 37.356524092492236], [33.20341191944115, 1.4140838043428305, 3.4538887659292916, 1.0011723927143998, 0.24157491819720894, 7.719344306650056, 2.381197209017875, 1.4956604897400199, -6.778663556652577, -6.778663556652577, 0.0, 0.0, 0.0, 0.0, 9.431332059271986], [21.231303423254424, 0.8940858552947406, 2.107254939222388, 0.636020087198935, 0.24064193063939426, 4.692624308616236, 1.6406790848375632, 0.8927371596001165, -2.5459277897649777, 0.0, -2.5459277897649777, 0.0, 0.0, 0.0, 6.063789518026323], [2.461546379061696, 0.11039020470999303, 0.2764228563128409, 0.08080232849406124, 0.029231179082431665, 0.5650871299668646, 0.18676391773083925, 0.10292045790824975, -0.1774507687623933, 0.0, 0.0, -0.1774507687623933, 0.0, 0.0, 0.6894373862849844], [36.7028609036299, 1.687179530484504, 3.857259464287616, 1.141919426776405, 0.3643728695236852, 8.766259588662614, 2.8299711847287092, 1.5184706407608362, -8.55191707517395, 0.0, 0.0, 0.0, -8.55191707517395, 0.0, 10.310249945939299], [26.74450754648033, 1.3422845252614986, 2.6430040194479654, 0.822401884604787, 0.2760311064978053, 5.774658844403791, 2.005803285701456, 1.2051968789037182, -4.248874767492034, 0.0, 0.0, 0.0, 0.0, -4.248874767492034, 7.709005891074088], [7.645049110607786, 0.976162877515983, 0.28156120547515684, 0.01029235252831251, 0.00310256282071919, 0.6790547556565265, 0.027636267651258706, 0.011278840035496174, 37.35652409249258, 9.431332059271995, 6.063789518026454, 0.6894373862850021, 10.310249945939319, 7.709005891074241, -287.59184428022763]]) ; se_all=(array([       nan, 0.12457879, 0.0891695 , 0.15286432, 0.26441375,
       0.06595906, 0.10115355, 0.13077764,        nan,        nan,
              nan, 2.03362225,        nan,        nan,        nan])) ; se_x_mu=(array([       nan, 0.12457879, 0.0891695 , 0.15286432, 0.26441375,
       0.06595906, 0.10115355, 0.13077764]))"
66	Tgfbi_chr13_5692	"NaNs in SEs; H=np.array([[-2618.127482283867, -48.640738839356914, -260.629645620133, -442.76675180336173, -143.34048857156168, -400.0450127863832, -189.6476757819054, -118.75339483455943, -241.53027426141577, 112.52129688039008, 49.7050924590486, 3.7073591612417096, 9.216963421967984, 20.27000388910574, 14.956281572698309, 13.117285749187156], [-48.640738839356914, -48.640738839356914, 0.0, 0.0, 0.0, 0.0, 0.0, 0.0, 0.0, 2.096441568066858, 0.8999014281918096, 0.06645620750140455, 0.1880054357239049, 0.34123852124456866, 0.31315100091794623, 0.15595743566194598], [-260.629645620133, 0.0, -260.629645620133, 0.0, 0.0, 0.0, 0.0, 0.0, 0.0, 11.035322078779998, 4.89006325257019, 0.3666821049456408, 0.8905140544946137, 1.9649175639667322, 1.4660762498160924, 0.975696646329254], [-442.76675180336173, 0.0, 0.0, -442.76675180336173, 0.0, 0.0, 0.0, 0.0, 0.0, 19.18866919583566, 8.666631923473101, 0.6507529203536555, 1.6152387679555604, 3.4507278581351843, 2.3456294443198376, 3.8246839289171985], [-143.34048857156168, 0.0, 0.0, 0.0, -143.34048857156168, 0.0, 0.0, 0.0, 0.0, 6.1344654274505865, 2.5753879832252307, 0.175647903464569, 0.46370285836191866, 1.105114865455189, 0.9404618741409185, 0.1247923265912495], [-400.0450127863832, 0.0, 0.0, 0.0, 0.0, -400.0450127863832, 0.0, 0.0, 0.0, 17.012487232537985, 7.160436812950782, 0.5865946042723464, 1.3873581358419307, 3.274002449194519, 2.3359383477720015, 0.5424931197828945], [-189.6476757819054, 0.0, 0.0, 0.0, 0.0, 0.0, -189.6476757819054, 0.0, 0.0, 8.460519240057934, 3.880241585195814, 0.25553532802393525, 0.6577673804038693, 1.495317208409453, 1.0887684534008346, 0.027726863715676717], [-118.75339483455943, 0.0, 0.0, 0.0, 0.0, 0.0, 0.0, -118.75339483455943, 0.0, 5.0315931500818785, 2.1562652700947065, 0.18236074471329142, 0.4415945265557269, 0.8029002308560613, 0.7117112412130034, 0.2756176132144211], [-241.53027426141577, 0.0, 0.0, 0.0, 0.0, 0.0, 0.0, 0.0, -241.53027426141577, 10.801978376989751, 5.260264889192501, 0.3656195098036642, 0.7729274403885751, 1.757602980859768, 1.34499950102097, 0.27324188243955183], [112.52129688039005, 2.096441568066858, 11.035322078779998, 19.18866919583566, 6.1344654274505865, 17.012487232537985, 8.460519240057934, 5.031593150081879, 10.801978376989751, -15.909193544783594, -11.58130361361509, -0.13134051920819145, -0.17112351633280926, -1.723300573532757, -0.8643754375734901, 60.15792072789353], [49.7050924590486, 0.8999014281918096, 4.890063252570191, 8.6666319234731, 2.5753879832252307, 7.160436812950782, 3.880241585195814, 2.156265270094708, 5.260264889192501, -11.58130361361509, -11.58130361361509, 0.0, 0.0, 0.0, 0.0, 26.498132957317438], [3.7073591612417096, 0.06645620750140459, 0.3666821049456408, 0.6507529203536555, 0.175647903464569, 0.5865946042723464, 0.25553532802393525, 0.18236074471329142, 0.3656195098036642, -0.13134051920819145, 0.0, -0.13134051920819145, 0.0, 0.0, 0.0, 1.987157136582779], [9.216963421967984, 0.1880054357239049, 0.8905140544946137, 1.6152387679555604, 0.4637028583619185, 1.3873581358419307, 0.6577673804038693, 0.4415945265557269, 0.7729274403885751, -0.17112351633280926, 0.0, 0.0, -0.17112351633280926, 0.0, 0.0, 5.026829662822065], [20.27000388910574, 0.34123852124456866, 1.9649175639667324, 3.4507278581351843, 1.1051148654551888, 3.274002449194519, 1.4953172084094535, 0.8029002308560613, 1.757602980859768, -1.723300573532757, 0.0, 0.0, 0.0, -1.723300573532757, 0.0, 10.919088872403773], [14.956281572698309, 0.31315100091794623, 1.4660762498160924, 2.345629444319837, 0.9404618741409185, 2.3359383477720015, 1.0887684534008346, 0.7117112412130036, 1.34499950102097, -0.8643754375734901, 0.0, 0.0, 0.0, 0.0, -0.8643754375734901, 7.929252386380663], [13.117285749183829, 0.15595743566194553, 0.9756966463292578, 3.824683928917181, 0.12479232659125561, 0.5424931197826464, 0.027726863715697103, 0.27561761321441103, 0.2732418824395646, 60.15792072789375, 26.49813295731755, 1.9871571365827991, 5.026829662822092, 10.919088872403755, 7.929252386380593, -917.2013556068969]]) ; se_all=(array([       nan, 0.14781024, 0.07158409, 0.05960565, 0.09092649,
       0.06158983, 0.08103822, 0.09857043, 0.07365993,        nan,
              nan, 0.1327898 ,        nan, 1.09946081, 0.76688196,
              nan])) ; se_x_mu=(array([       nan, 0.14781024, 0.07158409, 0.05960565, 0.09092649,
       0.06158983, 0.08103822, 0.09857043, 0.07365993]))"
67	Tubb2b_chr13_2583	"NaNs in SEs; H=np.array([[-1007.3237469332081, -13.86759622340268, -95.91998700634684, -67.02868486615456, -57.693854930332904, -102.89210136741488, -204.1896776033716, -109.12630828297465, -75.57565879668901, 43.446260094905924, 2.8814944026327813, 15.60631403605397, 1.5510211005407362, 1.6956804636662262, 16.359127980949076, 0.5571843600833434], [-13.86759622340268, -13.86759622340268, 0.0, 0.0, 0.0, 0.0, 0.0, 0.0, 0.0, 0.5901534664080017, 0.04981458286818696, 0.2230021274573763, 0.02057592966980239, 0.01988225008284317, 0.20395703492925243, 0.003830919698746639], [-95.91998700634684, 0.0, -95.91998700634684, 0.0, 0.0, 0.0, 0.0, 0.0, 0.0, 4.325494379549194, 0.2772248015833165, 1.620667314126307, 0.14689732130410058, 0.1467704205349404, 1.6455849703722334, 0.04342229700325467], [-67.02868486615456, 0.0, 0.0, -67.02868486615456, 0.0, 0.0, 0.0, 0.0, 0.0, 2.859884260430256, 0.2058686077825565, 1.0464762256353377, 0.09975411652636154, 0.11052695095966246, 1.0291735806742695, 0.011070037007956182], [-57.693854930332904, 0.0, 0.0, 0.0, -57.693854930332904, 0.0, 0.0, 0.0, 0.0, 2.539454409253898, 0.15686507584528533, 0.8894799699893854, 0.09376732311187493, 0.0907496657447855, 0.993855272703063, 0.012663365853592942], [-102.89210136741488, 0.0, 0.0, 0.0, 0.0, -102.89210136741488, 0.0, 0.0, 0.0, 4.406988954372693, 0.31271705996308885, 1.617266127457104, 0.15158031640456807, 0.1811903910867927, 1.6270691817930856, 0.01580229510406682], [-204.1896776033716, 0.0, 0.0, 0.0, 0.0, 0.0, -204.1896776033716, 0.0, 0.0, 8.750394049805028, 0.5535057869821463, 3.230920422305433, 0.31735763327317723, 0.3684436926642682, 3.1881214990886635, 0.08108801351510662], [-109.12630828297465, 0.0, 0.0, 0.0, 0.0, 0.0, 0.0, -109.12630828297465, 0.0, 4.6704199548019485, 0.3110209097582306, 1.7135982450782818, 0.1768467451869278, 0.18287046171794916, 1.7301970691927253, 0.22025917985763888], [-75.57565879668901, 0.0, 0.0, 0.0, 0.0, 0.0, 0.0, 0.0, -75.57565879668901, 3.3223190601796246, 0.2067057844350326, 1.2064845175772945, 0.11701253590668531, 0.12726325928082124, 1.2685506502641264, 0.01172431096825513], [43.44626009490594, 0.5901534664080018, 4.325494379549194, 2.859884260430256, 2.539454409253898, 4.406988954372693, 8.750394049805028, 4.6704199548019485, 3.3223190601796246, -3.575964143640563, -0.031928518184498246, -1.7482985771791535, -0.16438547523418626, -0.026091011153854135, -1.8284669757681937, 4.575276930219154], [2.8814944026327813, 0.04981458286818696, 0.27722480158331647, 0.2058686077825565, 0.15686507584528533, 0.31271705996308885, 0.5535057869821459, 0.3110209097582306, 0.20670578443503249, -0.031928518184498246, -0.031928518184498246, 0.0, 0.0, 0.0, 0.0, 0.30323114571102266], [15.60631403605397, 0.22300212745737638, 1.6206673141263068, 1.0464762256353377, 0.8894799699893854, 1.617266127457104, 3.2309204223054335, 1.7135982450782818, 1.2064845175772945, -1.7482985771791535, 0.0, -1.7482985771791535, 0.0, 0.0, 0.0, 1.6397315561381498], [1.5510211005407364, 0.020575929669802397, 0.14689732130410058, 0.09975411652636149, 0.09376732311187493, 0.15158031640456823, 0.31735763327317723, 0.1768467451869278, 0.11701253590668537, -0.16438547523418626, 0.0, 0.0, -0.16438547523418626, 0.0, 0.0, 0.1653288356478086], [1.6956804636662264, 0.01988225008284317, 0.1467704205349405, 0.11052695095966238, 0.0907496657447855, 0.18119039108679275, 0.3684436926642682, 0.1828704617179492, 0.12726325928082124, -0.026091011153854135, 0.0, 0.0, 0.0, -0.026091011153854135, 0.0, 0.17860786715170776], [16.359127980949076, 0.20395703492925243, 1.6455849703722334, 1.0291735806742695, 0.993855272703063, 1.6270691817930856, 3.188121499088663, 1.7301970691927253, 1.2685506502641264, -1.8284669757681937, 0.0, 0.0, 0.0, 0.0, -1.8284669757681937, 1.725018762936517], [0.557184360083518, 0.003830919698747104, 0.04342229700328004, 0.011070037007963274, 0.012663365853596287, 0.015802295104070163, 0.08108801351498007, 0.22025917985763055, 0.011724310968250773, 4.575276930218877, 0.3032311457109991, 1.6397315561382015, 0.1653288356477951, 0.1786078671516993, 1.7250187629362586, -74.59686354336372]]) ; se_all=(array([0.0700876 , 0.27513389, 0.11827849, 0.13594462, 0.14454461,
       0.11525013, 0.09197221, 0.11279779, 0.12958417,        nan,
       8.13106672,        nan, 2.22761343, 7.59292286,        nan,
       0.12758943])) ; se_x_mu=(array([0.0700876 , 0.27513389, 0.11827849, 0.13594462, 0.14454461,
       0.11525013, 0.09197221, 0.11279779, 0.12958417]))"
68	Sox2_chr3_2007	ok
69	Col1a2_chr6_93	"NaNs in SEs; H=np.array([[-580.2355659377591, -16.005262946440283, -67.22417357745107, -55.94331037377657, -42.55837585657285, -15.659325129524543, -104.78509394387589, -86.92079464231163, -38.63022039172692, 48.95401691639821, 11.557448251332058, 11.883067510451072, 1.869606518692477, 17.78325339716176, 0.9390371778884028, 5.810029015895688], [-16.005262946440283, -16.005262946440283, 0.0, 0.0, 0.0, 0.0, 0.0, 0.0, 0.0, 1.6061465207368464, 0.4685249957459874, 0.3193437404417161, 0.022176855367617234, 0.6339668520190925, 0.02030908100046233, 0.3423344923354212], [-67.22417357745107, 0.0, -67.22417357745107, 0.0, 0.0, 0.0, 0.0, 0.0, 0.0, 4.573747371860962, 1.1949471165639938, 0.9134501596901624, 0.2441770347127999, 1.5232598459833877, 0.11588069761401097, 0.7806250834133635], [-55.94331037377657, 0.0, 0.0, -55.94331037377657, 0.0, 0.0, 0.0, 0.0, 0.0, 5.059396022035755, 1.1287295995955, 1.6533147468418143, 0.13561964660865392, 1.5710390044005276, 0.07767282720530257, 0.22966610266305287], [-42.55837585657285, 0.0, 0.0, 0.0, -42.55837585657285, 0.0, 0.0, 0.0, 0.0, 3.7766077990753883, 1.0169777486338871, 0.9108707433665006, 0.12854643026289203, 1.277011857976072, 0.0826363890140587, 0.22438208545018876], [-15.659325129524543, 0.0, 0.0, 0.0, 0.0, -15.659325129524543, 0.0, 0.0, 0.0, 1.1424320118658928, 0.4631842037311607, 0.4127775548155167, 0.05862629454292277, 0.10737546229030462, 0.01927908113497438, 0.1570678013532677], [-104.78509394387589, 0.0, 0.0, 0.0, 0.0, 0.0, -104.78509394387589, 0.0, 0.0, 8.898746921630057, 2.2217810253378723, 1.8288638256394758, 0.3366552375353733, 3.4655847348064333, 0.19525925771984115, 0.6210973328300482], [-86.92079464231163, 0.0, 0.0, 0.0, 0.0, 0.0, 0.0, -86.92079464231163, 0.0, 8.324482014986037, 1.9089333073653634, 2.12250464792766, 0.24086960605516503, 3.20732114564131, 0.12058027953856054, 0.38925425017879434], [-38.63022039172692, 0.0, 0.0, 0.0, 0.0, 0.0, 0.0, 0.0, -38.63022039172692, 3.1830280903435026, 0.9823733507442183, 0.8364865951597783, 0.11902569417156873, 0.9018064926612004, 0.07742739872433431, 0.05378557626847906], [48.95401691639821, 1.6061465207368468, 4.5737473718609625, 5.059396022035754, 3.7766077990753883, 1.1424320118658928, 8.898746921630057, 8.324482014986037, 3.1830280903435035, -14.205316531919298, -2.84803660119025, -2.8453768391213763, 0.000619222054922132, -7.372245914956731, -0.04193924473452308, 25.028999232349783], [11.557448251332062, 0.4685249957459874, 1.194947116563994, 1.1287295995955, 1.0169777486338871, 0.46318420373116076, 2.2217810253378723, 1.9089333073653634, 0.9823733507442184, -2.84803660119025, -2.84803660119025, 0.0, 0.0, 0.0, 0.0, 5.63074187703075], [11.883067510451072, 0.3193437404417161, 0.9134501596901624, 1.653314746841814, 0.9108707433665006, 0.4127775548155167, 1.8288638256394765, 2.12250464792766, 0.8364865951597783, -2.8453768391213763, 0.0, -2.8453768391213763, 0.0, 0.0, 0.0, 5.904146476630101], [1.869606518692477, 0.022176855367617238, 0.2441770347128, 0.13561964660865392, 0.12854643026289206, 0.05862629454292277, 0.3366552375353732, 0.24086960605516503, 0.11902569417156872, 0.000619222054922132, 0.0, 0.0, 0.000619222054922132, 0.0, 0.0, 1.0268443310340636], [17.78325339716176, 0.6339668520190926, 1.5232598459833877, 1.5710390044005265, 1.277011857976072, 0.10737546229030462, 3.4655847348064333, 3.2073211456413104, 0.9018064926612004, -7.372245914956731, 0.0, 0.0, 0.0, -7.372245914956731, 0.0, 9.345225839614496], [0.9390371778884028, 0.02030908100046233, 0.11588069761401097, 0.07767282720530255, 0.08263638901405873, 0.01927908113497438, 0.19525925771984115, 0.12058027953856054, 0.07742739872433431, -0.04193924473452308, 0.0, 0.0, 0.0, 0.0, -0.04193924473452308, 0.4812845493869141], [5.810029015895484, 0.3423344923354238, 0.7806250834133592, 0.22966610266305243, 0.2243820854501859, 0.1570678013532681, 0.6210973328300242, 0.38925425017881654, 0.05378557626849778, 25.028999232349847, 5.6307418770307365, 5.904146476630114, 1.026844331034063, 9.345225839614479, 0.48128454938691356, -197.84337732902156]]) ; se_all=(array([0.07298158, 0.26283758, 0.14647714, 0.15642299, 0.17349415,
       0.26576769, 0.12694936, 0.13453804, 0.18029823, 0.95656821,
       1.12436994, 1.12421858,        nan, 1.02329298, 4.98364975,
       0.05284462])) ; se_x_mu=(array([0.07298158, 0.26283758, 0.14647714, 0.15642299, 0.17349415,
       0.26576769, 0.12694936, 0.13453804, 0.18029823]))"
70	Gata4_chr14_5677	"NaNs in SEs; H=np.array([[-1577.7854680026646, -38.10127364029102, -172.60831930179083, -142.56281158173292, -149.82742201354523, -35.832336853441795, -120.49373752794206, -267.5294196115512, -80.3881454618159, -144.20991178348083, 45.639035514180385, 2.3492026960690824, 12.261917938733795, 14.31175790830035, 8.513973304227907, 2.3375779741804332, 14.902410672711952], [-38.10127364029102, -38.10127364029102, 0.0, 0.0, 0.0, 0.0, 0.0, 0.0, 0.0, 0.0, 1.5041200618018165, 0.07190744375408746, 0.39593280814016035, 0.6744615855024814, 0.21164636575158718, 0.04968755071042173, 0.8591377305533964], [-172.60831930179083, 0.0, -172.60831930179083, 0.0, 0.0, 0.0, 0.0, 0.0, 0.0, 0.0, 4.8529493852109225, 0.23366343351954866, 1.3352139363901565, 1.4800448637038874, 0.8116357326204537, 0.21667603975040098, 2.6647338070843314], [-142.56281158173292, 0.0, 0.0, -142.56281158173292, 0.0, 0.0, 0.0, 0.0, 0.0, 0.0, 4.089628166539534, 0.23300555627247796, 1.075957372867656, 1.2308838743716966, 0.7959495066745089, 0.2276660050665146, 0.2818885178915456], [-149.82742201354523, 0.0, 0.0, 0.0, -149.82742201354523, 0.0, 0.0, 0.0, 0.0, 0.0, 4.020556099397569, 0.2243149556964968, 0.9249058373382006, 1.1905767162830065, 0.8825044071480735, 0.18910630788697028, 1.1362786208906566], [-35.832336853441795, 0.0, 0.0, 0.0, 0.0, -35.832336853441795, 0.0, 0.0, 0.0, 0.0, 1.1058811738042549, 0.05586124739110133, 0.2922301085713113, 0.40476462259496804, 0.18160285375380267, 0.03771949563978803, 0.13078275902342662], [-120.49373752794206, 0.0, 0.0, 0.0, 0.0, 0.0, -120.49373752794206, 0.0, 0.0, 0.0, 3.461652327847022, 0.19793394301384742, 0.9275350209801029, 1.0759173361796075, 0.6927546964193959, 0.18980567183485683, 0.03702590456506638], [-267.5294196115512, 0.0, 0.0, 0.0, 0.0, 0.0, 0.0, -267.5294196115512, 0.0, 0.0, 7.789385903570011, 0.4094822006110149, 1.9783420879821247, 2.4838004450137303, 1.4235861695908458, 0.369114143018171, 1.0988293026283351], [-80.3881454618159, 0.0, 0.0, 0.0, 0.0, 0.0, 0.0, 0.0, -80.3881454618159, 0.0, 2.1805690418447385, 0.1347629779044344, 0.7415374759797746, 0.47831190484318903, 0.4213279601504152, 0.14250908467047183, 0.6496155251432278], [-144.20991178348083, 0.0, 0.0, 0.0, 0.0, 0.0, 0.0, 0.0, 0.0, -144.20991178348083, 4.002322869704725, 0.21018376653935017, 1.0320497439647338, 1.1411780509953975, 0.8190506288248391, 0.2408753759468579, 0.2607506236644547], [45.639035514180385, 1.5041200618018165, 4.8529493852109225, 4.089628166539534, 4.020556099397569, 1.1058811738042549, 3.461652327847022, 7.78938590357001, 2.180569041844738, 4.002322869704724, -5.522135194597929, -0.11856273291609026, -1.900793601573831, -2.356827211599902, -0.8451692642643989, -0.17653378847918083, 52.48402722518001], [2.3492026960690824, 0.07190744375408746, 0.23366343351954863, 0.23300555627247793, 0.22431495569649684, 0.05586124739110133, 0.19793394301384742, 0.4094822006110149, 0.1347629779044344, 0.21018376653935006, -0.11856273291609026, -0.11856273291609026, 0.0, 0.0, 0.0, 0.0, 2.590767729822034], [12.261917938733795, 0.39593280814016035, 1.3352139363901565, 1.075957372867656, 0.9249058373382006, 0.2922301085713114, 0.9275350209801029, 1.9783420879821239, 0.7415374759797744, 1.0320497439647336, -1.900793601573831, 0.0, -1.900793601573831, 0.0, 0.0, 0.0, 14.350424471467273], [14.311757908300343, 0.6744615855024814, 1.4800448637038868, 1.2308838743716966, 1.1905767162830065, 0.4047646225949679, 1.0759173361796075, 2.4838004450137303, 0.47831190484318886, 1.1411780509953975, -2.356827211599902, 0.0, 0.0, -2.356827211599902, 0.0, 0.0, 16.795063943244173], [8.513973304227907, 0.21164636575158718, 0.8116357326204537, 0.7959495066745089, 0.8825044071480735, 0.18160285375380264, 0.6927546964193959, 1.4235861695908458, 0.4213279601504152, 0.8190506288248389, -0.8451692642643989, 0.0, 0.0, 0.0, -0.8451692642643989, 0.0, 9.522744739661942], [2.3375779741804332, 0.04968755071042174, 0.21667603975040098, 0.2276660050665146, 0.18910630788697033, 0.03771949563978802, 0.18980567183485683, 0.369114143018171, 0.14250908467047183, 0.24087537594685787, -0.17653378847918083, 0.0, 0.0, 0.0, 0.0, -0.17653378847918083, 2.645070070497638], [14.902410672713096, 0.8591377305533947, 2.6647338070843265, 0.28188851789153935, 1.1362786208906446, 0.13078275902342573, 0.03702590456507049, 1.098829302628317, 0.6496155251432305, 0.2607506236644914, 52.48402722517993, 2.5907677298220326, 14.350424471467285, 16.795063943244177, 9.522744739661938, 2.6450700704976375, -1027.3145519345858]]) ; se_all=(array([0.02853539, 0.16912516, 0.09022045, 0.09676385, 0.09502359,
       0.1739418 , 0.10316774, 0.07799604, 0.12161448, 0.09636134,
              nan, 2.70742584,        nan,        nan,        nan,
              nan,        nan])) ; se_x_mu=(array([0.02853539, 0.16912516, 0.09022045, 0.09676385, 0.09502359,
       0.1739418 , 0.10316774, 0.07799604, 0.12161448, 0.09636134]))"
71	Sox4_chr13_2055	"NaNs in SEs; H=np.array([[-2017.0648685942347, -33.61102599811576, -253.35031077308136, -283.53704036993093, -160.55079455147484, -61.61081501076145, -318.387528147269, -290.3896227136024, -28.08513068377792, -147.14543014805545, 47.93747727160327, 2.883915917946707, 3.133953931382736, 13.629381563242623, 13.064446484243305, 8.745744323116709, 2.348080352702743], [-33.61102599811576, -33.61102599811576, 0.0, 0.0, 0.0, 0.0, 0.0, 0.0, 0.0, 0.0, 0.8155655726683564, 0.04373307162192063, 0.05178186221436689, 0.22934712843620023, 0.21940112680163745, 0.18913509032709344, 0.02890199432948018], [-253.35031077308136, 0.0, -253.35031077308136, 0.0, 0.0, 0.0, 0.0, 0.0, 0.0, 0.0, 6.030544740490636, 0.3712297692353991, 0.4027951489278542, 1.6952164723942, 1.6740734087920068, 1.0224002310344986, 0.6141982584100419], [-283.53704036993093, 0.0, 0.0, -283.53704036993093, 0.0, 0.0, 0.0, 0.0, 0.0, 0.0, 6.6022737389830946, 0.3579037031440443, 0.49904195025470227, 1.7543099192046332, 1.7978655336397817, 1.3151268359714074, 0.45560648347584587], [-160.55079455147484, 0.0, 0.0, 0.0, -160.55079455147484, 0.0, 0.0, 0.0, 0.0, 0.0, 3.8756251507646384, 0.2436683911336234, 0.2333644945316918, 1.164186475983594, 1.1451253311223668, 0.616104947457503, 0.160876740033761], [-61.61081501076145, 0.0, 0.0, 0.0, 0.0, -61.61081501076145, 0.0, 0.0, 0.0, 0.0, 1.416432596847201, 0.1133896941647326, 0.08630785307954775, 0.41371599255896413, 0.3588584224059511, 0.22844846537580166, 0.07757268237727588], [-318.387528147269, 0.0, 0.0, 0.0, 0.0, 0.0, -318.387528147269, 0.0, 0.0, 0.0, 7.6838207583504445, 0.4304888098358975, 0.4817380468848267, 2.1878416857577734, 2.1209232680544785, 1.4526382496591217, 0.2695751383381967], [-290.3896227136024, 0.0, 0.0, 0.0, 0.0, 0.0, 0.0, -290.3896227136024, 0.0, 0.0, 6.94333729603605, 0.43603346764413814, 0.43366244632381595, 1.967904762951688, 1.9417360593279547, 1.2708893629632043, 0.19028700809517002], [-28.08513068377792, 0.0, 0.0, 0.0, 0.0, 0.0, 0.0, 0.0, -28.08513068377792, 0.0, 0.6751595608180336, 0.03973041619201331, 0.039243092003297515, 0.1932729457376679, 0.1794901571631481, 0.12715722090048284, 0.00505124566862758], [-147.14543014805545, 0.0, 0.0, 0.0, 0.0, 0.0, 0.0, 0.0, 0.0, -147.14543014805545, 3.4044581078890603, 0.2275682571134928, 0.22840925445122107, 0.9382309334211588, 0.8708051465643102, 0.6293671374125543, 0.058060930849249015], [47.93747727160327, 0.8155655726683564, 6.030544740490636, 6.6022737389830946, 3.8756251507646384, 1.416432596847201, 7.6838207583504445, 6.94333729603605, 0.6751595608180336, 3.4044581078890603, -1.6101100178847387, -0.15568479097025317, -0.12420178558268147, -0.5322192465549246, -0.6841726430311688, -0.3281843733020594, 12.484876258892694], [2.8839159179467067, 0.04373307162192063, 0.37122976923539913, 0.3579037031440443, 0.2436683911336234, 0.11338969416473255, 0.4304888098358975, 0.43603346764413814, 0.03973041619201331, 0.2275682571134928, -0.15568479097025317, -0.15568479097025317, 0.0, 0.0, 0.0, 0.0, 0.7472944942806794], [3.133953931382735, 0.05178186221436688, 0.4027951489278542, 0.49904195025470216, 0.2333644945316918, 0.08630785307954775, 0.4817380468848267, 0.4336624463238157, 0.039243092003297515, 0.22840925445122107, -0.12420178558268147, 0.0, -0.12420178558268147, 0.0, 0.0, 0.0, 0.8260970205208473], [13.629381563242623, 0.22934712843620023, 1.6952164723941996, 1.7543099192046332, 1.164186475983594, 0.4137159925589642, 2.1878416857577734, 1.967904762951688, 0.1932729457376679, 0.9382309334211588, -0.5322192465549246, 0.0, 0.0, -0.5322192465549246, 0.0, 0.0, 3.5415623043903914], [13.064446484243305, 0.21940112680163745, 1.6740734087920066, 1.7978655336397817, 1.1451253311223668, 0.3588584224059511, 2.1209232680544785, 1.9417360593279547, 0.1794901571631481, 0.8708051465643099, -0.6841726430311688, 0.0, 0.0, 0.0, -0.6841726430311688, 0.0, 3.4067516957985533], [8.745744323116709, 0.18913509032709344, 1.0224002310344988, 1.3151268359714074, 0.6161049474575029, 0.22844846537580166, 1.4526382496591217, 1.2708893629632043, 0.12715722090048284, 0.6293671374125543, -0.3281843733020594, 0.0, 0.0, 0.0, 0.0, -0.3281843733020594, 2.265977641284261], [2.3480803527024605, 0.028901994329479652, 0.6141982584100183, 0.45560648347587307, 0.16087674003376318, 0.07757268237726783, 0.26957513833826896, 0.19028700809520416, 0.005051245668633436, 0.05806093084926012, 12.484876258892825, 0.747294494280693, 0.8260970205208267, 3.5415623043903963, 3.406751695798519, 2.265977641284291, -374.8495355658415]]) ; se_all=(array([0.05158766, 0.17896923, 0.07885712, 0.07615442, 0.09220247,
       0.13603602, 0.07356749, 0.07559575, 0.1946202 , 0.09522893,
              nan, 2.26354444, 2.78522753, 1.27677579, 0.49573879,
       1.72084729, 0.05868933])) ; se_x_mu=(array([0.05158766, 0.17896923, 0.07885712, 0.07615442, 0.09220247,
       0.13603602, 0.07356749, 0.07559575, 0.1946202 , 0.09522893]))"
72	Klf4_chr4_3934	"NaNs in SEs; H=np.array([[-1921.7172158117185, -19.391852598193907, -239.40489854754887, -220.9288762511517, -113.7948338676217, -44.80014902150172, -285.7872021182317, -237.20023782142133, -66.74242511878582, -133.40603683806765, 29.055330634821022, 2.6699319459505855, 2.6045793173300154, 2.8088416425364233, 8.921269971830725, 7.123525815209349, 0.8861076511356989], [-19.391852598193907, -19.391852598193907, 0.0, 0.0, 0.0, 0.0, 0.0, 0.0, 0.0, 0.0, 0.3032306779282938, 0.023834721673958226, 0.019972021376645565, 0.03636823923620855, 0.10726974804548112, 0.06943313826688448, 0.004335412778625772], [-239.40489854754887, 0.0, -239.40489854754887, 0.0, 0.0, 0.0, 0.0, 0.0, 0.0, 0.0, 3.6628231634995103, 0.34001465385312024, 0.3187730602718486, 0.34074161231214783, 1.1347290842601165, 0.9342173378275103, 0.18680302835328322], [-220.9288762511517, 0.0, 0.0, -220.9288762511517, 0.0, 0.0, 0.0, 0.0, 0.0, 0.0, 3.328258946932664, 0.29974218812498893, 0.3085734532623937, 0.3370069662776108, 1.015991727845779, 0.7978569518014568, 0.09385712102658389], [-113.7948338676217, 0.0, 0.0, 0.0, -113.7948338676217, 0.0, 0.0, 0.0, 0.0, 0.0, 1.697529589885254, 0.1753227696968536, 0.1669514272761987, 0.15390649680494708, 0.5407215354637003, 0.377202826364149, 0.03161764609645956], [-44.80014902150172, 0.0, 0.0, 0.0, 0.0, -44.80014902150172, 0.0, 0.0, 0.0, 0.0, 0.6855882999149335, 0.0632958741452551, 0.061697176724614285, 0.05729782667873525, 0.22473362661066257, 0.1638094976226566, 0.01434073473795261], [-285.7872021182317, 0.0, 0.0, 0.0, 0.0, 0.0, -285.7872021182317, 0.0, 0.0, 0.0, 4.312641611341436, 0.410916680638335, 0.39911519014132824, 0.4009157779923507, 1.2973060652444404, 1.0634900569449997, 0.09034154834330549], [-237.20023782142133, 0.0, 0.0, 0.0, 0.0, 0.0, 0.0, -237.20023782142133, 0.0, 0.0, 3.5761331103947476, 0.3306565458555927, 0.31983204886397837, 0.34005402935663437, 1.0417544530116616, 0.9213500923714962, 0.055193794202503296], [-66.74242511878582, 0.0, 0.0, 0.0, 0.0, 0.0, 0.0, 0.0, -66.74242511878582, 0.0, 0.9632747341277416, 0.09076420862935712, 0.10387469744650894, 0.10656364454523566, 0.2828753127698841, 0.20557281818608442, 0.01889946662907349], [-133.40603683806765, 0.0, 0.0, 0.0, 0.0, 0.0, 0.0, 0.0, 0.0, -133.40603683806765, 2.037676834817963, 0.18548201706611148, 0.17429784911593876, 0.1943605293055974, 0.6320479039129789, 0.5162162768740556, 0.024646640458454036], [29.055330634821022, 0.3032306779282937, 3.6628231634995108, 3.328258946932664, 1.697529589885254, 0.6855882999149335, 4.312641611341436, 3.576133110394747, 0.9632747341277414, 2.037676834817963, -0.34592884439319604, -0.19299371330701567, -0.163890727494293, -0.11307919292419613, -0.13895975374487918, -0.19268303726228622, 4.631776947512064], [2.6699319459505855, 0.02383472167395823, 0.3400146538531203, 0.2997421881249888, 0.1753227696968536, 0.0632958741452551, 0.410916680638335, 0.3306565458555927, 0.09076420862935712, 0.18548201706611148, -0.19299371330701567, -0.19299371330701567, 0.0, 0.0, 0.0, 0.0, 0.42206750976635937], [2.6045793173300154, 0.019972021376645565, 0.3187730602718486, 0.3085734532623937, 0.1669514272761987, 0.06169717672461432, 0.39911519014132824, 0.31983204886397837, 0.10387469744650887, 0.17429784911593876, -0.163890727494293, 0.0, -0.163890727494293, 0.0, 0.0, 0.0, 0.41108762387463926], [2.8088416425364233, 0.036368239236208584, 0.34074161231214783, 0.3370069662776108, 0.15390649680494706, 0.05729782667873525, 0.4009157779923507, 0.34005402935663437, 0.10656364454523563, 0.1943605293055974, -0.11307919292419613, 0.0, 0.0, -0.11307919292419613, 0.0, 0.0, 0.4493163552044097], [8.921269971830725, 0.10726974804548112, 1.1347290842601165, 1.015991727845779, 0.5407215354637003, 0.22473362661066257, 1.2973060652444404, 1.0417544530116614, 0.2828753127698841, 0.6320479039129789, -0.13895975374487918, 0.0, 0.0, 0.0, -0.13895975374487918, 0.0, 1.4284062373992434], [7.123525815209348, 0.06943313826688445, 0.9342173378275103, 0.7978569518014568, 0.3772028263641489, 0.1638094976226566, 1.0634900569449999, 0.9213500923714962, 0.20557281818608442, 0.5162162768740556, -0.19268303726228622, 0.0, 0.0, 0.0, 0.0, -0.19268303726228622, 1.1373386661603058], [0.8861076511357684, 0.0043354127786268265, 0.18680302835329088, 0.09385712102651844, 0.03161764609644979, 0.014340734737945893, 0.09034154834326213, 0.05519379420244275, 0.018899466629076822, 0.024646640458424574, 4.631776947511867, 0.42206750976639107, 0.4110876238746499, 0.4493163552043935, 1.4284062373992086, 1.1373386661602112, -217.72915367330916]]) ; se_all=(array([0.04917847, 0.23100609, 0.07721614, 0.07944532, 0.10283057,
       0.15526651, 0.07269528, 0.07747332, 0.12952069, 0.09633819,
              nan, 1.98503356, 2.24176347, 2.94110186, 3.72456941,
       2.56725454, 0.07640716])) ; se_x_mu=(array([0.04917847, 0.23100609, 0.07721614, 0.07944532, 0.10283057,
       0.15526651, 0.07269528, 0.07747332, 0.12952069, 0.09633819]))"
73	Sparc_chr11_7210	"NaNs in SEs; H=np.array([[-814.8785381620888, -32.880117576320536, -61.77911540133425, -149.52549356864492, -91.69156796214071, -194.06863544479572, -57.15982164545571, -49.74364884263704, 63.72425163006695, 16.159730325372106, 21.757338267726656, 12.064895405739945, 1.6440952494945513, 5.907105185309883, 0.2737169601963878], [-32.880117576320536, -32.880117576320536, 0.0, 0.0, 0.0, 0.0, 0.0, 0.0, 2.499330767676288, 0.6872777752906924, 0.8673954902173381, 0.3846747078184718, 0.07476042249590902, 0.27098257388580915, 0.043580370918812256], [-61.77911540133425, 0.0, -61.77911540133425, 0.0, 0.0, 0.0, 0.0, 0.0, 4.746436347011443, 1.3512405828067993, 1.4722761680057568, 0.8848180358533001, 0.1303925907339707, 0.4577955857527178, 0.006131728067112707], [-149.52549356864492, 0.0, 0.0, -149.52549356864492, 0.0, 0.0, 0.0, 0.0, 11.400351746460093, 2.7109933820204897, 3.867194240051287, 2.3562696395764764, 0.32927443151357094, 1.0924194864321521, 0.0773253502843293], [-91.69156796214071, 0.0, 0.0, 0.0, -91.69156796214071, 0.0, 0.0, 0.0, 7.223232752092457, 1.771057957294765, 2.4990376577866966, 1.395852116097875, 0.17863388273916733, 0.6302728804918434, 0.03412900803301997], [-194.06863544479572, 0.0, 0.0, 0.0, 0.0, -194.06863544479572, 0.0, 0.0, 15.28655867036452, 3.8789498407525427, 5.205086618707368, 2.9143980762270303, 0.3777380558731891, 1.351800199580184, 0.05763562025014911], [-57.15982164545571, 0.0, 0.0, 0.0, 0.0, 0.0, -57.15982164545571, 0.0, 4.4346559361459414, 1.138346011820713, 1.4466295921147962, 0.8705036613174648, 0.11200888790534032, 0.41848738616659475, -0.000740384842735883], [-49.74364884263704, 0.0, 0.0, 0.0, 0.0, 0.0, 0.0, -49.74364884263704, 3.9015596733322853, 0.9906571867904238, 1.3378526725874706, 0.7102237710120788, 0.095350211675856, 0.37278191339969274, -0.00010791785738976933], [63.72425163006695, 2.4993307676762875, 4.746436347011442, 11.400351746460094, 7.223232752092457, 15.28655867036452, 4.434655936145944, 3.9015596733322866, -8.541008924008496, -2.272579872647214, -4.365017107385031, -1.1859706365224496, -0.009007678809364712, -0.13465030216584326, 5.547050540562212], [16.15973032537211, 0.6872777752906924, 1.3512405828067993, 2.7109933820204897, 1.771057957294765, 3.8789498407525427, 1.138346011820713, 0.9906571867904238, -2.272579872647214, -2.272579872647214, 0.0, 0.0, 0.0, 0.0, 1.4005039701808808], [21.75733826772666, 0.8673954902173381, 1.4722761680057568, 3.8671942400512904, 2.4990376577866966, 5.205086618707368, 1.4466295921147962, 1.3378526725874718, -4.365017107385031, 0.0, -4.365017107385031, 0.0, 0.0, 0.0, 1.900027165115795], [12.064895405739945, 0.3846747078184717, 0.8848180358533001, 2.3562696395764764, 1.395852116097875, 2.9143980762270285, 0.8705036613174649, 0.7102237710120788, -1.1859706365224496, 0.0, 0.0, -1.1859706365224496, 0.0, 0.0, 1.0500894534833678], [1.6440952494945513, 0.07476042249590902, 0.1303925907339707, 0.32927443151357094, 0.17863388273916733, 0.37773805587318887, 0.11200888790534032, 0.095350211675856, -0.009007678809364712, 0.0, 0.0, 0.0, -0.009007678809364712, 0.0, 0.1455531854013979], [5.907105185309884, 0.27098257388580915, 0.4577955857527178, 1.0924194864321524, 0.6302728804918434, 1.3518001995801834, 0.4184873861665953, 0.37278191339969274, -0.13465030216584326, 0.0, 0.0, 0.0, 0.0, -0.13465030216584326, 0.5168680132215522], [0.27371696019664427, 0.043580370918806954, 0.006131728067099829, 0.07732535028429588, 0.03412900803299079, 0.05763562025015112, -0.0007403848426881243, -0.00010791785740393856, 5.5470505405626795, 1.4005039701807505, 1.9000271651159153, 1.0500894534835226, 0.1455531854014307, 0.5168680132215542, -50.41189047973057]]) ; se_all=(array([0.0367433 , 0.18985269, 0.14768718, 0.11097647, 0.12855368,
       0.10378707, 0.15203633, 0.16037803, 1.12982932, 1.45928228,
       1.35564321, 1.60788101,        nan, 2.17926542, 0.1058381 ])) ; se_x_mu=(array([0.0367433 , 0.18985269, 0.14768718, 0.11097647, 0.12855368,
       0.10378707, 0.15203633, 0.16037803]))"
74	Tubb2b_chr13_2590	ok
75	Epas1_chr17_10071	"NaNs in SEs; H=np.array([[-1508.9155556639723, -29.627618220243754, -138.83321177217547, -222.49902046319679, -93.75328908251875, -39.175898950638526, -116.20621975253715, -232.22700219100565, -126.3644079734443, 26.716848162215165, 2.181748967279339, 2.3964282628187075, 6.488666706844109, 6.7738184473735785, 5.2734371196728445, 1.5874514366694632], [-29.627618220243754, -29.627618220243754, 0.0, 0.0, 0.0, 0.0, 0.0, 0.0, 0.0, 0.5271988873612182, 0.04905608010998642, 0.04244553048170976, 0.1420905856164547, 0.14853123942542024, 0.06927592550101969, 0.02572923444046149], [-138.83321177217547, 0.0, -138.83321177217547, 0.0, 0.0, 0.0, 0.0, 0.0, 0.0, 2.495038908923438, 0.1841830096360508, 0.19321427986077203, 0.6304917585267319, 0.6269722777862762, 0.4988518239381512, 0.12171291356705055], [-222.49902046319679, 0.0, 0.0, -222.49902046319679, 0.0, 0.0, 0.0, 0.0, 0.0, 4.045192350045663, 0.2973363033078464, 0.3698161007804457, 0.973115535522625, 1.0371974190706712, 0.8243285434083754, 0.2673725959637563], [-93.75328908251875, 0.0, 0.0, 0.0, -93.75328908251875, 0.0, 0.0, 0.0, 0.0, 1.6685569365602797, 0.13001420751486958, 0.1379284040171143, 0.4239924703644694, 0.40441439046310756, 0.3393289221250237, 0.04311830332480032], [-39.175898950638526, 0.0, 0.0, 0.0, 0.0, -39.175898950638526, 0.0, 0.0, 0.0, 0.6764117507331163, 0.06998803862139641, 0.05447909621121852, 0.14760644046410007, 0.18166796782679492, 0.1188567334928642, 0.024728338002115033], [-116.20621975253715, 0.0, 0.0, 0.0, 0.0, 0.0, -116.20621975253715, 0.0, 0.0, 2.058002138730538, 0.1878147936182411, 0.17637233467194632, 0.4908141590268073, 0.5503320825493101, 0.398738889645786, 0.019998928818869728], [-232.22700219100565, 0.0, 0.0, 0.0, 0.0, 0.0, 0.0, -232.22700219100565, 0.0, 4.126930792335099, 0.35230795093266576, 0.33855311387876874, 0.9376432694097113, 1.0764718758524654, 0.8529386924557415, 0.11993152750534981], [-126.3644079734443, 0.0, 0.0, 0.0, 0.0, 0.0, 0.0, 0.0, -126.3644079734443, 2.1964355246428493, 0.20247305413667213, 0.22081296677935028, 0.5435018012573705, 0.5276635576113372, 0.43230677815572943, 0.046676954304969945], [26.716848162215165, 0.5271988873612183, 2.4950389089234375, 4.045192350045663, 1.66855693656028, 0.6764117507331163, 2.058002138730538, 4.1269307923351, 2.196435524642849, -0.6195198370436549, -0.050015065052088775, -0.046925452263242726, -0.12858631708973525, -0.07331035539294399, -0.14781287528320963, 7.595926614851674], [2.1817489672793395, 0.049056080109986425, 0.18418300963605092, 0.2973363033078464, 0.13001420751486958, 0.06998803862139642, 0.18781479361824116, 0.35230795093266576, 0.20247305413667213, -0.050015065052088775, -0.050015065052088775, 0.0, 0.0, 0.0, 0.0, 0.606583351924105], [2.3964282628187075, 0.04244553048170977, 0.19321427986077203, 0.3698161007804457, 0.13792840401711431, 0.05447909621121852, 0.1763723346719464, 0.33855311387876874, 0.22081296677935028, -0.046925452263242726, 0.0, -0.046925452263242726, 0.0, 0.0, 0.0, 0.6975574281436469], [6.488666706844109, 0.14209058561645474, 0.6304917585267317, 0.973115535522625, 0.4239924703644696, 0.14760644046410007, 0.4908141590268073, 0.9376432694097113, 0.5435018012573705, -0.12858631708973525, 0.0, 0.0, -0.12858631708973525, 0.0, 0.0, 1.8556491080622313], [6.7738184473735785, 0.14853123942542024, 0.6269722777862762, 1.0371974190706714, 0.40441439046310756, 0.18166796782679492, 0.5503320825493101, 1.0764718758524658, 0.5276635576113372, -0.07331035539294399, 0.0, 0.0, 0.0, -0.07331035539294399, 0.0, 1.9149899968361912], [5.2734371196728445, 0.0692759255010197, 0.49885182393815114, 0.8243285434083754, 0.33932892212502386, 0.11885673349286424, 0.398738889645786, 0.8529386924557415, 0.4323067781557295, -0.14781287528320963, 0.0, 0.0, 0.0, 0.0, -0.14781287528320963, 1.4943375010884432], [1.5874514366721986, 0.02572923444045233, 0.12171291356701297, 0.2673725959638311, 0.043118303324796714, 0.024728338002108274, 0.019998928818780737, 0.1199315275052204, 0.046676954304960216, 7.59592661485145, 0.606583351924102, 0.6975574281436465, 1.8556491080621313, 1.9149899968362085, 1.4943375010884345, -299.1721334488766]]) ; se_all=(array([0.01234871, 0.18900843, 0.0957346 , 0.08032405, 0.11237419,
       0.16581817, 0.10279612, 0.07917712, 0.09937259, 2.14254671,
       4.93995942, 4.95484844, 3.33827865, 2.32813348, 3.45737336,
              nan])) ; se_x_mu=(array([0.01234871, 0.18900843, 0.0957346 , 0.08032405, 0.11237419,
       0.16581817, 0.10279612, 0.07917712, 0.09937259]))"
76	Klf4_chr4_3948	ok
77	Lamc1_chr1_12175	"NaNs in SEs; H=np.array([[-4459.803876906138, -63.44805110900751, -394.9538210132355, -529.4900181787625, -306.83128127946367, -116.25791918845492, -762.4192511910665, -725.3905115634469, -170.3328337633578, -429.0939794578181, 153.94531373242245, 37.23303853075393, 6.105877741926236, 51.61482119434973, 6.710709486350307, 33.12345230803465, 54.848050609559444], [-63.44805110900751, -63.44805110900751, 0.0, 0.0, 0.0, 0.0, 0.0, 0.0, 0.0, 0.0, 2.1842439091192176, 0.43206008140031704, 0.09166012869491878, 0.9071906634240989, 0.07554173494889718, 0.4248015212281726, 0.6006134274601823], [-394.9538210132355, 0.0, -394.9538210132355, 0.0, 0.0, 0.0, 0.0, 0.0, 0.0, 0.0, 13.575005880800521, 3.2021082795236135, 0.4997604752379271, 4.768149983362407, 0.5440018555901125, 2.6952352258620493, 7.6770908170439025], [-529.4900181787625, 0.0, 0.0, -529.4900181787625, 0.0, 0.0, 0.0, 0.0, 0.0, 0.0, 18.623782425895392, 5.085117504022819, 0.7633243228390222, 6.001320235419204, 0.6855715382465374, 4.063341330299015, 9.445714682641155], [-306.83128127946367, 0.0, 0.0, 0.0, -306.83128127946367, 0.0, 0.0, 0.0, 0.0, 0.0, 11.023759104520728, 2.472526176490642, 0.47104045822664015, 3.815344429872075, 0.45636665166953694, 2.3596173653103065, 2.3721246003937306], [-116.25791918845492, 0.0, 0.0, 0.0, 0.0, -116.25791918845492, 0.0, 0.0, 0.0, 0.0, 4.029942996569845, 1.1871318147624552, 0.1668957867120003, 1.1598816076145322, 0.17537773621748026, 0.5675039092018513, 1.5702278207027973], [-762.4192511910665, 0.0, 0.0, 0.0, 0.0, 0.0, -762.4192511910665, 0.0, 0.0, 0.0, 26.33336544305764, 6.00630705189739, 0.9960185053191344, 8.680728669528868, 1.271701732184843, 5.9279603027763486, 6.429434349924541], [-725.3905115634469, 0.0, 0.0, 0.0, 0.0, 0.0, 0.0, -725.3905115634469, 0.0, 0.0, 24.770344955046422, 6.216818154304967, 1.0839100980636354, 8.24118497883464, 1.1689022324566571, 5.189154098458615, 4.7119402801050185], [-170.3328337633578, 0.0, 0.0, 0.0, 0.0, 0.0, 0.0, 0.0, -170.3328337633578, 0.0, 6.279294808779628, 1.4693716664977625, 0.2413106414217805, 2.167389273589229, 0.2534799705713971, 1.367293509159296, 1.3753842651698962], [-429.0939794578181, 0.0, 0.0, 0.0, 0.0, 0.0, 0.0, 0.0, 0.0, -429.0939794578181, 15.525102895408372, 3.665695460124605, 0.5605723911183205, 5.333239878181587, 0.6688590561104556, 3.4057030185806907, 2.0200494276608025], [153.94531373242245, 2.1842439091192176, 13.575005880800525, 18.623782425895392, 11.023759104520726, 4.029942996569844, 26.33336544305764, 24.770344955046408, 6.279294808779628, 15.525102895408367, -25.696695249003124, -6.368247760751476, -0.6963343990626981, -12.573275520118486, -0.3462346834828961, -5.193225932333468, 187.6097669120426], [37.23303853075393, 0.43206008140031704, 3.202108279523615, 5.085117504022819, 2.47252617649064, 1.1871318147624552, 6.00630705189739, 6.216818154304967, 1.469371666497763, 3.665695460124605, -6.368247760751476, -6.368247760751476, 0.0, 0.0, 0.0, 0.0, 45.66198541562092], [6.105877741926236, 0.0916601286949188, 0.4997604752379271, 0.7633243228390222, 0.47104045822664015, 0.1668957867120003, 0.9960185053191344, 1.0839100980636356, 0.2413106414217805, 0.5605723911183202, -0.6963343990626981, 0.0, -0.6963343990626981, 0.0, 0.0, 0.0, 7.410871667302957], [51.61482119434973, 0.9071906634240992, 4.768149983362409, 6.001320235419206, 3.815344429872075, 1.1598816076145322, 8.680728669528868, 8.241184978834639, 2.167389273589229, 5.333239878181587, -12.573275520118486, 0.0, 0.0, -12.573275520118486, 0.0, 0.0, 62.76693842369158], [6.710709486350307, 0.07554173494889718, 0.5440018555901125, 0.6855715382465374, 0.45636665166953694, 0.1753777362174802, 1.271701732184843, 1.1689022324566574, 0.2534799705713971, 0.6688590561104556, -0.3462346834828961, 0.0, 0.0, 0.0, -0.3462346834828961, 0.0, 8.073222683512336], [33.12345230803465, 0.4248015212281726, 2.6952352258620493, 4.063341330299018, 2.3596173653103065, 0.5675039092018512, 5.9279603027763486, 5.189154098458615, 1.367293509159296, 3.405703018580689, -5.193225932333468, 0.0, 0.0, 0.0, 0.0, -5.193225932333468, 40.37741712224126], [54.84805060956175, 0.6006134274601795, 7.677090817044041, 9.44571468264115, 2.372124600393759, 1.5702278207027818, 6.429434349924438, 4.711940280105091, 1.3753842651698882, 2.02004942766074, 187.6097669120427, 45.66198541562093, 7.410871667302966, 62.766938423691585, 8.073222683512343, 40.37741712224127, -3111.8683433360447]]) ; se_all=(array([0.01449987, 0.12962293, 0.05971845, 0.05411949, 0.0655074 ,
       0.09792241, 0.04845424, 0.04918065, 0.08308052, 0.05802059,
              nan,        nan,        nan,        nan, 1.51397541,
              nan,        nan])) ; se_x_mu=(array([0.01449987, 0.12962293, 0.05971845, 0.05411949, 0.0655074 ,
       0.09792241, 0.04845424, 0.04918065, 0.08308052, 0.05802059]))"
78	Btg1_chr10_9578	ok
79	Bend5_chr4_8201	ok
80	Btg1_chr10_9588	ok
81	Col5a1_chr2_2558	"NaNs in SEs; H=np.array([[-540.7946134387884, -36.67268711917836, -92.27908558278507, -31.94983502836227, -76.37749640506269, -59.44421743056519, -17.801518924252616, 8.06762383813569, 0.892969338418924, 1.5186698524245954, 0.8192653068842712, 2.5877794401781173, 0.8182772124919054, -0.012663169498397638], [-36.67268711917836, -36.67268711917836, 0.0, 0.0, 0.0, 0.0, 0.0, 0.5453244766857905, 0.061089698795769774, 0.10631134605341405, 0.05513593300593443, 0.1713417102004476, 0.055571549437602744, -0.0009944620896413848], [-92.27908558278507, 0.0, -92.27908558278507, 0.0, 0.0, 0.0, 0.0, 1.3788568284644942, 0.15697818323534582, 0.26161902640065055, 0.13653804119229168, 0.440730840933087, 0.13589981031648837, -0.004335025242492855], [-31.94983502836227, 0.0, 0.0, -31.94983502836227, 0.0, 0.0, 0.0, 0.4792246580837344, 0.05077642977884515, 0.09635401702604306, 0.04538546815226041, 0.14925635581691557, 0.047586260753626694, -0.0007946854211792966], [-76.37749640506269, 0.0, 0.0, 0.0, -76.37749640506269, 0.0, 0.0, 1.1290616067736752, 0.12777711244756465, 0.21801328922576174, 0.12059035074847367, 0.352188159983005, 0.11498849866815405, -0.0020331372138645103], [-59.44421743056519, 0.0, 0.0, 0.0, 0.0, -59.44421743056519, 0.0, 0.8765366871233545, 0.09740978983057869, 0.16281020014765235, 0.0981761678570461, 0.2702956015672636, 0.08713479007027083, -0.0012541048361484233], [-17.801518924252616, 0.0, 0.0, 0.0, 0.0, 0.0, -17.801518924252616, 0.26767760277843244, 0.029148350855429966, 0.05260470111006739, 0.026637963919392844, 0.08727809820911303, 0.02607513789384612, -0.00016706912776654967], [8.06762383813569, 0.5453244766857905, 1.3788568284644946, 0.4792246580837344, 1.1290616067736752, 0.8765366871233545, 0.26767760277843244, 0.028363551170445478, -0.027465817784789803, -0.02570601305070716, -0.05915535931780269, 0.06817661362661825, -0.09556382269900625, 0.26472289714631897], [0.892969338418924, 0.061089698795769774, 0.15697818323534582, 0.05077642977884515, 0.1277771124475646, 0.09740978983057869, 0.029148350855429904, -0.027465817784789803, -0.027465817784789803, 0.0, 0.0, 0.0, 0.0, 0.029214671625780127], [1.5186698524245954, 0.10631134605341405, 0.26161902640065055, 0.09635401702604296, 0.21801328922576174, 0.16281020014765232, 0.0526047011100674, -0.02570601305070716, 0.0, -0.02570601305070716, 0.0, 0.0, 0.0, 0.049309884575007006], [0.8192653068842712, 0.05513593300593443, 0.13653804119229168, 0.04538546815226041, 0.12059035074847367, 0.0981761678570461, 0.026637963919392837, -0.05915535931780269, 0.0, 0.0, -0.05915535931780269, 0.0, 0.0, 0.026554159325015637], [2.5877794401781173, 0.17134171020044775, 0.440730840933087, 0.14925635581691557, 0.352188159983005, 0.2702956015672636, 0.08727809820911303, 0.06817661362661825, 0.0, 0.0, 0.0, 0.06817661362661825, 0.0, 0.0858177280024374], [0.8182772124919054, 0.055571549437602744, 0.13589981031648818, 0.04758626075362669, 0.11498849866815407, 0.08713479007027083, 0.026075137893846117, -0.09556382269900625, 0.0, 0.0, 0.0, 0.0, -0.09556382269900625, 0.02701878064289769], [-0.012663169498342786, -0.0009944620896483736, -0.004335025242520663, -0.0007946854211730581, -0.0020331372138702175, -0.0012541048361863205, -0.00016706912777285365, 0.26472289714638464, 0.029214671625801714, 0.04930988457503105, 0.026554159324970072, 0.08581772800241794, 0.0270187806429405, -12.993026360007207]]) ; se_all=(array([0.06691171, 0.17801278, 0.1235179 , 0.18900096, 0.13233451,
       0.14574215, 0.24616384,        nan, 5.82120465, 6.50047004,
       3.46023797,        nan, 2.26017005, 0.27769648])) ; se_x_mu=(array([0.06691171, 0.17801278, 0.1235179 , 0.18900096, 0.13233451,
       0.14574215, 0.24616384]))"
82	Igfbp4_chr11_16784	ok
83	Lamb1_chr12_2206	ok
84	Lamb1_chr12_2207	ok
85	Sox17_chr1_59	"NaNs in SEs; H=np.array([[-228.14310717352484, -27.61393605261917, -54.77335176736279, -37.828967650005524, -35.02244665961521, -11.848780165711075, 4.434648104381436, 1.1304785037180394, 0.6903614987140617, 0.44081384304374577, 1.1890860139921098, 0.3638480446363006, -0.006848446327405527], [-27.61393605261917, -27.61393605261917, 0.0, 0.0, 0.0, 0.0, 0.5394442505481738, 0.1390832213636356, 0.09155360167393255, 0.05561271817336751, 0.14184735377831703, 0.040133810115767235, -0.0010825971590382516], [-54.77335176736279, 0.0, -54.77335176736279, 0.0, 0.0, 0.0, 1.0774383493893678, 0.26736630726440924, 0.16912477972437456, 0.10617856844203762, 0.31113246011391327, 0.08366808951030467, -0.0029886619581154326], [-37.828967650005524, 0.0, 0.0, -37.828967650005524, 0.0, 0.0, 0.7338829478234701, 0.19325597497591337, 0.11445699940474133, 0.07318605586426745, 0.18715013585334953, 0.05938470894082271, -0.001014908294376655], [-35.02244665961521, 0.0, 0.0, 0.0, -35.02244665961521, 0.0, 0.6772241779513188, 0.17246103162590806, 0.10006301865680566, 0.06634157255524209, 0.1817377708831988, 0.05961901377580804, -0.0008576434498591612], [-11.848780165711075, 0.0, 0.0, 0.0, 0.0, -11.848780165711075, 0.22801038726522788, 0.06013124206608929, 0.036433407480536556, 0.023074078423171784, 0.057609828502236005, 0.020182630636320927, -0.00013792224387348744], [4.434648104381436, 0.5394442505481738, 1.0774383493893678, 0.7338829478234702, 0.6772241779513181, 0.22801038726522788, 0.053637776694732964, 0.053770248575519444, -0.010919680746552723, -0.008927067488699371, 0.14504967274561814, -0.04772150334180847, 0.10506098237434956], [1.1304785037180394, 0.1390832213636356, 0.26736630726440924, 0.19325597497591337, 0.17246103162590806, 0.06013124206608929, 0.053770248575519444, 0.053770248575519444, 0.0, 0.0, 0.0, 0.0, 0.026598783804216878], [0.6903614987140617, 0.09155360167393255, 0.16912477972437456, 0.11445699940474133, 0.10006301865680566, 0.036433407480536556, -0.010919680746552723, 0.0, -0.010919680746552723, 0.0, 0.0, 0.0, 0.016417835158756496], [0.44081384304374577, 0.055612718173367534, 0.10617856844203762, 0.07318605586426745, 0.06634157255524209, 0.023074078423171784, -0.008927067488699371, 0.0, 0.0, -0.008927067488699371, 0.0, 0.0, 0.010433193458948572], [1.1890860139921098, 0.14184735377831723, 0.31113246011391327, 0.18715013585334953, 0.18173777088319878, 0.057609828502236005, 0.14504967274561814, 0.0, 0.0, 0.0, 0.14504967274561814, 0.0, 0.028616918566653958], [0.3638480446363006, 0.040133810115767235, 0.08366808951030467, 0.05938470894082271, 0.05961901377580804, 0.020182630636320927, -0.04772150334180847, 0.0, 0.0, 0.0, 0.0, -0.04772150334180847, 0.008490986282402583], [-0.006848446327613056, -0.0010825971590413264, -0.0029886619581107055, -0.0010149082943586851, -0.0008576434498803742, -0.00013792224387783325, 0.10506098237445372, 0.026598783804228532, 0.0164178351587303, 0.01043319345896343, 0.028616918566601868, 0.008490986282435387, -4.261758807716433]]) ; se_all=(array([ 0.13142549,  0.2293716 ,  0.1861104 ,  0.20691404,  0.2119727 ,
        0.31745543,  3.63806046,         nan, 11.01358623, 11.59025175,
        2.72601411,  5.81725127,  0.48593908])) ; se_x_mu=(array([0.13142549, 0.2293716 , 0.1861104 , 0.20691404, 0.2119727 ,
       0.31745543]))"
86	Sox4_chr13_2057	"NaNs in SEs; H=np.array([[-336.96318212528706, -19.45952456131668, -12.837122637425775, -66.10322186245926, -17.815010734885412, -110.21941403590691, 44.44425648604265, 11.494493350335695, 0.6606177217799402, 11.260058561973818, 0.6996199906303893, 15.792682946366876, 0.29594528176292845], [-19.45952456131668, -19.45952456131668, 0.0, 0.0, 0.0, 0.0, 2.549439052784189, 0.6500902845504788, 0.03879418955426409, 0.6500265999447591, 0.040801805223972004, 0.9081953985414712, -0.0001626633184939729], [-12.837122637425775, 0.0, -12.837122637425775, 0.0, 0.0, 0.0, 1.6961962549312533, 0.42527056395842167, 0.026397613223493665, 0.4424036333465596, 0.025449911800436008, 0.604397873890151, -0.00010505970525908736], [-66.10322186245926, 0.0, 0.0, -66.10322186245926, 0.0, 0.0, 8.690847199611841, 2.3154059625973806, 0.12885681769576532, 2.1468775523345194, 0.14260345686026124, 3.0919970245337125, 7.578701512409112e-05], [-17.815010734885412, 0.0, 0.0, 0.0, -17.815010734885412, 0.0, 2.2670899058757485, 0.5863579287799101, 0.036726562704679507, 0.5474342871141814, 0.0388089193919064, 0.8134398414605759, -0.0001385210815288539], [-110.21941403590691, 0.0, 0.0, 0.0, 0.0, -110.21941403590691, 14.826928798797036, 3.7546011841611984, 0.21303849390030957, 3.9345112045908714, 0.21314275039587569, 5.21267296388896, 0.28797120074879945], [44.44425648604265, 2.549439052784189, 1.6961962549312521, 8.690847199611843, 2.2670899058757485, 14.826928798797033, -12.05999744160611, -2.730538074000098, -0.10684573682545295, -2.639316596921079, -0.019085424172784162, -6.942007372914097, 3.5105548006262297], [11.494493350335695, 0.6500902845504788, 0.425270563958421, 2.3154059625973815, 0.5863579287799101, 3.7546011841611984, -2.730538074000098, -2.730538074000098, 0.0, 0.0, 0.0, 0.0, 0.8950599176675815], [0.6606177217799402, 0.03879418955426409, 0.026397613223493665, 0.12885681769576532, 0.036726562704679555, 0.21303849390030957, -0.10684573682545295, 0.0, -0.10684573682545295, 0.0, 0.0, 0.0, 0.050897050440419686], [11.260058561973812, 0.6500265999447591, 0.4424036333465596, 2.1468775523345194, 0.5474342871141804, 3.9345112045908697, -2.639316596921079, 0.0, 0.0, -2.639316596921079, 0.0, 0.0, 0.9184487958235676], [0.6996199906303893, 0.040801805223972004, 0.025449911800436008, 0.14260345686026124, 0.0388089193919064, 0.21314275039587569, -0.019085424172784162, 0.0, 0.0, 0.0, -0.019085424172784162, 0.0, 0.05193597676325292], [15.792682946366876, 0.9081953985414712, 0.604397873890151, 3.0919970245337125, 0.8134398414605759, 5.21267296388896, -6.942007372914097, 0.0, 0.0, 0.0, 0.0, -6.942007372914097, 1.2382670603151105], [0.2959452817632311, -0.00016266331849257298, -0.00010505970526009101, 7.578701512533925e-05, -0.00013852108152601073, 0.28797120074879157, 3.5105548006263234, 0.8950599176670266, 0.05089705044044024, 0.9184487958237924, 0.051935976763219927, 1.238267060315252, -18.658682392739138]]) ; se_all=(array([0.10237607, 0.24583984, 0.29487427, 0.15548584, 0.25530783,
       0.13464418,        nan,        nan, 2.89962715,        nan,
       7.86168286,        nan, 0.23795793])) ; se_x_mu=(array([0.10237607, 0.24583984, 0.29487427, 0.15548584, 0.25530783,
       0.13464418]))"
87	Tgfbi_chr13_5735	"NaNs in SEs; H=np.array([[-974.6804222091471, -46.71317815760334, -295.00717222799375, -89.80717222595386, -16.352449031052068, -195.34450031247556, -62.600578950926874, -82.04085657081957, 110.9739619661391, 31.352636105108186, 22.489985231872296, 25.02796077109841, 1.806611978155949, 2.82536820935991, 1.4888978861653803], [-46.71317815760334, -46.71317815760334, 0.0, 0.0, 0.0, 0.0, 0.0, 0.0, 5.335980785810041, 1.3983411258956588, 1.1327946113521432, 1.318444763058792, 0.08318032741317707, 0.13616704719289421, 0.0034659159205298745], [-295.00717222799375, 0.0, -295.00717222799375, 0.0, 0.0, 0.0, 0.0, 0.0, 33.26748543447405, 9.226915284076766, 6.71056313832959, 7.438507253515858, 0.5171489343631266, 0.91418702653307, 1.2492478840358991], [-89.80717222595386, 0.0, 0.0, -89.80717222595386, 0.0, 0.0, 0.0, 0.0, 10.174738470755875, 2.9429195749357135, 2.1632406135132585, 2.347489835796389, 0.17960964053237935, 0.2426696728243338, 0.04436461330837396], [-16.352449031052068, 0.0, 0.0, 0.0, -16.352449031052068, 0.0, 0.0, 0.0, 1.788250964523804, 0.465094311640675, 0.36943283780879976, 0.4308754457575047, 0.03664493764747856, 0.044810037371044706, 0.0015058495243753392], [-195.34450031247556, 0.0, 0.0, 0.0, 0.0, -195.34450031247556, 0.0, 0.0, 22.07954116688647, 6.399756465480882, 4.4804701718882445, 4.846901964808529, 0.38357706024984345, 0.5541809432704652, 0.09655859917422842], [-62.600578950926874, 0.0, 0.0, 0.0, 0.0, 0.0, -62.600578950926874, 0.0, 7.221341744525441, 2.0485677577516896, 1.4650437786499884, 1.6852464442595734, 0.11681478015303849, 0.17256419126986802, 0.0004732025203640477], [-82.04085657081957, 0.0, 0.0, 0.0, 0.0, 0.0, 0.0, -82.04085657081957, 9.316055840163765, 2.648958681622677, 1.853728632931782, 2.0834355081559877, 0.14966839164034287, 0.24645383025900247, 0.009691548357429663], [110.9739619661391, 5.335980785810041, 33.26748543447405, 10.174738470755875, 1.7882509645238036, 22.07954116688647, 7.221341744525441, 9.316055840163763, -22.370033002044515, -7.998251284192703, -3.7540156938768425, -5.1344735369470555, -0.08615925483318028, -0.02755828551902475, 14.545400864284174], [31.352636105108186, 1.3983411258956588, 9.226915284076766, 2.9429195749357135, 0.465094311640675, 6.399756465480882, 2.0485677577516896, 2.6489586816226756, -7.998251284192703, -7.998251284192703, 0.0, 0.0, 0.0, 0.0, 4.083764686471814], [22.489985231872296, 1.1327946113521432, 6.71056313832959, 2.1632406135132585, 0.36943283780879976, 4.4804701718882445, 1.4650437786499884, 1.853728632931782, -3.7540156938768425, 0.0, -3.7540156938768425, 0.0, 0.0, 0.0, 2.9422772783747577], [25.02796077109841, 1.318444763058792, 7.438507253515858, 2.347489835796389, 0.4308754457575047, 4.846901964808529, 1.6852464442595756, 2.0834355081559877, -5.1344735369470555, 0.0, 0.0, -5.1344735369470555, 0.0, 0.0, 3.259771449980532], [1.806611978155949, 0.08318032741317707, 0.5171489343631266, 0.17960964053237935, 0.036644937647478545, 0.38357706024984345, 0.11681478015303849, 0.14966839164034285, -0.08615925483318028, 0.0, 0.0, 0.0, -0.08615925483318028, 0.0, 0.2326725161853722], [2.82536820935991, 0.13616704719289421, 0.9141870265330704, 0.2426696728243338, 0.044810037371044706, 0.5541809432704652, 0.17256419126986802, 0.24645383025900247, -0.02755828551902475, 0.0, 0.0, 0.0, 0.0, -0.02755828551902475, 0.38325384882351793], [1.4888978861659936, 0.0034659159205276957, 1.2492478840359293, 0.044364613308391476, 0.0015058495243714942, 0.09655859917424436, 0.0004732025203528778, 0.00969154835742092, 14.545400864283579, 4.0837646864722785, 2.942277278374462, 3.259771449980377, 0.23267251618537443, 0.3832538488235535, -90.11275027745342]]) ; se_all=(array([       nan, 0.16359509, 0.0934642 , 0.12838097, 0.25785519,
       0.10233262, 0.14603832, 0.13244619,        nan, 0.51508239,
       0.65536363, 0.61562003, 2.002222  ,        nan,        nan])) ; se_x_mu=(array([       nan, 0.16359509, 0.0934642 , 0.12838097, 0.25785519,
       0.10233262, 0.14603832, 0.13244619]))"
88	Col1a2_chr6_73	"NaNs in SEs; H=np.array([[-831.990500606334, -97.25562503371937, -23.318317750327758, -25.144328427070942, -234.21530109869298, -195.7118889311548, 80.10617939935385, 24.739941697351863, 22.23986277751414, 2.9760002431458257, 21.942344224892327, 1.4721378953460624, 0.18998436220385348], [-97.25562503371937, -97.25562503371937, 0.0, 0.0, 0.0, 0.0, 9.340149331368812, 2.740303203996755, 2.7890972580118323, 0.3643725305071476, 2.5180557813055513, 0.1704661123666733, 0.018035263271661897], [-23.318317750327758, 0.0, -23.318317750327758, 0.0, 0.0, 0.0, 2.2595675463203277, 0.6803579924485325, 0.609686150725439, 0.08418390123453627, 0.6511268684218734, 0.038863832652465624, -0.0002353667263831937], [-25.144328427070942, 0.0, 0.0, -25.144328427070942, 0.0, 0.0, 2.59174276310637, 0.7789027071667078, 0.7706733659742293, 0.06921200877230595, 0.7116022554844188, 0.04091823339190291, 0.0037225914169644464], [-234.21530109869298, 0.0, 0.0, 0.0, -234.21530109869298, 0.0, 22.76866143414796, 6.910647363952914, 6.4167162787983045, 0.7974020704425112, 6.31531848383983, 0.4124348045328897, 0.055429062476062885], [-195.7118889311548, 0.0, 0.0, 0.0, 0.0, -195.7118889311548, 18.731559591376747, 5.913091260485734, 4.912148130406543, 0.7387195770049293, 5.258409674744711, 0.3397468820468497, 0.028397868985736388], [80.10617939935385, 9.340149331368812, 2.2595675463203277, 2.5917427631063683, 22.768661434147948, 18.731559591376747, -13.92818236476548, -5.215359862235316, -4.156997243043975, 0.03304475564369135, -4.105394458054212, -0.05140769617437095, 4.934309905687702], [24.739941697351853, 2.740303203996755, 0.6803579924485325, 0.7789027071667081, 6.910647363952908, 5.913091260485734, -5.215359862235316, -5.215359862235316, 0.0, 0.0, 0.0, 0.0, 1.524683736244517], [22.23986277751414, 2.7890972580118323, 0.609686150725439, 0.770673365974229, 6.416716278798305, 4.912148130406543, -4.156997243043975, 0.0, -4.156997243043975, 0.0, 0.0, 0.0, 1.3721703068520337], [2.9760002431458257, 0.3643725305071476, 0.08418390123453627, 0.06921200877230595, 0.7974020704425109, 0.7387195770049293, 0.03304475564369135, 0.0, 0.0, 0.03304475564369135, 0.0, 0.0, 0.18310844642462945], [21.942344224892327, 2.5180557813055513, 0.6511268684218734, 0.7116022554844187, 6.31531848383983, 5.258409674744711, -4.105394458054212, 0.0, 0.0, 0.0, -4.105394458054212, 0.0, 1.34852065838852], [1.4721378953460624, 0.1704661123666733, 0.038863832652465624, 0.04091823339190291, 0.4124348045328897, 0.3397468820468494, -0.05140769617437095, 0.0, 0.0, 0.0, 0.0, -0.05140769617437095, 0.09098570520763864], [0.18998436220309856, 0.018035263271650948, -0.00023536672638502232, 0.0037225914169569663, 0.05542906247609203, 0.02839786898567631, 4.934309905687428, 1.5246837362447536, 1.372170306851956, 0.18310844642469704, 1.3485206583882814, 0.09098570520763616, -34.738721396041]]) ; se_all=(array([0.06607949, 0.11910236, 0.21630617, 0.20901545, 0.09039966,
       0.09492803, 1.66574011, 1.65198755, 1.6593887 ,        nan,
       1.66038928, 4.69994338, 0.17278832])) ; se_x_mu=(array([0.06607949, 0.11910236, 0.21630617, 0.20901545, 0.09039966,
       0.09492803]))"
89	Foxa2_chr2_13835	ok
90	Map1b_chr13_9436	ok
91	Gata4_chr14_5752	"NaNs in SEs; H=np.array([[-671.2071013625739, -107.30192694049683, -66.06283718942777, -92.83238323758516, -104.64739741147935, 11.953523133079749, 1.0050548852442163, 1.0616589304193278, 3.231566724096067, 1.5440752042669168, 3.3390807704205328, 0.08348778749877915], [-107.30192694049683, -107.30192694049683, 0.0, 0.0, 0.0, 1.9108283336264718, 0.1659525866076116, 0.17511995232664562, 0.4721061451639509, 0.25209022604702197, 0.5880414765961486, 0.01840689607205906], [-66.06283718942777, 0.0, -66.06283718942777, 0.0, 0.0, 1.1574957272114075, 0.10132380937374964, 0.10907872579790025, 0.3198345658152461, 0.15055847724145063, 0.29464697731500045, 0.00399492277899993], [-92.83238323758516, 0.0, 0.0, -92.83238323758516, 0.0, 1.6609957416584158, 0.14039920628616462, 0.1408846832755553, 0.4419901894383032, 0.22620730556680868, 0.4812465761901102, 0.005240924939292501], [-104.64739741147935, 0.0, 0.0, 0.0, -104.64739741147935, 1.854197840878108, 0.14997814184216743, 0.17684522398773386, 0.48453723633508, 0.233538843946016, 0.521962163052264, 0.01009880581439792], [11.953523133079749, 1.9108283336264718, 1.1574957272114075, 1.6609957416584158, 1.854197840878108, -0.0690725073824623, -0.08887190598877519, -0.04224789679918908, -0.033868720145274034, -0.023742965213015728, 0.12321857055735816, 0.7298935907002807], [1.0050548852442163, 0.1659525866076116, 0.10132380937374964, 0.1403992062861646, 0.14997814184216746, -0.08887190598877519, -0.08887190598877519, 0.0, 0.0, 0.0, 0.0, 0.06127800877356536], [1.0616589304193278, 0.17511995232664562, 0.10907872579790025, 0.14088468327555514, 0.17684522398773392, -0.04224789679918908, 0.0, -0.04224789679918908, 0.0, 0.0, 0.0, 0.06430626102573987], [3.231566724096067, 0.4721061451639509, 0.3198345658152461, 0.44199018943830315, 0.48453723633508, -0.033868720145274034, 0.0, 0.0, -0.033868720145274034, 0.0, 0.0, 0.19859125204703817], [1.5440752042669168, 0.25209022604702197, 0.15055847724145063, 0.2262073055668087, 0.233538843946016, -0.023742965213015728, 0.0, 0.0, 0.0, -0.023742965213015728, 0.0, 0.09374693927870908], [3.3390807704205328, 0.5880414765961486, 0.29464697731500045, 0.4812465761901102, 0.521962163052264, 0.12321857055735816, 0.0, 0.0, 0.0, 0.0, 0.12321857055735816, 0.20359167531119504], [0.08348778749890062, 0.018406896072058143, 0.003994922779008592, 0.005240924939334257, 0.010098805814452994, 0.7298935907002715, 0.06127800877357892, 0.0643062610257541, 0.19859125204700234, 0.09374693927867739, 0.20359167531120903, -29.756608092985516]]) ; se_all=(array([0.0205188 , 0.11226554, 0.13589269, 0.11868924, 0.1135335 ,
              nan,        nan,        nan, 7.05476317, 4.60268104,
              nan, 0.16845539])) ; se_x_mu=(array([0.0205188 , 0.11226554, 0.13589269, 0.11868924, 0.1135335 ]))"
92	Sox4_chr13_2054	"NaNs in SEs; H=np.array([[-450.90811980562495, -41.68145447605269, -58.93684663407478, -15.814761916664589, -6.89889463947006, -76.99268831447758, -61.70947121044884, -24.705373204321504, 52.66465061239404, 16.326630485527087, 0.8618428877406964, 11.488987408512674, 1.8647326181557105, 17.432453816398688, 0.013762336983618156], [-41.68145447605269, -41.68145447605269, 0.0, 0.0, 0.0, 0.0, 0.0, 0.0, 4.766082683694936, 1.479499944786802, 0.08313290668882223, 1.0986343426099354, 0.17205426602898802, 1.5037951410857444, 0.00021493650348646627], [-58.93684663407478, 0.0, -58.93684663407478, 0.0, 0.0, 0.0, 0.0, 0.0, 7.0436935271315235, 2.216148417594707, 0.11574951688113327, 1.5596881204806832, 0.2375401619681426, 2.3573002375285412, 0.0006569655163311674], [-15.814761916664589, 0.0, 0.0, -15.814761916664589, 0.0, 0.0, 0.0, 0.0, 1.8511324110293512, 0.5784173720028222, 0.02937029657933163, 0.39229856706284694, 0.06424112725344923, 0.6121792377332718, -8.790444658824271e-05], [-6.89889463947006, 0.0, 0.0, 0.0, -6.89889463947006, 0.0, 0.0, 0.0, 0.7800895185492773, 0.2669213347796493, 0.014042210296723668, 0.146594092297773, 0.02997046161441564, 0.24912886884023408, -3.097779990062161e-05], [-76.99268831447758, 0.0, 0.0, 0.0, 0.0, -76.99268831447758, 0.0, 0.0, 8.903795636492342, 2.76301726137349, 0.14654892514336082, 1.9401092866231726, 0.3318299120452621, 2.929816789557127, -4.1969547549146856e-05], [-61.70947121044884, 0.0, 0.0, 0.0, 0.0, 0.0, -61.70947121044884, 0.0, 7.2395640915458035, 2.2512561013151373, 0.11784299873026668, 1.5669797735131163, 0.24750833560124058, 2.3985062179503713, -0.0002383888506020046], [-24.705373204321504, 0.0, 0.0, 0.0, 0.0, 0.0, 0.0, -24.705373204321504, 2.977493301028384, 0.9702155670298388, 0.045027470930169025, 0.6339344406481476, 0.0933187833840462, 0.9634748572198987, -0.0001408434136660878], [52.66465061239404, 4.766082683694936, 7.043693527131532, 1.8511324110293519, 0.7800895185492773, 8.903795636492342, 7.2395640915458035, 2.977493301028384, -11.028166471772368, -4.25688505207447, -0.10306069508459004, -1.8682108401841018, 0.03574137429289073, -4.871389332801201, 0.8753438632058079], [16.326630485527087, 1.479499944786802, 2.2161484175947064, 0.5784173720028228, 0.2669213347796493, 2.7630172613734914, 2.251256101315138, 0.9702155670298388, -4.25688505207447, -4.25688505207447, 0.0, 0.0, 0.0, 0.0, 0.26954413535226746], [0.8618428877406957, 0.08313290668882223, 0.11574951688113326, 0.029370296579331625, 0.014042210296723668, 0.14654892514336082, 0.11784299873026674, 0.04502747093016904, -0.10306069508459004, 0.0, -0.10306069508459004, 0.0, 0.0, 0.0, 0.014334430986785636], [11.488987408512674, 1.0986343426099354, 1.5596881204806834, 0.39229856706284694, 0.146594092297773, 1.9401092866231726, 1.5669797735131163, 0.6339344406481476, -1.8682108401841018, 0.0, 0.0, -1.8682108401841018, 0.0, 0.0, 0.19133099935863485], [1.8647326181557105, 0.17205426602898802, 0.2375401619681426, 0.0642411272534493, 0.029970461614415647, 0.3318299120452615, 0.24750833560124058, 0.0933187833840462, 0.03574137429289073, 0.0, 0.0, 0.0, 0.03574137429289073, 0.0, 0.031195215262808013], [17.432453816398688, 1.5037951410857444, 2.3573002375285412, 0.6121792377332718, 0.24912886884023408, 2.929816789557127, 2.3985062179503713, 0.9634748572198988, -4.871389332801201, 0.0, 0.0, 0.0, 0.0, -4.871389332801201, 0.2910103673686343], [0.013762336983390355, 0.00021493650349846405, 0.0006569655163035648, -8.790444659045882e-05, -3.0977799901021896e-05, -4.196954755464333e-05, -0.00023838885060190051, -0.00014084341365094843, 0.875343863207263, 0.26954413535202093, 0.014334430986643554, 0.19133099935964992, 0.031195215262812326, 0.2910103673698359, -4.380015625676606]]) ; se_all=(array([0.06982347, 0.17344907, 0.1518468 , 0.2632875 , 0.38865964,
       0.13812382, 0.1493166 , 0.21578347,        nan,        nan,
       1.50583437,        nan,        nan,        nan, 0.47423241])) ; se_x_mu=(array([0.06982347, 0.17344907, 0.1518468 , 0.2632875 , 0.38865964,
       0.13812382, 0.1493166 , 0.21578347]))"
93	Sparc_chr11_7207	ok
94	Tgfbi_chr13_5701	"NaNs in SEs; H=np.array([[-285.8156774281682, -44.00439317343269, -62.480668681752746, -54.28617086882372, -24.42041628976467, 4.4052952378148555, 0.7045810110315278, 0.4804943376569084, 0.4424152573670328, 1.497932919846044, 0.4701902543592937, -0.010604992144378864], [-44.00439317343269, -44.00439317343269, 0.0, 0.0, 0.0, 0.6948976628198389, 0.10670596139868008, 0.07447063541517883, 0.0693053185365476, 0.24528549443869105, 0.06208248491283017, -0.002361575754759586], [-62.480668681752746, 0.0, -62.480668681752746, 0.0, 0.0, 0.9555169900351524, 0.15276703753127907, 0.1060895845353471, 0.08694029198564686, 0.31106872063592683, 0.11578622043140176, -0.003593915004674649], [-54.28617086882372, 0.0, 0.0, -54.28617086882372, 0.0, 0.8330060571999677, 0.13013501788479118, 0.09308150622713847, 0.09339074776786314, 0.28962439656649486, 0.08371491194572706, -0.0031857706400315877], [-24.42041628976467, 0.0, 0.0, 0.0, -24.42041628976467, 0.3783641666999087, 0.0655389293788096, 0.03936956136569889, 0.03742838750372496, 0.12685524171521745, 0.03794078781393279, -0.0005296587979887496], [4.4052952378148555, 0.694897662819839, 0.9555169900351523, 0.8330060571999679, 0.3783641666999087, 0.1077546691961463, -0.011177988851795693, -0.01901470604664414, -0.05227681349796721, 0.14254925744456776, -0.07754810456830093, 0.2026886710945934], [0.7045810110315277, 0.10670596139868008, 0.15276703753127904, 0.13013501788479118, 0.0655389293788096, -0.011177988851795693, -0.011177988851795693, 0.0, 0.0, 0.0, 0.0, 0.03221170987337205], [0.4804943376569084, 0.07447063541517883, 0.10608958453534706, 0.09308150622713848, 0.0393695613656989, -0.01901470604664414, 0.0, -0.01901470604664414, 0.0, 0.0, 0.0, 0.02221344850817831], [0.44241525736703274, 0.0693053185365476, 0.08694029198564684, 0.09339074776786317, 0.03742838750372496, -0.05227681349796721, 0.0, 0.0, -0.05227681349796721, 0.0, 0.0, 0.020465468545101492], [1.497932919846044, 0.24528549443869105, 0.31106872063592683, 0.2896243965664948, 0.12685524171521745, 0.14254925744456776, 0.0, 0.0, 0.0, 0.14254925744456776, 0.0, 0.06898783752709847], [0.47019025435929374, 0.06208248491283017, 0.11578622043140176, 0.08371491194572707, 0.03794078781393279, -0.07754810456830093, 0.0, 0.0, 0.0, 0.0, -0.07754810456830093, 0.021725088762642928], [-0.010604992144144454, -0.002361575754796341, -0.0035939150046684354, -0.0031857706400710284, -0.0005296587979768952, 0.20268867109472666, 0.03221170987337274, 0.022213448508174416, 0.0204654685450949, 0.0689878375270716, 0.021725088762651446, -8.526578069273455]]) ; se_all=(array([ 0.10278226,  0.18072858,  0.16106884,  0.16840547,  0.22559178,
               nan, 10.14725104,  7.0063109 ,  3.48362613,         nan,
        2.36837779,  0.34456339])) ; se_x_mu=(array([0.10278226, 0.18072858, 0.16106884, 0.16840547, 0.22559178]))"
95	Btg1_chr10_9612	"NaNs in SEs; H=np.array([[-825.1805635678952, -66.06527791404955, -168.3871907449921, -71.46311772220174, -157.87867726770293, -88.46828120401948, 10.821285627439028, 1.1122546416279204, 2.935577760132776, 1.202944007162361, 2.3941310923071883, 1.3637990690573423, 0.11113591964401347], [-66.06527791404955, -66.06527791404955, 0.0, 0.0, 0.0, 0.0, 0.8660234517339104, 0.09082986706656433, 0.2399244847632166, 0.09530769126453414, 0.18694822452295604, 0.11081121552663029, 0.005759941503899031], [-168.3871907449921, 0.0, -168.3871907449921, 0.0, 0.0, 0.0, 2.212970246573679, 0.23162491442623, 0.6107219551773639, 0.24285577626362287, 0.4979117977899659, 0.26926305722557925, 0.03892149265113098], [-71.46311772220174, 0.0, 0.0, -71.46311772220174, 0.0, 0.0, 0.9316766649104121, 0.10170869396186644, 0.2514376059184066, 0.10708307067066365, 0.2092449368941324, 0.11623828466701272, 0.002592937105715523], [-157.87867726770293, 0.0, 0.0, 0.0, -157.87867726770293, 0.0, 2.0485456915808524, 0.21136576399219492, 0.5122009033433799, 0.23775254576489058, 0.4609144396274157, 0.2590696292210612, 0.015137442092864595], [-88.46828120401948, 0.0, 0.0, 0.0, 0.0, -88.46828120401948, 1.1657932946438532, 0.11671458570917304, 0.3190121756923383, 0.12696378569098957, 0.2623757389243987, 0.1441616765948091, 0.006652472801720748], [10.821285627439021, 0.8660234517339105, 2.2129702465736796, 0.9316766649104121, 2.0485456915808524, 1.165793294643853, -0.09427731246485382, -0.08539388612094795, -0.011109528266847201, -0.04997745027164134, -0.04013670607138258, -0.022432606030243954, 1.013889049880799], [1.1122546416279204, 0.09082986706656433, 0.23162491442623, 0.10170869396186648, 0.21136576399219492, 0.1167145857091731, -0.08539388612094795, -0.08539388612094795, 0.0, 0.0, 0.0, 0.0, 0.10383725808152874], [2.935577760132776, 0.2399244847632166, 0.6107219551773639, 0.2514376059184066, 0.5122009033433799, 0.3190121756923383, -0.011109528266847201, 0.0, -0.011109528266847201, 0.0, 0.0, 0.0, 0.27699007339505205], [1.202944007162361, 0.09530769126453416, 0.24285577626362287, 0.10708307067066374, 0.23775254576489058, 0.12696378569098957, -0.04997745027164134, 0.0, 0.0, -0.04997745027164134, 0.0, 0.0, 0.11207940009442646], [2.3941310923071883, 0.18694822452295604, 0.4979117977899659, 0.20924493689413243, 0.46091443962741563, 0.2623757389243987, -0.04013670607138258, 0.0, 0.0, 0.0, -0.04013670607138258, 0.0, 0.22382923983274772], [1.3637990690573423, 0.11081121552663029, 0.2692630572255794, 0.11623828466701272, 0.2590696292210612, 0.1441616765948091, -0.022432606030243954, 0.0, 0.0, 0.0, 0.0, -0.022432606030243954, 0.12772430212978134], [0.11113591964503255, 0.005759941503900662, 0.038921492651100786, 0.002592937105722559, 0.015137442092934883, 0.006652472801758957, 1.0138890498808877, 0.10383725808151745, 0.27699007339514736, 0.11207940009444961, 0.22382923983273528, 0.12772430212976715, -59.6864265645645]]) ; se_all=(array([       nan, 0.13711439, 0.09799704, 0.13287384, 0.09984884,
       0.12234268,        nan, 0.26405366,        nan, 2.38729993,
              nan, 3.89269614, 0.10077234])) ; se_x_mu=(array([       nan, 0.13711439, 0.09799704, 0.13287384, 0.09984884,
       0.12234268]))"
96	Cdk5r1_chr11_12595	"NaNs in SEs; H=np.array([[-176.96444972488433, -35.137206519876024, -65.66035413535577, 3.880294912589184, 0.9567209461424326, 0.28166399049295804, 0.9303459877832221, 0.33805560168797005, 0.8673010977670398, -0.0029361957594435453], [-35.137206519876024, -35.137206519876024, 0.0, 0.7700727701019928, 0.20248163676952638, 0.056120573839882754, 0.18274114126015795, 0.06687473542266889, 0.15737587926414484, -0.0008825754787343903], [-65.66035413535577, 0.0, -65.66035413535577, 1.443635281985372, 0.3649367243687014, 0.10455293576854065, 0.33374859742784635, 0.12177907211924903, 0.32823828985523995, -0.001453261032069721], [3.880294912589184, 0.7700727701019928, 1.443635281985372, 0.11132393999779774, 0.16904908554042772, -0.11138749786611617, 0.03526467020447045, -0.008061749146722752, -0.01475252273483394, 0.04486050992348286], [0.9567209461424326, 0.20248163676952638, 0.3649367243687014, 0.16904908554042772, 0.16904908554042772, 0.0, 0.0, 0.0, 0.0, 0.011055068449286257], [0.28166399049295804, 0.056120573839882754, 0.10455293576854065, -0.11138749786611617, 0.0, -0.11138749786611617, 0.0, 0.0, 0.0, 0.003256815429182025], [0.9303459877832223, 0.1827411412601581, 0.33374859742784635, 0.03526467020447045, 0.0, 0.0, 0.03526467020447045, 0.0, 0.0, 0.010772471971435866], [0.33805560168797016, 0.06687473542266889, 0.12177907211924917, -0.008061749146722752, 0.0, 0.0, 0.0, -0.008061749146722752, 0.0, 0.0039138890710351424], [0.8673010977670399, 0.15737587926414484, 0.3282382898552402, -0.01475252273483394, 0.0, 0.0, 0.0, 0.0, -0.01475252273483394, 0.010010589917139911], [-0.0029361957591320653, -0.0008825754787434859, -0.001453261032091424, 0.04486050992369428, 0.011055068449302041, 0.003256815429184101, 0.010772471971492337, 0.003913889071037957, 0.010010589917122559, -1.0446607097710512]]) ; se_all=(array([ 0.11986058,  0.20398898,  0.16839043,         nan,         nan,
               nan,         nan, 10.9676249 ,  8.87812328,  0.98061422])) ; se_x_mu=(array([0.11986058, 0.20398898, 0.16839043]))"
97	Cited2_chr10_1267	"NaNs in SEs; H=np.array([[-586.4806320186291, -40.83172124969674, -157.47381603738444, -54.767468259273464, -37.17256185355548, -39.086919350053115, -45.20326318195046, 10.939218400170367, 1.7245638990828454, 2.998301754849695, 2.7445230606295143, 0.9179007294838258, 0.9429652003726513, 0.06297767414463895], [-40.83172124969674, -40.83172124969674, 0.0, 0.0, 0.0, 0.0, 0.0, 0.7683578722258924, 0.12114063682429548, 0.20695246577507984, 0.20907939767346073, 0.0587326385807955, 0.07193405041936703, 0.002253067320131176], [-157.47381603738444, 0.0, -157.47381603738444, 0.0, 0.0, 0.0, 0.0, 2.9515878659543056, 0.4455707422591864, 0.864902205524362, 0.7158560684484062, 0.24421337740054697, 0.25102861511795493, 0.031662825092986895], [-54.767468259273464, 0.0, 0.0, -54.767468259273464, 0.0, 0.0, 0.0, 1.0191993696664137, 0.16297315981396093, 0.2802097637114691, 0.24655350778295568, 0.08834489727635633, 0.08352200305806148, 0.004621440019565298], [-37.17256185355548, 0.0, 0.0, 0.0, -37.17256185355548, 0.0, 0.0, 0.6880995278740846, 0.11204226720249462, 0.18120668042162275, 0.1760826287544516, 0.061140348697416184, 0.06060877305657858, 0.0007880768408529038], [-39.086919350053115, 0.0, 0.0, 0.0, 0.0, -39.086919350053115, 0.0, 0.7279245268000265, 0.11711000223332832, 0.19105172114769478, 0.19225309981022293, 0.061677457753724164, 0.06490336738111598, 0.0008742059446450318], [-45.20326318195046, 0.0, 0.0, 0.0, 0.0, 0.0, -45.20326318195046, 0.852942211538556, 0.14335803130963806, 0.22195527520297467, 0.22383534706127584, 0.06745340874890393, 0.06596294916032908, 0.0018156666726243226], [10.939218400170367, 0.7683578722258924, 2.9515878659543056, 1.0191993696664134, 0.6880995278740846, 0.7279245268000265, 0.8529422115385558, 0.008080262934431053, -0.03169006605886909, 0.31572885964271136, 0.0013191398424279056, -0.0581994798837607, -0.04419318753607293, 0.5433599243316365], [1.7245638990828454, 0.12114063682429548, 0.4455707422591864, 0.16297315981396093, 0.11204226720249462, 0.1171100022333284, 0.14335803130963806, -0.03169006605886909, -0.03169006605886909, 0.0, 0.0, 0.0, 0.0, 0.08462956809922792], [2.998301754849695, 0.20695246577507984, 0.864902205524362, 0.28020976371146905, 0.18120668042162275, 0.19105172114769478, 0.22195527520297467, 0.31572885964271136, 0.0, 0.31572885964271136, 0.0, 0.0, 0.0, 0.15123742556653608], [2.7445230606295143, 0.20907939767346073, 0.7158560684484062, 0.24655350778295565, 0.1760826287544516, 0.19225309981022293, 0.22383534706127584, 0.0013191398424279056, 0.0, 0.0, 0.0013191398424279056, 0.0, 0.0, 0.13453619703251407], [0.9179007294838258, 0.05873263858079549, 0.24421337740054697, 0.08834489727635633, 0.061140348697416184, 0.061677457753724164, 0.06745340874890393, -0.0581994798837607, 0.0, 0.0, 0.0, -0.0581994798837607, 0.0, 0.04563172109472815], [0.942965200372651, 0.07193405041936703, 0.25102861511795466, 0.08352200305806148, 0.06060877305657858, 0.06490336738111598, 0.06596294916032903, -0.04419318753607293, 0.0, 0.0, 0.0, 0.0, -0.04419318753607293, 0.04681687335074633], [0.06297767414557542, 0.0022530673201400786, 0.031662825093053626, 0.004621440019571654, 0.0007880768408485006, 0.0008742059446428807, 0.0018156666725842596, 0.5433599243317531, 0.08462956809909628, 0.15123742556668418, 0.1345361970326593, 0.0456317210947752, 0.046816873350692845, -22.015826034614292]]) ; se_all=(array([0.05740025, 0.17087442, 0.10519974, 0.1515803 , 0.17781808,
       0.17406209, 0.16381546, 2.39427557, 6.13255165, 1.61559992,
              nan, 4.78622247, 5.32652976, 0.20718904])) ; se_x_mu=(array([0.05740025, 0.17087442, 0.10519974, 0.1515803 , 0.17781808,
       0.17406209, 0.16381546]))"
98	Col1a1_chr11_15273	"NaNs in SEs; H=np.array([[-422.248817270235, -52.307892546092305, -24.148062422177816, -102.60541991288183, -23.54808078659281, 5.815725514344966, 1.937968061718529, 0.755749946340242, 0.6611039654092762, 0.6926918411353122, 0.6868277778758789, -0.014465385690537583], [-52.307892546092305, -52.307892546092305, 0.0, 0.0, 0.0, 0.7237037780468452, 0.2500027842619777, 0.0884638306767402, 0.08568574301068767, 0.08733272716477374, 0.08457738408303236, -0.003763759476388278], [-24.148062422177816, 0.0, -24.148062422177816, 0.0, 0.0, 0.33507512747830503, 0.11175267799491728, 0.04162782393154861, 0.036051821466287236, 0.04225401615212384, 0.036919374510399415, -0.0007173860719463083], [-102.60541991288183, 0.0, 0.0, -102.60541991288183, 0.0, 1.4278434935941942, 0.49461155669194967, 0.18746118537628573, 0.1558498644686424, 0.16918730193766152, 0.16487622565042986, -0.007120905120129285], [-23.54808078659281, 0.0, 0.0, 0.0, -23.54808078659281, 0.3245722822775888, 0.10758934697880328, 0.04324852559450121, 0.03776931813966757, 0.038818364924375216, 0.03594845156895825, -0.00041121761627413086], [5.815725514344966, 0.7237037780468447, 0.33507512747830503, 1.4278434935941942, 0.3245722822775888, 0.032204805431666955, 0.13425979435499502, -0.013591436827626804, -0.04263800079484103, -0.020843733104160923, -0.028246478185918637, 0.41410803567572535], [1.9379680617185286, 0.25000278426197736, 0.11175267799491728, 0.49461155669194967, 0.10758934697880328, 0.13425979435499502, 0.13425979435499502, 0.0, 0.0, 0.0, 0.0, 0.136701036588698], [0.755749946340242, 0.0884638306767402, 0.0416278239315486, 0.18746118537628573, 0.04324852559450121, -0.013591436827626804, 0.0, -0.013591436827626804, 0.0, 0.0, 0.0, 0.05403443831803004], [0.6611039654092762, 0.08568574301068767, 0.036051821466287236, 0.1558498644686424, 0.03776931813966757, -0.04263800079484103, 0.0, 0.0, -0.04263800079484103, 0.0, 0.0, 0.04732318562669477], [0.6926918411353122, 0.08733272716477374, 0.04225401615212384, 0.16918730193766152, 0.03881836492437516, -0.020843733104160923, 0.0, 0.0, 0.0, -0.020843733104160923, 0.0, 0.0491107179922624], [0.6868277778758789, 0.08457738408303232, 0.036919374510399436, 0.16487622565043, 0.03594845156895825, -0.028246478185918637, 0.0, 0.0, 0.0, 0.0, -0.028246478185918637, 0.049557176518190776], [-0.014465385690494825, -0.0037637594763753612, -0.0007173860719529856, -0.007120905120136578, -0.0004112176162844733, 0.4141080356757385, 0.13670103658872534, 0.05403443831802157, 0.04732318562668425, 0.04911071799226274, 0.04955717651820368, -22.852719029261607]]) ; se_all=(array([0.05994311, 0.15383737, 0.21439084, 0.11956659, 0.21684072,
              nan,        nan,        nan,        nan,        nan,
              nan, 0.20524954])) ; se_x_mu=(array([0.05994311, 0.15383737, 0.21439084, 0.11956659, 0.21684072]))"
99	Foxa2_chr2_13856	ok
100	Lamc1_chr1_12193	"NaNs in SEs; H=np.array([[-558.1600451193956, -35.30551225507333, -66.01490801280603, -46.81748088131603, -64.02183214540887, -37.918511090721736, 9.308062786566534, 0.8352218090459967, 0.9251451899383341, 2.667434160686849, 2.515540799391343, 0.8577850146626376, 0.14008037576834723], [-35.30551225507333, -35.30551225507333, 0.0, 0.0, 0.0, 0.0, 0.5959218592280612, 0.05144951293868885, 0.059937166767931406, 0.17729544060981867, 0.16279540085748534, 0.053186818386205106, 0.0032913823905762907], [-66.01490801280603, 0.0, -66.01490801280603, 0.0, 0.0, 0.0, 1.1283494878518026, 0.10034178134943562, 0.10250025667244943, 0.3160256034755766, 0.3414850587472949, 0.10031507440008312, 0.014890456491142207], [-46.81748088131603, 0.0, 0.0, -46.81748088131603, 0.0, 0.0, 0.7861364118695645, 0.07164612093041113, 0.07208576700296924, 0.21607358601407742, 0.2270152004172689, 0.07311083758074668, 0.002557923182205363], [-64.02183214540887, 0.0, 0.0, 0.0, -64.02183214540887, 0.0, 1.0795810654680735, 0.09836162625256258, 0.09992974993441046, 0.3217319359921219, 0.2802402657500804, 0.0926036749877595, 0.0048286837703936086], [-37.918511090721736, 0.0, 0.0, 0.0, 0.0, -37.918511090721736, 0.6281770634163661, 0.06045218699471789, 0.061267202180530424, 0.1818301221583159, 0.16624712808402328, 0.060277461719364975, 0.0024634961039081433], [9.308062786566534, 0.5959218592280611, 1.1283494878518026, 0.7861364118695645, 1.0795810654680738, 0.6281770634163657, 0.0007648536966891675, -0.10030157890539669, -0.053631672153651055, 0.04405995435217492, -0.049413275715689854, -0.1028175972135911, 0.9461721501163719], [0.8352218090459967, 0.05144951293868879, 0.10034178134943562, 0.07164612093041113, 0.09836162625256258, 0.06045218699471789, -0.10030157890539669, -0.10030157890539669, 0.0, 0.0, 0.0, 0.0, 0.08436501967325151], [0.925145189938334, 0.059937166767931406, 0.10250025667244943, 0.07208576700296924, 0.09992974993441046, 0.061267202180530424, -0.053631672153651055, 0.0, -0.053631672153651055, 0.0, 0.0, 0.0, 0.09649176259136469], [2.667434160686846, 0.17729544060981867, 0.3160256034755766, 0.21607358601407742, 0.3217319359921219, 0.1818301221583159, 0.04405995435217492, 0.0, 0.0, 0.04405995435217492, 0.0, 0.0, 0.2703952337413954], [2.515540799391343, 0.16279540085748523, 0.3414850587472949, 0.2270152004172689, 0.2802402657500804, 0.16624712808402325, -0.049413275715689854, 0.0, 0.0, 0.0, -0.049413275715689854, 0.0, 0.25278806820746336], [0.8577850146626376, 0.053186818386205106, 0.10031507440008311, 0.07311083758074664, 0.09260367498775945, 0.060277461719364975, -0.1028175972135911, 0.0, 0.0, 0.0, 0.0, -0.1028175972135911, 0.0881153212164783], [0.14008037576941135, 0.003291382390567754, 0.014890456491101156, 0.002557923182178623, 0.004828683770401188, 0.0024634961039047554, 0.9461721501162685, 0.08436501967323995, 0.09649176259136993, 0.27039523374134333, 0.2527880682074688, 0.08811532121645804, -41.81410861250333]]) ; se_all=(array([0.05652668, 0.1776781 , 0.13568687, 0.15688448, 0.13734936,
       0.17210014,        nan, 2.56110755, 3.98737809,        nan,
       4.77841601, 2.51338303, 0.1544013 ])) ; se_x_mu=(array([0.05652668, 0.1776781 , 0.13568687, 0.15688448, 0.13734936,
       0.17210014]))"
101	Sox17_chr1_60	ok
102	Sox17_chr1_65	"NaNs in SEs; H=np.array([[-329.6584080888103, -47.13769646848249, -22.646758892646574, -5.956412105280048, -25.510814437173835, -26.805506908090685, 7.658082403134274, 1.7133492779865946, 1.4389158724411457, 1.5360501630225416, 0.5030695591190573, 1.6205511099556185, 0.09242508035322204], [-47.13769646848249, -47.13769646848249, 0.0, 0.0, 0.0, 0.0, 1.0811684026365906, 0.23214055623282379, 0.20801440288556958, 0.20625913736150417, 0.07715073114408058, 0.23866782766666367, 0.008998327162164477], [-22.646758892646574, 0.0, -22.646758892646574, 0.0, 0.0, 0.0, 0.5221795995845935, 0.11315672856087468, 0.08222786468988684, 0.11671773500193953, 0.036773818238106215, 0.11226463226888564, 0.001740374468837829], [-5.956412105280048, 0.0, 0.0, -5.956412105280048, 0.0, 0.0, 0.13802240138693597, 0.030790689812341156, 0.023989237067615184, 0.026894993509433435, 0.009254651385841575, 0.03104160266519526, 3.883057694960767e-05], [-25.510814437173835, 0.0, 0.0, 0.0, -25.510814437173835, 0.0, 0.5875086541563638, 0.14072540148415794, 0.1237550886921672, 0.08615219252859374, 0.04429081519507542, 0.1315030996001567, 0.0054831673727816395], [-26.805506908090685, 0.0, 0.0, 0.0, 0.0, -26.805506908090685, 0.6204356237096493, 0.12366339912006741, 0.11407721089226742, 0.13272873690811712, 0.04205923008057191, 0.13520820631632285, 0.0014624452219104567], [7.658082403134274, 1.0811684026365906, 0.5221795995845935, 0.138022401386936, 0.5875086541563638, 0.6204356237096493, -0.08439165576174514, 0.08017858608556447, -0.0320712079800793, -0.023947157835792387, -0.020116012633565328, 0.07603653974626484, 0.6574286853907959], [1.7133492779865946, 0.23214055623282379, 0.11315672856087468, 0.030790689812341156, 0.14072540148415794, 0.12366339912006741, 0.08017858608556447, 0.08017858608556447, 0.0, 0.0, 0.0, 0.0, 0.14885851900603475], [1.4389158724411457, 0.20801440288556958, 0.08222786468988684, 0.023989237067615205, 0.1237550886921672, 0.11407721089226742, -0.0320712079800793, 0.0, -0.0320712079800793, 0.0, 0.0, 0.0, 0.12439579418156492], [1.5360501630225416, 0.20625913736150417, 0.11671773500193953, 0.026894993509433435, 0.08615219252859374, 0.13272873690811712, -0.023947157835792387, 0.0, 0.0, -0.023947157835792387, 0.0, 0.0, 0.13228066107484446], [0.5030695591190573, 0.07715073114408058, 0.036773818238106215, 0.009254651385841575, 0.04429081519507542, 0.04205923008057191, -0.020116012633565328, 0.0, 0.0, 0.0, -0.020116012633565328, 0.0, 0.042241466448908124], [1.6205511099556185, 0.23866782766666367, 0.11226463226888564, 0.03104160266519526, 0.1315030996001567, 0.13520820631632285, 0.07603653974626484, 0.0, 0.0, 0.0, 0.0, 0.07603653974626484, 0.13754509701587753], [0.0924250803531832, 0.008998327162192399, 0.0017403744688295197, 3.883057694251124e-05, 0.005483167372776709, 0.0014624452219103579, 0.6574286853909541, 0.1488585190060192, 0.12439579418160207, 0.1322806610748657, 0.04224146644890059, 0.1375450970158738, -18.298488751339846]]) ; se_all=(array([0.0815301 , 0.16181199, 0.22167643, 0.41576457, 0.21043901,
       0.20558   , 2.49513323,        nan, 6.7802161 , 8.19696474,
       7.61264174,        nan, 0.2419601 ])) ; se_x_mu=(array([0.0815301 , 0.16181199, 0.22167643, 0.41576457, 0.21043901,
       0.20558   ]))"
103	Sox17_chr1_69	"NaNs in SEs; H=np.array([[-668.60651236841, -28.55770245721174, -94.78215654242136, -27.53002504380989, -40.613779471602676, -25.497491570137925, -131.96279157237907, 54.78303117989525, 9.205245980907355, 17.889352436528288, 7.523471169521515, 1.3630044976378897, 13.882942858163211, 0.8328106222998343], [-28.55770245721174, -28.55770245721174, 0.0, 0.0, 0.0, 0.0, 0.0, 2.364201418380242, 0.4040557149365619, 0.7403815516085789, 0.3251038942274303, 0.05549327846954657, 0.6327466860143487, -0.00036217016774403154], [-94.78215654242136, 0.0, -94.78215654242136, 0.0, 0.0, 0.0, 0.0, 7.877854505486353, 1.2960369168619477, 2.5894958127507794, 1.0895676967919576, 0.18879595313908715, 2.030959309372986, 0.010298307639355853], [-27.53002504380989, 0.0, 0.0, -27.53002504380989, 0.0, 0.0, 0.0, 2.2483579918646144, 0.3694313947120237, 0.7569020104757423, 0.32146205903238584, 0.05569797489779335, 0.5337168707808887, -0.0003210196681368224], [-40.613779471602676, 0.0, 0.0, 0.0, -40.613779471602676, 0.0, 0.0, 3.360769398597816, 0.5510663543824653, 1.0840981327806254, 0.4909066057966524, 0.08135117312522348, 0.8730616016346978, -0.0006698385413295739], [-25.497491570137925, 0.0, 0.0, 0.0, 0.0, -25.497491570137925, 0.0, 2.0637470540581595, 0.3404811809792338, 0.6805025905981433, 0.295550467267493, 0.051978040921857704, 0.4941124854654355, -0.00034894284047339323], [-131.96279157237907, 0.0, 0.0, 0.0, 0.0, 0.0, -131.96279157237907, 10.691243672424877, 1.689604522540673, 3.5135786060835548, 1.4801132172659808, 0.2909035751408511, 2.766919619900846, 0.5484204096710011], [54.78303117989525, 2.3642014183802416, 7.8778545054863525, 2.2483579918646157, 3.360769398597816, 2.0637470540581595, 10.691243672424877, -7.555822240115347, -0.8980120695417864, -3.648682206836339, -0.5067718221211034, -0.006660651160938507, -2.1393133308266874, 8.072443409959197], [9.205245980907355, 0.4040557149365619, 1.2960369168619477, 0.3694313947120237, 0.5510663543824657, 0.3404811809792338, 1.689604522540673, -0.8980120695417864, -0.8980120695417864, 0.0, 0.0, 0.0, 0.0, 1.3387994038793338], [17.889352436528288, 0.7403815516085788, 2.589495812750779, 0.7569020104757425, 1.0840981327806254, 0.6805025905981433, 3.5135786060835548, -3.648682206836339, 0.0, -3.648682206836339, 0.0, 0.0, 0.0, 2.641303403051735], [7.523471169521506, 0.3251038942274303, 1.0895676967919576, 0.32146205903238584, 0.4909066057966524, 0.295550467267493, 1.4801132172659808, -0.5067718221211034, 0.0, 0.0, -0.5067718221211034, 0.0, 0.0, 1.103871998080799], [1.3630044976378897, 0.05549327846954657, 0.18879595313908715, 0.055697974897793344, 0.08135117312522348, 0.05197804092185775, 0.2909035751408511, -0.006660651160938507, 0.0, 0.0, 0.0, -0.006660651160938507, 0.0, 0.2071799724943191], [13.882942858163211, 0.6327466860143486, 2.030959309372986, 0.5337168707808887, 0.8730616016346978, 0.49411248546543524, 2.766919619900846, -2.1393133308266874, 0.0, 0.0, 0.0, 0.0, -2.1393133308266874, 2.056508957255302], [0.8328106222995473, -0.0003621701677447575, 0.010298307639331927, -0.00032101966814090943, -0.0006698385413108632, -0.000348942840471822, 0.5484204096710128, 8.072443409959817, 1.3387994038794062, 2.6413034030519498, 1.1038719980809049, 0.20717997249432862, 2.0565089572553887, -69.64056308275758]]) ; se_all=(array([       nan, 0.19531354, 0.11696255, 0.19863218, 0.16659629,
       0.20579253, 0.10348508, 1.3262223 , 1.96199669, 1.62637565,
       2.18495434,        nan, 1.72640368, 0.06363748])) ; se_x_mu=(array([       nan, 0.19531354, 0.11696255, 0.19863218, 0.16659629,
       0.20579253, 0.10348508]))"
104	Col1a1_chr11_15276	"NaNs in SEs; H=np.array([[-1950.75521461041, -147.06239322131898, -113.91280625565571, -106.78149189789026, -39.734219247608365, -136.69996535584437, -234.5713036013099, -234.8827778869036, -167.6362569617516, 103.98580790764902, 35.07134880578497, 17.053052587556355, 17.935831622208603, 17.332716414398664, 5.703079630052557, 13.007266241700865], [-147.06239322131898, -147.06239322131898, 0.0, 0.0, 0.0, 0.0, 0.0, 0.0, 0.0, 8.108004660908774, 2.8609334320280375, 1.4098850457260645, 1.2840055387387395, 1.3905125082706997, 0.41342328821476815, 0.21331277524647962], [-113.91280625565571, 0.0, -113.91280625565571, 0.0, 0.0, 0.0, 0.0, 0.0, 0.0, 6.222202252521813, 2.204720613411559, 0.9349756607341203, 1.0991282735651688, 1.0065368135479513, 0.3231533554188985, 0.05883676651331443], [-106.78149189789026, 0.0, 0.0, -106.78149189789026, 0.0, 0.0, 0.0, 0.0, 0.0, 5.928020725406648, 2.0501737960056703, 0.9473798208142118, 1.0596060797593603, 1.0006412865363554, 0.26704471647208494, 0.08264843826367539], [-39.734219247608365, 0.0, 0.0, 0.0, -39.734219247608365, 0.0, 0.0, 0.0, 0.0, 2.1561846691412754, 0.69828696843434, 0.2882103640800218, 0.4571135926720841, 0.4235443290822332, 0.13109569903255827, 0.047275868696035034], [-136.69996535584437, 0.0, 0.0, 0.0, 0.0, -136.69996535584437, 0.0, 0.0, 0.0, 7.325903516387824, 2.3355488270254976, 1.2306711427769534, 1.3943045831111025, 1.2094378706244029, 0.3887147301710227, 0.041024131289122356], [-234.5713036013099, 0.0, 0.0, 0.0, 0.0, 0.0, -234.5713036013099, 0.0, 0.0, 12.812422205069671, 4.432612935596539, 2.17503373017047, 2.1903189486139594, 2.028829807153312, 0.6505849958943004, 0.17728040238508896], [-234.8827778869036, 0.0, 0.0, 0.0, 0.0, 0.0, 0.0, -234.8827778869036, 0.0, 11.422560841312354, 3.769778255571396, 1.856478542690193, 1.860741432068961, 1.7757263664851846, 0.7598953073650583, 5.18967850998933], [-167.6362569617516, 0.0, 0.0, 0.0, 0.0, 0.0, 0.0, 0.0, -167.6362569617516, 9.173021456870762, 3.1444998295623936, 1.4873222121546512, 1.5359995294384556, 1.6330343637236446, 0.4934146631463188, 0.13307254173717542], [103.98580790764902, 8.108004660908778, 6.222202252521816, 5.928020725406648, 2.1561846691412745, 7.325903516387824, 12.812422205069668, 11.422560841312354, 9.17302145687076, -12.946706318386099, -6.90877166788628, -1.5887124603106493, -1.8368984404821134, -1.6315541124969002, -0.049986185248679746, 44.98859734567442], [35.07134880578497, 2.8609334320280384, 2.20472061341156, 2.0501737960056703, 0.6982869684343398, 2.3355488270254976, 4.432612935596539, 3.769778255571396, 3.144499829562392, -6.90877166788628, -6.90877166788628, 0.0, 0.0, 0.0, 0.0, 14.99527400900409], [17.053052587556355, 1.4098850457260645, 0.9349756607341206, 0.9473798208142115, 0.2882103640800218, 1.2306711427769534, 2.1750337301704707, 1.856478542690193, 1.4873222121546512, -1.5887124603106493, 0.0, -1.5887124603106493, 0.0, 0.0, 0.0, 7.374667107803822], [17.935831622208603, 1.28400553873874, 1.0991282735651697, 1.0596060797593603, 0.4571135926720841, 1.394304583111102, 2.1903189486139607, 1.860741432068961, 1.5359995294384556, -1.8368984404821134, 0.0, 0.0, -1.8368984404821134, 0.0, 0.0, 7.632740215151774], [17.332716414398664, 1.3905125082706997, 1.0065368135479513, 1.0006412865363554, 0.42354432908223316, 1.2094378706244036, 2.028829807153312, 1.7757263664851846, 1.6330343637236446, -1.6315541124969002, 0.0, 0.0, 0.0, -1.6315541124969002, 0.0, 7.3914403286511146], [5.703079630052557, 0.41342328821476815, 0.3231533554188985, 0.2670447164720849, 0.13109569903255827, 0.3887147301710227, 0.6505849958943004, 0.7598953073650583, 0.4934146631463188, -0.049986185248679746, 0.0, 0.0, 0.0, 0.0, -0.049986185248679746, 2.632730185105815], [13.007266241702304, 0.21331277524645031, 0.05883676651331582, 0.08264843826366342, 0.04727586869603573, 0.04102413128903937, 0.17728040238509646, 5.189678509989335, 0.1330725417370986, 44.98859734567469, 14.995274009004135, 7.37466710780366, 7.63274021515187, 7.391440328651157, 2.6327301851058102, -520.1889231439463]]) ; se_all=(array([0.01230894, 0.09000629, 0.1003933 , 0.10327414, 0.16271149,
       0.0928196 , 0.07458608, 0.07457627, 0.08523938, 0.84859348,
       1.04936531, 1.30406931, 1.2676326 , 1.29748787,        nan,
              nan])) ; se_x_mu=(array([0.01230894, 0.09000629, 0.1003933 , 0.10327414, 0.16271149,
       0.0928196 , 0.07458608, 0.07457627, 0.08523938]))"
105	Lamb1_chr12_2182	ok
106	Sparc_chr11_7213	"NaNs in SEs; H=np.array([[-313.02219252461106, -27.165150688444122, -216.59848694464284, -16.285340657783124, 42.94369669527047, 8.154987288510684, 9.558229907708366, 0.7589128820086426, 10.850113424610718, 10.637939060985595, 1.3129944342938642], [-27.165150688444122, -27.165150688444122, 0.0, 0.0, 3.661106937062026, 0.6506395966646182, 0.8521571646648346, 0.0649988211467692, 0.9201043686858742, 0.8771788244207431, 0.004802109112486002], [-216.59848694464284, 0.0, -216.59848694464284, 0.0, 29.638437675358386, 5.512864885876699, 6.763044421054336, 0.5328503007723691, 7.495991836090905, 7.316557769180878, 1.2976722451010565], [-16.285340657783124, 0.0, 0.0, -16.285340657783124, 2.210603281364791, 0.4566552468964871, 0.4156542911841252, 0.042573141313370234, 0.5374725566700922, 0.604785328098532, 0.0014550389927403201], [42.94369669527047, 3.661106937062026, 29.638437675358386, 2.2106032813647905, -10.497067558794129, -1.711141521936087, -2.350218728960896, 0.004067079436716204, -3.16373152897385, -3.0041061721518254, 7.365950720870625], [8.154987288510684, 0.6506395966646182, 5.512864885876699, 0.45665524689648673, -1.711141521936087, -1.711141521936087, 0.0, 0.0, 0.0, 0.0, 1.3739493945799677], [9.558229907708366, 0.8521571646648346, 6.763044421054337, 0.4156542911841252, -2.350218728960896, 0.0, -2.350218728960896, 0.0, 0.0, 0.0, 1.6752441697891252], [0.7589128820086425, 0.0649988211467692, 0.5328503007723691, 0.042573141313370234, 0.004067079436716204, 0.0, 0.0, 0.004067079436716204, 0.0, 0.0, 0.1320723678009956], [10.850113424610718, 0.920104368685874, 7.495991836090905, 0.5374725566700922, -3.16373152897385, 0.0, 0.0, 0.0, -3.16373152897385, 0.0, 1.8627686190246522], [10.637939060985596, 0.8771788244207431, 7.3165577691808785, 0.604785328098532, -3.0041061721518254, 0.0, 0.0, 0.0, 0.0, -3.0041061721518254, 1.8188318760244124], [1.3129944342943567, 0.004802109112485242, 1.2976722451009373, 0.0014550389927434626, 7.36595072087141, 1.3739493945800376, 1.67524416978911, 0.13207236780099496, 1.862768619024834, 1.818831876024376, -34.11749313919154]]) ; se_all=(array([0.14081617, 0.2360488 , 0.15332436, 0.28337381, 2.0670866 ,
       2.11023087, 2.0826023 ,        nan, 2.06744568, 2.06961439,
       0.17483522])) ; se_x_mu=(array([0.14081617, 0.2360488 , 0.15332436, 0.28337381]))"
107	Btg1_chr10_9593	"NaNs in SEs; H=np.array([[-1578.9671342175234, -114.1349812449832, -265.567871726412, -109.03686335523854, -32.189066620845416, -295.8992393809367, -207.76360260468925, -133.8598185192107, 20.496000582781825, 6.534991947362196, 2.1599295701846493, 2.2996386955288513, 3.2677069189699, 2.433372570028633, 0.382145575583022], [-114.1349812449832, -114.1349812449832, 0.0, 0.0, 0.0, 0.0, 0.0, 0.0, 1.4781101715790532, 0.45884567984650515, 0.16507382722766406, 0.16064581360401428, 0.23249431154932415, 0.17431512545194833, 0.02282498664445355], [-265.567871726412, 0.0, -265.567871726412, 0.0, 0.0, 0.0, 0.0, 0.0, 3.500926834280897, 1.178376917707823, 0.3467103268348025, 0.3853112661261845, 0.533548785880104, 0.39061346897049554, 0.10492543525127271], [-109.03686335523854, 0.0, 0.0, -109.03686335523854, 0.0, 0.0, 0.0, 0.0, 1.4114546614389254, 0.4406308699229538, 0.15237028308688097, 0.14694152897651233, 0.2158046332230464, 0.1783576574011019, 0.021567542591698033], [-32.189066620845416, 0.0, 0.0, 0.0, -32.189066620845416, 0.0, 0.0, 0.0, 0.4120515844938928, 0.12843344018724362, 0.05176259216787888, 0.04756978989432306, 0.05278671358853028, 0.04955595430058747, 0.004916247920441243], [-295.8992393809367, 0.0, 0.0, 0.0, 0.0, -295.8992393809367, 0.0, 0.0, 3.8328636655998807, 1.2223244129364346, 0.400046119838381, 0.43446942787880555, 0.6055918077713784, 0.4740003825475917, 0.07776389450521234], [-207.76360260468925, 0.0, 0.0, 0.0, 0.0, 0.0, -207.76360260468925, 0.0, 2.701554450291701, 0.8647758500564415, 0.29167544099721976, 0.290405295066492, 0.44711192669645605, 0.3122318928253736, 0.03251465018546549], [-133.8598185192107, 0.0, 0.0, 0.0, 0.0, 0.0, 0.0, -133.8598185192107, 1.7534618537155013, 0.5793480586139831, 0.17932589106693608, 0.1965733842195187, 0.2809643516080044, 0.19846509488313663, 0.020214854691753617], [20.49600058278183, 1.4781101715790532, 3.500926834280898, 1.4114546614389254, 0.41205158449389273, 3.8328636655998807, 2.701554450291701, 1.7534618537155013, -0.15722949436310005, -0.04522056743442064, -0.1418262764855926, -0.09958140061517283, -0.0528437378385009, -0.0662001786282788, 1.8648842694149492], [6.534991947362196, 0.45884567984650515, 1.178376917707823, 0.4406308699229538, 0.12843344018724362, 1.2223244129364346, 0.8647758500564415, 0.5793480586139831, -0.04522056743442064, -0.04522056743442064, 0.0, 0.0, 0.0, 0.0, 0.5950460312732923], [2.1599295701846493, 0.16507382722766406, 0.3467103268348025, 0.15237028308688097, 0.05176259216787888, 0.400046119838381, 0.29167544099721976, 0.1793258910669361, -0.1418262764855926, 0.0, -0.1418262764855926, 0.0, 0.0, 0.0, 0.19522283616551314], [2.2996386955288513, 0.16064581360401428, 0.38531126612618416, 0.14694152897651233, 0.047569789894323075, 0.4344694278788056, 0.290405295066492, 0.1965733842195187, -0.09958140061517283, 0.0, 0.0, -0.09958140061517283, 0.0, 0.0, 0.2104679026272771], [3.2677069189699, 0.23249431154932432, 0.533548785880104, 0.2158046332230464, 0.052786713588530265, 0.6055918077713779, 0.44711192669645605, 0.2809643516080044, -0.0528437378385009, 0.0, 0.0, 0.0, -0.0528437378385009, 0.0, 0.29743387122394804], [2.4333725700286326, 0.17431512545194833, 0.39061346897049554, 0.1783576574011019, 0.0495559543005875, 0.4740003825475917, 0.3122318928253736, 0.19846509488313663, -0.0662001786282788, 0.0, 0.0, 0.0, 0.0, -0.0662001786282788, 0.2212410049762892], [0.38214557558525364, 0.02282498664443855, 0.10492543525133291, 0.02156754259168775, 0.004916247920439876, 0.0777638945052741, 0.0325146501855047, 0.020214854691742, 1.8648842694148016, 0.595046031273128, 0.19522283616555036, 0.2104679026273164, 0.2974338712239373, 0.2212410049762923, -105.81747575743248]]) ; se_all=(array([ 0.08504789,  0.10554598,  0.07854791,  0.10747137,  0.18290609,
        0.07590327,  0.08483604,  0.09933414,         nan, 14.18020817,
        3.11166549,  4.06996533,  7.57996506,  5.51770036,  0.13749285])) ; se_x_mu=(array([0.08504789, 0.10554598, 0.07854791, 0.10747137, 0.18290609,
       0.07590327, 0.08483604, 0.09933414]))"
108	Cdk5r1_chr11_12590	"NaNs in SEs; H=np.array([[-340.93119663988404, -64.57526877278002, -97.28127459990814, -41.49101604194083, -19.241253073652864, 58.679017018779916, 12.40570556380317, 14.461710504886828, 15.89564915747178, 10.877227537787835, 0.6643859389057069, 0.2877349303941382], [-64.57526877278002, -64.57526877278002, 0.0, 0.0, 0.0, 11.540514504326078, 2.3677319377943506, 3.0457354158784447, 3.0179172982074016, 2.204457653310586, 0.11179335698783498, 0.0767382266646997], [-97.28127459990814, 0.0, -97.28127459990814, 0.0, 0.0, 16.91753099151935, 3.6327908837330343, 4.180570970958113, 4.587744090740483, 3.1032590832919795, 0.18450198914721846, 0.05418634750350582], [-41.49101604194083, 0.0, 0.0, -41.49101604194083, 0.0, 6.863294995146991, 1.4038458856831437, 1.7442828436991396, 1.884085104294858, 1.1610119196898494, 0.08963656272643493, 0.07559461893728059], [-19.241253073652864, 0.0, 0.0, 0.0, -19.241253073652864, 3.3214742796242236, 0.7873367485304527, 0.7467716687062151, 0.9345223069080619, 0.5855245497598712, 0.039404396697773986, 0.0013024689947537015], [58.679017018779916, 11.540514504326078, 16.91753099151935, 6.863294995146991, 3.3214742796242236, -16.13055866436894, -3.1143423218652457, -4.930065738338574, -5.884800047298207, -2.3146487806681786, -0.09226268789445374, 4.975901548033288], [12.40570556380317, 2.367731937794351, 3.6327908837330347, 1.4038458856831437, 0.7873367485304527, -3.1143423218652457, -3.1143423218652457, 0.0, 0.0, 0.0, 0.0, 1.0413811759400435], [14.461710504886831, 3.045735415878446, 4.180570970958113, 1.7442828436991396, 0.7467716687062151, -4.930065738338574, 0.0, -4.930065738338574, 0.0, 0.0, 0.0, 1.2392777198105993], [15.895649157471796, 3.017917298207401, 4.587744090740483, 1.8840851042948583, 0.9345223069080609, -5.884800047298207, 0.0, 0.0, -5.884800047298207, 0.0, 0.0, 1.3444199334381781], [10.877227537787835, 2.2044576533105866, 3.1032590832919795, 1.1610119196898496, 0.5855245497598712, -2.3146487806681786, 0.0, 0.0, 0.0, -2.3146487806681786, 0.0, 0.9193369974020243], [0.6643859389057069, 0.11179335698783498, 0.18450198914721846, 0.08963656272643493, 0.039404396697773986, -0.09226268789445374, 0.0, 0.0, 0.0, 0.0, -0.09226268789445374, 0.05654004993881832], [0.28773493039384235, 0.07673822666469166, 0.054186347503455856, 0.07559461893728736, 0.0013024689947630508, 4.97590154803413, 1.0413811759400744, 1.2392777198106018, 1.3444199334383455, 0.9193369974019845, 0.05654004993880779, -22.206574052531323]]) ; se_all=(array([0.09785176, 0.1547832 , 0.13687381, 0.18046013, 0.24583365,
              nan,        nan,        nan,        nan,        nan,
       3.14009365, 0.21704829])) ; se_x_mu=(array([0.09785176, 0.1547832 , 0.13687381, 0.18046013, 0.24583365]))"
109	Col5a1_chr2_2565	"NaNs in SEs; H=np.array([[-467.11018610891443, -27.403888985228836, -37.82541366484117, -138.13800300689678, -39.61321799975548, -26.065095631828193, -24.220393667500566, 11.130622362939269, 2.430194489740372, 0.7513133273991203, 1.8066123037466089, 2.21634570151036, 2.597244432162317, 0.053962026466461754], [-27.403888985228836, -27.403888985228836, 0.0, 0.0, 0.0, 0.0, 0.0, 0.6568306254813107, 0.14148796092460866, 0.04341892126331578, 0.10220733422756263, 0.13989195384457304, 0.15476773693614226, 0.0016041543708386966], [-37.82541366484117, 0.0, -37.82541366484117, 0.0, 0.0, 0.0, 0.0, 0.9009703834082626, 0.20154210204805356, 0.06107899435750914, 0.1541820538788412, 0.16665605119482949, 0.2116559583685824, 0.002202056072503046], [-138.13800300689678, 0.0, 0.0, -138.13800300689678, 0.0, 0.0, 0.0, 3.2814987471095898, 0.7041775686368262, 0.23399244295352475, 0.5361417038719615, 0.6410776579669455, 0.7943089746519195, 0.021773864958235016], [-39.61321799975548, 0.0, 0.0, 0.0, -39.61321799975548, 0.0, 0.0, 0.957157127171354, 0.20995235079237767, 0.057769311203707756, 0.15711841429648848, 0.19166433896156326, 0.22857044810271124, 0.0013425967322688984], [-26.065095631828193, 0.0, 0.0, 0.0, 0.0, -26.065095631828193, 0.0, 0.631529844562047, 0.14624389371001897, 0.03898496247478529, 0.1113539170766996, 0.12400484012251901, 0.14266740069840395, 0.0032178096034186712], [-24.220393667500566, 0.0, 0.0, 0.0, 0.0, 0.0, -24.220393667500566, 0.5733126285714998, 0.1268027841572685, 0.03884489533278623, 0.09020269434993425, 0.11699972742288191, 0.12605797240568298, 0.000733027835906376], [11.130622362939269, 0.6568306254813103, 0.9009703834082626, 3.2814987471095898, 0.957157127171354, 0.631529844562047, 0.5733126285714998, 0.016943543047412073, 0.006603399120221648, -0.10943216437188484, -0.03799155638990336, -0.04521224271952133, 0.3416380391819785, 0.6179933314298638], [2.430194489740372, 0.14148796092460866, 0.20154210204805356, 0.7041775686368262, 0.20995235079237767, 0.14624389371001897, 0.1268027841572685, 0.006603399120221648, 0.006603399120221648, 0.0, 0.0, 0.0, 0.0, 0.13458779815905791], [0.7513133273991203, 0.04341892126331578, 0.0610789943575092, 0.23399244295352475, 0.057769311203707756, 0.03898496247478529, 0.03884489533278623, -0.10943216437188484, 0.0, -0.10943216437188484, 0.0, 0.0, 0.0, 0.042084352943935345], [1.8066123037466095, 0.10220733422756263, 0.15418205387884126, 0.5361417038719616, 0.15711841429648857, 0.11135391707669959, 0.09020269434993425, -0.03799155638990336, 0.0, 0.0, -0.03799155638990336, 0.0, 0.0, 0.09999770666581694], [2.21634570151036, 0.13989195384457304, 0.16665605119482949, 0.6410776579669455, 0.19166433896156335, 0.1240048401225191, 0.116999727422882, -0.04521224271952133, 0.0, 0.0, 0.0, -0.04521224271952133, 0.0, 0.12314760108319982], [2.597244432162317, 0.15476773693614226, 0.2116559583685824, 0.7943089746519195, 0.22857044810271124, 0.14266740069840395, 0.12605797240568298, 0.3416380391819785, 0.0, 0.0, 0.0, 0.0, 0.3416380391819785, 0.14405651018718216], [0.05396202646590753, 0.001604154370831834, 0.0022020560725037885, 0.0217738649582756, 0.0013425967322699406, 0.0032178096034166104, 0.0007330278359068687, 0.6179933314296591, 0.1345877981590604, 0.0420843529439523, 0.09999770666581398, 0.12314760108314715, 0.14405651018711296, -20.600398269486504]]) ; se_all=(array([0.06735411, 0.20553799, 0.17943227, 0.11398349, 0.17605825,
       0.21003593, 0.21688624, 2.70059125,        nan, 4.04440868,
       5.89963201, 5.54097602, 2.13188066, 0.2158533 ])) ; se_x_mu=(array([0.06735411, 0.20553799, 0.17943227, 0.11398349, 0.17605825,
       0.21003593, 0.21688624]))"
110	Lama1_chr17_7814	"NaNs in SEs; H=np.array([[-1072.5319294322517, -140.5152123740855, -34.72977981410447, -143.2455656047475, -54.35576239003114, -110.53695371867114, -54.749479763748525, -12.193887385282418, -19.37214289258516, 11.970276962638728, 1.5508812713398537, 1.5187472993427575, 1.4689833390433742, 3.2475434581634444, 1.6963766878422002, 0.34077441335813086], [-140.5152123740855, -140.5152123740855, 0.0, 0.0, 0.0, 0.0, 0.0, 0.0, 0.0, 1.568103976651882, 0.2264380287959405, 0.1798242519978824, 0.18733242596748628, 0.4287716556696873, 0.20817353898237712, 0.014517762055012817], [-34.72977981410447, 0.0, -34.72977981410447, 0.0, 0.0, 0.0, 0.0, 0.0, 0.0, 0.3858712833898505, 0.0526864837930982, 0.05192320774372529, 0.04717990272031466, 0.10865039183759015, 0.05429861390418483, -0.0008658754531417239], [-143.2455656047475, 0.0, 0.0, -143.2455656047475, 0.0, 0.0, 0.0, 0.0, 0.0, 1.6209196417984362, 0.18459592625689966, 0.18671311588894832, 0.21638912661935916, 0.49985200424295456, 0.22403970183642283, 0.018541077468288814], [-54.35576239003114, 0.0, 0.0, 0.0, -54.35576239003114, 0.0, 0.0, 0.0, 0.0, 0.6024587148273031, 0.08623872148557751, 0.07794318170437858, 0.07259416007923002, 0.1312300681226743, 0.07762504544165795, 0.014527097997251381], [-110.53695371867114, 0.0, 0.0, 0.0, 0.0, -110.53695371867114, 0.0, 0.0, 0.0, 1.2425689097126065, 0.16603294342503522, 0.14498809884993555, 0.14638823327973804, 0.35162379106575575, 0.18221829581268684, -0.003709925110916855], [-54.749479763748525, 0.0, 0.0, 0.0, 0.0, 0.0, -54.749479763748525, 0.0, 0.0, 0.611839076526584, 0.07948953484850436, 0.07393112403727392, 0.07428053110809746, 0.1666973232343836, 0.09227054251130136, -0.0012887999075848772], [-12.193887385282418, 0.0, 0.0, 0.0, 0.0, 0.0, 0.0, -12.193887385282418, 0.0, 0.13692750067622567, 0.0169234413410613, 0.016522000715594592, 0.017923920093598993, 0.03822528824354942, 0.019378378085863374, -0.00029600006112701777], [-19.37214289258516, 0.0, 0.0, 0.0, 0.0, 0.0, 0.0, 0.0, -19.37214289258516, 0.21755317330846402, 0.029473709728114594, 0.028050237445497582, 0.02262381446856837, 0.061197806679792494, 0.03213308504246022, -0.00028309266983369673], [11.970276962638717, 1.5681039766518816, 0.3858712833898505, 1.6209196417984362, 0.6024587148273032, 1.2425689097126063, 0.6118390765265839, 0.13692750067622567, 0.21755317330846402, -0.11746504831792601, -0.03786082684453859, -0.050311649324255636, -0.05579478784474534, -0.07485931407282478, -0.03227373352727655, 3.1455682958726534], [1.5508812713398534, 0.22643802879594027, 0.0526864837930982, 0.18459592625689966, 0.08623872148557753, 0.16603294342503522, 0.07948953484850436, 0.016923441341061298, 0.029473709728114583, -0.03786082684453859, -0.03786082684453859, 0.0, 0.0, 0.0, 0.0, 0.40416877809917223], [1.5187472993427578, 0.1798242519978824, 0.05192320774372529, 0.18671311588894837, 0.07794318170437856, 0.14498809884993555, 0.073931124037274, 0.016522000715594596, 0.028050237445497575, -0.050311649324255636, 0.0, -0.050311649324255636, 0.0, 0.0, 0.0, 0.4092274712355925], [1.4689833390433742, 0.18733242596748628, 0.04717990272031466, 0.21638912661935922, 0.07259416007923003, 0.14638823327973804, 0.07428053110809746, 0.017923920093598993, 0.022623814468568367, -0.05579478784474534, 0.0, 0.0, -0.05579478784474534, 0.0, 0.0, 0.38770054046474806], [3.2475434581634444, 0.4287716556696872, 0.10865039183759015, 0.49985200424295456, 0.1312300681226743, 0.35162379106575575, 0.16669732323438363, 0.03822528824354942, 0.061197806679792494, -0.07485931407282478, 0.0, 0.0, 0.0, -0.07485931407282478, 0.0, 0.8390627767480933], [1.6963766878422002, 0.20817353898237712, 0.05429861390418483, 0.22403970183642283, 0.07762504544165795, 0.18221829581268684, 0.09227054251130135, 0.019378378085863374, 0.032133085042460215, -0.03227373352727655, 0.0, 0.0, 0.0, 0.0, -0.03227373352727655, 0.4452626963835759], [0.3407744133583055, 0.014517762054976124, -0.0008658754531293833, 0.018541077468313016, 0.014527097997266702, -0.0037099251108885234, -0.0012887999075950063, -0.0002960000611270733, -0.0002830926698341868, 3.1455682958727564, 0.40416877809917917, 0.4092274712356021, 0.38770054046473934, 0.839062776748122, 0.4452626963835584, -197.2554477268077]]) ; se_all=(array([0.04981816, 0.09543702, 0.17545227, 0.09474465, 0.14279997,
       0.10506114, 0.14231958, 0.28982498, 0.23154169,        nan,
       5.18045139, 4.21446953, 3.8678744 , 3.79708807, 5.90017115,
       0.07799184])) ; se_x_mu=(array([0.04981816, 0.09543702, 0.17545227, 0.09474465, 0.14279997,
       0.10506114, 0.14231958, 0.28982498, 0.23154169]))"
111	Sox2_chr3_2009	"NaNs in SEs; H=np.array([[-4670.97652987706, -444.494632808034, -25.713881880155412, -67.80128323677333, -20.16858695814799, -590.2877735851682, -102.16230272782713, -97.07161977140149, 85.27563634840828, 8.451660286778965, 20.193329479180665, 18.763527872693416, 14.932848226022367, 12.778445425672489, 21.932779836943997], [-444.494632808034, -444.494632808034, 0.0, 0.0, 0.0, 0.0, 0.0, 0.0, 8.176518625696431, 0.8149882685805777, 1.9445344331532748, 1.6699760217163848, 1.4573039481999772, 1.2809929995212757, 0.01109073275160355], [-25.713881880155412, 0.0, -25.713881880155412, 0.0, 0.0, 0.0, 0.0, 0.0, 0.47299762566214115, 0.04508328514088112, 0.11079945566144332, 0.09895374650889109, 0.08476701322754693, 0.07634058637636229, -0.00026405231870679346], [-67.80128323677333, 0.0, 0.0, -67.80128323677333, 0.0, 0.0, 0.0, 0.0, 1.2453888094621735, 0.11827174556348706, 0.2783198205627206, 0.2651431772423477, 0.2340245946011914, 0.19769862780881908, -0.0025181648147106824], [-20.16858695814799, 0.0, 0.0, 0.0, -20.16858695814799, 0.0, 0.0, 0.0, 0.3685429306136797, 0.03847699680166536, 0.08666853986007513, 0.07874840123432324, 0.06412507180618142, 0.053665527139702435, -0.0006110467549013321], [-590.2877735851682, 0.0, 0.0, 0.0, 0.0, -590.2877735851682, 0.0, 0.0, 10.85689294797063, 1.1050580400001737, 2.49562409168721, 2.414791454930821, 1.9403894192412585, 1.6175985683417045, -0.03816734130823077], [-102.16230272782713, 0.0, 0.0, 0.0, 0.0, 0.0, -102.16230272782713, 0.0, 1.8705358297933288, 0.19037346730272392, 0.41955379705689977, 0.41825923878988075, 0.3254613832843374, 0.28111284849232, -0.002527872317333642], [-97.07161977140149, 0.0, 0.0, 0.0, 0.0, 0.0, 0.0, -97.07161977140149, 1.7857070068626317, 0.16935557660176978, 0.40502849043439654, 0.3941526411932678, 0.31681818750796087, 0.2780177325183389, -0.00326423508798096], [85.27563634840828, 8.176518625696433, 0.47299762566214115, 1.2453888094621735, 0.36854293061367965, 10.85689294797065, 1.8705358297933288, 1.7857070068626317, -4.208360370504759, -0.19979999342292065, -0.948719055717828, -0.9814096922518483, -0.716974666429694, -0.5087995282672272, 79.40140473820362], [8.451660286778965, 0.8149882685805777, 0.04508328514088112, 0.11827174556348706, 0.038476996801665365, 1.1050580400001737, 0.19037346730272392, 0.16935557660176978, -0.19979999342292065, -0.19979999342292065, 0.0, 0.0, 0.0, 0.0, 7.8397733135496495], [20.193329479180665, 1.9445344331532748, 0.11079945566144332, 0.2783198205627206, 0.08666853986007513, 2.49562409168721, 0.41955379705689977, 0.40502849043439654, -0.948719055717828, 0.0, -0.948719055717828, 0.0, 0.0, 0.0, 18.95633571588999], [18.763527872693412, 1.6699760217163842, 0.09895374650889109, 0.2651431772423477, 0.0787484012343232, 2.414791454930821, 0.41825923878988147, 0.39415264119326776, -0.9814096922518483, 0.0, 0.0, -0.9814096922518483, 0.0, 0.0, 17.593544068827768], [14.932848226022353, 1.4573039481999772, 0.08476701322754693, 0.23402459460119118, 0.06412507180618142, 1.9403894192412585, 0.3254613832843374, 0.31681818750796087, -0.716974666429694, 0.0, 0.0, 0.0, -0.716974666429694, 0.0, 13.805619624489228], [12.77844542567249, 1.2809929995212768, 0.07634058637636229, 0.19769862780881908, 0.053665527139702435, 1.6175985683417065, 0.28111284849232, 0.2780177325183387, -0.5087995282672272, 0.0, 0.0, 0.0, 0.0, -0.5087995282672272, 11.814770954006796], [21.932779836948114, 0.011090732751644072, -0.0002640523187150967, -0.002518164814703072, -0.0006110467549015619, -0.038167341308822156, -0.002527872317473645, -0.003264235087983902, 79.40140473820418, 7.839773313549671, 18.956335715889793, 17.593544068827654, 13.805619624489417, 11.814770954006818, -2583.7126121662113]]) ; se_all=(array([       nan, 0.05050585, 0.19796622, 0.1226791 , 0.22334512,
       0.04466615, 0.10044565, 0.10296925,        nan,        nan,
       1.10409367, 1.26254565, 1.30122916, 1.10469749,        nan])) ; se_x_mu=(array([       nan, 0.05050585, 0.19796622, 0.1226791 , 0.22334512,
       0.04466615, 0.10044565, 0.10296925]))"
112	Bend5_chr4_8199	ok
113	Col5a1_chr2_2571	"NaNs in SEs; H=np.array([[-690.1988140650334, -35.12214887634931, -307.0846288108583, -16.111773377406575, -96.73594941019985, -46.069407088252746, -17.382208108293195, 11.822571161380642, 3.527675818691349, 0.9795908495690925, 1.0711925476910569, 1.1947390367847914, 3.146506992921926, 0.5916371461919319], [-35.12214887634931, -35.12214887634931, 0.0, 0.0, 0.0, 0.0, 0.0, 0.5894621382439897, 0.173829723318317, 0.0543967719155383, 0.04937342729000548, 0.07079635472033828, 0.14912702164721742, -0.0023187695167018046], [-307.0846288108583, 0.0, -307.0846288108583, 0.0, 0.0, 0.0, 0.0, 5.328862766997495, 1.6033857199987724, 0.40368917218334666, 0.46675889440366863, 0.5213082060481098, 1.4493959108706234, 0.593407423488057], [-16.111773377406575, 0.0, 0.0, -16.111773377406575, 0.0, 0.0, 0.0, 0.27007243482278787, 0.07709106113481032, 0.024676821874234915, 0.027963420926741346, 0.027942868168160585, 0.07368199431461578, -0.0006796383181823101], [-96.73594941019985, 0.0, 0.0, 0.0, -96.73594941019985, 0.0, 0.0, 1.6216212953761524, 0.46184632163963696, 0.15046319588232188, 0.1540880367602238, 0.1662968916699642, 0.4134674403132341, -0.007192516534382069], [-46.069407088252746, 0.0, 0.0, 0.0, 0.0, -46.069407088252746, 0.0, 0.7853601695031021, 0.22783847920696212, 0.06639795976412043, 0.07420888554711876, 0.08217501887497515, 0.21930341565469633, -0.002198079225726151], [-17.382208108293195, 0.0, 0.0, 0.0, 0.0, 0.0, -17.382208108293195, 0.2881082244314679, 0.08064898101968458, 0.028151989038300476, 0.02963828828361145, 0.029117446782642425, 0.07498297530464927, -0.0005219553357421573], [11.822571161380642, 0.5894621382439899, 5.328862766997495, 0.27007243482278787, 1.6216212953761524, 0.7853601695031021, 0.28810822443146794, -0.13800795587987402, 0.03412930980054627, -0.12328249051427487, -0.04391520218428427, -0.022598139419584922, -0.09768759841085124, 3.9732679480658835], [3.527675818691349, 0.173829723318317, 1.6033857199987724, 0.07709106113481033, 0.46184632163963696, 0.22783847920696212, 0.08064898101968458, 0.03412930980054627, 0.03412930980054627, 0.0, 0.0, 0.0, 0.0, 1.1951359536494552], [0.9795908495690924, 0.0543967719155383, 0.40368917218334666, 0.024676821874234915, 0.15046319588232188, 0.06639795976412043, 0.028151989038300476, -0.12328249051427487, 0.0, -0.12328249051427487, 0.0, 0.0, 0.0, 0.30756920744639493], [1.071192547691057, 0.04937342729000548, 0.46675889440366863, 0.027963420926741346, 0.1540880367602238, 0.07420888554711878, 0.02963828828361145, -0.04391520218428427, 0.0, 0.0, -0.04391520218428427, 0.0, 0.0, 0.35059320620853657], [1.1947390367847912, 0.07079635472033828, 0.5213082060481097, 0.0279428681681606, 0.16629689166996411, 0.08217501887497515, 0.029117446782642425, -0.022598139419584922, 0.0, 0.0, 0.0, -0.022598139419584922, 0.0, 0.3913577246554745], [3.1465069929219265, 0.14912702164721742, 1.449395910870624, 0.07368199431461578, 0.4134674403132341, 0.21930341565469633, 0.07498297530464927, -0.09768759841085124, 0.0, 0.0, 0.0, 0.0, -0.09768759841085124, 1.0741617287031135], [0.5916371461926504, -0.0023187695166955735, 0.5934074234880875, -0.0006796383181837812, -0.007192516534402116, -0.0021980792256976467, -0.000521955335740551, 3.9732679480658106, 1.1951359536494444, 0.30756920744639515, 0.3505932062085364, 0.3913577246554665, 1.074161728703114, -153.02080376142794]]) ; se_all=(array([0.07419529, 0.18520369, 0.09529547, 0.2605575 , 0.1271121 ,
       0.16592844, 0.25169395,        nan,        nan, 0.59042544,
       4.0788919 , 6.54560195, 2.28577232, 0.07640729])) ; se_x_mu=(array([0.07419529, 0.18520369, 0.09529547, 0.2605575 , 0.1271121 ,
       0.16592844, 0.25169395]))"
114	Foxa2_chr2_13830	ok
115	Klf4_chr4_3951	"NaNs in SEs; H=np.array([[-1610.9658480739804, -148.08757229272751, -252.90432918026752, -76.80555931104959, -114.00685327612155, -140.93020581156256, -44.390477355466196, -49.727771953694, 91.21881163814194, 28.91628084656078, 29.0068985491458, 2.662637898937305, 16.97211845798589, 4.299804322237515, 2.5532730777252697], [-148.08757229272751, -148.08757229272751, 0.0, 0.0, 0.0, 0.0, 0.0, 0.0, 8.50594343971222, 2.742272650399422, 2.7763528070261962, 0.23505538468919204, 1.5763615999180878, 0.4396553426544618, 0.04416081818873285], [-252.90432918026752, 0.0, -252.90432918026752, 0.0, 0.0, 0.0, 0.0, 0.0, 14.543662582407011, 4.6625150791319765, 4.599799189369125, 0.407198985600491, 2.7707359466067825, 0.6542500124476707, 0.15360064662033365], [-76.80555931104959, 0.0, 0.0, -76.80555931104959, 0.0, 0.0, 0.0, 0.0, 4.384960282238955, 1.3347146168886561, 1.4092736647167083, 0.12228632299029141, 0.8699478737225146, 0.20573902239234804, 0.0024746606680032743], [-114.00685327612155, 0.0, 0.0, 0.0, -114.00685327612155, 0.0, 0.0, 0.0, 6.509500860441929, 2.0864244722027925, 2.0621476488290593, 0.19247246124565504, 1.2314871338687958, 0.30253596665507476, -0.0010812293831143627], [-140.93020581156256, 0.0, 0.0, 0.0, 0.0, -140.93020581156256, 0.0, 0.0, 8.106550220486003, 2.5744308547248536, 2.539467626120864, 0.2090527434079584, 1.5426296524934686, 0.37928387605648123, 0.00027146658106528415], [-44.390477355466196, 0.0, 0.0, 0.0, 0.0, 0.0, -44.390477355466196, 0.0, 2.467813147315428, 0.785865885900074, 0.8081981384614123, 0.08269662373812547, 0.4237699451104274, 0.12235565814869998, 0.0017182527361858102], [-49.727771953694, 0.0, 0.0, 0.0, 0.0, 0.0, 0.0, -49.727771953694, 2.7733489900061716, 0.8348337132480277, 0.8958482143894081, 0.08664728951069543, 0.5306420996081083, 0.1303518584235802, -0.0010606776010227059], [91.21881163814196, 8.50594343971222, 14.543662582407013, 4.384960282238955, 6.509500860441933, 8.106550220486003, 2.467813147315428, 2.7733489900061676, -10.35611651594825, -4.26707808924132, -4.135270416944644, -0.05803532546879468, -1.399845278710486, -0.015682647091304305, 18.196184848471585], [28.91628084656078, 2.742272650399422, 4.6625150791319765, 1.3347146168886561, 2.086424472202796, 2.5744308547248536, 0.785865885900074, 0.8348337132480275, -4.26707808924132, -4.26707808924132, 0.0, 0.0, 0.0, 0.0, 5.768746381300852], [29.006898549145806, 2.7763528070261962, 4.599799189369119, 1.4092736647167083, 2.0621476488290593, 2.539467626120864, 0.8081981384614123, 0.8958482143894081, -4.135270416944644, 0.0, -4.135270416944644, 0.0, 0.0, 0.0, 5.774185479997477], [2.662637898937306, 0.23505538468919213, 0.4071989856004914, 0.12228632299029144, 0.19247246124565504, 0.2090527434079584, 0.08269662373812547, 0.08664728951069543, -0.05803532546879468, 0.0, 0.0, -0.05803532546879468, 0.0, 0.0, 0.5407642446269547], [16.97211845798589, 1.5763615999180878, 2.7707359466067825, 0.8699478737225148, 1.2314871338687958, 1.5426296524934686, 0.4237699451104274, 0.5306420996081083, -1.399845278710486, 0.0, 0.0, 0.0, -1.399845278710486, 0.0, 3.3513853786568517], [4.299804322237516, 0.4396553426544616, 0.6542500124476707, 0.20573902239234804, 0.30253596665507476, 0.37928387605648134, 0.12235565814869996, 0.1303518584235802, -0.015682647091304305, 0.0, 0.0, 0.0, 0.0, -0.015682647091304305, 0.8557478083359192], [2.5532730777257058, 0.04416081818876183, 0.15360064662041228, 0.002474660668007722, -0.0010812293831130582, 0.00027146658103127663, 0.0017182527361856437, -0.0010606776010368968, 18.19618484847183, 5.768746381300758, 5.774185479997897, 0.540764244626974, 3.351385378656772, 0.855747808335952, -217.17041876735857]]) ; se_all=(array([0.01059132, 0.08961231, 0.07232063, 0.11956737, 0.10023696,
       0.09149907, 0.15428666, 0.14623691, 1.27796791, 1.45788831,
       1.46285278, 4.30019933, 1.65294601,        nan, 0.04465108])) ; se_x_mu=(array([0.01059132, 0.08961231, 0.07232063, 0.11956737, 0.10023696,
       0.09149907, 0.15428666, 0.14623691]))"
116	Lama1_chr17_7791	ok
117	Lama1_chr17_7799	"NaNs in SEs; H=np.array([[-571.0907348591268, -31.59557657510105, -216.26442948480712, -81.69224173042839, -46.689265523861735, 30.471748127098035, 0.9389821070872446, 6.662183987934486, 16.288889745704225, 0.9641528029533488, 1.0136591452366424, 0.10064599732440249], [-31.59557657510105, -31.59557657510105, 0.0, 0.0, 0.0, 1.7387396527552743, 0.05282603395197388, 0.36550883703650816, 0.9624472261505591, 0.05031715528333911, 0.05683109740440276, -0.0006524803448882876], [-216.26442948480712, 0.0, -216.26442948480712, 0.0, 0.0, 11.749715996363353, 0.3382673783799102, 2.726000226255514, 6.295634495973029, 0.3657122293423803, 0.3834500812241984, 0.08521179262493095], [-81.69224173042839, 0.0, 0.0, -81.69224173042839, 0.0, 4.313936540512055, 0.13706016036180324, 0.905931207060535, 2.3163650126300626, 0.14273188869467443, 0.14264336028159114, -0.0017934005117668517], [-46.689265523861735, 0.0, 0.0, 0.0, -46.689265523861735, 2.4294079880811097, 0.08064826310897791, 0.515002391606764, 1.2926224892080143, 0.07896623421100574, 0.08502625871722912, -0.000893211416987882], [30.471748127098024, 1.7387396527552743, 11.749715996363355, 4.313936540512055, 2.4294079880811097, -4.101722674709885, -0.047211076355364125, -0.49619421361022764, -3.715557034440441, -0.07152287273987834, -0.019932975052391128, 2.271468593912563], [0.9389821070872448, 0.05282603395197389, 0.3382673783799103, 0.13706016036180324, 0.08064826310897791, -0.047211076355364125, -0.047211076355364125, 0.0, 0.0, 0.0, 0.0, 0.06800853325460773], [6.662183987934486, 0.3655088370365085, 2.726000226255514, 0.9059312070605352, 0.5150023916067641, -0.49619421361022764, 0.0, -0.49619421361022764, 0.0, 0.0, 0.0, 0.5098009168661184], [16.288889745704225, 0.9624472261505591, 6.295634495973028, 2.316365012630062, 1.2926224892080143, -3.715557034440441, 0.0, 0.0, -3.715557034440441, 0.0, 0.0, 1.2139569064022298], [0.9641528029533489, 0.05031715528333911, 0.36571222934238046, 0.1427318886946744, 0.07896623421100574, -0.07152287273987834, 0.0, 0.0, 0.0, -0.07152287273987834, 0.0, 0.07133344296472591], [1.0136591452366426, 0.05683109740440276, 0.3834500812241985, 0.1426433602815911, 0.08502625871722912, -0.019932975052391128, 0.0, 0.0, 0.0, 0.0, -0.019932975052391128, 0.0749345919089318], [0.10064599732460522, -0.0006524803448904049, 0.08521179262493561, -0.0017934005117650198, -0.0008932114169954986, 2.271468593912232, 0.0680085332546323, 0.5098009168661974, 1.213956906401961, 0.07133344296471833, 0.07493459190894036, -29.53242307927303]]) ; se_all=(array([0.07576129, 0.19179602, 0.09880937, 0.13180719, 0.16294161,
              nan, 4.61325163, 0.9270391 ,        nan, 3.58131735,
       7.72237096, 0.18816587])) ; se_x_mu=(array([0.07576129, 0.19179602, 0.09880937, 0.13180719, 0.16294161]))"
118	Lamb1_chr12_2189	ok
119	Sparc_chr11_7198	"NaNs in SEs; H=np.array([[-361.70995174754484, -21.72776232764474, -121.96255571839937, -35.275995375628575, -52.25772295782518, -31.7339514070852, 32.39350698958948, 13.590698768290505, 11.972300211937505, 1.31995266743989, 0.6824918189233586, 1.1026561857612303, 0.0256050561938448], [-21.72776232764474, -21.72776232764474, 0.0, 0.0, 0.0, 0.0, 2.0370518642761217, 0.8414489040016485, 0.7718919516035101, 0.07836418697331164, 0.03480936302999638, 0.06688339281945943, 0.00036516790448955867], [-121.96255571839937, 0.0, -121.96255571839937, 0.0, 0.0, 0.0, 10.696293407870732, 4.5684032648266895, 3.8463145328261543, 0.4320470976955362, 0.25477545567052584, 0.36057736842878674, 0.018672680651972806], [-35.275995375628575, 0.0, 0.0, -35.275995375628575, 0.0, 0.0, 3.213611709345093, 1.4188995711661452, 1.0986562773110047, 0.13829287959386283, 0.05650227168524453, 0.10627765621591709, 0.001274563960927229], [-52.25772295782518, 0.0, 0.0, 0.0, -52.25772295782518, 0.0, 4.6747992849623765, 1.9752268248814862, 1.7145865733971017, 0.20444941146205017, 0.09288986851614382, 0.16154083346440826, 0.001059366453042115], [-31.7339514070852, 0.0, 0.0, 0.0, 0.0, -31.7339514070852, 2.8083358397299065, 1.1736282603519128, 1.0370398597525612, 0.1206131867533734, 0.057064247244528556, 0.10243717513976273, 0.00029049324117969], [32.39350698958948, 2.0370518642761217, 10.69629340787073, 3.213611709345093, 4.6747992849623765, 2.808335839729905, -6.7923021480614665, -3.908611646884234, -3.0416712071887413, 0.00702119637558362, -0.13103485137932794, 0.00200539255408784, 0.38725043173028995], [13.590698768290505, 0.8414489040016483, 4.5684032648266895, 1.4188995711661452, 1.9752268248814862, 1.1736282603519117, -3.908611646884234, -3.908611646884234, 0.0, 0.0, 0.0, 0.0, 0.16336794133048288], [11.972300211937505, 0.7718919516035101, 3.8463145328261543, 1.0986562773110058, 1.7145865733971017, 1.0370398597525612, -3.0416712071887413, 0.0, -3.0416712071887413, 0.0, 0.0, 0.0, 0.14194902636512996], [1.3199526674398898, 0.07836418697331161, 0.43204709769553623, 0.13829287959386283, 0.20444941146205017, 0.1206131867533734, 0.00702119637558362, 0.0, 0.0, 0.00702119637558362, 0.0, 0.0, 0.015656492986578896], [0.6824918189233586, 0.03480936302999638, 0.25477545567052584, 0.056502271685244534, 0.09288986851614382, 0.05706424724452856, -0.13103485137932794, 0.0, 0.0, 0.0, -0.13103485137932794, 0.0, 0.008582865164509778], [1.1026561857612303, 0.06688339281945943, 0.3605773684287867, 0.10627765621591709, 0.16154083346440817, 0.10243717513976275, 0.00200539255408784, 0.0, 0.0, 0.0, 0.0, 0.00200539255408784, 0.013102866646972067], [0.025605056194123677, 0.00036516790448981595, 0.018672680652029428, 0.0012745639609264003, 0.0010593664530071933, 0.00029049324120222764, 0.3872504317266703, 0.16336794133042076, 0.14194902636359075, 0.015656492986337867, 0.008582865164598275, 0.013102866646818256, -1.7266822569399665]]) ; se_all=(array([0.09097487, 0.23695479, 0.13537007, 0.19610303, 0.17101892,
       0.20404809,        nan,        nan,        nan,        nan,
       2.08756614,        nan, 0.75329474])) ; se_x_mu=(array([0.09097487, 0.23695479, 0.13537007, 0.19610303, 0.17101892,
       0.20404809]))"
120	Tubb2b_chr13_2557	ok
121	Lamb1_chr12_2203	"NaNs in SEs; H=np.array([[-94.85536336040792, -22.957480444540117, -22.96201730905044, 2.205945582204953, 0.5336129450046659, 0.17111294647502412, 0.4901508279579769, 0.5684604783102524, 0.1595813727153148, 3.302076858552497e-05], [-22.957480444540117, -22.957480444540117, 0.0, 0.5302927925863008, 0.12994175682321413, 0.0434988564881233, 0.11363875476568093, 0.13671469079159446, 0.03814194636738696, 1.1457669251059684e-05], [-22.96201730905044, 0.0, -22.96201730905044, 0.5427069982415226, 0.1225419979642257, 0.03819682086194007, 0.13479078573672915, 0.1388885564333429, 0.036971109775913204, 8.391325468842213e-06], [2.205945582204953, 0.5302927925863008, 0.5427069982415228, 0.16339297304073921, 0.061517100707274654, -0.08360797351994663, 0.005475015251551876, 0.18953863509828667, -0.04582068157099403, 0.00040075886952678453], [0.5336129450046659, 0.12994175682321413, 0.1225419979642257, 0.061517100707274654, 0.061517100707274654, 0.0, 0.0, 0.0, 0.0, 9.718371801537516e-05], [0.17111294647502398, 0.0434988564881233, 0.038196820861940074, -0.08360797351994663, 0.0, -0.08360797351994663, 0.0, 0.0, 0.0, 3.123711742829368e-05], [0.4901508279579769, 0.11363875476568093, 0.13479078573672915, 0.005475015251551876, 0.0, 0.0, 0.005475015251551876, 0.0, 0.0, 8.861544608240819e-05], [0.5684604783102526, 0.13671469079159446, 0.1388885564333429, 0.18953863509828667, 0.0, 0.0, 0.0, 0.18953863509828667, 0.0, 0.00010329678437669468], [0.15958137271531483, 0.03814194636738696, 0.03697110977591322, -0.04582068157099403, 0.0, 0.0, 0.0, 0.0, -0.04582068157099403, 2.90372337277349e-05], [3.3020768924529875e-05, 1.1457669234715695e-05, 8.391325451384546e-06, 0.000400758879550267, 9.718371939015924e-05, 3.123711735497636e-05, 8.861544802130084e-05, 0.00010329678548259835, 2.903723327563057e-05, -0.017278150597121567]]) ; se_all=(array([0.13036868, 0.25296964, 0.25272554,        nan,        nan,
              nan,        nan,        nan,        nan, 7.60742144])) ; se_x_mu=(array([0.13036868, 0.25296964, 0.25272554]))"
122	Bend5_chr4_8170	ok
123	Epas1_chr17_10066	"NaNs in SEs; H=np.array([[-400.8086653419297, -14.572103280688355, -87.07578581694699, -63.426691364920245, -72.60120370519111, -34.86846806385737, -12.777928944863616, 8.236172355690655, 2.0569862225309574, 1.6794988286437247, 0.6268576415167579, 2.0226043195015033, 0.7433269629126042, -0.01610827738449533], [-14.572103280688355, -14.572103280688355, 0.0, 0.0, 0.0, 0.0, 0.0, 0.2970752720058432, 0.07387170627443164, 0.06086078815968565, 0.02447436231188413, 0.07277314127232702, 0.027426458552849347, -0.00035122028565587695], [-87.07578581694699, 0.0, -87.07578581694699, 0.0, 0.0, 0.0, 0.0, 1.7710299349457832, 0.4470040736378276, 0.36344551318044144, 0.13930852174410988, 0.4143958617184417, 0.16769088325427317, -0.005958431520125457], [-63.426691364920245, 0.0, 0.0, -63.426691364920245, 0.0, 0.0, 0.0, 1.3157606079968838, 0.3423876146492267, 0.2706789673237707, 0.10035522576972032, 0.3231995581450496, 0.11489217084389108, -0.0041885399524369815], [-72.60120370519111, 0.0, 0.0, 0.0, -72.60120370519111, 0.0, 0.0, 1.4883666387298284, 0.36111534452813904, 0.31120405871307444, 0.1137313503097124, 0.36203550889007463, 0.1308190461653516, -0.003724434818401741], [-34.86846806385737, 0.0, 0.0, 0.0, 0.0, -34.86846806385737, 0.0, 0.722190361078759, 0.18331822348436033, 0.14939812387400137, 0.05304806786810974, 0.1767403752724819, 0.06353263896947252, -0.0009516938978835219], [-12.777928944863616, 0.0, 0.0, 0.0, 0.0, 0.0, -12.777928944863616, 0.26816812122754613, 0.07136843244418709, 0.052916666898948195, 0.018063114107572338, 0.06678531004222839, 0.022805462078193672, -0.00019463963463637463], [8.236172355690655, 0.29707527200584316, 1.7710299349457832, 1.3157606079968838, 1.4883666387298284, 0.722190361078759, 0.26816812122754613, 0.025850204555816297, 0.262516908109921, -0.03375140178467294, -0.04560461237183919, 0.0248435840999938, -0.014309819312208163, 0.4355146877732726], [2.0569862225309574, 0.07387170627443163, 0.4470040736378276, 0.3423876146492267, 0.36111534452813904, 0.18331822348436033, 0.07136843244418709, 0.262516908109921, 0.262516908109921, 0.0, 0.0, 0.0, 0.0, 0.10913423923613685], [1.6794988286437245, 0.06086078815968565, 0.36344551318044116, 0.2706789673237707, 0.31120405871307444, 0.14939812387400128, 0.0529166668989482, -0.03375140178467294, 0.0, -0.03375140178467294, 0.0, 0.0, 0.0, 0.0887964608649002], [0.6268576415167575, 0.02447436231188413, 0.13930852174410988, 0.10035522576972032, 0.1137313503097124, 0.05304806786810978, 0.018063114107572338, -0.04560461237183919, 0.0, 0.0, -0.04560461237183919, 0.0, 0.0, 0.033353679338383055], [2.0226043195015033, 0.07277314127232702, 0.4143958617184417, 0.3231995581450496, 0.36203550889007463, 0.1767403752724819, 0.06678531004222839, 0.0248435840999938, 0.0, 0.0, 0.0, 0.0248435840999938, 0.0, 0.10650825797990082], [0.7433269629126044, 0.027426458552849343, 0.16769088325427317, 0.11489217084389108, 0.1308190461653516, 0.0635326389694724, 0.022805462078193672, -0.014309819312208163, 0.0, 0.0, 0.0, 0.0, -0.014309819312208163, 0.039540446959575794], [-0.016108277384322633, -0.00035122028565645613, -0.00595843152009401, -0.004188539952425241, -0.00372443481841489, -0.0009516938978872402, -0.0001946396346301782, 0.43551468777326363, 0.10913423923611631, 0.08879646086493409, 0.03335367933838285, 0.1065082579798684, 0.03954044695958636, -15.836116671851414]]) ; se_all=(array([0.09126146, 0.27799867, 0.14191293, 0.15628769, 0.14977917,
       0.19323312, 0.29481981, 2.4621707 , 1.62734103, 6.32944166,
       5.29238209,        nan, 8.98810887, 0.25047633])) ; se_x_mu=(array([0.09126146, 0.27799867, 0.14191293, 0.15628769, 0.14977917,
       0.19323312, 0.29481981]))"
124	Klf4_chr4_3949	"NaNs in SEs; H=np.array([[-2450.848910174184, -305.88422376460596, -256.1392100077762, -181.91631481255763, -118.9556215036869, -292.6269964566885, -276.6802457256924, -132.58599480298727, -85.68842777845154, 140.87995116057775, 38.64450691753255, 47.05965725715407, 4.220341282499902, 24.267715670232025, 12.48841507047243, 6.908896133480443], [-305.88422376460596, -305.88422376460596, 0.0, 0.0, 0.0, 0.0, 0.0, 0.0, 0.0, 17.889175802562526, 4.905394198402128, 6.164414888353262, 0.5489864818423908, 3.071972297440934, 1.5130026737419917, 1.1811462605061127], [-256.1392100077762, 0.0, -256.1392100077762, 0.0, 0.0, 0.0, 0.0, 0.0, 0.0, 14.494064742662365, 3.949319812877106, 4.810439743619903, 0.4762942053411496, 2.4939370475911176, 1.2478607466886011, 0.357758545453535], [-181.91631481255763, 0.0, 0.0, -181.91631481255763, 0.0, 0.0, 0.0, 0.0, 0.0, 10.343174628489116, 2.5889196281283007, 3.645455326765347, 0.31713803362486187, 1.7269831492502243, 0.98471851478707, 0.26066796500396483], [-118.9556215036869, 0.0, 0.0, 0.0, -118.9556215036869, 0.0, 0.0, 0.0, 0.0, 7.002107361799465, 1.951950289107218, 2.4694491796052436, 0.1966467452792704, 1.265900080863966, 0.6033059760753952, 0.7434489805805363], [-292.6269964566885, 0.0, 0.0, 0.0, 0.0, -292.6269964566885, 0.0, 0.0, 0.0, 17.001665989349465, 4.745430855612895, 5.602270722711492, 0.49220249419568934, 3.0111033475619653, 1.4883027070463655, 0.22393223604572668], [-276.6802457256924, 0.0, 0.0, 0.0, 0.0, 0.0, -276.6802457256924, 0.0, 0.0, 15.988423628483545, 4.47775942694487, 5.218266893695198, 0.47610918278082265, 2.8196033594978442, 1.3769279221992834, 0.16823088426836935], [-132.58599480298727, 0.0, 0.0, 0.0, 0.0, 0.0, 0.0, -132.58599480298727, 0.0, 7.364517511531907, 1.8484193131963396, 2.550103343943093, 0.2252256532832665, 1.1413238237716, 0.7241097860783899, 0.34214644114413195], [-85.68842777845154, 0.0, 0.0, 0.0, 0.0, 0.0, 0.0, 0.0, -85.68842777845154, 4.930829309277992, 1.4454442897159685, 1.5737996400005814, 0.15725524051104658, 0.867586989766049, 0.4202932030675438, 0.01464376816466529], [140.87995116057775, 17.889175802562526, 14.494064742662365, 10.343174628489114, 7.002107361799464, 17.001665989349465, 15.988423628483549, 7.364517511531906, 4.930829309277992, -16.909594018447315, -5.479716123348142, -8.135771379170627, -0.05401446120633883, -2.0478219977729375, -0.2588656259397857, 37.64841850119884], [38.644506917532546, 4.905394198402128, 3.9493198128771065, 2.5889196281283, 1.951950289107218, 4.745430855612895, 4.47775942694487, 1.8484193131963396, 1.4454442897159685, -5.479716123348142, -5.479716123348142, 0.0, 0.0, 0.0, 0.0, 10.32708832145431], [47.059657257154065, 6.164414888353262, 4.810439743619903, 3.645455326765347, 2.469449179605243, 5.602270722711492, 5.218266893695198, 2.550103343943093, 1.5737996400005814, -8.135771379170627, 0.0, -8.135771379170627, 0.0, 0.0, 0.0, 12.6134460539973], [4.220341282499902, 0.5489864818423908, 0.4762942053411496, 0.31713803362486187, 0.19664674527927037, 0.49220249419568934, 0.47610918278082304, 0.2252256532832665, 0.15725524051104658, -0.05401446120633883, 0.0, 0.0, -0.05401446120633883, 0.0, 0.0, 1.1174705661257065], [24.267715670232025, 3.0719722974409334, 2.4939370475911176, 1.7269831492502243, 1.265900080863966, 3.0111033475619653, 2.8196033594978442, 1.1413238237716, 0.867586989766049, -2.0478219977729375, 0.0, 0.0, 0.0, -2.0478219977729375, 0.0, 6.47045025654561], [12.48841507047243, 1.5130026737419924, 1.2478607466886011, 0.98471851478707, 0.6033059760753952, 1.4883027070463655, 1.3769279221992834, 0.7241097860783899, 0.4202932030675438, -0.2588656259397857, 0.0, 0.0, 0.0, 0.0, -0.2588656259397857, 3.347167731727264], [6.9088961334811, 1.1811462605061056, 0.3577585454535228, 0.26066796500394673, 0.7434489805805526, 0.22393223604578782, 0.16823088426824828, 0.34214644114412307, 0.014643768164673387, 37.6484185011991, 10.327088321454, 12.613446053997222, 1.1174705661257018, 6.470450256545803, 3.3471677317272466, -447.4412899022045]]) ; se_all=(array([       nan, 0.06722766, 0.07179435, 0.08214276, 0.09828349,
       0.06831555, 0.06974207, 0.09377614, 0.11367021, 0.24530784,
       0.98194106, 0.89859116, 1.52516945, 1.22943001, 0.36189236,
              nan])) ; se_x_mu=(array([       nan, 0.06722766, 0.07179435, 0.08214276, 0.09828349,
       0.06831555, 0.06974207, 0.09377614, 0.11367021]))"
125	Tubb2b_chr13_2580	ok
126	Txndc12_chr4_7971	"NaNs in SEs; H=np.array([[-1201.390254458941, -89.92340087408313, -541.6301401149492, -137.6818511382015, -45.56004450141655, -57.76532401171971, -18.967961558551615, 52.8684241963331, 13.197528495580412, 9.821830249478477, 20.020390153235024, 1.8905116188981212, 1.7563581833999302, 2.2264223089790476], [-89.92340087408313, -89.92340087408313, 0.0, 0.0, 0.0, 0.0, 0.0, 3.830013542809691, 0.9241900895342926, 0.7004793955180074, 1.4523061290147221, 0.1460629858155309, 0.1478001356192641, 0.0012732387878109652], [-541.6301401149492, 0.0, -541.6301401149492, 0.0, 0.0, 0.0, 0.0, 23.733236252033315, 5.698882988207387, 4.540212120363521, 8.990067754661919, 0.8447227845205385, 0.7604781674887506, 2.114396318854702], [-137.6818511382015, 0.0, 0.0, -137.6818511382015, 0.0, 0.0, 0.0, 6.121061416251687, 1.5729147771516434, 1.054488509689908, 2.4001551015224196, 0.22595195416062758, 0.20600600310317732, 0.031258878202964385], [-45.56004450141655, 0.0, 0.0, 0.0, -45.56004450141655, 0.0, 0.0, 2.0151985703077893, 0.5224975124305202, 0.37109859776790627, 0.7533256818630087, 0.06974514533336738, 0.06964369785969854, -0.0010193290696389528], [-57.76532401171971, 0.0, 0.0, 0.0, 0.0, -57.76532401171971, 0.0, 2.580615588503431, 0.6788690373490456, 0.4691177084597379, 0.9681908031167693, 0.0825122468235653, 0.09129516491914876, -0.0014438356312365215], [-18.967961558551615, 0.0, 0.0, 0.0, 0.0, 0.0, -18.967961558551615, 0.8574410944269178, 0.18573954827919353, 0.15163541523286814, 0.3644034201204217, 0.0297378510110733, 0.028024252004325446, -0.000485670536796148], [52.868424196333095, 3.830013542809691, 23.73323625203331, 6.121061416251687, 2.0151985703077897, 2.580615588503431, 0.8574410944269178, -4.981923137963579, -1.2700300769957729, -0.6661896448408748, -2.7969129687361005, -0.05101693604767933, -0.10985719806305273, 13.858486548479558], [13.197528495580414, 0.9241900895342926, 5.698882988207387, 1.5729147771516434, 0.5224975124305203, 0.6788690373490456, 0.18573954827919353, -1.2700300769957729, -1.2700300769957729, 0.0, 0.0, 0.0, 0.0, 3.375406818871167], [9.821830249478474, 0.7004793955180074, 4.5402121203635195, 1.054488509689908, 0.37109859776790627, 0.4691177084597379, 0.15163541523286814, -0.6661896448408748, 0.0, -0.6661896448408748, 0.0, 0.0, 0.0, 2.6238631224672004], [20.020390153235024, 1.4523061290147221, 8.990067754661919, 2.4001551015224196, 0.7533256818630087, 0.9681908031167691, 0.3644034201204217, -2.7969129687361005, 0.0, 0.0, -2.7969129687361005, 0.0, 0.0, 5.248900983337599], [1.8905116188981212, 0.1460629858155309, 0.8447227845205385, 0.22595195416062758, 0.06974514533336738, 0.0825122468235653, 0.0297378510110733, -0.05101693604767933, 0.0, 0.0, 0.0, -0.05101693604767933, 0.0, 0.49501478155631196], [1.75635818339993, 0.14780013561926394, 0.7604781674887504, 0.20600600310317732, 0.06964369785969854, 0.09129516491914874, 0.028024252004325446, -0.10985719806305273, 0.0, 0.0, 0.0, 0.0, -0.10985719806305273, 0.448651027040325], [2.226422308977856, 0.0012732387877842921, 2.114396318854668, 0.03125887820293416, -0.0010193290696183244, -0.001443835631217194, -0.00048567053679610117, 13.858486548479789, 3.3754068188712694, 2.623863122467206, 5.24890098333762, 0.4950147815562964, 0.44865102704034143, -214.4753202179145]]) ; se_all=(array([       nan, 0.11978805, 0.07121889, 0.10241993, 0.15867091,
       0.14331556, 0.23654336,        nan,        nan,        nan,
              nan, 4.42255999,        nan,        nan])) ; se_x_mu=(array([       nan, 0.11978805, 0.07121889, 0.10241993, 0.15867091,
       0.14331556, 0.23654336]))"
127	Gata4_chr14_5710	"NaNs in SEs; H=np.array([[-291.6389644017897, -24.083272791637018, -39.218076175303736, -18.763968314363346, -32.30482480566487, -32.86948845745917, 6.001391898685484, 0.4992873129752814, 0.49064591792066575, 1.4287420862003934, 1.385197557602368, 1.409014777265028, -0.0031730698805282065], [-24.083272791637018, -24.083272791637018, 0.0, 0.0, 0.0, 0.0, 0.5014082330640711, 0.03960677616267164, 0.03997878192499266, 0.12551239160396233, 0.11510995115267715, 0.1181507940359508, -0.0005291682915950328], [-39.218076175303736, 0.0, -39.218076175303736, 0.0, 0.0, 0.0, 0.8070685327687245, 0.06663196983496422, 0.06678291319070122, 0.19392280063145573, 0.19936108685261228, 0.17544555727818212, -0.0010100530651547422], [-18.763968314363346, 0.0, 0.0, -18.763968314363346, 0.0, 0.0, 0.38656101171041857, 0.033327853425424867, 0.029682225416245954, 0.09249582720812834, 0.08964653085928902, 0.08926897577714514, -0.00016306262327461752], [-32.30482480566487, 0.0, 0.0, 0.0, -32.30482480566487, 0.0, 0.6768425672473081, 0.05302715494017124, 0.04977470052492886, 0.16371339331979406, 0.16099992523956622, 0.15978535471202773, -0.00045588813458109865], [-32.86948845745917, 0.0, 0.0, 0.0, 0.0, -32.86948845745917, 0.6873579273332922, 0.054853161573472135, 0.04795120106839407, 0.1730152549866202, 0.15512155533251254, 0.1592380491287862, -0.0006770362828501394], [6.001391898685484, 0.5014082330640711, 0.8070685327687245, 0.38656101171041857, 0.6768425672473081, 0.6873579273332922, 0.02025415566404118, -0.022439834695852465, -0.029136331428510714, 0.09874804467349006, 0.03245108706556864, 0.06383691254718521, 0.19314984666912915], [0.4992873129752814, 0.03960677616267164, 0.06663196983496422, 0.033327853425424867, 0.05302715494017128, 0.054853161573472135, -0.022439834695852465, -0.022439834695852465, 0.0, 0.0, 0.0, 0.0, 0.01629376038155577], [0.49064591792066575, 0.03997878192499266, 0.06678291319070122, 0.029682225416245954, 0.04977470052492886, 0.04795120106839407, -0.029136331428510714, 0.0, -0.029136331428510714, 0.0, 0.0, 0.0, 0.016351782174424376], [1.4287420862003934, 0.1255123916039624, 0.19392280063145573, 0.09249582720812834, 0.1637133933197941, 0.17301525498662024, 0.09874804467349006, 0.0, 0.0, 0.09874804467349006, 0.0, 0.0, 0.04534012222308963], [1.385197557602368, 0.11510995115267716, 0.19936108685261228, 0.08964653085928902, 0.1609999252395665, 0.15512155533251254, 0.03245108706556864, 0.0, 0.0, 0.0, 0.03245108706556864, 0.0, 0.04417009224522021], [1.409014777265028, 0.1181507940359508, 0.17544555727818212, 0.08926897577714514, 0.15978535471202773, 0.15923804912878634, 0.06383691254718521, 0.0, 0.0, 0.0, 0.0, 0.06383691254718521, 0.04580026526686667], [-0.003173069880716639, -0.000529168291596549, -0.0010100530651540318, -0.0001630626232708432, -0.00045588813457661526, -0.0006770362828501797, 0.19314984666903, 0.0162937603815827, 0.016351782174417906, 0.04534012222303829, 0.04417009224520285, 0.04580026526684122, -7.100185277046876]]) ; se_all=(array([0.07872249, 0.22010513, 0.18003971, 0.24539535, 0.19462589,
       0.19326229, 2.86853062, 7.30546598, 6.53789894,        nan,
              nan,        nan, 0.37351645])) ; se_x_mu=(array([0.07872249, 0.22010513, 0.18003971, 0.24539535, 0.19462589,
       0.19326229]))"
128	Gata4_chr14_5763	ok
129	Lamc1_chr1_12127	"NaNs in SEs; H=np.array([[-145.6244656995154, -21.324378696409347, -22.646535756945575, -35.77259905729805, 3.0304403101978408, 0.23050123746042173, 0.7149167109076613, 0.7311871905584447, 0.7148034405106479, 0.2534876399014352, -0.003154293633417368], [-21.324378696409347, -21.324378696409347, 0.0, 0.0, 0.4464671996355124, 0.03227752631190478, 0.1007301906728974, 0.11080121888354032, 0.10717013968154873, 0.03625320749239046, -0.0008309986714866904], [-22.646535756945575, 0.0, -22.646535756945575, 0.0, 0.47343256216277174, 0.0355399653345779, 0.12093086853262698, 0.113068071701263, 0.10608609725288627, 0.03856484052036274, -0.0007598176238843707], [-35.77259905729805, 0.0, 0.0, -35.77259905729805, 0.7352399961702193, 0.057103233926423455, 0.1767313782369756, 0.1634863046368048, 0.1694663929793005, 0.06125680884211981, -0.0015131523358958114], [3.0304403101978408, 0.4464671996355125, 0.47343256216277124, 0.7352399961702193, 0.04048716534823027, -0.051911970780067235, -0.00491042113058654, 0.11093707009164105, -0.004991485405942495, -0.012069632986476104, 0.13494842042413568], [0.23050123746042173, 0.03227752631190478, 0.0355399653345779, 0.057103233926423455, -0.051911970780067235, -0.051911970780067235, 0.0, 0.0, 0.0, 0.0, 0.01028832941690607], [0.7149167109076613, 0.10073019067289748, 0.12093086853262681, 0.1767313782369756, -0.00491042113058654, 0.0, -0.00491042113058654, 0.0, 0.0, 0.0, 0.03166362506037451], [0.7311871905584446, 0.11080121888354032, 0.113068071701263, 0.1634863046368048, 0.11093707009164105, 0.0, 0.0, 0.11093707009164105, 0.0, 0.0, 0.03265760038741722], [0.7148034405106479, 0.10717013968154875, 0.10608609725288626, 0.1694663929793005, -0.004991485405942495, 0.0, 0.0, 0.0, -0.004991485405942495, 0.0, 0.03196348395284926], [0.2534876399014352, 0.03625320749239046, 0.03856484052036277, 0.0612568088421198, -0.012069632986476104, 0.0, 0.0, 0.0, 0.0, -0.012069632986476104, 0.011328220040258947], [-0.0031542936335261507, -0.0008309986714971906, -0.0007598176238751975, -0.001513152335875123, 0.13494842042422306, 0.010288329416904052, 0.03166362506037679, 0.03265760038742016, 0.03196348395283444, 0.01132822004025158, -4.864587591123382]]) ; se_all=(array([       nan, 0.24885493, 0.24373815, 0.20687224,        nan,
              nan,        nan,        nan,        nan,        nan,
       0.36913663])) ; se_x_mu=(array([       nan, 0.24885493, 0.24373815, 0.20687224]))"
130	Sparc_chr11_7205	ok
131	Col1a2_chr6_72	"NaNs in SEs; H=np.array([[-386.0018939875807, -57.78708403082657, -128.3885667910705, -26.939573043594446, 6.7266034598303, 2.114294200436013, 0.6484531514179181, 0.6036341915577569, 0.6473477089476571, 1.601463099977084, 0.08914452723414948], [-57.78708403082657, -57.78708403082657, 0.0, 0.0, 0.9987235299356115, 0.3034617120697332, 0.09642649368417791, 0.08449184571109403, 0.10503073752367467, 0.23695508605575347, 0.014361992098444784], [-128.3885667910705, 0.0, -128.3885667910705, 0.0, 2.218259746375362, 0.6865125153981527, 0.2281644608251324, 0.2011207671567942, 0.21689347364003383, 0.5203545647117794, 0.03237404292605177], [-26.939573043594446, 0.0, 0.0, -26.939573043594446, 0.46418195948218316, 0.13678178352379947, 0.04608843623524757, 0.04561095416253085, 0.04190405922892003, 0.11355511557365548, 0.0010018478564818318], [6.7266034598303, 0.9987235299356115, 2.218259746375362, 0.46418195948218316, 0.13399112995984835, 0.2597592793419525, -0.038338796419487384, -0.12026263127893533, -0.04374554980338893, -0.04625480100317528, 0.7674044482479956], [2.114294200436013, 0.3034617120697332, 0.6865125153981527, 0.13678178352379947, 0.2597592793419525, 0.2597592793419525, 0.0, 0.0, 0.0, 0.0, 0.2429342635446033], [0.6484531514179181, 0.09642649368417791, 0.2281644608251324, 0.04608843623524756, -0.038338796419487384, 0.0, -0.038338796419487384, 0.0, 0.0, 0.0, 0.07338284273922888], [0.6036341915577568, 0.08449184571109396, 0.2011207671567942, 0.04561095416253085, -0.12026263127893533, 0.0, 0.0, -0.12026263127893533, 0.0, 0.0, 0.06849652073700224], [0.6473477089476571, 0.10503073752367467, 0.21689347364003397, 0.04190405922892003, -0.04374554980338893, 0.0, 0.0, 0.0, -0.04374554980338893, 0.0, 0.07379827508023627], [1.601463099977084, 0.23695508605575347, 0.5203545647117794, 0.11355511557365548, -0.04625480100317528, 0.0, 0.0, 0.0, 0.0, -0.04625480100317528, 0.18260450464138794], [0.08914452723390665, 0.014361992098437859, 0.032374042926005875, 0.0010018478564744748, 0.7674044482480014, 0.24293426354459768, 0.07338284273922646, 0.0684965207369892, 0.07379827508023595, 0.18260450464138067, -35.330612045564976]]) ; se_all=(array([0.07867677, 0.15195186, 0.11650725, 0.2071309 ,        nan,
              nan, 4.50508603, 0.93008865, 4.08732831, 4.48818571,
       0.17011335])) ; se_x_mu=(array([0.07867677, 0.15195186, 0.11650725, 0.2071309 ]))"
132	Foxa2_chr2_13861	"NaNs in SEs; H=np.array([[-323.04524912775304, -32.991830127729685, -46.52062413960733, -18.83483589237198, -24.73547636290824, -37.135476382627914, 5.8394908112777575, 1.3967109662019446, 0.5396709731187875, 0.5915321458335133, 0.5275183070635969, 1.8056130131850063, 0.010654601471328736], [-32.991830127729685, -32.991830127729685, 0.0, 0.0, 0.0, 0.0, 0.588943923474172, 0.13549565789790669, 0.05755351017892856, 0.06425856752093516, 0.051766862338820795, 0.1795374686092739, 0.0009712050506625503], [-46.52062413960733, 0.0, -46.52062413960733, 0.0, 0.0, 0.0, 0.8423517893043911, 0.202195007907899, 0.08154457618431384, 0.08041949495691625, 0.07169880051270083, 0.25445151208955974, 0.0014507193455905892], [-18.83483589237198, 0.0, 0.0, -18.83483589237198, 0.0, 0.0, 0.3427247667118506, 0.081458058427588, 0.030471127396229748, 0.03551484111883524, 0.031350715352192915, 0.11059296001904341, 0.00013335045234209674], [-24.73547636290824, 0.0, 0.0, 0.0, -24.73547636290824, 0.0, 0.44471773386601815, 0.10891819015353425, 0.04120029324953773, 0.04575656153804086, 0.0427072260506018, 0.13629865743642405, 0.00022422661707337862], [-37.135476382627914, 0.0, 0.0, 0.0, 0.0, -37.135476382627914, 0.6730145213297273, 0.15729991077952413, 0.06018147750457632, 0.06742786353738713, 0.06218279570254426, 0.21204463695495177, 0.0008129019303988014], [5.8394908112777575, 0.588943923474172, 0.8423517893043911, 0.3427247667118506, 0.44471773386601815, 0.6730145213297274, 0.17254970725536398, -0.03428223302043601, -0.07843074954077331, -0.021086624500945284, -0.057991935925511995, 0.36219008345653786, 0.12104969257112377], [1.3967109662019446, 0.13549565789790669, 0.202195007907899, 0.081458058427588, 0.10891819015353424, 0.1572999107795243, -0.03428223302043601, -0.03428223302043601, 0.0, 0.0, 0.0, 0.0, 0.029045266984400832], [0.5396709731187875, 0.05755351017892856, 0.08154457618431384, 0.030471127396229748, 0.04120029324953773, 0.06018147750457633, -0.07843074954077331, 0.0, -0.07843074954077331, 0.0, 0.0, 0.0, 0.011150695030025026], [0.5915321458335134, 0.06425856752093516, 0.08041949495691625, 0.03551484111883524, 0.04575656153804086, 0.06742786353738713, -0.021086624500945284, 0.0, 0.0, -0.021086624500945284, 0.0, 0.0, 0.012239555797004798], [0.5275183070635969, 0.051766862338820795, 0.07169880051270083, 0.031350715352192915, 0.0427072260506018, 0.06218279570254426, -0.057991935925511995, 0.0, 0.0, 0.0, -0.057991935925511995, 0.0, 0.010922571737868474], [1.805613013185006, 0.17953746860927375, 0.25445151208955974, 0.11059296001904341, 0.13629865743642397, 0.21204463695495177, 0.36219008345653786, 0.0, 0.0, 0.0, 0.0, 0.36219008345653786, 0.03739344071561612], [0.010654601471030034, 0.0009712050506673897, 0.0014507193455997602, 0.00013335045234835752, 0.00022422661708548786, 0.0008129019304044527, 0.12104969257120501, 0.029045266984375928, 0.011150695030021751, 0.012239555797076918, 0.010922571737925324, 0.0373934407155474, -4.5775420425670745]]) ; se_all=(array([0.06745928, 0.19093184, 0.16621632, 0.24337101, 0.21578902,
       0.18185262,        nan,        nan,        nan,        nan,
              nan,        nan, 0.46363594])) ; se_x_mu=(array([0.06745928, 0.19093184, 0.16621632, 0.24337101, 0.21578902,
       0.18185262]))"
133	Lama1_chr17_7784	ok
134	Lamc1_chr1_12185	"NaNs in SEs; H=np.array([[-1032.0783983099243, -52.70025641324022, -672.6966842655474, -60.32822114118973, -84.20591772753896, -23.730813876781767, -32.19940528163693, 53.429001060932386, 1.6846845154055268, 1.8155932084089312, 9.575228769199452, 26.028789136843958, 7.034436554289385, 2.381176824982532], [-52.70025641324022, -52.70025641324022, 0.0, 0.0, 0.0, 0.0, 0.0, 2.716393326784484, 0.09018762838310664, 0.08982926742541353, 0.4566638437966166, 1.3207248269248004, 0.3871768552415946, -0.0014851559803681514], [-672.6966842655474, 0.0, -672.6966842655474, 0.0, 0.0, 0.0, 0.0, 34.696972687217716, 1.0978689009915796, 1.1789314704923621, 6.322964864266865, 16.815600855003847, 4.497589989839139, 2.3845183580824916], [-60.32822114118973, 0.0, 0.0, -60.32822114118973, 0.0, 0.0, 0.0, 3.235591215694343, 0.09514221745824195, 0.1115874579996777, 0.5240603149013217, 1.677605974434919, 0.42430019624071974, -0.0014758267188060264], [-84.20591772753896, 0.0, 0.0, 0.0, -84.20591772753896, 0.0, 0.0, 4.405127669939848, 0.1349620299667026, 0.150977195753736, 0.7696431870608004, 2.1743639285470686, 0.579052877839106, -0.0022809408758867463], [-23.730813876781767, 0.0, 0.0, 0.0, 0.0, -23.730813876781767, 0.0, 1.2068249157360302, 0.03832807912656622, 0.042355267060611955, 0.2249068509490154, 0.5646409819478762, 0.16845851268363446, -0.0002436751093129087], [-32.19940528163693, 0.0, 0.0, 0.0, 0.0, 0.0, -32.19940528163693, 1.6368456080264668, 0.05000222730956937, 0.0599064536705851, 0.2803718016784246, 0.7746417300089571, 0.22721148924093604, -0.0006102203402092094], [53.429001060932386, 2.7163933267844844, 34.696972687217716, 3.235591215694343, 4.405127669939848, 1.2068249157360302, 1.6368456080264668, -7.784031528330307, -0.09561205961229752, -0.02746095257375515, -0.7446143858531404, -6.427210333716983, -0.35444738882199833, 16.024522353574035], [1.6846845154055266, 0.09018762838310664, 1.0978689009915794, 0.09514221745824196, 0.1349620299667026, 0.03832807912656622, 0.05000222730956937, -0.09561205961229752, -0.09561205961229752, 0.0, 0.0, 0.0, 0.0, 0.5068628768087334], [1.8155932084089315, 0.08982926742541354, 1.1789314704923621, 0.1115874579996777, 0.150977195753736, 0.042355267060611955, 0.05990645367058505, -0.02746095257375515, 0.0, -0.02746095257375515, 0.0, 0.0, 0.0, 0.5444018033986721], [9.575228769199452, 0.4566638437966166, 6.322964864266865, 0.5240603149013217, 0.7696431870608004, 0.2249068509490154, 0.2803718016784246, -0.7446143858531404, 0.0, 0.0, -0.7446143858531404, 0.0, 0.0, 2.9153375342683336], [26.028789136843958, 1.3207248269248004, 16.815600855003847, 1.677605974434919, 2.1743639285470686, 0.5646409819478762, 0.7746417300089571, -6.427210333716983, 0.0, 0.0, 0.0, -6.427210333716983, 0.0, 7.771461966062572], [7.034436554289385, 0.38717685524159495, 4.497589989839139, 0.42430019624071974, 0.579052877839106, 0.16845851268363446, 0.22721148924093604, -0.35444738882199833, 0.0, 0.0, 0.0, 0.0, -0.35444738882199833, 2.079760249880169], [2.3811768249815017, -0.001485155980374131, 2.384518358082456, -0.001475826718812634, -0.0022809408758712735, -0.00024367510928907654, -0.0006102203402241768, 16.02452235357373, 0.5068628768087393, 0.5444018033986531, 2.9153375342682892, 7.7714619660622475, 2.079760249880067, -217.66764427138878]]) ; se_all=(array([0.07940198, 0.16849622, 0.10441087, 0.16122375, 0.14591245,
       0.22705552, 0.20117396,        nan, 3.31207718, 6.56678468,
              nan,        nan, 2.02763307,        nan])) ; se_x_mu=(array([0.07940198, 0.16849622, 0.10441087, 0.16122375, 0.14591245,
       0.22705552, 0.20117396]))"
135	Col1a1_chr11_15301	"NaNs in SEs; H=np.array([[-223.5939485909307, -37.376525805801734, -17.594899228999317, -31.159807517956054, -31.276285161772417, -8.7880341493498, 5.699927970616548, 1.2297067313581325, 1.1022921874527427, 1.1716078951981623, 1.1813216486760227, 0.3710535339881065, 0.013331410102384866], [-37.376525805801734, -37.376525805801734, 0.0, 0.0, 0.0, 0.0, 0.9185391639918177, 0.19002182203039328, 0.15256728723146842, 0.2055327398726482, 0.19913953920947497, 0.08050004614346246, 0.001083467491782425], [-17.594899228999317, 0.0, -17.594899228999317, 0.0, 0.0, 0.0, 0.44311747207972574, 0.0998453162335168, 0.08621631189127178, 0.084854344758775, 0.0868586333540106, 0.029671465005780426, -0.0004565246254206942], [-31.159807517956054, 0.0, 0.0, -31.159807517956054, 0.0, 0.0, 0.7968262876345976, 0.158922777439598, 0.15020518711768063, 0.16556065117384403, 0.1813704612003146, 0.051301664179412086, -0.0008318504216262013], [-31.276285161772417, 0.0, 0.0, 0.0, -31.276285161772417, 0.0, 0.8191241513729735, 0.18846217866972287, 0.14462276159872375, 0.16715829902886487, 0.18101129396813598, 0.04052977205157438, -0.0008073740603603916], [-8.7880341493498, 0.0, 0.0, 0.0, 0.0, -8.7880341493498, 0.22215694040951825, 0.050129035398155615, 0.04219445112827326, 0.04083654610805576, 0.0457314499380709, 0.013881531887055607, -0.00014484683245271713], [5.699927970616547, 0.9185391639918179, 0.44311747207972574, 0.7968262876345975, 0.8191241513729735, 0.22215694040951828, 0.02568947103039377, 0.038288079810496076, -0.01665472942712197, 0.15584412653508448, 0.07656032019064764, -0.025960402072615685, 0.3753151125046875], [1.2297067313581325, 0.19002182203039342, 0.09984531623351685, 0.15892277743959798, 0.18846217866972287, 0.050129035398155615, 0.038288079810496076, 0.038288079810496076, 0.0, 0.0, 0.0, 0.0, 0.08070161210471677], [1.1022921874527425, 0.15256728723146842, 0.08621631189127178, 0.15020518711768066, 0.14462276159872373, 0.04219445112827326, -0.01665472942712197, 0.0, -0.01665472942712197, 0.0, 0.0, 0.0, 0.07403826928255068], [1.1716078951981623, 0.2055327398726482, 0.08485434475877505, 0.16556065117384403, 0.16715829902886484, 0.04083654610805577, 0.15584412653508448, 0.0, 0.0, 0.15584412653508448, 0.0, 0.0, 0.07767148748425437], [1.181321648676023, 0.19913953920947508, 0.08685863335401066, 0.1813704612003146, 0.18101129396813598, 0.0457314499380709, 0.07656032019064764, 0.0, 0.0, 0.0, 0.07656032019064764, 0.0, 0.07619967502858019], [0.3710535339881065, 0.08050004614346246, 0.02967146500578043, 0.051301664179412086, 0.04052977205157438, 0.013881531887055607, -0.025960402072615685, 0.0, 0.0, 0.0, 0.0, -0.025960402072615685, 0.025106792479857195], [0.013331410102182861, 0.001083467491786616, -0.00045652462542383754, -0.0008318504216163758, -0.000807374060346977, -0.00014484683245112595, 0.3753151125046088, 0.08070161210473081, 0.07403826928254809, 0.07767148748425257, 0.0761996750285796, 0.025106792479854256, -9.651974571776464]]) ; se_all=(array([0.10442712, 0.19277176, 0.25907852, 0.20584721, 0.20567925,
       0.3522608 , 2.23490733,        nan, 9.29591583,        nan,
              nan, 6.64405375, 0.32328728])) ; se_x_mu=(array([0.10442712, 0.19277176, 0.25907852, 0.20584721, 0.20567925,
       0.3522608 ]))"
136	Epas1_chr17_10063	"NaNs in SEs; H=np.array([[-896.8987471489077, -33.526846757403426, -491.06137773138244, -142.7800384534623, -27.03787637472346, -13.753887483405842, -14.596995295273972, 14.07345169206243, 4.5028157559285695, 1.8080338216461094, 1.3505587736053326, 2.130105942905372, 1.4373898460085974, 9.809180363647767], [-33.526846757403426, -33.526846757403426, 0.0, 0.0, 0.0, 0.0, 0.0, 0.5222522557229661, 0.15363855189314177, 0.07048055600338084, 0.0561784990831638, 0.09270779203210097, 0.052117712730635854, 0.003454951841048378], [-491.06137773138244, 0.0, -491.06137773138244, 0.0, 0.0, 0.0, 0.0, 7.633277041018484, 2.462620549542897, 0.993967377522449, 0.6964372965057855, 1.0741918794896954, 0.7803914308780839, 9.601274680298264], [-142.7800384534623, 0.0, 0.0, -142.7800384534623, 0.0, 0.0, 0.0, 2.2541245308387468, 0.6783896993076275, 0.31123101860683855, 0.22934587597481637, 0.37449263196845495, 0.21326784046698075, 0.1639068608187318], [-27.03787637472346, 0.0, 0.0, 0.0, -27.03787637472346, 0.0, 0.0, 0.43211234650336, 0.14553502561476409, 0.05064907613295495, 0.04835744131372052, 0.07364014950719179, 0.042163414432901176, 0.0008430684321509268], [-13.753887483405842, 0.0, 0.0, 0.0, 0.0, -13.753887483405842, 0.0, 0.2216211989700825, 0.07413671249004798, 0.025240931311101385, 0.020947082602693966, 0.037270390677632326, 0.023307159856103554, 0.00019786849100872394], [-14.596995295273972, 0.0, 0.0, 0.0, 0.0, 0.0, -14.596995295273972, 0.22795181308858184, 0.06914119964337874, 0.02814978712819516, 0.025318866287974216, 0.03685251825413194, 0.02524326539437133, 0.00033601455625058285], [14.073451692062427, 0.5222522557229661, 7.633277041018484, 2.2541245308387468, 0.43211234650336, 0.22162119897008245, 0.2279518130885819, -0.9619884308282018, -0.8521272221663247, -0.13698056278112228, -0.24001714077369926, -0.2046349847550735, -0.20129038786322004, 26.910668288272177], [4.502815755928568, 0.15363855189314174, 2.462620549542897, 0.6783896993076275, 0.1455350256147641, 0.07413671249004798, 0.06914119964337874, -0.8521272221663247, -0.8521272221663247, 0.0, 0.0, 0.0, 0.0, 8.668306509408575], [1.8080338216461096, 0.07048055600338084, 0.9939673775224495, 0.31123101860683855, 0.05064907613295496, 0.02524093131110136, 0.02814978712819516, -0.13698056278112228, 0.0, -0.13698056278112228, 0.0, 0.0, 0.0, 3.5058607956795065], [1.3505587736053326, 0.0561784990831638, 0.6964372965057855, 0.22934587597481637, 0.04835744131372052, 0.020947082602693966, 0.02531886628797424, -0.24001714077369926, 0.0, 0.0, -0.24001714077369926, 0.0, 0.0, 2.465601071324316], [2.1301059429053715, 0.09270779203210097, 1.0741918794896954, 0.37449263196845495, 0.07364014950719179, 0.037270390677632326, 0.036852518254131966, -0.2046349847550735, 0.0, 0.0, 0.0, -0.2046349847550735, 0.0, 3.811853617688733], [1.437389846008597, 0.052117712730635854, 0.7803914308780837, 0.2132678404669807, 0.042163414432901176, 0.023307159856103554, 0.02524326539437133, -0.20129038786322004, 0.0, 0.0, 0.0, 0.0, -0.20129038786322004, 2.7476308670165634], [9.809180363647354, 0.0034549518410597335, 9.601274680298253, 0.16390686081869943, 0.000843068432123506, 0.00019786849100775217, 0.000336014556241479, 26.910668288272234, 8.668306509408637, 3.505860795679517, 2.4656010713243344, 3.811853617688728, 2.7476308670165723, -735.7870754514238]]) ; se_all=(array([0.07698441, 0.18860188, 0.08820334, 0.1129047 , 0.2067078 ,
       0.28008817, 0.27248888,        nan, 0.8568996 , 3.05124869,
       1.93652523, 2.37893652, 2.22690535, 0.04741726])) ; se_x_mu=(array([0.07698441, 0.18860188, 0.08820334, 0.1129047 , 0.2067078 ,
       0.28008817, 0.27248888]))"
137	Epas1_chr17_10064	"NaNs in SEs; H=np.array([[-211.64848676202257, -7.81044898364336, -63.546733262747956, 25.00332299862043, 1.2117279724167662, 6.807496368859493, 2.9311174811850136, 0.4326912688451426, 9.918494628133645, 0.17471205031635492], [-7.81044898364336, -7.81044898364336, 0.0, 0.9717181850527017, 0.04209331237003065, 0.286555722203506, 0.0997740575207549, 0.01746423165406088, 0.40560697753101843, 0.00028628291703205956], [-63.546733262747956, 0.0, -63.546733262747956, 7.832904288052861, 0.3598368071072792, 2.1243867010065753, 0.8576039755510512, 0.1310304300234084, 3.29670703413771, 0.041897980753608795], [25.003322998620433, 0.9717181850527016, 7.832904288052865, -7.445062607748759, 0.020415890504109618, -1.7257920493811032, -0.1204970241589991, -0.07827597894732, -5.4449110102192675, 1.9460036178104083], [1.211727972416766, 0.04209331237003065, 0.3598368071072792, 0.020415890504109618, 0.020415890504109618, 0.0, 0.0, 0.0, 0.0, 0.09510976809717259], [6.807496368859489, 0.28655572220350595, 2.1243867010065753, -1.7257920493811032, 0.0, -1.7257920493811032, 0.0, 0.0, 0.0, 0.5283154237317804], [2.9311174811850136, 0.09977405752075487, 0.8576039755510512, -0.1204970241589991, 0.0, 0.0, -0.1204970241589991, 0.0, 0.0, 0.23049469154019536], [0.4326912688451426, 0.01746423165406088, 0.1310304300234084, -0.07827597894732, 0.0, 0.0, 0.0, -0.07827597894732, 0.0, 0.033722271090539345], [9.918494628133649, 0.40560697753101843, 3.296707034137714, -5.4449110102192675, 0.0, 0.0, 0.0, 0.0, -5.4449110102192675, 0.766401781238107], [0.17471205031643144, 0.0002862829170221515, 0.04189798075371254, 1.94600361781076, 0.09510976809717953, 0.528315423731776, 0.2304946915401871, 0.03372227109053538, 0.7664017812382014, -10.531380304240884]]) ; se_all=(array([       nan, 0.36343796, 0.14918139,        nan,        nan,
              nan,        nan,        nan,        nan,        nan])) ; se_x_mu=(array([       nan, 0.36343796, 0.14918139]))"
138	Gata4_chr14_5779	ok
139	Lama1_chr17_7788	"NaNs in SEs; H=np.array([[-757.7016462741004, -69.4499296843524, -220.11243143070234, -204.51857235974686, -31.917230668102462, -47.67624417805273, -68.28815484087899, 15.132958500711593, 3.785089275865396, 3.1713547894739835, 1.1842161469320596, 3.7616629242292094, 1.189485295179418, 0.1372275461936479], [-69.4499296843524, -69.4499296843524, 0.0, 0.0, 0.0, 0.0, 0.0, 1.3975928958712827, 0.3388689918692707, 0.2963350093346377, 0.11134481161914866, 0.362012809368039, 0.10487541360770206, -0.005065105261679664], [-220.11243143070234, 0.0, -220.11243143070234, 0.0, 0.0, 0.0, 0.0, 4.407105198555173, 1.0720973775095277, 0.9289543330299043, 0.3447206436791825, 1.1162757267529175, 0.3679153209765931, 0.04096684998543562], [-204.51857235974686, 0.0, 0.0, -204.51857235974686, 0.0, 0.0, 0.0, 4.047582678549501, 1.0176679154418695, 0.8664292200741713, 0.31666623922337245, 0.9789291047863946, 0.31143195528158046, 0.10836303274381165], [-31.917230668102462, 0.0, 0.0, 0.0, -31.917230668102462, 0.0, 0.0, 0.6521686884048987, 0.16889799965674873, 0.1347010610144367, 0.04765938862359858, 0.1718540739675536, 0.04825415355419544, -0.0009499891521391156], [-47.67624417805273, 0.0, 0.0, 0.0, 0.0, -47.67624417805273, 0.0, 0.9750153815236472, 0.2562603964948448, 0.19183771058421153, 0.07422184037848467, 0.2553919699559593, 0.06532012770095026, -0.0019106165304704071], [-68.28815484087899, 0.0, 0.0, 0.0, 0.0, 0.0, -68.28815484087899, 1.3549028430628334, 0.33182332937549774, 0.2636847377212263, 0.10732565635888383, 0.3500802539793018, 0.110819318965037, -0.004692992631285323], [15.132958500711593, 1.3975928958712833, 4.407105198555173, 4.047582678549501, 0.6521686884048985, 0.9750153815236472, 1.3549028430628334, -0.13949072858739675, 0.013793273206394046, -0.08296559019744404, -0.05161246716536928, 0.17932725670711266, -0.08708483183704747, 2.860696894470062], [3.785089275865395, 0.3388689918692707, 1.0720973775095277, 1.0176679154418693, 0.16889799965674873, 0.2562603964948448, 0.3318233293754978, 0.013793273206394046, 0.013793273206394046, 0.0, 0.0, 0.0, 0.0, 0.710500180606302], [3.171354789473984, 0.29633500933463786, 0.9289543330299043, 0.8664292200741713, 0.13470106101443663, 0.19183771058421153, 0.2636847377212263, -0.08296559019744404, 0.0, -0.08296559019744404, 0.0, 0.0, 0.0, 0.6064896852922902], [1.1842161469320596, 0.11134481161914866, 0.3447206436791825, 0.31666623922337245, 0.04765938862359858, 0.07422184037848467, 0.10732565635888387, -0.05161246716536928, 0.0, 0.0, -0.05161246716536928, 0.0, 0.0, 0.224070879199609], [3.7616629242292094, 0.3620128093680389, 1.1162757267529178, 0.9789291047863946, 0.17185407396755356, 0.2553919699559593, 0.3500802539793018, 0.17932725670711266, 0.0, 0.0, 0.0, 0.17932725670711266, 0.0, 0.7065347629206692], [1.189485295179418, 0.10487541360770206, 0.367915320976593, 0.31143195528158035, 0.048254153554195434, 0.06532012770095026, 0.11081931896503706, -0.08708483183704747, 0.0, 0.0, 0.0, 0.0, -0.08708483183704747, 0.2272852855522146], [0.1372275461931194, -0.005065105261678748, 0.040966849985459186, 0.10836303274378611, -0.000949989152132874, -0.0019106165304526579, -0.004692992631276205, 2.8606968944700384, 0.7105001806063136, 0.606489685292324, 0.2240708791995889, 0.7065347629206897, 0.22728528555219807, -104.8346622940644]]) ; se_all=(array([0.08923747, 0.15176708, 0.11479821, 0.11631013, 0.19992263,
       0.17208679, 0.15257458, 3.03927919,        nan, 4.61862639,
       5.32939691, 2.11220974, 4.52902791, 0.09153134])) ; se_x_mu=(array([0.08923747, 0.15176708, 0.11479821, 0.11631013, 0.19992263,
       0.17208679, 0.15257458]))"
140	Lamb1_chr12_2216	"NaNs in SEs; H=np.array([[-2702.9812590665556, -230.2963929943445, -950.7931734699665, -112.67870698266726, -82.31244042491356, -245.01948116404142, -117.09572588382176, -45.103537470977415, -153.26964200440253, 124.34874521000933, 19.86032947912373, 27.29232550367636, 24.318365616312473, 36.47652193964008, 4.039779143807831, 13.567012418793096], [-230.2963929943445, -230.2963929943445, 0.0, 0.0, 0.0, 0.0, 0.0, 0.0, 0.0, 10.622342219598114, 1.8853177600821671, 2.1465397408030062, 1.9472549610532395, 3.1910152932082037, 0.3313124589524199, 0.19857313266683896], [-950.7931734699665, 0.0, -950.7931734699665, 0.0, 0.0, 0.0, 0.0, 0.0, 0.0, 43.60006644212384, 6.54982696765884, 9.818484365506963, 8.432006164956734, 13.126785814676175, 1.485303660993564, 11.919131908005946], [-112.67870698266726, 0.0, 0.0, -112.67870698266726, 0.0, 0.0, 0.0, 0.0, 0.0, 5.240892046532993, 0.8970141145390418, 1.0924196297803928, 0.9097725701498166, 1.6527347555733285, 0.17068160741808613, 0.03185284189633769], [-82.31244042491356, 0.0, 0.0, 0.0, -82.31244042491356, 0.0, 0.0, 0.0, 0.0, 3.7976701684473344, 0.6471372127553094, 0.7751833056048455, 0.7942122460997412, 1.0719306984513879, 0.1071320853569115, 0.08969472896710648], [-245.01948116404142, 0.0, 0.0, 0.0, 0.0, -245.01948116404142, 0.0, 0.0, 0.0, 11.207924500051192, 1.8590810884164575, 2.433620410300336, 2.1116842426477826, 3.280141021639209, 0.3837995426807613, 0.06467733029595939], [-117.09572588382176, 0.0, 0.0, 0.0, 0.0, 0.0, -117.09572588382176, 0.0, 0.0, 5.453586742414742, 0.8553217359844582, 1.1946834487792033, 1.0832667026923601, 1.5873576739368342, 0.16498738178441202, 0.009695816360534062], [-45.103537470977415, 0.0, 0.0, 0.0, 0.0, 0.0, 0.0, -45.103537470977415, 0.0, 2.1107112333426166, 0.3472823147018198, 0.4033337133168102, 0.4398441404659547, 0.6470638361298149, 0.06384549974679583, 0.008444021179585433], [-153.26964200440253, 0.0, 0.0, 0.0, 0.0, 0.0, 0.0, 0.0, -153.26964200440253, 7.033636240126586, 1.239954041547127, 1.4338405492170605, 1.4660928239817552, 1.9636256723445595, 0.2311252165724023, 0.0338909514597498], [124.34874521000933, 10.62234221959811, 43.600066442123854, 5.240892046532994, 3.7976701684473344, 11.207924500051192, 5.453586742414742, 2.110711233342617, 7.033636240126586, -12.111507758805722, -1.440294266687433, -2.7224302082489884, -2.2902224793935946, -5.214681200164807, -0.1816174570632983, 48.247011377234635], [19.86032947912373, 1.8853177600821667, 6.54982696765884, 0.8970141145390418, 0.6471372127553094, 1.8590810884164575, 0.8553217359844585, 0.3472823147018199, 1.2399540415471277, -1.440294266687433, -1.440294266687433, 0.0, 0.0, 0.0, 0.0, 7.39347096976985], [27.29232550367636, 2.1465397408030062, 9.818484365506963, 1.0924196297803928, 0.7751833056048455, 2.433620410300336, 1.1946834487792033, 0.40333371331680995, 1.4338405492170605, -2.7224302082489884, 0.0, -2.7224302082489884, 0.0, 0.0, 0.0, 10.802961152456263], [24.318365616312473, 1.9472549610532395, 8.432006164956734, 0.9097725701498166, 0.7942122460997412, 2.1116842426477826, 1.0832667026923601, 0.4398441404659547, 1.4660928239817552, -2.2902224793935946, 0.0, 0.0, -2.2902224793935946, 0.0, 0.0, 9.39065925422137], [36.47652193964008, 3.1910152932082037, 13.126785814676175, 1.652734755573329, 1.0719306984513879, 3.280141021639209, 1.5873576739368354, 0.6470638361298149, 1.9636256723445595, -5.214681200164807, 0.0, 0.0, 0.0, -5.214681200164807, 0.0, 14.357909005210134], [4.039779143807831, 0.3313124589524199, 1.485303660993564, 0.17068160741808613, 0.1071320853569115, 0.3837995426807613, 0.16498738178441202, 0.06384549974679579, 0.2311252165724023, -0.1816174570632983, 0.0, 0.0, 0.0, 0.0, -0.1816174570632983, 1.6120476303794333], [13.567012418796104, 0.19857313266680254, 11.919131908006115, 0.03185284189635462, 0.08969472896711861, 0.06467733029596356, 0.009695816360469678, 0.008444021179572658, 0.033890951459768726, 48.24701137723366, 7.393470969769666, 10.802961152456561, 9.390659254221205, 14.35790900520982, 1.6120476303793652, -657.2073747174818]]) ; se_all=(array([       nan, 0.07514804, 0.04855087, 0.10090244, 0.1159859 ,
       0.07339334, 0.09921321, 0.15322189, 0.08848827,        nan,
              nan,        nan,        nan,        nan, 0.97952444,
              nan])) ; se_x_mu=(array([       nan, 0.07514804, 0.04855087, 0.10090244, 0.1159859 ,
       0.07339334, 0.09921321, 0.15322189, 0.08848827]))"
141	Lamb1_chr12_2186	"NaNs in SEs; H=np.array([[-1661.60521751676, -369.6521528810211, -180.2301575928877, -217.1508640636003, -30.251832316272694, -46.25463556673875, -83.56550066790231, -65.88891812142279, -64.02304658209111, 119.40019777733396, 31.10408110516842, 29.93322712797364, 21.418321804099314, 6.58390970384247, 21.42726371193391, 6.2286887212048825], [-369.6521528810211, -369.6521528810211, 0.0, 0.0, 0.0, 0.0, 0.0, 0.0, 0.0, 26.77735064951875, 6.975797611228289, 6.906732062276187, 4.70618230200003, 1.498982247266245, 4.840418676801135, 3.283012643543746], [-180.2301575928877, 0.0, -180.2301575928877, 0.0, 0.0, 0.0, 0.0, 0.0, 0.0, 12.996801644480815, 3.353016643146249, 3.3858533754454716, 2.37186484086334, 0.7125201473063691, 2.1558949691803666, 0.16689426681941216], [-217.1508640636003, 0.0, 0.0, -217.1508640636003, 0.0, 0.0, 0.0, 0.0, 0.0, 15.390163160570879, 3.958200959044329, 3.7129935852410205, 2.8069847147557567, 0.8452051889973813, 2.860722351982986, 0.6783993875683834], [-30.251832316272694, 0.0, 0.0, 0.0, -30.251832316272694, 0.0, 0.0, 0.0, 0.0, 2.2168563805881165, 0.6445920231211852, 0.5578109687297593, 0.3872049045147191, 0.10698794930668849, 0.3306359456244673, 0.016003157549778088], [-46.25463556673875, 0.0, 0.0, 0.0, 0.0, -46.25463556673875, 0.0, 0.0, 0.0, 3.3528000056232234, 0.8214381571143871, 0.8821742599992922, 0.6154684532678913, 0.17589913571220506, 0.6025782674978541, 0.002406356994128874], [-83.56550066790231, 0.0, 0.0, 0.0, 0.0, 0.0, -83.56550066790231, 0.0, 0.0, 6.011327538289766, 1.624068827492454, 1.479116650616857, 0.9874119840533159, 0.3456959584962257, 1.1196161418536352, 0.009125855272850718], [-65.88891812142279, 0.0, 0.0, 0.0, 0.0, 0.0, 0.0, -65.88891812142279, 0.0, 4.711261593900757, 1.225876488398704, 1.1417728843135915, 0.9452853033193036, 0.27353262923548194, 0.7785877228685517, 0.05517199016655325], [-64.02304658209111, 0.0, 0.0, 0.0, 0.0, 0.0, 0.0, 0.0, -64.02304658209111, 4.683766231863164, 1.2438543768974466, 1.1698542997971004, 0.8339368376852326, 0.2562537552665307, 0.8584876772957872, 0.009056760581114279], [119.40019777733396, 26.777350649518752, 12.996801644480815, 15.390163160570879, 2.2168563805881165, 3.3528000056232234, 6.011327538289767, 4.711261593900757, 4.683766231863165, -15.410261234215072, -4.864023680939228, -4.849824951728706, -2.3455338625358153, 0.028198780807649204, -2.3598662299245867, 32.69111562015153], [31.104081105168426, 6.975797611228293, 3.353016643146249, 3.9582009590443286, 0.6445920231211852, 0.8214381571143871, 1.6240688274924548, 1.225876488398704, 1.2438543768974466, -4.864023680939228, -4.864023680939228, 0.0, 0.0, 0.0, 0.0, 8.502727393316233], [29.93322712797364, 6.906732062276187, 3.3858533754454743, 3.7129935852410205, 0.5578109687297593, 0.8821742599992922, 1.4791166506168565, 1.1417728843135915, 1.1698542997971006, -4.849824951728706, 0.0, -4.849824951728706, 0.0, 0.0, 0.0, 8.226239472950004], [21.41832180409931, 4.70618230200003, 2.37186484086334, 2.8069847147557563, 0.3872049045147191, 0.6154684532678913, 0.9874119840533159, 0.9452853033193036, 0.8339368376852326, -2.3455338625358153, 0.0, 0.0, -2.3455338625358153, 0.0, 0.0, 5.840612130101448], [6.583909703842469, 1.498982247266245, 0.7125201473063689, 0.8452051889973811, 0.10698794930668849, 0.17589913571220506, 0.3456959584962255, 0.2735326292354819, 0.2562537552665307, 0.028198780807649204, 0.0, 0.0, 0.0, 0.028198780807649204, 0.0, 1.8085833528661992], [21.42726371193391, 4.840418676801135, 2.1558949691803666, 2.860722351982985, 0.3306359456244673, 0.6025782674978541, 1.1196161418536352, 0.7785877228685517, 0.8584876772957872, -2.3598662299245867, 0.0, 0.0, 0.0, 0.0, -2.3598662299245867, 5.910065112264152], [6.228688721205103, 3.2830126435438203, 0.166894266819404, 0.6783993875684198, 0.016003157549780433, 0.002406356994136827, 0.009125855272829053, 0.05517199016654284, 0.009056760581095613, 32.69111562015121, 8.502727393316349, 8.226239472949885, 5.840612130101405, 1.8085833528662185, 5.910065112263993, -313.5112780932823]]) ; se_all=(array([0.0387676 , 0.06602547, 0.08487232, 0.07911523, 0.18631631,
       0.15255882, 0.11671024, 0.1297407 , 0.13142948, 1.01096395,
       1.09077289, 1.091327  , 1.18647442,        nan, 1.18543607,
       0.05334573])) ; se_x_mu=(array([0.0387676 , 0.06602547, 0.08487232, 0.07911523, 0.18631631,
       0.15255882, 0.11671024, 0.1297407 , 0.13142948]))"
142	Lamb1_chr12_2289	"NaNs in SEs; H=np.array([[-514.9305122510891, -47.56634747078167, -26.27433849301927, -16.823944340903136, -34.24902717591459, 10.048347227587866, 0.9633696823809305, 0.8344391587569572, 2.908928936492099, 2.888880585868622, 0.8645303213701484, 0.05715439293671413], [-47.56634747078167, -47.56634747078167, 0.0, 0.0, 0.0, 0.9220090698485487, 0.0938731302969651, 0.07424778154228337, 0.2632228196822965, 0.26050889068934213, 0.08014040494639005, -0.0022614459526282917], [-26.27433849301927, 0.0, -26.27433849301927, 0.0, 0.0, 0.5112819505652172, 0.04961388985954491, 0.043144429002560734, 0.15950351231680082, 0.13450549459699665, 0.04409416024973024, -0.0006280562488539003], [-16.823944340903136, 0.0, 0.0, -16.823944340903136, 0.0, 0.3341011454290274, 0.030808878031026513, 0.02671738942012822, 0.0973535926091508, 0.09944780415261643, 0.02663257753747089, -0.00017297682548729986], [-34.24902717591459, 0.0, 0.0, 0.0, -34.24902717591459, 0.6767001528741406, 0.06515915400876798, 0.052868840639245004, 0.19715416555906748, 0.20095112829990466, 0.05655040915080017, -0.0006799004558175879], [10.048347227587866, 0.9220090698485488, 0.5112819505652172, 0.3341011454290274, 0.6767001528741406, 0.04001412006105659, -0.017268664995349438, -0.09391797413373396, 0.17341125319809975, 0.005822749115337221, -0.05723627092952231, 1.1082577873584383], [0.9633696823809305, 0.0938731302969651, 0.0496138898595449, 0.030808878031026513, 0.06515915400876798, -0.017268664995349438, -0.017268664995349438, 0.0, 0.0, 0.0, 0.0, 0.10573671183348919], [0.8344391587569572, 0.07424778154228344, 0.04314442900256073, 0.02671738942012822, 0.052868840639245004, -0.09391797413373396, 0.0, -0.09391797413373396, 0.0, 0.0, 0.0, 0.0927499858487062], [2.908928936492099, 0.2632228196822965, 0.15950351231680082, 0.0973535926091508, 0.19715416555906748, 0.17341125319809975, 0.0, 0.0, 0.17341125319809975, 0.0, 0.0, 0.31953273302337376], [2.888880585868622, 0.26050889068934213, 0.13450549459699665, 0.09944780415261643, 0.20095112829990466, 0.005822749115337221, 0.0, 0.0, 0.0, 0.005822749115337221, 0.0, 0.31938674423618657], [0.8645303213701484, 0.08014040494639005, 0.04409416024973024, 0.02663257753747089, 0.05655040915080017, -0.05723627092952231, 0.0, 0.0, 0.0, 0.0, -0.05723627092952231, 0.09574973547696856], [0.05715439293823987, -0.002261445952640051, -0.0006280562488490959, -0.0001729768254820352, -0.000679900455840543, 1.1082577873586672, 0.10573671183346534, 0.09274998584866267, 0.3195327330235571, 0.319386744236148, 0.09574973547697319, -38.06260556201778]]) ; se_all=(array([0.03566737, 0.15358105, 0.20151964, 0.24899981, 0.17821113,
              nan, 5.47194207,        nan,        nan,        nan,
              nan, 0.1529451 ])) ; se_x_mu=(array([0.03566737, 0.15358105, 0.20151964, 0.24899981, 0.17821113]))"
143	Sox17_chr1_83	"NaNs in SEs; H=np.array([[-95.6391097953858, -29.61719814928117, -13.413017299720964, -34.26157744919079, 2.164398431399317, 0.6212259371097845, 0.1871288827170492, 0.20953911790846952, 0.589435635973791, 0.20241942183613001, -0.00601810096574803], [-29.61719814928117, -29.61719814928117, 0.0, 0.0, 0.6731472556523947, 0.19313939623108864, 0.05306764887288599, 0.06481088325067179, 0.18085229796758284, 0.06423039260408106, -0.0029719167802829405], [-13.413017299720964, 0.0, -13.413017299720964, 0.0, 0.30465110242389193, 0.08944188120554689, 0.02743395004423728, 0.030643222929053353, 0.08511499480912448, 0.02737688328257248, -0.0005408756313490795], [-34.26157744919079, 0.0, 0.0, -34.26157744919079, 0.7693107636724565, 0.22294612570642763, 0.07104594681691184, 0.0737825570800958, 0.20315370113674378, 0.07254697599886928, -0.0023063890410068844], [2.1643984313993188, 0.6731472556523949, 0.30465110242389193, 0.7693107636724565, 0.09905182814680333, 0.12678377341255886, -0.04765193970784372, -0.009323865691429747, 0.006986901314317381, -0.05511186634986282, 0.09197448039588459], [0.6212259371097846, 0.1931393962310887, 0.08944188120554694, 0.22294612570642763, 0.12678377341255886, 0.12678377341255886, 0.0, 0.0, 0.0, 0.0, 0.026449704864431774], [0.1871288827170492, 0.05306764887288599, 0.02743395004423728, 0.07104594681691188, -0.04765193970784372, 0.0, -0.04765193970784372, 0.0, 0.0, 0.0, 0.007781973294476147], [0.2095391179084696, 0.06481088325067179, 0.030643222929053353, 0.07378255708009585, -0.009323865691429747, 0.0, 0.0, -0.009323865691429747, 0.0, 0.0, 0.008875114444162403], [0.589435635973791, 0.18085229796758284, 0.08511499480912448, 0.20315370113674378, 0.006986901314317381, 0.0, 0.0, 0.0, 0.006986901314317381, 0.0, 0.024788560036870223], [0.20241942183613004, 0.06423039260408107, 0.02737688328257248, 0.07254697599886928, -0.05511186634986282, 0.0, 0.0, 0.0, 0.0, -0.05511186634986282, 0.008677600264904604], [-0.006018100966035722, -0.002971916780295944, -0.0005408756313647692, -0.002306389041028589, 0.0919744803958622, 0.026449704864425883, 0.007781973294469502, 0.008875114444165444, 0.024788560036860474, 0.008677600264910268, -3.4932708920678124]]) ; se_all=(array([0.22494915, 0.29706374, 0.35923999, 0.28922998,        nan,
              nan, 2.9293577 , 9.97913758,        nan, 2.38983466,
       0.53075337])) ; se_x_mu=(array([0.22494915, 0.29706374, 0.35923999, 0.28922998]))"
144	Col1a1_chr11_15258	ok
145	Col1a1_chr11_15259	"NaNs in SEs; H=np.array([[-1177.6592554105098, -89.5559690119099, -188.16981166662967, -22.297222328508866, -35.96143246223282, -298.76802346107144, -91.90738783147088, -51.379911651175924, -34.89202518987994, 72.72351976329418, 1.981597997499254, 38.99263142324558, 2.216900599461733, 2.922143257876752, 16.086498597283157, 0.5691952939296264], [-89.5559690119099, -89.5559690119099, 0.0, 0.0, 0.0, 0.0, 0.0, 0.0, 0.0, 5.78551479266918, 0.14586020310633935, 3.142435648735206, 0.1711249249697733, 0.1964753925956456, 1.3214415915793278, 0.025159591456230535], [-188.16981166662967, 0.0, -188.16981166662967, 0.0, 0.0, 0.0, 0.0, 0.0, 0.0, 11.599678910385547, 0.31895152629158796, 6.304255044265237, 0.3478397783386106, 0.4852724797947924, 2.4506875814021853, 0.10954128620223105], [-22.297222328508866, 0.0, 0.0, -22.297222328508866, 0.0, 0.0, 0.0, 0.0, 0.0, 1.2794222820870313, 0.03715710466618068, 0.6542045254375418, 0.0437215187436765, 0.06382819120530421, 0.29228215813182806, 0.0008427875510115569], [-35.96143246223282, 0.0, 0.0, 0.0, -35.96143246223282, 0.0, 0.0, 0.0, 0.0, 2.189921314720162, 0.06772551623340048, 1.2510964836392688, 0.0671237722050844, 0.09913358537126125, 0.4189123605923713, 0.014541523732155316], [-298.76802346107144, 0.0, 0.0, 0.0, 0.0, -298.76802346107144, 0.0, 0.0, 0.0, 18.533298983888283, 0.48883433496389467, 9.95841687597793, 0.6071890143661927, 0.7090545226127057, 4.255330863157384, 0.1746969235185968], [-91.90738783147088, 0.0, 0.0, 0.0, 0.0, 0.0, -91.90738783147088, 0.0, 0.0, 5.708996878126343, 0.16101041887564008, 3.04225777935484, 0.16974892601634506, 0.21858465892221007, 1.3151591625793067, 0.007683558482242003], [-51.379911651175924, 0.0, 0.0, 0.0, 0.0, 0.0, 0.0, -51.379911651175924, 0.0, 3.101632766030757, 0.09031551979663781, 1.5876604460911827, 0.08750762980694293, 0.13407794214478755, 0.747726766759102, 0.017239362557155323], [-34.89202518987994, 0.0, 0.0, 0.0, 0.0, 0.0, 0.0, 0.0, -34.89202518987994, 2.1377987909293164, 0.05857668941891769, 1.1678408885326597, 0.06782104642043542, 0.09034298276427079, 0.4512537954859379, 0.0013721816671636335], [72.72351976329418, 5.785514792669179, 11.599678910385547, 1.2794222820870313, 2.1899213147201606, 18.533298983888283, 5.708996878126343, 3.101632766030758, 2.1377987909293164, -12.43430633689986, -0.14584185825641297, -10.635371721177846, -0.028758892648007215, -0.024406549290840678, -1.528346466719806, 6.2023817040404765], [1.981597997499254, 0.14586020310633935, 0.31895152629158796, 0.03715710466618068, 0.06772551623340047, 0.4888343349638948, 0.16101041887564, 0.09031551979663781, 0.05857668941891769, -0.14584185825641297, -0.14584185825641297, 0.0, 0.0, 0.0, 0.0, 0.16856115713334593], [38.99263142324558, 3.142435648735206, 6.304255044265237, 0.6542045254375418, 1.2510964836392688, 9.95841687597793, 3.04225777935484, 1.5876604460911832, 1.1678408885326597, -10.635371721177846, 0.0, -10.635371721177846, 0.0, 0.0, 0.0, 3.3257055854643043], [2.2169005994617343, 0.17112492496977333, 0.3478397783386106, 0.0437215187436765, 0.0671237722050844, 0.6071890143661931, 0.16974892601634506, 0.08750762980694293, 0.0678210464204354, -0.028758892648007215, 0.0, 0.0, -0.028758892648007215, 0.0, 0.0, 0.18888739541151528], [2.922143257876752, 0.1964753925956456, 0.4852724797947924, 0.06382819120530421, 0.09913358537126125, 0.709054522612706, 0.21858465892221007, 0.13407794214478755, 0.09034298276427076, -0.024406549290840678, 0.0, 0.0, 0.0, -0.024406549290840678, 0.0, 0.2497140034537888], [16.086498597283157, 1.3214415915793278, 2.4506875814021853, 0.292282158131828, 0.41891236059237114, 4.255330863157386, 1.3151591625793067, 0.747726766759102, 0.4512537954859379, -1.528346466719806, 0.0, 0.0, 0.0, 0.0, -1.528346466719806, 1.3661506917720259], [0.5691952939292406, 0.02515959145623059, 0.10954128620217318, 0.0008427875510103044, 0.014541523732159667, 0.17469692351861354, 0.007683558482220132, 0.01723936255715519, 0.001372181667156691, 6.2023817040401354, 0.16856115713337516, 3.3257055854645614, 0.1888873954114807, 0.24971400345384254, 1.3661506917718782, -70.68321719196865]]) ; se_all=(array([0.03601621, 0.1179572 , 0.08976055, 0.21817927, 0.17480648,
       0.07805641, 0.11671617, 0.14902021, 0.17721209,        nan,
       2.77802817,        nan, 6.72177099, 7.37905413, 0.95193142,
       0.10675172])) ; se_x_mu=(array([0.03601621, 0.1179572 , 0.08976055, 0.21817927, 0.17480648,
       0.07805641, 0.11671617, 0.14902021, 0.17721209]))"
146	Igfbp4_chr11_16735	"NaNs in SEs; H=np.array([[-1955.952946502713, -389.74198985519513, -48.44775506906523, -105.50952563661858, -44.09244970983154, -124.41379354750269, -173.7887558398277, -100.28627305523479, 98.79628900554604, 3.2364647714457084, 32.709646495350064, 12.115475474720723, 26.337553053074927, 13.196289957496772, 16.776607367240466], [-389.74198985519513, -389.74198985519513, 0.0, 0.0, 0.0, 0.0, 0.0, 0.0, 19.403827018421893, 0.6989654649009799, 6.2382903178389855, 2.5008211166608665, 5.144927588080117, 2.627506312159438, 4.054544073377554], [-48.44775506906523, 0.0, -48.44775506906523, 0.0, 0.0, 0.0, 0.0, 0.0, 2.5608235378050668, 0.07122496291503556, 0.8337571486397038, 0.33379263889336186, 0.7332088581268146, 0.329417159780487, -0.000857050508871777], [-105.50952563661858, 0.0, 0.0, -105.50952563661858, 0.0, 0.0, 0.0, 0.0, 5.3436539928022775, 0.17648545602721277, 1.571167407959017, 0.6994580063485923, 1.601185579021769, 0.7415387503753459, 0.031409884485640305], [-44.09244970983154, 0.0, 0.0, 0.0, -44.09244970983154, 0.0, 0.0, 0.0, 2.4149200501555574, 0.05475492938184248, 0.9126048507472698, 0.3085097859911303, 0.5961501337436618, 0.2608573772239758, 0.027822285310248274], [-124.41379354750269, 0.0, 0.0, 0.0, 0.0, -124.41379354750269, 0.0, 0.0, 6.36554246969092, 0.2217608277068728, 2.0238797803714843, 0.7514329561632364, 1.8411144145755503, 0.8342841408019884, 0.001399915712129815], [-173.7887558398277, 0.0, 0.0, 0.0, 0.0, 0.0, -173.7887558398277, 0.0, 8.896618799213812, 0.2880868184120678, 3.013813634920887, 1.0945942981715095, 2.291632882866512, 1.1487513394880335, 0.015625562079088454], [-100.28627305523479, 0.0, 0.0, 0.0, 0.0, 0.0, 0.0, -100.28627305523479, 5.140822186296643, 0.16242226854808545, 1.6985403933556384, 0.6668461618149427, 1.358639293021127, 0.7009401657523716, 0.004819775791884768], [98.79628900554604, 19.403827018421886, 2.5608235378050668, 5.3436539928022775, 2.4149200501555574, 6.36554246969092, 8.896618799213812, 5.140822186296642, -14.191204508442722, -0.09807377049640262, -7.259413701682149, -0.7801702556694984, -4.660521125903528, -0.9879134109287476, 61.27756695388232], [3.2364647714457093, 0.6989654649009797, 0.07122496291503556, 0.17648545602721277, 0.05475492938184248, 0.2217608277068728, 0.2880868184120678, 0.16242226854808542, -0.09807377049640262, -0.09807377049640262, 0.0, 0.0, 0.0, 0.0, 2.0249379506316436], [32.70964649535006, 6.238290317838982, 0.8337571486397038, 1.571167407959017, 0.9126048507472698, 2.0238797803714843, 3.013813634920887, 1.6985403933556387, -7.259413701682149, 0.0, -7.259413701682149, 0.0, 0.0, 0.0, 20.40644294697629], [12.115475474720723, 2.500821116660866, 0.33379263889336186, 0.6994580063485923, 0.30850978599113027, 0.7514329561632359, 1.0945942981715093, 0.6668461618149429, -0.7801702556694984, 0.0, 0.0, -0.7801702556694984, 0.0, 0.0, 7.433317003654372], [26.337553053074924, 5.144927588080114, 0.7332088581268146, 1.601185579021769, 0.5961501337436618, 1.8411144145755503, 2.291632882866512, 1.358639293021127, -4.660521125903528, 0.0, 0.0, 0.0, -4.660521125903528, 0.0, 16.148264570983862], [13.196289957496772, 2.6275063121594378, 0.329417159780487, 0.7415387503753459, 0.2608573772239758, 0.8342841408019885, 1.1487513394880335, 0.7009401657523722, -0.9879134109287476, 0.0, 0.0, 0.0, 0.0, -0.9879134109287476, 8.249522094798671], [16.77660736724134, 4.05454407337756, -0.000857050508854873, 0.03140988448563853, 0.027822285310252992, 0.0013999157120467842, 0.015625562079185418, 0.004819775791888858, 61.27756695388251, 2.0249379506316334, 20.406442946976398, 7.4333170036543805, 16.148264570983955, 8.249522094798714, -736.0775574641102]]) ; se_all=(array([       nan, 0.05998188, 0.14722376, 0.10252654, 0.15399569,
       0.09523665, 0.08237572, 0.10489866,        nan, 3.5271639 ,
              nan, 1.5943898 ,        nan, 1.35671344,        nan])) ; se_x_mu=(array([       nan, 0.05998188, 0.14722376, 0.10252654, 0.15399569,
       0.09523665, 0.08237572, 0.10489866]))"
147	Foxa2_chr2_13862	ok
148	Gata4_chr14_5776	"NaNs in SEs; H=np.array([[-686.363824624038, -71.52206872985302, -205.87158494027457, -125.64097690699087, -17.95111601593985, -23.31679397107952, -44.48811011753735, -3.9174815097952824, 11.147396520914223, 3.219408189958633, 2.1879950209476235, 1.9483673816896352, 0.9974476436794326, 1.0132449665212633, 0.08430250894314664], [-71.52206872985302, -71.52206872985302, 0.0, 0.0, 0.0, 0.0, 0.0, 0.0, 1.15744102467317, 0.30691638278130345, 0.25320594351290193, 0.20763068211216884, 0.10387566812536508, 0.10028831548006605, -0.0042859599529526254], [-205.87158494027457, 0.0, -205.87158494027457, 0.0, 0.0, 0.0, 0.0, 0.0, 3.337978620891026, 0.9576883239562985, 0.6367739745095237, 0.615289916533787, 0.2993376540690704, 0.30192364317825815, 0.06277763676545561], [-125.64097690699087, 0.0, 0.0, -125.64097690699087, 0.0, 0.0, 0.0, 0.0, 2.031190570758044, 0.5749877049372579, 0.422922722136803, 0.3431202267390581, 0.18538951338351797, 0.1898278595553588, 0.016313276850176278], [-17.95111601593985, 0.0, 0.0, 0.0, -17.95111601593985, 0.0, 0.0, 0.0, 0.3045292313361339, 0.10573238439439611, 0.05217833211931954, 0.056463654157628274, 0.021284615554616942, 0.024577504831589197, -0.001100832388077351], [-23.31679397107952, 0.0, 0.0, 0.0, 0.0, -23.31679397107952, 0.0, 0.0, 0.37263666926128963, 0.10333034413452795, 0.06926228736561917, 0.06825606865532063, 0.03644245138977989, 0.03562102510750635, -0.0005577090185275141], [-44.48811011753735, 0.0, 0.0, 0.0, 0.0, 0.0, -44.48811011753735, 0.0, 0.7222648262811306, 0.22269968817926167, 0.12061216504973062, 0.13266704754475822, 0.06755632593058106, 0.0675108404753378, -0.001811771054641767], [-3.9174815097952824, 0.0, 0.0, 0.0, 0.0, 0.0, 0.0, -3.9174815097952824, 0.06248088311838347, 0.017653464154354, 0.010843562716394065, 0.012135026181086814, 0.0069811606666705574, 0.005329071274622384, -6.225856424499224e-05], [11.147396520914223, 1.1574410246731701, 3.3379786208910267, 2.031190570758045, 0.3045292313361339, 0.37263666926128963, 0.7222648262811306, 0.06248088311838347, -0.08114161042520818, 0.08320562832482141, -0.047903435052199, -0.04019287773676084, -0.0811657728351121, -0.0482067871574164, 2.0326987333709705], [3.219408189958633, 0.30691638278130345, 0.9576883239562985, 0.5749877049372578, 0.10573238439439611, 0.10333034413452795, 0.22269968817926167, 0.017653464154354, 0.08320562832482141, 0.08320562832482141, 0.0, 0.0, 0.0, 0.0, 0.5835885544421248], [2.1879950209476235, 0.25320594351290193, 0.6367739745095237, 0.422922722136803, 0.05217833211931954, 0.06926228736561921, 0.12061216504973062, 0.010843562716394068, -0.047903435052199, 0.0, -0.047903435052199, 0.0, 0.0, 0.0, 0.4009416989489472], [1.9483673816896356, 0.207630682112169, 0.6152899165337872, 0.3431202267390583, 0.056463654157628274, 0.06825606865532065, 0.13266704754475822, 0.012135026181086814, -0.04019287773676084, 0.0, 0.0, -0.04019287773676084, 0.0, 0.0, 0.35806568720924675], [0.9974476436794327, 0.10387566812536511, 0.2993376540690704, 0.185389513383518, 0.021284615554616942, 0.03644245138977989, 0.06755632593058106, 0.0069811606666705574, -0.0811657728351121, 0.0, 0.0, 0.0, -0.0811657728351121, 0.0, 0.18185452744471328], [1.013244966521264, 0.10028831548006605, 0.30192364317825815, 0.1898278595553588, 0.024577504831589197, 0.03562102510750635, 0.0675108404753378, 0.005329071274622385, -0.0482067871574164, 0.0, 0.0, 0.0, 0.0, -0.0482067871574164, 0.1849606002447785], [0.0843025089431979, -0.004285959952933405, 0.06277763676534076, 0.016313276850190905, -0.0011008323880796062, -0.0005577090185211464, -0.0018117710546030064, -6.225856424507334e-05, 2.0326987333709496, 0.5835885544421302, 0.4009416989489534, 0.35806568720922627, 0.1818545274447123, 0.1849606002447901, -88.97958348240218]]) ; se_all=(array([0.0721947 , 0.13838717, 0.10012301, 0.1145589 , 0.24671026,
       0.21921178, 0.16627821, 0.51033262,        nan,        nan,
       3.8199803 , 4.41489169,        nan, 2.80151003, 0.10705284])) ; se_x_mu=(array([0.0721947 , 0.13838717, 0.10012301, 0.1145589 , 0.24671026,
       0.21921178, 0.16627821, 0.51033262]))"
149	Igfbp4_chr11_16716	"NaNs in SEs; H=np.array([[-993.4046750539655, -95.92191852973663, -92.52934826774793, -41.78986677963169, -83.3096862945567, -94.39512800948066, -71.220255751283, -29.652733724151016, 95.37029064277183, 23.953774989961683, 19.76548100945028, 18.554570639333505, 6.204635515230355, 20.126651279756597, 2.73710346967578], [-95.92191852973663, -95.92191852973663, 0.0, 0.0, 0.0, 0.0, 0.0, 0.0, 9.335988549879989, 2.152998715163562, 1.9080319755725699, 1.8104093989216747, 0.5589837526013316, 2.2398202758102794, 0.06783307382796247], [-92.52934826774793, 0.0, -92.52934826774793, 0.0, 0.0, 0.0, 0.0, 0.0, 9.090415394626051, 2.3570377303065495, 1.83262657174385, 1.773222817195389, 0.581385625362572, 1.9789390459796843, 0.026970997322268542], [-41.78986677963169, 0.0, 0.0, -41.78986677963169, 0.0, 0.0, 0.0, 0.0, 4.0193530651629095, 1.1490368137917109, 0.9024715400552682, 0.7854150731304964, 0.28325915367191545, 0.6142396428268975, 0.06387253890724738], [-83.3096862945567, 0.0, 0.0, 0.0, -83.3096862945567, 0.0, 0.0, 0.0, 8.026500771034433, 2.025222886234761, 1.6456395143748246, 1.5247330253547344, 0.5365193731956667, 1.7365685068446395, 0.003776374765956471], [-94.39512800948066, 0.0, 0.0, 0.0, 0.0, -94.39512800948066, 0.0, 0.0, 9.023896512996863, 2.271727180281531, 1.7460465880097713, 1.8103562876258212, 0.6108193004694965, 1.9278546949667932, 0.005867162962524876], [-71.220255751283, 0.0, 0.0, 0.0, 0.0, 0.0, -71.220255751283, 0.0, 6.948811709075644, 1.8273875291820303, 1.3010031901837162, 1.3949223984698431, 0.4616535836763177, 1.5565777903002251, 0.141205709237177], [-29.652733724151016, 0.0, 0.0, 0.0, 0.0, 0.0, 0.0, -29.652733724151016, 2.831260548848221, 0.7401072298514098, 0.5241050940744929, 0.5759657374288233, 0.20875629179334804, 0.5888226489526738, -0.0002846531116959593], [95.37029064277192, 9.335988549879989, 9.090415394626051, 4.0193530651629095, 8.026500771034433, 9.023896512996863, 6.948811709075644, 2.8312605488482205, -14.443693333560974, -4.599841780930381, -3.1383771646993, -2.749574431059616, 0.023775124031488327, -3.2497533112674843, 19.789741698332104], [23.953774989961683, 2.152998715163562, 2.3570377303065495, 1.1490368137917106, 2.025222886234761, 2.271727180281531, 1.8273875291820314, 0.7401072298514098, -4.599841780930381, -4.599841780930381, 0.0, 0.0, 0.0, 0.0, 4.947997477789958], [19.76548100945028, 1.9080319755725699, 1.8326265717438512, 0.9024715400552682, 1.6456395143748241, 1.7460465880097713, 1.3010031901837162, 0.5241050940744929, -3.1383771646993, 0.0, -3.1383771646993, 0.0, 0.0, 0.0, 4.184652293878582], [18.554570639333505, 1.8104093989216747, 1.773222817195389, 0.7854150731304964, 1.5247330253547344, 1.8103562876258212, 1.3949223984698431, 0.5759657374288226, -2.749574431059616, 0.0, 0.0, -2.749574431059616, 0.0, 0.0, 3.831998031181665], [6.204635515230355, 0.5589837526013316, 0.581385625362572, 0.2832591536719154, 0.5365193731956667, 0.6108193004694965, 0.4616535836763177, 0.20875629179334804, 0.023775124031488327, 0.0, 0.0, 0.0, 0.023775124031488327, 0.0, 1.2773400164863697], [20.126651279756615, 2.23982027581028, 1.9789390459796843, 0.6142396428268975, 1.7365685068446395, 1.9278546949667932, 1.5565777903002247, 0.5888226489526738, -3.2497533112674843, 0.0, 0.0, 0.0, 0.0, -3.2497533112674843, 4.114393882253863], [2.7371034696748637, 0.06783307382792714, 0.026970997322228296, 0.06387253890724365, 0.00377637476592918, 0.005867162962507333, 0.14120570923718345, -0.0002846531116931228, 19.789741698332136, 4.947997477789869, 4.184652293878571, 3.83199803118184, 1.2773400164864057, 4.114393882253893, -142.94617916663356]]) ; se_all=(array([0.0404326 , 0.11177848, 0.11346382, 0.16125517, 0.1186079 ,
       0.11251345, 0.12692837, 0.18918387, 1.19102774, 1.26391426,
       1.3014722 , 1.31830597,        nan, 1.29769421, 0.07786549])) ; se_x_mu=(array([0.0404326 , 0.11177848, 0.11346382, 0.16125517, 0.1186079 ,
       0.11251345, 0.12692837, 0.18918387]))"
150	Lama1_chr17_7874	"NaNs in SEs; H=np.array([[-567.4381941094466, -81.35851380212728, -99.62379189468385, -15.866702658493418, 9.774491513097056, 2.7758636569009387, 2.894507036935405, 0.7687083867477721, 0.997316922774534, 0.8745499909238913, 0.7547834835551572], [-81.35851380212728, -81.35851380212728, 0.0, 0.0, 1.3863306246162983, 0.3883917843280234, 0.39320249900543636, 0.11786193986437749, 0.1451717252769911, 0.10960571135738735, 0.04213760950703102], [-99.62379189468385, 0.0, -99.62379189468385, 0.0, 1.7365311883934325, 0.4756153537738875, 0.5492342514503344, 0.14663096403708112, 0.15876643827728024, 0.13906811570354644, 0.04760344374563294], [-15.866702658493418, 0.0, 0.0, -15.866702658493418, 0.27271366718109935, 0.06976098595669918, 0.08605869038513564, 0.022748542330179637, 0.026338729720513317, 0.023761772679524885, 0.0009435076434430797], [9.77449151309705, 1.3863306246162983, 1.7365311883934325, 0.2727136671810993, -0.08808792060748778, -0.0781044370224189, 0.07034531078754125, -0.14622740662988645, -0.023708629225415653, -0.10042986784630957, 3.8695542371673564], [2.7758636569009387, 0.3883917843280234, 0.4756153537738875, 0.06976098595669912, -0.0781044370224189, -0.0781044370224189, 0.0, 0.0, 0.0, 0.0, 1.1102285676357238], [2.894507036935405, 0.39320249900543636, 0.5492342514503344, 0.08605869038513564, 0.07034531078754125, 0.0, 0.07034531078754125, 0.0, 0.0, 0.0, 1.1371749442960843], [0.7687083867477721, 0.11786193986437749, 0.14663096403708112, 0.022748542330179637, -0.14622740662988645, 0.0, 0.0, -0.14622740662988645, 0.0, 0.0, 0.2974521026899689], [0.997316922774534, 0.1451717252769911, 0.15876643827728018, 0.026338729720513317, -0.023708629225415653, 0.0, 0.0, 0.0, -0.023708629225415653, 0.0, 0.40052481749427316], [0.8745499909238912, 0.10960571135738735, 0.13906811570354644, 0.023761772679524885, -0.10042986784630957, 0.0, 0.0, 0.0, 0.0, -0.10042986784630957, 0.3566768152380995], [0.7547834835555292, 0.04213760950704881, 0.04760344374559711, 0.000943507643434649, 3.8695542371673355, 1.110228567635727, 1.1371749442960768, 0.2974521026899688, 0.4005248174942704, 0.3566768152381008, -163.46527814246292]]) ; se_all=(array([0.05295624, 0.1224332 , 0.11287255, 0.25638359,        nan,
       3.60848386,        nan, 1.43516889, 6.64879455, 2.34204743,
       0.07933229])) ; se_x_mu=(array([0.05295624, 0.1224332 , 0.11287255, 0.25638359]))"
151	Sox2_chr3_2008	"NaNs in SEs; H=np.array([[-770.6493613229155, -90.33947765429504, -44.82061118756013, -23.462794481778317, -40.46035198480076, -42.40566358042085, 13.516140789789263, 3.735239860335969, 3.913808710337578, 1.3060823477083199, 1.2459604600067604, 1.1515534326900818, 0.4196502558646913], [-90.33947765429504, -90.33947765429504, 0.0, 0.0, 0.0, 0.0, 1.5791516689730476, 0.42550483306324594, 0.44682306629486657, 0.15884207914626441, 0.13765557420266356, 0.13869894232561358, -0.0016929881412246495], [-44.82061118756013, 0.0, -44.82061118756013, 0.0, 0.0, 0.0, 0.7879999291629937, 0.2311139728156184, 0.21952378800546082, 0.06912299052524974, 0.07685483730338245, 0.06953148266548899, -0.0016734538871931368], [-23.462794481778317, 0.0, 0.0, -23.462794481778317, 0.0, 0.0, 0.41110075928285444, 0.11830175990018994, 0.11581887882788855, 0.03806400313808138, 0.03759443802385303, 0.03856897299793765, -0.0003754133065320324], [-40.46035198480076, 0.0, 0.0, 0.0, -40.46035198480076, 0.0, 0.7141519436759963, 0.21706210492070482, 0.19322363841890736, 0.06487325237067045, 0.0655459936189829, 0.06427163049854016, -0.0009896730750964654], [-42.40566358042085, 0.0, 0.0, 0.0, 0.0, -42.40566358042085, 0.741904761097712, 0.22104673973707004, 0.2011491508156057, 0.07591842216609053, 0.06252420344234803, 0.07021521482368649, -0.001454361248676545], [13.516140789789265, 1.5791516689730476, 0.7879999291629932, 0.41110075928285444, 0.7141519436759962, 0.7419047610977118, -0.06287556305472758, 0.11171199378937512, -0.08364345710371246, -0.038278842274515945, -0.09290738792846612, -0.1588351588283104, 3.4090248135852046], [3.73523986033597, 0.42550483306324594, 0.2311139728156184, 0.11830175990018994, 0.21706210492070482, 0.22104673973707004, 0.11171199378937512, 0.11171199378937512, 0.0, 0.0, 0.0, 0.0, 0.927648415004642], [3.913808710337578, 0.4468230662948665, 0.21952378800546055, 0.11581887882788856, 0.19322363841890736, 0.2011491508156057, -0.08364345710371246, 0.0, -0.08364345710371246, 0.0, 0.0, 0.0, 1.0018724490988058], [1.3060823477083197, 0.15884207914626444, 0.06912299052524966, 0.03806400313808138, 0.06487325237067045, 0.07591842216609053, -0.038278842274515945, 0.0, 0.0, -0.038278842274515945, 0.0, 0.0, 0.33069692893698704], [1.24596046000676, 0.13765557420266356, 0.07685483730338245, 0.037594438023853045, 0.0655459936189829, 0.06252420344234803, -0.09290738792846612, 0.0, 0.0, 0.0, -0.09290738792846612, 0.0, 0.3168006132259107], [1.1515534326900818, 0.1386989423256136, 0.06953148266548899, 0.038568972997937656, 0.06427163049854016, 0.07021521482368649, -0.1588351588283104, 0.0, 0.0, 0.0, 0.0, -0.1588351588283104, 0.2843048198583394], [0.4196502558653359, -0.001692988141246965, -0.0016734538871963078, -0.0003754133065577703, -0.0009896730750889038, -0.0014543612487000757, 3.4090248135851198, 0.92764841500464, 1.001872449098876, 0.33069692893699454, 0.31680061322590625, 0.2843048198583258, -134.91337382211714]]) ; se_all=(array([0.0461585 , 0.11384225, 0.15557351, 0.21097808, 0.16311944,
       0.15960795,        nan,        nan, 3.77562053, 5.05335464,
       2.65203721, 1.40983617, 0.08891279])) ; se_x_mu=(array([0.0461585 , 0.11384225, 0.15557351, 0.21097808, 0.16311944,
       0.15960795]))"
152	Col1a2_chr6_88	"NaNs in SEs; H=np.array([[-186.3102957349872, -15.698239145724045, -50.554899368861456, -23.691443460410103, 3.1971561302111287, 0.8767993564453973, 0.8619641534732491, 0.29763677912540526, 0.336949159809107, 0.3183827449373889, 0.003552521283834124], [-15.698239145724045, -15.698239145724045, 0.0, 0.0, 0.26891952480933273, 0.06474554310376253, 0.08126631204849241, 0.02573226704606411, 0.0276527099274995, 0.026955763123751038, 0.00017622860027032158], [-50.554899368861456, 0.0, -50.554899368861456, 0.0, 0.867350117754568, 0.2321987278919695, 0.23656670132724592, 0.07739237996141433, 0.09725673282657658, 0.08411999228088052, 0.000916338791200344], [-23.691443460410103, 0.0, 0.0, -23.691443460410103, 0.40939335977898844, 0.1133992487805591, 0.11129451728846562, 0.03878176204768944, 0.04189219014983245, 0.038323928508589906, 0.00017293314284188806], [3.1971561302111287, 0.268919524809333, 0.867350117754568, 0.40939335977898844, 0.0545828225211357, 0.07518761754112424, 0.042055902213892285, -0.047997489916006025, -0.009869120012921187, -0.03193670768269179, 0.05544089584771307], [0.8767993564453972, 0.06474554310376253, 0.2321987278919693, 0.1133992487805591, 0.07518761754112424, 0.07518761754112424, 0.0, 0.0, 0.0, 0.0, 0.015366110532214247], [0.8619641534732491, 0.08126631204849243, 0.23656670132724592, 0.11129451728846562, 0.042055902213892285, 0.0, 0.042055902213892285, 0.0, 0.0, 0.0, 0.014781582940243568], [0.29763677912540526, 0.02573226704606411, 0.07739237996141435, 0.03878176204768947, -0.047997489916006025, 0.0, 0.0, -0.047997489916006025, 0.0, 0.0, 0.00517190308905561], [0.336949159809107, 0.02765270992749951, 0.09725673282657658, 0.04189219014983245, -0.009869120012921187, 0.0, 0.0, 0.0, -0.009869120012921187, 0.0, 0.0058183570531460255], [0.3183827449373889, 0.026955763123751045, 0.08411999228088052, 0.03832392850858991, -0.03193670768269179, 0.0, 0.0, 0.0, 0.0, -0.03193670768269179, 0.005581939498990918], [0.0035525212831946096, 0.00017622860027646792, 0.000916338791207838, 0.0001729331428535763, 0.055440895848065, 0.015366110532216481, 0.014781582940337046, 0.00517190308906379, 0.005818357053152923, 0.005581939498989996, -2.1219035268495645]]) ; se_all=(array([0.09924682, 0.27214112, 0.17366223, 0.22931602,        nan,
              nan,        nan,        nan, 8.84631443,        nan,
       0.68559593])) ; se_x_mu=(array([0.09924682, 0.27214112, 0.17366223, 0.22931602]))"
153	Igfbp4_chr11_16738	ok
154	Klf4_chr4_3946	"NaNs in SEs; H=np.array([[-1034.839421803121, -193.38912152640728, -68.0321699357122, -43.36301466867888, -18.138529218987035, -111.95103428806793, -104.02381949118592, -40.951990058639936, -25.646618187600822, 11.850234913373574, 1.3701175008670767, 1.488666923500931, 3.4564691936006318, 1.575872981085882, 1.726702636990313, 0.015385946453613991], [-193.38912152640728, -193.38912152640728, 0.0, 0.0, 0.0, 0.0, 0.0, 0.0, 0.0, 2.215246939472055, 0.27508738190194243, 0.2682398690447672, 0.6584921969775165, 0.2701568960332192, 0.33976333684253884, 0.002927081876362439], [-68.0321699357122, 0.0, -68.0321699357122, 0.0, 0.0, 0.0, 0.0, 0.0, 0.0, 0.7817813263219039, 0.08662469552019783, 0.0951160491978636, 0.23109555086138295, 0.10738450346654373, 0.11753976732025692, -0.0007268438324682815], [-43.36301466867888, 0.0, 0.0, -43.36301466867888, 0.0, 0.0, 0.0, 0.0, 0.0, 0.49807431461312207, 0.058764225544928744, 0.06276905317298, 0.1501468884835444, 0.06578052178149717, 0.06993223920642434, -0.0004239817854329673], [-18.138529218987035, 0.0, 0.0, 0.0, -18.138529218987035, 0.0, 0.0, 0.0, 0.0, 0.2058208051714901, 0.022303461497313708, 0.028510378808526707, 0.056258089263734073, 0.026486047098977145, 0.03215975078196298, -0.00019462132739887783], [-111.95103428806793, 0.0, 0.0, 0.0, 0.0, -111.95103428806793, 0.0, 0.0, 0.0, 1.275044654623422, 0.1515483049670059, 0.1634476323242449, 0.36358282703314293, 0.1730848515362286, 0.18852017271406263, -0.0012375057026073936], [-104.02381949118592, 0.0, 0.0, 0.0, 0.0, 0.0, -104.02381949118592, 0.0, 0.0, 1.1943929512585825, 0.13366332969366293, 0.15254204356949164, 0.34853426741773963, 0.15917177114054468, 0.16662218488091374, -0.0010300251875231944], [-40.951990058639936, 0.0, 0.0, 0.0, 0.0, 0.0, 0.0, -40.951990058639936, 0.0, 0.47022636125070766, 0.05002707343645352, 0.06281714692822388, 0.13420707596908912, 0.06019184789417881, 0.06651613859023765, -0.0004922182931667365], [-25.646618187600822, 0.0, 0.0, 0.0, 0.0, 0.0, 0.0, 0.0, -25.646618187600822, 0.2945394406855639, 0.036246461767139596, 0.033973218505690884, 0.086771275591562, 0.03971858422221556, 0.04044281449470596, -0.00011588555600215711], [11.850234913373574, 2.2152469394720553, 0.7817813263219039, 0.4980743146131221, 0.2058208051714901, 1.275044654623422, 1.1943929512585825, 0.47022636125070766, 0.2945394406855639, -0.08555975329106963, -0.08570132132518042, -0.03539256036076331, -0.04111496844079719, -0.02894945217596939, -0.026467688591109477, 0.690777750153767], [1.370117500867077, 0.2750873819019427, 0.08662469552019782, 0.058764225544928744, 0.022303461497313708, 0.1515483049670059, 0.13366332969366293, 0.05002707343645352, 0.036246461767139596, -0.08570132132518042, -0.08570132132518042, 0.0, 0.0, 0.0, 0.0, 0.0803321024601827], [1.488666923500931, 0.2682398690447672, 0.09511604919786355, 0.06276905317298004, 0.028510378808526696, 0.1634476323242449, 0.15254204356949155, 0.06281714692822388, 0.033973218505690884, -0.03539256036076331, 0.0, -0.03539256036076331, 0.0, 0.0, 0.0, 0.08642224811815219], [3.4564691936006318, 0.6584921969775165, 0.23109555086138295, 0.15014688848354443, 0.05625808926373405, 0.3635828270331428, 0.34853426741773963, 0.13420707596908912, 0.086771275591562, -0.04111496844079719, 0.0, 0.0, -0.04111496844079719, 0.0, 0.0, 0.20186944021407935], [1.575872981085882, 0.2701568960332192, 0.10738450346654373, 0.06578052178149717, 0.026486047098977145, 0.1730848515362286, 0.15917177114054468, 0.06019184789417881, 0.03971858422221556, -0.02894945217596939, 0.0, 0.0, 0.0, -0.02894945217596939, 0.0, 0.09135684941564431], [1.726702636990313, 0.33976333684253884, 0.1175397673202569, 0.06993223920642434, 0.03215975078196298, 0.18852017271406263, 0.16662218488091374, 0.06651613859023765, 0.04044281449470596, -0.026467688591109477, 0.0, 0.0, 0.0, 0.0, -0.026467688591109477, 0.10119644219774677], [0.015385946453734256, 0.002927081876378468, -0.0007268438324465887, -0.0004239817854313488, -0.0001946213274040126, -0.001237505702623154, -0.001030025187430783, -0.0004922182931628993, -0.00011588555599087447, 0.6907777501537282, 0.0803321024601793, 0.08642224811817556, 0.20186944021404685, 0.09135684941564648, 0.10119644219774315, -40.53144003730631]]) ; se_all=(array([0.05891085, 0.08661444, 0.13049441, 0.1593457 , 0.23971553,
       0.10612193, 0.10928151, 0.16355033, 0.20327692,        nan,
       2.58764222, 5.38799828, 6.42269377, 6.26035187, 6.81418592,
       0.16497139])) ; se_x_mu=(array([0.05891085, 0.08661444, 0.13049441, 0.1593457 , 0.23971553,
       0.10612193, 0.10928151, 0.16355033, 0.20327692]))"
155	Foxa2_chr2_13818	"NaNs in SEs; H=np.array([[-1195.0664878740379, -22.37741106501442, -496.27399945572716, -160.0632165994222, -37.1585895139591, -20.744766357430326, -45.21681619949101, 38.31484343090979, 1.8382801358822927, 1.7647538568500112, 13.543411210532659, 1.805273193762448, 14.36485929025048, 1.4056500924987128], [-22.37741106501442, -22.37741106501442, 0.0, 0.0, 0.0, 0.0, 0.0, 0.7115709848701375, 0.03337081249525639, 0.035174473097636216, 0.2413824777972645, 0.03418138516654875, 0.2745418715417499, 0.0006412954945207632], [-496.27399945572716, 0.0, -496.27399945572716, 0.0, 0.0, 0.0, 0.0, 15.828669834182177, 0.7552386157406729, 0.7630175487642831, 5.509638638176421, 0.7396600468483914, 6.029059121469399, 1.1332710228025484], [-160.0632165994222, 0.0, 0.0, -160.0632165994222, 0.0, 0.0, 0.0, 5.171517705806928, 0.2728855020415076, 0.19945920202410186, 1.869837843703653, 0.24338753100890886, 1.8775453807790472, 0.08212365437948371], [-37.1585895139591, 0.0, 0.0, 0.0, -37.1585895139591, 0.0, 0.0, 1.1809082957437227, 0.05574751089632885, 0.05590096413266883, 0.4193828783100487, 0.05768432484745516, 0.4328916228339453, 0.0008545352324344029], [-20.744766357430326, 0.0, 0.0, 0.0, 0.0, -20.744766357430326, 0.0, 0.6646422630794093, 0.032002232811055145, 0.03252117203878692, 0.2336552596034267, 0.03086315163958677, 0.2524729105883612, 0.00023274573798862108], [-45.21681619949101, 0.0, 0.0, 0.0, 0.0, 0.0, -45.21681619949101, 1.4532300691805333, 0.06678252898220238, 0.07136056080262194, 0.5108350702942648, 0.06742891495030022, 0.5487545871830368, 0.0020003836144589643], [38.3148434309098, 0.7115709848701373, 15.828669834182177, 5.171517705806929, 1.1809082957437227, 0.6646422630794093, 1.4532300691805333, -2.5387323318900603, -0.06614271408619209, -0.0746460683797642, -1.2106459480733, -0.0838286989482463, -1.1159514900811391, 7.458237405004313], [1.8382801358822927, 0.03337081249525639, 0.755238615740673, 0.2728855020415076, 0.05574751089632885, 0.03200223281105514, 0.06678252898220238, -0.06614271408619209, -0.06614271408619209, 0.0, 0.0, 0.0, 0.0, 0.35738133954411855], [1.764753856850011, 0.035174473097636216, 0.7630175487642831, 0.1994592020241019, 0.05590096413266878, 0.03252117203878692, 0.07136056080262194, -0.0746460683797642, 0.0, -0.0746460683797642, 0.0, 0.0, 0.0, 0.34947790719653743], [13.543411210532659, 0.24138247779726416, 5.509638638176422, 1.8698378437036551, 0.4193828783100487, 0.2336552596034267, 0.5108350702942644, -1.2106459480733, 0.0, 0.0, -1.2106459480733, 0.0, 0.0, 2.6200243063677715], [1.805273193762448, 0.03418138516654874, 0.7396600468483914, 0.24338753100890886, 0.05768432484745516, 0.03086315163958677, 0.06742891495030022, -0.0838286989482463, 0.0, 0.0, 0.0, -0.0838286989482463, 0.0, 0.35001374123418727], [14.36485929025048, 0.2745418715417499, 6.029059121469399, 1.8775453807790472, 0.4328916228339453, 0.2524729105883612, 0.5487545871830368, -1.1159514900811391, 0.0, 0.0, 0.0, 0.0, -1.1159514900811391, 2.815235436935426], [1.4056500924989876, 0.0006412954945324567, 1.1332710228027372, 0.08212365437948632, 0.0008545352324208499, 0.00023274573798820475, 0.002000383614438772, 7.458237405003899, 0.35738133954412454, 0.34947790719650484, 2.6200243063676965, 0.350013741234223, 2.815235436935211, -162.26462239626562]]) ; se_all=(array([0.04482844, 0.21704484, 0.06659657, 0.0931028 , 0.17126548,
       0.22499932, 0.15663922,        nan, 3.06180918, 2.49894355,
              nan, 2.00451239,        nan, 0.07303004])) ; se_x_mu=(array([0.04482844, 0.21704484, 0.06659657, 0.0931028 , 0.17126548,
       0.22499932, 0.15663922]))"
156	Gata4_chr14_5729	"NaNs in SEs; H=np.array([[-917.8960803440344, -36.32524551687727, -674.2968640987606, -148.41897555014276, 19.879290677562413, 4.309454141094715, 4.994031644573053, 1.2359506030208571, 5.185490529800355, 1.981995930917231, 15.405635925863306], [-36.32524551687727, -36.32524551687727, 0.0, 0.0, 0.801940909168192, 0.17796557365173904, 0.18981789252866216, 0.052508887086768326, 0.19297407077365394, 0.08915926781868384, 0.003091025351759022], [-674.2968640987606, 0.0, -674.2968640987606, 0.0, 14.394450384548792, 3.059940542422803, 3.6949695014150854, 0.9040430365733735, 3.8394030675346786, 1.4450691702895413, 15.269338729462689], [-148.41897555014276, 0.0, 0.0, -148.41897555014276, 3.3649222060728556, 0.780139224915503, 0.792663369453011, 0.1966706000962384, 0.8290023123952778, 0.3203336897832695, 0.129420719267893], [19.879290677562413, 0.801940909168192, 14.394450384548792, 3.3649222060728547, -3.03147305818597, -0.7791506956052008, -0.34872281476376404, -0.1933172644987384, -0.7443739065037426, -0.15145213799246163, 42.099551146985185], [4.309454141094715, 0.17796557365173904, 3.059940542422803, 0.7801392249155027, -0.7791506956052008, -0.7791506956052008, 0.0, 0.0, 0.0, 0.0, 8.963451981600638], [4.994031644573053, 0.18981789252866216, 3.6949695014150854, 0.792663369453011, -0.34872281476376404, 0.0, -0.34872281476376404, 0.0, 0.0, 0.0, 10.790811658876532], [1.2359506030208574, 0.052508887086768326, 0.9040430365733736, 0.1966706000962384, -0.1933172644987384, 0.0, 0.0, -0.1933172644987384, 0.0, 0.0, 2.6410883407918995], [5.185490529800354, 0.19297407077365394, 3.8394030675346777, 0.8290023123952778, -0.7443739065037426, 0.0, 0.0, 0.0, -0.7443739065037426, 0.0, 11.213455217028574], [1.981995930917231, 0.08915926781868384, 1.4450691702895413, 0.3203336897832695, -0.15145213799246163, 0.0, 0.0, 0.0, 0.0, -0.15145213799246163, 4.222953210794858], [15.405635925862015, 0.003091025351755816, 15.269338729462323, 0.12942071926800414, 42.09955114698513, 8.963451981600652, 10.790811658876546, 2.6410883407919137, 11.213455217028532, 4.222953210794864, -891.2578910302304]]) ; se_all=(array([0.11978474, 0.21099933, 0.13591131, 0.15404091, 0.85326919,
       1.35049409,        nan, 2.27419933, 0.95154173,        nan,
              nan])) ; se_x_mu=(array([0.11978474, 0.21099933, 0.13591131, 0.15404091]))"
157	Lamb1_chr12_2238	"NaNs in SEs; H=np.array([[-422.52205549820775, -20.329852891789606, -34.550669295228026, -33.17172615277527, -42.68917548181565, -76.37285735109289, 33.3024961948552, 0.7980945242607252, 12.656946421184037, 12.463187149243886, 3.018123172039651, 0.9422548616845883, 0.1109792150633115], [-20.329852891789606, -20.329852891789606, 0.0, 0.0, 0.0, 0.0, 1.539610636352538, 0.037397315756366116, 0.5943208676674285, 0.5327505436973644, 0.1536906601877873, 0.04627466327770952, 0.0008794022487703789], [-34.550669295228026, 0.0, -34.550669295228026, 0.0, 0.0, 0.0, 2.66671370860765, 0.06281911130504263, 1.012663787560148, 0.9758364400371147, 0.24531399292722095, 0.08292566768087381, 0.0021196542363448347], [-33.17172615277527, 0.0, 0.0, -33.17172615277527, 0.0, 0.0, 2.5906734844866235, 0.06041831716351078, 0.9825544847298855, 0.9683693267823432, 0.234744286988613, 0.08011023066432006, 0.0010149896251780044], [-42.68917548181565, 0.0, 0.0, 0.0, -42.68917548181565, 0.0, 3.4419570453318777, 0.07929079424451767, 1.2558041577755228, 1.3724395460418923, 0.31286699254664047, 0.09378445848136575, 0.001746127380471767], [-76.37285735109289, 0.0, 0.0, 0.0, 0.0, -76.37285735109289, 6.0317573027648566, 0.1370030551917194, 2.2498342220497802, 2.2554286244331334, 0.5979571494376793, 0.16510180594658203, 0.01370608018753499], [33.3024961948552, 1.539610636352538, 2.6667137086076504, 2.5906734844866235, 3.441957045331878, 6.0317573027648566, -5.555906018258216, -0.05645437082363421, -2.6251941598450506, -2.659981095445464, -0.04668324133396645, -0.004087328106440968, 1.652549435624113], [0.7980945242607254, 0.037397315756366116, 0.06281911130504271, 0.06041831716351078, 0.07929079424451771, 0.1370030551917194, -0.05645437082363421, -0.05645437082363421, 0.0, 0.0, 0.0, 0.0, 0.04017732981912633], [12.656946421184037, 0.5943208676674285, 1.012663787560148, 0.9825544847298855, 1.255804157775523, 2.2498342220497802, -2.6251941598450506, 0.0, -2.6251941598450506, 0.0, 0.0, 0.0, 0.6322320509558507], [12.463187149243886, 0.5327505436973644, 0.9758364400371147, 0.9683693267823436, 1.372439546041893, 2.2554286244331334, -2.659981095445464, 0.0, 0.0, -2.659981095445464, 0.0, 0.0, 0.617310190388735], [3.018123172039651, 0.1536906601877873, 0.24531399292722092, 0.234744286988613, 0.31286699254664047, 0.5979571494376793, -0.04668324133396645, 0.0, 0.0, 0.0, -0.04668324133396645, 0.0, 0.14698616259468067], [0.9422548616845883, 0.04627466327770952, 0.08292566768087381, 0.08011023066432002, 0.09378445848136575, 0.16510180594658203, -0.004087328106440968, 0.0, 0.0, 0.0, 0.0, -0.004087328106440968, 0.046170542511018625], [0.11097921506414465, 0.0008794022487700337, 0.0021196542363493, 0.0010149896251878676, 0.0017461273804786348, 0.013706080187523284, 1.652549435624337, 0.040177329819140795, 0.6322320509561905, 0.6173101903888778, 0.14698616259469333, 0.0461705425110388, -14.554161862909496]]) ; se_all=(array([       nan, 0.23203078, 0.18326306, 0.18651636, 0.16755132,
       0.1332178 , 2.03085641, 4.86010177, 2.30588021, 2.30049665,
       4.34637257, 7.18182873, 0.23670055])) ; se_x_mu=(array([       nan, 0.23203078, 0.18326306, 0.18651636, 0.16755132,
       0.1332178 ]))"
158	Lamc1_chr1_12201	"NaNs in SEs; H=np.array([[-378.1957271043155, -23.08669166763348, -26.087296215500746, -19.28922611721691, -23.547569657203127, -32.20208104091772, -80.8872887525, 7.864688973608299, 0.5959582904657162, 1.6105272947870783, 1.9143224956535856, 0.6487066967425669, 1.9965682408775103, 0.040178197661850434], [-23.08669166763348, -23.08669166763348, 0.0, 0.0, 0.0, 0.0, 0.0, 0.46859440827091703, 0.03758862657210554, 0.09121152230644747, 0.11972001309393812, 0.042964080446121405, 0.10566901366744882, 0.0009173604522056435], [-26.087296215500746, 0.0, -26.087296215500746, 0.0, 0.0, 0.0, 0.0, 0.5467115876956495, 0.03907448811034095, 0.12364899904657796, 0.12252530241591934, 0.04287613192064596, 0.1388716448495034, 0.0009045987267452225], [-19.28922611721691, 0.0, 0.0, -19.28922611721691, 0.0, 0.0, 0.0, 0.3945743139429688, 0.0348144644919832, 0.08097619314801664, 0.096137201126182, 0.03440141282258495, 0.09957446200619186, 0.0007027694418677679], [-23.547569657203127, 0.0, 0.0, 0.0, -23.547569657203127, 0.0, 0.0, 0.4837111093727865, 0.036987695287852916, 0.10251013961809276, 0.11912748419276493, 0.04305299949528731, 0.11301327841457944, 0.00040599933093360126], [-32.20208104091772, 0.0, 0.0, 0.0, 0.0, -32.20208104091772, 0.0, 0.6718702423247612, 0.05038142302497681, 0.1305710660669911, 0.16818986946977593, 0.05434896419248329, 0.1721856445308036, 0.0007487740681800456], [-80.8872887525, 0.0, 0.0, 0.0, 0.0, 0.0, -80.8872887525, 1.6864763824348303, 0.13185916705074804, 0.3408713911735023, 0.4086143489785484, 0.13930027235150402, 0.4504125432219369, 0.010398852276461746], [7.864688973608299, 0.46859440827091703, 0.5467115876956495, 0.39457431394296877, 0.4837111093727865, 0.6718702423247612, 1.6864763824348312, 0.04171436057653209, -0.13183619982571948, -0.03697420275680062, 0.0769876831894381, -0.01804336120232712, 0.11624017961969056, 0.35267599771894015], [0.5959582904657162, 0.03758862657210555, 0.03907448811034095, 0.0348144644919832, 0.03698769528785292, 0.05038142302497681, 0.13185916705074804, -0.13183619982571948, -0.13183619982571948, 0.0, 0.0, 0.0, 0.0, 0.026447158742690227], [1.610527294787079, 0.09121152230644747, 0.12364899904657796, 0.08097619314801663, 0.10251013961809276, 0.1305710660669911, 0.3408713911735023, -0.03697420275680062, 0.0, -0.03697420275680062, 0.0, 0.0, 0.0, 0.07212463514132662], [1.9143224956535858, 0.11972001309393815, 0.12252530241591934, 0.096137201126182, 0.11912748419276488, 0.16818986946977593, 0.40861434897854876, 0.0769876831894381, 0.0, 0.0, 0.0769876831894381, 0.0, 0.0, 0.08579545683011576], [0.6487066967425669, 0.04296408044612141, 0.04287613192064596, 0.03440141282258493, 0.04305299949528731, 0.05434896419248329, 0.13930027235150405, -0.01804336120232712, 0.0, 0.0, 0.0, -0.01804336120232712, 0.0, 0.028786534544584182], [1.9965682408775103, 0.10566901366744882, 0.13887164484950337, 0.09957446200619186, 0.11301327841457944, 0.1721856445308036, 0.4504125432219369, 0.11624017961969056, 0.0, 0.0, 0.0, 0.0, 0.11624017961969056, 0.09024287493751626], [0.04017819766173414, 0.0009173604522004775, 0.0009045987267450872, 0.0007027694418637598, 0.00040599933093848906, 0.0007487740681905719, 0.01039885227647741, 0.352675997719075, 0.026447158742698207, 0.07212463514136758, 0.08579545683011958, 0.028786534544579467, 0.09024287493755878, -10.642756970630217]]) ; se_all=(array([0.07500567, 0.22156709, 0.21003692, 0.24003213, 0.21964617,
       0.19191838, 0.13467235,        nan,        nan, 3.70345627,
              nan, 6.25951988,        nan, 0.30594894])) ; se_x_mu=(array([0.07500567, 0.22156709, 0.21003692, 0.24003213, 0.21964617,
       0.19191838, 0.13467235]))"
159	Cdk5r1_chr11_12575	"NaNs in SEs; H=np.array([[-1518.8590251415992, -174.10079318296067, -156.55702760837804, -71.85233803788753, -32.70188569400484, -236.49673044260277, -169.61732463580444, -125.88964761469937, 24.765654949894635, 2.184188340013658, 6.038229015405248, 6.05973867275756, 2.222297351967377, 4.724727697822508, 0.32069845670151753], [-174.10079318296067, -174.10079318296067, 0.0, 0.0, 0.0, 0.0, 0.0, 0.0, 2.8365727646564407, 0.26206512060611065, 0.6744995432116181, 0.7122678036016161, 0.2446107194910637, 0.5524193465719024, 0.047790846111135654], [-156.55702760837804, 0.0, -156.55702760837804, 0.0, 0.0, 0.0, 0.0, 0.0, 2.540788660872626, 0.2373485455746988, 0.6248395380374888, 0.5999498060376262, 0.22302088721813962, 0.48929676186393023, 0.027083742645377273], [-71.85233803788753, 0.0, 0.0, -71.85233803788753, 0.0, 0.0, 0.0, 0.0, 1.1739795318894777, 0.1006387299801364, 0.29053148554029995, 0.2823843748956668, 0.10257385968893779, 0.21959440212804865, 0.007113484107698284], [-32.70188569400484, 0.0, 0.0, 0.0, -32.70188569400484, 0.0, 0.0, 0.0, 0.5296428066488089, 0.05105048546138209, 0.14245895472829673, 0.11690130513894365, 0.047721785108448656, 0.10008952694132549, 0.004614027959598886], [-236.49673044260277, 0.0, 0.0, 0.0, 0.0, -236.49673044260277, 0.0, 0.0, 3.878027500239906, 0.33028788209582943, 0.98194109124826, 0.9630755769451999, 0.3505444392296565, 0.6945475058416545, 0.037265989075177836], [-169.61732463580444, 0.0, 0.0, 0.0, 0.0, 0.0, -169.61732463580444, 0.0, 2.7560112900263016, 0.24614943086155583, 0.6580919093765386, 0.6771090693885791, 0.2511571594443609, 0.5224593393747168, 0.0173163003843998], [-125.88964761469937, 0.0, 0.0, 0.0, 0.0, 0.0, 0.0, -125.88964761469937, 2.0644810777043303, 0.17378557936591538, 0.5117982082920339, 0.48789522635022714, 0.1798754559462383, 0.41373604165741046, 0.014256245820643079], [24.765654949894635, 2.8365727646564407, 2.540788660872626, 1.1739795318894777, 0.5296428066488089, 3.878027500239906, 2.7560112900263016, 2.0644810777043303, -0.3995779489360639, -0.05757133282822917, -0.07357789345521398, -0.04270613593825201, -0.05243868243830941, -0.09071787417924135, 1.8772211593983466], [2.184188340013658, 0.26206512060611065, 0.2373485455746988, 0.1006387299801364, 0.05105048546138213, 0.33028788209582943, 0.24614943086155583, 0.17378557936591538, -0.05757133282822917, -0.05757133282822917, 0.0, 0.0, 0.0, 0.0, 0.16544214329255533], [6.038229015405248, 0.6744995432116181, 0.6248395380374888, 0.29053148554029995, 0.14245895472829678, 0.9819410912482596, 0.6580919093765386, 0.5117982082920339, -0.07357789345521398, 0.0, -0.07357789345521398, 0.0, 0.0, 0.0, 0.454706732859906], [6.059738672757558, 0.7122678036016161, 0.5999498060376256, 0.2823843748956668, 0.11690130513894365, 0.9630755769451995, 0.6771090693885792, 0.48789522635022714, -0.04270613593825201, 0.0, 0.0, -0.04270613593825201, 0.0, 0.0, 0.4615353938241564], [2.222297351967377, 0.2446107194910637, 0.22302088721813962, 0.10257385968893777, 0.047721785108448656, 0.3505444392296565, 0.2511571594443609, 0.17987545594623836, -0.05243868243830941, 0.0, 0.0, 0.0, -0.05243868243830941, 0.0, 0.169265940345663], [4.724727697822508, 0.5524193465719024, 0.48929676186393023, 0.21959440212804865, 0.10008952694132556, 0.6945475058416545, 0.5224593393747168, 0.41373604165741046, -0.09071787417924135, 0.0, 0.0, 0.0, 0.0, -0.09071787417924135, 0.3596067245456462], [0.32069845670081065, 0.047790846111134044, 0.02708374264538871, 0.0071134841077210575, 0.004614027959608885, 0.037265989075107475, 0.017316300384415673, 0.014256245820617908, 1.8772211593984878, 0.16544214329258722, 0.4547067328599823, 0.46153539382413555, 0.16926594034571352, 0.35960672454551457, -80.68382643358927]]) ; se_all=(array([       nan, 0.08693079, 0.09055826, 0.12542398, 0.17999526,
       0.07773041, 0.08779769, 0.09877986, 2.97365466, 5.42598111,
       4.79208554, 4.24128474, 5.58410743, 4.79413316, 0.09056112])) ; se_x_mu=(array([       nan, 0.08693079, 0.09055826, 0.12542398, 0.17999526,
       0.07773041, 0.08779769, 0.09877986]))"
160	Epas1_chr17_10116	ok
161	Sox17_chr1_73	"NaNs in SEs; H=np.array([[-431.8991330178045, -46.2190721951938, -108.49079675069846, -56.296015742341446, -57.04771665889502, 10.631590326618902, 0.6962163367214553, 2.250215324016941, 1.8440803224653377, 2.3828658421580333, 2.2347306826971995, 0.10845148680191014], [-46.2190721951938, -46.2190721951938, 0.0, 0.0, 0.0, 1.1375299423620495, 0.07594793880388832, 0.252535729820639, 0.2030621406136969, 0.21335815690594795, 0.2653518757014065, 0.008156047360190516], [-108.49079675069846, 0.0, -108.49079675069846, 0.0, 0.0, 2.7103202607401027, 0.16047532111379126, 0.5934349614844782, 0.44589068756844236, 0.6321921624616791, 0.5766180536616095, 0.04550123899706088], [-56.296015742341446, 0.0, 0.0, -56.296015742341446, 0.0, 1.381165399707975, 0.09163090401995021, 0.2956536841494136, 0.23273900942181394, 0.30587472362572027, 0.2896349844569483, 0.004535336722623717], [-57.04771665889502, 0.0, 0.0, 0.0, -57.04771665889502, 1.3545175640708056, 0.11095063789601246, 0.2761866869698617, 0.2518576159785031, 0.2709217686347757, 0.27952699754543764, 0.007946780092939192], [10.631590326618902, 1.1375299423620493, 2.710320260740103, 1.381165399707975, 1.3545175640708058, -0.0404108436274436, -0.0350687188547947, 0.025680900228515987, -0.043522303251585626, 0.15084787661132604, 0.15885078120377086, 0.8603463978120153], [0.6962163367214553, 0.07594793880388832, 0.16047532111379126, 0.09163090401995021, 0.11095063789601246, -0.0350687188547947, -0.0350687188547947, 0.0, 0.0, 0.0, 0.0, 0.05492410796686028], [2.250215324016941, 0.252535729820639, 0.5934349614844782, 0.2956536841494136, 0.2761866869698617, 0.025680900228515987, 0.0, 0.025680900228515987, 0.0, 0.0, 0.0, 0.1822995662514417], [1.8440803224653377, 0.2030621406136969, 0.44589068756844247, 0.23273900942181386, 0.2518576159785032, -0.043522303251585626, 0.0, 0.0, -0.043522303251585626, 0.0, 0.0, 0.14827088724670578], [2.3828658421580338, 0.21335815690594795, 0.6321921624616791, 0.30587472362572027, 0.27092176863477574, 0.15084787661132604, 0.0, 0.0, 0.0, 0.15084787661132604, 0.0, 0.19639852585536197], [2.234730682697199, 0.2653518757014065, 0.5766180536616095, 0.2896349844569483, 0.27952699754543764, 0.15885078120377086, 0.0, 0.0, 0.0, 0.0, 0.15885078120377086, 0.18032659385963343], [0.10845148680134553, 0.008156047360193874, 0.0455012389971261, 0.004535336722620076, 0.00794678009291283, 0.8603463978120942, 0.05492410796686009, 0.18229956625144084, 0.14827088724671889, 0.19639852585535778, 0.1803265938595935, -24.311135023999668]]) ; se_all=(array([0.07418958, 0.16649679, 0.12377394, 0.15448531, 0.15372323,
       1.84261073, 5.68613977,        nan, 5.38312947,        nan,
              nan, 0.19949255])) ; se_x_mu=(array([0.07418958, 0.16649679, 0.12377394, 0.15448531, 0.15372323]))"
162	Lamc1_chr1_12189	ok
163	Gata4_chr14_5693	ok
164	Bend5_chr4_8168	"NaNs in SEs; H=np.array([[-423.59474154758533, -47.25618525171964, -74.44355379359207, -76.66071737285763, -52.37143135085668, 48.93739625067011, 13.107337838685682, 15.943453645067775, 13.112958799758948, 1.5212768125706595, 0.7897316241148901, 0.1409295041537787], [-47.25618525171964, -47.25618525171964, 0.0, 0.0, 0.0, 5.533919194575289, 1.4173067280104978, 1.9485885749172698, 1.394284784051371, 0.15511800996268368, 0.08924212986301219, 0.012446509451912263], [-74.44355379359207, 0.0, -74.44355379359207, 0.0, 0.0, 8.768844235965586, 2.407122355227995, 2.806970273107067, 2.3886535821448915, 0.2779465453723788, 0.1290696531640532, 0.0243871036947249], [-76.66071737285763, 0.0, 0.0, -76.66071737285763, 0.0, 8.908085150436044, 2.313046685656173, 2.9269578359599318, 2.462137815064742, 0.26300354356201044, 0.14921986430286666, 0.011430094609571749], [-52.37143135085668, 0.0, 0.0, 0.0, -52.37143135085668, 5.901647655061301, 1.623475836145849, 1.817326799398536, 1.6087984795018613, 0.20209842528072086, 0.09581161462607948, 0.0076007351263723405], [48.93739625067011, 5.533919194575282, 8.768844235965584, 8.908085150436046, 5.901647655061301, -10.674430012147527, -2.7220256065593293, -4.732625871831084, -2.930092627986231, 0.010230091464071969, -0.03991057028419222, 2.61025682265722], [13.10733783868568, 1.4173067280104978, 2.4071223552279934, 2.313046685656173, 1.6234758361458488, -2.7220256065593293, -2.7220256065593293, 0.0, 0.0, 0.0, 0.0, 0.7008479976301302], [15.943453645067777, 1.9485885749172696, 2.806970273107067, 2.926957835959933, 1.8173267993985365, -4.732625871831084, 0.0, -4.732625871831084, 0.0, 0.0, 0.0, 0.8508334759925651], [13.112958799758948, 1.394284784051371, 2.388653582144892, 2.462137815064742, 1.6087984795018628, -2.930092627986231, 0.0, 0.0, -2.930092627986231, 0.0, 0.0, 0.6969029760607393], [1.5212768125706595, 0.15511800996268368, 0.2779465453723788, 0.26300354356201044, 0.20209842528072086, 0.010230091464071969, 0.0, 0.0, 0.0, 0.010230091464071969, 0.0, 0.08128219585808849], [0.7897316241148901, 0.08924212986301219, 0.1290696531640532, 0.14921986430286666, 0.09581161462607948, -0.03991057028419222, 0.0, 0.0, 0.0, 0.0, -0.03991057028419222, 0.04212109548252111], [0.14092950415371774, 0.012446509451900845, 0.0243871036947243, 0.011430094609627961, 0.007600735126391367, 2.6102568226581297, 0.700847997630035, 0.8508334759928857, 0.6969029760600733, 0.0812821958581047, 0.042121095482517745, -16.49576879516735]]) ; se_all=(array([0.0776011 , 0.1641733 , 0.13863485, 0.13722475, 0.15773572,
       2.16399119, 2.15574709, 2.14424209, 2.15533153,        nan,
       5.37799364, 0.24720376])) ; se_x_mu=(array([0.0776011 , 0.1641733 , 0.13863485, 0.13722475, 0.15773572]))"
165	Sparc_chr11_7233	ok
166	Col5a1_chr2_2562	"NaNs in SEs; H=np.array([[-225.3076486514468, -29.727096276072857, -55.78594078112744, -30.360399126946145, 5.159756809118033, 1.2368415565733177, 0.38491893259323984, 1.2312310889352285, 1.2714564768483347, 0.38202479358360175, 0.009919183219043217], [-29.727096276072857, -29.727096276072857, 0.0, 0.0, 0.6852469446500524, 0.17933745735286155, 0.053103498697647356, 0.16807740117171588, 0.15456623702740813, 0.04810231899852003, 0.0012990401319761813], [-55.78594078112744, 0.0, -55.78594078112744, 0.0, 1.269092077481095, 0.2951044464863998, 0.0951610418303587, 0.29151002548008353, 0.32101383374284415, 0.09509633656385362, 0.0022446760966082107], [-30.360399126946145, 0.0, 0.0, -30.360399126946145, 0.6969465642673494, 0.16269828044068935, 0.051657654958073417, 0.17283008404636324, 0.16928375409298468, 0.050210991305051154, 0.0005931318207460382], [5.159756809118033, 0.6852469446500523, 1.2690920774810954, 0.6969465642673494, 0.153189590750212, 0.02772503740446694, -0.05256483039163905, 0.12452019298644379, 0.18977916893408303, -0.07199046998997798, 0.12842417774995574], [1.236841556573318, 0.17933745735286136, 0.2951044464864, 0.16269828044068935, 0.02772503740446694, 0.02772503740446694, 0.0, 0.0, 0.0, 0.0, 0.03082390152872255], [0.38491893259323984, 0.053103498697647356, 0.0951610418303587, 0.051657654958073444, -0.05256483039163905, 0.0, -0.05256483039163905, 0.0, 0.0, 0.0, 0.009556006358907293], [1.2312310889352285, 0.16807740117171588, 0.29151002548008353, 0.17283008404636324, 0.12452019298644379, 0.0, 0.0, 0.12452019298644379, 0.0, 0.0, 0.030596088865253574], [1.2714564768483345, 0.15456623702740813, 0.32101383374284415, 0.1692837540929846, 0.18977916893408303, 0.0, 0.0, 0.0, 0.18977916893408303, 0.0, 0.0317674219331408], [0.38202479358360175, 0.04810231899852003, 0.09509633656385362, 0.050210991305051154, -0.07199046998997798, 0.0, 0.0, 0.0, 0.0, -0.07199046998997798, 0.00955829338016264], [0.009919183218874306, 0.0012990401319621925, 0.0022446760966249313, 0.0005931318207337832, 0.1284241777496078, 0.030823901528698627, 0.009556006358922176, 0.030596088865308957, 0.031767421933164286, 0.009558293380150573, -4.046418258069025]]) ; se_all=(array([0.09029516, 0.20680154, 0.16450923, 0.20512192, 3.99047509,
              nan, 5.88308698, 2.99188234, 3.36114657, 5.43433934,
       0.49521517])) ; se_x_mu=(array([0.09029516, 0.20680154, 0.16450923, 0.20512192]))"
167	Epas1_chr17_10056	"NaNs in SEs; H=np.array([[-537.157455918572, -41.86528987352524, -249.45566035814127, -19.498909216662838, -7.780990907702281, -43.93213585568281, -32.41726850502105, -15.433498762448695, 34.99812767476362, 0.9971840020829537, 13.667919670073042, 2.1562954154633167, 0.9272249361473498, 13.6675922308422, 0.2563289365735203], [-41.86528987352524, -41.86528987352524, 0.0, 0.0, 0.0, 0.0, 0.0, 0.0, 2.7260336093060036, 0.07667548385976841, 1.0545238584882248, 0.16542251107598743, 0.07300471927037093, 1.0682668595662403, 0.00328564960454545], [-249.45566035814127, 0.0, -249.45566035814127, 0.0, 0.0, 0.0, 0.0, 0.0, 16.278030244159392, 0.4611413095840036, 6.444819799101233, 1.0527808322354089, 0.4252518883741818, 6.328464194218433, 0.23606979880207768], [-19.498909216662838, 0.0, 0.0, -19.498909216662838, 0.0, 0.0, 0.0, 0.0, 1.2904378607743607, 0.0370425646331468, 0.50105964793219, 0.07060868057669994, 0.035612396764093016, 0.5186262040884354, 0.0006004424998401462], [-7.780990907702281, 0.0, 0.0, 0.0, -7.780990907702281, 0.0, 0.0, 0.0, 0.5489268316064058, 0.015438192905728794, 0.22197399940968618, 0.02301620730631793, 0.012797331847240516, 0.22124908517693526, 0.0002631199572959565], [-43.93213585568281, 0.0, 0.0, 0.0, 0.0, -43.93213585568281, 0.0, 0.0, 2.822763787629078, 0.08009978471430533, 1.115712360932695, 0.16679087385685112, 0.08068165266671627, 1.0696927537599805, 0.0012740503334343345], [-32.41726850502105, 0.0, 0.0, 0.0, 0.0, 0.0, -32.41726850502105, 0.0, 2.0794145173555765, 0.059460958137683394, 0.7914302108413122, 0.1275074956084493, 0.05835296164899983, 0.8172197560150495, 0.0006362011240552991], [-15.433498762448695, 0.0, 0.0, 0.0, 0.0, 0.0, 0.0, -15.433498762448695, 0.981440635816164, 0.028132634549195963, 0.3808702114310656, 0.05963846304224518, 0.028624050613644307, 0.3758883004783975, 0.000744725241498467], [34.99812767476362, 2.7260336093060036, 16.278030244159396, 1.2904378607743607, 0.5489268316064057, 2.822763787629078, 2.0794145173555765, 0.9814406358161641, -5.0733609885509185, -0.01540086654637197, -2.4540530327916805, -0.006435609915088791, -0.04804095484490396, -2.3954280697337986, 2.3440187854359666], [0.9971840020829537, 0.07667548385976841, 0.4611413095840036, 0.0370425646331468, 0.015438192905728811, 0.08009978471430533, 0.059460958137683394, 0.028132634549195963, -0.01540086654637197, -0.01540086654637197, 0.0, 0.0, 0.0, 0.0, 0.06655525821697263], [13.667919670073044, 1.0545238584882248, 6.444819799101234, 0.50105964793219, 0.22197399940968618, 1.115712360932695, 0.7914302108413122, 0.3808702114310657, -2.4540530327916805, 0.0, -2.4540530327916805, 0.0, 0.0, 0.0, 0.9234179691214198], [2.1562954154633167, 0.16542251107598743, 1.0527808322354086, 0.07060868057669994, 0.02301620730631793, 0.16679087385685112, 0.1275074956084493, 0.05963846304224518, -0.006435609915088791, 0.0, 0.0, -0.006435609915088791, 0.0, 0.0, 0.14937116950599597], [0.9272249361473498, 0.07300471927037093, 0.4252518883741818, 0.03561239676409301, 0.012797331847240516, 0.08068165266671627, 0.05835296164899983, 0.028624050613644307, -0.04804095484490396, 0.0, 0.0, 0.0, -0.04804095484490396, 0.0, 0.06134672423012438], [13.6675922308422, 1.0682668595662403, 6.328464194218433, 0.5186262040884354, 0.22124908517693517, 1.069692753759981, 0.8172197560150495, 0.3758883004783975, -2.3954280697337986, 0.0, 0.0, 0.0, 0.0, -2.3954280697337986, 0.9130626070051742], [0.2563289365729098, 0.0032856496045641226, 0.23606979880206058, 0.0006004424998484748, 0.00026311995729688675, 0.0012740503334183195, 0.0006362011240551579, 0.000744725241498212, 2.3440187854361056, 0.06655525821694397, 0.9234179691219992, 0.14937116950607532, 0.06134672423012333, 0.9130626070044912, -23.914998259931963]]) ; se_all=(array([0.06979281, 0.17825619, 0.10910137, 0.24325513, 0.36934497,
       0.17507462, 0.1968176 , 0.2695991 , 2.35512642, 8.26725926,
       2.52149107,        nan, 5.22362272, 2.52492213, 0.18520877])) ; se_x_mu=(array([0.06979281, 0.17825619, 0.10910137, 0.24325513, 0.36934497,
       0.17507462, 0.1968176 , 0.2695991 ]))"
168	Klf4_chr4_3958	ok
169	Sparc_chr11_7199	"NaNs in SEs; H=np.array([[-197.14496767403165, -30.036233476611955, -26.3261383983386, -24.474149580997533, -56.440393138067684, 2.8254561874810333, 0.3171833412361073, 1.0089993773815813, 0.3210700160889031, 0.3186561954026626, 0.3178842645812055, -0.003152220897214956], [-30.036233476611955, -30.036233476611955, 0.0, 0.0, 0.0, 0.41462907951262645, 0.055513356783927124, 0.13605776779221782, 0.05422581206837955, 0.04292164601873855, 0.05091817311861234, -0.0007816311216782071], [-26.3261383983386, 0.0, -26.3261383983386, 0.0, 0.0, 0.3768704686242689, 0.046403220852317725, 0.13598792282926003, 0.04202570523454683, 0.044588276869694396, 0.039749378588069456, -0.0003960383274666723], [-24.474149580997533, 0.0, 0.0, -24.474149580997533, 0.0, 0.35069837697689166, 0.0404605353830686, 0.12272410340329172, 0.0400923634620989, 0.039222021143258214, 0.03702816482449657, -0.0003228082131902241], [-56.440393138067684, 0.0, 0.0, 0.0, -56.440393138067684, 0.8229938570924067, 0.08310484168469486, 0.30710290838790794, 0.09331513415040231, 0.09161789985636246, 0.08971009946485349, -0.0014266453870842369], [2.8254561874810333, 0.4146290795126266, 0.3768704686242689, 0.35069837697689166, 0.8229938570924067, 0.12400111708714731, -0.028927991831157497, 0.21275970597593366, -0.01582887612976916, -0.02169052466687938, -0.04353647153755846, 0.07638956575501313], [0.31718334123610736, 0.05551335678392713, 0.0464032208523177, 0.040460535383068624, 0.08310484168469487, -0.028927991831157497, -0.028927991831157497, 0.0, 0.0, 0.0, 0.0, 0.008437880388231608], [1.0089993773815813, 0.13605776779221782, 0.13598792282926003, 0.12272410340329172, 0.30710290838790777, 0.21275970597593366, 0.0, 0.21275970597593366, 0.0, 0.0, 0.0, 0.027402184488126417], [0.32107001608890307, 0.05422581206837955, 0.04202570523454683, 0.0400923634620989, 0.0933151341504023, -0.01582887612976916, 0.0, 0.0, -0.01582887612976916, 0.0, 0.0, 0.008730022278019122], [0.31865619540266255, 0.04292164601873853, 0.044588276869694396, 0.039222021143258214, 0.09161789985636246, -0.02169052466687938, 0.0, 0.0, 0.0, -0.02169052466687938, 0.0, 0.008552499085306729], [0.3178842645812055, 0.05091817311861237, 0.039749378588069456, 0.03702816482449657, 0.08971009946485348, -0.04353647153755846, 0.0, 0.0, 0.0, 0.0, -0.04353647153755846, 0.008651764811770286], [-0.0031522208973771004, -0.0007816311216757854, -0.00039603832744278256, -0.0003228082132006316, -0.0014266453870496187, 0.07638956575490852, 0.008437880388235008, 0.02740218448812115, 0.008730022278010452, 0.008552499085317855, 0.008651764811773432, -3.2109368817964423]]) ; se_all=(array([0.12894434, 0.22361206, 0.23385676, 0.2399263 , 0.18553211,
              nan,        nan,        nan, 5.20500954, 2.7378012 ,
              nan, 0.55795915])) ; se_x_mu=(array([0.12894434, 0.22361206, 0.23385676, 0.2399263 , 0.18553211]))"
170	Tgfbi_chr13_5724	ok
171	Igfbp4_chr11_16694	"NaNs in SEs; H=np.array([[-697.2433262051413, -52.17813486095119, -22.528910818799368, -88.75063695656148, -30.5794789665008, -161.35133485961518, -178.25456025912894, 10.194024038469752, 1.3641797059035976, 0.9887616304716131, 3.2511935887242784, 1.6298572901182475, 1.0397797406777576, 0.359545543669578], [-52.17813486095119, -52.17813486095119, 0.0, 0.0, 0.0, 0.0, 0.0, 0.7476569873426829, 0.08849367987450033, 0.07894092564720188, 0.223677434237526, 0.11617195182096761, 0.08909120982227971, 0.01633169514595556], [-22.528910818799368, 0.0, -22.528910818799368, 0.0, 0.0, 0.0, 0.0, 0.32280348852420937, 0.044498045132886674, 0.03845009826607616, 0.10217529729402101, 0.0449804732273967, 0.0349356027258301, 0.0015658226165795944], [-88.75063695656148, 0.0, 0.0, -88.75063695656148, 0.0, 0.0, 0.0, 1.311271591370843, 0.20250065104624398, 0.10927796490056034, 0.389767996288247, 0.24661877920861322, 0.09490120548673862, 0.07218289081822482], [-30.5794789665008, 0.0, 0.0, 0.0, -30.5794789665008, 0.0, 0.0, 0.4430898119036647, 0.04938005946351555, 0.05232166613689779, 0.1340646400848293, 0.06921375539130141, 0.03546805822409757, 0.02523688586133485], [-161.35133485961518, 0.0, 0.0, 0.0, 0.0, -161.35133485961518, 0.0, 2.356423638199618, 0.2990111048373543, 0.2329333367873355, 0.796280336547879, 0.36403561681165003, 0.26793675488144897, 0.08358254047722555], [-178.25456025912894, 0.0, 0.0, 0.0, 0.0, 0.0, -178.25456025912894, 2.6178588177222974, 0.3342667364889442, 0.24943045870178432, 0.8215169673594654, 0.3932705339376791, 0.28242585096883144, 0.1050294106679033], [10.194024038469749, 0.7476569873426826, 0.3228034885242095, 1.311271591370843, 0.44308981190366453, 2.356423638199618, 2.6178588177222966, -0.006243811923492463, -0.023580354665038415, -0.07907945930067581, 0.07355090164917842, -0.029921736486792878, -0.12711519389432907, 1.7425460335229912], [1.3641797059035976, 0.08849367987450033, 0.04449804513288669, 0.20250065104624396, 0.049380059463515535, 0.2990111048373543, 0.3342667364889442, -0.023580354665038415, -0.023580354665038415, 0.0, 0.0, 0.0, 0.0, 0.23403733663676418], [0.988761630471613, 0.07894092564720188, 0.03845009826607617, 0.10927796490056028, 0.05232166613689779, 0.2329333367873355, 0.24943045870178432, -0.07907945930067581, 0.0, -0.07907945930067581, 0.0, 0.0, 0.0, 0.16717427068898164], [3.251193588724278, 0.22367743423752579, 0.10217529729402101, 0.389767996288247, 0.1340646400848292, 0.796280336547879, 0.821516967359465, 0.07355090164917842, 0.0, 0.0, 0.07355090164917842, 0.0, 0.0, 0.5535899412089795], [1.6298572901182475, 0.11617195182096761, 0.0449804732273967, 0.24661877920861316, 0.06921375539130141, 0.36403561681165003, 0.3932705339376791, -0.029921736486792878, 0.0, 0.0, 0.0, -0.029921736486792878, 0.0, 0.2814454511720091], [1.0397797406777576, 0.0890912098222797, 0.0349356027258301, 0.09490120548673867, 0.03546805822409757, 0.2679367548814489, 0.28242585096883144, -0.12711519389432907, 0.0, 0.0, 0.0, 0.0, -0.12711519389432907, 0.17381405991796472], [0.3595455436694901, 0.01633169514595234, 0.0015658226165868455, 0.07218289081823986, 0.02523688586133052, 0.0835825404773598, 0.10502941066782778, 1.7425460335229914, 0.23403733663674942, 0.1671742706889816, 0.5535899412089744, 0.28144545117200703, 0.17381405991795962, -84.20737857415634]]) ; se_all=(array([0.07871743, 0.15900622, 0.22473893, 0.13185486, 0.19703388,
       0.11097497, 0.10828399,        nan, 6.76022722, 2.84465084,
              nan, 5.98932181, 1.72405679, 0.10951085])) ; se_x_mu=(array([0.07871743, 0.15900622, 0.22473893, 0.13185486, 0.19703388,
       0.11097497, 0.10828399]))"
172	Foxa2_chr2_13820	"NaNs in SEs; H=np.array([[-1250.1658448340963, -39.131971807427355, -440.1846165571248, -258.3968959029808, -22.25770139870944, -179.2964159959786, -129.9706578646392, 81.72880620587185, 10.423140500916878, 20.836663438896096, 21.13111678344216, 18.580234474390043, 3.0623137959329343, 25.866195247962885], [-39.131971807427355, -39.131971807427355, 0.0, 0.0, 0.0, 0.0, 0.0, 2.6994518618204473, 0.31423363358876033, 0.7247018393349103, 0.7199610429748479, 0.581397957267086, 0.0961214072686011, 0.010718763440681687], [-440.1846165571248, 0.0, -440.1846165571248, 0.0, 0.0, 0.0, 0.0, 27.074399528407948, 3.5546878005114078, 6.665012036230993, 7.619879514451672, 5.621715420157358, 1.0992362410374232, 20.630862541036546], [-258.3968959029808, 0.0, 0.0, -258.3968959029808, 0.0, 0.0, 0.0, 16.60850636585928, 1.9742062734382255, 4.41608237549382, 3.8290671170965602, 4.048991322113061, 0.6255568499699404, 4.7994474743105435], [-22.25770139870944, 0.0, 0.0, 0.0, -22.25770139870944, 0.0, 0.0, 1.4764756971664652, 0.22808849741967596, 0.32150058585857716, 0.41815648928585664, 0.3320280614754143, 0.07060096588306704, 0.013321935265189488], [-179.2964159959786, 0.0, 0.0, 0.0, 0.0, -179.2964159959786, 0.0, 12.537292962292895, 1.6200269447548243, 3.472909193712884, 3.256694413883086, 2.7338497290537487, 0.43364980958813326, 0.17662766963787585], [-129.9706578646392, 0.0, 0.0, 0.0, 0.0, 0.0, -129.9706578646392, 8.923773209427393, 1.1368126133053333, 1.9666433887287114, 2.4479319147023126, 2.1791571658315427, 0.3085535549883339, 0.07288600039476924], [81.72880620587185, 2.6994518618204477, 27.074399528407948, 16.608506365859284, 1.4764756971664652, 12.537292962292897, 8.923773209427393, -21.55766507423519, -1.3100329972523246, -6.542279956704017, -7.3895059351811705, -5.503418429634914, -0.047413604366212066, 74.62347272547433], [10.423140500916878, 0.31423363358876033, 3.5546878005114073, 1.9742062734382255, 0.22808849741967596, 1.620026944754825, 1.136812613305333, -1.3100329972523246, -1.3100329972523246, 0.0, 0.0, 0.0, 0.0, 9.597994430158346], [20.836663438896096, 0.7247018393349103, 6.665012036230993, 4.41608237549382, 0.32150058585857716, 3.472909193712884, 1.9666433887287114, -6.542279956704017, 0.0, -6.542279956704017, 0.0, 0.0, 0.0, 18.726209050308384], [21.13111678344216, 0.7199610429748479, 7.6198795144516716, 3.829067117096561, 0.41815648928585664, 3.256694413883086, 2.4479319147023126, -7.3895059351811705, 0.0, 0.0, -7.3895059351811705, 0.0, 0.0, 20.101229402889786], [18.58023447439004, 0.5813979572670861, 5.621715420157358, 4.048991322113062, 0.3320280614754143, 2.7338497290537487, 2.1791571658315405, -5.503418429634914, 0.0, 0.0, 0.0, -5.503418429634914, 0.0, 16.15989891059264], [3.0623137959329343, 0.09612140726860115, 1.0992362410374232, 0.6255568499699404, 0.07060096588306704, 0.43364980958813326, 0.3085535549883339, -0.047413604366212066, 0.0, 0.0, 0.0, 0.0, -0.047413604366212066, 2.9612744120602557], [25.86619524796256, 0.010718763440672241, 20.63086254103658, 4.799447474310533, 0.013321935265189544, 0.17662766963784815, 0.07288600039487392, 74.62347272547453, 9.597994430158344, 18.726209050308412, 20.101229402889828, 16.159898910592645, 2.9612744120602557, -601.204410134992]]) ; se_all=(array([0.06439614, 0.17630686, 0.08835433, 0.0969479 , 0.22464918,
       0.10539087, 0.11499499, 0.66796197, 1.42625937, 1.02607355,
       1.00488614, 1.04665637,        nan,        nan])) ; se_x_mu=(array([0.06439614, 0.17630686, 0.08835433, 0.0969479 , 0.22464918,
       0.10539087, 0.11499499]))"
173	Foxa2_chr2_13812	"NaNs in SEs; H=np.array([[-457.9554240721609, -73.2729144125188, -45.9135083223405, -55.95923722831882, -55.10156173705449, 8.994765182287008, 2.3044985867893217, 2.3243906668124237, 1.6199584076752886, 0.757600785597658, 0.699610038276969, 0.04696036286674225], [-73.2729144125188, -73.2729144125188, 0.0, 0.0, 0.0, 1.4369612222402846, 0.38243393735000175, 0.3525012694368513, 0.2503704168116498, 0.12842025056354156, 0.10332668566241848, 0.009542443413853033], [-45.9135083223405, 0.0, -45.9135083223405, 0.0, 0.0, 0.9112169570296363, 0.2410362909762348, 0.23749453598617581, 0.16196387784653363, 0.07350339159316814, 0.06909115054970273, 0.0022596711501938196], [-55.95923722831882, 0.0, 0.0, -55.95923722831882, 0.0, 1.0961254077029985, 0.2873784146987608, 0.2844697997415778, 0.18812255840880773, 0.09580091858530777, 0.08757413964313049, 0.002151464560139518], [-55.10156173705449, 0.0, 0.0, 0.0, -55.10156173705449, 1.0673010378139363, 0.26655793584439275, 0.2644873669180688, 0.20498081118867115, 0.08908030231109108, 0.09293177644474394, 0.0019906585933464897], [8.994765182287011, 1.4369612222402843, 0.9112169570296362, 1.0961254077029985, 1.0673010378139365, 0.03428162460753566, 0.04071022480501356, 0.14121369845210527, -0.034083127304706, -0.027608456570327157, -0.14360557907015664, 0.43786053542735437], [2.3044985867893217, 0.38243393735000175, 0.2410362909762348, 0.2873784146987608, 0.26655793584439275, 0.04071022480501356, 0.04071022480501356, 0.0, 0.0, 0.0, 0.0, 0.11157809996423468], [2.3243906668124237, 0.3525012694368513, 0.23749453598617581, 0.2844697997415778, 0.2644873669180688, 0.14121369845210527, 0.0, 0.14121369845210527, 0.0, 0.0, 0.0, 0.11394320972773007], [1.6199584076752886, 0.2503704168116498, 0.16196387784653363, 0.18812255840880773, 0.20498081118867167, -0.034083127304706, 0.0, 0.0, -0.034083127304706, 0.0, 0.0, 0.07892785039801024], [0.7576007855976581, 0.1284202505635416, 0.07350339159316814, 0.09580091858530777, 0.08908030231109108, -0.027608456570327157, 0.0, 0.0, 0.0, -0.027608456570327157, 0.0, 0.036756800197165235], [0.699610038276969, 0.10332668566241848, 0.06909115054970266, 0.08757413964313049, 0.09293177644474394, -0.14360557907015664, 0.0, 0.0, 0.0, 0.0, -0.14360557907015664, 0.033659110626829705], [0.04696036286679117, 0.009542443413849133, 0.0022596711501875477, 0.0021514645601352633, 0.00199065859332459, 0.43786053542717696, 0.11157809996417711, 0.11394320972768668, 0.07892785039798156, 0.036756800197174755, 0.03365911062683402, -15.869679598591574]]) ; se_all=(array([0.06348468, 0.13430429, 0.16177226, 0.14920698, 0.15013327,
              nan,        nan,        nan, 4.61631544, 4.85833691,
              nan, 0.24954898])) ; se_x_mu=(array([0.06348468, 0.13430429, 0.16177226, 0.14920698, 0.15013327]))"
174	Col1a1_chr11_15316	"NaNs in SEs; H=np.array([[-896.6755687317232, -66.13916429548094, -75.55616918184961, -136.9339952031045, -26.9401072081651, -115.48922446564896, -73.77968176140382, -29.63109257555423, 56.298810843603725, 4.658701272519046, 18.470454099150572, 1.469988177167268, 8.649328542953752, 17.518593524859536, 0.8597468218861567], [-66.13916429548094, -66.13916429548094, 0.0, 0.0, 0.0, 0.0, 0.0, 0.0, 4.172891357717012, 0.35164717580782706, 1.3932149339477937, 0.10413716606852197, 0.6137928479409308, 1.2923966783424599, 0.00793832042220649], [-75.55616918184961, 0.0, -75.55616918184961, 0.0, 0.0, 0.0, 0.0, 0.0, 4.839888229210575, 0.41154861149110933, 1.6101107752334756, 0.11549070525367325, 0.7408016189722701, 1.515889262218398, 0.005486783657658891], [-136.9339952031045, 0.0, 0.0, -136.9339952031045, 0.0, 0.0, 0.0, 0.0, 8.67828468416098, 0.7726301590622117, 3.007742139868693, 0.20251470370395308, 1.327114207568633, 2.55599208860325, 0.1567325331440761], [-26.9401072081651, 0.0, 0.0, 0.0, -26.9401072081651, 0.0, 0.0, 0.0, 1.6842196282977724, 0.13454744847118377, 0.5463692186191716, 0.05007371098160756, 0.2523456820154727, 0.5462956327301363, 0.008603665171379282], [-115.48922446564896, 0.0, 0.0, 0.0, 0.0, -115.48922446564896, 0.0, 0.0, 7.158905132972149, 0.6428868677230829, 2.376248421365444, 0.20184814988834332, 1.05890091960845, 2.208244067277085, 0.006027217510608977], [-73.77968176140382, 0.0, 0.0, 0.0, 0.0, 0.0, -73.77968176140382, 0.0, 4.602646106469995, 0.39616473482669234, 1.4787760316604188, 0.1255142518049844, 0.7471413927714327, 1.4396420955761497, -0.0007828552546275958], [-29.63109257555423, 0.0, 0.0, 0.0, 0.0, 0.0, 0.0, -29.63109257555423, 1.8178447131956557, 0.16650090061863534, 0.5455227442443484, 0.04781020626669124, 0.3040077756218107, 0.5741744460632272, -0.0006699281552979004], [56.298810843603725, 4.172891357717012, 4.839888229210575, 8.67828468416098, 1.684219628297772, 7.158905132972149, 4.602646106469995, 1.8178447131956557, -6.282152980621992, -0.06458453797760252, -2.871827914045449, -0.12823301823822328, -0.5610717055361728, -2.6929967848121734, 9.170964095119984], [4.658701272519046, 0.35164717580782706, 0.41154861149110933, 0.772630159062212, 0.13454744847118366, 0.6428868677230829, 0.39616473482669223, 0.16650090061863534, -0.06458453797760252, -0.06458453797760252, 0.0, 0.0, 0.0, 0.0, 0.7387027074469433], [18.47045409915058, 1.3932149339477937, 1.6101107752334756, 3.007742139868693, 0.5463692186191716, 2.376248421365444, 1.4787760316604188, 0.5455227442443484, -2.871827914045449, 0.0, -2.871827914045449, 0.0, 0.0, 0.0, 3.00859711301188], [1.4699881771672683, 0.10413716606852197, 0.11549070525367328, 0.20251470370395308, 0.050073710981607546, 0.2018481498883434, 0.12551425180498443, 0.04781020626669124, -0.12823301823822328, 0.0, 0.0, -0.12823301823822328, 0.0, 0.0, 0.23842914653709849], [8.649328542953752, 0.6137928479409303, 0.7408016189722703, 1.327114207568633, 0.2523456820154727, 1.05890091960845, 0.7471413927714327, 0.3040077756218107, -0.5610717055361728, 0.0, 0.0, 0.0, -0.5610717055361728, 0.0, 1.4085016116750702], [17.518593524859533, 1.2923966783424587, 1.515889262218398, 2.5559920886032503, 0.546295632730136, 2.208244067277085, 1.4396420955761497, 0.5741744460632272, -2.6929967848121734, 0.0, 0.0, 0.0, 0.0, -2.6929967848121734, 2.8556408539808964], [0.8597468218857784, 0.007938320422200329, 0.005486783657669081, 0.15673253314408075, 0.00860366517137956, 0.006027217510543359, -0.0007828552546753631, -0.0006699281553047554, 9.170964095121008, 0.7387027074469152, 3.008597113012172, 0.23842914653709535, 1.4085016116750992, 2.8556408539811997, -104.64961062628117]]) ; se_all=(array([0.04908335, 0.13347339, 0.12627283, 0.10010286, 0.19952723,
       0.10662749, 0.12752358, 0.1909428 ,        nan, 6.83731395,
       1.50830499, 3.40732389, 2.66994409, 1.52421892, 0.09594096])) ; se_x_mu=(array([0.04908335, 0.13347339, 0.12627283, 0.10010286, 0.19952723,
       0.10662749, 0.12752358, 0.1909428 ]))"
175	Col1a1_chr11_15269	ok
176	Foxa2_chr2_13806	"NaNs in SEs; H=np.array([[-89.93622015398374, -18.992910052964955, -39.9588427121233, 2.4182974762701424, 0.5189654239977937, 0.4434752771111131, 0.4760921040665984, 0.5453688385420226, 0.15100233493752946, -2.418964643854265e-05], [-18.992910052964955, -18.992910052964955, 0.0, 0.514771193626443, 0.10900934458583281, 0.10305848435166864, 0.11182948833192821, 0.10245415913694146, 0.02978272017027976, -6.991390182916285e-06], [-39.9588427121233, 0.0, -39.9588427121233, 1.0741797950817467, 0.22154131826972087, 0.18006727701792277, 0.20828622264765362, 0.262858019913628, 0.06494625130651877, -1.5546655706275697e-05], [2.418297476270142, 0.514771193626443, 1.0741797950817467, 0.13747425008334954, 0.07219337696388504, -0.009065489235388916, 0.06668207661458954, 0.09527632295957901, -0.10340876684264916, 0.0008017332720065665], [0.5189654239977937, 0.10900934458583281, 0.22154131826972087, 0.07219337696388504, 0.07219337696388504, 0.0, 0.0, 0.0, 0.0, 0.00016961759147684783], [0.4434752771111131, 0.10305848435166866, 0.18006727701792274, -0.009065489235388916, 0.0, -0.009065489235388916, 0.0, 0.0, 0.0, 0.00014364093346994983], [0.4760921040665984, 0.11182948833192821, 0.20828622264765362, 0.06668207661458954, 0.0, 0.0, 0.06668207661458954, 0.0, 0.0, 0.00015813439921982204], [0.5453688385420226, 0.10245415913694146, 0.262858019913628, 0.09527632295957901, 0.0, 0.0, 0.0, 0.09527632295957901, 0.0, 0.00018460108636838578], [0.15100233493752946, 0.029782720170279768, 0.06494625130651877, -0.10340876684264916, 0.0, 0.0, 0.0, 0.0, -0.10340876684264916, 4.927222113443426e-05], [-2.418964633932319e-05, -6.991390176125378e-06, -1.5546655738774007e-05, 0.0008017332711460767, 0.00016961759081368655, 0.0001436409344250933, 0.00015813439949852182, 0.00018460108594808844, 4.9272221303908736e-05, -0.00909863764536567]]) ; se_all=(array([ 0.18332717,  0.29140272,  0.23946417,         nan,         nan,
       10.04526699,         nan,         nan,         nan, 10.4839907 ])) ; se_x_mu=(array([0.18332717, 0.29140272, 0.23946417]))"
177	Tubb2b_chr13_2578	"NaNs in SEs; H=np.array([[-394.1523392891188, -72.04381819027337, -31.57144058850937, -32.62428301252495, -70.38409599386485, -36.854234047051726, -30.931018170120716, 47.51456868579546, 10.306276467985679, 14.773589851866024, 4.025494321498605, 13.107216408115377, 1.294154739067264, 0.04914694610546163], [-72.04381819027337, -72.04381819027337, 0.0, 0.0, 0.0, 0.0, 0.0, 8.569676392260567, 1.7442635808004565, 2.8127330329198847, 0.7879566520027228, 2.2672932008214297, 0.2474238361798928, 0.019477398958892077], [-31.57144058850937, 0.0, -31.57144058850937, 0.0, 0.0, 0.0, 0.0, 3.8508292755561473, 0.8293760037201416, 1.1874212234472168, 0.3191752680072494, 1.0964788871270144, 0.10145909682727237, -1.9209852245087936e-05], [-32.62428301252495, 0.0, 0.0, -32.62428301252495, 0.0, 0.0, 0.0, 3.91756454851745, 0.9124889940078128, 1.1721454907738624, 0.3477093940452638, 1.0688182852685295, 0.10691294540745719, 0.0011765045765803547], [-70.38409599386485, 0.0, 0.0, 0.0, -70.38409599386485, 0.0, 0.0, 8.864759581785577, 1.902428318427597, 2.72896378540829, 0.6751121114286539, 2.6519035363309205, 0.21686981501930488, 0.0018856472121017293], [-36.854234047051726, 0.0, 0.0, 0.0, 0.0, -36.854234047051726, 0.0, 4.439594565006639, 0.9513797320509005, 1.3594999415182751, 0.3690199893669455, 1.2485308147381122, 0.11827346420541912, -0.00036489809408149195], [-30.931018170120716, 0.0, 0.0, 0.0, 0.0, 0.0, -30.931018170120716, 3.6582056616293745, 0.8007546427508524, 1.0945705619076453, 0.3042131578837284, 1.0385227280652032, 0.11370541021164528, 0.005934821140040566], [47.514568685795474, 8.569676392260565, 3.8508292755561486, 3.91756454851745, 8.864759581785579, 4.4395945650066295, 3.6582056616293745, -9.641799998207992, -1.7499835070039162, -4.041638146445145, -0.022358716219709196, -3.23571545342654, 0.02221580697750112, 2.0602861843213707], [10.30627646798568, 1.7442635808004565, 0.8293760037201416, 0.9124889940078128, 1.9024283184275972, 0.9513797320509005, 0.8007546427508524, -1.7499835070039162, -1.7499835070039162, 0.0, 0.0, 0.0, 0.0, 0.4444685728409988], [14.773589851866028, 2.8127330329198847, 1.1874212234472168, 1.1721454907738624, 2.72896378540829, 1.3594999415182754, 1.0945705619076451, -4.041638146445145, 0.0, -4.041638146445145, 0.0, 0.0, 0.0, 0.6453199697903973], [4.025494321498605, 0.7879566520027227, 0.3191752680072494, 0.3477093940452638, 0.6751121114286539, 0.3690199893669455, 0.3042131578837284, -0.022358716219709196, 0.0, 0.0, -0.022358716219709196, 0.0, 0.0, 0.17731031277896064], [13.107216408115377, 2.2672932008214293, 1.0964788871270146, 1.0688182852685295, 2.6519035363309205, 1.2485308147381122, 1.0385227280652032, -3.23571545342654, 0.0, 0.0, 0.0, -3.23571545342654, 0.0, 0.5616915283741156], [1.294154739067264, 0.2474238361798928, 0.10145909682727239, 0.10691294540745719, 0.21686981501930488, 0.11827346420541912, 0.11370541021164528, 0.02221580697750112, 0.0, 0.0, 0.0, 0.0, 0.02221580697750112, 0.057192019530961445], [0.049146946105711464, 0.01947739895890921, -1.920985224157512e-05, 0.0011765045765863569, 0.0018856472120729606, -0.0003648980940742508, 0.005934821140042956, 2.0602861843218534, 0.4444685728410036, 0.6453199697905632, 0.1773103127789284, 0.5616915283740695, 0.05719201953093389, -12.411653296700024]]) ; se_all=(array([0.06406553, 0.14910715, 0.20007612, 0.19749005, 0.15026471,
       0.18838191, 0.2016515 , 1.24030823, 1.48281756, 1.36318144,
              nan, 1.38724866,        nan, 0.26879942])) ; se_x_mu=(array([0.06406553, 0.14910715, 0.20007612, 0.19749005, 0.15026471,
       0.18838191, 0.2016515 ]))"
178	Txndc12_chr4_7975	"NaNs in SEs; H=np.array([[-246.79629192611526, -54.979871062933285, -46.81964462455413, -21.802052627613715, -37.573660055321874, 4.832595118350599, 0.45676274662308314, 1.3026403924823182, 0.40021176433422234, 1.3056059686775345, 0.6226352959662966, -0.011481190049274698], [-54.979871062933285, -54.979871062933285, 0.0, 0.0, 0.0, 1.064738889524237, 0.09791400460906682, 0.270144650839466, 0.08998433241411104, 0.2823804186021469, 0.14400456564934672, -0.004404807582149117], [-46.81964462455413, 0.0, -46.81964462455413, 0.0, 0.0, 0.9037996218763423, 0.09678764922596239, 0.25848328298605644, 0.079886206716163, 0.22458580152936547, 0.11190050189415639, -0.003233952781111611], [-21.802052627613715, 0.0, 0.0, -21.802052627613715, 0.0, 0.42695921648709617, 0.04119857973579456, 0.12396823749870074, 0.03408268067162256, 0.10709951809379999, 0.05657021805374775, -0.0010834862127744316], [-37.573660055321874, 0.0, 0.0, 0.0, -37.573660055321874, 0.7424068119484981, 0.06954868165607479, 0.20394933998520315, 0.0587599138384188, 0.20494948797244164, 0.0956785585481855, -0.0014228190784146997], [4.832595118350601, 1.064738889524237, 0.9037996218763423, 0.42695921648709617, 0.7424068119484982, 0.13815549637481472, -0.009201488789827145, 0.014191930257254067, -0.0952516915913531, 0.2910745267206128, -0.00897577580072173, 0.20156788329170142], [0.45676274662308314, 0.09791400460906682, 0.0967876492259624, 0.04119857973579456, 0.06954868165607479, -0.009201488789827145, -0.009201488789827145, 0.0, 0.0, 0.0, 0.0, 0.019020335907065696], [1.3026403924823182, 0.270144650839466, 0.25848328298605644, 0.12396823749870074, 0.20394933998520315, 0.014191930257254067, 0.0, 0.014191930257254067, 0.0, 0.0, 0.0, 0.05381430223603561], [0.40021176433422234, 0.08998433241411104, 0.079886206716163, 0.03408268067162256, 0.0587599138384188, -0.0952516915913531, 0.0, 0.0, -0.0952516915913531, 0.0, 0.0, 0.016817333216918813], [1.3056059686775345, 0.28238041860214685, 0.22458580152936547, 0.10709951809379997, 0.20494948797244164, 0.2910745267206128, 0.0, 0.0, 0.0, 0.2910745267206128, 0.0, 0.05433960337616196], [0.6226352959662966, 0.14400456564934672, 0.11190050189415639, 0.05657021805374779, 0.0956785585481855, -0.00897577580072173, 0.0, 0.0, 0.0, 0.0, -0.00897577580072173, 0.026072264111181128], [-0.01148119004960213, -0.004404807582182757, -0.0032339527811155455, -0.0010834862127770961, -0.0014228190784116856, 0.201567883291645, 0.019020335907065977, 0.05381430223602379, 0.016817333216899932, 0.05433960337615318, 0.026072264111197896, -7.359864483254569]]) ; se_all=(array([ 0.10500492,  0.17282823,  0.18177445,  0.23986319,  0.19568362,
        4.39536933, 11.48475363,         nan,  5.42809723,  4.04979052,
       11.87596053,  0.36699578])) ; se_x_mu=(array([0.10500492, 0.17282823, 0.18177445, 0.23986319, 0.19568362]))"
179	Lamc1_chr1_12188	ok
180	Sparc_chr11_7180	"NaNs in SEs; H=np.array([[-304.54559708496265, -49.984648555723695, -21.47299063303833, -49.21841528907572, -67.79080128912875, -58.29853349108687, 7.291591560166775, 0.49373285256692384, 1.7710199275990561, 1.80337372324248, 1.7212463742292363, 0.5807012333677871, -0.009223353682261265], [-49.984648555723695, -49.984648555723695, 0.0, 0.0, 0.0, 0.0, 1.187327329999248, 0.08220980865143691, 0.2984346302546531, 0.28651954359616244, 0.2751764579051796, 0.10282185901764838, -0.002297000633461713], [-21.47299063303833, 0.0, -21.47299063303833, 0.0, 0.0, 0.0, 0.5095123336559485, 0.03519979482461576, 0.13568015977512812, 0.11348616312149991, 0.11760370812351477, 0.04266785627881251, -0.00044466363327890824], [-49.21841528907572, 0.0, 0.0, -49.21841528907572, 0.0, 0.0, 1.1882952100962243, 0.07817267222101697, 0.3014330299210401, 0.2848082538828533, 0.2911528050173515, 0.09660545417426365, -0.0014121692294848194], [-67.79080128912875, 0.0, 0.0, 0.0, -67.79080128912875, 0.0, 1.624838336810139, 0.10871177591460879, 0.38493679251997703, 0.4204584256426321, 0.3759439931441801, 0.12996963640807638, -0.0023682452150008745], [-58.29853349108687, 0.0, 0.0, 0.0, 0.0, -58.29853349108687, 1.3902574351333425, 0.09655909148052341, 0.3181210218683813, 0.3417227169103274, 0.33794516186887447, 0.10406832472259907, -0.0024252244562065067], [7.291591560166775, 1.187327329999248, 0.5095123336559486, 1.1882952100962243, 1.6248383368101387, 1.3902574351333425, 0.14214221405793273, -0.13612744717499858, 0.08503897911132546, 0.22701275205016155, 0.001554520774788383, -0.010652630986610376, 0.1827261795121922], [0.49373285256692395, 0.08220980865143697, 0.03519979482461576, 0.07817267222101698, 0.10871177591460879, 0.09655909148052341, -0.13612744717499858, -0.13612744717499858, 0.0, 0.0, 0.0, 0.0, 0.012430717990760145], [1.7710199275990561, 0.298434630254653, 0.13568015977512815, 0.3014330299210401, 0.38493679251997703, 0.31812102186838126, 0.08503897911132546, 0.0, 0.08503897911132546, 0.0, 0.0, 0.0, 0.04421324248224736], [1.80337372324248, 0.28651954359616244, 0.11348616312149991, 0.2848082538828533, 0.4204584256426321, 0.3417227169103274, 0.22701275205016155, 0.0, 0.0, 0.22701275205016155, 0.0, 0.0, 0.045194474966654324], [1.7212463742292363, 0.2751764579051795, 0.11760370812351482, 0.2911528050173515, 0.37594399314418003, 0.3379451618688744, 0.001554520774788383, 0.0, 0.0, 0.0, 0.001554520774788383, 0.0, 0.04312500294461834], [0.5807012333677871, 0.10282185901764838, 0.04266785627881252, 0.09660545417426365, 0.12996963640807638, 0.10406832472259907, -0.010652630986610376, 0.0, 0.0, 0.0, 0.0, -0.010652630986610376, 0.014625700698990206], [-0.009223353682270119, -0.0022970006334558923, -0.00044466363328035663, -0.0014121692295156474, -0.0023682452150124433, -0.0024252244561753233, 0.182726179512116, 0.012430717990758566, 0.04421324248213665, 0.04519447496659268, 0.04312500294457067, 0.01462570069899094, -5.413553509532903]]) ; se_all=(array([ 0.12090042,  0.19318528,  0.25272977,  0.19397302,  0.17905243,
        0.1856173 ,  6.41638447,  6.95679591,  5.50617052,  6.08843869,
               nan, 11.60171299,  0.42342437])) ; se_x_mu=(array([0.12090042, 0.19318528, 0.25272977, 0.19397302, 0.17905243,
       0.1856173 ]))"
181	Tubb2b_chr13_2572	"NaNs in SEs; H=np.array([[-1181.7548473391055, -76.00847709775397, -98.82592820418898, -27.800583290469117, -35.97185518261322, -83.04061120588538, -448.54276136219806, -127.18613680774715, -74.23052155715693, 83.66288399179534, 22.735695659532052, 1.9851930456421538, 26.060384544192654, 4.8718162202449, 20.696688969040512, 0.9430157001843926], [-76.00847709775397, -76.00847709775397, 0.0, 0.0, 0.0, 0.0, 0.0, 0.0, 0.0, 5.425142165537211, 1.490961563853627, 0.12824683858559505, 1.67702662983123, 0.3072278338370699, 1.3724363904492942, 0.006366552903704952], [-98.82592820418898, 0.0, -98.82592820418898, 0.0, 0.0, 0.0, 0.0, 0.0, 0.0, 7.073873964746985, 2.000725135070631, 0.16564578120972442, 2.216485793999603, 0.41563620945223034, 1.6934117958156896, 0.007222570418877825], [-27.800583290469117, 0.0, 0.0, -27.800583290469117, 0.0, 0.0, 0.0, 0.0, 0.0, 1.8883479416160744, 0.5427423615284728, 0.04704014314100333, 0.5284695872450565, 0.124492838259339, 0.4605360377233426, -0.00038139173326280987], [-35.97185518261322, 0.0, 0.0, 0.0, -35.97185518261322, 0.0, 0.0, 0.0, 0.0, 2.6030316889028877, 0.780666023452677, 0.06208966969829614, 0.877085605372942, 0.14158818294239126, 0.529933804263736, 0.011328247652587206], [-83.04061120588538, 0.0, 0.0, 0.0, 0.0, -83.04061120588538, 0.0, 0.0, 0.0, 5.840134153798605, 1.6938718594958055, 0.14612109342994692, 1.8038189448936004, 0.3502738657964927, 1.359911137288178, -0.0003746369062324201], [-448.54276136219806, 0.0, 0.0, 0.0, 0.0, 0.0, -448.54276136219806, 0.0, 0.0, 31.81651432911626, 8.376847249818393, 0.7299507124704456, 10.093742519133125, 1.8043246663301835, 7.897433362747827, 0.5533448941658986], [-127.18613680774715, 0.0, 0.0, 0.0, 0.0, 0.0, 0.0, -127.18613680774715, 0.0, 8.745279868099988, 2.3624883446598273, 0.23075859231285317, 2.5941956172676224, 0.5474540435855924, 2.237080134399476, 0.30599664451957226], [-74.23052155715693, 0.0, 0.0, 0.0, 0.0, 0.0, 0.0, 0.0, -74.23052155715693, 5.3200680298282546, 1.4094618951222195, 0.1120186028768653, 1.714534991728693, 0.3231799441817438, 1.2864993731905852, 0.0011254290962522569], [83.66288399179534, 5.425142165537208, 7.073873964746986, 1.8883479416160744, 2.6030316889028877, 5.840134153798604, 31.816514329116263, 8.745279868099988, 5.3200680298282546, -10.433206801996038, -3.258964886961693, -0.06286265947107332, -3.9804235118078086, -0.005723088593633359, -2.666350533616448, 9.887335933732752], [22.735695659532055, 1.490961563853627, 2.000725135070631, 0.5427423615284728, 0.7806660234526769, 1.693871859495804, 8.376847249818393, 2.362488344659827, 1.4094618951222195, -3.258964886961693, -3.258964886961693, 0.0, 0.0, 0.0, 0.0, 2.65288420878667], [1.9851930456421538, 0.12824683858559505, 0.16564578120972442, 0.04704014314100333, 0.06208966969829614, 0.14612109342994692, 0.7299507124704456, 0.23075859231285317, 0.1120186028768653, -0.06286265947107332, 0.0, -0.06286265947107332, 0.0, 0.0, 0.0, 0.23623775327724902], [26.06038454419265, 1.6770266298312297, 2.216485793999603, 0.5284695872450565, 0.877085605372942, 1.8038189448936004, 10.093742519133123, 2.594195617267623, 1.714534991728693, -3.9804235118078086, 0.0, 0.0, -3.9804235118078086, 0.0, 0.0, 3.078537868759207], [4.8718162202449, 0.3072278338370698, 0.41563620945223034, 0.12449283825933902, 0.14158818294239114, 0.3502738657964929, 1.8043246663301835, 0.5474540435855924, 0.3231799441817438, -0.005723088593633359, 0.0, 0.0, 0.0, -0.005723088593633359, 0.0, 0.5758354779217042], [20.696688969040512, 1.3724363904492942, 1.6934117958156898, 0.4605360377233426, 0.529933804263736, 1.359911137288178, 7.897433362747828, 2.237080134399476, 1.2864993731905854, -2.666350533616448, 0.0, 0.0, 0.0, 0.0, -2.666350533616448, 2.4644160361005008], [0.9430157001837784, 0.006366552903718681, 0.007222570418869978, -0.000381391733265235, 0.011328247652585555, -0.00037463690624006674, 0.5533448941659262, 0.3059966445195883, 0.0011254290962385838, 9.887335933733198, 2.652884208786702, 0.23623775327723706, 3.0785378687592697, 0.5758354779217285, 2.46441603610063, -93.72893490466595]]) ; se_all=(array([0.06218601, 0.13384722, 0.12197592, 0.20182752, 0.18046191,
       0.12962582, 0.08360343, 0.1123499 , 0.13502354, 1.45364503,
       1.570245  , 4.24571674, 1.5516632 ,        nan, 1.59287052,
       0.09288992])) ; se_x_mu=(array([0.06218601, 0.13384722, 0.12197592, 0.20182752, 0.18046191,
       0.12962582, 0.08360343, 0.1123499 , 0.13502354]))"
182	Lama1_chr17_7787	"NaNs in SEs; H=np.array([[-109.37802769331476, -31.522123412105476, -14.944243104353914, 2.8331759053636314, 0.5963828480986099, 0.5829040883791652, 0.18976588563593783, 0.5541821570811942, 0.59049224525454, 0.009309929407299498], [-31.522123412105476, -31.522123412105476, 0.0, 0.803462644928125, 0.17065656774879484, 0.16528663942827823, 0.061644615747507965, 0.14446544488939123, 0.17646029334924682, 0.003883014275642721], [-14.944243104353914, 0.0, -14.944243104353914, 0.39511286935076106, 0.08260469598773135, 0.07638390721569122, 0.02147626723525549, 0.08616719344333298, 0.08345996268593646, 4.863418619642512e-05], [2.8331759053636314, 0.803462644928125, 0.39511286935076106, 0.08332175969556116, 0.059255176458184344, 0.046981384206628216, -0.058251349643699324, -0.007894996921662956, 0.1144214636948504, 0.25957325936951264], [0.5963828480986099, 0.17065656774879484, 0.08260469598773135, 0.059255176458184344, 0.059255176458184344, 0.0, 0.0, 0.0, 0.0, 0.05472239147973434], [0.5829040883791651, 0.16528663942827823, 0.07638390721569122, 0.046981384206628216, 0.0, 0.046981384206628216, 0.0, 0.0, 0.0, 0.05367714496064738], [0.18976588563593783, 0.06164461574750796, 0.02147626723525549, -0.058251349643699324, 0.0, 0.0, -0.058251349643699324, 0.0, 0.0, 0.017923669348099917], [0.5541821570811942, 0.14446544488939123, 0.086167193443333, -0.007894996921662956, 0.0, 0.0, 0.0, -0.007894996921662956, 0.0, 0.049858130220547726], [0.5904922452545401, 0.17646029334924682, 0.08345996268593656, 0.1144214636948504, 0.0, 0.0, 0.0, 0.0, 0.1144214636948504, 0.05433815043900874], [0.009309929407438244, 0.003883014275668867, 4.8634186186058415e-05, 0.2595732593695175, 0.05472239147973479, 0.053677144960650125, 0.01792366934809997, 0.04985813022054941, 0.054338150439010136, -7.99584972892319]]) ; se_all=(array([ 0.1370544 ,  0.21835826,  0.28789688,  3.78437288,  0.23273379,
               nan,  5.58899271, 14.13073198,  2.56409086,  0.35936981])) ; se_x_mu=(array([0.1370544 , 0.21835826, 0.28789688]))"
183	Sox17_chr1_77	"NaNs in SEs; H=np.array([[-1115.1923297460637, -60.31976562861035, -330.45326586170825, -92.25921486356768, -37.979162681672626, -96.18703245265829, -105.87739443601197, 44.99808802475694, 7.963088848510368, 1.684939389040516, 13.904455757142623, 14.321118442391146, 1.880176496797842, 1.8156525113817579], [-60.31976562861035, -60.31976562861035, 0.0, 0.0, 0.0, 0.0, 0.0, 2.3326135362503315, 0.4622943425247899, 0.10132892113473212, 0.6280677989497724, 0.7539079633333529, 0.09989164243390779, 0.0010052843747472007], [-330.45326586170825, 0.0, -330.45326586170825, 0.0, 0.0, 0.0, 0.0, 13.695581029699103, 2.5374247167326502, 0.4996207348863725, 4.161316051852816, 4.4545683454444465, 0.5280694883565987, 1.2071938127213535], [-92.25921486356768, 0.0, 0.0, -92.25921486356768, 0.0, 0.0, 0.0, 3.7093906518926256, 0.6174589141488326, 0.14634434622996442, 1.109075422856254, 1.280836468071089, 0.16110527592736373, 0.022536177431741647], [-37.979162681672626, 0.0, 0.0, 0.0, -37.979162681672626, 0.0, 0.0, 1.5141049912513964, 0.31199142869850083, 0.07074487773639035, 0.49294291937105683, 0.4170379263561256, 0.04308113849512749, 0.019651488618053825], [-96.18703245265829, 0.0, 0.0, 0.0, 0.0, -96.18703245265829, 0.0, 3.8841292603062634, 0.6964337184063929, 0.14879422144359414, 1.2275014850959742, 1.2326857916271914, 0.16791971828897775, -0.0019351373623056056], [-105.87739443601197, 0.0, 0.0, 0.0, 0.0, 0.0, -105.87739443601197, 4.29327869116333, 0.7103972070978708, 0.1536275204016525, 1.2751687539584402, 1.461663708122262, 0.1898950999957054, -0.00139344995406801], [44.99808802475696, 2.3326135362503315, 13.6955810296991, 3.7093906518926256, 1.5141049912513962, 3.8841292603062634, 4.29327869116333, -3.438908262365744, -0.4666766415519366, -0.1568911982805766, -1.536061648256492, -1.506378508552992, -0.04303450082338462, 12.910729156943301], [7.963088848510367, 0.4622943425247899, 2.5374247167326494, 0.6174589141488326, 0.3119914286985007, 0.6964337184063929, 0.710397207097871, -0.4666766415519366, -0.4666766415519366, 0.0, 0.0, 0.0, 0.0, 2.309954664622349], [1.684939389040516, 0.10132892113473212, 0.4996207348863724, 0.14634434622996442, 0.07074487773639034, 0.14879422144359414, 0.1536275204016525, -0.1568911982805766, 0.0, -0.1568911982805766, 0.0, 0.0, 0.0, 0.4761796697854665], [13.904455757142623, 0.6280677989497724, 4.161316051852816, 1.109075422856254, 0.49294291937105683, 1.227501485095974, 1.2751687539584402, -1.536061648256492, 0.0, 0.0, -1.536061648256492, 0.0, 0.0, 4.0010919390836035], [14.321118442391146, 0.7539079633333529, 4.4545683454444465, 1.2808364680710889, 0.4170379263561257, 1.2326857916271912, 1.461663708122262, -1.506378508552992, 0.0, 0.0, 0.0, -1.506378508552992, 0.0, 4.098830149976731], [1.880176496797842, 0.0998916424339078, 0.5280694883565987, 0.16110527592736373, 0.0430811384951275, 0.16791971828897778, 0.1898950999957054, -0.04303450082338462, 0.0, 0.0, 0.0, 0.0, -0.04303450082338462, 0.5266702180204467], [1.8156525113795325, 0.0010052843747412332, 1.2071938127214237, 0.022536177431775162, 0.01965148861805177, -0.001935137362315098, -0.0013934499539807188, 12.910729156943091, 2.309954664622378, 0.4761796697854548, 4.001091939083544, 4.098830149976685, 0.5266702180204561, -220.59512205277497]]) ; se_all=(array([0.05605777, 0.13832855, 0.07471724, 0.11572243, 0.16998858,
       0.11378975, 0.10953527,        nan, 1.3685694 , 2.23619312,
              nan,        nan, 5.44841065, 0.07683123])) ; se_x_mu=(array([0.05605777, 0.13832855, 0.07471724, 0.11572243, 0.16998858,
       0.11378975, 0.10953527]))"
184	Btg1_chr10_9572	"NaNs in SEs; H=np.array([[-133.083455776782, -10.605786056403682, -63.774966834180596, 2.909555211538476, 0.7090805187388575, 0.7138861398555639, 0.21955150110558272, 0.6496760967770718, 0.23276439540248006, 0.02165564657040671], [-10.605786056403682, -10.605786056403682, 0.0, 0.23636933594978463, 0.05085312532345241, 0.06462078416864492, 0.018703774811642364, 0.05814819673925067, 0.01655434454579728, 0.0004318589214351552], [-63.774966834180596, 0.0, -63.774966834180596, 1.3951809560677177, 0.3486317435182874, 0.3445111988663571, 0.10516509096077632, 0.2986945683260367, 0.10996995959221245, 0.016959249253997555], [2.909555211538476, 0.2363693359497847, 1.3951809560677177, 0.07502220428797039, -0.0006733303548404901, 0.10009337229883508, -0.057886810670527186, 0.018028286004727823, -0.04514649973852647, 0.18393135567610433], [0.7090805187388575, 0.05085312532345241, 0.3486317435182874, -0.0006733303548404901, -0.0006733303548404901, 0.0, 0.0, 0.0, 0.0, 0.04539374613484872], [0.7138861398555639, 0.06462078416864496, 0.3445111988663571, 0.10009337229883508, 0.0, 0.10009337229883508, 0.0, 0.0, 0.0, 0.045060746152939014], [0.21955150110558272, 0.018703774811642364, 0.10516509096077632, -0.057886810670527186, 0.0, 0.0, -0.057886810670527186, 0.0, 0.0, 0.013851864548368734], [0.6496760967770718, 0.05814819673925067, 0.2986945683260367, 0.018028286004727823, 0.0, 0.0, 0.0, 0.018028286004727823, 0.0, 0.040343210967103436], [0.23276439540248006, 0.01655434454579728, 0.10996995959221245, -0.04514649973852647, 0.0, 0.0, 0.0, 0.0, -0.04514649973852647, 0.014699077508037308], [0.021655646570459153, 0.0004318589214333812, 0.016959249254005715, 0.18393135567603736, 0.04539374613485325, 0.04506074615293887, 0.013851864548367399, 0.04034321096709803, 0.014699077508037561, -6.345500669042849]]) ; se_all=(array([0.09427702, 0.33342973, 0.18080239,        nan,        nan,
              nan, 0.7769328 ,        nan, 2.33007065, 0.3774567 ])) ; se_x_mu=(array([0.09427702, 0.33342973, 0.18080239]))"
185	Lamb1_chr12_2215	"NaNs in SEs; H=np.array([[-396.241424045376, -54.89812307452701, -57.66906137412223, -26.041119338852294, -25.823883097027043, -119.30029248217208, -44.43242784589142, 43.663269215623814, 14.886209593366079, 13.224923982866937, 8.91534016213414, 1.083761740646752, 1.7434617245698456, 0.1475419942049117], [-54.89812307452701, -54.89812307452701, 0.0, 0.0, 0.0, 0.0, 0.0, 5.946297316062897, 2.100635463741572, 1.7884594801514977, 1.14743218317919, 0.15820611394757397, 0.26295423185591155, 0.03591322733382886], [-57.66906137412223, 0.0, -57.66906137412223, 0.0, 0.0, 0.0, 0.0, 6.452882359091487, 2.1405596442361583, 2.0261405562532118, 1.305805282740826, 0.14939423999909346, 0.25082408746041335, 0.01827814275620196], [-26.041119338852294, 0.0, 0.0, -26.041119338852294, 0.0, 0.0, 0.0, 2.769054113639421, 0.9625872631377246, 0.7944865272760967, 0.5742352813859588, 0.07062847782819334, 0.133233911936653, 0.0024296922188256007], [-25.823883097027043, 0.0, 0.0, 0.0, -25.823883097027043, 0.0, 0.0, 2.834941716049295, 0.9506845913527767, 0.8804227169826745, 0.5714952684678589, 0.06907175766518103, 0.11971585938857862, -0.0002122075736309308], [-119.30029248217208, 0.0, 0.0, 0.0, 0.0, -119.30029248217208, 0.0, 13.288740572644283, 4.337694762251496, 4.047556017065516, 2.9349004354858383, 0.3287081225262344, 0.4701312459351538, 0.07055670774972542], [-44.43242784589142, 0.0, 0.0, 0.0, 0.0, 0.0, -44.43242784589142, 4.876501378828955, 1.7966003845354521, 1.4342027615863566, 0.8883187517973546, 0.12528848570293066, 0.19788804817308409, 0.005752908413612215], [43.663269215623814, 5.946297316062897, 6.452882359091487, 2.7690541136394207, 2.834941716049295, 13.288740572644283, 4.876501378828955, -9.532543070986083, -4.291507801421236, -3.3870998094927867, -1.3494182935815022, 0.004570291242208521, 0.034595249668813, 3.553007616816343], [14.886209593366079, 2.100635463741572, 2.1405596442361583, 0.9625872631377249, 0.9506845913527767, 4.337694762251496, 1.7966003845354521, -4.291507801421236, -4.291507801421236, 0.0, 0.0, 0.0, 0.0, 1.2047904347987843], [13.224923982866937, 1.7884594801514977, 2.0261405562532118, 0.7944865272760967, 0.8804227169826745, 4.047556017065516, 1.4342027615863566, -3.3870998094927867, 0.0, -3.3870998094927867, 0.0, 0.0, 0.0, 1.077761754710806], [8.91534016213414, 1.1474321831791905, 1.305805282740826, 0.5742352813859588, 0.5714952684678589, 2.9349004354858383, 0.8883187517973546, -1.3494182935815022, 0.0, 0.0, -1.3494182935815022, 0.0, 0.0, 0.7328141205149908], [1.0837617406467521, 0.15820611394757397, 0.14939423999909346, 0.07062847782819336, 0.06907175766518103, 0.3287081225262344, 0.12528848570293066, 0.004570291242208521, 0.0, 0.0, 0.0, 0.004570291242208521, 0.0, 0.08853252767926677], [1.7434617245698456, 0.26295423185591155, 0.25082408746041335, 0.133233911936653, 0.11971585938857862, 0.4701312459351538, 0.19788804817308409, 0.034595249668813, 0.0, 0.0, 0.0, 0.0, 0.034595249668813, 0.13975069696236478], [0.14754199420450753, 0.03591322733381208, 0.01827814275618822, 0.0024296922188347114, -0.00021220757363604736, 0.07055670774975464, 0.0057529084136096476, 3.553007616816217, 1.2047904347987952, 1.0777617547105507, 0.7328141205151013, 0.08853252767926278, 0.1397506969623521, -23.665608990929286]]) ; se_all=(array([0.11837533, 0.18140257, 0.17897632, 0.23041139, 0.23111427,
       0.15188129, 0.19286743, 1.39129323, 1.44818035, 1.46748184,
       1.60658389,        nan,        nan, 0.20242278])) ; se_x_mu=(array([0.11837533, 0.18140257, 0.17897632, 0.23041139, 0.23111427,
       0.15188129, 0.19286743]))"
186	Bend5_chr4_8192	"NaNs in SEs; H=np.array([[-286.65167445988726, -68.45567651140995, -19.29304497788618, -19.67042737986954, -35.01016983942934, 24.81840866210934, 0.5491801383216796, 0.5322365339295914, 1.5417185069067791, 9.508417364458914, 9.989359962679652, 0.0421718655172294], [-68.45567651140995, -68.45567651140995, 0.0, 0.0, 0.0, 6.061051655604884, 0.13134909272080766, 0.1244938386226731, 0.3671426401237793, 2.277016143669726, 2.537623377965849, 0.011942876292893506], [-19.29304497788618, 0.0, -19.29304497788618, 0.0, 0.0, 1.6442149734748643, 0.03871108150079439, 0.03571416911053776, 0.10338473543277761, 0.6517321758095032, 0.6353468176193566, 0.0008751528093317478], [-19.67042737986954, 0.0, 0.0, -19.67042737986954, 0.0, 1.6984939136017065, 0.03836297151679612, 0.03484570435627984, 0.11033259179484277, 0.6316510368234632, 0.6983207568624378, 0.0003384563148909332], [-35.01016983942934, 0.0, 0.0, 0.0, -35.01016983942934, 2.9967932345022192, 0.06476434003406852, 0.06667371933139327, 0.19475143762635092, 1.1679199947489074, 1.1717219795833156, 0.001164270789853517], [24.818408662109345, 6.061051655604884, 1.6442149734748643, 1.6984939136017063, 2.9967932345022192, -4.785956884826357, -0.056646855150254374, -0.054477946587071426, 0.0020697668763147298, -2.307383447314172, -2.6056246327801054, 1.0298579779769288], [0.5491801383216796, 0.13134909272080766, 0.03871108150079442, 0.03836297151679612, 0.06476434003406852, -0.056646855150254374, -0.056646855150254374, 0.0, 0.0, 0.0, 0.0, 0.022756128782715584], [0.5322365339295914, 0.12449383862267317, 0.03571416911053776, 0.03484570435627984, 0.06667371933139327, -0.054477946587071426, 0.0, -0.054477946587071426, 0.0, 0.0, 0.0, 0.02209630174362896], [1.5417185069067805, 0.3671426401237793, 0.10338473543277751, 0.11033259179484277, 0.19475143762635092, 0.0020697668763147298, 0.0, 0.0, 0.0020697668763147298, 0.0, 0.0, 0.0634383112866073], [9.508417364458914, 2.277016143669726, 0.6517321758095032, 0.6316510368234632, 1.1679199947489074, -2.307383447314172, 0.0, 0.0, 0.0, -2.307383447314172, 0.0, 0.39425872477703444], [9.989359962679652, 2.537623377965849, 0.6353468176193566, 0.6983207568624377, 1.1717219795833156, -2.6056246327801054, 0.0, 0.0, 0.0, 0.0, -2.6056246327801054, 0.41528882330008776], [0.04217186551732777, 0.011942876292856841, 0.000875152809339752, 0.00033845631489393124, 0.0011642707898367188, 1.0298579779768602, 0.022756128782706497, 0.02209630174362509, 0.06343831128654998, 0.3942587247775009, 0.415288823299619, -9.314773178485666]]) ; se_all=(array([0.06590651, 0.14677526, 0.24241789, 0.2403445 , 0.18839544,
              nan, 3.70756248, 3.80150382,        nan,        nan,
              nan, 0.32105772])) ; se_x_mu=(array([0.06590651, 0.14677526, 0.24241789, 0.2403445 , 0.18839544]))"
187	Cited2_chr10_1239	ok
188	Epas1_chr17_10057	"NaNs in SEs; H=np.array([[-607.7675016385841, -177.02868477771648, -27.82556384354847, -33.25952491165358, -35.20313399311902, -15.300867761426082, 12.073345581970358, 2.9929981458854464, 2.896253034367851, 2.6296107817271417, 0.9584348667726932, 0.9367770131784267, 0.029079689140304274], [-177.02868477771648, -177.02868477771648, 0.0, 0.0, 0.0, 0.0, 3.463893530792091, 0.8319617928721826, 0.8458085870974147, 0.746827047794574, 0.2736337516977294, 0.3007500302998111, -0.0008851275236602119], [-27.82556384354847, 0.0, -27.82556384354847, 0.0, 0.0, 0.0, 0.5491526383876578, 0.13964928018462008, 0.1322441136414359, 0.11098964226199313, 0.04662322226675077, 0.042258370738178216, -0.0008557569638473778], [-33.25952491165358, 0.0, 0.0, -33.25952491165358, 0.0, 0.0, 0.669103151768315, 0.1729266762561171, 0.15782144759953834, 0.15138627480963593, 0.05279345061340472, 0.04941056360799378, -0.0006233702628132753], [-35.20313399311902, 0.0, 0.0, 0.0, -35.20313399311902, 0.0, 0.7048803419711139, 0.18001410959563244, 0.16033423202390606, 0.16178280412243026, 0.056422955124612185, 0.051254370887545975, -0.0006698875399624416], [-15.300867761426082, 0.0, 0.0, 0.0, 0.0, -15.300867761426082, 0.2999509562189734, 0.08008714930045792, 0.06694660816789942, 0.06285889716384492, 0.024685064740942876, 0.025794766992899933, -0.000485646109519379], [12.073345581970358, 3.463893530792091, 0.5491526383876578, 0.669103151768315, 0.7048803419711138, 0.2999509562189734, -0.0984446560104097, 0.10317508266152443, -0.024636668654934756, -0.05673765200162001, -0.032126354045961134, -0.11473229702020664, 1.123389790342948], [2.9929981458854464, 0.8319617928721826, 0.13964928018462008, 0.1729266762561171, 0.18001410959563244, 0.08008714930045792, 0.10317508266152443, 0.10317508266152443, 0.0, 0.0, 0.0, 0.0, 0.27647653674833866], [2.8962530343678523, 0.8458085870974147, 0.13224411364143585, 0.15782144759953834, 0.16033423202390606, 0.06694660816789942, -0.024636668654934756, 0.0, -0.024636668654934756, 0.0, 0.0, 0.0, 0.2710032167309009], [2.6296107817271417, 0.746827047794574, 0.11098964226199313, 0.15138627480963576, 0.16178280412243026, 0.06285889716384492, -0.05673765200162001, 0.0, 0.0, -0.05673765200162001, 0.0, 0.0, 0.24429676447754797], [0.9584348667726931, 0.2736337516977294, 0.046623222266750766, 0.05279345061340468, 0.056422955124612185, 0.024685064740942876, -0.032126354045961134, 0.0, 0.0, 0.0, -0.032126354045961134, 0.0, 0.08881754390646729], [0.9367770131784267, 0.3007500302998111, 0.04225837073817821, 0.04941056360799378, 0.051254370887545975, 0.025794766992899933, -0.11473229702020664, 0.0, 0.0, 0.0, 0.0, -0.11473229702020664, 0.08752174248835325], [0.02907968913932546, -0.0008851275236598788, -0.0008557569638516505, -0.0006233702627615467, -0.0006698875399415161, -0.0004856461095257558, 1.1233897903431966, 0.2764765367483051, 0.2710032167307723, 0.24429676447755, 0.08881754390648844, 0.08752174248831857, -38.8082405811183]]) ; se_all=(array([ 0.07144176,  0.09370969,  0.1976771 ,  0.18220348,  0.1776055 ,
        0.26174092,         nan,         nan, 12.09362895,  5.68268218,
        5.57856449,         nan,  0.17323265])) ; se_x_mu=(array([0.07144176, 0.09370969, 0.1976771 , 0.18220348, 0.1776055 ,
       0.26174092]))"
189	Gata4_chr14_5762	"NaNs in SEs; H=np.array([[-150.88890651915375, -22.99128635649281, -50.97119028274185, 2.2062964312595463, 0.4825083596585123, 0.21951034316241788, 0.49461667223353833, 0.4785995143508407, 0.21331267174840154, 1.0627778696112344e-05], [-22.99128635649281, -22.99128635649281, 0.0, 0.33803952837057005, 0.07345930993670334, 0.03435079199513511, 0.0792827381154016, 0.07443273944975343, 0.031592485348643805, -3.655700684910976e-08], [-50.97119028274185, 0.0, -50.97119028274185, 0.7513099850905588, 0.1649751665361607, 0.07196985187382562, 0.17990731998762938, 0.16246314212896146, 0.07277040263382281, 6.418271551328799e-07], [2.2062964312595463, 0.33803952837057, 0.7513099850905588, -0.009793763792438088, 0.000848403837941103, -0.01221475239192995, 0.020853585144709585, 0.00020564222629181408, -0.021128007186094564, 0.0005276917528903687], [0.4825083596585123, 0.07345930993670334, 0.1649751665361607, 0.000848403837941103, 0.000848403837941103, 0.0, 0.0, 0.0, 0.0, 0.00011541664147357714], [0.21951034316241788, 0.034350791995135126, 0.07196985187382564, -0.01221475239192995, 0.0, -0.01221475239192995, 0.0, 0.0, 0.0, 5.2617517836328445e-05], [0.49461667223353833, 0.0792827381154016, 0.17990731998762938, 0.020853585144709585, 0.0, 0.0, 0.020853585144709585, 0.0, 0.0, 0.00011694069839701583], [0.4785995143508406, 0.07443273944975343, 0.1624631421289613, 0.00020564222629181408, 0.0, 0.0, 0.0, 0.00020564222629181408, 0.0, 0.00011435847829082522], [0.21331267174840146, 0.03159248534864378, 0.07277040263382276, -0.021128007186094564, 0.0, 0.0, 0.0, 0.0, -0.021128007186094564, 5.1157541944973346e-05], [1.0627778635807772e-05, -3.6557011640070414e-08, 6.418271496499983e-07, 0.0005276917518131086, 0.00011541663980096928, 5.261751937268855e-05, 0.00011694069985423994, 0.00011435847795837617, 5.115754174767062e-05, -0.01073533424641937]]) ; se_all=(array([0.08399215, 0.23750357, 0.18038968,        nan,        nan,
              nan,        nan,        nan,        nan, 9.64792275])) ; se_x_mu=(array([0.08399215, 0.23750357, 0.18038968]))"
190	Lamb1_chr12_2288	"NaNs in SEs; H=np.array([[-213.7952851087177, -40.421755773719354, -30.24154247780838, -17.621063721271376, -22.42514525024182, 49.474410837731945, 11.745086045634428, 9.408604968104505, 11.53199747587297, 0.5044051245717793, 12.337129760494605, 0.06834610276727077], [-40.421755773719354, -40.421755773719354, 0.0, 0.0, 0.0, 9.347096343964441, 2.196202817208972, 1.838412378018922, 2.2018412397983598, 0.09631444943199764, 2.2864807771951674, 0.007235872523813507], [-30.24154247780838, 0.0, -30.24154247780838, 0.0, 0.0, 6.8701029511597405, 1.5770505181042627, 1.3631429524901841, 1.5061163712487806, 0.07308259366614547, 1.7788416368689888, 0.005689734279515574], [-17.621063721271376, 0.0, 0.0, -17.621063721271376, 0.0, 4.111692399678508, 0.9802190367309104, 0.8248697956107034, 0.9303325247348835, 0.041185090662280564, 1.0194683525184292, -5.573086638449099e-05], [-22.42514525024182, 0.0, 0.0, 0.0, -22.42514525024182, 5.1882252044233885, 1.2964380887556595, 0.972229116489863, 1.1683673435705417, 0.052344282514530126, 1.2753958785061836, -6.688551427846447e-06], [49.474410837731945, 9.347096343964441, 6.8701029511597405, 4.111692399678508, 5.1882252044233885, -18.844185642048064, -5.254438950935306, -2.6976287108581913, -4.587997497950971, -0.03199426879461635, -6.111297883421967, 2.2003204835970305], [11.74508604563443, 2.1962028172089725, 1.5770505181042629, 0.9802190367309105, 1.2964380887556595, -5.254438950935306, -5.254438950935306, 0.0, 0.0, 0.0, 0.0, 0.5205000456366243], [9.408604968104505, 1.838412378018922, 1.3631429524901841, 0.8248697956107034, 0.972229116489863, -2.6976287108581913, 0.0, -2.6976287108581913, 0.0, 0.0, 0.0, 0.4147553026693209], [11.53199747587297, 2.2018412397983598, 1.5061163712487806, 0.9303325247348835, 1.1683673435705417, -4.587997497950971, 0.0, 0.0, -4.587997497950971, 0.0, 0.0, 0.5175173328877318], [0.5044051245717793, 0.09631444943199766, 0.07308259366614547, 0.041185090662280564, 0.052344282514530126, -0.03199426879461635, 0.0, 0.0, 0.0, -0.03199426879461635, 0.0, 0.022419470423493324], [12.337129760494605, 2.2864807771951674, 1.7788416368689888, 1.0194683525184292, 1.275395878506183, -6.111297883421967, 0.0, 0.0, 0.0, 0.0, -6.111297883421967, 0.549505929106261], [0.06834610276829522, 0.007235872523784881, 0.005689734279497927, -5.5730866386216604e-05, -6.688551440925394e-06, 2.2003204835975794, 0.5205000456367657, 0.41475530266941973, 0.5175173328878486, 0.022419470423489685, 0.5495059291067719, -6.822500624527947]]) ; se_all=(array([       nan, 0.18557576, 0.20683306, 0.25779304, 0.23301705,
              nan,        nan,        nan,        nan, 5.73066613,
              nan, 0.18199666])) ; se_x_mu=(array([       nan, 0.18557576, 0.20683306, 0.25779304, 0.23301705]))"
191	Sox17_chr1_78	"NaNs in SEs; H=np.array([[-213.77701019241348, -47.161499280749666, -18.599706807174865, -41.11352390881338, -33.461608905309255, 4.178140385690845, 1.2699221387346402, 0.3681043692380714, 1.14817708105058, 0.4007942830798871, 0.34171948839030764, -0.0030972650024486455], [-47.161499280749666, -47.161499280749666, 0.0, 0.0, 0.0, 0.9158826764687027, 0.2932063131273147, 0.08031201878646459, 0.23897187070807707, 0.08928963005823765, 0.08200933332077902, -0.001204072566136194], [-18.599706807174865, 0.0, -18.599706807174865, 0.0, 0.0, 0.36053493623863814, 0.09902565539599233, 0.03050573541944614, 0.10422199707013106, 0.033601554550399905, 0.03127785658872398, -0.00030692443028677396], [-41.11352390881338, 0.0, 0.0, -41.11352390881338, 0.0, 0.8103363283062385, 0.24398986913424484, 0.06954600800620916, 0.22991858506254692, 0.08005013853281182, 0.06145434387165424, -0.0006934038230890123], [-33.461608905309255, 0.0, 0.0, 0.0, -33.461608905309255, 0.6631734064745973, 0.1949106871816941, 0.05517405778044033, 0.19913024190784032, 0.061129826020071866, 0.05413235856103146, -0.0004445067678875139], [4.178140385690845, 0.9158826764687028, 0.36053493623863814, 0.8103363283062385, 0.6631734064745973, 0.19465790328978871, 0.29595387221997094, -0.03535356365797353, -0.0079013737560448, -0.01152107590642363, -0.1193030500911467, 0.06080818690287622], [1.2699221387346402, 0.2932063131273147, 0.09902565539599233, 0.24398986913424484, 0.19491068718169424, 0.29595387221997094, 0.29595387221997094, 0.0, 0.0, 0.0, 0.0, 0.018654440960446276], [0.3681043692380714, 0.0803120187864646, 0.03050573541944614, 0.06954600800620919, 0.05517405778044042, -0.03535356365797353, 0.0, -0.03535356365797353, 0.0, 0.0, 0.0, 0.005404569860291685], [1.1481770810505811, 0.23897187070807707, 0.10422199707013106, 0.22991858506254684, 0.19913024190784032, -0.0079013737560448, 0.0, 0.0, -0.0079013737560448, 0.0, 0.0, 0.01645555832026336], [0.4007942830798871, 0.08928963005823765, 0.033601554550399905, 0.08005013853281182, 0.06112982602007186, -0.01152107590642363, 0.0, 0.0, 0.0, -0.01152107590642363, 0.0, 0.005850121329908629], [0.34171948839030764, 0.08200933332077902, 0.03127785658872398, 0.06145434387165424, 0.054132358561031504, -0.1193030500911467, 0.0, 0.0, 0.0, 0.0, -0.1193030500911467, 0.005008933768856974], [-0.0030972650022476067, -0.0012040725661442986, -0.00030692443028507155, -0.0006934038230979045, -0.0004445067678657266, 0.06080818690324463, 0.01865444096041813, 0.0054045698602696035, 0.016455558320288333, 0.005850121329885383, 0.005008933768841928, -1.9744509635165741]]) ; se_all=(array([ 0.18669089,  0.18660133,  0.25989817,  0.19524001,  0.20980282,
               nan,         nan,  5.04452554, 28.47651998, 11.34974145,
               nan,  0.75009982])) ; se_x_mu=(array([0.18669089, 0.18660133, 0.25989817, 0.19524001, 0.20980282]))"
192	Cited2_chr10_1248	"NaNs in SEs; H=np.array([[-197.05866512276035, -34.93182007141736, -19.599444236357797, 25.369623587758376, 5.389888167076736, 8.976519979322083, 0.40106964339381956, 7.432824144116376, 0.40346936065546135, 0.07542484399884003], [-34.93182007141736, -34.93182007141736, 0.0, 4.621279257251925, 0.9560829551823147, 1.5842570728809287, 0.06770243406656955, 1.4656728041688551, 0.07146498287842609, 0.0046427439512896395], [-19.599444236357797, 0.0, -19.599444236357797, 2.551059287050959, 0.5367648217575726, 0.8829683518221358, 0.039746980696286356, 0.7882051274542862, 0.04044639926359967, 0.0005354113634994696], [25.369623587758376, 4.621279257251925, 2.5510592870509585, -6.637756383184955, -0.9905968736336642, -3.6632088968422147, -0.033684903279491404, -2.2219992063392544, -0.057449520879778566, 1.330087251949166], [5.389888167076736, 0.9560829551823147, 0.5367648217575726, -0.9905968736336642, -0.9905968736336642, 0.0, 0.0, 0.0, 0.0, 0.283849249507495], [8.976519979322083, 1.5842570728809287, 0.8829683518221358, -3.6632088968422147, 0.0, -3.6632088968422147, 0.0, 0.0, 0.0, 0.4736504140658549], [0.40106964339381973, 0.06770243406656955, 0.03974698069628635, -0.033684903279491404, 0.0, 0.0, -0.033684903279491404, 0.0, 0.0, 0.0212629266318042], [7.432824144116376, 1.4656728041688551, 0.7882051274542862, -2.2219992063392544, 0.0, 0.0, 0.0, -2.2219992063392544, 0.0, 0.3831799067866662], [0.4034693606554614, 0.07146498287842609, 0.04044639926359966, -0.057449520879778566, 0.0, 0.0, 0.0, 0.0, -0.057449520879778566, 0.021237137044606245], [0.07542484399860605, 0.0046427439513303526, 0.000535411363522531, 1.330087251950033, 0.28384924950752577, 0.4736504140662703, 0.021262926631807844, 0.38317990678652336, 0.021237137044596288, -7.151672063841033]]) ; se_all=(array([0.09625673, 0.18884044, 0.24092644,        nan,        nan,
              nan, 5.47922947,        nan, 4.03902129, 0.38039568])) ; se_x_mu=(array([0.09625673, 0.18884044, 0.24092644]))"
193	Sparc_chr11_7182	"NaNs in SEs; H=np.array([[-73.00601022414033, -24.147731407593646, 1.2417607010732514, 0.12318072750218828, 0.11584093222341142, 0.12723363818581224, 0.36134977020467623, 0.3139748644047509, 0.008478936786962446], [-24.147731407593646, -24.147731407593646, 0.40837110666303034, 0.039477494766632835, 0.042322565733169386, 0.04054718407722162, 0.11753838819516775, 0.10146976197942957, 0.0037013882197678323], [1.2417607010732514, 0.40837110666303034, 0.03743656598546329, -0.01343675346357831, -0.019747872801125305, -0.005424441773003778, 0.08366285101780438, -0.007350209601451836, 0.04857311129792004], [0.12318072750218828, 0.039477494766632835, -0.01343675346357831, -0.01343675346357831, 0.0, 0.0, 0.0, 0.0, 0.004822782606757307], [0.11584093222341142, 0.042322565733169386, -0.019747872801125305, 0.0, -0.019747872801125305, 0.0, 0.0, 0.0, 0.004513232797189946], [0.12723363818581224, 0.04054718407722162, -0.005424441773003778, 0.0, 0.0, -0.005424441773003778, 0.0, 0.0, 0.004982440730774442], [0.36134977020467623, 0.11753838819516775, 0.08366285101780438, 0.0, 0.0, 0.0, 0.08366285101780438, 0.0, 0.014140208252712207], [0.3139748644047509, 0.10146976197942957, -0.007350209601451836, 0.0, 0.0, 0.0, 0.0, -0.007350209601451836, 0.012289161872266988], [0.008478936786859459, 0.0037013882197822756, 0.04857311129793018, 0.004822782606757725, 0.004513232797191069, 0.004982440730773474, 0.014140208252714892, 0.012289161872267584, -2.1205835076818857]]) ; se_all=(array([       nan, 0.24877118,        nan,        nan,        nan,
              nan,        nan,        nan, 0.65649006])) ; se_x_mu=(array([       nan, 0.24877118]))"
194	Bend5_chr4_8172	ok
195	Klf4_chr4_3952	"NaNs in SEs; H=np.array([[-366.89889371998277, -292.45408654385716, -14.769133442026718, -24.04284496096883, 16.63349506633253, 9.026935889457949, 0.6463144463950156, 0.6614493397836362, 3.040045333741253, 0.5661320407996742, 0.9238375005027715], [-292.45408654385716, -292.45408654385716, 0.0, 0.0, 13.243796620873269, 7.178289409681626, 0.5222423877972528, 0.5318056907645962, 2.421875348217442, 0.43879100608293736, 0.9241176640900435], [-14.769133442026718, 0.0, -14.769133442026718, 0.0, 0.6567504641133327, 0.34819929807432737, 0.025508301392841614, 0.025902297154185763, 0.12265020338618586, 0.024786897021403995, -0.00020154208096912472], [-24.04284496096883, 0.0, 0.0, -24.04284496096883, 1.1226421205738042, 0.6237007144360709, 0.04098168306450534, 0.041569428398465266, 0.20116549963713432, 0.03827868013921972, -0.000603865142428355], [16.633495066332532, 13.24379662087327, 0.6567504641133327, 1.1226421205738044, -2.161038258295716, -2.301215232760381, -0.038015122414212295, -0.034023414938324004, -0.2246696676020789, -0.11549445026517431, 5.675646705035215], [9.026935889457949, 7.178289409681627, 0.34819929807432737, 0.6237007144360709, -2.301215232760381, -2.301215232760381, 0.0, 0.0, 0.0, 0.0, 3.0765768635933473], [0.6463144463950155, 0.5222423877972527, 0.025508301392841607, 0.04098168306450534, -0.038015122414212295, 0.0, -0.038015122414212295, 0.0, 0.0, 0.0, 0.22362942047592244], [0.6614493397836362, 0.5318056907645962, 0.025902297154185763, 0.041569428398465245, -0.034023414938324004, 0.0, 0.0, -0.034023414938324004, 0.0, 0.0, 0.2277864384695137], [3.040045333741253, 2.421875348217442, 0.12265020338618586, 0.20116549963713432, -0.2246696676020789, 0.0, 0.0, 0.0, -0.2246696676020789, 0.0, 1.0378346467288417], [0.5661320407996738, 0.43879100608293703, 0.024786897021403995, 0.03827868013921972, -0.11549445026517431, 0.0, 0.0, 0.0, 0.0, -0.11549445026517431, 0.18829361173330128], [0.9238375005031827, 0.9241176640900282, -0.00020154208096173631, -0.0006038651424363772, 5.675646705035348, 3.0765768635932886, 0.22362942047591527, 0.22778643846952118, 1.0378346467288715, 0.1882936117333145, -84.51995496153768]]) ; se_all=(array([0.17062901, 0.17744082, 0.3094732 , 0.26392803,        nan,
              nan, 5.25941045, 5.61096993, 2.20584462, 2.73327401,
       0.11920599])) ; se_x_mu=(array([0.17062901, 0.17744082, 0.3094732 , 0.26392803]))"
196	Cited2_chr10_1270	"NaNs in SEs; H=np.array([[-115.55758166719599, -22.674100705795592, 2.091009514907856, 0.18452429396081402, 0.5802841165463845, 0.5872859961723318, 0.17761763128685287, 0.2088916331514124, 0.003194761720696382], [-22.674100705795592, -22.674100705795592, 0.3988707229829834, 0.03763713964773674, 0.10515201571382753, 0.11015753780432469, 0.03155306385495025, 0.049752736315960645, -0.0024980338669946395], [2.0910095149078574, 0.39887072298298343, 0.05321101751273202, -0.032378763324081516, -0.010448614035220453, 0.08864498431493432, -0.013322168250488048, -0.0354670864336556, 0.32756592875612406], [0.18452429396081405, 0.03763713964773677, -0.032378763324081516, -0.032378763324081516, 0.0, 0.0, 0.0, 0.0, 0.028646190077896944], [0.5802841165463851, 0.10515201571382753, -0.010448614035220453, 0.0, -0.010448614035220453, 0.0, 0.0, 0.0, 0.09149568372054903], [0.5872859961723322, 0.1101575378043247, 0.08864498431493432, 0.0, 0.0, 0.08864498431493432, 0.0, 0.0, 0.09220067421441075], [0.17761763128685287, 0.03155306385495023, -0.013322168250488048, 0.0, 0.0, 0.0, -0.013322168250488048, 0.0, 0.02807322779484914], [0.20889163315141243, 0.04975273631596067, -0.0354670864336556, 0.0, 0.0, 0.0, 0.0, -0.0354670864336556, 0.03166604123480128], [0.0031947617206166123, -0.0024980338670197166, 0.3275659287561332, 0.02864619007789726, 0.09149568372054961, 0.09220067421441103, 0.02807322779484922, 0.031666041234801656, -14.206340833798379]]) ; se_all=(array([ 0.11945928,  0.23432063,         nan,  3.90807818, 11.68148943,
               nan,  7.9472403 ,  3.55602157,  0.27560461])) ; se_x_mu=(array([0.11945928, 0.23432063]))"
197	Klf4_chr4_3936	ok
198	Btg1_chr10_9613	"NaNs in SEs; H=np.array([[-237.99873016476525, -157.15144675459004, -32.33091662417436, 25.657913150958837, 0.5259236384448369, 8.123953184335516, 0.42869451131262865, 7.116913852164488, 7.080790030451467, 0.413866955776435], [-157.15144675459004, -157.15144675459004, 0.0, 16.401824664287535, 0.3605259273294776, 5.115700575705377, 0.2885982764427092, 4.785219707967309, 4.269800125880789, 0.4083136247684452], [-32.33091662417436, 0.0, -32.33091662417436, 3.694968183414037, 0.06244785057066493, 1.0942102230847157, 0.0546261572819669, 0.9046800571158652, 1.228870891677369, 0.0013060412302899876], [25.657913150958837, 16.401824664287535, 3.694968183414037, -5.694102832063683, -0.0041486832686175295, -2.117621198796436, -0.07984560088437481, -1.7058206093028632, -1.858514952600391, 2.764623452036278], [0.5259236384448366, 0.3605259273294773, 0.06244785057066493, -0.0041486832686175295, -0.0041486832686175295, 0.0, 0.0, 0.0, 0.0, 0.05986835406305039], [8.123953184335516, 5.115700575705377, 1.0942102230847157, -2.117621198796436, 0.0, -2.117621198796436, 0.0, 0.0, 0.0, 0.8650679915091586], [0.42869451131262865, 0.2885982764427092, 0.0546261572819669, -0.07984560088437481, 0.0, 0.0, -0.07984560088437481, 0.0, 0.0, 0.04810684146113788], [7.116913852164488, 4.785219707967309, 0.9046800571158652, -1.7058206093028632, 0.0, 0.0, 0.0, -1.7058206093028632, 0.0, 0.7978585647125697], [7.080790030451466, 4.2698001258807885, 1.228870891677369, -1.858514952600391, 0.0, 0.0, 0.0, 0.0, -1.858514952600391, 0.7292445691558769], [0.41386695577519816, 0.4083136247684518, 0.0013060412302392521, 2.764623452036858, 0.059868354063047136, 0.8650679915090365, 0.04810684146113697, 0.7978585647125129, 0.7292445691558527, -15.632873170487073]]) ; se_all=(array([ 0.15322268,  0.16440198,  0.22716868,         nan, 20.94514084,
               nan,  3.28344971,         nan,         nan,  0.26537235])) ; se_x_mu=(array([0.15322268, 0.16440198, 0.22716868]))"
199	Lamb1_chr12_2196	ok
200	Txndc12_chr4_7969	ok
201	Cited2_chr10_1246	"NaNs in SEs; H=np.array([[-111.86892629096678, -33.2674787156938, -35.35081868167144, 2.3265559254776336, 0.18762036781174965, 0.625282911283304, 0.57676924440807, 0.4051966083451554, 0.21035152251474976, 0.01290300348704998], [-33.2674787156938, -33.2674787156938, 0.0, 0.700472411277627, 0.05305223134826697, 0.20067525799170227, 0.16972573574743594, 0.12538201980455035, 0.06455844906577149, 0.007219763149716174], [-35.35081868167144, 0.0, -35.35081868167144, 0.7377697925839679, 0.0590261453411451, 0.18428858635432618, 0.19973229559017636, 0.1260494428911606, 0.06435694980583336, 0.0029087383193064763], [2.326555925477633, 0.700472411277627, 0.7377697925839692, 0.10999169097868768, -0.02718627142141477, 0.28841934966181004, 0.007926010217198333, -0.008604412960916324, -0.004463503180446729, 0.11995402397481941], [0.18762036781174957, 0.05305223134826697, 0.059026145341145086, -0.02718627142141477, -0.02718627142141477, 0.0, 0.0, 0.0, 0.0, 0.00954201543164789], [0.6252829112833042, 0.20067525799170227, 0.1842885863543262, 0.28841934966181004, 0.0, 0.28841934966181004, 0.0, 0.0, 0.0, 0.03280390116531241], [0.57676924440807, 0.16972573574743594, 0.19973229559017636, 0.007926010217198333, 0.0, 0.0, 0.007926010217198333, 0.0, 0.0, 0.02948739312194471], [0.4051966083451554, 0.12538201980455035, 0.12604944289116063, -0.008604412960916324, 0.0, 0.0, 0.0, -0.008604412960916324, 0.0, 0.0210376239945085], [0.21035152251474976, 0.06455844906577149, 0.06435694980583336, -0.004463503180446729, 0.0, 0.0, 0.0, 0.0, -0.004463503180446729, 0.010906805769183224], [0.012903003487042097, 0.007219763149722641, 0.002908738319311821, 0.11995402397480603, 0.009542015431649453, 0.03280390116531606, 0.029487393121941707, 0.021037623994506482, 0.010906805769184569, -4.393492430727292]]) ; se_all=(array([ 0.15040073,  0.23060117,  0.22661158,  2.62412356,  6.61945192,
        1.88168053,         nan, 11.84657978, 15.75423143,  0.47561768])) ; se_x_mu=(array([0.15040073, 0.23060117, 0.22661158]))"
202	Col5a1_chr2_2586	"NaNs in SEs; H=np.array([[-140.6071841755452, -12.988116540188347, -32.96415161362521, 2.5714200938608167, 0.24666308144628052, 0.24278697074404335, 0.7135719193332908, 0.7278743206698766, 0.2349201166463067, -2.8787993022894444e-06], [-12.988116540188347, -12.988116540188347, 0.0, 0.23614661326679107, 0.02350595967597758, 0.022505951453753257, 0.06953020350785871, 0.06431841841053478, 0.02321363793292739, -4.49261066180393e-06], [-32.96415161362521, 0.0, -32.96415161362521, 0.6166166308042841, 0.05407254098133251, 0.05634167125992811, 0.18475794034987325, 0.17167334957168295, 0.05154509517873077, -1.2811188330990935e-05], [2.5714200938608167, 0.23614661326679107, 0.6166166308042841, 0.07810473476205304, -0.021694894037318523, -0.024278721925707673, 0.05587863709837444, 0.0947298997655211, -0.022533421572665198, 0.00343793121228249], [0.24666308144628052, 0.02350595967597758, 0.05407254098133251, -0.021694894037318523, -0.021694894037318523, 0.0, 0.0, 0.0, 0.0, 0.00033410735561122915], [0.24278697074404335, 0.022505951453753253, 0.05634167125992815, -0.024278721925707673, 0.0, -0.024278721925707673, 0.0, 0.0, 0.0, 0.0003263190243075589], [0.7135719193332908, 0.06953020350785871, 0.18475794034987325, 0.05587863709837444, 0.0, 0.0, 0.05587863709837444, 0.0, 0.0, 0.000935367116554728], [0.7278743206698766, 0.06431841841053479, 0.1716733495716829, 0.0947298997655211, 0.0, 0.0, 0.0, 0.0947298997655211, 0.0, 0.0009789588147058473], [0.2349201166463067, 0.02321363793292739, 0.05154509517873078, -0.022533421572665198, 0.0, 0.0, 0.0, 0.0, -0.022533421572665198, 0.00031722828007040894], [-2.878799364225415e-06, -4.492610661044338e-06, -1.2811188354611147e-05, 0.0034379312126020523, 0.00033410735544237014, 0.00032631902428192916, 0.0009353671168810251, 0.0009789588143007677, 0.000317228280209747, 0.028080448864784557]]) ; se_all=(array([ 0.11369657,  0.29597039,  0.20222302, 18.60021642, 19.28345346,
       19.21564103, 18.8057138 , 18.72025218, 19.28034641,         nan])) ; se_x_mu=(array([0.11369657, 0.29597039, 0.20222302]))"
203	Sox17_chr1_68	"NaNs in SEs; H=np.array([[-120.85604268951006, -28.525575919542533, -30.637789154202082, 1.8419023747916516, 0.22033487773118873, 0.18132311088641184, 0.7094270319775722, 0.18911287983351896, 0.20037702320520703, 0.13472034618393897], [-28.525575919542533, -28.525575919542533, 0.0, 0.40664877999947563, 0.06065228943392441, 0.0334813898714886, 0.14571817461637032, 0.04245264308028924, 0.05781423844585967, 0.11581376499702525], [-30.637789154202082, 0.0, -30.637789154202082, 0.47511603941585867, 0.05320051364553091, 0.0438846246359598, 0.18521860847204058, 0.04891540400345581, 0.050314052173428894, 0.004555259521528077], [1.8419023747916519, 0.40664877999947563, 0.47511603941585867, 0.183029333237148, -0.04619389362364562, -0.02812032662734497, 0.29018366827421394, -0.04248687540175419, -0.031724120296044094, 0.6167861859744891], [0.2203348777311888, 0.06065228943392441, 0.05320051364553091, -0.04619389362364562, -0.04619389362364562, 0.0, 0.0, 0.0, 0.0, 0.0858521879620664], [0.181323110886412, 0.033481389871488604, 0.0438846246359598, -0.02812032662734497, 0.0, -0.02812032662734497, 0.0, 0.0, 0.0, 0.05446271297662191], [0.7094270319775722, 0.14571817461637032, 0.18521860847204058, 0.29018366827421394, 0.0, 0.0, 0.29018366827421394, 0.0, 0.0, 0.22667070436914688], [0.18911287983351893, 0.04245264308028924, 0.04891540400345578, -0.04248687540175419, 0.0, 0.0, 0.0, -0.04248687540175419, 0.0, 0.06400827225139571], [0.20037702320520703, 0.05781423844585967, 0.050314052173428894, -0.031724120296044094, 0.0, 0.0, 0.0, 0.0, -0.031724120296044094, 0.08056063577324205], [0.1347203461839278, 0.115813764997023, 0.00455525952153972, 0.6167861859744832, 0.08585218796206695, 0.05446271297662186, 0.2266707043691465, 0.06400827225139583, 0.0805606357732418, -30.87279721851212]]) ; se_all=(array([0.12714713, 0.2264451 , 0.22102359,        nan,        nan,
       3.72223789,        nan, 1.11537234, 3.1550953 , 0.18033471])) ; se_x_mu=(array([0.12714713, 0.2264451 , 0.22102359]))"
204	Lama1_chr17_7892	"NaNs in SEs; H=np.array([[-60.60145020715143, -27.553572218158543, 1.3041637753570525, 0.2602200669026771, 0.3129721939839439, 0.34123336201275695, 0.10067161294019925, 0.10081723157212066, 0.0031238775003937054], [-27.553572218158543, -27.553572218158543, 0.5903897741638094, 0.11602692002965588, 0.1342001776255221, 0.16161891103425424, 0.04701850075209139, 0.04645314267653149, 0.0017202055426185697], [1.304163775357053, 0.5903897741638094, 0.07074646963693082, -0.005171084563659514, 0.019086571125162786, 0.07194183686853517, -0.04863877483278155, -0.02933687313726066, 0.035185132432151864], [0.2602200669026771, 0.11602692002965588, -0.005171084563659514, -0.005171084563659514, 0.0, 0.0, 0.0, 0.0, 0.00702654411921563], [0.31297219398394394, 0.13420017762552214, 0.019086571125162786, 0.0, 0.019086571125162786, 0.0, 0.0, 0.0, 0.008469207343337812], [0.34123336201275695, 0.16161891103425424, 0.07194183686853517, 0.0, 0.0, 0.07194183686853517, 0.0, 0.0, 0.009181803086988216], [0.10067161294019929, 0.04701850075209143, -0.04863877483278155, 0.0, 0.0, 0.0, -0.04863877483278155, 0.0, 0.002711100710061657], [0.10081723157212066, 0.04645314267653149, -0.02933687313726066, 0.0, 0.0, 0.0, 0.0, -0.02933687313726066, 0.002717181731146382], [0.0031238775003701313, 0.0017202055426568386, 0.03518513243209398, 0.007026544119216105, 0.008469207343343221, 0.00918180308699057, 0.002711100710059089, 0.002717181731150209, -1.384425507588503]]) ; se_all=(array([ 0.17943759,  0.25795141,         nan, 15.22346467,         nan,
               nan,  2.26762451,  4.35535025,  0.85148574])) ; se_x_mu=(array([0.17943759, 0.25795141]))"
205	Tgfbi_chr13_5711	ok
206	Lama1_chr17_7907	"NaNs in SEs; H=np.array([[-119.94038330861913, -30.760751388150467, 2.346829310120665, 0.20828931466677944, 0.70188313297279, 0.19515184193676727, 0.6824578061799429, 0.20437250385698713, -0.0005769741420425523], [-30.760751388150467, -30.760751388150467, 0.6032181766421165, 0.05629425285238009, 0.16589207915780033, 0.04702895154374466, 0.1878775262470493, 0.0511417235057009, -0.0013307693380499516], [2.346829310120666, 0.6032181766421165, 0.12909283735294053, -0.01708662106333337, 0.26890176982395836, -0.02748249446380382, 0.005310953170919681, -0.01982696331204869, 0.20200090184529804], [0.20828931466677944, 0.05629425285238009, -0.01708662106333337, -0.01708662106333337, 0.0, 0.0, 0.0, 0.0, 0.017741670260935694], [0.70188313297279, 0.16589207915780033, 0.26890176982395836, 0.0, 0.26890176982395836, 0.0, 0.0, 0.0, 0.06139664443359214], [0.19515184193676727, 0.04702895154374466, -0.02748249446380382, 0.0, 0.0, -0.02748249446380382, 0.0, 0.0, 0.01700952723290741], [0.6824578061799429, 0.1878775262470493, 0.005310953170919681, 0.0, 0.0, 0.0, 0.005310953170919681, 0.0, 0.05789819132981711], [0.20437250385698716, 0.051141723505700926, -0.01982696331204869, 0.0, 0.0, 0.0, 0.0, -0.01982696331204869, 0.01768520311314266], [-0.0005769741421809416, -0.0013307693380500696, 0.20200090184533082, 0.017741670260934317, 0.06139664443359116, 0.017009527232907162, 0.057898191329819326, 0.017685203113142478, -8.412765392303186]]) ; se_all=(array([0.09019338, 0.20901946, 3.53401388, 8.4399179 , 2.9878432 ,
       6.98677626,        nan, 7.93787626, 0.33782147])) ; se_x_mu=(array([0.09019338, 0.20901946]))"
207	Lamc1_chr1_12183	ok
