dataset	family	level	regressor	mu
cohen	nb	reference	reference	9.445460455026478e-05
cohen	nb	reference	combo_Mute_crx1	8.806781988823786e-05
cohen	nb	reference	combo_Mute_crx2	6.395392119884491e-05
cohen	nb	reference	combo_Mute_crx2_crx1	9.796475933399051e-05
cohen	nb	reference	combo_Mute_crx3	8.319540211232379e-05
cohen	nb	reference	combo_Mute_crx3_crx1	8.504518336849287e-05
cohen	nb	reference	combo_Mute_crx3_crx2	9.022148879012093e-05
cohen	nb	reference	combo_Mute_crx4	9.324651182396337e-05
cohen	nb	reference	combo_Mute_crx4_crx1	9.913901158142835e-05
cohen	nb	reference	combo_Mute_crx4_crx2	8.802810043562204e-05
cohen	nb	reference	combo_Mute_crx4_crx3	9.682454401627183e-05
cohen	nb	reference	combo_Mute_crx5	9.189792035613209e-05
cohen	nb	reference	combo_Mute_crx5_crx1	9.751381003297865e-05
cohen	nb	reference	combo_Mute_crx5_crx2	8.091190102277324e-05
cohen	nb	reference	combo_Mute_crx5_crx3	9.439166024094447e-05
cohen	nb	reference	combo_Mute_crx5_crx4	9.052279347088188e-05
cohen	nb	reference	combo_Q50_crx1	8.941434498410672e-05
cohen	nb	reference	combo_Q50_crx2	8.30587960081175e-05
cohen	nb	reference	combo_Q50_crx2_crx1	8.890137542039156e-05
cohen	nb	reference	combo_Q50_crx3	9.220121137332171e-05
cohen	nb	reference	combo_Q50_crx3_crx1	9.307823347626254e-05
cohen	nb	reference	combo_Q50_crx3_crx2	8.466904546367005e-05
cohen	nb	reference	combo_Q50_crx4	9.624849917599931e-05
cohen	nb	reference	combo_Q50_crx4_crx1	9.776102524483576e-05
cohen	nb	reference	combo_Q50_crx4_crx2	7.668793841730803e-05
cohen	nb	reference	combo_Q50_crx4_crx3	8.600025466876104e-05
cohen	nb	reference	combo_Q50_crx5	9.100596071220934e-05
cohen	nb	reference	combo_Q50_crx5_crx1	8.505484584020451e-05
cohen	nb	reference	combo_Q50_crx5_crx2	8.663542394060642e-05
cohen	nb	reference	combo_Q50_crx5_crx3	9.238772327080369e-05
cohen	nb	reference	combo_Q50_crx5_crx4	8.741955389268696e-05
cohen	nb	reference	eboxDouble_gcagctgg_to_gcaaatgg	9.312990732723847e-05
cohen	nb	reference	eboxDouble_gcagctgg_to_gcaagtgg	9.560538455843925e-05
cohen	nb	reference	eboxDouble_gcagctgg_to_gcaattgg	8.810520375845954e-05
cohen	nb	reference	eboxDouble_gcagctgg_to_gcacatgg	8.693411655258387e-05
cohen	nb	reference	eboxDouble_gcagctgg_to_gcacgtgg	9.129866521107033e-05
cohen	nb	reference	eboxDouble_gcagctgg_to_gcacttgg	9.440435678698123e-05
cohen	nb	reference	eboxDouble_gcagctgg_to_gcatatgg	9.093526750802994e-05
cohen	nb	reference	eboxDouble_gcagctgg_to_gcatgtgg	7.243501750053838e-05
cohen	nb	reference	eboxDouble_gcagctgg_to_gcatttgg	7.848976383684203e-05
cohen	nb	reference	ebox_gcagctgg_to_acagctgg	8.84319088072516e-05
cohen	nb	reference	ebox_gcagctgg_to_ccagctgg	7.45709621696733e-05
cohen	nb	reference	ebox_gcagctgg_to_gaagctgg	7.939642819110304e-05
cohen	nb	reference	ebox_gcagctgg_to_gcaactgg	9.464070899412036e-05
cohen	nb	reference	ebox_gcagctgg_to_gcacctgg	7.370077219093218e-05
cohen	nb	reference	ebox_gcagctgg_to_gcagatgg	8.280760812340304e-05
cohen	nb	reference	ebox_gcagctgg_to_gcagcagg	8.214595436584204e-05
cohen	nb	reference	ebox_gcagctgg_to_gcagccgg	8.410907321376726e-05
cohen	nb	reference	ebox_gcagctgg_to_gcagcggg	8.104132575681433e-05
cohen	nb	reference	ebox_gcagctgg_to_gcagctag	8.461278048343956e-05
cohen	nb	reference	ebox_gcagctgg_to_gcagctcg	9.6964264230337e-05
cohen	nb	reference	ebox_gcagctgg_to_gcagctga	9.423938172403723e-05
cohen	nb	reference	ebox_gcagctgg_to_gcagctgc	9.98632240225561e-05
cohen	nb	reference	ebox_gcagctgg_to_gcagctgt	9.658835915615782e-05
cohen	nb	reference	ebox_gcagctgg_to_gcagcttg	8.995248936116695e-05
cohen	nb	reference	ebox_gcagctgg_to_gcaggtgg	8.355104364454746e-05
cohen	nb	reference	ebox_gcagctgg_to_gcagttgg	9.572142153047025e-05
cohen	nb	reference	ebox_gcagctgg_to_gcatctgg	8.55125836096704e-05
cohen	nb	reference	ebox_gcagctgg_to_gccgctgg	8.425325358984992e-05
cohen	nb	reference	ebox_gcagctgg_to_gcggctgg	9.498810686636716e-05
cohen	nb	reference	ebox_gcagctgg_to_gctgctgg	0.00010049597040051594
cohen	nb	reference	ebox_gcagctgg_to_ggagctgg	8.341322973137721e-05
cohen	nb	reference	ebox_gcagctgg_to_gtagctgg	9.051942470250651e-05
cohen	nb	reference	ebox_gcagctgg_to_tcagctgg	9.144156501861289e-05
cohen	nb	reference	swap_crx1_to_gggataag_reverse	9.637139737606049e-05
cohen	nb	reference	swap_crx1_to_gggattag_reverse	8.960811828728765e-05
cohen	nb	reference	swap_crx1_to_gggcttag_reverse	8.859540685079992e-05
cohen	nb	reference	swap_crx2_to_gggataag_reverse	8.859414811013266e-05
cohen	nb	reference	swap_crx2_to_gggattag_reverse	9.188047260977328e-05
cohen	nb	reference	swap_crx2_to_gggcttag_reverse	9.393555956194177e-05
cohen	nb	reference	swap_crx3_to_ctaagccc_forward	8.999222336569801e-05
cohen	nb	reference	swap_crx3_to_ctaatccc_forward	8.871691534295678e-05
cohen	nb	reference	swap_crx3_to_cttatccc_forward	8.453809277852997e-05
cohen	nb	reference	swap_crx4_to_ctaagccc_forward	8.281171176349744e-05
cohen	nb	reference	swap_crx4_to_ctaatccc_forward	9.075817797565833e-05
cohen	nb	reference	swap_crx4_to_cttatccc_forward	9.4267787062563e-05
cohen	nb	reference	swap_crx5_to_ctaagccc_forward	8.482729754177853e-05
cohen	nb	reference	swap_crx5_to_ctaatccc_forward	8.561686991015449e-05
cohen	nb	reference	swap_crx5_to_cttatccc_forward	8.774020534474403e-05
cohen	nb	reference	tail_conserve1_159_to_164	8.78643841133453e-05
cohen	nb	reference	tail_conserve1_164_to_169	9.247665730072185e-05
cohen	nb	reference	tail_conserve1_169_to_174	8.52317753015086e-05
cohen	nb	reference	tail_conserve2_173_to_178	7.62127892812714e-05
cohen	nb	reference	tail_conserve2_178_to_183	9.684763790573925e-05
cohen	nb	reference	tail_conserve2_183_to_188	8.517935930285603e-05
cohen	nb	reference	tail_conserve2_188_to_193	7.39785100449808e-05
cohen	nb	reference	tail_conserve2_193_to_198	8.85219342308119e-05
cohen	nb	reference	tail_conserve3_200_to_205	9.788249008124694e-05
cohen	nb	reference	tail_conserve3_205_to_210	8.383711247006431e-05
cohen	nb	reference	tail_conserve3_210_to_215	8.852244354784489e-05
cohen	nb	reference	tail_conserve3_215_to_220	8.928976603783667e-05
cohen	nb	reference	tail_conserve3_220_to_225	8.37518455227837e-05
cohen	nb	reference	tail_conserve3_225_to_230	9.275276534026489e-05
cohen	nb	reference	tail_conserve3_230_to_235	8.803381206234917e-05
cohen	nb	reference	tail_conserve3_235_to_240	8.323975634993985e-05
cohen	nb	reference	tail_conserve3_240_to_245	8.732840069569647e-05
cohen	nb	reference	tail_conserve3_245_to_250	9.134064021054655e-05
cohen	nb	reference	tail_conserve3_250_to_255	0.00010096891492139548
cohen	nb	reference	tail_conserve4_423_to_428	8.493949280818924e-05
cohen	nb	reference	tail_conserve4_428_to_433	8.82187086972408e-05
cohen	nb	reference	tail_conserve4_433_to_438	8.983084990177304e-05
cohen	nb	reference	tail_conserve5_443_to_448	8.675654680700973e-05
cohen	nb	reference	tail_conserve5_448_to_453	8.400213118875399e-05
cohen	nb	reference	tail_conserve5_453_to_458	9.449460776522756e-05
cohen	nb	reference	tail_conserve5_458_to_463	9.429269266547635e-05
cohen	nb	reference	tail_conserve5_463_to_468	9.160443005384877e-05
cohen	nb	reference	tail_conserve5_468_to_473	9.96435628621839e-05
cohen	nb	reference	tail_conserve5_473_to_478	9.164533548755571e-05
cohen	nb	reference	tail_conserve6_478_to_483	8.070113108260557e-05
cohen	nb	reference	tail_conserve6_483_to_488	8.830077422317117e-05
cohen	nb	reference	tail_conserve6_488_to_493	8.762122160987929e-05
cohen	nb	reference	tail_conserve6_493_to_498	9.541100735077634e-05
cohen	nb	reference	tail_conserve6_498_to_503	9.18364166864194e-05
cohen	nb	reference	tail_conserve6_503_to_508	9.364869765704498e-05
cohen	nb	Bipolar	reference	0.00017117781681008637
cohen	nb	Bipolar	combo_Mute_crx1	0.00013347611820790917
cohen	nb	Bipolar	combo_Mute_crx2	8.965001325123012e-05
cohen	nb	Bipolar	combo_Mute_crx2_crx1	7.10249223629944e-05
cohen	nb	Bipolar	combo_Mute_crx3	0.0002521510177757591
cohen	nb	Bipolar	combo_Mute_crx3_crx1	0.00017568044131621718
cohen	nb	Bipolar	combo_Mute_crx3_crx2	8.170390356099233e-05
cohen	nb	Bipolar	combo_Mute_crx4	0.0001242245634784922
cohen	nb	Bipolar	combo_Mute_crx4_crx1	9.04099433682859e-05
cohen	nb	Bipolar	combo_Mute_crx4_crx2	6.384898006217554e-05
cohen	nb	Bipolar	combo_Mute_crx4_crx3	6.913433026056737e-05
cohen	nb	Bipolar	combo_Mute_crx5	0.00014008471043780446
cohen	nb	Bipolar	combo_Mute_crx5_crx1	0.0001195519944303669
cohen	nb	Bipolar	combo_Mute_crx5_crx2	0.0002590309304650873
cohen	nb	Bipolar	combo_Mute_crx5_crx3	6.575606676051393e-05
cohen	nb	Bipolar	combo_Mute_crx5_crx4	0.00016489444533362985
cohen	nb	Bipolar	combo_Q50_crx1	0.00011022692342521623
cohen	nb	Bipolar	combo_Q50_crx2	0.0001099084474844858
cohen	nb	Bipolar	combo_Q50_crx2_crx1	9.187784598907456e-05
cohen	nb	Bipolar	combo_Q50_crx3	0.00010225013829767704
cohen	nb	Bipolar	combo_Q50_crx3_crx1	7.679405098315328e-05
cohen	nb	Bipolar	combo_Q50_crx3_crx2	0.00018081150483340025
cohen	nb	Bipolar	combo_Q50_crx4	0.0001777316356310621
cohen	nb	Bipolar	combo_Q50_crx4_crx1	7.204453140730038e-05
cohen	nb	Bipolar	combo_Q50_crx4_crx2	2.777688678179402e-05
cohen	nb	Bipolar	combo_Q50_crx4_crx3	7.022859062999487e-05
cohen	nb	Bipolar	combo_Q50_crx5	0.00015100021846592426
cohen	nb	Bipolar	combo_Q50_crx5_crx1	8.389190043089911e-05
cohen	nb	Bipolar	combo_Q50_crx5_crx2	5.5986740335356444e-05
cohen	nb	Bipolar	combo_Q50_crx5_crx3	9.736141510074958e-05
cohen	nb	Bipolar	combo_Q50_crx5_crx4	0.00012796660303138196
cohen	nb	Bipolar	eboxDouble_gcagctgg_to_gcaaatgg	0.00023418886121362448
cohen	nb	Bipolar	eboxDouble_gcagctgg_to_gcaagtgg	0.00030240637715905905
cohen	nb	Bipolar	eboxDouble_gcagctgg_to_gcaattgg	0.00015675491886213422
cohen	nb	Bipolar	eboxDouble_gcagctgg_to_gcacatgg	0.0002156305272364989
cohen	nb	Bipolar	eboxDouble_gcagctgg_to_gcacgtgg	0.00016378919826820493
cohen	nb	Bipolar	eboxDouble_gcagctgg_to_gcacttgg	0.00017482720431871712
cohen	nb	Bipolar	eboxDouble_gcagctgg_to_gcatatgg	0.00011692621774272993
cohen	nb	Bipolar	eboxDouble_gcagctgg_to_gcatgtgg	0.0002958499826490879
cohen	nb	Bipolar	eboxDouble_gcagctgg_to_gcatttgg	0.0003546673688106239
cohen	nb	Bipolar	ebox_gcagctgg_to_acagctgg	0.00012816529488191009
cohen	nb	Bipolar	ebox_gcagctgg_to_ccagctgg	0.00010245473094983026
cohen	nb	Bipolar	ebox_gcagctgg_to_gaagctgg	0.0002638860896695405
cohen	nb	Bipolar	ebox_gcagctgg_to_gcaactgg	0.00016253518697340041
cohen	nb	Bipolar	ebox_gcagctgg_to_gcacctgg	0.0003227940760552883
cohen	nb	Bipolar	ebox_gcagctgg_to_gcagatgg	0.00012350210454314947
cohen	nb	Bipolar	ebox_gcagctgg_to_gcagcagg	0.00013390285312198102
cohen	nb	Bipolar	ebox_gcagctgg_to_gcagccgg	9.709168080007657e-05
cohen	nb	Bipolar	ebox_gcagctgg_to_gcagcggg	0.00020468203001655638
cohen	nb	Bipolar	ebox_gcagctgg_to_gcagctag	0.00019874270947184414
cohen	nb	Bipolar	ebox_gcagctgg_to_gcagctcg	0.00014331674901768565
cohen	nb	Bipolar	ebox_gcagctgg_to_gcagctga	0.00014707907394040376
cohen	nb	Bipolar	ebox_gcagctgg_to_gcagctgc	0.0006587976240552962
cohen	nb	Bipolar	ebox_gcagctgg_to_gcagctgt	0.0006732608890160918
cohen	nb	Bipolar	ebox_gcagctgg_to_gcagcttg	0.000130096246721223
cohen	nb	Bipolar	ebox_gcagctgg_to_gcaggtgg	0.00026589640765450895
cohen	nb	Bipolar	ebox_gcagctgg_to_gcagttgg	0.00022169660951476544
cohen	nb	Bipolar	ebox_gcagctgg_to_gcatctgg	0.00017274428682867438
cohen	nb	Bipolar	ebox_gcagctgg_to_gccgctgg	0.00015816223458386958
cohen	nb	Bipolar	ebox_gcagctgg_to_gcggctgg	0.00012836481619160622
cohen	nb	Bipolar	ebox_gcagctgg_to_gctgctgg	0.0002837495703715831
cohen	nb	Bipolar	ebox_gcagctgg_to_ggagctgg	0.00010233559441985562
cohen	nb	Bipolar	ebox_gcagctgg_to_gtagctgg	0.00025356627884320915
cohen	nb	Bipolar	ebox_gcagctgg_to_tcagctgg	0.00021776136418338865
cohen	nb	Bipolar	swap_crx1_to_gggataag_reverse	7.269508205354214e-05
cohen	nb	Bipolar	swap_crx1_to_gggattag_reverse	0.00018142089538741857
cohen	nb	Bipolar	swap_crx1_to_gggcttag_reverse	0.00013082943041808903
cohen	nb	Bipolar	swap_crx2_to_gggataag_reverse	0.00013467343524098396
cohen	nb	Bipolar	swap_crx2_to_gggattag_reverse	0.00010678231774363667
cohen	nb	Bipolar	swap_crx2_to_gggcttag_reverse	0.00012473824608605355
cohen	nb	Bipolar	swap_crx3_to_ctaagccc_forward	0.00019043432257603854
cohen	nb	Bipolar	swap_crx3_to_ctaatccc_forward	0.00014636616106145084
cohen	nb	Bipolar	swap_crx3_to_cttatccc_forward	0.0001686160685494542
cohen	nb	Bipolar	swap_crx4_to_ctaagccc_forward	0.00011221918975934386
cohen	nb	Bipolar	swap_crx4_to_ctaatccc_forward	0.00014748529065400362
cohen	nb	Bipolar	swap_crx4_to_cttatccc_forward	0.00016791481175459921
cohen	nb	Bipolar	swap_crx5_to_ctaagccc_forward	0.00026820023776963353
cohen	nb	Bipolar	swap_crx5_to_ctaatccc_forward	0.00024431716883555055
cohen	nb	Bipolar	swap_crx5_to_cttatccc_forward	0.0001664784795138985
cohen	nb	Bipolar	tail_conserve1_159_to_164	0.00016227870946750045
cohen	nb	Bipolar	tail_conserve1_164_to_169	0.0001581492688274011
cohen	nb	Bipolar	tail_conserve1_169_to_174	0.00013511443103197962
cohen	nb	Bipolar	tail_conserve2_173_to_178	0.00039241794729605317
cohen	nb	Bipolar	tail_conserve2_178_to_183	0.00015299144433811307
cohen	nb	Bipolar	tail_conserve2_183_to_188	0.00017869188741315156
cohen	nb	Bipolar	tail_conserve2_188_to_193	0.0002992098161485046
cohen	nb	Bipolar	tail_conserve2_193_to_198	0.00016747931658755988
cohen	nb	Bipolar	tail_conserve3_200_to_205	0.00020990933990105987
cohen	nb	Bipolar	tail_conserve3_205_to_210	0.00030539269209839404
cohen	nb	Bipolar	tail_conserve3_210_to_215	0.0001307249185629189
cohen	nb	Bipolar	tail_conserve3_215_to_220	0.00014582111907657236
cohen	nb	Bipolar	tail_conserve3_220_to_225	0.00012706778943538666
cohen	nb	Bipolar	tail_conserve3_225_to_230	0.00012593519932124764
cohen	nb	Bipolar	tail_conserve3_230_to_235	0.0001127826762967743
cohen	nb	Bipolar	tail_conserve3_235_to_240	0.00016149178554769605
cohen	nb	Bipolar	tail_conserve3_240_to_245	0.00011106654710602015
cohen	nb	Bipolar	tail_conserve3_245_to_250	8.835873450152576e-05
cohen	nb	Bipolar	tail_conserve3_250_to_255	9.80279510258697e-05
cohen	nb	Bipolar	tail_conserve4_423_to_428	0.00021554376871790737
cohen	nb	Bipolar	tail_conserve4_428_to_433	0.0002502329007256776
cohen	nb	Bipolar	tail_conserve4_433_to_438	3.3607822842895985e-05
cohen	nb	Bipolar	tail_conserve5_443_to_448	0.00015730659652035683
cohen	nb	Bipolar	tail_conserve5_448_to_453	0.00010777161514852196
cohen	nb	Bipolar	tail_conserve5_453_to_458	0.00011183607421116903
cohen	nb	Bipolar	tail_conserve5_458_to_463	0.0001164367058663629
cohen	nb	Bipolar	tail_conserve5_463_to_468	0.0001528740394860506
cohen	nb	Bipolar	tail_conserve5_468_to_473	0.0001406907831551507
cohen	nb	Bipolar	tail_conserve5_473_to_478	0.00014973101497162133
cohen	nb	Bipolar	tail_conserve6_478_to_483	0.00021074294636491686
cohen	nb	Bipolar	tail_conserve6_483_to_488	0.00013694577501155436
cohen	nb	Bipolar	tail_conserve6_488_to_493	0.00012562058691401035
cohen	nb	Bipolar	tail_conserve6_493_to_498	0.0001237213728018105
cohen	nb	Bipolar	tail_conserve6_498_to_503	0.00011323338549118489
cohen	nb	Bipolar	tail_conserve6_503_to_508	8.260457980213687e-05
cohen	nb	Mueller Glia	reference	6.53461684123613e-05
cohen	nb	Mueller Glia	combo_Mute_crx1	7.148503937060013e-05
cohen	nb	Mueller Glia	combo_Mute_crx2	0.0006020232103765011
cohen	nb	Mueller Glia	combo_Mute_crx2_crx1	0.00011125863966299221
cohen	nb	Mueller Glia	combo_Mute_crx3	7.886071398388594e-05
cohen	nb	Mueller Glia	combo_Mute_crx3_crx1	8.949607581598684e-05
cohen	nb	Mueller Glia	combo_Mute_crx3_crx2	0.00019020798208657652
cohen	nb	Mueller Glia	combo_Mute_crx4	0.00012160524056525901
cohen	nb	Mueller Glia	combo_Mute_crx4_crx1	4.7080811782507226e-05
cohen	nb	Mueller Glia	combo_Mute_crx4_crx2	0.00015961022290866822
cohen	nb	Mueller Glia	combo_Mute_crx4_crx3	5.665890421369113e-05
cohen	nb	Mueller Glia	combo_Mute_crx5	4.362260006018914e-05
cohen	nb	Mueller Glia	combo_Mute_crx5_crx1	3.949084930354729e-05
cohen	nb	Mueller Glia	combo_Mute_crx5_crx2	0.0001402703783242032
cohen	nb	Mueller Glia	combo_Mute_crx5_crx3	3.73280854546465e-05
cohen	nb	Mueller Glia	combo_Mute_crx5_crx4	4.357935904408805e-05
cohen	nb	Mueller Glia	combo_Q50_crx1	6.967741501284763e-05
cohen	nb	Mueller Glia	combo_Q50_crx2	0.00010504172678338364
cohen	nb	Mueller Glia	combo_Q50_crx2_crx1	4.215731314616278e-05
cohen	nb	Mueller Glia	combo_Q50_crx3	8.739405893720686e-05
cohen	nb	Mueller Glia	combo_Q50_crx3_crx1	6.826342723798007e-05
cohen	nb	Mueller Glia	combo_Q50_crx3_crx2	0.0002266571973450482
cohen	nb	Mueller Glia	combo_Q50_crx4	6.819549162173644e-05
cohen	nb	Mueller Glia	combo_Q50_crx4_crx1	9.1273665020708e-05
cohen	nb	Mueller Glia	combo_Q50_crx4_crx2	0.00024459598353132606
cohen	nb	Mueller Glia	combo_Q50_crx4_crx3	9.24900668906048e-05
cohen	nb	Mueller Glia	combo_Q50_crx5	6.708145519951358e-05
cohen	nb	Mueller Glia	combo_Q50_crx5_crx1	6.937811122043058e-05
cohen	nb	Mueller Glia	combo_Q50_crx5_crx2	2.8842212486779317e-05
cohen	nb	Mueller Glia	combo_Q50_crx5_crx3	5.373194653657265e-05
cohen	nb	Mueller Glia	combo_Q50_crx5_crx4	6.735646456945688e-05
cohen	nb	Mueller Glia	eboxDouble_gcagctgg_to_gcaaatgg	3.7837606214452535e-05
cohen	nb	Mueller Glia	eboxDouble_gcagctgg_to_gcaagtgg	0.00020539926481433213
cohen	nb	Mueller Glia	eboxDouble_gcagctgg_to_gcaattgg	2.8818294595112093e-05
cohen	nb	Mueller Glia	eboxDouble_gcagctgg_to_gcacatgg	7.206342706922442e-05
cohen	nb	Mueller Glia	eboxDouble_gcagctgg_to_gcacgtgg	3.883339377352968e-05
cohen	nb	Mueller Glia	eboxDouble_gcagctgg_to_gcacttgg	0.00022775449906475842
cohen	nb	Mueller Glia	eboxDouble_gcagctgg_to_gcatatgg	0.00013382319593802094
cohen	nb	Mueller Glia	eboxDouble_gcagctgg_to_gcatgtgg	9.273675095755607e-05
cohen	nb	Mueller Glia	eboxDouble_gcagctgg_to_gcatttgg	3.265562190790661e-05
cohen	nb	Mueller Glia	ebox_gcagctgg_to_acagctgg	8.048731251619756e-05
cohen	nb	Mueller Glia	ebox_gcagctgg_to_ccagctgg	6.970705726416782e-05
cohen	nb	Mueller Glia	ebox_gcagctgg_to_gaagctgg	0.00014526522136293352
cohen	nb	Mueller Glia	ebox_gcagctgg_to_gcaactgg	7.027736137388274e-05
cohen	nb	Mueller Glia	ebox_gcagctgg_to_gcacctgg	0.00010839627066161484
cohen	nb	Mueller Glia	ebox_gcagctgg_to_gcagatgg	2.54030146606965e-05
cohen	nb	Mueller Glia	ebox_gcagctgg_to_gcagcagg	9.204535308526829e-05
cohen	nb	Mueller Glia	ebox_gcagctgg_to_gcagccgg	7.487139373552054e-05
cohen	nb	Mueller Glia	ebox_gcagctgg_to_gcagcggg	6.603622750844806e-05
cohen	nb	Mueller Glia	ebox_gcagctgg_to_gcagctag	9.620068885851651e-05
cohen	nb	Mueller Glia	ebox_gcagctgg_to_gcagctcg	9.13067560759373e-05
cohen	nb	Mueller Glia	ebox_gcagctgg_to_gcagctga	6.162800855236128e-05
cohen	nb	Mueller Glia	ebox_gcagctgg_to_gcagctgc	7.50243489164859e-05
cohen	nb	Mueller Glia	ebox_gcagctgg_to_gcagctgt	6.271239544730633e-05
cohen	nb	Mueller Glia	ebox_gcagctgg_to_gcagcttg	3.3161362807732075e-05
cohen	nb	Mueller Glia	ebox_gcagctgg_to_gcaggtgg	0.0001188801834359765
cohen	nb	Mueller Glia	ebox_gcagctgg_to_gcagttgg	0.00013481646601576358
cohen	nb	Mueller Glia	ebox_gcagctgg_to_gcatctgg	5.56986233277712e-05
cohen	nb	Mueller Glia	ebox_gcagctgg_to_gccgctgg	0.0001434239384252578
cohen	nb	Mueller Glia	ebox_gcagctgg_to_gcggctgg	8.842228999128565e-05
cohen	nb	Mueller Glia	ebox_gcagctgg_to_gctgctgg	5.488914393936284e-05
cohen	nb	Mueller Glia	ebox_gcagctgg_to_ggagctgg	6.344388384604827e-05
cohen	nb	Mueller Glia	ebox_gcagctgg_to_gtagctgg	5.318161129252985e-05
cohen	nb	Mueller Glia	ebox_gcagctgg_to_tcagctgg	5.483196218847297e-05
cohen	nb	Mueller Glia	swap_crx1_to_gggataag_reverse	4.26577462349087e-05
cohen	nb	Mueller Glia	swap_crx1_to_gggattag_reverse	4.084522879566066e-05
cohen	nb	Mueller Glia	swap_crx1_to_gggcttag_reverse	7.922632357804105e-05
cohen	nb	Mueller Glia	swap_crx2_to_gggataag_reverse	9.073688124772161e-05
cohen	nb	Mueller Glia	swap_crx2_to_gggattag_reverse	7.044109224807471e-05
cohen	nb	Mueller Glia	swap_crx2_to_gggcttag_reverse	6.522481271531433e-05
cohen	nb	Mueller Glia	swap_crx3_to_ctaagccc_forward	7.068644481478259e-05
cohen	nb	Mueller Glia	swap_crx3_to_ctaatccc_forward	5.8608839026419446e-05
cohen	nb	Mueller Glia	swap_crx3_to_cttatccc_forward	6.487413338618353e-05
cohen	nb	Mueller Glia	swap_crx4_to_ctaagccc_forward	5.87471695325803e-05
cohen	nb	Mueller Glia	swap_crx4_to_ctaatccc_forward	5.266333027975634e-05
cohen	nb	Mueller Glia	swap_crx4_to_cttatccc_forward	5.035787035012618e-05
cohen	nb	Mueller Glia	swap_crx5_to_ctaagccc_forward	4.2163184843957424e-05
cohen	nb	Mueller Glia	swap_crx5_to_ctaatccc_forward	9.232087177224457e-05
cohen	nb	Mueller Glia	swap_crx5_to_cttatccc_forward	6.236475019250065e-05
cohen	nb	Mueller Glia	tail_conserve1_159_to_164	9.078760194825009e-05
cohen	nb	Mueller Glia	tail_conserve1_164_to_169	0.00012794476060662419
cohen	nb	Mueller Glia	tail_conserve1_169_to_174	6.462731107603759e-05
cohen	nb	Mueller Glia	tail_conserve2_173_to_178	8.901191176846623e-05
cohen	nb	Mueller Glia	tail_conserve2_178_to_183	0.00011546493624337018
cohen	nb	Mueller Glia	tail_conserve2_183_to_188	2.641077480802778e-05
cohen	nb	Mueller Glia	tail_conserve2_188_to_193	0.00015069093205966055
cohen	nb	Mueller Glia	tail_conserve2_193_to_198	3.0529354262398556e-05
cohen	nb	Mueller Glia	tail_conserve3_200_to_205	3.6186593206366524e-05
cohen	nb	Mueller Glia	tail_conserve3_205_to_210	0.00019201103714294732
cohen	nb	Mueller Glia	tail_conserve3_210_to_215	5.126453470438719e-05
cohen	nb	Mueller Glia	tail_conserve3_215_to_220	5.988420161884278e-05
cohen	nb	Mueller Glia	tail_conserve3_220_to_225	8.681904000695795e-05
cohen	nb	Mueller Glia	tail_conserve3_225_to_230	0.0001835604925872758
cohen	nb	Mueller Glia	tail_conserve3_230_to_235	6.183989171404392e-05
cohen	nb	Mueller Glia	tail_conserve3_235_to_240	5.6453351135132834e-05
cohen	nb	Mueller Glia	tail_conserve3_240_to_245	4.4784046622226015e-05
cohen	nb	Mueller Glia	tail_conserve3_245_to_250	3.997099702246487e-05
cohen	nb	Mueller Glia	tail_conserve3_250_to_255	3.586497768992558e-05
cohen	nb	Mueller Glia	tail_conserve4_423_to_428	2.823684008035343e-05
cohen	nb	Mueller Glia	tail_conserve4_428_to_433	7.425934018101543e-05
cohen	nb	Mueller Glia	tail_conserve4_433_to_438	2.77275266853394e-05
cohen	nb	Mueller Glia	tail_conserve5_443_to_448	7.362342876149341e-05
cohen	nb	Mueller Glia	tail_conserve5_448_to_453	0.00012477739073801786
cohen	nb	Mueller Glia	tail_conserve5_453_to_458	6.219428905751556e-05
cohen	nb	Mueller Glia	tail_conserve5_458_to_463	5.852466347278096e-05
cohen	nb	Mueller Glia	tail_conserve5_463_to_468	6.453997775679454e-05
cohen	nb	Mueller Glia	tail_conserve5_468_to_473	6.492995453299955e-05
cohen	nb	Mueller Glia	tail_conserve5_473_to_478	7.096736953826621e-05
cohen	nb	Mueller Glia	tail_conserve6_478_to_483	0.00010300473513780162
cohen	nb	Mueller Glia	tail_conserve6_483_to_488	6.908818613737822e-05
cohen	nb	Mueller Glia	tail_conserve6_488_to_493	7.748778443783522e-05
cohen	nb	Mueller Glia	tail_conserve6_493_to_498	5.948378020548262e-05
cohen	nb	Mueller Glia	tail_conserve6_498_to_503	4.0929495298769325e-05
cohen	nb	Mueller Glia	tail_conserve6_503_to_508	3.795777593040839e-05
cohen	nb	Interneuron	reference	1.889813029265497e-05
cohen	nb	Interneuron	combo_Mute_crx1	2.7059426429332234e-05
cohen	nb	Interneuron	combo_Mute_crx2	2.6201820219284855e-05
cohen	nb	Interneuron	combo_Mute_crx2_crx1	2.1739708245149814e-05
cohen	nb	Interneuron	combo_Mute_crx3	2.0464327462832443e-05
cohen	nb	Interneuron	combo_Mute_crx3_crx1	2.379399666097015e-05
cohen	nb	Interneuron	combo_Mute_crx3_crx2	1.1276486475253478e-05
cohen	nb	Interneuron	combo_Mute_crx4	1.2726430213660933e-05
cohen	nb	Interneuron	combo_Mute_crx4_crx1	1.6217463780776598e-05
cohen	nb	Interneuron	combo_Mute_crx4_crx2	1.4884976735629607e-05
cohen	nb	Interneuron	combo_Mute_crx4_crx3	1.6541789591428824e-05
cohen	nb	Interneuron	combo_Mute_crx5	2.118002339557279e-05
cohen	nb	Interneuron	combo_Mute_crx5_crx1	3.59560435754247e-05
cohen	nb	Interneuron	combo_Mute_crx5_crx2	9.941780263034161e-06
cohen	nb	Interneuron	combo_Mute_crx5_crx3	3.08853923343122e-05
cohen	nb	Interneuron	combo_Mute_crx5_crx4	3.138816464343108e-05
cohen	nb	Interneuron	combo_Q50_crx1	1.8888937120209448e-05
cohen	nb	Interneuron	combo_Q50_crx2	4.0800772694638e-05
cohen	nb	Interneuron	combo_Q50_crx2_crx1	5.774004603154026e-05
cohen	nb	Interneuron	combo_Q50_crx3	2.0107478121644817e-05
cohen	nb	Interneuron	combo_Q50_crx3_crx1	2.741873868217226e-05
cohen	nb	Interneuron	combo_Q50_crx3_crx2	1.6596019122516736e-05
cohen	nb	Interneuron	combo_Q50_crx4	2.7410031179897487e-05
cohen	nb	Interneuron	combo_Q50_crx4_crx1	1.3358226169657428e-05
cohen	nb	Interneuron	combo_Q50_crx4_crx2	9.250687071471475e-06
cohen	nb	Interneuron	combo_Q50_crx4_crx3	2.0174898963887244e-05
cohen	nb	Interneuron	combo_Q50_crx5	1.6473841242259368e-05
cohen	nb	Interneuron	combo_Q50_crx5_crx1	2.064401633106172e-05
cohen	nb	Interneuron	combo_Q50_crx5_crx2	9.388518265041057e-06
cohen	nb	Interneuron	combo_Q50_crx5_crx3	1.6917698303586803e-05
cohen	nb	Interneuron	combo_Q50_crx5_crx4	2.1601797925541177e-05
cohen	nb	Interneuron	eboxDouble_gcagctgg_to_gcaaatgg	1.4684383131680079e-05
cohen	nb	Interneuron	eboxDouble_gcagctgg_to_gcaagtgg	1.978170075744856e-05
cohen	nb	Interneuron	eboxDouble_gcagctgg_to_gcaattgg	1.1903882295882795e-05
cohen	nb	Interneuron	eboxDouble_gcagctgg_to_gcacatgg	4.403258571983315e-05
cohen	nb	Interneuron	eboxDouble_gcagctgg_to_gcacgtgg	1.8358612578595057e-05
cohen	nb	Interneuron	eboxDouble_gcagctgg_to_gcacttgg	1.4226296116248704e-05
cohen	nb	Interneuron	eboxDouble_gcagctgg_to_gcatatgg	1.202214480144903e-05
cohen	nb	Interneuron	eboxDouble_gcagctgg_to_gcatgtgg	2.869521085813176e-05
cohen	nb	Interneuron	eboxDouble_gcagctgg_to_gcatttgg	1.2060200788255315e-05
cohen	nb	Interneuron	ebox_gcagctgg_to_acagctgg	1.0209788342763204e-05
cohen	nb	Interneuron	ebox_gcagctgg_to_ccagctgg	8.664811502967495e-06
cohen	nb	Interneuron	ebox_gcagctgg_to_gaagctgg	1.2997105841350276e-05
cohen	nb	Interneuron	ebox_gcagctgg_to_gcaactgg	1.1906869076483417e-05
cohen	nb	Interneuron	ebox_gcagctgg_to_gcacctgg	1.0572337487246841e-05
cohen	nb	Interneuron	ebox_gcagctgg_to_gcagatgg	1.1339833690726664e-05
cohen	nb	Interneuron	ebox_gcagctgg_to_gcagcagg	5.430893725133501e-05
cohen	nb	Interneuron	ebox_gcagctgg_to_gcagccgg	1.021280786517309e-05
cohen	nb	Interneuron	ebox_gcagctgg_to_gcagcggg	1.3955072972748894e-05
cohen	nb	Interneuron	ebox_gcagctgg_to_gcagctag	2.486840276105795e-05
cohen	nb	Interneuron	ebox_gcagctgg_to_gcagctcg	1.1315774827380665e-05
cohen	nb	Interneuron	ebox_gcagctgg_to_gcagctga	1.856164999480825e-05
cohen	nb	Interneuron	ebox_gcagctgg_to_gcagctgc	1.8014776287600398e-05
cohen	nb	Interneuron	ebox_gcagctgg_to_gcagctgt	2.1226755052339286e-05
cohen	nb	Interneuron	ebox_gcagctgg_to_gcagcttg	1.741503547236789e-05
cohen	nb	Interneuron	ebox_gcagctgg_to_gcaggtgg	1.1623894351941999e-05
cohen	nb	Interneuron	ebox_gcagctgg_to_gcagttgg	3.274328264524229e-05
cohen	nb	Interneuron	ebox_gcagctgg_to_gcatctgg	1.6095602404675446e-05
cohen	nb	Interneuron	ebox_gcagctgg_to_gccgctgg	1.1791089491453022e-05
cohen	nb	Interneuron	ebox_gcagctgg_to_gcggctgg	1.8000211639446206e-05
cohen	nb	Interneuron	ebox_gcagctgg_to_gctgctgg	2.4498596758348867e-05
cohen	nb	Interneuron	ebox_gcagctgg_to_ggagctgg	2.2250242182053626e-05
cohen	nb	Interneuron	ebox_gcagctgg_to_gtagctgg	1.709093885438051e-05
cohen	nb	Interneuron	ebox_gcagctgg_to_tcagctgg	1.6251295164693147e-05
cohen	nb	Interneuron	swap_crx1_to_gggataag_reverse	1.4900800124451052e-05
cohen	nb	Interneuron	swap_crx1_to_gggattag_reverse	2.0452251192182302e-05
cohen	nb	Interneuron	swap_crx1_to_gggcttag_reverse	2.2792273739469238e-05
cohen	nb	Interneuron	swap_crx2_to_gggataag_reverse	9.529492672299966e-06
cohen	nb	Interneuron	swap_crx2_to_gggattag_reverse	1.9201845134375617e-05
cohen	nb	Interneuron	swap_crx2_to_gggcttag_reverse	2.3994824005058035e-05
cohen	nb	Interneuron	swap_crx3_to_ctaagccc_forward	2.8117314286646433e-05
cohen	nb	Interneuron	swap_crx3_to_ctaatccc_forward	2.286355447722599e-05
cohen	nb	Interneuron	swap_crx3_to_cttatccc_forward	1.0427364941278938e-05
cohen	nb	Interneuron	swap_crx4_to_ctaagccc_forward	1.2988753951503895e-05
cohen	nb	Interneuron	swap_crx4_to_ctaatccc_forward	1.7799888155423105e-05
cohen	nb	Interneuron	swap_crx4_to_cttatccc_forward	4.93671432195697e-05
cohen	nb	Interneuron	swap_crx5_to_ctaagccc_forward	6.513680273201317e-05
cohen	nb	Interneuron	swap_crx5_to_ctaatccc_forward	4.213014472043142e-05
cohen	nb	Interneuron	swap_crx5_to_cttatccc_forward	2.0834264432778582e-05
cohen	nb	Interneuron	tail_conserve1_159_to_164	2.0687000869656913e-05
cohen	nb	Interneuron	tail_conserve1_164_to_169	1.2540098396129906e-05
cohen	nb	Interneuron	tail_conserve1_169_to_174	2.0650004444178194e-05
cohen	nb	Interneuron	tail_conserve2_173_to_178	1.0818924238265026e-05
cohen	nb	Interneuron	tail_conserve2_178_to_183	4.3332027416909114e-05
cohen	nb	Interneuron	tail_conserve2_183_to_188	1.5170106053119525e-05
cohen	nb	Interneuron	tail_conserve2_188_to_193	1.2899097782792524e-05
cohen	nb	Interneuron	tail_conserve2_193_to_198	1.7034783013514243e-05
cohen	nb	Interneuron	tail_conserve3_200_to_205	1.5844492736505345e-05
cohen	nb	Interneuron	tail_conserve3_205_to_210	1.4130252566246781e-05
cohen	nb	Interneuron	tail_conserve3_210_to_215	1.8279175492352806e-05
cohen	nb	Interneuron	tail_conserve3_215_to_220	2.0451801901799627e-05
cohen	nb	Interneuron	tail_conserve3_220_to_225	2.4348802980966866e-05
cohen	nb	Interneuron	tail_conserve3_225_to_230	1.0176446266996209e-05
cohen	nb	Interneuron	tail_conserve3_230_to_235	9.490503543929663e-06
cohen	nb	Interneuron	tail_conserve3_235_to_240	9.694508662505541e-06
cohen	nb	Interneuron	tail_conserve3_240_to_245	1.6431729818577878e-05
cohen	nb	Interneuron	tail_conserve3_245_to_250	1.659236295381561e-05
cohen	nb	Interneuron	tail_conserve3_250_to_255	1.849984982982278e-05
cohen	nb	Interneuron	tail_conserve4_423_to_428	2.56205221376149e-05
cohen	nb	Interneuron	tail_conserve4_428_to_433	1.6339672583853826e-05
cohen	nb	Interneuron	tail_conserve4_433_to_438	1.206112119689351e-05
cohen	nb	Interneuron	tail_conserve5_443_to_448	2.1502666641026735e-05
cohen	nb	Interneuron	tail_conserve5_448_to_453	1.6930627680267207e-05
cohen	nb	Interneuron	tail_conserve5_453_to_458	2.6463441827218048e-05
cohen	nb	Interneuron	tail_conserve5_458_to_463	1.1205112969037145e-05
cohen	nb	Interneuron	tail_conserve5_463_to_468	2.1669204215868376e-05
cohen	nb	Interneuron	tail_conserve5_468_to_473	1.947200325957965e-05
cohen	nb	Interneuron	tail_conserve5_473_to_478	4.11990076827351e-05
cohen	nb	Interneuron	tail_conserve6_478_to_483	2.022056833084207e-05
cohen	nb	Interneuron	tail_conserve6_483_to_488	1.6075307939900085e-05
cohen	nb	Interneuron	tail_conserve6_488_to_493	3.25559958582744e-05
cohen	nb	Interneuron	tail_conserve6_493_to_498	1.608300590305589e-05
cohen	nb	Interneuron	tail_conserve6_498_to_503	1.7628755813348107e-05
cohen	nb	Interneuron	tail_conserve6_503_to_508	1.9424764104769565e-05
cohen	zinb	reference	reference	0.00015291705494746566
cohen	zinb	reference	combo_Mute_crx1	0.0001668625045567751
cohen	zinb	reference	combo_Mute_crx2	0.00011108117178082466
cohen	zinb	reference	combo_Mute_crx2_crx1	0.00017064889834728092
cohen	zinb	reference	combo_Mute_crx3	0.00015909745707176626
cohen	zinb	reference	combo_Mute_crx3_crx1	0.00016180072270799428
cohen	zinb	reference	combo_Mute_crx3_crx2	0.0001642175775486976
cohen	zinb	reference	combo_Mute_crx4	0.00017846674018073827
cohen	zinb	reference	combo_Mute_crx4_crx1	0.00018994297715835273
cohen	zinb	reference	combo_Mute_crx4_crx2	0.00015149713726714253
cohen	zinb	reference	combo_Mute_crx4_crx3	0.0001622395502636209
cohen	zinb	reference	combo_Mute_crx5	0.00017231845413334668
cohen	zinb	reference	combo_Mute_crx5_crx1	0.00018321035895496607
cohen	zinb	reference	combo_Mute_crx5_crx2	0.00014138025289867073
cohen	zinb	reference	combo_Mute_crx5_crx3	0.0001675771054578945
cohen	zinb	reference	combo_Mute_crx5_crx4	0.00017071189358830452
cohen	zinb	reference	combo_Q50_crx1	0.00016929795674514025
cohen	zinb	reference	combo_Q50_crx2	0.00015370424080174416
cohen	zinb	reference	combo_Q50_crx2_crx1	0.00016933478764258325
cohen	zinb	reference	combo_Q50_crx3	0.000174654574948363
cohen	zinb	reference	combo_Q50_crx3_crx1	0.00017694756388664246
cohen	zinb	reference	combo_Q50_crx3_crx2	0.000144633770105429
cohen	zinb	reference	combo_Q50_crx4	0.0001835300208767876
cohen	zinb	reference	combo_Q50_crx4_crx1	0.00018585729412734509
cohen	zinb	reference	combo_Q50_crx4_crx2	0.00013529855641536415
cohen	zinb	reference	combo_Q50_crx4_crx3	0.00016294568195007741
cohen	zinb	reference	combo_Q50_crx5	0.00017233307880815119
cohen	zinb	reference	combo_Q50_crx5_crx1	0.00016080330533441156
cohen	zinb	reference	combo_Q50_crx5_crx2	0.0001591288746567443
cohen	zinb	reference	combo_Q50_crx5_crx3	0.00017543966532684863
cohen	zinb	reference	combo_Q50_crx5_crx4	0.0001656344102229923
cohen	zinb	reference	eboxDouble_gcagctgg_to_gcaaatgg	0.00017008429858833551
cohen	zinb	reference	eboxDouble_gcagctgg_to_gcaagtgg	0.00016007728117983788
cohen	zinb	reference	eboxDouble_gcagctgg_to_gcaattgg	0.00015224391245283186
cohen	zinb	reference	eboxDouble_gcagctgg_to_gcacatgg	0.0001665432791924104
cohen	zinb	reference	eboxDouble_gcagctgg_to_gcacgtgg	0.00017463891708757728
cohen	zinb	reference	eboxDouble_gcagctgg_to_gcacttgg	0.00017445611592847854
cohen	zinb	reference	eboxDouble_gcagctgg_to_gcatatgg	0.00017269846284762025
cohen	zinb	reference	eboxDouble_gcagctgg_to_gcatgtgg	0.00013717765978071839
cohen	zinb	reference	eboxDouble_gcagctgg_to_gcatttgg	0.00012942712055519223
cohen	zinb	reference	ebox_gcagctgg_to_acagctgg	0.00016919869813136756
cohen	zinb	reference	ebox_gcagctgg_to_ccagctgg	0.00014190355432219803
cohen	zinb	reference	ebox_gcagctgg_to_gaagctgg	0.0001449667033739388
cohen	zinb	reference	ebox_gcagctgg_to_gcaactgg	0.00017956174269784242
cohen	zinb	reference	ebox_gcagctgg_to_gcacctgg	0.00013592425966635346
cohen	zinb	reference	ebox_gcagctgg_to_gcagatgg	0.00015538145089522004
cohen	zinb	reference	ebox_gcagctgg_to_gcagcagg	0.00015650619752705097
cohen	zinb	reference	ebox_gcagctgg_to_gcagccgg	0.00016013391723390669
cohen	zinb	reference	ebox_gcagctgg_to_gcagcggg	0.00015389284817501903
cohen	zinb	reference	ebox_gcagctgg_to_gcagctag	0.0001619231334188953
cohen	zinb	reference	ebox_gcagctgg_to_gcagctcg	0.00018277057097293437
cohen	zinb	reference	ebox_gcagctgg_to_gcagctga	0.00015259509382303804
cohen	zinb	reference	ebox_gcagctgg_to_gcagctgc	0.0001662110153120011
cohen	zinb	reference	ebox_gcagctgg_to_gcagctgt	0.00015825200534891337
cohen	zinb	reference	ebox_gcagctgg_to_gcagcttg	0.00015148166858125478
cohen	zinb	reference	ebox_gcagctgg_to_gcaggtgg	0.00015917287964839488
cohen	zinb	reference	ebox_gcagctgg_to_gcagttgg	0.00018274426111020148
cohen	zinb	reference	ebox_gcagctgg_to_gcatctgg	0.00016394250269513577
cohen	zinb	reference	ebox_gcagctgg_to_gccgctgg	0.00014209176879376173
cohen	zinb	reference	ebox_gcagctgg_to_gcggctgg	0.00018142073531635106
cohen	zinb	reference	ebox_gcagctgg_to_gctgctgg	0.00017483337433077395
cohen	zinb	reference	ebox_gcagctgg_to_ggagctgg	0.00016064205556176603
cohen	zinb	reference	ebox_gcagctgg_to_gtagctgg	0.00016192840121220797
cohen	zinb	reference	ebox_gcagctgg_to_tcagctgg	0.00017491492326371372
cohen	zinb	reference	swap_crx1_to_gggataag_reverse	0.00017629739886615425
cohen	zinb	reference	swap_crx1_to_gggattag_reverse	0.00017167151963803917
cohen	zinb	reference	swap_crx1_to_gggcttag_reverse	0.00016753507952671498
cohen	zinb	reference	swap_crx2_to_gggataag_reverse	0.0001675831590546295
cohen	zinb	reference	swap_crx2_to_gggattag_reverse	0.0001739882427500561
cohen	zinb	reference	swap_crx2_to_gggcttag_reverse	0.00017783709336072206
cohen	zinb	reference	swap_crx3_to_ctaagccc_forward	0.00017070863395929337
cohen	zinb	reference	swap_crx3_to_ctaatccc_forward	0.00016786259948275983
cohen	zinb	reference	swap_crx3_to_cttatccc_forward	0.0001589129096828401
cohen	zinb	reference	swap_crx4_to_ctaagccc_forward	0.00015750160673633218
cohen	zinb	reference	swap_crx4_to_ctaatccc_forward	0.00017178272537421435
cohen	zinb	reference	swap_crx4_to_cttatccc_forward	0.0001796143187675625
cohen	zinb	reference	swap_crx5_to_ctaagccc_forward	0.0001601273543201387
cohen	zinb	reference	swap_crx5_to_ctaatccc_forward	0.00016247273015324026
cohen	zinb	reference	swap_crx5_to_cttatccc_forward	0.00016647911979816854
cohen	zinb	reference	tail_conserve1_159_to_164	0.00016624874842818826
cohen	zinb	reference	tail_conserve1_164_to_169	0.00017600021965336055
cohen	zinb	reference	tail_conserve1_169_to_174	0.0001612960040802136
cohen	zinb	reference	tail_conserve2_173_to_178	0.0001418383326381445
cohen	zinb	reference	tail_conserve2_178_to_183	0.00018498428107704967
cohen	zinb	reference	tail_conserve2_183_to_188	0.00016104347014334053
cohen	zinb	reference	tail_conserve2_188_to_193	0.00014226790517568588
cohen	zinb	reference	tail_conserve2_193_to_198	0.00016881301417015493
cohen	zinb	reference	tail_conserve3_200_to_205	0.00017300475155934691
cohen	zinb	reference	tail_conserve3_205_to_210	0.00015377857198473066
cohen	zinb	reference	tail_conserve3_210_to_215	0.00016783604223746806
cohen	zinb	reference	tail_conserve3_215_to_220	0.0001689569908194244
cohen	zinb	reference	tail_conserve3_220_to_225	0.00015891942894086242
cohen	zinb	reference	tail_conserve3_225_to_230	0.00017366796964779496
cohen	zinb	reference	tail_conserve3_230_to_235	0.00016943445370998234
cohen	zinb	reference	tail_conserve3_235_to_240	0.00015813841309864074
cohen	zinb	reference	tail_conserve3_240_to_245	0.0001652002683840692
cohen	zinb	reference	tail_conserve3_245_to_250	0.00017296501027885824
cohen	zinb	reference	tail_conserve3_250_to_255	0.00018893578089773655
cohen	zinb	reference	tail_conserve4_423_to_428	0.00015608288231305778
cohen	zinb	reference	tail_conserve4_428_to_433	0.00016723609587643296
cohen	zinb	reference	tail_conserve4_433_to_438	0.00015821926353964955
cohen	zinb	reference	tail_conserve5_443_to_448	0.00016390232485719025
cohen	zinb	reference	tail_conserve5_448_to_453	0.00016040814807638526
cohen	zinb	reference	tail_conserve5_453_to_458	0.00017838369240052998
cohen	zinb	reference	tail_conserve5_458_to_463	0.00017929376917891204
cohen	zinb	reference	tail_conserve5_463_to_468	0.00017358121112920344
cohen	zinb	reference	tail_conserve5_468_to_473	0.00019271144992671907
cohen	zinb	reference	tail_conserve5_473_to_478	0.00017320104234386235
cohen	zinb	reference	tail_conserve6_478_to_483	0.0001537395583000034
cohen	zinb	reference	tail_conserve6_483_to_488	0.00016702554421499372
cohen	zinb	reference	tail_conserve6_488_to_493	0.0001669000630499795
cohen	zinb	reference	tail_conserve6_493_to_498	0.0001805263600545004
cohen	zinb	reference	tail_conserve6_498_to_503	0.00017458945512771606
cohen	zinb	reference	tail_conserve6_503_to_508	0.000176827801624313
cohen	zinb	Bipolar	reference	0.00023820687783882022
cohen	zinb	Bipolar	combo_Mute_crx1	0.00023532574414275587
cohen	zinb	Bipolar	combo_Mute_crx2	0.00014828240091446787
cohen	zinb	Bipolar	combo_Mute_crx2_crx1	0.00011815836478490382
cohen	zinb	Bipolar	combo_Mute_crx3	0.0004445011727511883
cohen	zinb	Bipolar	combo_Mute_crx3_crx1	0.0003106830408796668
cohen	zinb	Bipolar	combo_Mute_crx3_crx2	0.00013069139095023274
cohen	zinb	Bipolar	combo_Mute_crx4	0.0002167930651921779
cohen	zinb	Bipolar	combo_Mute_crx4_crx1	0.00015346870350185782
cohen	zinb	Bipolar	combo_Mute_crx4_crx2	0.0001034500019159168
cohen	zinb	Bipolar	combo_Mute_crx4_crx3	0.00011423460819059983
cohen	zinb	Bipolar	combo_Mute_crx5	0.0002436814538668841
cohen	zinb	Bipolar	combo_Mute_crx5_crx1	0.00020796181343030185
cohen	zinb	Bipolar	combo_Mute_crx5_crx2	0.0004329060611780733
cohen	zinb	Bipolar	combo_Mute_crx5_crx3	0.00010898898472078145
cohen	zinb	Bipolar	combo_Mute_crx5_crx4	0.00028602004749700427
cohen	zinb	Bipolar	combo_Q50_crx1	0.00019390069064684212
cohen	zinb	Bipolar	combo_Q50_crx2	0.00018350097525399178
cohen	zinb	Bipolar	combo_Q50_crx2_crx1	0.00015757748042233288
cohen	zinb	Bipolar	combo_Q50_crx3	0.00018042173178400844
cohen	zinb	Bipolar	combo_Q50_crx3_crx1	0.00013625415158458054
cohen	zinb	Bipolar	combo_Q50_crx3_crx2	0.00028172030579298735
cohen	zinb	Bipolar	combo_Q50_crx4	0.0003145485825370997
cohen	zinb	Bipolar	combo_Q50_crx4_crx1	0.0001175229626824148
cohen	zinb	Bipolar	combo_Q50_crx4_crx2	4.75174565508496e-05
cohen	zinb	Bipolar	combo_Q50_crx4_crx3	0.000124098572996445
cohen	zinb	Bipolar	combo_Q50_crx5	0.0002656639844644815
cohen	zinb	Bipolar	combo_Q50_crx5_crx1	0.00014733865100424737
cohen	zinb	Bipolar	combo_Q50_crx5_crx2	9.083323675440624e-05
cohen	zinb	Bipolar	combo_Q50_crx5_crx3	0.0001723940804367885
cohen	zinb	Bipolar	combo_Q50_crx5_crx4	0.00022563473612535745
cohen	zinb	Bipolar	eboxDouble_gcagctgg_to_gcaaatgg	0.00038476570625789464
cohen	zinb	Bipolar	eboxDouble_gcagctgg_to_gcaagtgg	0.0004398442979436368
cohen	zinb	Bipolar	eboxDouble_gcagctgg_to_gcaattgg	0.0002498048997949809
cohen	zinb	Bipolar	eboxDouble_gcagctgg_to_gcacatgg	0.00038253128877840936
cohen	zinb	Bipolar	eboxDouble_gcagctgg_to_gcacgtgg	0.0002897160593420267
cohen	zinb	Bipolar	eboxDouble_gcagctgg_to_gcacttgg	0.00029532366897910833
cohen	zinb	Bipolar	eboxDouble_gcagctgg_to_gcatatgg	0.00020085216965526342
cohen	zinb	Bipolar	eboxDouble_gcagctgg_to_gcatgtgg	0.0005196980782784522
cohen	zinb	Bipolar	eboxDouble_gcagctgg_to_gcatttgg	0.0005797368939965963
cohen	zinb	Bipolar	ebox_gcagctgg_to_acagctgg	0.00022707131574861705
cohen	zinb	Bipolar	ebox_gcagctgg_to_ccagctgg	0.00018096453277394176
cohen	zinb	Bipolar	ebox_gcagctgg_to_gaagctgg	0.00045357216731645167
cohen	zinb	Bipolar	ebox_gcagctgg_to_gcaactgg	0.0002871123724617064
cohen	zinb	Bipolar	ebox_gcagctgg_to_gcacctgg	0.0005661693285219371
cohen	zinb	Bipolar	ebox_gcagctgg_to_gcagatgg	0.00021479334100149572
cohen	zinb	Bipolar	ebox_gcagctgg_to_gcagcagg	0.00023629612405784428
cohen	zinb	Bipolar	ebox_gcagctgg_to_gcagccgg	0.0001678656553849578
cohen	zinb	Bipolar	ebox_gcagctgg_to_gcagcggg	0.00036085807369090617
cohen	zinb	Bipolar	ebox_gcagctgg_to_gcagctag	0.0003518561425153166
cohen	zinb	Bipolar	ebox_gcagctgg_to_gcagctcg	0.0002480292459949851
cohen	zinb	Bipolar	ebox_gcagctgg_to_gcagctga	0.00021363969426602125
cohen	zinb	Bipolar	ebox_gcagctgg_to_gcagctgc	0.0007440753397531807
cohen	zinb	Bipolar	ebox_gcagctgg_to_gcagctgt	0.0007367972866632044
cohen	zinb	Bipolar	ebox_gcagctgg_to_gcagcttg	0.0001995293132495135
cohen	zinb	Bipolar	ebox_gcagctgg_to_gcaggtgg	0.00046271548490040004
cohen	zinb	Bipolar	ebox_gcagctgg_to_gcagttgg	0.0003923563926946372
cohen	zinb	Bipolar	ebox_gcagctgg_to_gcatctgg	0.00030662654899060726
cohen	zinb	Bipolar	ebox_gcagctgg_to_gccgctgg	0.0002515512751415372
cohen	zinb	Bipolar	ebox_gcagctgg_to_gcggctgg	0.00022654289205092937
cohen	zinb	Bipolar	ebox_gcagctgg_to_gctgctgg	0.00043441972229629755
cohen	zinb	Bipolar	ebox_gcagctgg_to_ggagctgg	0.0001779813173925504
cohen	zinb	Bipolar	ebox_gcagctgg_to_gtagctgg	0.0004217913083266467
cohen	zinb	Bipolar	ebox_gcagctgg_to_tcagctgg	0.0003796791424974799
cohen	zinb	Bipolar	swap_crx1_to_gggataag_reverse	0.00012110689567634836
cohen	zinb	Bipolar	swap_crx1_to_gggattag_reverse	0.00032186726457439363
cohen	zinb	Bipolar	swap_crx1_to_gggcttag_reverse	0.00022931717103347182
cohen	zinb	Bipolar	swap_crx2_to_gggataag_reverse	0.00023646271438337862
cohen	zinb	Bipolar	swap_crx2_to_gggattag_reverse	0.00018819235265254974
cohen	zinb	Bipolar	swap_crx2_to_gggcttag_reverse	0.00021976730204187334
cohen	zinb	Bipolar	swap_crx3_to_ctaagccc_forward	0.00033621833426877856
cohen	zinb	Bipolar	swap_crx3_to_ctaatccc_forward	0.00025661615654826164
cohen	zinb	Bipolar	swap_crx3_to_cttatccc_forward	0.00029390284908004105
cohen	zinb	Bipolar	swap_crx4_to_ctaagccc_forward	0.00019895868899766356
cohen	zinb	Bipolar	swap_crx4_to_ctaatccc_forward	0.0002588092174846679
cohen	zinb	Bipolar	swap_crx4_to_cttatccc_forward	0.00029427363188005984
cohen	zinb	Bipolar	swap_crx5_to_ctaagccc_forward	0.0004723491729237139
cohen	zinb	Bipolar	swap_crx5_to_ctaatccc_forward	0.0004301485314499587
cohen	zinb	Bipolar	swap_crx5_to_cttatccc_forward	0.000294050871161744
cohen	zinb	Bipolar	tail_conserve1_159_to_164	0.00028492178535088897
cohen	zinb	Bipolar	tail_conserve1_164_to_169	0.00027882878202944994
cohen	zinb	Bipolar	tail_conserve1_169_to_174	0.0002369824069319293
cohen	zinb	Bipolar	tail_conserve2_173_to_178	0.00069184455787763
cohen	zinb	Bipolar	tail_conserve2_178_to_183	0.0002628417278174311
cohen	zinb	Bipolar	tail_conserve2_183_to_188	0.00031307461904361844
cohen	zinb	Bipolar	tail_conserve2_188_to_193	0.0005310805281624198
cohen	zinb	Bipolar	tail_conserve2_193_to_198	0.00029302240000106394
cohen	zinb	Bipolar	tail_conserve3_200_to_205	0.0003333183703944087
cohen	zinb	Bipolar	tail_conserve3_205_to_210	0.0005281225312501192
cohen	zinb	Bipolar	tail_conserve3_210_to_215	0.00023086483997758478
cohen	zinb	Bipolar	tail_conserve3_215_to_220	0.00025604001712054014
cohen	zinb	Bipolar	tail_conserve3_220_to_225	0.000224510848056525
cohen	zinb	Bipolar	tail_conserve3_225_to_230	0.00021536070562433451
cohen	zinb	Bipolar	tail_conserve3_230_to_235	0.00019902152416761965
cohen	zinb	Bipolar	tail_conserve3_235_to_240	0.0002852649486158043
cohen	zinb	Bipolar	tail_conserve3_240_to_245	0.00019478234753478318
cohen	zinb	Bipolar	tail_conserve3_245_to_250	0.00015596815501339734
cohen	zinb	Bipolar	tail_conserve3_250_to_255	0.00016168564616236836
cohen	zinb	Bipolar	tail_conserve4_423_to_428	0.00036865926813334227
cohen	zinb	Bipolar	tail_conserve4_428_to_433	0.00044045044342055917
cohen	zinb	Bipolar	tail_conserve4_433_to_438	5.967440301901661e-05
cohen	zinb	Bipolar	tail_conserve5_443_to_448	0.0002757711918093264
cohen	zinb	Bipolar	tail_conserve5_448_to_453	0.0001910389692056924
cohen	zinb	Bipolar	tail_conserve5_453_to_458	0.00019545428222045302
cohen	zinb	Bipolar	tail_conserve5_458_to_463	0.00020625295292120427
cohen	zinb	Bipolar	tail_conserve5_463_to_468	0.0002695487055461854
cohen	zinb	Bipolar	tail_conserve5_468_to_473	0.0002487553283572197
cohen	zinb	Bipolar	tail_conserve5_473_to_478	0.0002637486904859543
cohen	zinb	Bipolar	tail_conserve6_478_to_483	0.0003728519659489393
cohen	zinb	Bipolar	tail_conserve6_483_to_488	0.00024023963487707078
cohen	zinb	Bipolar	tail_conserve6_488_to_493	0.0002224091876996681
cohen	zinb	Bipolar	tail_conserve6_493_to_498	0.00021774889319203794
cohen	zinb	Bipolar	tail_conserve6_498_to_503	0.00020064790442120284
cohen	zinb	Bipolar	tail_conserve6_503_to_508	0.00013966369442641735
cohen	zinb	Mueller Glia	reference	0.00012613413855433464
cohen	zinb	Mueller Glia	combo_Mute_crx1	0.00018270975851919502
cohen	zinb	Mueller Glia	combo_Mute_crx2	0.0015232153236865997
cohen	zinb	Mueller Glia	combo_Mute_crx2_crx1	0.00021973191178403795
cohen	zinb	Mueller Glia	combo_Mute_crx3	0.0001886946556624025
cohen	zinb	Mueller Glia	combo_Mute_crx3_crx1	0.00022912021086085588
cohen	zinb	Mueller Glia	combo_Mute_crx3_crx2	0.00044204952428117394
cohen	zinb	Mueller Glia	combo_Mute_crx4	0.0003070520469918847
cohen	zinb	Mueller Glia	combo_Mute_crx4_crx1	0.00010958117491099983
cohen	zinb	Mueller Glia	combo_Mute_crx4_crx2	0.00034440081799402833
cohen	zinb	Mueller Glia	combo_Mute_crx4_crx3	0.00011594814714044333
cohen	zinb	Mueller Glia	combo_Mute_crx5	0.00010462133650435135
cohen	zinb	Mueller Glia	combo_Mute_crx5_crx1	9.518289880361408e-05
cohen	zinb	Mueller Glia	combo_Mute_crx5_crx2	0.00031760206911712885
cohen	zinb	Mueller Glia	combo_Mute_crx5_crx3	7.828956586308777e-05
cohen	zinb	Mueller Glia	combo_Mute_crx5_crx4	0.0001009032639558427
cohen	zinb	Mueller Glia	combo_Q50_crx1	0.00017711488180793822
cohen	zinb	Mueller Glia	combo_Q50_crx2	0.00024988449877128005
cohen	zinb	Mueller Glia	combo_Q50_crx2_crx1	9.921581659000367e-05
cohen	zinb	Mueller Glia	combo_Q50_crx3	0.00022373837418854237
cohen	zinb	Mueller Glia	combo_Q50_crx3_crx1	0.00017549272160977125
cohen	zinb	Mueller Glia	combo_Q50_crx3_crx2	0.00045994750689715147
cohen	zinb	Mueller Glia	combo_Q50_crx4	0.0001728256611386314
cohen	zinb	Mueller Glia	combo_Q50_crx4_crx1	0.00021332658070605248
cohen	zinb	Mueller Glia	combo_Q50_crx4_crx2	0.0005967304459773004
cohen	zinb	Mueller Glia	combo_Q50_crx4_crx3	0.00023583527945447713
cohen	zinb	Mueller Glia	combo_Q50_crx5	0.00017113896319642663
cohen	zinb	Mueller Glia	combo_Q50_crx5_crx1	0.00017525973089504987
cohen	zinb	Mueller Glia	combo_Q50_crx5_crx2	6.470124935731292e-05
cohen	zinb	Mueller Glia	combo_Q50_crx5_crx3	0.0001378661982016638
cohen	zinb	Mueller Glia	combo_Q50_crx5_crx4	0.00017221824964508414
cohen	zinb	Mueller Glia	eboxDouble_gcagctgg_to_gcaaatgg	8.028736192500219e-05
cohen	zinb	Mueller Glia	eboxDouble_gcagctgg_to_gcaagtgg	0.0003928824735339731
cohen	zinb	Mueller Glia	eboxDouble_gcagctgg_to_gcaattgg	6.225837569218129e-05
cohen	zinb	Mueller Glia	eboxDouble_gcagctgg_to_gcacatgg	0.0001834145514294505
cohen	zinb	Mueller Glia	eboxDouble_gcagctgg_to_gcacgtgg	9.428944758838043e-05
cohen	zinb	Mueller Glia	eboxDouble_gcagctgg_to_gcacttgg	0.0005568890483118594
cohen	zinb	Mueller Glia	eboxDouble_gcagctgg_to_gcatatgg	0.0003338817914482206
cohen	zinb	Mueller Glia	eboxDouble_gcagctgg_to_gcatgtgg	0.00023652541858609766
cohen	zinb	Mueller Glia	eboxDouble_gcagctgg_to_gcatttgg	6.976073200348765e-05
cohen	zinb	Mueller Glia	ebox_gcagctgg_to_acagctgg	0.0002058171376120299
cohen	zinb	Mueller Glia	ebox_gcagctgg_to_ccagctgg	0.00017828367708716542
cohen	zinb	Mueller Glia	ebox_gcagctgg_to_gaagctgg	0.00034078731550835073
cohen	zinb	Mueller Glia	ebox_gcagctgg_to_gcaactgg	0.00017976443632505834
cohen	zinb	Mueller Glia	ebox_gcagctgg_to_gcacctgg	0.0002710218250285834
cohen	zinb	Mueller Glia	ebox_gcagctgg_to_gcagatgg	5.880114622414112e-05
cohen	zinb	Mueller Glia	ebox_gcagctgg_to_gcagcagg	0.00023477678769268095
cohen	zinb	Mueller Glia	ebox_gcagctgg_to_gcagccgg	0.00018548491061665118
cohen	zinb	Mueller Glia	ebox_gcagctgg_to_gcagcggg	0.00016989250434562564
cohen	zinb	Mueller Glia	ebox_gcagctgg_to_gcagctag	0.00024404775467701256
cohen	zinb	Mueller Glia	ebox_gcagctgg_to_gcagctcg	0.00022511952556669712
cohen	zinb	Mueller Glia	ebox_gcagctgg_to_gcagctga	0.00012008664634777233
cohen	zinb	Mueller Glia	ebox_gcagctgg_to_gcagctgc	0.0001439644256606698
cohen	zinb	Mueller Glia	ebox_gcagctgg_to_gcagctgt	0.00012223439989611506
cohen	zinb	Mueller Glia	ebox_gcagctgg_to_gcagcttg	6.971025140956044e-05
cohen	zinb	Mueller Glia	ebox_gcagctgg_to_gcaggtgg	0.00027479638811200857
cohen	zinb	Mueller Glia	ebox_gcagctgg_to_gcagttgg	0.0003446871996857226
cohen	zinb	Mueller Glia	ebox_gcagctgg_to_gcatctgg	0.0001407029922120273
cohen	zinb	Mueller Glia	ebox_gcagctgg_to_gccgctgg	0.00031610269797965884
cohen	zinb	Mueller Glia	ebox_gcagctgg_to_gcggctgg	0.00022516226454172283
cohen	zinb	Mueller Glia	ebox_gcagctgg_to_gctgctgg	0.00011229917436139658
cohen	zinb	Mueller Glia	ebox_gcagctgg_to_ggagctgg	0.00015513003745581955
cohen	zinb	Mueller Glia	ebox_gcagctgg_to_gtagctgg	0.00011441724200267345
cohen	zinb	Mueller Glia	ebox_gcagctgg_to_tcagctgg	0.00012531950778793544
cohen	zinb	Mueller Glia	swap_crx1_to_gggataag_reverse	0.00010105358524015173
cohen	zinb	Mueller Glia	swap_crx1_to_gggattag_reverse	0.00010103219392476603
cohen	zinb	Mueller Glia	swap_crx1_to_gggcttag_reverse	0.00020012428285554051
cohen	zinb	Mueller Glia	swap_crx2_to_gggataag_reverse	0.00023045521811582148
cohen	zinb	Mueller Glia	swap_crx2_to_gggattag_reverse	0.00017951431800611317
cohen	zinb	Mueller Glia	swap_crx2_to_gggcttag_reverse	0.00016668849275447428
cohen	zinb	Mueller Glia	swap_crx3_to_ctaagccc_forward	0.00017976906383410096
cohen	zinb	Mueller Glia	swap_crx3_to_ctaatccc_forward	0.00014796921459492296
cohen	zinb	Mueller Glia	swap_crx3_to_cttatccc_forward	0.00015716190682724118
cohen	zinb	Mueller Glia	swap_crx4_to_ctaagccc_forward	0.00015120356692932546
cohen	zinb	Mueller Glia	swap_crx4_to_ctaatccc_forward	0.00013358691649045795
cohen	zinb	Mueller Glia	swap_crx4_to_cttatccc_forward	0.00012024582974845544
cohen	zinb	Mueller Glia	swap_crx5_to_ctaagccc_forward	0.00010437617311254144
cohen	zinb	Mueller Glia	swap_crx5_to_ctaatccc_forward	0.00023645551118534058
cohen	zinb	Mueller Glia	swap_crx5_to_cttatccc_forward	0.00015937292482703924
cohen	zinb	Mueller Glia	tail_conserve1_159_to_164	0.0002297538740094751
cohen	zinb	Mueller Glia	tail_conserve1_164_to_169	0.0003267055726610124
cohen	zinb	Mueller Glia	tail_conserve1_169_to_174	0.00016317101835738868
cohen	zinb	Mueller Glia	tail_conserve2_173_to_178	0.0002137503761332482
cohen	zinb	Mueller Glia	tail_conserve2_178_to_183	0.0002791733422782272
cohen	zinb	Mueller Glia	tail_conserve2_183_to_188	6.0274214774835855e-05
cohen	zinb	Mueller Glia	tail_conserve2_188_to_193	0.00038756366120651364
cohen	zinb	Mueller Glia	tail_conserve2_193_to_198	6.955512071726844e-05
cohen	zinb	Mueller Glia	tail_conserve3_200_to_205	7.67553283367306e-05
cohen	zinb	Mueller Glia	tail_conserve3_205_to_210	0.00046439209836535156
cohen	zinb	Mueller Glia	tail_conserve3_210_to_215	0.0001315189729211852
cohen	zinb	Mueller Glia	tail_conserve3_215_to_220	0.00015206498210318387
cohen	zinb	Mueller Glia	tail_conserve3_220_to_225	0.00022220269602257758
cohen	zinb	Mueller Glia	tail_conserve3_225_to_230	0.0004614457138814032
cohen	zinb	Mueller Glia	tail_conserve3_230_to_235	0.00015495008847210556
cohen	zinb	Mueller Glia	tail_conserve3_235_to_240	0.00014506075240205973
cohen	zinb	Mueller Glia	tail_conserve3_240_to_245	0.00011327733955113217
cohen	zinb	Mueller Glia	tail_conserve3_245_to_250	0.00010246655438095331
cohen	zinb	Mueller Glia	tail_conserve3_250_to_255	7.941255171317607e-05
cohen	zinb	Mueller Glia	tail_conserve4_423_to_428	6.215313624124974e-05
cohen	zinb	Mueller Glia	tail_conserve4_428_to_433	0.00019020418403670192
cohen	zinb	Mueller Glia	tail_conserve4_433_to_438	5.997770858812146e-05
cohen	zinb	Mueller Glia	tail_conserve5_443_to_448	0.00018658812041394413
cohen	zinb	Mueller Glia	tail_conserve5_448_to_453	0.00032057848875410855
cohen	zinb	Mueller Glia	tail_conserve5_453_to_458	0.00015597263700328767
cohen	zinb	Mueller Glia	tail_conserve5_458_to_463	0.0001500025682616979
cohen	zinb	Mueller Glia	tail_conserve5_463_to_468	0.00016531672736164182
cohen	zinb	Mueller Glia	tail_conserve5_468_to_473	0.00016101429355330765
cohen	zinb	Mueller Glia	tail_conserve5_473_to_478	0.0001809477835195139
cohen	zinb	Mueller Glia	tail_conserve6_478_to_483	0.0002636468561831862
cohen	zinb	Mueller Glia	tail_conserve6_483_to_488	0.00017511054466012865
cohen	zinb	Mueller Glia	tail_conserve6_488_to_493	0.0001985977723961696
cohen	zinb	Mueller Glia	tail_conserve6_493_to_498	0.00015190424164757133
cohen	zinb	Mueller Glia	tail_conserve6_498_to_503	0.00010469150583958253
cohen	zinb	Mueller Glia	tail_conserve6_503_to_508	8.79278450156562e-05
cohen	zinb	Interneuron	reference	3.0656672606710345e-05
cohen	zinb	Interneuron	combo_Mute_crx1	5.0488040869822726e-05
cohen	zinb	Interneuron	combo_Mute_crx2	4.3291220208629966e-05
cohen	zinb	Interneuron	combo_Mute_crx2_crx1	3.456701597315259e-05
cohen	zinb	Interneuron	combo_Mute_crx3	3.411187935853377e-05
cohen	zinb	Interneuron	combo_Mute_crx3_crx1	4.218441972625442e-05
cohen	zinb	Interneuron	combo_Mute_crx3_crx2	1.9913459254894406e-05
cohen	zinb	Interneuron	combo_Mute_crx4	2.182009120588191e-05
cohen	zinb	Interneuron	combo_Mute_crx4_crx1	2.7378342565498315e-05
cohen	zinb	Interneuron	combo_Mute_crx4_crx2	2.528735603846144e-05
cohen	zinb	Interneuron	combo_Mute_crx4_crx3	2.7635262085823342e-05
cohen	zinb	Interneuron	combo_Mute_crx5	3.630567516665906e-05
cohen	zinb	Interneuron	combo_Mute_crx5_crx1	6.344092253129929e-05
cohen	zinb	Interneuron	combo_Mute_crx5_crx2	1.7966836821869947e-05
cohen	zinb	Interneuron	combo_Mute_crx5_crx3	4.684254963649437e-05
cohen	zinb	Interneuron	combo_Mute_crx5_crx4	5.27618576597888e-05
cohen	zinb	Interneuron	combo_Q50_crx1	3.5486038541421294e-05
cohen	zinb	Interneuron	combo_Q50_crx2	6.640009814873338e-05
cohen	zinb	Interneuron	combo_Q50_crx2_crx1	0.00010054084850708023
cohen	zinb	Interneuron	combo_Q50_crx3	3.614330489654094e-05
cohen	zinb	Interneuron	combo_Q50_crx3_crx1	5.01359609188512e-05
cohen	zinb	Interneuron	combo_Q50_crx3_crx2	2.762250733212568e-05
cohen	zinb	Interneuron	combo_Q50_crx4	4.829659519600682e-05
cohen	zinb	Interneuron	combo_Q50_crx4_crx1	2.2883226847625338e-05
cohen	zinb	Interneuron	combo_Q50_crx4_crx2	1.6766494809417054e-05
cohen	zinb	Interneuron	combo_Q50_crx4_crx3	3.718283915077336e-05
cohen	zinb	Interneuron	combo_Q50_crx5	3.039693365280982e-05
cohen	zinb	Interneuron	combo_Q50_crx5_crx1	3.924890552298166e-05
cohen	zinb	Interneuron	combo_Q50_crx5_crx2	1.678306762187276e-05
cohen	zinb	Interneuron	combo_Q50_crx5_crx3	3.0365090424311347e-05
cohen	zinb	Interneuron	combo_Q50_crx5_crx4	4.012621138826944e-05
cohen	zinb	Interneuron	eboxDouble_gcagctgg_to_gcaaatgg	2.4926552214310504e-05
cohen	zinb	Interneuron	eboxDouble_gcagctgg_to_gcaagtgg	3.195496537955478e-05
cohen	zinb	Interneuron	eboxDouble_gcagctgg_to_gcaattgg	2.0969833713024855e-05
cohen	zinb	Interneuron	eboxDouble_gcagctgg_to_gcacatgg	7.900148193584755e-05
cohen	zinb	Interneuron	eboxDouble_gcagctgg_to_gcacgtgg	3.157843093504198e-05
cohen	zinb	Interneuron	eboxDouble_gcagctgg_to_gcacttgg	2.42691021412611e-05
cohen	zinb	Interneuron	eboxDouble_gcagctgg_to_gcatatgg	2.0751238480443135e-05
cohen	zinb	Interneuron	eboxDouble_gcagctgg_to_gcatgtgg	5.345598765416071e-05
cohen	zinb	Interneuron	eboxDouble_gcagctgg_to_gcatttgg	2.1228192053968087e-05
cohen	zinb	Interneuron	ebox_gcagctgg_to_acagctgg	1.766997593222186e-05
cohen	zinb	Interneuron	ebox_gcagctgg_to_ccagctgg	1.5111727407202125e-05
cohen	zinb	Interneuron	ebox_gcagctgg_to_gaagctgg	2.238238630525302e-05
cohen	zinb	Interneuron	ebox_gcagctgg_to_gcaactgg	2.0746825612150133e-05
cohen	zinb	Interneuron	ebox_gcagctgg_to_gcacctgg	1.849410000431817e-05
cohen	zinb	Interneuron	ebox_gcagctgg_to_gcagatgg	1.9658722521853633e-05
cohen	zinb	Interneuron	ebox_gcagctgg_to_gcagcagg	9.814422082854435e-05
cohen	zinb	Interneuron	ebox_gcagctgg_to_gcagccgg	1.7806763935368508e-05
cohen	zinb	Interneuron	ebox_gcagctgg_to_gcagcggg	2.5286077288910747e-05
cohen	zinb	Interneuron	ebox_gcagctgg_to_gcagctag	4.2980635043932125e-05
cohen	zinb	Interneuron	ebox_gcagctgg_to_gcagctcg	1.9660374164232053e-05
cohen	zinb	Interneuron	ebox_gcagctgg_to_gcagctga	3.0228802643250674e-05
cohen	zinb	Interneuron	ebox_gcagctgg_to_gcagctgc	2.952630165964365e-05
cohen	zinb	Interneuron	ebox_gcagctgg_to_gcagctgt	3.368335455888882e-05
cohen	zinb	Interneuron	ebox_gcagctgg_to_gcagcttg	2.8750569981639273e-05
cohen	zinb	Interneuron	ebox_gcagctgg_to_gcaggtgg	2.026792753895279e-05
cohen	zinb	Interneuron	ebox_gcagctgg_to_gcagttgg	5.741941276937723e-05
cohen	zinb	Interneuron	ebox_gcagctgg_to_gcatctgg	2.7842366762342863e-05
cohen	zinb	Interneuron	ebox_gcagctgg_to_gccgctgg	2.081579623336438e-05
cohen	zinb	Interneuron	ebox_gcagctgg_to_gcggctgg	3.107095108134672e-05
cohen	zinb	Interneuron	ebox_gcagctgg_to_gctgctgg	3.829742854577489e-05
cohen	zinb	Interneuron	ebox_gcagctgg_to_ggagctgg	3.7740410334663466e-05
cohen	zinb	Interneuron	ebox_gcagctgg_to_gtagctgg	2.8469812605180778e-05
cohen	zinb	Interneuron	ebox_gcagctgg_to_tcagctgg	2.729244442889467e-05
cohen	zinb	Interneuron	swap_crx1_to_gggataag_reverse	2.558694723120425e-05
cohen	zinb	Interneuron	swap_crx1_to_gggattag_reverse	3.558370372047648e-05
cohen	zinb	Interneuron	swap_crx1_to_gggcttag_reverse	4.275472019799054e-05
cohen	zinb	Interneuron	swap_crx2_to_gggataag_reverse	1.6649188182782382e-05
cohen	zinb	Interneuron	swap_crx2_to_gggattag_reverse	3.575603477656841e-05
cohen	zinb	Interneuron	swap_crx2_to_gggcttag_reverse	4.4629534386331216e-05
cohen	zinb	Interneuron	swap_crx3_to_ctaagccc_forward	5.002801481168717e-05
cohen	zinb	Interneuron	swap_crx3_to_ctaatccc_forward	4.350701783550903e-05
cohen	zinb	Interneuron	swap_crx3_to_cttatccc_forward	1.824194441724103e-05
cohen	zinb	Interneuron	swap_crx4_to_ctaagccc_forward	2.3228827558341436e-05
cohen	zinb	Interneuron	swap_crx4_to_ctaatccc_forward	3.370639751665294e-05
cohen	zinb	Interneuron	swap_crx4_to_cttatccc_forward	8.552490180591121e-05
cohen	zinb	Interneuron	swap_crx5_to_ctaagccc_forward	0.00011962930875597522
cohen	zinb	Interneuron	swap_crx5_to_ctaatccc_forward	7.848706445656717e-05
cohen	zinb	Interneuron	swap_crx5_to_cttatccc_forward	3.715678758453578e-05
cohen	zinb	Interneuron	tail_conserve1_159_to_164	3.9045025914674625e-05
cohen	zinb	Interneuron	tail_conserve1_164_to_169	2.157906783395447e-05
cohen	zinb	Interneuron	tail_conserve1_169_to_174	3.934762207791209e-05
cohen	zinb	Interneuron	tail_conserve2_173_to_178	1.8939916117233224e-05
cohen	zinb	Interneuron	tail_conserve2_178_to_183	7.124152034521103e-05
cohen	zinb	Interneuron	tail_conserve2_183_to_188	2.58378258877201e-05
cohen	zinb	Interneuron	tail_conserve2_188_to_193	2.218089866801165e-05
cohen	zinb	Interneuron	tail_conserve2_193_to_198	2.877959377656225e-05
cohen	zinb	Interneuron	tail_conserve3_200_to_205	2.6640289433998987e-05
cohen	zinb	Interneuron	tail_conserve3_205_to_210	2.409845546935685e-05
cohen	zinb	Interneuron	tail_conserve3_210_to_215	3.32811578118708e-05
cohen	zinb	Interneuron	tail_conserve3_215_to_220	3.8625672459602356e-05
cohen	zinb	Interneuron	tail_conserve3_220_to_225	4.477883703657426e-05
cohen	zinb	Interneuron	tail_conserve3_225_to_230	1.792716284398921e-05
cohen	zinb	Interneuron	tail_conserve3_230_to_235	1.6501831851201132e-05
cohen	zinb	Interneuron	tail_conserve3_235_to_240	1.7115535229095258e-05
cohen	zinb	Interneuron	tail_conserve3_240_to_245	3.115233630524017e-05
cohen	zinb	Interneuron	tail_conserve3_245_to_250	3.065287455683574e-05
cohen	zinb	Interneuron	tail_conserve3_250_to_255	3.0812108889222145e-05
cohen	zinb	Interneuron	tail_conserve4_423_to_428	4.1766219510464e-05
cohen	zinb	Interneuron	tail_conserve4_428_to_433	2.939041041827295e-05
cohen	zinb	Interneuron	tail_conserve4_433_to_438	2.1174348148633726e-05
cohen	zinb	Interneuron	tail_conserve5_443_to_448	4.022460416308604e-05
cohen	zinb	Interneuron	tail_conserve5_448_to_453	2.973384653159883e-05
cohen	zinb	Interneuron	tail_conserve5_453_to_458	4.6465080231428146e-05
cohen	zinb	Interneuron	tail_conserve5_458_to_463	1.9571178199839778e-05
cohen	zinb	Interneuron	tail_conserve5_463_to_468	3.971940168412402e-05
cohen	zinb	Interneuron	tail_conserve5_468_to_473	3.3170093956869096e-05
cohen	zinb	Interneuron	tail_conserve5_473_to_478	7.536354678450152e-05
cohen	zinb	Interneuron	tail_conserve6_478_to_483	3.5321307223057374e-05
cohen	zinb	Interneuron	tail_conserve6_483_to_488	3.031451524293516e-05
cohen	zinb	Interneuron	tail_conserve6_488_to_493	5.880709068151191e-05
cohen	zinb	Interneuron	tail_conserve6_493_to_498	2.9564564101747237e-05
cohen	zinb	Interneuron	tail_conserve6_498_to_503	3.1605217372998595e-05
cohen	zinb	Interneuron	tail_conserve6_503_to_508	3.281812314526178e-05
shendure	nb	reference	reference	0.001400217181071639
shendure	nb	reference	Bend5_chr4_8168	5.444111593533307e-05
shendure	nb	reference	Bend5_chr4_8170	0.0003347212332300842
shendure	nb	reference	Bend5_chr4_8172	2.425891943858005e-05
shendure	nb	reference	Bend5_chr4_8174	4.8056990635814145e-05
shendure	nb	reference	Bend5_chr4_8175	0.0013407625956460834
shendure	nb	reference	Bend5_chr4_8179	6.538257002830505e-05
shendure	nb	reference	Bend5_chr4_8192	2.97545557259582e-05
shendure	nb	reference	Bend5_chr4_8199	7.944695244077593e-05
shendure	nb	reference	Bend5_chr4_8201	6.834765372332186e-05
shendure	nb	reference	Btg1_chr10_9572	6.288829172262922e-05
shendure	nb	reference	Btg1_chr10_9578	0.010091852396726608
shendure	nb	reference	Btg1_chr10_9588	5.59585532755591e-05
shendure	nb	reference	Btg1_chr10_9593	8.669046655995771e-05
shendure	nb	reference	Btg1_chr10_9612	6.726653373334557e-05
shendure	nb	reference	Btg1_chr10_9613	4.8981655709212646e-05
shendure	nb	reference	Cdk5r1_chr11_12559	0.0007995792548172176
shendure	nb	reference	Cdk5r1_chr11_12562	0.005803761072456837
shendure	nb	reference	Cdk5r1_chr11_12574	0.007141472306102514
shendure	nb	reference	Cdk5r1_chr11_12575	0.0001329017395619303
shendure	nb	reference	Cdk5r1_chr11_12582	0.0005715973093174398
shendure	nb	reference	Cdk5r1_chr11_12590	5.862873877049424e-05
shendure	nb	reference	Cdk5r1_chr11_12595	2.8618414944503456e-05
shendure	nb	reference	Cited2_chr10_1239	3.7730693293269724e-05
shendure	nb	reference	Cited2_chr10_1246	3.755360739887692e-05
shendure	nb	reference	Cited2_chr10_1248	5.845136911375448e-05
shendure	nb	reference	Cited2_chr10_1253	0.00014140935672912747
shendure	nb	reference	Cited2_chr10_1254	0.003310393774881959
shendure	nb	reference	Cited2_chr10_1267	4.3975640437565744e-05
shendure	nb	reference	Cited2_chr10_1270	0.0001411320990882814
shendure	nb	reference	Col1a1_chr11_15258	0.00014355256280396134
shendure	nb	reference	Col1a1_chr11_15259	0.00012507439532782882
shendure	nb	reference	Col1a1_chr11_15269	6.224311800906435e-05
shendure	nb	reference	Col1a1_chr11_15270	0.0002082219725707546
shendure	nb	reference	Col1a1_chr11_15273	9.480041626375169e-05
shendure	nb	reference	Col1a1_chr11_15275	0.0005699281464330852
shendure	nb	reference	Col1a1_chr11_15276	0.0011057003866881132
shendure	nb	reference	Col1a1_chr11_15301	0.00012817801325581968
shendure	nb	reference	Col1a1_chr11_15307	0.001036525471135974
shendure	nb	reference	Col1a1_chr11_15316	0.00031842608586885035
shendure	nb	reference	Col1a1_chr11_15322	0.00019023066852241755
shendure	nb	reference	Col1a2_chr6_72	7.694456144236028e-05
shendure	nb	reference	Col1a2_chr6_73	8.860107482178137e-05
shendure	nb	reference	Col1a2_chr6_77	0.0001982815156225115
shendure	nb	reference	Col1a2_chr6_88	3.50534864992369e-05
shendure	nb	reference	Col1a2_chr6_93	0.001757086836732924
shendure	nb	reference	Col5a1_chr2_2558	7.010105036897585e-05
shendure	nb	reference	Col5a1_chr2_2562	3.342275886097923e-05
shendure	nb	reference	Col5a1_chr2_2565	7.479252963094041e-05
shendure	nb	reference	Col5a1_chr2_2571	0.00011741441994672641
shendure	nb	reference	Col5a1_chr2_2575	0.001050021150149405
shendure	nb	reference	Col5a1_chr2_2576	0.00012074972619302571
shendure	nb	reference	Col5a1_chr2_2586	3.32981398969423e-05
shendure	nb	reference	Epas1_chr17_10056	4.663096842705272e-05
shendure	nb	reference	Epas1_chr17_10057	0.00013604576815851033
shendure	nb	reference	Epas1_chr17_10061	8.319618063978851e-05
shendure	nb	reference	Epas1_chr17_10063	9.231489093508571e-05
shendure	nb	reference	Epas1_chr17_10064	0.0001037103938870132
shendure	nb	reference	Epas1_chr17_10066	4.406086009112187e-05
shendure	nb	reference	Epas1_chr17_10070	0.0013078834163025022
shendure	nb	reference	Epas1_chr17_10071	0.0007706933538429439
shendure	nb	reference	Epas1_chr17_10116	7.09317100699991e-05
shendure	nb	reference	Foxa2_chr2_13806	3.3019798138411716e-05
shendure	nb	reference	Foxa2_chr2_13808	8.99964215932414e-05
shendure	nb	reference	Foxa2_chr2_13812	8.916484512155876e-05
shendure	nb	reference	Foxa2_chr2_13818	0.00011522954446263611
shendure	nb	reference	Foxa2_chr2_13820	0.0001269794738618657
shendure	nb	reference	Foxa2_chr2_13830	2.8905380531796254e-05
shendure	nb	reference	Foxa2_chr2_13835	0.00014836955233477056
shendure	nb	reference	Foxa2_chr2_13840	0.0003576612798497081
shendure	nb	reference	Foxa2_chr2_13841	0.00022751525102648884
shendure	nb	reference	Foxa2_chr2_13856	0.0001953814207809046
shendure	nb	reference	Foxa2_chr2_13858	0.0001292614615522325
shendure	nb	reference	Foxa2_chr2_13861	3.085095158894546e-05
shendure	nb	reference	Foxa2_chr2_13862	4.485748286242597e-05
shendure	nb	reference	Gata4_chr14_5677	0.005039256066083908
shendure	nb	reference	Gata4_chr14_5693	5.029149542679079e-05
shendure	nb	reference	Gata4_chr14_5710	3.427064439165406e-05
shendure	nb	reference	Gata4_chr14_5714	6.392514478648081e-05
shendure	nb	reference	Gata4_chr14_5729	2.6727193471742794e-05
shendure	nb	reference	Gata4_chr14_5742	0.003479302627965808
shendure	nb	reference	Gata4_chr14_5749	0.00042153557296842337
shendure	nb	reference	Gata4_chr14_5752	8.972150681074709e-05
shendure	nb	reference	Gata4_chr14_5760	4.262513539288193e-05
shendure	nb	reference	Gata4_chr14_5762	2.7841864721267484e-05
shendure	nb	reference	Gata4_chr14_5763	2.2594253096031025e-05
shendure	nb	reference	Gata4_chr14_5776	0.0001490097783971578
shendure	nb	reference	Gata4_chr14_5779	6.421752186724916e-05
shendure	nb	reference	Igfbp4_chr11_16694	0.00010788814688567072
shendure	nb	reference	Igfbp4_chr11_16710	0.000561819935683161
shendure	nb	reference	Igfbp4_chr11_16711	0.0029488534200936556
shendure	nb	reference	Igfbp4_chr11_16716	0.0004475679015740752
shendure	nb	reference	Igfbp4_chr11_16728	0.0008032573969103396
shendure	nb	reference	Igfbp4_chr11_16735	0.0011530895717442036
shendure	nb	reference	Igfbp4_chr11_16738	0.00037273712223395705
shendure	nb	reference	Igfbp4_chr11_16740	0.0005050198524259031
shendure	nb	reference	Igfbp4_chr11_16743	0.00044641137355938554
shendure	nb	reference	Igfbp4_chr11_16784	9.634906018618494e-05
shendure	nb	reference	Klf4_chr4_3934	0.00035328124067746103
shendure	nb	reference	Klf4_chr4_3936	3.4396965929772705e-05
shendure	nb	reference	Klf4_chr4_3946	0.0001085267067537643
shendure	nb	reference	Klf4_chr4_3948	0.003903149627149105
shendure	nb	reference	Klf4_chr4_3949	0.0004944840329699218
shendure	nb	reference	Klf4_chr4_3951	0.0003817190299741924
shendure	nb	reference	Klf4_chr4_3952	2.4192268028855324e-05
shendure	nb	reference	Klf4_chr4_3958	0.000114822993054986
shendure	nb	reference	Lama1_chr17_7784	4.641760097001679e-05
shendure	nb	reference	Lama1_chr17_7787	4.95702879561577e-05
shendure	nb	reference	Lama1_chr17_7788	4.34471876360476e-05
shendure	nb	reference	Lama1_chr17_7791	7.600041863042861e-05
shendure	nb	reference	Lama1_chr17_7793	0.00045782740926370025
shendure	nb	reference	Lama1_chr17_7799	5.598272764473222e-05
shendure	nb	reference	Lama1_chr17_7814	0.0007626772858202457
shendure	nb	reference	Lama1_chr17_7874	0.0006125110667198896
shendure	nb	reference	Lama1_chr17_7892	2.6013716706074774e-05
shendure	nb	reference	Lama1_chr17_7907	4.4994587369728833e-05
shendure	nb	reference	Lamb1_chr12_2182	4.2155505070695654e-05
shendure	nb	reference	Lamb1_chr12_2183	0.0002121178840752691
shendure	nb	reference	Lamb1_chr12_2186	0.0002615367411635816
shendure	nb	reference	Lamb1_chr12_2189	8.021160465432331e-05
shendure	nb	reference	Lamb1_chr12_2196	3.104266579612158e-05
shendure	nb	reference	Lamb1_chr12_2203	3.265942359576002e-05
shendure	nb	reference	Lamb1_chr12_2206	4.225076918373816e-05
shendure	nb	reference	Lamb1_chr12_2207	3.8434634916484356e-05
shendure	nb	reference	Lamb1_chr12_2210	0.0015930493827909231
shendure	nb	reference	Lamb1_chr12_2215	3.605775418691337e-05
shendure	nb	reference	Lamb1_chr12_2216	0.0003032181994058192
shendure	nb	reference	Lamb1_chr12_2238	8.635315316496417e-05
shendure	nb	reference	Lamb1_chr12_2239	6.107859371695668e-05
shendure	nb	reference	Lamb1_chr12_2288	3.7525467632804066e-05
shendure	nb	reference	Lamb1_chr12_2289	0.00015024996537249535
shendure	nb	reference	Lamb1_chr12_2296	0.0006880348664708436
shendure	nb	reference	Lamc1_chr1_12127	6.997067976044491e-05
shendure	nb	reference	Lamc1_chr1_12152	4.6243159886216745e-05
shendure	nb	reference	Lamc1_chr1_12175	0.005515468772500753
shendure	nb	reference	Lamc1_chr1_12183	3.710682358359918e-05
shendure	nb	reference	Lamc1_chr1_12185	2.698929893085733e-05
shendure	nb	reference	Lamc1_chr1_12188	0.00018821965204551816
shendure	nb	reference	Lamc1_chr1_12189	0.0016687683528289199
shendure	nb	reference	Lamc1_chr1_12193	0.0001283688616240397
shendure	nb	reference	Lamc1_chr1_12201	0.00011380293290130794
shendure	nb	reference	Map1b_chr13_9429	0.00033674717997200787
shendure	nb	reference	Map1b_chr13_9436	8.774012530921027e-05
shendure	nb	reference	Map1b_chr13_9445	9.991133265430108e-05
shendure	nb	reference	Map1b_chr13_9447	0.0013966741971671581
shendure	nb	reference	Sox17_chr1_58	0.00010821180330822244
shendure	nb	reference	Sox17_chr1_59	1.763353247952182e-05
shendure	nb	reference	Sox17_chr1_60	8.127941691782326e-05
shendure	nb	reference	Sox17_chr1_65	0.00017559532716404647
shendure	nb	reference	Sox17_chr1_67	0.00024526825291104615
shendure	nb	reference	Sox17_chr1_68	0.00011479737440822646
shendure	nb	reference	Sox17_chr1_69	0.0001639473339309916
shendure	nb	reference	Sox17_chr1_73	0.00010211468179477379
shendure	nb	reference	Sox17_chr1_77	0.0003352230996824801
shendure	nb	reference	Sox17_chr1_78	3.136339000775479e-05
shendure	nb	reference	Sox17_chr1_82	9.228663111571223e-05
shendure	nb	reference	Sox17_chr1_83	1.755334778863471e-05
shendure	nb	reference	Sox2_chr3_2005	0.0005514432559721172
shendure	nb	reference	Sox2_chr3_2007	0.015182518400251865
shendure	nb	reference	Sox2_chr3_2008	0.0003327577724121511
shendure	nb	reference	Sox2_chr3_2009	0.0025818785652518272
shendure	nb	reference	Sox4_chr13_2052	0.0006289690500125289
shendure	nb	reference	Sox4_chr13_2054	4.5427648728946224e-05
shendure	nb	reference	Sox4_chr13_2055	0.0002930321788880974
shendure	nb	reference	Sox4_chr13_2057	3.480173472780734e-05
shendure	nb	reference	Sparc_chr11_7180	2.213582229160238e-05
shendure	nb	reference	Sparc_chr11_7182	5.5070504458853975e-05
shendure	nb	reference	Sparc_chr11_7195	0.0003633360902313143
shendure	nb	reference	Sparc_chr11_7198	2.9259193979669362e-05
shendure	nb	reference	Sparc_chr11_7199	5.9084959502797574e-05
shendure	nb	reference	Sparc_chr11_7203	0.0004936985205858946
shendure	nb	reference	Sparc_chr11_7205	0.0004131998575758189
shendure	nb	reference	Sparc_chr11_7207	8.600616274634376e-05
shendure	nb	reference	Sparc_chr11_7210	7.56755325710401e-05
shendure	nb	reference	Sparc_chr11_7211	0.00025237019872292876
shendure	nb	reference	Sparc_chr11_7213	3.5571250919019803e-05
shendure	nb	reference	Sparc_chr11_7230	0.0004657583776861429
shendure	nb	reference	Sparc_chr11_7233	5.7504130381857976e-05
shendure	nb	reference	Sparc_chr11_7234	0.003533001523464918
shendure	nb	reference	Sparc_chr11_7235	0.004996036179363728
shendure	nb	reference	Sparc_chr11_7243	0.000222835733438842
shendure	nb	reference	Tgfbi_chr13_5692	0.0018795733340084553
shendure	nb	reference	Tgfbi_chr13_5701	6.12485091551207e-05
shendure	nb	reference	Tgfbi_chr13_5705	0.0013424322241917253
shendure	nb	reference	Tgfbi_chr13_5711	0.0010795647976920009
shendure	nb	reference	Tgfbi_chr13_5724	5.0109043513657525e-05
shendure	nb	reference	Tgfbi_chr13_5735	0.00010041157656814903
shendure	nb	reference	Tgfbi_chr13_5741	0.0048135132528841496
shendure	nb	reference	Tubb2b_chr13_2557	0.00011601783626247197
shendure	nb	reference	Tubb2b_chr13_2568	0.003361186245456338
shendure	nb	reference	Tubb2b_chr13_2572	8.374328899662942e-05
shendure	nb	reference	Tubb2b_chr13_2576	0.0125487195327878
shendure	nb	reference	Tubb2b_chr13_2577	9.651561413193122e-05
shendure	nb	reference	Tubb2b_chr13_2578	5.5928623623913154e-05
shendure	nb	reference	Tubb2b_chr13_2580	0.00016138801584020257
shendure	nb	reference	Tubb2b_chr13_2583	0.00010427320376038551
shendure	nb	reference	Tubb2b_chr13_2590	0.0002237505541415885
shendure	nb	reference	Txndc12_chr4_7951	0.0002630300587043166
shendure	nb	reference	Txndc12_chr4_7961	0.00040400371653959155
shendure	nb	reference	Txndc12_chr4_7962	0.0003333943313919008
shendure	nb	reference	Txndc12_chr4_7969	9.076925925910473e-05
shendure	nb	reference	Txndc12_chr4_7971	9.046134073287249e-05
shendure	nb	reference	Txndc12_chr4_7973	0.003688044846057892
shendure	nb	reference	Txndc12_chr4_7975	6.838286208221689e-05
shendure	nb	reference	Txndc12_chr4_7978	0.006549293641000986
shendure	nb	reference	eef1aP	0.6451367139816284
shendure	nb	reference	pgk1P	0.23964719474315643
shendure	nb	reference	ubcP	0.12418903410434723
shendure	nb	NeuroectodermBrain	reference	0.00019977855845354497
shendure	nb	NeuroectodermBrain	Bend5_chr4_8168	1.5411365893669426e-05
shendure	nb	NeuroectodermBrain	Bend5_chr4_8170	2.5491592168691568e-05
shendure	nb	NeuroectodermBrain	Bend5_chr4_8172	1.3616303476737812e-05
shendure	nb	NeuroectodermBrain	Bend5_chr4_8174	6.292852049227804e-06
shendure	nb	NeuroectodermBrain	Bend5_chr4_8175	0.0010462134378030896
shendure	nb	NeuroectodermBrain	Bend5_chr4_8179	1.7348944311379455e-05
shendure	nb	NeuroectodermBrain	Bend5_chr4_8192	4.46339390691719e-06
shendure	nb	NeuroectodermBrain	Bend5_chr4_8199	4.09987342209206e-06
shendure	nb	NeuroectodermBrain	Bend5_chr4_8201	6.367899004544597e-06
shendure	nb	NeuroectodermBrain	Btg1_chr10_9572	3.772282752834144e-06
shendure	nb	NeuroectodermBrain	Btg1_chr10_9578	0.00173756608273834
shendure	nb	NeuroectodermBrain	Btg1_chr10_9588	5.395136668084888e-06
shendure	nb	NeuroectodermBrain	Btg1_chr10_9593	3.485786874080077e-05
shendure	nb	NeuroectodermBrain	Btg1_chr10_9612	2.8167152777314186e-05
shendure	nb	NeuroectodermBrain	Btg1_chr10_9613	5.025387963542016e-06
shendure	nb	NeuroectodermBrain	Cdk5r1_chr11_12559	0.00018701725639402866
shendure	nb	NeuroectodermBrain	Cdk5r1_chr11_12562	0.0007833882118575275
shendure	nb	NeuroectodermBrain	Cdk5r1_chr11_12574	0.0032892541494220495
shendure	nb	NeuroectodermBrain	Cdk5r1_chr11_12575	3.612439104472287e-05
shendure	nb	NeuroectodermBrain	Cdk5r1_chr11_12582	0.0002465849102009088
shendure	nb	NeuroectodermBrain	Cdk5r1_chr11_12590	3.310167812742293e-05
shendure	nb	NeuroectodermBrain	Cdk5r1_chr11_12595	2.3057822545524687e-05
shendure	nb	NeuroectodermBrain	Cited2_chr10_1239	6.040717380528804e-06
shendure	nb	NeuroectodermBrain	Cited2_chr10_1246	2.3693415641901083e-05
shendure	nb	NeuroectodermBrain	Cited2_chr10_1248	2.8749020657414803e-06
shendure	nb	NeuroectodermBrain	Cited2_chr10_1253	4.012946374132298e-05
shendure	nb	NeuroectodermBrain	Cited2_chr10_1254	0.001094658626243472
shendure	nb	NeuroectodermBrain	Cited2_chr10_1267	4.80090557175572e-06
shendure	nb	NeuroectodermBrain	Cited2_chr10_1270	8.13670067145722e-06
shendure	nb	NeuroectodermBrain	Col1a1_chr11_15258	3.2317057048203424e-05
shendure	nb	NeuroectodermBrain	Col1a1_chr11_15259	2.1818426830577664e-05
shendure	nb	NeuroectodermBrain	Col1a1_chr11_15269	5.168964435142698e-06
shendure	nb	NeuroectodermBrain	Col1a1_chr11_15270	0.00010055579332401976
shendure	nb	NeuroectodermBrain	Col1a1_chr11_15273	4.601017280947417e-06
shendure	nb	NeuroectodermBrain	Col1a1_chr11_15275	5.340162169886753e-05
shendure	nb	NeuroectodermBrain	Col1a1_chr11_15276	0.00011192612873855978
shendure	nb	NeuroectodermBrain	Col1a1_chr11_15301	1.4890655620547477e-05
shendure	nb	NeuroectodermBrain	Col1a1_chr11_15307	0.0005907017621211708
shendure	nb	NeuroectodermBrain	Col1a1_chr11_15316	3.102452683378942e-05
shendure	nb	NeuroectodermBrain	Col1a1_chr11_15322	0.0001979210792342201
shendure	nb	NeuroectodermBrain	Col1a2_chr6_72	8.64777211972978e-06
shendure	nb	NeuroectodermBrain	Col1a2_chr6_73	4.305780021240935e-05
shendure	nb	NeuroectodermBrain	Col1a2_chr6_77	4.8139700083993375e-05
shendure	nb	NeuroectodermBrain	Col1a2_chr6_88	7.188273684732849e-06
shendure	nb	NeuroectodermBrain	Col1a2_chr6_93	0.00046760629629716277
shendure	nb	NeuroectodermBrain	Col5a1_chr2_2558	1.451677962904796e-05
shendure	nb	NeuroectodermBrain	Col5a1_chr2_2562	7.026225375739159e-06
shendure	nb	NeuroectodermBrain	Col5a1_chr2_2565	7.578614258818561e-06
shendure	nb	NeuroectodermBrain	Col5a1_chr2_2571	2.5632987671997398e-05
shendure	nb	NeuroectodermBrain	Col5a1_chr2_2575	0.0002650765818543732
shendure	nb	NeuroectodermBrain	Col5a1_chr2_2576	2.5296158128185198e-05
shendure	nb	NeuroectodermBrain	Col5a1_chr2_2586	2.3208933725982206e-06
shendure	nb	NeuroectodermBrain	Epas1_chr17_10056	6.889773885632167e-06
shendure	nb	NeuroectodermBrain	Epas1_chr17_10057	9.107859114010353e-06
shendure	nb	NeuroectodermBrain	Epas1_chr17_10061	2.775718348857481e-05
shendure	nb	NeuroectodermBrain	Epas1_chr17_10063	1.0003827810578514e-05
shendure	nb	NeuroectodermBrain	Epas1_chr17_10064	5.030110969528323e-06
shendure	nb	NeuroectodermBrain	Epas1_chr17_10066	8.249762686318718e-06
shendure	nb	NeuroectodermBrain	Epas1_chr17_10070	0.00038834172300994396
shendure	nb	NeuroectodermBrain	Epas1_chr17_10071	0.00017631554510444403
shendure	nb	NeuroectodermBrain	Epas1_chr17_10116	1.5804529539309442e-05
shendure	nb	NeuroectodermBrain	Foxa2_chr2_13806	5.427457836049143e-06
shendure	nb	NeuroectodermBrain	Foxa2_chr2_13808	6.249442230910063e-05
shendure	nb	NeuroectodermBrain	Foxa2_chr2_13812	1.1108364560641348e-05
shendure	nb	NeuroectodermBrain	Foxa2_chr2_13818	3.9196106627059635e-06
shendure	nb	NeuroectodermBrain	Foxa2_chr2_13820	4.508178244577721e-05
shendure	nb	NeuroectodermBrain	Foxa2_chr2_13830	4.752128461404936e-06
shendure	nb	NeuroectodermBrain	Foxa2_chr2_13835	4.1389612306375057e-05
shendure	nb	NeuroectodermBrain	Foxa2_chr2_13840	0.00018692151934374124
shendure	nb	NeuroectodermBrain	Foxa2_chr2_13841	1.2229728781676386e-05
shendure	nb	NeuroectodermBrain	Foxa2_chr2_13856	3.374098241692991e-06
shendure	nb	NeuroectodermBrain	Foxa2_chr2_13858	2.5536303382978076e-06
shendure	nb	NeuroectodermBrain	Foxa2_chr2_13861	4.038498445879668e-06
shendure	nb	NeuroectodermBrain	Foxa2_chr2_13862	1.0365260095568374e-05
shendure	nb	NeuroectodermBrain	Gata4_chr14_5677	0.0008302130154334009
shendure	nb	NeuroectodermBrain	Gata4_chr14_5693	1.1429764526837971e-05
shendure	nb	NeuroectodermBrain	Gata4_chr14_5710	4.706759227701696e-06
shendure	nb	NeuroectodermBrain	Gata4_chr14_5714	8.828532372717746e-06
shendure	nb	NeuroectodermBrain	Gata4_chr14_5729	2.793323119476554e-06
shendure	nb	NeuroectodermBrain	Gata4_chr14_5742	0.001112359925173223
shendure	nb	NeuroectodermBrain	Gata4_chr14_5749	7.69089674577117e-05
shendure	nb	NeuroectodermBrain	Gata4_chr14_5752	1.4841594975223416e-06
shendure	nb	NeuroectodermBrain	Gata4_chr14_5760	1.827677078836132e-05
shendure	nb	NeuroectodermBrain	Gata4_chr14_5762	2.9478171654773178e-06
shendure	nb	NeuroectodermBrain	Gata4_chr14_5763	5.985031293676002e-06
shendure	nb	NeuroectodermBrain	Gata4_chr14_5776	1.726895061437972e-05
shendure	nb	NeuroectodermBrain	Gata4_chr14_5779	2.574161953816656e-06
shendure	nb	NeuroectodermBrain	Igfbp4_chr11_16694	8.019209781195968e-05
shendure	nb	NeuroectodermBrain	Igfbp4_chr11_16710	0.00015497315325774252
shendure	nb	NeuroectodermBrain	Igfbp4_chr11_16711	0.00021212760475464165
shendure	nb	NeuroectodermBrain	Igfbp4_chr11_16716	3.117715459666215e-05
shendure	nb	NeuroectodermBrain	Igfbp4_chr11_16728	9.402437717653811e-05
shendure	nb	NeuroectodermBrain	Igfbp4_chr11_16735	5.8322970289736986e-05
shendure	nb	NeuroectodermBrain	Igfbp4_chr11_16738	7.069507410051301e-05
shendure	nb	NeuroectodermBrain	Igfbp4_chr11_16740	0.0007593959453515708
shendure	nb	NeuroectodermBrain	Igfbp4_chr11_16743	0.00018431988428346813
shendure	nb	NeuroectodermBrain	Igfbp4_chr11_16784	6.4584337451378815e-06
shendure	nb	NeuroectodermBrain	Klf4_chr4_3934	7.523693784605712e-05
shendure	nb	NeuroectodermBrain	Klf4_chr4_3936	3.724038606378599e-06
shendure	nb	NeuroectodermBrain	Klf4_chr4_3946	2.223600858997088e-05
shendure	nb	NeuroectodermBrain	Klf4_chr4_3948	0.000966789957601577
shendure	nb	NeuroectodermBrain	Klf4_chr4_3949	7.11919492459856e-05
shendure	nb	NeuroectodermBrain	Klf4_chr4_3951	3.69163608411327e-05
shendure	nb	NeuroectodermBrain	Klf4_chr4_3952	7.036350780253997e-06
shendure	nb	NeuroectodermBrain	Klf4_chr4_3958	8.17099407868227e-06
shendure	nb	NeuroectodermBrain	Lama1_chr17_7784	6.282496542553417e-06
shendure	nb	NeuroectodermBrain	Lama1_chr17_7787	5.881530341866892e-06
shendure	nb	NeuroectodermBrain	Lama1_chr17_7788	1.0755123184935655e-05
shendure	nb	NeuroectodermBrain	Lama1_chr17_7791	4.5487581701308955e-06
shendure	nb	NeuroectodermBrain	Lama1_chr17_7793	0.00016049366968218237
shendure	nb	NeuroectodermBrain	Lama1_chr17_7799	1.4634681974712294e-05
shendure	nb	NeuroectodermBrain	Lama1_chr17_7814	2.865301757992711e-05
shendure	nb	NeuroectodermBrain	Lama1_chr17_7874	4.620143954525702e-06
shendure	nb	NeuroectodermBrain	Lama1_chr17_7892	4.433139110915363e-06
shendure	nb	NeuroectodermBrain	Lama1_chr17_7907	1.3311604561749846e-05
shendure	nb	NeuroectodermBrain	Lamb1_chr12_2182	3.4646834592422238e-06
shendure	nb	NeuroectodermBrain	Lamb1_chr12_2183	3.5477882192935795e-05
shendure	nb	NeuroectodermBrain	Lamb1_chr12_2186	1.8684817405301146e-05
shendure	nb	NeuroectodermBrain	Lamb1_chr12_2189	1.0538976312091108e-05
shendure	nb	NeuroectodermBrain	Lamb1_chr12_2196	1.4306649973150343e-05
shendure	nb	NeuroectodermBrain	Lamb1_chr12_2203	3.6369665394886397e-06
shendure	nb	NeuroectodermBrain	Lamb1_chr12_2206	4.69624501420185e-06
shendure	nb	NeuroectodermBrain	Lamb1_chr12_2207	1.4580310562450904e-05
shendure	nb	NeuroectodermBrain	Lamb1_chr12_2210	0.0003231516748201102
shendure	nb	NeuroectodermBrain	Lamb1_chr12_2215	4.6740053221583366e-05
shendure	nb	NeuroectodermBrain	Lamb1_chr12_2216	2.713716276048217e-05
shendure	nb	NeuroectodermBrain	Lamb1_chr12_2238	7.905223355919588e-06
shendure	nb	NeuroectodermBrain	Lamb1_chr12_2239	4.876727416558424e-06
shendure	nb	NeuroectodermBrain	Lamb1_chr12_2288	6.4187488533207215e-06
shendure	nb	NeuroectodermBrain	Lamb1_chr12_2289	1.2850684470322449e-05
shendure	nb	NeuroectodermBrain	Lamb1_chr12_2296	0.00025900377659127116
shendure	nb	NeuroectodermBrain	Lamc1_chr1_12127	4.531922968453728e-06
shendure	nb	NeuroectodermBrain	Lamc1_chr1_12152	5.4949377954471856e-05
shendure	nb	NeuroectodermBrain	Lamc1_chr1_12175	0.001066804863512516
shendure	nb	NeuroectodermBrain	Lamc1_chr1_12183	4.811002781934803e-06
shendure	nb	NeuroectodermBrain	Lamc1_chr1_12185	5.538971890928224e-06
shendure	nb	NeuroectodermBrain	Lamc1_chr1_12188	8.17915588413598e-06
shendure	nb	NeuroectodermBrain	Lamc1_chr1_12189	1.6679512555128895e-05
shendure	nb	NeuroectodermBrain	Lamc1_chr1_12193	2.2701166017213836e-05
shendure	nb	NeuroectodermBrain	Lamc1_chr1_12201	9.78357820713427e-06
shendure	nb	NeuroectodermBrain	Map1b_chr13_9429	0.00031835955451242626
shendure	nb	NeuroectodermBrain	Map1b_chr13_9436	4.2213960114168e-05
shendure	nb	NeuroectodermBrain	Map1b_chr13_9445	4.084725878783502e-05
shendure	nb	NeuroectodermBrain	Map1b_chr13_9447	0.0003555756702553481
shendure	nb	NeuroectodermBrain	Sox17_chr1_58	1.1092167369497474e-05
shendure	nb	NeuroectodermBrain	Sox17_chr1_59	8.13291444501374e-06
shendure	nb	NeuroectodermBrain	Sox17_chr1_60	1.8301259842701256e-05
shendure	nb	NeuroectodermBrain	Sox17_chr1_65	3.6428950807021465e-06
shendure	nb	NeuroectodermBrain	Sox17_chr1_67	4.1286992200184613e-05
shendure	nb	NeuroectodermBrain	Sox17_chr1_68	8.784399142314214e-06
shendure	nb	NeuroectodermBrain	Sox17_chr1_69	6.31365674053086e-06
shendure	nb	NeuroectodermBrain	Sox17_chr1_73	1.814360439311713e-05
shendure	nb	NeuroectodermBrain	Sox17_chr1_77	5.5321648687822744e-05
shendure	nb	NeuroectodermBrain	Sox17_chr1_78	7.378914688160876e-06
shendure	nb	NeuroectodermBrain	Sox17_chr1_82	6.0409049183363095e-05
shendure	nb	NeuroectodermBrain	Sox17_chr1_83	2.9312411697901553e-06
shendure	nb	NeuroectodermBrain	Sox2_chr3_2005	5.966237040411215e-06
shendure	nb	NeuroectodermBrain	Sox2_chr3_2007	5.661223622155376e-05
shendure	nb	NeuroectodermBrain	Sox2_chr3_2008	8.614903890702408e-06
shendure	nb	NeuroectodermBrain	Sox2_chr3_2009	9.268878784496337e-06
shendure	nb	NeuroectodermBrain	Sox4_chr13_2052	0.00033365990384481847
shendure	nb	NeuroectodermBrain	Sox4_chr13_2054	1.457167945773108e-05
shendure	nb	NeuroectodermBrain	Sox4_chr13_2055	0.00012349479948170483
shendure	nb	NeuroectodermBrain	Sox4_chr13_2057	3.4419988423906034e-06
shendure	nb	NeuroectodermBrain	Sparc_chr11_7180	1.5101311873877421e-05
shendure	nb	NeuroectodermBrain	Sparc_chr11_7182	5.579029675573111e-06
shendure	nb	NeuroectodermBrain	Sparc_chr11_7195	8.147311746142805e-05
shendure	nb	NeuroectodermBrain	Sparc_chr11_7198	8.771841748966835e-06
shendure	nb	NeuroectodermBrain	Sparc_chr11_7199	1.3079394193482585e-05
shendure	nb	NeuroectodermBrain	Sparc_chr11_7203	6.882224988657981e-05
shendure	nb	NeuroectodermBrain	Sparc_chr11_7205	4.774626358994283e-05
shendure	nb	NeuroectodermBrain	Sparc_chr11_7207	3.5678660879057134e-06
shendure	nb	NeuroectodermBrain	Sparc_chr11_7210	2.3322256311075762e-05
shendure	nb	NeuroectodermBrain	Sparc_chr11_7211	5.519596379599534e-05
shendure	nb	NeuroectodermBrain	Sparc_chr11_7213	3.9335409383056685e-06
shendure	nb	NeuroectodermBrain	Sparc_chr11_7230	0.00023251737002283335
shendure	nb	NeuroectodermBrain	Sparc_chr11_7233	1.8658711269381456e-05
shendure	nb	NeuroectodermBrain	Sparc_chr11_7234	0.0015000221319496632
shendure	nb	NeuroectodermBrain	Sparc_chr11_7235	0.0012149830581620336
shendure	nb	NeuroectodermBrain	Sparc_chr11_7243	2.5680490125523647e-06
shendure	nb	NeuroectodermBrain	Tgfbi_chr13_5692	0.00011272203119006008
shendure	nb	NeuroectodermBrain	Tgfbi_chr13_5701	4.151989742240403e-06
shendure	nb	NeuroectodermBrain	Tgfbi_chr13_5705	0.0005819809739477932
shendure	nb	NeuroectodermBrain	Tgfbi_chr13_5711	4.824326879315777e-06
shendure	nb	NeuroectodermBrain	Tgfbi_chr13_5724	2.065668195427861e-05
shendure	nb	NeuroectodermBrain	Tgfbi_chr13_5735	3.0096682166913524e-05
shendure	nb	NeuroectodermBrain	Tgfbi_chr13_5741	0.0020872948225587606
shendure	nb	NeuroectodermBrain	Tubb2b_chr13_2557	1.2835520465159789e-05
shendure	nb	NeuroectodermBrain	Tubb2b_chr13_2568	0.0004113279574085027
shendure	nb	NeuroectodermBrain	Tubb2b_chr13_2572	0.0001356488064629957
shendure	nb	NeuroectodermBrain	Tubb2b_chr13_2576	0.0020466845016926527
shendure	nb	NeuroectodermBrain	Tubb2b_chr13_2577	3.675192783703096e-05
shendure	nb	NeuroectodermBrain	Tubb2b_chr13_2578	9.087038051802665e-06
shendure	nb	NeuroectodermBrain	Tubb2b_chr13_2580	4.496151450439356e-05
shendure	nb	NeuroectodermBrain	Tubb2b_chr13_2583	5.3594067139783874e-05
shendure	nb	NeuroectodermBrain	Tubb2b_chr13_2590	9.424467862118036e-05
shendure	nb	NeuroectodermBrain	Txndc12_chr4_7951	3.46345295838546e-05
shendure	nb	NeuroectodermBrain	Txndc12_chr4_7961	7.202193228295073e-05
shendure	nb	NeuroectodermBrain	Txndc12_chr4_7962	0.00043296857620589435
shendure	nb	NeuroectodermBrain	Txndc12_chr4_7969	1.7377424228470773e-05
shendure	nb	NeuroectodermBrain	Txndc12_chr4_7971	9.13931398827117e-06
shendure	nb	NeuroectodermBrain	Txndc12_chr4_7973	0.0012707911664620042
shendure	nb	NeuroectodermBrain	Txndc12_chr4_7975	1.8393222489976324e-05
shendure	nb	NeuroectodermBrain	Txndc12_chr4_7978	0.00041613270877860487
shendure	nb	NeuroectodermBrain	eef1aP	0.27782517671585083
shendure	nb	NeuroectodermBrain	pgk1P	0.09253431856632233
shendure	nb	NeuroectodermBrain	ubcP	0.029386993497610092
shendure	nb	Mesoderm	reference	0.00019844989583361894
shendure	nb	Mesoderm	Bend5_chr4_8168	2.5707447548484197e-06
shendure	nb	Mesoderm	Bend5_chr4_8170	4.209558028378524e-06
shendure	nb	Mesoderm	Bend5_chr4_8172	2.973025038954802e-05
shendure	nb	Mesoderm	Bend5_chr4_8174	1.099306064133998e-05
shendure	nb	Mesoderm	Bend5_chr4_8175	0.0009341741097159684
shendure	nb	Mesoderm	Bend5_chr4_8179	2.693481474125292e-05
shendure	nb	Mesoderm	Bend5_chr4_8192	3.888856099365512e-06
shendure	nb	Mesoderm	Bend5_chr4_8199	8.543738658772781e-06
shendure	nb	Mesoderm	Bend5_chr4_8201	1.1670102139760274e-05
shendure	nb	Mesoderm	Btg1_chr10_9572	4.075287506566383e-06
shendure	nb	Mesoderm	Btg1_chr10_9578	0.0019484303193166852
shendure	nb	Mesoderm	Btg1_chr10_9588	4.6871978156559635e-06
shendure	nb	Mesoderm	Btg1_chr10_9593	6.816467794124037e-05
shendure	nb	Mesoderm	Btg1_chr10_9612	1.0330167242500465e-05
shendure	nb	Mesoderm	Btg1_chr10_9613	5.4677780099154916e-06
shendure	nb	Mesoderm	Cdk5r1_chr11_12559	0.0001497719786129892
shendure	nb	Mesoderm	Cdk5r1_chr11_12562	0.0006699134828522801
shendure	nb	Mesoderm	Cdk5r1_chr11_12574	0.00242936285212636
shendure	nb	Mesoderm	Cdk5r1_chr11_12575	4.309046198613942e-05
shendure	nb	Mesoderm	Cdk5r1_chr11_12582	0.0002813258906826377
shendure	nb	Mesoderm	Cdk5r1_chr11_12590	2.4255900825664867e-06
shendure	nb	Mesoderm	Cdk5r1_chr11_12595	3.0369101295946166e-06
shendure	nb	Mesoderm	Cited2_chr10_1239	6.644263066846179e-06
shendure	nb	Mesoderm	Cited2_chr10_1246	6.046774615242612e-06
shendure	nb	Mesoderm	Cited2_chr10_1248	8.96893016033573e-06
shendure	nb	Mesoderm	Cited2_chr10_1253	1.683890695858281e-05
shendure	nb	Mesoderm	Cited2_chr10_1254	0.001211783615872264
shendure	nb	Mesoderm	Cited2_chr10_1267	8.746972525841556e-06
shendure	nb	Mesoderm	Cited2_chr10_1270	8.614796570327599e-06
shendure	nb	Mesoderm	Col1a1_chr11_15258	5.2076597057748586e-05
shendure	nb	Mesoderm	Col1a1_chr11_15259	8.513640204910189e-05
shendure	nb	Mesoderm	Col1a1_chr11_15269	8.701594197191298e-06
shendure	nb	Mesoderm	Col1a1_chr11_15270	0.00011192762030987069
shendure	nb	Mesoderm	Col1a1_chr11_15273	2.6885642000706866e-05
shendure	nb	Mesoderm	Col1a1_chr11_15275	0.00021752060274593532
shendure	nb	Mesoderm	Col1a1_chr11_15276	7.145552081055939e-05
shendure	nb	Mesoderm	Col1a1_chr11_15301	2.5999281206168234e-05
shendure	nb	Mesoderm	Col1a1_chr11_15307	0.0005715667502954602
shendure	nb	Mesoderm	Col1a1_chr11_15316	4.042715590912849e-05
shendure	nb	Mesoderm	Col1a1_chr11_15322	0.0001877333124866709
shendure	nb	Mesoderm	Col1a2_chr6_72	4.291510413167998e-05
shendure	nb	Mesoderm	Col1a2_chr6_73	5.986033283988945e-05
shendure	nb	Mesoderm	Col1a2_chr6_77	0.00018112026737071574
shendure	nb	Mesoderm	Col1a2_chr6_88	1.3503048648999538e-05
shendure	nb	Mesoderm	Col1a2_chr6_93	0.00038337972364388406
shendure	nb	Mesoderm	Col5a1_chr2_2558	1.6858512026374228e-05
shendure	nb	Mesoderm	Col5a1_chr2_2562	1.4752657079952769e-05
shendure	nb	Mesoderm	Col5a1_chr2_2565	4.4578784581972286e-05
shendure	nb	Mesoderm	Col5a1_chr2_2571	7.730547804385424e-05
shendure	nb	Mesoderm	Col5a1_chr2_2575	0.00030634886934421957
shendure	nb	Mesoderm	Col5a1_chr2_2576	9.013686212711036e-05
shendure	nb	Mesoderm	Col5a1_chr2_2586	1.2426276043697726e-05
shendure	nb	Mesoderm	Epas1_chr17_10056	1.1949687177548185e-05
shendure	nb	Mesoderm	Epas1_chr17_10057	1.0093882337969262e-05
shendure	nb	Mesoderm	Epas1_chr17_10061	2.6989455363946036e-05
shendure	nb	Mesoderm	Epas1_chr17_10063	8.63622517499607e-06
shendure	nb	Mesoderm	Epas1_chr17_10064	5.364875960367499e-06
shendure	nb	Mesoderm	Epas1_chr17_10066	3.344361175550148e-05
shendure	nb	Mesoderm	Epas1_chr17_10070	0.0007352271350100636
shendure	nb	Mesoderm	Epas1_chr17_10071	6.681483500869945e-05
shendure	nb	Mesoderm	Epas1_chr17_10116	3.3094325772253796e-05
shendure	nb	Mesoderm	Foxa2_chr2_13806	5.837619028170593e-06
shendure	nb	Mesoderm	Foxa2_chr2_13808	2.5607916541048326e-05
shendure	nb	Mesoderm	Foxa2_chr2_13812	1.0870284313568845e-05
shendure	nb	Mesoderm	Foxa2_chr2_13818	5.4758406804467086e-06
shendure	nb	Mesoderm	Foxa2_chr2_13820	7.409345562336966e-05
shendure	nb	Mesoderm	Foxa2_chr2_13830	5.302231329551432e-06
shendure	nb	Mesoderm	Foxa2_chr2_13835	3.9140508306445554e-05
shendure	nb	Mesoderm	Foxa2_chr2_13840	0.0001529920264147222
shendure	nb	Mesoderm	Foxa2_chr2_13841	5.064496144768782e-05
shendure	nb	Mesoderm	Foxa2_chr2_13856	3.6893818560201908e-06
shendure	nb	Mesoderm	Foxa2_chr2_13858	1.598075141373556e-05
shendure	nb	Mesoderm	Foxa2_chr2_13861	3.549102757460787e-06
shendure	nb	Mesoderm	Foxa2_chr2_13862	1.9193827029084787e-05
shendure	nb	Mesoderm	Gata4_chr14_5677	9.533896809443831e-05
shendure	nb	Mesoderm	Gata4_chr14_5693	1.0675640623958316e-05
shendure	nb	Mesoderm	Gata4_chr14_5710	5.157422492629848e-06
shendure	nb	Mesoderm	Gata4_chr14_5714	8.162473932316061e-06
shendure	nb	Mesoderm	Gata4_chr14_5729	3.0580913517042063e-06
shendure	nb	Mesoderm	Gata4_chr14_5742	0.0007969752186909318
shendure	nb	Mesoderm	Gata4_chr14_5749	0.0001520141086075455
shendure	nb	Mesoderm	Gata4_chr14_5752	1.6914118532440625e-05
shendure	nb	Mesoderm	Gata4_chr14_5760	1.772065479599405e-05
shendure	nb	Mesoderm	Gata4_chr14_5762	1.6086685718619265e-05
shendure	nb	Mesoderm	Gata4_chr14_5763	9.132108061749022e-06
shendure	nb	Mesoderm	Gata4_chr14_5776	1.1577240911719855e-05
shendure	nb	Mesoderm	Gata4_chr14_5779	1.3995763765706215e-05
shendure	nb	Mesoderm	Igfbp4_chr11_16694	5.2109382522758096e-05
shendure	nb	Mesoderm	Igfbp4_chr11_16710	0.0001356767606921494
shendure	nb	Mesoderm	Igfbp4_chr11_16711	0.0003101099282503128
shendure	nb	Mesoderm	Igfbp4_chr11_16716	4.2581010347930714e-05
shendure	nb	Mesoderm	Igfbp4_chr11_16728	4.9734222557162866e-05
shendure	nb	Mesoderm	Igfbp4_chr11_16735	4.09148633480072e-05
shendure	nb	Mesoderm	Igfbp4_chr11_16738	0.0001470932475058362
shendure	nb	Mesoderm	Igfbp4_chr11_16740	0.0003493837430141866
shendure	nb	Mesoderm	Igfbp4_chr11_16743	0.00014567183097824454
shendure	nb	Mesoderm	Igfbp4_chr11_16784	1.4721808838658035e-05
shendure	nb	Mesoderm	Klf4_chr4_3934	0.0001189748800243251
shendure	nb	Mesoderm	Klf4_chr4_3936	3.947863206121838e-06
shendure	nb	Mesoderm	Klf4_chr4_3946	2.8804362955270335e-05
shendure	nb	Mesoderm	Klf4_chr4_3948	0.0015777184162288904
shendure	nb	Mesoderm	Klf4_chr4_3949	0.00012059655273333192
shendure	nb	Mesoderm	Klf4_chr4_3951	2.2392268874682486e-05
shendure	nb	Mesoderm	Klf4_chr4_3952	3.453292720223544e-06
shendure	nb	Mesoderm	Klf4_chr4_3958	1.1189704309799708e-05
shendure	nb	Mesoderm	Lama1_chr17_7784	2.4947456040536053e-05
shendure	nb	Mesoderm	Lama1_chr17_7787	6.374576514645014e-06
shendure	nb	Mesoderm	Lama1_chr17_7788	6.344367193378275e-06
shendure	nb	Mesoderm	Lama1_chr17_7791	4.9068694352172315e-06
shendure	nb	Mesoderm	Lama1_chr17_7793	0.0001276856055483222
shendure	nb	Mesoderm	Lama1_chr17_7799	2.1680576537619345e-05
shendure	nb	Mesoderm	Lama1_chr17_7814	8.914172212826088e-05
shendure	nb	Mesoderm	Lama1_chr17_7874	5.0522503443062305e-06
shendure	nb	Mesoderm	Lama1_chr17_7892	1.4342045687953942e-05
shendure	nb	Mesoderm	Lama1_chr17_7907	5.0680837375693955e-06
shendure	nb	Mesoderm	Lamb1_chr12_2182	3.6930039186700014e-06
shendure	nb	Mesoderm	Lamb1_chr12_2183	2.910365401476156e-05
shendure	nb	Mesoderm	Lamb1_chr12_2186	1.098095890483819e-05
shendure	nb	Mesoderm	Lamb1_chr12_2189	1.1703380550898146e-05
shendure	nb	Mesoderm	Lamb1_chr12_2196	7.726600415480789e-06
shendure	nb	Mesoderm	Lamb1_chr12_2203	3.97468875235063e-06
shendure	nb	Mesoderm	Lamb1_chr12_2206	5.110010533826426e-06
shendure	nb	Mesoderm	Lamb1_chr12_2207	1.338662605121499e-05
shendure	nb	Mesoderm	Lamb1_chr12_2210	0.00037378756678663194
shendure	nb	Mesoderm	Lamb1_chr12_2215	1.268997584702447e-05
shendure	nb	Mesoderm	Lamb1_chr12_2216	4.2920830310322344e-05
shendure	nb	Mesoderm	Lamb1_chr12_2238	8.82998119777767e-06
shendure	nb	Mesoderm	Lamb1_chr12_2239	4.2343526729382575e-06
shendure	nb	Mesoderm	Lamb1_chr12_2288	7.061068572511431e-06
shendure	nb	Mesoderm	Lamb1_chr12_2289	5.424399660114432e-06
shendure	nb	Mesoderm	Lamb1_chr12_2296	0.0001844517537392676
shendure	nb	Mesoderm	Lamc1_chr1_12127	4.947094566887245e-06
shendure	nb	Mesoderm	Lamc1_chr1_12152	3.177049075020477e-05
shendure	nb	Mesoderm	Lamc1_chr1_12175	0.001317410496994853
shendure	nb	Mesoderm	Lamc1_chr1_12183	5.215798410063144e-06
shendure	nb	Mesoderm	Lamc1_chr1_12185	1.4474974705080967e-05
shendure	nb	Mesoderm	Lamc1_chr1_12188	8.609343240095768e-06
shendure	nb	Mesoderm	Lamc1_chr1_12189	1.159097155323252e-05
shendure	nb	Mesoderm	Lamc1_chr1_12193	9.382870302943047e-06
shendure	nb	Mesoderm	Lamc1_chr1_12201	8.884513590601273e-06
shendure	nb	Mesoderm	Map1b_chr13_9429	3.7714791687903926e-05
shendure	nb	Mesoderm	Map1b_chr13_9436	4.5720284106209874e-05
shendure	nb	Mesoderm	Map1b_chr13_9445	2.6276515200152062e-05
shendure	nb	Mesoderm	Map1b_chr13_9447	0.00024300982477143407
shendure	nb	Mesoderm	Sox17_chr1_58	8.432314643869177e-06
shendure	nb	Mesoderm	Sox17_chr1_59	7.5378670771897305e-06
shendure	nb	Mesoderm	Sox17_chr1_60	2.9410120987449773e-05
shendure	nb	Mesoderm	Sox17_chr1_65	8.823330972518306e-06
shendure	nb	Mesoderm	Sox17_chr1_67	4.0095495933201164e-05
shendure	nb	Mesoderm	Sox17_chr1_68	4.3410120269982144e-05
shendure	nb	Mesoderm	Sox17_chr1_69	8.49218758958159e-06
shendure	nb	Mesoderm	Sox17_chr1_73	3.8667444641760085e-06
shendure	nb	Mesoderm	Sox17_chr1_77	4.172334593022242e-05
shendure	nb	Mesoderm	Sox17_chr1_78	1.0252573702018708e-05
shendure	nb	Mesoderm	Sox17_chr1_82	5.911173138883896e-05
shendure	nb	Mesoderm	Sox17_chr1_83	2.13467501453124e-05
shendure	nb	Mesoderm	Sox2_chr3_2005	6.554335868713679e-06
shendure	nb	Mesoderm	Sox2_chr3_2007	5.691267142537981e-05
shendure	nb	Mesoderm	Sox2_chr3_2008	6.091161139920587e-06
shendure	nb	Mesoderm	Sox2_chr3_2009	6.784216384403408e-05
shendure	nb	Mesoderm	Sox4_chr13_2052	0.0002344550157431513
shendure	nb	Mesoderm	Sox4_chr13_2054	1.8285505575477146e-05
shendure	nb	Mesoderm	Sox4_chr13_2055	0.00018972210818901658
shendure	nb	Mesoderm	Sox4_chr13_2057	1.422328296030173e-05
shendure	nb	Mesoderm	Sparc_chr11_7180	9.334042260888964e-06
shendure	nb	Mesoderm	Sparc_chr11_7182	6.034475518390536e-06
shendure	nb	Mesoderm	Sparc_chr11_7195	0.00010682815627660602
shendure	nb	Mesoderm	Sparc_chr11_7198	1.3265866982692387e-05
shendure	nb	Mesoderm	Sparc_chr11_7199	1.795726166164968e-05
shendure	nb	Mesoderm	Sparc_chr11_7203	0.0001455375604564324
shendure	nb	Mesoderm	Sparc_chr11_7205	0.0001458725892007351
shendure	nb	Mesoderm	Sparc_chr11_7207	2.2810258087702096e-05
shendure	nb	Mesoderm	Sparc_chr11_7210	9.739373490447178e-05
shendure	nb	Mesoderm	Sparc_chr11_7211	0.00023127603344619274
shendure	nb	Mesoderm	Sparc_chr11_7213	4.298155090509681e-06
shendure	nb	Mesoderm	Sparc_chr11_7230	0.0001491478324169293
shendure	nb	Mesoderm	Sparc_chr11_7233	4.842654107051203e-06
shendure	nb	Mesoderm	Sparc_chr11_7234	0.00086833699606359
shendure	nb	Mesoderm	Sparc_chr11_7235	0.0009449691278859973
shendure	nb	Mesoderm	Sparc_chr11_7243	6.595779996132478e-05
shendure	nb	Mesoderm	Tgfbi_chr13_5692	0.00031989559647627175
shendure	nb	Mesoderm	Tgfbi_chr13_5701	1.0402643056295346e-05
shendure	nb	Mesoderm	Tgfbi_chr13_5705	0.00034406204940751195
shendure	nb	Mesoderm	Tgfbi_chr13_5711	3.570077024050988e-05
shendure	nb	Mesoderm	Tgfbi_chr13_5724	5.8062858443008736e-05
shendure	nb	Mesoderm	Tgfbi_chr13_5735	9.157246677204967e-05
shendure	nb	Mesoderm	Tgfbi_chr13_5741	0.0016970265423879027
shendure	nb	Mesoderm	Tubb2b_chr13_2557	1.962090755114332e-05
shendure	nb	Mesoderm	Tubb2b_chr13_2568	0.0005759268533438444
shendure	nb	Mesoderm	Tubb2b_chr13_2572	2.1782687326776795e-05
shendure	nb	Mesoderm	Tubb2b_chr13_2576	0.0008183256722986698
shendure	nb	Mesoderm	Tubb2b_chr13_2577	1.7158747141365893e-05
shendure	nb	Mesoderm	Tubb2b_chr13_2578	1.984927621379029e-05
shendure	nb	Mesoderm	Tubb2b_chr13_2580	1.1120978342660237e-05
shendure	nb	Mesoderm	Tubb2b_chr13_2583	2.754214801825583e-05
shendure	nb	Mesoderm	Tubb2b_chr13_2590	0.00010563040268607438
shendure	nb	Mesoderm	Txndc12_chr4_7951	3.932717663701624e-05
shendure	nb	Mesoderm	Txndc12_chr4_7961	0.00011400617222534493
shendure	nb	Mesoderm	Txndc12_chr4_7962	0.00038063465035520494
shendure	nb	Mesoderm	Txndc12_chr4_7969	1.9007806258741766e-05
shendure	nb	Mesoderm	Txndc12_chr4_7971	8.560727110307198e-06
shendure	nb	Mesoderm	Txndc12_chr4_7973	0.0010553091997280717
shendure	nb	Mesoderm	Txndc12_chr4_7975	3.4310721730435034e-06
shendure	nb	Mesoderm	Txndc12_chr4_7978	0.0005811196751892567
shendure	nb	Mesoderm	eef1aP	0.18141554296016693
shendure	nb	Mesoderm	pgk1P	0.0691421777009964
shendure	nb	Mesoderm	ubcP	0.03243779391050339
shendure	nb	ExEndodermParietal	reference	0.0002341091603739187
shendure	nb	ExEndodermParietal	Bend5_chr4_8168	3.156720049446449e-05
shendure	nb	ExEndodermParietal	Bend5_chr4_8170	5.050024810770992e-06
shendure	nb	ExEndodermParietal	Bend5_chr4_8172	1.6082791262306273e-05
shendure	nb	ExEndodermParietal	Bend5_chr4_8174	0.0008161843288689852
shendure	nb	ExEndodermParietal	Bend5_chr4_8175	0.0010239226976409554
shendure	nb	ExEndodermParietal	Bend5_chr4_8179	0.0011770360870286822
shendure	nb	ExEndodermParietal	Bend5_chr4_8192	3.374679363332689e-05
shendure	nb	ExEndodermParietal	Bend5_chr4_8199	5.095798769616522e-05
shendure	nb	ExEndodermParietal	Bend5_chr4_8201	0.0032246424816548824
shendure	nb	ExEndodermParietal	Btg1_chr10_9572	8.92739262781106e-05
shendure	nb	ExEndodermParietal	Btg1_chr10_9578	0.0013036294840276241
shendure	nb	ExEndodermParietal	Btg1_chr10_9588	2.416612915112637e-06
shendure	nb	ExEndodermParietal	Btg1_chr10_9593	0.00010055350139737129
shendure	nb	ExEndodermParietal	Btg1_chr10_9612	7.187359005911276e-05
shendure	nb	ExEndodermParietal	Btg1_chr10_9613	0.0001394218998029828
shendure	nb	ExEndodermParietal	Cdk5r1_chr11_12559	0.00018709628784563392
shendure	nb	ExEndodermParietal	Cdk5r1_chr11_12562	0.000785532349254936
shendure	nb	ExEndodermParietal	Cdk5r1_chr11_12574	0.002850398886948824
shendure	nb	ExEndodermParietal	Cdk5r1_chr11_12575	3.84596387448255e-05
shendure	nb	ExEndodermParietal	Cdk5r1_chr11_12582	8.311141573358327e-05
shendure	nb	ExEndodermParietal	Cdk5r1_chr11_12590	2.776013388938736e-06
shendure	nb	ExEndodermParietal	Cdk5r1_chr11_12595	3.651834731499548e-06
shendure	nb	ExEndodermParietal	Cited2_chr10_1239	0.0005788126145489514
shendure	nb	ExEndodermParietal	Cited2_chr10_1246	7.2483144322177395e-06
shendure	nb	ExEndodermParietal	Cited2_chr10_1248	2.675644282135181e-05
shendure	nb	ExEndodermParietal	Cited2_chr10_1253	0.0003717908402904868
shendure	nb	ExEndodermParietal	Cited2_chr10_1254	0.005157080944627523
shendure	nb	ExEndodermParietal	Cited2_chr10_1267	4.183023702353239e-05
shendure	nb	ExEndodermParietal	Cited2_chr10_1270	4.041852298541926e-05
shendure	nb	ExEndodermParietal	Col1a1_chr11_15258	2.508631041564513e-05
shendure	nb	ExEndodermParietal	Col1a1_chr11_15259	7.377067959168926e-05
shendure	nb	ExEndodermParietal	Col1a1_chr11_15269	2.5066137823159806e-06
shendure	nb	ExEndodermParietal	Col1a1_chr11_15270	3.479371571302181e-06
shendure	nb	ExEndodermParietal	Col1a1_chr11_15273	1.2745013009407558e-05
shendure	nb	ExEndodermParietal	Col1a1_chr11_15275	2.6441962290846277e-06
shendure	nb	ExEndodermParietal	Col1a1_chr11_15276	6.774395296815783e-05
shendure	nb	ExEndodermParietal	Col1a1_chr11_15301	8.56074348121183e-06
shendure	nb	ExEndodermParietal	Col1a1_chr11_15307	0.0011140410788357258
shendure	nb	ExEndodermParietal	Col1a1_chr11_15316	3.296222348581068e-05
shendure	nb	ExEndodermParietal	Col1a1_chr11_15322	0.00017131287313532084
shendure	nb	ExEndodermParietal	Col1a2_chr6_72	3.2166319670068333e-06
shendure	nb	ExEndodermParietal	Col1a2_chr6_73	2.375809117438621e-06
shendure	nb	ExEndodermParietal	Col1a2_chr6_77	7.043699588393793e-05
shendure	nb	ExEndodermParietal	Col1a2_chr6_88	2.8058607313141692e-06
shendure	nb	ExEndodermParietal	Col1a2_chr6_93	0.0005090751801617444
shendure	nb	ExEndodermParietal	Col5a1_chr2_2558	2.1550420569838025e-05
shendure	nb	ExEndodermParietal	Col5a1_chr2_2562	2.555601440690225e-06
shendure	nb	ExEndodermParietal	Col5a1_chr2_2565	9.48743490880588e-06
shendure	nb	ExEndodermParietal	Col5a1_chr2_2571	0.0004995057242922485
shendure	nb	ExEndodermParietal	Col5a1_chr2_2575	0.0002506425080355257
shendure	nb	ExEndodermParietal	Col5a1_chr2_2576	1.6438421880593523e-05
shendure	nb	ExEndodermParietal	Col5a1_chr2_2586	2.813285618685768e-06
shendure	nb	ExEndodermParietal	Epas1_chr17_10056	8.779251220403239e-05
shendure	nb	ExEndodermParietal	Epas1_chr17_10057	0.00012499926378950477
shendure	nb	ExEndodermParietal	Epas1_chr17_10061	8.89553120941855e-05
shendure	nb	ExEndodermParietal	Epas1_chr17_10063	0.023189542815089226
shendure	nb	ExEndodermParietal	Epas1_chr17_10064	5.805598266306333e-05
shendure	nb	ExEndodermParietal	Epas1_chr17_10066	6.092890180298127e-05
shendure	nb	ExEndodermParietal	Epas1_chr17_10070	0.0013333114329725504
shendure	nb	ExEndodermParietal	Epas1_chr17_10071	0.0003377759421709925
shendure	nb	ExEndodermParietal	Epas1_chr17_10116	3.2532621844438836e-05
shendure	nb	ExEndodermParietal	Foxa2_chr2_13806	4.141958197578788e-05
shendure	nb	ExEndodermParietal	Foxa2_chr2_13808	5.104363299324177e-05
shendure	nb	ExEndodermParietal	Foxa2_chr2_13812	1.3287709407450166e-05
shendure	nb	ExEndodermParietal	Foxa2_chr2_13818	0.0001377082517137751
shendure	nb	ExEndodermParietal	Foxa2_chr2_13820	0.006044238340109587
shendure	nb	ExEndodermParietal	Foxa2_chr2_13830	1.674813211138826e-05
shendure	nb	ExEndodermParietal	Foxa2_chr2_13835	5.811592563986778e-05
shendure	nb	ExEndodermParietal	Foxa2_chr2_13840	0.0002918496320489794
shendure	nb	ExEndodermParietal	Foxa2_chr2_13841	9.012358532345388e-06
shendure	nb	ExEndodermParietal	Foxa2_chr2_13856	4.332051958044758e-06
shendure	nb	ExEndodermParietal	Foxa2_chr2_13858	0.0035568096209317446
shendure	nb	ExEndodermParietal	Foxa2_chr2_13861	1.5061729754961561e-05
shendure	nb	ExEndodermParietal	Foxa2_chr2_13862	0.0007986879791133106
shendure	nb	ExEndodermParietal	Gata4_chr14_5677	0.0004908071714453399
shendure	nb	ExEndodermParietal	Gata4_chr14_5693	5.448007141239941e-05
shendure	nb	ExEndodermParietal	Gata4_chr14_5710	1.0136355740542058e-05
shendure	nb	ExEndodermParietal	Gata4_chr14_5714	6.325025606201962e-05
shendure	nb	ExEndodermParietal	Gata4_chr14_5729	0.016378624364733696
shendure	nb	ExEndodermParietal	Gata4_chr14_5742	0.0026756268925964832
shendure	nb	ExEndodermParietal	Gata4_chr14_5749	0.00036341650411486626
shendure	nb	ExEndodermParietal	Gata4_chr14_5752	1.265037826669868e-05
shendure	nb	ExEndodermParietal	Gata4_chr14_5760	6.161430792417377e-05
shendure	nb	ExEndodermParietal	Gata4_chr14_5762	1.811943184293341e-05
shendure	nb	ExEndodermParietal	Gata4_chr14_5763	4.828936653211713e-05
shendure	nb	ExEndodermParietal	Gata4_chr14_5776	0.00017710305110085756
shendure	nb	ExEndodermParietal	Gata4_chr14_5779	3.200948640369461e-06
shendure	nb	ExEndodermParietal	Igfbp4_chr11_16694	2.6345169317210093e-05
shendure	nb	ExEndodermParietal	Igfbp4_chr11_16710	0.00017934285278897732
shendure	nb	ExEndodermParietal	Igfbp4_chr11_16711	0.00043596341856755316
shendure	nb	ExEndodermParietal	Igfbp4_chr11_16716	5.27968950336799e-05
shendure	nb	ExEndodermParietal	Igfbp4_chr11_16728	6.56762276776135e-05
shendure	nb	ExEndodermParietal	Igfbp4_chr11_16735	4.152811743551865e-05
shendure	nb	ExEndodermParietal	Igfbp4_chr11_16738	2.8275348086026497e-05
shendure	nb	ExEndodermParietal	Igfbp4_chr11_16740	0.00027829266036860645
shendure	nb	ExEndodermParietal	Igfbp4_chr11_16743	8.894801430869848e-05
shendure	nb	ExEndodermParietal	Igfbp4_chr11_16784	2.9510745207517175e-06
shendure	nb	ExEndodermParietal	Klf4_chr4_3934	0.00015320854436140507
shendure	nb	ExEndodermParietal	Klf4_chr4_3936	0.0033249242696911097
shendure	nb	ExEndodermParietal	Klf4_chr4_3946	2.1569274395005777e-05
shendure	nb	ExEndodermParietal	Klf4_chr4_3948	0.0017319238977506757
shendure	nb	ExEndodermParietal	Klf4_chr4_3949	0.0001243436854565516
shendure	nb	ExEndodermParietal	Klf4_chr4_3951	7.783366163494065e-05
shendure	nb	ExEndodermParietal	Klf4_chr4_3952	0.00032702667522244155
shendure	nb	ExEndodermParietal	Klf4_chr4_3958	3.921815368812531e-05
shendure	nb	ExEndodermParietal	Lama1_chr17_7784	0.036261629313230515
shendure	nb	ExEndodermParietal	Lama1_chr17_7787	2.3098891688277945e-05
shendure	nb	ExEndodermParietal	Lama1_chr17_7788	0.00019897198944818228
shendure	nb	ExEndodermParietal	Lama1_chr17_7791	0.008691821247339249
shendure	nb	ExEndodermParietal	Lama1_chr17_7793	0.00035387641401030123
shendure	nb	ExEndodermParietal	Lama1_chr17_7799	0.00027074539684690535
shendure	nb	ExEndodermParietal	Lama1_chr17_7814	1.7063464838429354e-05
shendure	nb	ExEndodermParietal	Lama1_chr17_7874	0.0001692895602900535
shendure	nb	ExEndodermParietal	Lama1_chr17_7892	6.100520749896532e-06
shendure	nb	ExEndodermParietal	Lama1_chr17_7907	5.79379275222891e-06
shendure	nb	ExEndodermParietal	Lamb1_chr12_2182	3.92781148548238e-05
shendure	nb	ExEndodermParietal	Lamb1_chr12_2183	0.011764969676733017
shendure	nb	ExEndodermParietal	Lamb1_chr12_2186	0.00014511666086036712
shendure	nb	ExEndodermParietal	Lamb1_chr12_2189	0.00021364337590057403
shendure	nb	ExEndodermParietal	Lamb1_chr12_2196	8.120750862872228e-05
shendure	nb	ExEndodermParietal	Lamb1_chr12_2203	1.413670997862937e-05
shendure	nb	ExEndodermParietal	Lamb1_chr12_2206	5.966344815533375e-06
shendure	nb	ExEndodermParietal	Lamb1_chr12_2207	4.316760168876499e-06
shendure	nb	ExEndodermParietal	Lamb1_chr12_2210	0.0007634292705915868
shendure	nb	ExEndodermParietal	Lamb1_chr12_2215	5.985434108879417e-05
shendure	nb	ExEndodermParietal	Lamb1_chr12_2216	0.000986780971288681
shendure	nb	ExEndodermParietal	Lamb1_chr12_2238	3.11614312522579e-05
shendure	nb	ExEndodermParietal	Lamb1_chr12_2239	0.0002526251773815602
shendure	nb	ExEndodermParietal	Lamb1_chr12_2288	1.7309643226326443e-05
shendure	nb	ExEndodermParietal	Lamb1_chr12_2289	1.090037858375581e-05
shendure	nb	ExEndodermParietal	Lamb1_chr12_2296	0.00029549302416853607
shendure	nb	ExEndodermParietal	Lamc1_chr1_12127	1.7640644728089683e-05
shendure	nb	ExEndodermParietal	Lamc1_chr1_12152	0.00019286716997157782
shendure	nb	ExEndodermParietal	Lamc1_chr1_12175	0.002437270013615489
shendure	nb	ExEndodermParietal	Lamc1_chr1_12183	6.202508302521892e-06
shendure	nb	ExEndodermParietal	Lamc1_chr1_12185	0.0005229141679592431
shendure	nb	ExEndodermParietal	Lamc1_chr1_12188	9.843473890214227e-06
shendure	nb	ExEndodermParietal	Lamc1_chr1_12189	0.003278848249465227
shendure	nb	ExEndodermParietal	Lamc1_chr1_12193	3.0952842280385084e-06
shendure	nb	ExEndodermParietal	Lamc1_chr1_12201	2.2693286155117676e-05
shendure	nb	ExEndodermParietal	Map1b_chr13_9429	4.3258285586489365e-05
shendure	nb	ExEndodermParietal	Map1b_chr13_9436	0.00033520773285999894
shendure	nb	ExEndodermParietal	Map1b_chr13_9445	0.00010482287325430661
shendure	nb	ExEndodermParietal	Map1b_chr13_9447	0.0027764756232500076
shendure	nb	ExEndodermParietal	Sox17_chr1_58	0.000319792830850929
shendure	nb	ExEndodermParietal	Sox17_chr1_59	1.926152799569536e-05
shendure	nb	ExEndodermParietal	Sox17_chr1_60	1.2309484191064257e-05
shendure	nb	ExEndodermParietal	Sox17_chr1_65	4.406836069392739e-06
shendure	nb	ExEndodermParietal	Sox17_chr1_67	1.1740662557713222e-05
shendure	nb	ExEndodermParietal	Sox17_chr1_68	1.2792796951544005e-05
shendure	nb	ExEndodermParietal	Sox17_chr1_69	3.309135718154721e-05
shendure	nb	ExEndodermParietal	Sox17_chr1_73	6.227750418474898e-05
shendure	nb	ExEndodermParietal	Sox17_chr1_77	0.0005616216803900898
shendure	nb	ExEndodermParietal	Sox17_chr1_78	2.499398760846816e-05
shendure	nb	ExEndodermParietal	Sox17_chr1_82	0.00010707171895774081
shendure	nb	ExEndodermParietal	Sox17_chr1_83	1.0978770660585724e-05
shendure	nb	ExEndodermParietal	Sox2_chr3_2005	1.2696887097263243e-05
shendure	nb	ExEndodermParietal	Sox2_chr3_2007	4.214027285343036e-05
shendure	nb	ExEndodermParietal	Sox2_chr3_2008	2.239545210613869e-05
shendure	nb	ExEndodermParietal	Sox2_chr3_2009	5.7614161050878465e-06
shendure	nb	ExEndodermParietal	Sox4_chr13_2052	0.00023390115529764444
shendure	nb	ExEndodermParietal	Sox4_chr13_2054	1.7598200429347344e-05
shendure	nb	ExEndodermParietal	Sox4_chr13_2055	0.00035240454599261284
shendure	nb	ExEndodermParietal	Sox4_chr13_2057	7.815033313818276e-06
shendure	nb	ExEndodermParietal	Sparc_chr11_7180	1.8415481463307515e-05
shendure	nb	ExEndodermParietal	Sparc_chr11_7182	2.1500125512829982e-05
shendure	nb	ExEndodermParietal	Sparc_chr11_7195	0.00011707383237080649
shendure	nb	ExEndodermParietal	Sparc_chr11_7198	3.639358692453243e-05
shendure	nb	ExEndodermParietal	Sparc_chr11_7199	5.848954060638789e-06
shendure	nb	ExEndodermParietal	Sparc_chr11_7203	0.00015935057308524847
shendure	nb	ExEndodermParietal	Sparc_chr11_7205	0.00018439776613377035
shendure	nb	ExEndodermParietal	Sparc_chr11_7207	4.395872110762866e-06
shendure	nb	ExEndodermParietal	Sparc_chr11_7210	0.00010994890908477828
shendure	nb	ExEndodermParietal	Sparc_chr11_7211	0.005024552810937166
shendure	nb	ExEndodermParietal	Sparc_chr11_7213	0.00046118791215121746
shendure	nb	ExEndodermParietal	Sparc_chr11_7230	0.000842672772705555
shendure	nb	ExEndodermParietal	Sparc_chr11_7233	5.870759650861146e-06
shendure	nb	ExEndodermParietal	Sparc_chr11_7234	0.0011520965490490198
shendure	nb	ExEndodermParietal	Sparc_chr11_7235	0.002025333931669593
shendure	nb	ExEndodermParietal	Sparc_chr11_7243	2.7342075554770418e-05
shendure	nb	ExEndodermParietal	Tgfbi_chr13_5692	0.0009567406377755105
shendure	nb	ExEndodermParietal	Tgfbi_chr13_5701	0.00014402111992239952
shendure	nb	ExEndodermParietal	Tgfbi_chr13_5705	0.0002506733580958098
shendure	nb	ExEndodermParietal	Tgfbi_chr13_5711	5.9598955886031035e-06
shendure	nb	ExEndodermParietal	Tgfbi_chr13_5724	0.00014553450455423445
shendure	nb	ExEndodermParietal	Tgfbi_chr13_5735	0.0002532999205868691
shendure	nb	ExEndodermParietal	Tgfbi_chr13_5741	0.0015970446402207017
shendure	nb	ExEndodermParietal	Tubb2b_chr13_2557	9.607861102267634e-06
shendure	nb	ExEndodermParietal	Tubb2b_chr13_2568	0.0010134384501725435
shendure	nb	ExEndodermParietal	Tubb2b_chr13_2572	2.981383840960916e-05
shendure	nb	ExEndodermParietal	Tubb2b_chr13_2576	0.001533221104182303
shendure	nb	ExEndodermParietal	Tubb2b_chr13_2577	2.2395428459276445e-05
shendure	nb	ExEndodermParietal	Tubb2b_chr13_2578	1.9292816432425752e-05
shendure	nb	ExEndodermParietal	Tubb2b_chr13_2580	1.2084216905350331e-05
shendure	nb	ExEndodermParietal	Tubb2b_chr13_2583	2.940877493529115e-05
shendure	nb	ExEndodermParietal	Tubb2b_chr13_2590	0.00019355207041371614
shendure	nb	ExEndodermParietal	Txndc12_chr4_7951	0.00014779463526792824
shendure	nb	ExEndodermParietal	Txndc12_chr4_7961	8.801434159977362e-05
shendure	nb	ExEndodermParietal	Txndc12_chr4_7962	0.0002689999237190932
shendure	nb	ExEndodermParietal	Txndc12_chr4_7969	0.0006092036492191255
shendure	nb	ExEndodermParietal	Txndc12_chr4_7971	0.00031092873541638255
shendure	nb	ExEndodermParietal	Txndc12_chr4_7973	0.001790965674445033
shendure	nb	ExEndodermParietal	Txndc12_chr4_7975	3.3275220630457625e-05
shendure	nb	ExEndodermParietal	Txndc12_chr4_7978	0.0008939743274822831
shendure	nb	ExEndodermParietal	eef1aP	0.0696222260594368
shendure	nb	ExEndodermParietal	pgk1P	0.035873036831617355
shendure	nb	ExEndodermParietal	ubcP	0.08253853023052216
shendure	nb	SurfaceEctoderm	reference	0.0001283555175177753
shendure	nb	SurfaceEctoderm	Bend5_chr4_8168	1.9229701138101518e-05
shendure	nb	SurfaceEctoderm	Bend5_chr4_8170	3.3651488138275454e-06
shendure	nb	SurfaceEctoderm	Bend5_chr4_8172	2.6563154733594274e-06
shendure	nb	SurfaceEctoderm	Bend5_chr4_8174	1.2234337191330269e-05
shendure	nb	SurfaceEctoderm	Bend5_chr4_8175	0.0007387888617813587
shendure	nb	SurfaceEctoderm	Bend5_chr4_8179	1.163267734227702e-05
shendure	nb	SurfaceEctoderm	Bend5_chr4_8192	1.406387127644848e-06
shendure	nb	SurfaceEctoderm	Bend5_chr4_8199	3.683450813696254e-06
shendure	nb	SurfaceEctoderm	Bend5_chr4_8201	1.1659271876851562e-06
shendure	nb	SurfaceEctoderm	Btg1_chr10_9572	3.1711415431345813e-06
shendure	nb	SurfaceEctoderm	Btg1_chr10_9578	0.001709448522888124
shendure	nb	SurfaceEctoderm	Btg1_chr10_9588	7.989160621946212e-06
shendure	nb	SurfaceEctoderm	Btg1_chr10_9593	3.647948688012548e-05
shendure	nb	SurfaceEctoderm	Btg1_chr10_9612	2.420484452159144e-05
shendure	nb	SurfaceEctoderm	Btg1_chr10_9613	2.7410347684053704e-05
shendure	nb	SurfaceEctoderm	Cdk5r1_chr11_12559	0.00014579373237211257
shendure	nb	SurfaceEctoderm	Cdk5r1_chr11_12562	0.00048288863035850227
shendure	nb	SurfaceEctoderm	Cdk5r1_chr11_12574	0.0019055178854614496
shendure	nb	SurfaceEctoderm	Cdk5r1_chr11_12575	3.3665724913589656e-05
shendure	nb	SurfaceEctoderm	Cdk5r1_chr11_12582	0.00010540439689066261
shendure	nb	SurfaceEctoderm	Cdk5r1_chr11_12590	6.673602456430672e-06
shendure	nb	SurfaceEctoderm	Cdk5r1_chr11_12595	2.3905231500975788e-06
shendure	nb	SurfaceEctoderm	Cited2_chr10_1239	4.968958364770515e-06
shendure	nb	SurfaceEctoderm	Cited2_chr10_1246	4.684239229391096e-06
shendure	nb	SurfaceEctoderm	Cited2_chr10_1248	2.5292797545262147e-06
shendure	nb	SurfaceEctoderm	Cited2_chr10_1253	0.00013129190483596176
shendure	nb	SurfaceEctoderm	Cited2_chr10_1254	0.0007455716840922832
shendure	nb	SurfaceEctoderm	Cited2_chr10_1267	1.5467245248146355e-05
shendure	nb	SurfaceEctoderm	Cited2_chr10_1270	6.340738309518201e-06
shendure	nb	SurfaceEctoderm	Col1a1_chr11_15258	3.3556709240656346e-05
shendure	nb	SurfaceEctoderm	Col1a1_chr11_15259	2.0347408280940726e-05
shendure	nb	SurfaceEctoderm	Col1a1_chr11_15269	1.6677848861945677e-06
shendure	nb	SurfaceEctoderm	Col1a1_chr11_15270	5.1729271945077926e-05
shendure	nb	SurfaceEctoderm	Col1a1_chr11_15273	1.796566152734158e-06
shendure	nb	SurfaceEctoderm	Col1a1_chr11_15275	4.75501838081982e-05
shendure	nb	SurfaceEctoderm	Col1a1_chr11_15276	0.00013888867397326976
shendure	nb	SurfaceEctoderm	Col1a1_chr11_15301	1.9702792997122742e-05
shendure	nb	SurfaceEctoderm	Col1a1_chr11_15307	0.0003117211745120585
shendure	nb	SurfaceEctoderm	Col1a1_chr11_15316	1.0551556442806032e-05
shendure	nb	SurfaceEctoderm	Col1a1_chr11_15322	8.21270004962571e-05
shendure	nb	SurfaceEctoderm	Col1a2_chr6_72	2.18400668927643e-06
shendure	nb	SurfaceEctoderm	Col1a2_chr6_73	1.6302635685860878e-06
shendure	nb	SurfaceEctoderm	Col1a2_chr6_77	3.773170101339929e-05
shendure	nb	SurfaceEctoderm	Col1a2_chr6_88	1.8465237872078433e-06
shendure	nb	SurfaceEctoderm	Col1a2_chr6_93	0.000298540253425017
shendure	nb	SurfaceEctoderm	Col5a1_chr2_2558	8.291021003969945e-06
shendure	nb	SurfaceEctoderm	Col5a1_chr2_2562	1.7835988046499551e-06
shendure	nb	SurfaceEctoderm	Col5a1_chr2_2565	6.355825007631211e-06
shendure	nb	SurfaceEctoderm	Col5a1_chr2_2571	1.0359764928580262e-05
shendure	nb	SurfaceEctoderm	Col5a1_chr2_2575	0.00020580946875270456
shendure	nb	SurfaceEctoderm	Col5a1_chr2_2576	2.968081389553845e-05
shendure	nb	SurfaceEctoderm	Col5a1_chr2_2586	1.9129199699818855e-06
shendure	nb	SurfaceEctoderm	Epas1_chr17_10056	1.4505701528833015e-06
shendure	nb	SurfaceEctoderm	Epas1_chr17_10057	1.853402636697865e-06
shendure	nb	SurfaceEctoderm	Epas1_chr17_10061	8.553105544706341e-06
shendure	nb	SurfaceEctoderm	Epas1_chr17_10063	1.0837956324394327e-05
shendure	nb	SurfaceEctoderm	Epas1_chr17_10064	4.046162302984158e-06
shendure	nb	SurfaceEctoderm	Epas1_chr17_10066	5.994468210701598e-06
shendure	nb	SurfaceEctoderm	Epas1_chr17_10070	0.0004572629986796528
shendure	nb	SurfaceEctoderm	Epas1_chr17_10071	0.00011557489779079333
shendure	nb	SurfaceEctoderm	Epas1_chr17_10116	2.330039251319249e-06
shendure	nb	SurfaceEctoderm	Foxa2_chr2_13806	4.458493549464038e-06
shendure	nb	SurfaceEctoderm	Foxa2_chr2_13808	1.902394615171943e-05
shendure	nb	SurfaceEctoderm	Foxa2_chr2_13812	1.7825171880758717e-06
shendure	nb	SurfaceEctoderm	Foxa2_chr2_13818	1.4690925127069931e-05
shendure	nb	SurfaceEctoderm	Foxa2_chr2_13820	3.140099806842045e-06
shendure	nb	SurfaceEctoderm	Foxa2_chr2_13830	1.933439762069611e-06
shendure	nb	SurfaceEctoderm	Foxa2_chr2_13835	2.3139900804380886e-05
shendure	nb	SurfaceEctoderm	Foxa2_chr2_13840	9.096127178054303e-05
shendure	nb	SurfaceEctoderm	Foxa2_chr2_13841	3.232933158869855e-05
shendure	nb	SurfaceEctoderm	Foxa2_chr2_13856	2.8883650884381495e-06
shendure	nb	SurfaceEctoderm	Foxa2_chr2_13858	1.0161500540561974e-05
shendure	nb	SurfaceEctoderm	Foxa2_chr2_13861	6.074605607864214e-06
shendure	nb	SurfaceEctoderm	Foxa2_chr2_13862	2.0909168597427197e-05
shendure	nb	SurfaceEctoderm	Gata4_chr14_5677	0.00031287228921428323
shendure	nb	SurfaceEctoderm	Gata4_chr14_5693	2.0388383745739702e-06
shendure	nb	SurfaceEctoderm	Gata4_chr14_5710	7.0589949245913886e-06
shendure	nb	SurfaceEctoderm	Gata4_chr14_5714	1.2336360668996349e-05
shendure	nb	SurfaceEctoderm	Gata4_chr14_5729	2.399206550762756e-06
shendure	nb	SurfaceEctoderm	Gata4_chr14_5742	0.0010002488270401955
shendure	nb	SurfaceEctoderm	Gata4_chr14_5749	9.517081343801692e-05
shendure	nb	SurfaceEctoderm	Gata4_chr14_5752	3.5959954402642325e-05
shendure	nb	SurfaceEctoderm	Gata4_chr14_5760	1.8625937627803069e-06
shendure	nb	SurfaceEctoderm	Gata4_chr14_5762	2.4940925413829973e-06
shendure	nb	SurfaceEctoderm	Gata4_chr14_5763	8.064724170253612e-06
shendure	nb	SurfaceEctoderm	Gata4_chr14_5776	2.5917645416484447e-06
shendure	nb	SurfaceEctoderm	Gata4_chr14_5779	7.880624252720736e-06
shendure	nb	SurfaceEctoderm	Igfbp4_chr11_16694	4.322226686781505e-06
shendure	nb	SurfaceEctoderm	Igfbp4_chr11_16710	7.046736573101953e-05
shendure	nb	SurfaceEctoderm	Igfbp4_chr11_16711	0.00039477244718000293
shendure	nb	SurfaceEctoderm	Igfbp4_chr11_16716	1.6320051145157777e-05
shendure	nb	SurfaceEctoderm	Igfbp4_chr11_16728	7.222036219900474e-05
shendure	nb	SurfaceEctoderm	Igfbp4_chr11_16735	5.2634812163887545e-05
shendure	nb	SurfaceEctoderm	Igfbp4_chr11_16738	4.315304977353662e-05
shendure	nb	SurfaceEctoderm	Igfbp4_chr11_16740	0.00016292861255351454
shendure	nb	SurfaceEctoderm	Igfbp4_chr11_16743	0.0001473118318244815
shendure	nb	SurfaceEctoderm	Igfbp4_chr11_16784	1.9784820324275643e-06
shendure	nb	SurfaceEctoderm	Klf4_chr4_3934	9.043856698554009e-05
shendure	nb	SurfaceEctoderm	Klf4_chr4_3936	1.0938460945908446e-05
shendure	nb	SurfaceEctoderm	Klf4_chr4_3946	4.767671271110885e-06
shendure	nb	SurfaceEctoderm	Klf4_chr4_3948	0.0011662959586828947
shendure	nb	SurfaceEctoderm	Klf4_chr4_3949	3.586025923141278e-05
shendure	nb	SurfaceEctoderm	Klf4_chr4_3951	1.9038576283492148e-05
shendure	nb	SurfaceEctoderm	Klf4_chr4_3952	9.869747373159043e-06
shendure	nb	SurfaceEctoderm	Klf4_chr4_3958	2.494613681847113e-06
shendure	nb	SurfaceEctoderm	Lama1_chr17_7784	6.879301508888602e-06
shendure	nb	SurfaceEctoderm	Lama1_chr17_7787	4.844377144763712e-06
shendure	nb	SurfaceEctoderm	Lama1_chr17_7788	3.0229608455556445e-05
shendure	nb	SurfaceEctoderm	Lama1_chr17_7791	3.7447837257786887e-06
shendure	nb	SurfaceEctoderm	Lama1_chr17_7793	0.00013171540922485292
shendure	nb	SurfaceEctoderm	Lama1_chr17_7799	1.7336926703137578e-06
shendure	nb	SurfaceEctoderm	Lama1_chr17_7814	3.795731026912108e-05
shendure	nb	SurfaceEctoderm	Lama1_chr17_7874	3.843970716843614e-06
shendure	nb	SurfaceEctoderm	Lama1_chr17_7892	3.875198217428988e-06
shendure	nb	SurfaceEctoderm	Lama1_chr17_7907	3.837732947431505e-06
shendure	nb	SurfaceEctoderm	Lamb1_chr12_2182	2.8003646548313554e-06
shendure	nb	SurfaceEctoderm	Lamb1_chr12_2183	2.2321291908156127e-05
shendure	nb	SurfaceEctoderm	Lamb1_chr12_2186	1.362764487566892e-05
shendure	nb	SurfaceEctoderm	Lamb1_chr12_2189	2.6403533865959616e-06
shendure	nb	SurfaceEctoderm	Lamb1_chr12_2196	2.140110154869035e-06
shendure	nb	SurfaceEctoderm	Lamb1_chr12_2203	3.079490625168546e-06
shendure	nb	SurfaceEctoderm	Lamb1_chr12_2206	3.87973932447494e-06
shendure	nb	SurfaceEctoderm	Lamb1_chr12_2207	2.9811121748934966e-06
shendure	nb	SurfaceEctoderm	Lamb1_chr12_2210	0.00022449929383583367
shendure	nb	SurfaceEctoderm	Lamb1_chr12_2215	1.6978083294816315e-05
shendure	nb	SurfaceEctoderm	Lamb1_chr12_2216	3.8711812521796674e-05
shendure	nb	SurfaceEctoderm	Lamb1_chr12_2238	2.9600789275718853e-05
shendure	nb	SurfaceEctoderm	Lamb1_chr12_2239	1.938802597578615e-05
shendure	nb	SurfaceEctoderm	Lamb1_chr12_2288	1.959141172847012e-06
shendure	nb	SurfaceEctoderm	Lamb1_chr12_2289	1.909052798509947e-06
shendure	nb	SurfaceEctoderm	Lamb1_chr12_2296	0.00016689495532773435
shendure	nb	SurfaceEctoderm	Lamc1_chr1_12127	1.994647209357936e-05
shendure	nb	SurfaceEctoderm	Lamc1_chr1_12152	4.123591861571185e-05
shendure	nb	SurfaceEctoderm	Lamc1_chr1_12175	0.0006731385947205126
shendure	nb	SurfaceEctoderm	Lamc1_chr1_12183	3.929824742954224e-06
shendure	nb	SurfaceEctoderm	Lamc1_chr1_12185	5.5442196753574535e-06
shendure	nb	SurfaceEctoderm	Lamc1_chr1_12188	6.304126600298332e-06
shendure	nb	SurfaceEctoderm	Lamc1_chr1_12189	2.1236623979348224e-06
shendure	nb	SurfaceEctoderm	Lamc1_chr1_12193	1.357327255391283e-05
shendure	nb	SurfaceEctoderm	Lamc1_chr1_12201	7.247053144965321e-05
shendure	nb	SurfaceEctoderm	Map1b_chr13_9429	1.5976987924659625e-05
shendure	nb	SurfaceEctoderm	Map1b_chr13_9436	2.487190158717567e-06
shendure	nb	SurfaceEctoderm	Map1b_chr13_9445	1.2287024219403975e-05
shendure	nb	SurfaceEctoderm	Map1b_chr13_9447	0.00019967627304140478
shendure	nb	SurfaceEctoderm	Sox17_chr1_58	6.65211246086983e-06
shendure	nb	SurfaceEctoderm	Sox17_chr1_59	4.909106792183593e-06
shendure	nb	SurfaceEctoderm	Sox17_chr1_60	3.679095607367344e-05
shendure	nb	SurfaceEctoderm	Sox17_chr1_65	1.9284923837403767e-05
shendure	nb	SurfaceEctoderm	Sox17_chr1_67	1.563144542160444e-05
shendure	nb	SurfaceEctoderm	Sox17_chr1_68	7.880654266045894e-06
shendure	nb	SurfaceEctoderm	Sox17_chr1_69	1.6335147847712506e-06
shendure	nb	SurfaceEctoderm	Sox17_chr1_73	2.4022940124268644e-05
shendure	nb	SurfaceEctoderm	Sox17_chr1_77	2.516323320378433e-06
shendure	nb	SurfaceEctoderm	Sox17_chr1_78	2.2943354451854248e-06
shendure	nb	SurfaceEctoderm	Sox17_chr1_82	3.934210690204054e-05
shendure	nb	SurfaceEctoderm	Sox17_chr1_83	2.467980721121421e-06
shendure	nb	SurfaceEctoderm	Sox2_chr3_2005	2.423302248644177e-05
shendure	nb	SurfaceEctoderm	Sox2_chr3_2007	1.5362635167548433e-05
shendure	nb	SurfaceEctoderm	Sox2_chr3_2008	1.703628004179336e-05
shendure	nb	SurfaceEctoderm	Sox2_chr3_2009	1.2032297490804922e-05
shendure	nb	SurfaceEctoderm	Sox4_chr13_2052	0.00022601721866521984
shendure	nb	SurfaceEctoderm	Sox4_chr13_2054	7.299432127183536e-06
shendure	nb	SurfaceEctoderm	Sox4_chr13_2055	9.419803973287344e-05
shendure	nb	SurfaceEctoderm	Sox4_chr13_2057	1.3954067981103435e-06
shendure	nb	SurfaceEctoderm	Sparc_chr11_7180	2.6000594516517594e-05
shendure	nb	SurfaceEctoderm	Sparc_chr11_7182	4.7546354835503735e-06
shendure	nb	SurfaceEctoderm	Sparc_chr11_7195	0.00013118625793140382
shendure	nb	SurfaceEctoderm	Sparc_chr11_7198	1.8306102447240846e-06
shendure	nb	SurfaceEctoderm	Sparc_chr11_7199	4.5857832446927205e-05
shendure	nb	SurfaceEctoderm	Sparc_chr11_7203	6.254056643228978e-05
shendure	nb	SurfaceEctoderm	Sparc_chr11_7205	0.0001052325387718156
shendure	nb	SurfaceEctoderm	Sparc_chr11_7207	2.918128984674695e-06
shendure	nb	SurfaceEctoderm	Sparc_chr11_7210	2.6126215743715875e-05
shendure	nb	SurfaceEctoderm	Sparc_chr11_7211	5.288745160214603e-05
shendure	nb	SurfaceEctoderm	Sparc_chr11_7213	3.3262258511967957e-06
shendure	nb	SurfaceEctoderm	Sparc_chr11_7230	0.00016389653319492936
shendure	nb	SurfaceEctoderm	Sparc_chr11_7233	3.822373855655314e-06
shendure	nb	SurfaceEctoderm	Sparc_chr11_7234	0.000978079391643405
shendure	nb	SurfaceEctoderm	Sparc_chr11_7235	0.0009094728156924248
shendure	nb	SurfaceEctoderm	Sparc_chr11_7243	1.0868543540709652e-05
shendure	nb	SurfaceEctoderm	Tgfbi_chr13_5692	0.00031783810118213296
shendure	nb	SurfaceEctoderm	Tgfbi_chr13_5701	3.6431069929676596e-06
shendure	nb	SurfaceEctoderm	Tgfbi_chr13_5705	0.0002007841831073165
shendure	nb	SurfaceEctoderm	Tgfbi_chr13_5711	4.094376436114544e-06
shendure	nb	SurfaceEctoderm	Tgfbi_chr13_5724	3.271390960435383e-05
shendure	nb	SurfaceEctoderm	Tgfbi_chr13_5735	5.615238842437975e-05
shendure	nb	SurfaceEctoderm	Tgfbi_chr13_5741	0.0014960974222049117
shendure	nb	SurfaceEctoderm	Tubb2b_chr13_2557	1.0585331438051071e-05
shendure	nb	SurfaceEctoderm	Tubb2b_chr13_2568	0.000627505942247808
shendure	nb	SurfaceEctoderm	Tubb2b_chr13_2572	1.9181494280928746e-05
shendure	nb	SurfaceEctoderm	Tubb2b_chr13_2576	0.0008339975029230118
shendure	nb	SurfaceEctoderm	Tubb2b_chr13_2577	3.296310023870319e-05
shendure	nb	SurfaceEctoderm	Tubb2b_chr13_2578	1.8749121863947948e-06
shendure	nb	SurfaceEctoderm	Tubb2b_chr13_2580	1.979326771106571e-05
shendure	nb	SurfaceEctoderm	Tubb2b_chr13_2583	2.0979554392397404e-05
shendure	nb	SurfaceEctoderm	Tubb2b_chr13_2590	6.781732372473925e-05
shendure	nb	SurfaceEctoderm	Txndc12_chr4_7951	3.6199915484758094e-05
shendure	nb	SurfaceEctoderm	Txndc12_chr4_7961	2.1335965357138775e-05
shendure	nb	SurfaceEctoderm	Txndc12_chr4_7962	0.00027730237343348563
shendure	nb	SurfaceEctoderm	Txndc12_chr4_7969	1.5114796951820608e-05
shendure	nb	SurfaceEctoderm	Txndc12_chr4_7971	1.646491341489309e-06
shendure	nb	SurfaceEctoderm	Txndc12_chr4_7973	0.0006911563687026501
shendure	nb	SurfaceEctoderm	Txndc12_chr4_7975	2.638282012412674e-06
shendure	nb	SurfaceEctoderm	Txndc12_chr4_7978	0.00021305900008883327
shendure	nb	SurfaceEctoderm	eef1aP	0.15500928461551666
shendure	nb	SurfaceEctoderm	pgk1P	0.055047038942575455
shendure	nb	SurfaceEctoderm	ubcP	0.039459098130464554
shendure	nb	EpiblastPrimitiveStreak	reference	0.0007262838771566749
shendure	nb	EpiblastPrimitiveStreak	Bend5_chr4_8168	2.936332020908594e-05
shendure	nb	EpiblastPrimitiveStreak	Bend5_chr4_8170	6.454834510805085e-05
shendure	nb	EpiblastPrimitiveStreak	Bend5_chr4_8172	5.952471838099882e-06
shendure	nb	EpiblastPrimitiveStreak	Bend5_chr4_8174	3.590409687603824e-05
shendure	nb	EpiblastPrimitiveStreak	Bend5_chr4_8175	0.0012813096400350332
shendure	nb	EpiblastPrimitiveStreak	Bend5_chr4_8179	2.7754138500313275e-05
shendure	nb	EpiblastPrimitiveStreak	Bend5_chr4_8192	3.035474037460517e-06
shendure	nb	EpiblastPrimitiveStreak	Bend5_chr4_8199	3.640066643129103e-05
shendure	nb	EpiblastPrimitiveStreak	Bend5_chr4_8201	5.8003854064736515e-05
shendure	nb	EpiblastPrimitiveStreak	Btg1_chr10_9572	1.9836996216326952e-05
shendure	nb	EpiblastPrimitiveStreak	Btg1_chr10_9578	0.010849401354789734
shendure	nb	EpiblastPrimitiveStreak	Btg1_chr10_9588	2.0347757526906207e-05
shendure	nb	EpiblastPrimitiveStreak	Btg1_chr10_9593	5.169470023247413e-05
shendure	nb	EpiblastPrimitiveStreak	Btg1_chr10_9612	3.1363331800093874e-05
shendure	nb	EpiblastPrimitiveStreak	Btg1_chr10_9613	9.4093675215845e-06
shendure	nb	EpiblastPrimitiveStreak	Cdk5r1_chr11_12559	0.0007207655580714345
shendure	nb	EpiblastPrimitiveStreak	Cdk5r1_chr11_12562	0.003991519100964069
shendure	nb	EpiblastPrimitiveStreak	Cdk5r1_chr11_12574	0.009359807707369328
shendure	nb	EpiblastPrimitiveStreak	Cdk5r1_chr11_12575	8.201586024370044e-05
shendure	nb	EpiblastPrimitiveStreak	Cdk5r1_chr11_12582	0.0005299671902321279
shendure	nb	EpiblastPrimitiveStreak	Cdk5r1_chr11_12590	5.052310734754428e-05
shendure	nb	EpiblastPrimitiveStreak	Cdk5r1_chr11_12595	2.396004128968343e-05
shendure	nb	EpiblastPrimitiveStreak	Cited2_chr10_1239	1.153561424871441e-05
shendure	nb	EpiblastPrimitiveStreak	Cited2_chr10_1246	1.0432666385895573e-05
shendure	nb	EpiblastPrimitiveStreak	Cited2_chr10_1248	5.267656888463534e-06
shendure	nb	EpiblastPrimitiveStreak	Cited2_chr10_1253	9.714187763165683e-05
shendure	nb	EpiblastPrimitiveStreak	Cited2_chr10_1254	0.0032801104243844748
shendure	nb	EpiblastPrimitiveStreak	Cited2_chr10_1267	2.289632539032027e-05
shendure	nb	EpiblastPrimitiveStreak	Cited2_chr10_1270	1.5634977899026126e-05
shendure	nb	EpiblastPrimitiveStreak	Col1a1_chr11_15258	0.0002372768649365753
shendure	nb	EpiblastPrimitiveStreak	Col1a1_chr11_15259	6.131361442385241e-05
shendure	nb	EpiblastPrimitiveStreak	Col1a1_chr11_15269	5.016742943553254e-05
shendure	nb	EpiblastPrimitiveStreak	Col1a1_chr11_15270	0.00028429346275515854
shendure	nb	EpiblastPrimitiveStreak	Col1a1_chr11_15273	3.448515781201422e-05
shendure	nb	EpiblastPrimitiveStreak	Col1a1_chr11_15275	0.00018921471200883389
shendure	nb	EpiblastPrimitiveStreak	Col1a1_chr11_15276	0.0002367054985370487
shendure	nb	EpiblastPrimitiveStreak	Col1a1_chr11_15301	9.94585279840976e-05
shendure	nb	EpiblastPrimitiveStreak	Col1a1_chr11_15307	0.0011375334579497576
shendure	nb	EpiblastPrimitiveStreak	Col1a1_chr11_15316	7.930857100291178e-05
shendure	nb	EpiblastPrimitiveStreak	Col1a1_chr11_15322	0.0002849862212315202
shendure	nb	EpiblastPrimitiveStreak	Col1a2_chr6_72	7.314222602872178e-05
shendure	nb	EpiblastPrimitiveStreak	Col1a2_chr6_73	6.252911407500505e-05
shendure	nb	EpiblastPrimitiveStreak	Col1a2_chr6_77	0.00014704541536048055
shendure	nb	EpiblastPrimitiveStreak	Col1a2_chr6_88	1.0927492439805064e-05
shendure	nb	EpiblastPrimitiveStreak	Col1a2_chr6_93	0.0008417227072641253
shendure	nb	EpiblastPrimitiveStreak	Col5a1_chr2_2558	1.752845673763659e-05
shendure	nb	EpiblastPrimitiveStreak	Col5a1_chr2_2562	1.3908092114434112e-05
shendure	nb	EpiblastPrimitiveStreak	Col5a1_chr2_2565	1.6144413166330196e-05
shendure	nb	EpiblastPrimitiveStreak	Col5a1_chr2_2571	4.979881487088278e-05
shendure	nb	EpiblastPrimitiveStreak	Col5a1_chr2_2575	0.0016876013251021504
shendure	nb	EpiblastPrimitiveStreak	Col5a1_chr2_2576	4.7838420869084075e-05
shendure	nb	EpiblastPrimitiveStreak	Col5a1_chr2_2586	4.251096015650546e-06
shendure	nb	EpiblastPrimitiveStreak	Epas1_chr17_10056	3.760987601708621e-05
shendure	nb	EpiblastPrimitiveStreak	Epas1_chr17_10057	4.070001523359679e-06
shendure	nb	EpiblastPrimitiveStreak	Epas1_chr17_10061	0.00010459670011186972
shendure	nb	EpiblastPrimitiveStreak	Epas1_chr17_10063	3.7894085835432634e-05
shendure	nb	EpiblastPrimitiveStreak	Epas1_chr17_10064	2.671628499228973e-05
shendure	nb	EpiblastPrimitiveStreak	Epas1_chr17_10066	1.3576677702076267e-05
shendure	nb	EpiblastPrimitiveStreak	Epas1_chr17_10070	0.00086071842815727
shendure	nb	EpiblastPrimitiveStreak	Epas1_chr17_10071	0.0003964439674746245
shendure	nb	EpiblastPrimitiveStreak	Epas1_chr17_10116	3.452392411418259e-05
shendure	nb	EpiblastPrimitiveStreak	Foxa2_chr2_13806	3.8157686503836885e-05
shendure	nb	EpiblastPrimitiveStreak	Foxa2_chr2_13808	4.317252023611218e-05
shendure	nb	EpiblastPrimitiveStreak	Foxa2_chr2_13812	6.051023956388235e-05
shendure	nb	EpiblastPrimitiveStreak	Foxa2_chr2_13818	9.158246029983275e-06
shendure	nb	EpiblastPrimitiveStreak	Foxa2_chr2_13820	3.926950375898741e-05
shendure	nb	EpiblastPrimitiveStreak	Foxa2_chr2_13830	3.582996941986494e-05
shendure	nb	EpiblastPrimitiveStreak	Foxa2_chr2_13835	5.766652611782774e-05
shendure	nb	EpiblastPrimitiveStreak	Foxa2_chr2_13840	0.001326774712651968
shendure	nb	EpiblastPrimitiveStreak	Foxa2_chr2_13841	0.00014632372767664492
shendure	nb	EpiblastPrimitiveStreak	Foxa2_chr2_13856	0.0001767183857737109
shendure	nb	EpiblastPrimitiveStreak	Foxa2_chr2_13858	4.68860162072815e-06
shendure	nb	EpiblastPrimitiveStreak	Foxa2_chr2_13861	1.5180554328253493e-05
shendure	nb	EpiblastPrimitiveStreak	Foxa2_chr2_13862	2.6103776690433733e-05
shendure	nb	EpiblastPrimitiveStreak	Gata4_chr14_5677	0.004940385930240154
shendure	nb	EpiblastPrimitiveStreak	Gata4_chr14_5693	1.9953529772465117e-05
shendure	nb	EpiblastPrimitiveStreak	Gata4_chr14_5710	1.143400641012704e-05
shendure	nb	EpiblastPrimitiveStreak	Gata4_chr14_5714	2.6500898457015865e-05
shendure	nb	EpiblastPrimitiveStreak	Gata4_chr14_5729	3.5312848922330886e-05
shendure	nb	EpiblastPrimitiveStreak	Gata4_chr14_5742	0.003118851687759161
shendure	nb	EpiblastPrimitiveStreak	Gata4_chr14_5749	0.00046425501932390034
shendure	nb	EpiblastPrimitiveStreak	Gata4_chr14_5752	6.399797712219879e-05
shendure	nb	EpiblastPrimitiveStreak	Gata4_chr14_5760	2.2954833184485324e-05
shendure	nb	EpiblastPrimitiveStreak	Gata4_chr14_5762	5.387368673837045e-06
shendure	nb	EpiblastPrimitiveStreak	Gata4_chr14_5763	1.7929198293131776e-05
shendure	nb	EpiblastPrimitiveStreak	Gata4_chr14_5776	0.00011211500532226637
shendure	nb	EpiblastPrimitiveStreak	Gata4_chr14_5779	4.264477320248261e-05
shendure	nb	EpiblastPrimitiveStreak	Igfbp4_chr11_16694	6.379444675985724e-05
shendure	nb	EpiblastPrimitiveStreak	Igfbp4_chr11_16710	0.0006342846318148077
shendure	nb	EpiblastPrimitiveStreak	Igfbp4_chr11_16711	0.0016346797347068787
shendure	nb	EpiblastPrimitiveStreak	Igfbp4_chr11_16716	0.00015705943224020302
shendure	nb	EpiblastPrimitiveStreak	Igfbp4_chr11_16728	0.0004133748007006943
shendure	nb	EpiblastPrimitiveStreak	Igfbp4_chr11_16735	0.0007749913493171334
shendure	nb	EpiblastPrimitiveStreak	Igfbp4_chr11_16738	0.00021632548305206
shendure	nb	EpiblastPrimitiveStreak	Igfbp4_chr11_16740	0.0005014891503378749
shendure	nb	EpiblastPrimitiveStreak	Igfbp4_chr11_16743	0.0004505356482695788
shendure	nb	EpiblastPrimitiveStreak	Igfbp4_chr11_16784	5.2981751650804654e-05
shendure	nb	EpiblastPrimitiveStreak	Klf4_chr4_3934	0.0003093696723226458
shendure	nb	EpiblastPrimitiveStreak	Klf4_chr4_3936	6.8122271841275506e-06
shendure	nb	EpiblastPrimitiveStreak	Klf4_chr4_3946	0.00011155081301694736
shendure	nb	EpiblastPrimitiveStreak	Klf4_chr4_3948	0.0029996049124747515
shendure	nb	EpiblastPrimitiveStreak	Klf4_chr4_3949	0.000306764617562294
shendure	nb	EpiblastPrimitiveStreak	Klf4_chr4_3951	0.00010640497202984989
shendure	nb	EpiblastPrimitiveStreak	Klf4_chr4_3952	5.833645445818547e-06
shendure	nb	EpiblastPrimitiveStreak	Klf4_chr4_3958	2.007634066103492e-05
shendure	nb	EpiblastPrimitiveStreak	Lama1_chr17_7784	8.856973727233708e-05
shendure	nb	EpiblastPrimitiveStreak	Lama1_chr17_7787	7.61588744353503e-05
shendure	nb	EpiblastPrimitiveStreak	Lama1_chr17_7788	3.24420616379939e-05
shendure	nb	EpiblastPrimitiveStreak	Lama1_chr17_7791	7.730437209829688e-05
shendure	nb	EpiblastPrimitiveStreak	Lama1_chr17_7793	0.0001748657232383266
shendure	nb	EpiblastPrimitiveStreak	Lama1_chr17_7799	2.449261592119001e-05
shendure	nb	EpiblastPrimitiveStreak	Lama1_chr17_7814	0.0003613781009335071
shendure	nb	EpiblastPrimitiveStreak	Lama1_chr17_7874	0.00018694913887884468
shendure	nb	EpiblastPrimitiveStreak	Lama1_chr17_7892	8.311231795232743e-06
shendure	nb	EpiblastPrimitiveStreak	Lama1_chr17_7907	8.73525277711451e-06
shendure	nb	EpiblastPrimitiveStreak	Lamb1_chr12_2182	8.700627950020134e-05
shendure	nb	EpiblastPrimitiveStreak	Lamb1_chr12_2183	0.0001063322342815809
shendure	nb	EpiblastPrimitiveStreak	Lamb1_chr12_2186	0.0004980384837836027
shendure	nb	EpiblastPrimitiveStreak	Lamb1_chr12_2189	8.235216955654323e-05
shendure	nb	EpiblastPrimitiveStreak	Lamb1_chr12_2196	4.58838394479244e-06
shendure	nb	EpiblastPrimitiveStreak	Lamb1_chr12_2203	1.9203420379199088e-05
shendure	nb	EpiblastPrimitiveStreak	Lamb1_chr12_2206	3.31252085743472e-05
shendure	nb	EpiblastPrimitiveStreak	Lamb1_chr12_2207	2.3973529096110724e-05
shendure	nb	EpiblastPrimitiveStreak	Lamb1_chr12_2210	0.0016723194858059287
shendure	nb	EpiblastPrimitiveStreak	Lamb1_chr12_2215	7.791907410137355e-05
shendure	nb	EpiblastPrimitiveStreak	Lamb1_chr12_2216	0.00016984797548502684
shendure	nb	EpiblastPrimitiveStreak	Lamb1_chr12_2238	1.1920991710212547e-05
shendure	nb	EpiblastPrimitiveStreak	Lamb1_chr12_2239	2.525188392610289e-05
shendure	nb	EpiblastPrimitiveStreak	Lamb1_chr12_2288	4.241959231876535e-06
shendure	nb	EpiblastPrimitiveStreak	Lamb1_chr12_2289	2.8004304112982936e-05
shendure	nb	EpiblastPrimitiveStreak	Lamb1_chr12_2296	0.000789567013271153
shendure	nb	EpiblastPrimitiveStreak	Lamc1_chr1_12127	4.009139956906438e-05
shendure	nb	EpiblastPrimitiveStreak	Lamc1_chr1_12152	4.0015886042965576e-05
shendure	nb	EpiblastPrimitiveStreak	Lamc1_chr1_12175	0.005127895623445511
shendure	nb	EpiblastPrimitiveStreak	Lamc1_chr1_12183	8.982420695247129e-06
shendure	nb	EpiblastPrimitiveStreak	Lamc1_chr1_12185	2.4517832571291365e-05
shendure	nb	EpiblastPrimitiveStreak	Lamc1_chr1_12188	0.00018796387303154916
shendure	nb	EpiblastPrimitiveStreak	Lamc1_chr1_12189	0.00016638499801047146
shendure	nb	EpiblastPrimitiveStreak	Lamc1_chr1_12193	3.5665616451296955e-05
shendure	nb	EpiblastPrimitiveStreak	Lamc1_chr1_12201	1.9514800442266278e-05
shendure	nb	EpiblastPrimitiveStreak	Map1b_chr13_9429	0.00017251758254133165
shendure	nb	EpiblastPrimitiveStreak	Map1b_chr13_9436	2.4470107746310532e-05
shendure	nb	EpiblastPrimitiveStreak	Map1b_chr13_9445	8.643050387036055e-05
shendure	nb	EpiblastPrimitiveStreak	Map1b_chr13_9447	0.0008763977093622088
shendure	nb	EpiblastPrimitiveStreak	Sox17_chr1_58	5.098817200632766e-05
shendure	nb	EpiblastPrimitiveStreak	Sox17_chr1_59	1.7370168279740028e-05
shendure	nb	EpiblastPrimitiveStreak	Sox17_chr1_60	3.995106089860201e-05
shendure	nb	EpiblastPrimitiveStreak	Sox17_chr1_65	6.88883155817166e-05
shendure	nb	EpiblastPrimitiveStreak	Sox17_chr1_67	0.0001771265233401209
shendure	nb	EpiblastPrimitiveStreak	Sox17_chr1_68	1.7261934772250243e-05
shendure	nb	EpiblastPrimitiveStreak	Sox17_chr1_69	1.583773882884998e-05
shendure	nb	EpiblastPrimitiveStreak	Sox17_chr1_73	5.3373620175989345e-05
shendure	nb	EpiblastPrimitiveStreak	Sox17_chr1_77	9.213423618348315e-05
shendure	nb	EpiblastPrimitiveStreak	Sox17_chr1_78	4.891665867035044e-06
shendure	nb	EpiblastPrimitiveStreak	Sox17_chr1_82	5.7384757383260876e-05
shendure	nb	EpiblastPrimitiveStreak	Sox17_chr1_83	3.696948624565266e-05
shendure	nb	EpiblastPrimitiveStreak	Sox2_chr3_2005	6.0470782045740634e-05
shendure	nb	EpiblastPrimitiveStreak	Sox2_chr3_2007	0.0009787605376914144
shendure	nb	EpiblastPrimitiveStreak	Sox2_chr3_2008	6.753425259375945e-05
shendure	nb	EpiblastPrimitiveStreak	Sox2_chr3_2009	0.00012769034947268665
shendure	nb	EpiblastPrimitiveStreak	Sox4_chr13_2052	0.0006495086709037423
shendure	nb	EpiblastPrimitiveStreak	Sox4_chr13_2054	2.970309833472129e-05
shendure	nb	EpiblastPrimitiveStreak	Sox4_chr13_2055	0.00044338515726849437
shendure	nb	EpiblastPrimitiveStreak	Sox4_chr13_2057	1.6371850506402552e-05
shendure	nb	EpiblastPrimitiveStreak	Sparc_chr11_7180	4.178554445388727e-05
shendure	nb	EpiblastPrimitiveStreak	Sparc_chr11_7182	1.0399994607723784e-05
shendure	nb	EpiblastPrimitiveStreak	Sparc_chr11_7195	0.00022666262520942837
shendure	nb	EpiblastPrimitiveStreak	Sparc_chr11_7198	1.4347845535667147e-05
shendure	nb	EpiblastPrimitiveStreak	Sparc_chr11_7199	3.224698957637884e-05
shendure	nb	EpiblastPrimitiveStreak	Sparc_chr11_7203	0.00014151164214126766
shendure	nb	EpiblastPrimitiveStreak	Sparc_chr11_7205	0.00037025270285084844
shendure	nb	EpiblastPrimitiveStreak	Sparc_chr11_7207	1.8766089851851575e-05
shendure	nb	EpiblastPrimitiveStreak	Sparc_chr11_7210	5.205058187129907e-05
shendure	nb	EpiblastPrimitiveStreak	Sparc_chr11_7211	0.00015293818432837725
shendure	nb	EpiblastPrimitiveStreak	Sparc_chr11_7213	3.4786633477779105e-05
shendure	nb	EpiblastPrimitiveStreak	Sparc_chr11_7230	0.0006245480035431683
shendure	nb	EpiblastPrimitiveStreak	Sparc_chr11_7233	3.910114537575282e-05
shendure	nb	EpiblastPrimitiveStreak	Sparc_chr11_7234	0.004982390441000462
shendure	nb	EpiblastPrimitiveStreak	Sparc_chr11_7235	0.006101019214838743
shendure	nb	EpiblastPrimitiveStreak	Sparc_chr11_7243	0.00012717167555820197
shendure	nb	EpiblastPrimitiveStreak	Tgfbi_chr13_5692	0.0007952892920002341
shendure	nb	EpiblastPrimitiveStreak	Tgfbi_chr13_5701	4.4895739847561345e-05
shendure	nb	EpiblastPrimitiveStreak	Tgfbi_chr13_5705	0.0017987994942814112
shendure	nb	EpiblastPrimitiveStreak	Tgfbi_chr13_5711	8.913181773095857e-06
shendure	nb	EpiblastPrimitiveStreak	Tgfbi_chr13_5724	6.479405419668183e-05
shendure	nb	EpiblastPrimitiveStreak	Tgfbi_chr13_5735	4.440558404894546e-05
shendure	nb	EpiblastPrimitiveStreak	Tgfbi_chr13_5741	0.0052876840345561504
shendure	nb	EpiblastPrimitiveStreak	Tubb2b_chr13_2557	6.432754889829084e-05
shendure	nb	EpiblastPrimitiveStreak	Tubb2b_chr13_2568	0.0018055452965199947
shendure	nb	EpiblastPrimitiveStreak	Tubb2b_chr13_2572	4.874061050941236e-05
shendure	nb	EpiblastPrimitiveStreak	Tubb2b_chr13_2576	0.013469122350215912
shendure	nb	EpiblastPrimitiveStreak	Tubb2b_chr13_2577	4.740443910122849e-05
shendure	nb	EpiblastPrimitiveStreak	Tubb2b_chr13_2578	6.759984535165131e-05
shendure	nb	EpiblastPrimitiveStreak	Tubb2b_chr13_2580	6.494073750218377e-05
shendure	nb	EpiblastPrimitiveStreak	Tubb2b_chr13_2583	5.1380335207795724e-05
shendure	nb	EpiblastPrimitiveStreak	Tubb2b_chr13_2590	0.0003053172549698502
shendure	nb	EpiblastPrimitiveStreak	Txndc12_chr4_7951	0.00017914386990014464
shendure	nb	EpiblastPrimitiveStreak	Txndc12_chr4_7961	0.0001698320993455127
shendure	nb	EpiblastPrimitiveStreak	Txndc12_chr4_7962	0.0009325972059741616
shendure	nb	EpiblastPrimitiveStreak	Txndc12_chr4_7969	3.6644170904764906e-05
shendure	nb	EpiblastPrimitiveStreak	Txndc12_chr4_7971	4.591708420775831e-05
shendure	nb	EpiblastPrimitiveStreak	Txndc12_chr4_7973	0.004795375745743513
shendure	nb	EpiblastPrimitiveStreak	Txndc12_chr4_7975	8.615672413725406e-05
shendure	nb	EpiblastPrimitiveStreak	Txndc12_chr4_7978	0.0036457052920013666
shendure	nb	EpiblastPrimitiveStreak	eef1aP	0.7658215165138245
shendure	nb	EpiblastPrimitiveStreak	pgk1P	0.37672775983810425
shendure	nb	EpiblastPrimitiveStreak	ubcP	0.11458072066307068
shendure	nb	ExEndodermVisceral	reference	0.00021241832291707397
shendure	nb	ExEndodermVisceral	Bend5_chr4_8168	2.508739726181375e-06
shendure	nb	ExEndodermVisceral	Bend5_chr4_8170	4.2510469029366504e-06
shendure	nb	ExEndodermVisceral	Bend5_chr4_8172	3.4458446407370502e-06
shendure	nb	ExEndodermVisceral	Bend5_chr4_8174	0.00015794503269717097
shendure	nb	ExEndodermVisceral	Bend5_chr4_8175	0.0005085048032924533
shendure	nb	ExEndodermVisceral	Bend5_chr4_8179	0.00012370815966278315
shendure	nb	ExEndodermVisceral	Bend5_chr4_8192	6.846563792350935e-06
shendure	nb	ExEndodermVisceral	Bend5_chr4_8199	0.00012370874173939228
shendure	nb	ExEndodermVisceral	Bend5_chr4_8201	0.00012823058932553977
shendure	nb	ExEndodermVisceral	Btg1_chr10_9572	3.97575058741495e-06
shendure	nb	ExEndodermVisceral	Btg1_chr10_9578	0.0028298762626945972
shendure	nb	ExEndodermVisceral	Btg1_chr10_9588	2.02601859200513e-06
shendure	nb	ExEndodermVisceral	Btg1_chr10_9593	4.1003688238561153e-05
shendure	nb	ExEndodermVisceral	Btg1_chr10_9612	2.024500645347871e-06
shendure	nb	ExEndodermVisceral	Btg1_chr10_9613	5.676709406543523e-06
shendure	nb	ExEndodermVisceral	Cdk5r1_chr11_12559	0.00016331393271684647
shendure	nb	ExEndodermVisceral	Cdk5r1_chr11_12562	0.0005423148395493627
shendure	nb	ExEndodermVisceral	Cdk5r1_chr11_12574	0.0029647403862327337
shendure	nb	ExEndodermVisceral	Cdk5r1_chr11_12575	3.0457233151537366e-05
shendure	nb	ExEndodermVisceral	Cdk5r1_chr11_12582	0.00010894616571022198
shendure	nb	ExEndodermVisceral	Cdk5r1_chr11_12590	2.3428647182299756e-06
shendure	nb	ExEndodermVisceral	Cdk5r1_chr11_12595	3.105425776084303e-06
shendure	nb	ExEndodermVisceral	Cited2_chr10_1239	6.999633569648722e-06
shendure	nb	ExEndodermVisceral	Cited2_chr10_1246	3.655104956123978e-05
shendure	nb	ExEndodermVisceral	Cited2_chr10_1248	3.0594915187975857e-06
shendure	nb	ExEndodermVisceral	Cited2_chr10_1253	5.1911527407355607e-05
shendure	nb	ExEndodermVisceral	Cited2_chr10_1254	0.0008588481578044593
shendure	nb	ExEndodermVisceral	Cited2_chr10_1267	2.434873385936953e-05
shendure	nb	ExEndodermVisceral	Cited2_chr10_1270	8.823936695989687e-06
shendure	nb	ExEndodermVisceral	Col1a1_chr11_15258	4.0352853829972446e-05
shendure	nb	ExEndodermVisceral	Col1a1_chr11_15259	7.0801511355966795e-06
shendure	nb	ExEndodermVisceral	Col1a1_chr11_15269	2.104832447002991e-06
shendure	nb	ExEndodermVisceral	Col1a1_chr11_15270	3.846584149869159e-05
shendure	nb	ExEndodermVisceral	Col1a1_chr11_15273	2.1550285964622162e-06
shendure	nb	ExEndodermVisceral	Col1a1_chr11_15275	4.130451998207718e-05
shendure	nb	ExEndodermVisceral	Col1a1_chr11_15276	9.761717956280336e-05
shendure	nb	ExEndodermVisceral	Col1a1_chr11_15301	3.217998892068863e-05
shendure	nb	ExEndodermVisceral	Col1a1_chr11_15307	0.0002842251560650766
shendure	nb	ExEndodermVisceral	Col1a1_chr11_15316	0.00014956046652514488
shendure	nb	ExEndodermVisceral	Col1a1_chr11_15322	7.72657513152808e-05
shendure	nb	ExEndodermVisceral	Col1a2_chr6_72	2.7010732992494013e-06
shendure	nb	ExEndodermVisceral	Col1a2_chr6_73	1.1391633961466141e-05
shendure	nb	ExEndodermVisceral	Col1a2_chr6_77	5.655579298036173e-05
shendure	nb	ExEndodermVisceral	Col1a2_chr6_88	2.372549033680116e-06
shendure	nb	ExEndodermVisceral	Col1a2_chr6_93	0.0001963454415090382
shendure	nb	ExEndodermVisceral	Col5a1_chr2_2558	1.2188592336315196e-05
shendure	nb	ExEndodermVisceral	Col5a1_chr2_2562	2.128232381437556e-06
shendure	nb	ExEndodermVisceral	Col5a1_chr2_2565	1.6519600194442319e-06
shendure	nb	ExEndodermVisceral	Col5a1_chr2_2571	2.0458181097637862e-05
shendure	nb	ExEndodermVisceral	Col5a1_chr2_2575	0.00026278183213435113
shendure	nb	ExEndodermVisceral	Col5a1_chr2_2576	6.441139703383669e-05
shendure	nb	ExEndodermVisceral	Col5a1_chr2_2586	1.3867074812878855e-05
shendure	nb	ExEndodermVisceral	Epas1_chr17_10056	1.0201126315223519e-05
shendure	nb	ExEndodermVisceral	Epas1_chr17_10057	1.0070978532894515e-05
shendure	nb	ExEndodermVisceral	Epas1_chr17_10061	6.940821913303807e-05
shendure	nb	ExEndodermVisceral	Epas1_chr17_10063	0.0002129842760041356
shendure	nb	ExEndodermVisceral	Epas1_chr17_10064	5.132012120157015e-06
shendure	nb	ExEndodermVisceral	Epas1_chr17_10066	7.149895100155845e-05
shendure	nb	ExEndodermVisceral	Epas1_chr17_10070	0.0004870332486461848
shendure	nb	ExEndodermVisceral	Epas1_chr17_10071	0.00011415739572839811
shendure	nb	ExEndodermVisceral	Epas1_chr17_10116	1.677701948210597e-05
shendure	nb	ExEndodermVisceral	Foxa2_chr2_13806	5.717545263905777e-06
shendure	nb	ExEndodermVisceral	Foxa2_chr2_13808	0.00010066172399092466
shendure	nb	ExEndodermVisceral	Foxa2_chr2_13812	2.253188540635165e-06
shendure	nb	ExEndodermVisceral	Foxa2_chr2_13818	5.926210360485129e-05
shendure	nb	ExEndodermVisceral	Foxa2_chr2_13820	0.001325592864304781
shendure	nb	ExEndodermVisceral	Foxa2_chr2_13830	2.2909814560989616e-06
shendure	nb	ExEndodermVisceral	Foxa2_chr2_13835	1.74119631992653e-05
shendure	nb	ExEndodermVisceral	Foxa2_chr2_13840	0.00027865200536325574
shendure	nb	ExEndodermVisceral	Foxa2_chr2_13841	2.8052792913513258e-05
shendure	nb	ExEndodermVisceral	Foxa2_chr2_13856	3.6741710118803894e-06
shendure	nb	ExEndodermVisceral	Foxa2_chr2_13858	0.0008763062651269138
shendure	nb	ExEndodermVisceral	Foxa2_chr2_13861	1.566850869494374e-06
shendure	nb	ExEndodermVisceral	Foxa2_chr2_13862	2.937513818324078e-05
shendure	nb	ExEndodermVisceral	Gata4_chr14_5677	0.0006755499052815139
shendure	nb	ExEndodermVisceral	Gata4_chr14_5693	2.285134542034939e-05
shendure	nb	ExEndodermVisceral	Gata4_chr14_5710	1.7312836462224368e-06
shendure	nb	ExEndodermVisceral	Gata4_chr14_5714	2.5158880816888995e-05
shendure	nb	ExEndodermVisceral	Gata4_chr14_5729	0.00016963217058219016
shendure	nb	ExEndodermVisceral	Gata4_chr14_5742	0.0013517120387405157
shendure	nb	ExEndodermVisceral	Gata4_chr14_5749	0.00013888112152926624
shendure	nb	ExEndodermVisceral	Gata4_chr14_5752	1.5359402141257306e-06
shendure	nb	ExEndodermVisceral	Gata4_chr14_5760	9.412436156708281e-06
shendure	nb	ExEndodermVisceral	Gata4_chr14_5762	3.009445890711504e-06
shendure	nb	ExEndodermVisceral	Gata4_chr14_5763	8.854672159941401e-06
shendure	nb	ExEndodermVisceral	Gata4_chr14_5776	0.00014206142805051059
shendure	nb	ExEndodermVisceral	Gata4_chr14_5779	2.6863101538765477e-06
shendure	nb	ExEndodermVisceral	Igfbp4_chr11_16694	6.229466816876084e-05
shendure	nb	ExEndodermVisceral	Igfbp4_chr11_16710	0.00011894855560967699
shendure	nb	ExEndodermVisceral	Igfbp4_chr11_16711	0.00026783059001900256
shendure	nb	ExEndodermVisceral	Igfbp4_chr11_16716	2.53098301072896e-06
shendure	nb	ExEndodermVisceral	Igfbp4_chr11_16728	0.00011637887655524537
shendure	nb	ExEndodermVisceral	Igfbp4_chr11_16735	0.000114681817649398
shendure	nb	ExEndodermVisceral	Igfbp4_chr11_16738	8.428443834418431e-05
shendure	nb	ExEndodermVisceral	Igfbp4_chr11_16740	0.00018596438167151064
shendure	nb	ExEndodermVisceral	Igfbp4_chr11_16743	0.00010825298522831872
shendure	nb	ExEndodermVisceral	Igfbp4_chr11_16784	2.3501117539126426e-05
shendure	nb	ExEndodermVisceral	Klf4_chr4_3934	8.672106196172535e-05
shendure	nb	ExEndodermVisceral	Klf4_chr4_3936	3.6217577417119173e-06
shendure	nb	ExEndodermVisceral	Klf4_chr4_3946	1.577999682922382e-05
shendure	nb	ExEndodermVisceral	Klf4_chr4_3948	0.0020335372537374496
shendure	nb	ExEndodermVisceral	Klf4_chr4_3949	0.0001305005862377584
shendure	nb	ExEndodermVisceral	Klf4_chr4_3951	2.7763722755480558e-05
shendure	nb	ExEndodermVisceral	Klf4_chr4_3952	3.323587634440628e-06
shendure	nb	ExEndodermVisceral	Klf4_chr4_3958	2.9041964808129705e-05
shendure	nb	ExEndodermVisceral	Lama1_chr17_7784	0.0028628709260374308
shendure	nb	ExEndodermVisceral	Lama1_chr17_7787	6.572938673343742e-06
shendure	nb	ExEndodermVisceral	Lama1_chr17_7788	0.00021523873147089034
shendure	nb	ExEndodermVisceral	Lama1_chr17_7791	4.925087523588445e-06
shendure	nb	ExEndodermVisceral	Lama1_chr17_7793	0.00028422815375961363
shendure	nb	ExEndodermVisceral	Lama1_chr17_7799	2.078797024296364e-06
shendure	nb	ExEndodermVisceral	Lama1_chr17_7814	0.00019995430193375796
shendure	nb	ExEndodermVisceral	Lama1_chr17_7874	3.021200063813012e-05
shendure	nb	ExEndodermVisceral	Lama1_chr17_7892	5.253940344118746e-06
shendure	nb	ExEndodermVisceral	Lama1_chr17_7907	4.981935944670113e-06
shendure	nb	ExEndodermVisceral	Lamb1_chr12_2182	3.462298764134175e-06
shendure	nb	ExEndodermVisceral	Lamb1_chr12_2183	6.553032289957628e-05
shendure	nb	ExEndodermVisceral	Lamb1_chr12_2186	0.0001466695248382166
shendure	nb	ExEndodermVisceral	Lamb1_chr12_2189	3.191042878825101e-06
shendure	nb	ExEndodermVisceral	Lamb1_chr12_2196	4.030781929031946e-05
shendure	nb	ExEndodermVisceral	Lamb1_chr12_2203	3.97403709939681e-06
shendure	nb	ExEndodermVisceral	Lamb1_chr12_2206	5.151022378413472e-06
shendure	nb	ExEndodermVisceral	Lamb1_chr12_2207	3.6205419746693224e-06
shendure	nb	ExEndodermVisceral	Lamb1_chr12_2210	0.00026033681933768094
shendure	nb	ExEndodermVisceral	Lamb1_chr12_2215	1.809805144148413e-05
shendure	nb	ExEndodermVisceral	Lamb1_chr12_2216	4.889801857643761e-05
shendure	nb	ExEndodermVisceral	Lamb1_chr12_2238	2.455425146763446e-06
shendure	nb	ExEndodermVisceral	Lamb1_chr12_2239	9.234191384166479e-05
shendure	nb	ExEndodermVisceral	Lamb1_chr12_2288	1.403937039867742e-05
shendure	nb	ExEndodermVisceral	Lamb1_chr12_2289	2.33716514230764e-06
shendure	nb	ExEndodermVisceral	Lamb1_chr12_2296	0.0002859796804841608
shendure	nb	ExEndodermVisceral	Lamc1_chr1_12127	4.879262633039616e-06
shendure	nb	ExEndodermVisceral	Lamc1_chr1_12152	3.571595516405068e-05
shendure	nb	ExEndodermVisceral	Lamc1_chr1_12175	0.0012832143111154437
shendure	nb	ExEndodermVisceral	Lamc1_chr1_12183	5.4072415878181346e-06
shendure	nb	ExEndodermVisceral	Lamc1_chr1_12185	1.784021696948912e-05
shendure	nb	ExEndodermVisceral	Lamc1_chr1_12188	8.66201844473835e-06
shendure	nb	ExEndodermVisceral	Lamc1_chr1_12189	0.00011891317262779921
shendure	nb	ExEndodermVisceral	Lamc1_chr1_12193	3.403866503504105e-05
shendure	nb	ExEndodermVisceral	Lamc1_chr1_12201	1.3181939721107483e-05
shendure	nb	ExEndodermVisceral	Map1b_chr13_9429	3.079011003137566e-05
shendure	nb	ExEndodermVisceral	Map1b_chr13_9436	3.0663443340017693e-06
shendure	nb	ExEndodermVisceral	Map1b_chr13_9445	3.819282210315578e-05
shendure	nb	ExEndodermVisceral	Map1b_chr13_9447	0.00023230104125104845
shendure	nb	ExEndodermVisceral	Sox17_chr1_58	5.096347740618512e-05
shendure	nb	ExEndodermVisceral	Sox17_chr1_59	1.7687772242425126e-06
shendure	nb	ExEndodermVisceral	Sox17_chr1_60	3.423123189350008e-06
shendure	nb	ExEndodermVisceral	Sox17_chr1_65	2.8861197279184125e-05
shendure	nb	ExEndodermVisceral	Sox17_chr1_67	6.228539859876037e-05
shendure	nb	ExEndodermVisceral	Sox17_chr1_68	1.108877404476516e-05
shendure	nb	ExEndodermVisceral	Sox17_chr1_69	8.359547791769728e-06
shendure	nb	ExEndodermVisceral	Sox17_chr1_73	3.700389697769424e-06
shendure	nb	ExEndodermVisceral	Sox17_chr1_77	8.904714923119172e-05
shendure	nb	ExEndodermVisceral	Sox17_chr1_78	1.2362388588371687e-05
shendure	nb	ExEndodermVisceral	Sox17_chr1_82	5.0250357162440196e-05
shendure	nb	ExEndodermVisceral	Sox17_chr1_83	3.0868475278111873e-06
shendure	nb	ExEndodermVisceral	Sox2_chr3_2005	2.94009532808559e-05
shendure	nb	ExEndodermVisceral	Sox2_chr3_2007	0.0001296295813517645
shendure	nb	ExEndodermVisceral	Sox2_chr3_2008	2.60272986452037e-06
shendure	nb	ExEndodermVisceral	Sox2_chr3_2009	1.3345949810172897e-05
shendure	nb	ExEndodermVisceral	Sox4_chr13_2052	0.00019865571812260896
shendure	nb	ExEndodermVisceral	Sox4_chr13_2054	5.893304660276044e-06
shendure	nb	ExEndodermVisceral	Sox4_chr13_2055	0.00024510902585461736
shendure	nb	ExEndodermVisceral	Sox4_chr13_2057	1.708480340312235e-06
shendure	nb	ExEndodermVisceral	Sparc_chr11_7180	2.1507887595362263e-06
shendure	nb	ExEndodermVisceral	Sparc_chr11_7182	5.991884336253861e-06
shendure	nb	ExEndodermVisceral	Sparc_chr11_7195	0.00022786766930948943
shendure	nb	ExEndodermVisceral	Sparc_chr11_7198	1.634782529436052e-05
shendure	nb	ExEndodermVisceral	Sparc_chr11_7199	4.978744527761592e-06
shendure	nb	ExEndodermVisceral	Sparc_chr11_7203	6.081430910853669e-05
shendure	nb	ExEndodermVisceral	Sparc_chr11_7205	0.0001293313835049048
shendure	nb	ExEndodermVisceral	Sparc_chr11_7207	3.7630379665642977e-06
shendure	nb	ExEndodermVisceral	Sparc_chr11_7210	7.152015314204618e-05
shendure	nb	ExEndodermVisceral	Sparc_chr11_7211	0.0008323662914335728
shendure	nb	ExEndodermVisceral	Sparc_chr11_7213	2.582994056865573e-05
shendure	nb	ExEndodermVisceral	Sparc_chr11_7230	0.00038571894401684403
shendure	nb	ExEndodermVisceral	Sparc_chr11_7233	5.011757821193896e-06
shendure	nb	ExEndodermVisceral	Sparc_chr11_7234	0.0007905461825430393
shendure	nb	ExEndodermVisceral	Sparc_chr11_7235	0.002083935309201479
shendure	nb	ExEndodermVisceral	Sparc_chr11_7243	6.706834392389283e-05
shendure	nb	ExEndodermVisceral	Tgfbi_chr13_5692	0.0001476593897677958
shendure	nb	ExEndodermVisceral	Tgfbi_chr13_5701	6.156761810416356e-05
shendure	nb	ExEndodermVisceral	Tgfbi_chr13_5705	0.00023242711904458702
shendure	nb	ExEndodermVisceral	Tgfbi_chr13_5711	5.034152309235651e-06
shendure	nb	ExEndodermVisceral	Tgfbi_chr13_5724	4.38243368989788e-05
shendure	nb	ExEndodermVisceral	Tgfbi_chr13_5735	6.95902926963754e-05
shendure	nb	ExEndodermVisceral	Tgfbi_chr13_5741	0.0018647105898708105
shendure	nb	ExEndodermVisceral	Tubb2b_chr13_2557	1.1989444828941487e-05
shendure	nb	ExEndodermVisceral	Tubb2b_chr13_2568	0.0007610555621795356
shendure	nb	ExEndodermVisceral	Tubb2b_chr13_2572	1.6236484952969477e-05
shendure	nb	ExEndodermVisceral	Tubb2b_chr13_2576	0.0026385297533124685
shendure	nb	ExEndodermVisceral	Tubb2b_chr13_2577	1.7177004338009283e-05
shendure	nb	ExEndodermVisceral	Tubb2b_chr13_2578	1.7065305655705743e-05
shendure	nb	ExEndodermVisceral	Tubb2b_chr13_2580	7.270805508596823e-05
shendure	nb	ExEndodermVisceral	Tubb2b_chr13_2583	3.378272958798334e-05
shendure	nb	ExEndodermVisceral	Tubb2b_chr13_2590	7.73011997807771e-05
shendure	nb	ExEndodermVisceral	Txndc12_chr4_7951	3.0382936529349536e-05
shendure	nb	ExEndodermVisceral	Txndc12_chr4_7961	7.935887697385624e-05
shendure	nb	ExEndodermVisceral	Txndc12_chr4_7962	0.0002880836254917085
shendure	nb	ExEndodermVisceral	Txndc12_chr4_7969	0.0001492546871304512
shendure	nb	ExEndodermVisceral	Txndc12_chr4_7971	7.311622175620869e-05
shendure	nb	ExEndodermVisceral	Txndc12_chr4_7973	0.0024383384734392166
shendure	nb	ExEndodermVisceral	Txndc12_chr4_7975	1.975982559088152e-05
shendure	nb	ExEndodermVisceral	Txndc12_chr4_7978	0.0004330189840402454
shendure	nb	ExEndodermVisceral	eef1aP	0.27140310406684875
shendure	nb	ExEndodermVisceral	pgk1P	0.14204497635364532
shendure	nb	ExEndodermVisceral	ubcP	0.06572190672159195
shendure	nb	NeuroectodermRostral	reference	8.29831842565909e-05
shendure	nb	NeuroectodermRostral	Bend5_chr4_8168	1.577422608534107e-06
shendure	nb	NeuroectodermRostral	Bend5_chr4_8170	2.5550580176059157e-06
shendure	nb	NeuroectodermRostral	Bend5_chr4_8172	2.0751188003487187e-06
shendure	nb	NeuroectodermRostral	Bend5_chr4_8174	8.361153049918357e-07
shendure	nb	NeuroectodermRostral	Bend5_chr4_8175	0.0015412881039083004
shendure	nb	NeuroectodermRostral	Bend5_chr4_8179	1.856454105109151e-06
shendure	nb	NeuroectodermRostral	Bend5_chr4_8192	1.1643437574093696e-06
shendure	nb	NeuroectodermRostral	Bend5_chr4_8199	8.942337785811105e-07
shendure	nb	NeuroectodermRostral	Bend5_chr4_8201	9.609286735212663e-07
shendure	nb	NeuroectodermRostral	Btg1_chr10_9572	2.5076608380913967e-06
shendure	nb	NeuroectodermRostral	Btg1_chr10_9578	0.0018846800085157156
shendure	nb	NeuroectodermRostral	Btg1_chr10_9588	1.3479009339789627e-06
shendure	nb	NeuroectodermRostral	Btg1_chr10_9593	9.285118380830681e-07
shendure	nb	NeuroectodermRostral	Btg1_chr10_9612	1.3460114587360295e-06
shendure	nb	NeuroectodermRostral	Btg1_chr10_9613	3.083852107010898e-06
shendure	nb	NeuroectodermRostral	Cdk5r1_chr11_12559	0.00022435738355852664
shendure	nb	NeuroectodermRostral	Cdk5r1_chr11_12562	0.0004805224889423698
shendure	nb	NeuroectodermRostral	Cdk5r1_chr11_12574	0.001254099071957171
shendure	nb	NeuroectodermRostral	Cdk5r1_chr11_12575	8.574368166591739e-07
shendure	nb	NeuroectodermRostral	Cdk5r1_chr11_12582	0.0013959852512925863
shendure	nb	NeuroectodermRostral	Cdk5r1_chr11_12590	9.778191451914608e-05
shendure	nb	NeuroectodermRostral	Cdk5r1_chr11_12595	1.8171525653087883e-06
shendure	nb	NeuroectodermRostral	Cited2_chr10_1239	3.6095959785598097e-06
shendure	nb	NeuroectodermRostral	Cited2_chr10_1246	3.5330181162862573e-06
shendure	nb	NeuroectodermRostral	Cited2_chr10_1248	2.005749820455094e-06
shendure	nb	NeuroectodermRostral	Cited2_chr10_1253	2.426837227176293e-06
shendure	nb	NeuroectodermRostral	Cited2_chr10_1254	0.0010932695586234331
shendure	nb	NeuroectodermRostral	Cited2_chr10_1267	1.030025714499061e-06
shendure	nb	NeuroectodermRostral	Cited2_chr10_1270	4.753546818392351e-06
shendure	nb	NeuroectodermRostral	Col1a1_chr11_15258	3.5419227060629055e-05
shendure	nb	NeuroectodermRostral	Col1a1_chr11_15259	7.216948142740875e-05
shendure	nb	NeuroectodermRostral	Col1a1_chr11_15269	1.2914489389004302e-06
shendure	nb	NeuroectodermRostral	Col1a1_chr11_15270	4.615790385287255e-05
shendure	nb	NeuroectodermRostral	Col1a1_chr11_15273	1.4695119716634508e-06
shendure	nb	NeuroectodermRostral	Col1a1_chr11_15275	1.4207048479875084e-06
shendure	nb	NeuroectodermRostral	Col1a1_chr11_15276	0.002801146125420928
shendure	nb	NeuroectodermRostral	Col1a1_chr11_15301	3.8477232919831295e-06
shendure	nb	NeuroectodermRostral	Col1a1_chr11_15307	0.0010582591639831662
shendure	nb	NeuroectodermRostral	Col1a1_chr11_15316	1.7476734228694113e-06
shendure	nb	NeuroectodermRostral	Col1a1_chr11_15322	0.0002128890046151355
shendure	nb	NeuroectodermRostral	Col1a2_chr6_72	1.7218259245055378e-06
shendure	nb	NeuroectodermRostral	Col1a2_chr6_73	1.294417984354368e-06
shendure	nb	NeuroectodermRostral	Col1a2_chr6_77	7.894046802903176e-07
shendure	nb	NeuroectodermRostral	Col1a2_chr6_88	1.4162623074298608e-06
shendure	nb	NeuroectodermRostral	Col1a2_chr6_93	6.542058599734446e-06
shendure	nb	NeuroectodermRostral	Col5a1_chr2_2558	9.011193355945579e-07
shendure	nb	NeuroectodermRostral	Col5a1_chr2_2562	1.4588300700779655e-06
shendure	nb	NeuroectodermRostral	Col5a1_chr2_2565	3.25475812132936e-05
shendure	nb	NeuroectodermRostral	Col5a1_chr2_2571	2.2832034574093996e-06
shendure	nb	NeuroectodermRostral	Col5a1_chr2_2575	0.0003475940611679107
shendure	nb	NeuroectodermRostral	Col5a1_chr2_2576	4.41202282672748e-05
shendure	nb	NeuroectodermRostral	Col5a1_chr2_2586	1.5368018466688227e-06
shendure	nb	NeuroectodermRostral	Epas1_chr17_10056	3.516253491397947e-05
shendure	nb	NeuroectodermRostral	Epas1_chr17_10057	2.5085018933168612e-05
shendure	nb	NeuroectodermRostral	Epas1_chr17_10061	0.00010122555977432057
shendure	nb	NeuroectodermRostral	Epas1_chr17_10063	2.3781394702382386e-06
shendure	nb	NeuroectodermRostral	Epas1_chr17_10064	3.201241497663432e-06
shendure	nb	NeuroectodermRostral	Epas1_chr17_10066	1.3481992482411442e-06
shendure	nb	NeuroectodermRostral	Epas1_chr17_10070	0.0003297745424788445
shendure	nb	NeuroectodermRostral	Epas1_chr17_10071	1.880838112811034e-06
shendure	nb	NeuroectodermRostral	Epas1_chr17_10116	1.859019562289177e-06
shendure	nb	NeuroectodermRostral	Foxa2_chr2_13806	3.4719005270744674e-06
shendure	nb	NeuroectodermRostral	Foxa2_chr2_13808	1.578900537424488e-06
shendure	nb	NeuroectodermRostral	Foxa2_chr2_13812	1.3627753787659458e-06
shendure	nb	NeuroectodermRostral	Foxa2_chr2_13818	1.2712728221231373e-06
shendure	nb	NeuroectodermRostral	Foxa2_chr2_13820	2.453814886393957e-06
shendure	nb	NeuroectodermRostral	Foxa2_chr2_13830	1.5583374306515907e-06
shendure	nb	NeuroectodermRostral	Foxa2_chr2_13835	1.8626150222189608e-06
shendure	nb	NeuroectodermRostral	Foxa2_chr2_13840	0.00036383920814841986
shendure	nb	NeuroectodermRostral	Foxa2_chr2_13841	7.57727466407232e-05
shendure	nb	NeuroectodermRostral	Foxa2_chr2_13856	2.237001808680361e-06
shendure	nb	NeuroectodermRostral	Foxa2_chr2_13858	1.6447776260974933e-06
shendure	nb	NeuroectodermRostral	Foxa2_chr2_13861	1.0487077588550164e-06
shendure	nb	NeuroectodermRostral	Foxa2_chr2_13862	2.074576741506462e-06
shendure	nb	NeuroectodermRostral	Gata4_chr14_5677	0.002422499703243375
shendure	nb	NeuroectodermRostral	Gata4_chr14_5693	1.6588053313171258e-06
shendure	nb	NeuroectodermRostral	Gata4_chr14_5710	1.2397708815115038e-06
shendure	nb	NeuroectodermRostral	Gata4_chr14_5714	1.590576971466362e-06
shendure	nb	NeuroectodermRostral	Gata4_chr14_5729	1.8755755490929005e-06
shendure	nb	NeuroectodermRostral	Gata4_chr14_5742	0.000690512009896338
shendure	nb	NeuroectodermRostral	Gata4_chr14_5749	0.00021583955094683915
shendure	nb	NeuroectodermRostral	Gata4_chr14_5752	1.0241780046271742e-06
shendure	nb	NeuroectodermRostral	Gata4_chr14_5760	5.808594869449735e-05
shendure	nb	NeuroectodermRostral	Gata4_chr14_5762	2.009665649893577e-06
shendure	nb	NeuroectodermRostral	Gata4_chr14_5763	1.0803381655932753e-06
shendure	nb	NeuroectodermRostral	Gata4_chr14_5776	3.6102657759329304e-05
shendure	nb	NeuroectodermRostral	Gata4_chr14_5779	1.7594315977476072e-06
shendure	nb	NeuroectodermRostral	Igfbp4_chr11_16694	3.272359890615917e-06
shendure	nb	NeuroectodermRostral	Igfbp4_chr11_16710	5.5501688621006906e-05
shendure	nb	NeuroectodermRostral	Igfbp4_chr11_16711	0.0006280133966356516
shendure	nb	NeuroectodermRostral	Igfbp4_chr11_16716	0.00019765736942645162
shendure	nb	NeuroectodermRostral	Igfbp4_chr11_16728	0.00022112879378255457
shendure	nb	NeuroectodermRostral	Igfbp4_chr11_16735	1.8993807771039428e-06
shendure	nb	NeuroectodermRostral	Igfbp4_chr11_16738	0.00017866684356704354
shendure	nb	NeuroectodermRostral	Igfbp4_chr11_16740	0.000119714459287934
shendure	nb	NeuroectodermRostral	Igfbp4_chr11_16743	0.00013395739370025694
shendure	nb	NeuroectodermRostral	Igfbp4_chr11_16784	1.5605177168254158e-06
shendure	nb	NeuroectodermRostral	Klf4_chr4_3934	0.0001401263871230185
shendure	nb	NeuroectodermRostral	Klf4_chr4_3936	2.4510993625881383e-06
shendure	nb	NeuroectodermRostral	Klf4_chr4_3946	3.982203270425089e-05
shendure	nb	NeuroectodermRostral	Klf4_chr4_3948	0.0003723690751940012
shendure	nb	NeuroectodermRostral	Klf4_chr4_3949	0.00022038920724298805
shendure	nb	NeuroectodermRostral	Klf4_chr4_3951	5.209065056988038e-05
shendure	nb	NeuroectodermRostral	Klf4_chr4_3952	2.160469193768222e-06
shendure	nb	NeuroectodermRostral	Klf4_chr4_3958	1.9908775357180275e-06
shendure	nb	NeuroectodermRostral	Lama1_chr17_7784	1.5466307559108827e-06
shendure	nb	NeuroectodermRostral	Lama1_chr17_7787	3.6418844047148013e-06
shendure	nb	NeuroectodermRostral	Lama1_chr17_7788	1.8365941514275619e-06
shendure	nb	NeuroectodermRostral	Lama1_chr17_7791	2.879723524529254e-06
shendure	nb	NeuroectodermRostral	Lama1_chr17_7793	0.00017275812570005655
shendure	nb	NeuroectodermRostral	Lama1_chr17_7799	1.4046112255527987e-06
shendure	nb	NeuroectodermRostral	Lama1_chr17_7814	5.824676190968603e-05
shendure	nb	NeuroectodermRostral	Lama1_chr17_7874	2.886856009354233e-06
shendure	nb	NeuroectodermRostral	Lama1_chr17_7892	2.826605850714259e-06
shendure	nb	NeuroectodermRostral	Lama1_chr17_7907	2.965363592011272e-06
shendure	nb	NeuroectodermRostral	Lamb1_chr12_2182	2.2666865788778523e-06
shendure	nb	NeuroectodermRostral	Lamb1_chr12_2183	7.046454265946522e-05
shendure	nb	NeuroectodermRostral	Lamb1_chr12_2186	8.914393401937559e-05
shendure	nb	NeuroectodermRostral	Lamb1_chr12_2189	2.1148302948859055e-06
shendure	nb	NeuroectodermRostral	Lamb1_chr12_2196	1.6821260260257986e-06
shendure	nb	NeuroectodermRostral	Lamb1_chr12_2203	2.3639800019736867e-06
shendure	nb	NeuroectodermRostral	Lamb1_chr12_2206	2.9385323614405934e-06
shendure	nb	NeuroectodermRostral	Lamb1_chr12_2207	2.384125309617957e-06
shendure	nb	NeuroectodermRostral	Lamb1_chr12_2210	0.00015204121882561594
shendure	nb	NeuroectodermRostral	Lamb1_chr12_2215	2.675763198567438e-06
shendure	nb	NeuroectodermRostral	Lamb1_chr12_2216	4.675364834838547e-05
shendure	nb	NeuroectodermRostral	Lamb1_chr12_2238	1.5938081787680858e-06
shendure	nb	NeuroectodermRostral	Lamb1_chr12_2239	1.2673448281930177e-06
shendure	nb	NeuroectodermRostral	Lamb1_chr12_2288	1.5821170791241457e-06
shendure	nb	NeuroectodermRostral	Lamb1_chr12_2289	1.5386848417620058e-06
shendure	nb	NeuroectodermRostral	Lamb1_chr12_2296	0.0001336512650595978
shendure	nb	NeuroectodermRostral	Lamc1_chr1_12127	3.056490641029086e-06
shendure	nb	NeuroectodermRostral	Lamc1_chr1_12152	7.97948996478226e-06
shendure	nb	NeuroectodermRostral	Lamc1_chr1_12175	0.001096297288313508
shendure	nb	NeuroectodermRostral	Lamc1_chr1_12183	2.9348213956836844e-06
shendure	nb	NeuroectodermRostral	Lamc1_chr1_12185	9.90577291304362e-07
shendure	nb	NeuroectodermRostral	Lamc1_chr1_12188	4.800374426849885e-06
shendure	nb	NeuroectodermRostral	Lamc1_chr1_12189	1.6865528777998406e-06
shendure	nb	NeuroectodermRostral	Lamc1_chr1_12193	1.6866237046997412e-06
shendure	nb	NeuroectodermRostral	Lamc1_chr1_12201	1.9491985767672304e-06
shendure	nb	NeuroectodermRostral	Map1b_chr13_9429	8.511058695148677e-05
shendure	nb	NeuroectodermRostral	Map1b_chr13_9436	1.9453748336673016e-06
shendure	nb	NeuroectodermRostral	Map1b_chr13_9445	0.00025024221395142376
shendure	nb	NeuroectodermRostral	Map1b_chr13_9447	0.0003268205909989774
shendure	nb	NeuroectodermRostral	Sox17_chr1_58	1.5349519344454166e-06
shendure	nb	NeuroectodermRostral	Sox17_chr1_59	1.1387023732822854e-06
shendure	nb	NeuroectodermRostral	Sox17_chr1_60	2.157613380404655e-06
shendure	nb	NeuroectodermRostral	Sox17_chr1_65	9.428891644347459e-05
shendure	nb	NeuroectodermRostral	Sox17_chr1_67	1.3432646710498375e-06
shendure	nb	NeuroectodermRostral	Sox17_chr1_68	5.512522875505965e-06
shendure	nb	NeuroectodermRostral	Sox17_chr1_69	0.0004262279544491321
shendure	nb	NeuroectodermRostral	Sox17_chr1_73	2.3549882826046087e-06
shendure	nb	NeuroectodermRostral	Sox17_chr1_77	1.9680903733387822e-06
shendure	nb	NeuroectodermRostral	Sox17_chr1_78	1.7732697870087577e-06
shendure	nb	NeuroectodermRostral	Sox17_chr1_82	0.00015927947242744267
shendure	nb	NeuroectodermRostral	Sox17_chr1_83	1.952577349584317e-06
shendure	nb	NeuroectodermRostral	Sox2_chr3_2005	1.2562093161250232e-06
shendure	nb	NeuroectodermRostral	Sox2_chr3_2007	9.130396847467637e-07
shendure	nb	NeuroectodermRostral	Sox2_chr3_2008	1.707993192212598e-06
shendure	nb	NeuroectodermRostral	Sox2_chr3_2009	6.411893309632433e-07
shendure	nb	NeuroectodermRostral	Sox4_chr13_2052	0.00027904132730327547
shendure	nb	NeuroectodermRostral	Sox4_chr13_2054	9.879074696073076e-07
shendure	nb	NeuroectodermRostral	Sox4_chr13_2055	3.364591975696385e-05
shendure	nb	NeuroectodermRostral	Sox4_chr13_2057	0.00019767471530940384
shendure	nb	NeuroectodermRostral	Sparc_chr11_7180	1.4342364238473237e-06
shendure	nb	NeuroectodermRostral	Sparc_chr11_7182	3.718523430507048e-06
shendure	nb	NeuroectodermRostral	Sparc_chr11_7195	0.00010587496944935992
shendure	nb	NeuroectodermRostral	Sparc_chr11_7198	1.5048484556245967e-06
shendure	nb	NeuroectodermRostral	Sparc_chr11_7199	3.017342805833323e-06
shendure	nb	NeuroectodermRostral	Sparc_chr11_7203	1.7281595319218468e-06
shendure	nb	NeuroectodermRostral	Sparc_chr11_7205	2.60711331065977e-05
shendure	nb	NeuroectodermRostral	Sparc_chr11_7207	2.2773363070882624e-06
shendure	nb	NeuroectodermRostral	Sparc_chr11_7210	1.4131620673651923e-06
shendure	nb	NeuroectodermRostral	Sparc_chr11_7211	7.820942118996754e-05
shendure	nb	NeuroectodermRostral	Sparc_chr11_7213	2.5236340661649592e-06
shendure	nb	NeuroectodermRostral	Sparc_chr11_7230	0.00021135059068910778
shendure	nb	NeuroectodermRostral	Sparc_chr11_7233	2.8770880362571916e-06
shendure	nb	NeuroectodermRostral	Sparc_chr11_7234	0.000757624045945704
shendure	nb	NeuroectodermRostral	Sparc_chr11_7235	0.0008436103817075491
shendure	nb	NeuroectodermRostral	Sparc_chr11_7243	1.741049231895886e-06
shendure	nb	NeuroectodermRostral	Tgfbi_chr13_5692	0.0005624170880764723
shendure	nb	NeuroectodermRostral	Tgfbi_chr13_5701	2.7642256554827327e-06
shendure	nb	NeuroectodermRostral	Tgfbi_chr13_5705	0.0015840777195990086
shendure	nb	NeuroectodermRostral	Tgfbi_chr13_5711	6.146618397906423e-05
shendure	nb	NeuroectodermRostral	Tgfbi_chr13_5724	1.3616438536701025e-06
shendure	nb	NeuroectodermRostral	Tgfbi_chr13_5735	1.5408448916787165e-06
shendure	nb	NeuroectodermRostral	Tgfbi_chr13_5741	0.0015917144482955337
shendure	nb	NeuroectodermRostral	Tubb2b_chr13_2557	1.3561916603066493e-06
shendure	nb	NeuroectodermRostral	Tubb2b_chr13_2568	0.0008534308872185647
shendure	nb	NeuroectodermRostral	Tubb2b_chr13_2572	0.0002226842480013147
shendure	nb	NeuroectodermRostral	Tubb2b_chr13_2576	0.003671538783237338
shendure	nb	NeuroectodermRostral	Tubb2b_chr13_2577	0.0001505205873399973
shendure	nb	NeuroectodermRostral	Tubb2b_chr13_2578	4.7941681259544566e-05
shendure	nb	NeuroectodermRostral	Tubb2b_chr13_2580	0.00011769805132644251
shendure	nb	NeuroectodermRostral	Tubb2b_chr13_2583	0.0001548685395391658
shendure	nb	NeuroectodermRostral	Tubb2b_chr13_2590	1.5508829847021843e-06
shendure	nb	NeuroectodermRostral	Txndc12_chr4_7951	0.00010501758515601978
shendure	nb	NeuroectodermRostral	Txndc12_chr4_7961	0.0001050448336172849
shendure	nb	NeuroectodermRostral	Txndc12_chr4_7962	0.000450713763711974
shendure	nb	NeuroectodermRostral	Txndc12_chr4_7969	1.0531561201787554e-05
shendure	nb	NeuroectodermRostral	Txndc12_chr4_7971	2.2606451238971204e-05
shendure	nb	NeuroectodermRostral	Txndc12_chr4_7973	0.0005775510799139738
shendure	nb	NeuroectodermRostral	Txndc12_chr4_7975	2.0721167857118417e-06
shendure	nb	NeuroectodermRostral	Txndc12_chr4_7978	0.0015791559126228094
shendure	nb	NeuroectodermRostral	eef1aP	0.08141164481639862
shendure	nb	NeuroectodermRostral	pgk1P	0.0332360565662384
shendure	nb	NeuroectodermRostral	ubcP	0.030039262026548386
shendure	nb	Haematoendothelial	reference	0.0002058701211353764
shendure	nb	Haematoendothelial	Bend5_chr4_8168	1.96206929103937e-06
shendure	nb	Haematoendothelial	Bend5_chr4_8170	3.25610994877934e-06
shendure	nb	Haematoendothelial	Bend5_chr4_8172	2.637856823639595e-06
shendure	nb	Haematoendothelial	Bend5_chr4_8174	9.998501582231256e-07
shendure	nb	Haematoendothelial	Bend5_chr4_8175	0.0012059299042448401
shendure	nb	Haematoendothelial	Bend5_chr4_8179	2.244506731585716e-06
shendure	nb	Haematoendothelial	Bend5_chr4_8192	1.3783608210360399e-06
shendure	nb	Haematoendothelial	Bend5_chr4_8199	6.921210297150537e-05
shendure	nb	Haematoendothelial	Bend5_chr4_8201	6.644672248512506e-05
shendure	nb	Haematoendothelial	Btg1_chr10_9572	3.122751650153077e-06
shendure	nb	Haematoendothelial	Btg1_chr10_9578	0.00472645228728652
shendure	nb	Haematoendothelial	Btg1_chr10_9588	1.6271353615593398e-06
shendure	nb	Haematoendothelial	Btg1_chr10_9593	4.0282993722939864e-05
shendure	nb	Haematoendothelial	Btg1_chr10_9612	1.623481921342318e-06
shendure	nb	Haematoendothelial	Btg1_chr10_9613	4.156279828748666e-06
shendure	nb	Haematoendothelial	Cdk5r1_chr11_12559	0.000516367785166949
shendure	nb	Haematoendothelial	Cdk5r1_chr11_12562	0.0013053904986009002
shendure	nb	Haematoendothelial	Cdk5r1_chr11_12574	0.00402488186955452
shendure	nb	Haematoendothelial	Cdk5r1_chr11_12575	5.0493581511545926e-05
shendure	nb	Haematoendothelial	Cdk5r1_chr11_12582	0.0002832818136084825
shendure	nb	Haematoendothelial	Cdk5r1_chr11_12590	1.8469324913894525e-06
shendure	nb	Haematoendothelial	Cdk5r1_chr11_12595	2.327720494577079e-06
shendure	nb	Haematoendothelial	Cited2_chr10_1239	5.10287691213307e-06
shendure	nb	Haematoendothelial	Cited2_chr10_1246	4.653215000871569e-06
shendure	nb	Haematoendothelial	Cited2_chr10_1248	2.4274461338791298e-06
shendure	nb	Haematoendothelial	Cited2_chr10_1253	3.0328117190947523e-06
shendure	nb	Haematoendothelial	Cited2_chr10_1254	0.0017864061519503593
shendure	nb	Haematoendothelial	Cited2_chr10_1267	1.221136813001067e-06
shendure	nb	Haematoendothelial	Cited2_chr10_1270	6.595783361262875e-06
shendure	nb	Haematoendothelial	Col1a1_chr11_15258	1.4454867596214171e-06
shendure	nb	Haematoendothelial	Col1a1_chr11_15259	8.297329623019323e-05
shendure	nb	Haematoendothelial	Col1a1_chr11_15269	1.6211780575758894e-06
shendure	nb	Haematoendothelial	Col1a1_chr11_15270	0.00031217397190630436
shendure	nb	Haematoendothelial	Col1a1_chr11_15273	1.75257048340427e-06
shendure	nb	Haematoendothelial	Col1a1_chr11_15275	6.557109009008855e-05
shendure	nb	Haematoendothelial	Col1a1_chr11_15276	0.0001862155186245218
shendure	nb	Haematoendothelial	Col1a1_chr11_15301	5.447229796118336e-06
shendure	nb	Haematoendothelial	Col1a1_chr11_15307	0.000662311795167625
shendure	nb	Haematoendothelial	Col1a1_chr11_15316	9.793627395993099e-05
shendure	nb	Haematoendothelial	Col1a1_chr11_15322	0.0003983128408435732
shendure	nb	Haematoendothelial	Col1a2_chr6_72	2.1252590158837847e-06
shendure	nb	Haematoendothelial	Col1a2_chr6_73	5.8134384744334966e-05
shendure	nb	Haematoendothelial	Col1a2_chr6_77	3.1945062801241875e-05
shendure	nb	Haematoendothelial	Col1a2_chr6_88	1.8078719676850596e-06
shendure	nb	Haematoendothelial	Col1a2_chr6_93	0.0013103997334837914
shendure	nb	Haematoendothelial	Col5a1_chr2_2558	1.0914238828263478e-06
shendure	nb	Haematoendothelial	Col5a1_chr2_2562	1.7344965499432874e-06
shendure	nb	Haematoendothelial	Col5a1_chr2_2565	1.323322408097738e-06
shendure	nb	Haematoendothelial	Col5a1_chr2_2571	2.795009777400992e-06
shendure	nb	Haematoendothelial	Col5a1_chr2_2575	0.0006360227125696838
shendure	nb	Haematoendothelial	Col5a1_chr2_2576	0.0001097217173082754
shendure	nb	Haematoendothelial	Col5a1_chr2_2586	1.8939292658615159e-06
shendure	nb	Haematoendothelial	Epas1_chr17_10056	2.974326525873039e-05
shendure	nb	Haematoendothelial	Epas1_chr17_10057	1.8305315734323813e-06
shendure	nb	Haematoendothelial	Epas1_chr17_10061	9.030825458467007e-05
shendure	nb	Haematoendothelial	Epas1_chr17_10063	2.9042805635981495e-06
shendure	nb	Haematoendothelial	Epas1_chr17_10064	4.086437911610119e-06
shendure	nb	Haematoendothelial	Epas1_chr17_10066	1.6753380123191164e-06
shendure	nb	Haematoendothelial	Epas1_chr17_10070	0.0031685619615018368
shendure	nb	Haematoendothelial	Epas1_chr17_10071	0.0002432551555102691
shendure	nb	Haematoendothelial	Epas1_chr17_10116	2.283299181726761e-06
shendure	nb	Haematoendothelial	Foxa2_chr2_13806	4.477693892113166e-06
shendure	nb	Haematoendothelial	Foxa2_chr2_13808	1.940410811585025e-06
shendure	nb	Haematoendothelial	Foxa2_chr2_13812	1.7152065083791967e-06
shendure	nb	Haematoendothelial	Foxa2_chr2_13818	1.5243014104271424e-06
shendure	nb	Haematoendothelial	Foxa2_chr2_13820	9.335354843642563e-05
shendure	nb	Haematoendothelial	Foxa2_chr2_13830	1.8613170595926931e-06
shendure	nb	Haematoendothelial	Foxa2_chr2_13835	2.3193886136141373e-06
shendure	nb	Haematoendothelial	Foxa2_chr2_13840	0.00033186186919920146
shendure	nb	Haematoendothelial	Foxa2_chr2_13841	0.00010157369251828641
shendure	nb	Haematoendothelial	Foxa2_chr2_13856	0.00010979321086779237
shendure	nb	Haematoendothelial	Foxa2_chr2_13858	2.076225428027101e-06
shendure	nb	Haematoendothelial	Foxa2_chr2_13861	1.2672312550421339e-06
shendure	nb	Haematoendothelial	Foxa2_chr2_13862	7.643245771760121e-05
shendure	nb	Haematoendothelial	Gata4_chr14_5677	0.0008781714714132249
shendure	nb	Haematoendothelial	Gata4_chr14_5693	1.9620972580014495e-06
shendure	nb	Haematoendothelial	Gata4_chr14_5710	1.444220401936036e-06
shendure	nb	Haematoendothelial	Gata4_chr14_5714	1.839454853325151e-06
shendure	nb	Haematoendothelial	Gata4_chr14_5729	2.343982259844779e-06
shendure	nb	Haematoendothelial	Gata4_chr14_5742	0.0012344170827418566
shendure	nb	Haematoendothelial	Gata4_chr14_5749	0.0002190811646869406
shendure	nb	Haematoendothelial	Gata4_chr14_5752	1.2407051599439e-06
shendure	nb	Haematoendothelial	Gata4_chr14_5760	1.823768911890511e-06
shendure	nb	Haematoendothelial	Gata4_chr14_5762	2.4288910935865715e-06
shendure	nb	Haematoendothelial	Gata4_chr14_5763	1.2765248129653628e-06
shendure	nb	Haematoendothelial	Gata4_chr14_5776	0.00015936518320813775
shendure	nb	Haematoendothelial	Gata4_chr14_5779	2.13529074244434e-06
shendure	nb	Haematoendothelial	Igfbp4_chr11_16694	9.374654473504052e-05
shendure	nb	Haematoendothelial	Igfbp4_chr11_16710	0.0003925618948414922
shendure	nb	Haematoendothelial	Igfbp4_chr11_16711	0.00113980146124959
shendure	nb	Haematoendothelial	Igfbp4_chr11_16716	0.0002529045450501144
shendure	nb	Haematoendothelial	Igfbp4_chr11_16728	0.0001248255866812542
shendure	nb	Haematoendothelial	Igfbp4_chr11_16735	0.00018095175619237125
shendure	nb	Haematoendothelial	Igfbp4_chr11_16738	0.00017901255341712385
shendure	nb	Haematoendothelial	Igfbp4_chr11_16740	0.0012525332858785987
shendure	nb	Haematoendothelial	Igfbp4_chr11_16743	0.0014269083039835095
shendure	nb	Haematoendothelial	Igfbp4_chr11_16784	7.379312592092901e-05
shendure	nb	Haematoendothelial	Klf4_chr4_3934	0.0001401310582878068
shendure	nb	Haematoendothelial	Klf4_chr4_3936	2.9854165859433124e-06
shendure	nb	Haematoendothelial	Klf4_chr4_3946	4.3457879655761644e-05
shendure	nb	Haematoendothelial	Klf4_chr4_3948	0.0023992559872567654
shendure	nb	Haematoendothelial	Klf4_chr4_3949	0.0006577448220923543
shendure	nb	Haematoendothelial	Klf4_chr4_3951	1.4824181562289596e-06
shendure	nb	Haematoendothelial	Klf4_chr4_3952	2.6513016564422287e-06
shendure	nb	Haematoendothelial	Klf4_chr4_3958	2.4308399133587955e-06
shendure	nb	Haematoendothelial	Lama1_chr17_7784	1.8930984424514463e-06
shendure	nb	Haematoendothelial	Lama1_chr17_7787	4.943590738548664e-06
shendure	nb	Haematoendothelial	Lama1_chr17_7788	2.2011613509675954e-06
shendure	nb	Haematoendothelial	Lama1_chr17_7791	3.7481524941540556e-06
shendure	nb	Haematoendothelial	Lama1_chr17_7793	0.0003907393547706306
shendure	nb	Haematoendothelial	Lama1_chr17_7799	1.6787123513495317e-06
shendure	nb	Haematoendothelial	Lama1_chr17_7814	0.0006018030690029263
shendure	nb	Haematoendothelial	Lama1_chr17_7874	3.857371211779537e-06
shendure	nb	Haematoendothelial	Lama1_chr17_7892	3.8087539451225894e-06
shendure	nb	Haematoendothelial	Lama1_chr17_7907	3.855900104099419e-06
shendure	nb	Haematoendothelial	Lamb1_chr12_2182	2.7965988920186646e-06
shendure	nb	Haematoendothelial	Lamb1_chr12_2183	8.198589398489275e-07
shendure	nb	Haematoendothelial	Lamb1_chr12_2186	3.63639228453394e-05
shendure	nb	Haematoendothelial	Lamb1_chr12_2189	2.5440265289944364e-06
shendure	nb	Haematoendothelial	Lamb1_chr12_2196	2.09469772016746e-06
shendure	nb	Haematoendothelial	Lamb1_chr12_2203	3.0324501949507976e-06
shendure	nb	Haematoendothelial	Lamb1_chr12_2206	3.897696387866745e-06
shendure	nb	Haematoendothelial	Lamb1_chr12_2207	2.905616156567703e-06
shendure	nb	Haematoendothelial	Lamb1_chr12_2210	0.0005645187338814139
shendure	nb	Haematoendothelial	Lamb1_chr12_2215	3.3507603802718222e-06
shendure	nb	Haematoendothelial	Lamb1_chr12_2216	0.00015675804752390832
shendure	nb	Haematoendothelial	Lamb1_chr12_2238	1.951428885149653e-06
shendure	nb	Haematoendothelial	Lamb1_chr12_2239	3.134491271339357e-05
shendure	nb	Haematoendothelial	Lamb1_chr12_2288	1.9125332073599566e-06
shendure	nb	Haematoendothelial	Lamb1_chr12_2289	1.8715536498348229e-06
shendure	nb	Haematoendothelial	Lamb1_chr12_2296	0.0005480932304635644
shendure	nb	Haematoendothelial	Lamc1_chr1_12127	3.824262421403546e-06
shendure	nb	Haematoendothelial	Lamc1_chr1_12152	5.0356047722743824e-05
shendure	nb	Haematoendothelial	Lamc1_chr1_12175	0.003495634300634265
shendure	nb	Haematoendothelial	Lamc1_chr1_12183	3.947490768041462e-06
shendure	nb	Haematoendothelial	Lamc1_chr1_12185	1.1644658570730826e-06
shendure	nb	Haematoendothelial	Lamc1_chr1_12188	6.522217063320568e-06
shendure	nb	Haematoendothelial	Lamc1_chr1_12189	2.0863321879005525e-06
shendure	nb	Haematoendothelial	Lamc1_chr1_12193	2.0683478396676946e-06
shendure	nb	Haematoendothelial	Lamc1_chr1_12201	2.406755356787471e-06
shendure	nb	Haematoendothelial	Map1b_chr13_9429	1.2593676501637674e-06
shendure	nb	Haematoendothelial	Map1b_chr13_9436	2.386564119660761e-06
shendure	nb	Haematoendothelial	Map1b_chr13_9445	5.646761928801425e-05
shendure	nb	Haematoendothelial	Map1b_chr13_9447	0.00042767851846292615
shendure	nb	Haematoendothelial	Sox17_chr1_58	1.8477394405636005e-06
shendure	nb	Haematoendothelial	Sox17_chr1_59	1.4004701824887889e-06
shendure	nb	Haematoendothelial	Sox17_chr1_60	2.6584264105622424e-06
shendure	nb	Haematoendothelial	Sox17_chr1_65	2.9419475140457507e-06
shendure	nb	Haematoendothelial	Sox17_chr1_67	1.5911231230347767e-06
shendure	nb	Haematoendothelial	Sox17_chr1_68	0.0014679525047540665
shendure	nb	Haematoendothelial	Sox17_chr1_69	1.5821984788999544e-06
shendure	nb	Haematoendothelial	Sox17_chr1_73	2.92608797280991e-06
shendure	nb	Haematoendothelial	Sox17_chr1_77	0.00019612329197116196
shendure	nb	Haematoendothelial	Sox17_chr1_78	2.240392177554895e-06
shendure	nb	Haematoendothelial	Sox17_chr1_82	0.0001866059028543532
shendure	nb	Haematoendothelial	Sox17_chr1_83	2.4144428607542068e-06
shendure	nb	Haematoendothelial	Sox2_chr3_2005	1.4827545555817778e-06
shendure	nb	Haematoendothelial	Sox2_chr3_2007	5.452627738122828e-05
shendure	nb	Haematoendothelial	Sox2_chr3_2008	2.0901559310004814e-06
shendure	nb	Haematoendothelial	Sox2_chr3_2009	1.917066765599884e-05
shendure	nb	Haematoendothelial	Sox4_chr13_2052	0.0002962771977763623
shendure	nb	Haematoendothelial	Sox4_chr13_2054	2.3854776372900233e-05
shendure	nb	Haematoendothelial	Sox4_chr13_2055	0.00028375769034028053
shendure	nb	Haematoendothelial	Sox4_chr13_2057	1.3640054703500937e-06
shendure	nb	Haematoendothelial	Sparc_chr11_7180	1.725484935377608e-06
shendure	nb	Haematoendothelial	Sparc_chr11_7182	4.683087354351301e-06
shendure	nb	Haematoendothelial	Sparc_chr11_7195	0.00018879456911236048
shendure	nb	Haematoendothelial	Sparc_chr11_7198	1.7791359141483554e-06
shendure	nb	Haematoendothelial	Sparc_chr11_7199	3.820081474259496e-06
shendure	nb	Haematoendothelial	Sparc_chr11_7203	8.129817433655262e-05
shendure	nb	Haematoendothelial	Sparc_chr11_7205	0.00011073213681811467
shendure	nb	Haematoendothelial	Sparc_chr11_7207	2.9084799280099105e-06
shendure	nb	Haematoendothelial	Sparc_chr11_7210	1.760257418936817e-06
shendure	nb	Haematoendothelial	Sparc_chr11_7211	0.0002681802725419402
shendure	nb	Haematoendothelial	Sparc_chr11_7213	3.2706377623981098e-06
shendure	nb	Haematoendothelial	Sparc_chr11_7230	0.0003661077353172004
shendure	nb	Haematoendothelial	Sparc_chr11_7233	3.7365891785157146e-06
shendure	nb	Haematoendothelial	Sparc_chr11_7234	0.0023903031833469868
shendure	nb	Haematoendothelial	Sparc_chr11_7235	0.004406300839036703
shendure	nb	Haematoendothelial	Sparc_chr11_7243	2.1464018118422246e-06
shendure	nb	Haematoendothelial	Tgfbi_chr13_5692	2.23393612941436e-06
shendure	nb	Haematoendothelial	Tgfbi_chr13_5701	3.526917907947791e-06
shendure	nb	Haematoendothelial	Tgfbi_chr13_5705	0.00018405867740511894
shendure	nb	Haematoendothelial	Tgfbi_chr13_5711	4.0109239307639655e-06
shendure	nb	Haematoendothelial	Tgfbi_chr13_5724	1.6034007330745226e-06
shendure	nb	Haematoendothelial	Tgfbi_chr13_5735	6.854223465779796e-05
shendure	nb	Haematoendothelial	Tgfbi_chr13_5741	0.002728619845584035
shendure	nb	Haematoendothelial	Tubb2b_chr13_2557	1.6553333352931077e-06
shendure	nb	Haematoendothelial	Tubb2b_chr13_2568	0.0010703911539167166
shendure	nb	Haematoendothelial	Tubb2b_chr13_2572	7.638873648829758e-05
shendure	nb	Haematoendothelial	Tubb2b_chr13_2576	0.0054968539625406265
shendure	nb	Haematoendothelial	Tubb2b_chr13_2577	1.776113208507013e-06
shendure	nb	Haematoendothelial	Tubb2b_chr13_2578	1.8343221199756954e-06
shendure	nb	Haematoendothelial	Tubb2b_chr13_2580	2.015088966800249e-06
shendure	nb	Haematoendothelial	Tubb2b_chr13_2583	2.083945901176776e-06
shendure	nb	Haematoendothelial	Tubb2b_chr13_2590	1.8561250954007846e-06
shendure	nb	Haematoendothelial	Txndc12_chr4_7951	6.436608964577317e-05
shendure	nb	Haematoendothelial	Txndc12_chr4_7961	0.00016480057092849165
shendure	nb	Haematoendothelial	Txndc12_chr4_7962	0.00041966512799263
shendure	nb	Haematoendothelial	Txndc12_chr4_7969	1.578720548423007e-05
shendure	nb	Haematoendothelial	Txndc12_chr4_7971	1.592937451277976e-06
shendure	nb	Haematoendothelial	Txndc12_chr4_7973	0.0018069553188979626
shendure	nb	Haematoendothelial	Txndc12_chr4_7975	2.6015886760433204e-06
shendure	nb	Haematoendothelial	Txndc12_chr4_7978	0.001227202476002276
shendure	nb	Haematoendothelial	eef1aP	0.477416455745697
shendure	nb	Haematoendothelial	pgk1P	0.19438080489635468
shendure	nb	Haematoendothelial	ubcP	0.06942884624004364
shendure	nb	Cardiomyocytes	reference	0.00015360780525952578
shendure	nb	Cardiomyocytes	Bend5_chr4_8168	2.0968084299965994e-06
shendure	nb	Cardiomyocytes	Bend5_chr4_8170	3.526954969856888e-06
shendure	nb	Cardiomyocytes	Bend5_chr4_8172	2.8371302960294997e-06
shendure	nb	Cardiomyocytes	Bend5_chr4_8174	5.1433671615086496e-05
shendure	nb	Cardiomyocytes	Bend5_chr4_8175	0.0015707822749391198
shendure	nb	Cardiomyocytes	Bend5_chr4_8179	7.593384361825883e-05
shendure	nb	Cardiomyocytes	Bend5_chr4_8192	1.4121866342975409e-06
shendure	nb	Cardiomyocytes	Bend5_chr4_8199	1.1141950153614744e-06
shendure	nb	Cardiomyocytes	Bend5_chr4_8201	1.1873580660903826e-06
shendure	nb	Cardiomyocytes	Btg1_chr10_9572	3.2784355425974354e-06
shendure	nb	Cardiomyocytes	Btg1_chr10_9578	0.0018367746379226446
shendure	nb	Cardiomyocytes	Btg1_chr10_9588	1.7078825749194948e-06
shendure	nb	Cardiomyocytes	Btg1_chr10_9593	1.214713734043471e-06
shendure	nb	Cardiomyocytes	Btg1_chr10_9612	1.711867867015826e-06
shendure	nb	Cardiomyocytes	Btg1_chr10_9613	4.56182124253246e-06
shendure	nb	Cardiomyocytes	Cdk5r1_chr11_12559	0.000331986288074404
shendure	nb	Cardiomyocytes	Cdk5r1_chr11_12562	0.0004920366918668151
shendure	nb	Cardiomyocytes	Cdk5r1_chr11_12574	0.0029131826013326645
shendure	nb	Cardiomyocytes	Cdk5r1_chr11_12575	1.0560844430074212e-06
shendure	nb	Cardiomyocytes	Cdk5r1_chr11_12582	0.00010624861170072109
shendure	nb	Cardiomyocytes	Cdk5r1_chr11_12590	1.960150257218629e-06
shendure	nb	Cardiomyocytes	Cdk5r1_chr11_12595	2.567644969531102e-06
shendure	nb	Cardiomyocytes	Cited2_chr10_1239	5.578913260251284e-06
shendure	nb	Cardiomyocytes	Cited2_chr10_1246	5.043253622716293e-06
shendure	nb	Cardiomyocytes	Cited2_chr10_1248	2.5713577542774146e-06
shendure	nb	Cardiomyocytes	Cited2_chr10_1253	0.00014133522927295417
shendure	nb	Cardiomyocytes	Cited2_chr10_1254	0.003422823501750827
shendure	nb	Cardiomyocytes	Cited2_chr10_1267	1.274088731406664e-06
shendure	nb	Cardiomyocytes	Cited2_chr10_1270	7.017941697995411e-06
shendure	nb	Cardiomyocytes	Col1a1_chr11_15258	1.5460260556210415e-06
shendure	nb	Cardiomyocytes	Col1a1_chr11_15259	1.4551243339155917e-06
shendure	nb	Cardiomyocytes	Col1a1_chr11_15269	1.7702520835882751e-06
shendure	nb	Cardiomyocytes	Col1a1_chr11_15270	0.0006703250692225993
shendure	nb	Cardiomyocytes	Col1a1_chr11_15273	1.8197330291513936e-06
shendure	nb	Cardiomyocytes	Col1a1_chr11_15275	0.0009848404442891479
shendure	nb	Cardiomyocytes	Col1a1_chr11_15276	2.275981387356296e-06
shendure	nb	Cardiomyocytes	Col1a1_chr11_15301	6.00935618422227e-06
shendure	nb	Cardiomyocytes	Col1a1_chr11_15307	0.0006793118664063513
shendure	nb	Cardiomyocytes	Col1a1_chr11_15316	2.1792670850118157e-06
shendure	nb	Cardiomyocytes	Col1a1_chr11_15322	0.0001539151562610641
shendure	nb	Cardiomyocytes	Col1a2_chr6_72	2.260113888041815e-06
shendure	nb	Cardiomyocytes	Col1a2_chr6_73	1.6718935285098269e-06
shendure	nb	Cardiomyocytes	Col1a2_chr6_77	5.646088538924232e-05
shendure	nb	Cardiomyocytes	Col1a2_chr6_88	1.9817603060801048e-06
shendure	nb	Cardiomyocytes	Col1a2_chr6_93	0.0009645452373661101
shendure	nb	Cardiomyocytes	Col5a1_chr2_2558	1.1538644457687042e-06
shendure	nb	Cardiomyocytes	Col5a1_chr2_2562	1.796302399270644e-06
shendure	nb	Cardiomyocytes	Col5a1_chr2_2565	1.3969805650049238e-06
shendure	nb	Cardiomyocytes	Col5a1_chr2_2571	2.8912752441101475e-06
shendure	nb	Cardiomyocytes	Col5a1_chr2_2575	0.0014490913599729538
shendure	nb	Cardiomyocytes	Col5a1_chr2_2576	8.08384720585309e-05
shendure	nb	Cardiomyocytes	Col5a1_chr2_2586	1.9917074496333953e-06
shendure	nb	Cardiomyocytes	Epas1_chr17_10056	1.5024336335045518e-06
shendure	nb	Cardiomyocytes	Epas1_chr17_10057	1.9801641428784933e-06
shendure	nb	Cardiomyocytes	Epas1_chr17_10061	5.9293197409715503e-05
shendure	nb	Cardiomyocytes	Epas1_chr17_10063	3.0335929750435753e-06
shendure	nb	Cardiomyocytes	Epas1_chr17_10064	4.1973794395744335e-06
shendure	nb	Cardiomyocytes	Epas1_chr17_10066	1.7920864365805755e-06
shendure	nb	Cardiomyocytes	Epas1_chr17_10070	0.0013959824573248625
shendure	nb	Cardiomyocytes	Epas1_chr17_10071	0.00019254519429523498
shendure	nb	Cardiomyocytes	Epas1_chr17_10116	2.393580189163913e-06
shendure	nb	Cardiomyocytes	Foxa2_chr2_13806	4.653490123018855e-06
shendure	nb	Cardiomyocytes	Foxa2_chr2_13808	8.692259871168062e-05
shendure	nb	Cardiomyocytes	Foxa2_chr2_13812	1.8900641407526564e-06
shendure	nb	Cardiomyocytes	Foxa2_chr2_13818	1.6018599353628815e-06
shendure	nb	Cardiomyocytes	Foxa2_chr2_13820	3.2645518786011962e-06
shendure	nb	Cardiomyocytes	Foxa2_chr2_13830	1.942025164680672e-06
shendure	nb	Cardiomyocytes	Foxa2_chr2_13835	2.473734866725863e-06
shendure	nb	Cardiomyocytes	Foxa2_chr2_13840	0.0002293095167260617
shendure	nb	Cardiomyocytes	Foxa2_chr2_13841	4.407174128573388e-05
shendure	nb	Cardiomyocytes	Foxa2_chr2_13856	3.0374112611752935e-06
shendure	nb	Cardiomyocytes	Foxa2_chr2_13858	0.0001660730194998905
shendure	nb	Cardiomyocytes	Foxa2_chr2_13861	1.3339391671252088e-06
shendure	nb	Cardiomyocytes	Foxa2_chr2_13862	2.600958396214992e-06
shendure	nb	Cardiomyocytes	Gata4_chr14_5677	0.004213762003928423
shendure	nb	Cardiomyocytes	Gata4_chr14_5693	2.04642788048659e-06
shendure	nb	Cardiomyocytes	Gata4_chr14_5710	1.4755829624846228e-06
shendure	nb	Cardiomyocytes	Gata4_chr14_5714	0.00012181162310298532
shendure	nb	Cardiomyocytes	Gata4_chr14_5729	2.511634193069767e-06
shendure	nb	Cardiomyocytes	Gata4_chr14_5742	0.0010366990463808179
shendure	nb	Cardiomyocytes	Gata4_chr14_5749	0.00011968728358624503
shendure	nb	Cardiomyocytes	Gata4_chr14_5752	1.3017640867474256e-06
shendure	nb	Cardiomyocytes	Gata4_chr14_5760	0.00018104912305716425
shendure	nb	Cardiomyocytes	Gata4_chr14_5762	2.530579877202399e-06
shendure	nb	Cardiomyocytes	Gata4_chr14_5763	1.3335957191884518e-06
shendure	nb	Cardiomyocytes	Gata4_chr14_5776	2.726482989601209e-06
shendure	nb	Cardiomyocytes	Gata4_chr14_5779	2.249203816973022e-06
shendure	nb	Cardiomyocytes	Igfbp4_chr11_16694	4.537921540759271e-06
shendure	nb	Cardiomyocytes	Igfbp4_chr11_16710	0.0002634686534292996
shendure	nb	Cardiomyocytes	Igfbp4_chr11_16711	0.0001552909379824996
shendure	nb	Cardiomyocytes	Igfbp4_chr11_16716	2.118427573805093e-06
shendure	nb	Cardiomyocytes	Igfbp4_chr11_16728	0.00018021553114522249
shendure	nb	Cardiomyocytes	Igfbp4_chr11_16735	2.4417811346211238e-06
shendure	nb	Cardiomyocytes	Igfbp4_chr11_16738	2.361956376262242e-06
shendure	nb	Cardiomyocytes	Igfbp4_chr11_16740	0.00017742408090271056
shendure	nb	Cardiomyocytes	Igfbp4_chr11_16743	0.0003301345568615943
shendure	nb	Cardiomyocytes	Igfbp4_chr11_16784	2.081774937323644e-06
shendure	nb	Cardiomyocytes	Klf4_chr4_3934	0.00010027262032963336
shendure	nb	Cardiomyocytes	Klf4_chr4_3936	3.0210339900804684e-06
shendure	nb	Cardiomyocytes	Klf4_chr4_3946	1.0797089089464862e-06
shendure	nb	Cardiomyocytes	Klf4_chr4_3948	0.0012567492667585611
shendure	nb	Cardiomyocytes	Klf4_chr4_3949	1.6272487073365483e-06
shendure	nb	Cardiomyocytes	Klf4_chr4_3951	1.5781810134285479e-06
shendure	nb	Cardiomyocytes	Klf4_chr4_3952	2.7731080081139226e-06
shendure	nb	Cardiomyocytes	Klf4_chr4_3958	2.55816894423333e-06
shendure	nb	Cardiomyocytes	Lama1_chr17_7784	1.995666025322862e-06
shendure	nb	Cardiomyocytes	Lama1_chr17_7787	5.2697114369948395e-06
shendure	nb	Cardiomyocytes	Lama1_chr17_7788	2.3133225113269873e-06
shendure	nb	Cardiomyocytes	Lama1_chr17_7791	4.009669737570221e-06
shendure	nb	Cardiomyocytes	Lama1_chr17_7793	8.193314715754241e-05
shendure	nb	Cardiomyocytes	Lama1_chr17_7799	1.757658878887014e-06
shendure	nb	Cardiomyocytes	Lama1_chr17_7814	2.400066932750633e-06
shendure	nb	Cardiomyocytes	Lama1_chr17_7874	4.177117716608336e-06
shendure	nb	Cardiomyocytes	Lama1_chr17_7892	4.270274530426832e-06
shendure	nb	Cardiomyocytes	Lama1_chr17_7907	4.066742803843226e-06
shendure	nb	Cardiomyocytes	Lamb1_chr12_2182	2.8712167932098964e-06
shendure	nb	Cardiomyocytes	Lamb1_chr12_2183	0.00010665896843420342
shendure	nb	Cardiomyocytes	Lamb1_chr12_2186	1.807475655368762e-06
shendure	nb	Cardiomyocytes	Lamb1_chr12_2189	2.6708935365604702e-06
shendure	nb	Cardiomyocytes	Lamb1_chr12_2196	2.2329734292725334e-06
shendure	nb	Cardiomyocytes	Lamb1_chr12_2203	3.2741643281042343e-06
shendure	nb	Cardiomyocytes	Lamb1_chr12_2206	4.188870207144646e-06
shendure	nb	Cardiomyocytes	Lamb1_chr12_2207	3.0113806133158505e-06
shendure	nb	Cardiomyocytes	Lamb1_chr12_2210	0.0007246676250360906
shendure	nb	Cardiomyocytes	Lamb1_chr12_2215	3.4864065128203947e-06
shendure	nb	Cardiomyocytes	Lamb1_chr12_2216	1.3544959074351937e-06
shendure	nb	Cardiomyocytes	Lamb1_chr12_2238	2.0653833416872658e-06
shendure	nb	Cardiomyocytes	Lamb1_chr12_2239	7.949461723910645e-05
shendure	nb	Cardiomyocytes	Lamb1_chr12_2288	2.0127190509811044e-06
shendure	nb	Cardiomyocytes	Lamb1_chr12_2289	1.959658675332321e-06
shendure	nb	Cardiomyocytes	Lamb1_chr12_2296	0.0003179126651957631
shendure	nb	Cardiomyocytes	Lamc1_chr1_12127	4.029157480545109e-06
shendure	nb	Cardiomyocytes	Lamc1_chr1_12152	1.4304426258604508e-05
shendure	nb	Cardiomyocytes	Lamc1_chr1_12175	0.0016654590144753456
shendure	nb	Cardiomyocytes	Lamc1_chr1_12183	4.361571882327553e-06
shendure	nb	Cardiomyocytes	Lamc1_chr1_12185	1.208004050567979e-06
shendure	nb	Cardiomyocytes	Lamc1_chr1_12188	6.8707850005012006e-06
shendure	nb	Cardiomyocytes	Lamc1_chr1_12189	2.2159047148306854e-06
shendure	nb	Cardiomyocytes	Lamc1_chr1_12193	2.1765815745311556e-06
shendure	nb	Cardiomyocytes	Lamc1_chr1_12201	2.5852280032268027e-06
shendure	nb	Cardiomyocytes	Map1b_chr13_9429	8.012528269318864e-05
shendure	nb	Cardiomyocytes	Map1b_chr13_9436	2.5630042728153057e-06
shendure	nb	Cardiomyocytes	Map1b_chr13_9445	4.883869405603036e-05
shendure	nb	Cardiomyocytes	Map1b_chr13_9447	0.001194573356769979
shendure	nb	Cardiomyocytes	Sox17_chr1_58	0.00010105840920004994
shendure	nb	Cardiomyocytes	Sox17_chr1_59	1.4866980109218275e-06
shendure	nb	Cardiomyocytes	Sox17_chr1_60	2.8488755106081953e-06
shendure	nb	Cardiomyocytes	Sox17_chr1_65	3.1025872431200696e-06
shendure	nb	Cardiomyocytes	Sox17_chr1_67	5.168163261259906e-05
shendure	nb	Cardiomyocytes	Sox17_chr1_68	8.759720003581606e-06
shendure	nb	Cardiomyocytes	Sox17_chr1_69	1.685666916273476e-06
shendure	nb	Cardiomyocytes	Sox17_chr1_73	3.0552578209608328e-06
shendure	nb	Cardiomyocytes	Sox17_chr1_77	2.623761474751518e-06
shendure	nb	Cardiomyocytes	Sox17_chr1_78	2.4250789465440903e-06
shendure	nb	Cardiomyocytes	Sox17_chr1_82	6.084429696784355e-05
shendure	nb	Cardiomyocytes	Sox17_chr1_83	2.5689507765491726e-06
shendure	nb	Cardiomyocytes	Sox2_chr3_2005	6.214033783180639e-05
shendure	nb	Cardiomyocytes	Sox2_chr3_2007	3.34427495545242e-05
shendure	nb	Cardiomyocytes	Sox2_chr3_2008	2.1871292119612917e-06
shendure	nb	Cardiomyocytes	Sox2_chr3_2009	7.605399332533125e-07
shendure	nb	Cardiomyocytes	Sox4_chr13_2052	0.00041954629705287516
shendure	nb	Cardiomyocytes	Sox4_chr13_2054	1.231402279699978e-06
shendure	nb	Cardiomyocytes	Sox4_chr13_2055	0.00019864115165546536
shendure	nb	Cardiomyocytes	Sox4_chr13_2057	1.4453779613177176e-06
shendure	nb	Cardiomyocytes	Sparc_chr11_7180	1.8196359405919793e-06
shendure	nb	Cardiomyocytes	Sparc_chr11_7182	4.874965270573739e-06
shendure	nb	Cardiomyocytes	Sparc_chr11_7195	0.00018780637765303254
shendure	nb	Cardiomyocytes	Sparc_chr11_7198	1.8357710587224574e-06
shendure	nb	Cardiomyocytes	Sparc_chr11_7199	4.0822387745720334e-06
shendure	nb	Cardiomyocytes	Sparc_chr11_7203	0.0001457201869925484
shendure	nb	Cardiomyocytes	Sparc_chr11_7205	1.4179353229337721e-06
shendure	nb	Cardiomyocytes	Sparc_chr11_7207	3.0982848784333328e-06
shendure	nb	Cardiomyocytes	Sparc_chr11_7210	0.00014077601372264326
shendure	nb	Cardiomyocytes	Sparc_chr11_7211	0.00022058414469938725
shendure	nb	Cardiomyocytes	Sparc_chr11_7213	3.5861198739439715e-06
shendure	nb	Cardiomyocytes	Sparc_chr11_7230	9.089217201108113e-05
shendure	nb	Cardiomyocytes	Sparc_chr11_7233	4.091241862624884e-06
shendure	nb	Cardiomyocytes	Sparc_chr11_7234	0.0024009773042052984
shendure	nb	Cardiomyocytes	Sparc_chr11_7235	0.002539469627663493
shendure	nb	Cardiomyocytes	Sparc_chr11_7243	0.00014837534399703145
shendure	nb	Cardiomyocytes	Tgfbi_chr13_5692	0.0005426252610050142
shendure	nb	Cardiomyocytes	Tgfbi_chr13_5701	3.845510946121067e-06
shendure	nb	Cardiomyocytes	Tgfbi_chr13_5705	0.0012909520883113146
shendure	nb	Cardiomyocytes	Tgfbi_chr13_5711	4.1409562072658446e-06
shendure	nb	Cardiomyocytes	Tgfbi_chr13_5724	1.678984631325875e-06
shendure	nb	Cardiomyocytes	Tgfbi_chr13_5735	1.868625076895114e-06
shendure	nb	Cardiomyocytes	Tgfbi_chr13_5741	0.0019142094533890486
shendure	nb	Cardiomyocytes	Tubb2b_chr13_2557	1.746199245644675e-06
shendure	nb	Cardiomyocytes	Tubb2b_chr13_2568	0.0008958902908489108
shendure	nb	Cardiomyocytes	Tubb2b_chr13_2572	1.804220460144279e-06
shendure	nb	Cardiomyocytes	Tubb2b_chr13_2576	0.0024289689026772976
shendure	nb	Cardiomyocytes	Tubb2b_chr13_2577	0.0001214881704072468
shendure	nb	Cardiomyocytes	Tubb2b_chr13_2578	1.8999024860022473e-06
shendure	nb	Cardiomyocytes	Tubb2b_chr13_2580	2.15999125430244e-06
shendure	nb	Cardiomyocytes	Tubb2b_chr13_2583	9.19928788789548e-05
shendure	nb	Cardiomyocytes	Tubb2b_chr13_2590	6.0725928051397204e-05
shendure	nb	Cardiomyocytes	Txndc12_chr4_7951	7.262426515808329e-05
shendure	nb	Cardiomyocytes	Txndc12_chr4_7961	0.00012818473624065518
shendure	nb	Cardiomyocytes	Txndc12_chr4_7962	0.0005643840995617211
shendure	nb	Cardiomyocytes	Txndc12_chr4_7969	1.6879377653822303e-05
shendure	nb	Cardiomyocytes	Txndc12_chr4_7971	1.6826361388666555e-06
shendure	nb	Cardiomyocytes	Txndc12_chr4_7973	0.001338802045211196
shendure	nb	Cardiomyocytes	Txndc12_chr4_7975	2.771003892121371e-06
shendure	nb	Cardiomyocytes	Txndc12_chr4_7978	0.00022474047727882862
shendure	nb	Cardiomyocytes	eef1aP	0.2567098140716553
shendure	nb	Cardiomyocytes	pgk1P	0.15003082156181335
shendure	nb	Cardiomyocytes	ubcP	0.04548118636012077
shendure	zinb	reference	reference	0.0031619600486010313
shendure	zinb	reference	Bend5_chr4_8168	0.0001298413990298286
shendure	zinb	reference	Bend5_chr4_8170	0.0008198532159440219
shendure	zinb	reference	Bend5_chr4_8172	6.160597695270553e-05
shendure	zinb	reference	Bend5_chr4_8174	0.00011619643191806972
shendure	zinb	reference	Bend5_chr4_8175	0.0033319711219519377
shendure	zinb	reference	Bend5_chr4_8179	0.00016066458192653954
shendure	zinb	reference	Bend5_chr4_8192	7.334975816775113e-05
shendure	zinb	reference	Bend5_chr4_8199	0.00019332092779222876
shendure	zinb	reference	Bend5_chr4_8201	0.00016607904399279505
shendure	zinb	reference	Btg1_chr10_9572	0.00015282898675650358
shendure	zinb	reference	Btg1_chr10_9578	0.024768440052866936
shendure	zinb	reference	Btg1_chr10_9588	0.00013397335715126246
shendure	zinb	reference	Btg1_chr10_9593	0.00020713209232781082
shendure	zinb	reference	Btg1_chr10_9612	0.00016347084601875395
shendure	zinb	reference	Btg1_chr10_9613	0.00011966332385782152
shendure	zinb	reference	Cdk5r1_chr11_12559	0.0019366038031876087
shendure	zinb	reference	Cdk5r1_chr11_12562	0.014300042763352394
shendure	zinb	reference	Cdk5r1_chr11_12574	0.01771490089595318
shendure	zinb	reference	Cdk5r1_chr11_12575	0.0003259894729126245
shendure	zinb	reference	Cdk5r1_chr11_12582	0.0014366618124768138
shendure	zinb	reference	Cdk5r1_chr11_12590	0.0001389449753332883
shendure	zinb	reference	Cdk5r1_chr11_12595	7.073014421621338e-05
shendure	zinb	reference	Cited2_chr10_1239	9.87486491794698e-05
shendure	zinb	reference	Cited2_chr10_1246	9.795476944418624e-05
shendure	zinb	reference	Cited2_chr10_1248	0.00014379166532307863
shendure	zinb	reference	Cited2_chr10_1253	0.0003464904730208218
shendure	zinb	reference	Cited2_chr10_1254	0.008156424388289452
shendure	zinb	reference	Cited2_chr10_1267	0.00010675563680706546
shendure	zinb	reference	Cited2_chr10_1270	0.00033002279815264046
shendure	zinb	reference	Col1a1_chr11_15258	0.00034526674426160753
shendure	zinb	reference	Col1a1_chr11_15259	0.00031000259332358837
shendure	zinb	reference	Col1a1_chr11_15269	0.0001481598592363298
shendure	zinb	reference	Col1a1_chr11_15270	0.0005099794361740351
shendure	zinb	reference	Col1a1_chr11_15273	0.0002317679754924029
shendure	zinb	reference	Col1a1_chr11_15275	0.0013733531814068556
shendure	zinb	reference	Col1a1_chr11_15276	0.0025918169412761927
shendure	zinb	reference	Col1a1_chr11_15301	0.00029358628671616316
shendure	zinb	reference	Col1a1_chr11_15307	0.002435435773804784
shendure	zinb	reference	Col1a1_chr11_15316	0.0007810961687937379
shendure	zinb	reference	Col1a1_chr11_15322	0.0004743661265820265
shendure	zinb	reference	Col1a2_chr6_72	0.0001859856565715745
shendure	zinb	reference	Col1a2_chr6_73	0.000217894310480915
shendure	zinb	reference	Col1a2_chr6_77	0.00048723671352490783
shendure	zinb	reference	Col1a2_chr6_88	8.406761480728164e-05
shendure	zinb	reference	Col1a2_chr6_93	0.003952726721763611
shendure	zinb	reference	Col5a1_chr2_2558	0.00016871982370503247
shendure	zinb	reference	Col5a1_chr2_2562	8.272819832200184e-05
shendure	zinb	reference	Col5a1_chr2_2565	0.00017793870938476175
shendure	zinb	reference	Col5a1_chr2_2571	0.0002860718814190477
shendure	zinb	reference	Col5a1_chr2_2575	0.0025433667469769716
shendure	zinb	reference	Col5a1_chr2_2576	0.00028505470254458487
shendure	zinb	reference	Col5a1_chr2_2586	8.018766675377265e-05
shendure	zinb	reference	Epas1_chr17_10056	0.00011132933286717162
shendure	zinb	reference	Epas1_chr17_10057	0.00031572155421599746
shendure	zinb	reference	Epas1_chr17_10061	0.000200235954253003
shendure	zinb	reference	Epas1_chr17_10063	0.00022205103596206754
shendure	zinb	reference	Epas1_chr17_10064	0.00024813218624331057
shendure	zinb	reference	Epas1_chr17_10066	0.00010409238166175783
shendure	zinb	reference	Epas1_chr17_10070	0.003099858993664384
shendure	zinb	reference	Epas1_chr17_10071	0.001856169430539012
shendure	zinb	reference	Epas1_chr17_10116	0.0001716774277156219
shendure	zinb	reference	Foxa2_chr2_13806	8.765063830651343e-05
shendure	zinb	reference	Foxa2_chr2_13808	0.00021605291112791747
shendure	zinb	reference	Foxa2_chr2_13812	0.00021484476746991277
shendure	zinb	reference	Foxa2_chr2_13818	0.0002812921011354774
shendure	zinb	reference	Foxa2_chr2_13820	0.00030493983649648726
shendure	zinb	reference	Foxa2_chr2_13830	7.312360685318708e-05
shendure	zinb	reference	Foxa2_chr2_13835	0.00035849318373948336
shendure	zinb	reference	Foxa2_chr2_13840	0.0008530415361747146
shendure	zinb	reference	Foxa2_chr2_13841	0.0005511640338227153
shendure	zinb	reference	Foxa2_chr2_13856	0.0004673824878409505
shendure	zinb	reference	Foxa2_chr2_13858	0.0002999471907969564
shendure	zinb	reference	Foxa2_chr2_13861	7.463414658559486e-05
shendure	zinb	reference	Foxa2_chr2_13862	0.00011182443995494395
shendure	zinb	reference	Gata4_chr14_5677	0.01141135860234499
shendure	zinb	reference	Gata4_chr14_5693	0.0001241635618498549
shendure	zinb	reference	Gata4_chr14_5710	8.48006020532921e-05
shendure	zinb	reference	Gata4_chr14_5714	0.00016204130952246487
shendure	zinb	reference	Gata4_chr14_5729	6.710583693347871e-05
shendure	zinb	reference	Gata4_chr14_5742	0.00824663694947958
shendure	zinb	reference	Gata4_chr14_5749	0.0010209588799625635
shendure	zinb	reference	Gata4_chr14_5752	0.00021472126536536962
shendure	zinb	reference	Gata4_chr14_5760	0.00010400296741863713
shendure	zinb	reference	Gata4_chr14_5762	7.056500908220187e-05
shendure	zinb	reference	Gata4_chr14_5763	5.639206574414857e-05
shendure	zinb	reference	Gata4_chr14_5776	0.0003570427652448416
shendure	zinb	reference	Gata4_chr14_5779	0.0001550068409414962
shendure	zinb	reference	Igfbp4_chr11_16694	0.0002623063628561795
shendure	zinb	reference	Igfbp4_chr11_16710	0.001361666712909937
shendure	zinb	reference	Igfbp4_chr11_16711	0.007127074990421534
shendure	zinb	reference	Igfbp4_chr11_16716	0.0010809447849169374
shendure	zinb	reference	Igfbp4_chr11_16728	0.001954929670318961
shendure	zinb	reference	Igfbp4_chr11_16735	0.00286050490103662
shendure	zinb	reference	Igfbp4_chr11_16738	0.0009301794343627989
shendure	zinb	reference	Igfbp4_chr11_16740	0.001197116100229323
shendure	zinb	reference	Igfbp4_chr11_16743	0.0011048788437619805
shendure	zinb	reference	Igfbp4_chr11_16784	0.0002278192259836942
shendure	zinb	reference	Klf4_chr4_3934	0.00087054877076298
shendure	zinb	reference	Klf4_chr4_3936	8.6582062067464e-05
shendure	zinb	reference	Klf4_chr4_3946	0.0002588114293757826
shendure	zinb	reference	Klf4_chr4_3948	0.010122344829142094
shendure	zinb	reference	Klf4_chr4_3949	0.001194684416987002
shendure	zinb	reference	Klf4_chr4_3951	0.0009049293003045022
shendure	zinb	reference	Klf4_chr4_3952	6.291337194852531e-05
shendure	zinb	reference	Klf4_chr4_3958	0.0002786163822747767
shendure	zinb	reference	Lama1_chr17_7784	0.00011183650349266827
shendure	zinb	reference	Lama1_chr17_7787	0.00012503945617936552
shendure	zinb	reference	Lama1_chr17_7788	0.00010837281297426671
shendure	zinb	reference	Lama1_chr17_7791	0.0001810157991712913
shendure	zinb	reference	Lama1_chr17_7793	0.0011590979993343353
shendure	zinb	reference	Lama1_chr17_7799	0.00013707931793760508
shendure	zinb	reference	Lama1_chr17_7814	0.0017824843525886536
shendure	zinb	reference	Lama1_chr17_7874	0.0014319944893941283
shendure	zinb	reference	Lama1_chr17_7892	6.96564165991731e-05
shendure	zinb	reference	Lama1_chr17_7907	0.00011160167923662812
shendure	zinb	reference	Lamb1_chr12_2182	0.00010330290388083085
shendure	zinb	reference	Lamb1_chr12_2183	0.0005191343952901661
shendure	zinb	reference	Lamb1_chr12_2186	0.0006270079757086933
shendure	zinb	reference	Lamb1_chr12_2189	0.00019646194414235651
shendure	zinb	reference	Lamb1_chr12_2196	7.635902147740126e-05
shendure	zinb	reference	Lamb1_chr12_2203	8.192923996830359e-05
shendure	zinb	reference	Lamb1_chr12_2206	0.0001052305378834717
shendure	zinb	reference	Lamb1_chr12_2207	9.718876390252262e-05
shendure	zinb	reference	Lamb1_chr12_2210	0.003873776411637664
shendure	zinb	reference	Lamb1_chr12_2215	9.088341903407127e-05
shendure	zinb	reference	Lamb1_chr12_2216	0.000759836402721703
shendure	zinb	reference	Lamb1_chr12_2238	0.00020989472977817059
shendure	zinb	reference	Lamb1_chr12_2239	0.0001500062644481659
shendure	zinb	reference	Lamb1_chr12_2288	9.094765846384689e-05
shendure	zinb	reference	Lamb1_chr12_2289	0.00036393446498550475
shendure	zinb	reference	Lamb1_chr12_2296	0.001641710172407329
shendure	zinb	reference	Lamc1_chr1_12127	0.00017317611491307616
shendure	zinb	reference	Lamc1_chr1_12152	0.0001127872965298593
shendure	zinb	reference	Lamc1_chr1_12175	0.013502477668225765
shendure	zinb	reference	Lamc1_chr1_12183	9.315594070358202e-05
shendure	zinb	reference	Lamc1_chr1_12185	6.574347207788378e-05
shendure	zinb	reference	Lamc1_chr1_12188	0.0004344959161244333
shendure	zinb	reference	Lamc1_chr1_12189	0.0039784228429198265
shendure	zinb	reference	Lamc1_chr1_12193	0.00031518307514488697
shendure	zinb	reference	Lamc1_chr1_12201	0.0002771379367914051
shendure	zinb	reference	Map1b_chr13_9429	0.0008235652931034565
shendure	zinb	reference	Map1b_chr13_9436	0.00021357348305173218
shendure	zinb	reference	Map1b_chr13_9445	0.0002475420187693089
shendure	zinb	reference	Map1b_chr13_9447	0.0033799989614635706
shendure	zinb	reference	Sox17_chr1_58	0.00026032564346678555
shendure	zinb	reference	Sox17_chr1_59	4.3232179450569674e-05
shendure	zinb	reference	Sox17_chr1_60	0.00019709135813172907
shendure	zinb	reference	Sox17_chr1_65	0.00041255290852859616
shendure	zinb	reference	Sox17_chr1_67	0.0006064103217795491
shendure	zinb	reference	Sox17_chr1_68	0.00028485144139267504
shendure	zinb	reference	Sox17_chr1_69	0.000397969241021201
shendure	zinb	reference	Sox17_chr1_73	0.00024193062563426793
shendure	zinb	reference	Sox17_chr1_77	0.0008094034274108708
shendure	zinb	reference	Sox17_chr1_78	7.721904694335535e-05
shendure	zinb	reference	Sox17_chr1_82	0.00022954889573156834
shendure	zinb	reference	Sox17_chr1_83	4.683508814196102e-05
shendure	zinb	reference	Sox2_chr3_2005	0.001379830064252019
shendure	zinb	reference	Sox2_chr3_2007	0.037034571170806885
shendure	zinb	reference	Sox2_chr3_2008	0.0008134501404128969
shendure	zinb	reference	Sox2_chr3_2009	0.006447840016335249
shendure	zinb	reference	Sox4_chr13_2052	0.0016141119413077831
shendure	zinb	reference	Sox4_chr13_2054	0.00011089773033745587
shendure	zinb	reference	Sox4_chr13_2055	0.0006972950068302453
shendure	zinb	reference	Sox4_chr13_2057	8.406119741266593e-05
shendure	zinb	reference	Sparc_chr11_7180	5.572806185227819e-05
shendure	zinb	reference	Sparc_chr11_7182	0.0001397293817717582
shendure	zinb	reference	Sparc_chr11_7195	0.0008953061187639832
shendure	zinb	reference	Sparc_chr11_7198	7.307341729756445e-05
shendure	zinb	reference	Sparc_chr11_7199	0.00014474954514298588
shendure	zinb	reference	Sparc_chr11_7203	0.0011949881445616484
shendure	zinb	reference	Sparc_chr11_7205	0.0010177451185882092
shendure	zinb	reference	Sparc_chr11_7207	0.00020170559582766145
shendure	zinb	reference	Sparc_chr11_7210	0.00017798945191316307
shendure	zinb	reference	Sparc_chr11_7211	0.000615908473264426
shendure	zinb	reference	Sparc_chr11_7213	8.862430695444345e-05
shendure	zinb	reference	Sparc_chr11_7230	0.0011776476167142391
shendure	zinb	reference	Sparc_chr11_7233	0.00014074955834075809
shendure	zinb	reference	Sparc_chr11_7234	0.00888359546661377
shendure	zinb	reference	Sparc_chr11_7235	0.012043077498674393
shendure	zinb	reference	Sparc_chr11_7243	0.0005374388420023024
shendure	zinb	reference	Tgfbi_chr13_5692	0.004659989848732948
shendure	zinb	reference	Tgfbi_chr13_5701	0.0001500649523222819
shendure	zinb	reference	Tgfbi_chr13_5705	0.003230344271287322
shendure	zinb	reference	Tgfbi_chr13_5711	0.0026952417101711035
shendure	zinb	reference	Tgfbi_chr13_5724	0.00012387036986183375
shendure	zinb	reference	Tgfbi_chr13_5735	0.0002499295223969966
shendure	zinb	reference	Tgfbi_chr13_5741	0.01178218238055706
shendure	zinb	reference	Tubb2b_chr13_2557	0.00027981383027508855
shendure	zinb	reference	Tubb2b_chr13_2568	0.008132039569318295
shendure	zinb	reference	Tubb2b_chr13_2572	0.00019995695038232952
shendure	zinb	reference	Tubb2b_chr13_2576	0.029751557856798172
shendure	zinb	reference	Tubb2b_chr13_2577	0.0002317286271136254
shendure	zinb	reference	Tubb2b_chr13_2578	0.00013609143206849694
shendure	zinb	reference	Tubb2b_chr13_2580	0.000384099199436605
shendure	zinb	reference	Tubb2b_chr13_2583	0.0002591409138403833
shendure	zinb	reference	Tubb2b_chr13_2590	0.000560517015401274
shendure	zinb	reference	Txndc12_chr4_7951	0.0006356104859150946
shendure	zinb	reference	Txndc12_chr4_7961	0.0009940984891727567
shendure	zinb	reference	Txndc12_chr4_7962	0.0008404604741372168
shendure	zinb	reference	Txndc12_chr4_7969	0.0002536202082410455
shendure	zinb	reference	Txndc12_chr4_7971	0.00022089231060817838
shendure	zinb	reference	Txndc12_chr4_7973	0.008919011801481247
shendure	zinb	reference	Txndc12_chr4_7975	0.00016210932517424226
shendure	zinb	reference	Txndc12_chr4_7978	0.015249806456267834
shendure	zinb	reference	eef1aP	1.4908576011657715
shendure	zinb	reference	pgk1P	0.5319115519523621
shendure	zinb	reference	ubcP	0.28018277883529663
shendure	zinb	NeuroectodermBrain	reference	0.0006468776846304536
shendure	zinb	NeuroectodermBrain	Bend5_chr4_8168	3.665993062895723e-05
shendure	zinb	NeuroectodermBrain	Bend5_chr4_8170	6.128777749836445e-05
shendure	zinb	NeuroectodermBrain	Bend5_chr4_8172	3.4729055187199265e-05
shendure	zinb	NeuroectodermBrain	Bend5_chr4_8174	1.572946712258272e-05
shendure	zinb	NeuroectodermBrain	Bend5_chr4_8175	0.0026773419231176376
shendure	zinb	NeuroectodermBrain	Bend5_chr4_8179	4.24054560426157e-05
shendure	zinb	NeuroectodermBrain	Bend5_chr4_8192	1.3431217666948214e-05
shendure	zinb	NeuroectodermBrain	Bend5_chr4_8199	1.158124996436527e-05
shendure	zinb	NeuroectodermBrain	Bend5_chr4_8201	1.6379315638914704e-05
shendure	zinb	NeuroectodermBrain	Btg1_chr10_9572	1.67943217093125e-05
shendure	zinb	NeuroectodermBrain	Btg1_chr10_9578	0.004377363249659538
shendure	zinb	NeuroectodermBrain	Btg1_chr10_9588	1.588987470313441e-05
shendure	zinb	NeuroectodermBrain	Btg1_chr10_9593	8.231346146203578e-05
shendure	zinb	NeuroectodermBrain	Btg1_chr10_9612	6.500604649772868e-05
shendure	zinb	NeuroectodermBrain	Btg1_chr10_9613	2.1846846721018665e-05
shendure	zinb	NeuroectodermBrain	Cdk5r1_chr11_12559	0.0004679022531490773
shendure	zinb	NeuroectodermBrain	Cdk5r1_chr11_12562	0.001983269350603223
shendure	zinb	NeuroectodermBrain	Cdk5r1_chr11_12574	0.008396681398153305
shendure	zinb	NeuroectodermBrain	Cdk5r1_chr11_12575	8.81299129105173e-05
shendure	zinb	NeuroectodermBrain	Cdk5r1_chr11_12582	0.0006366296438500285
shendure	zinb	NeuroectodermBrain	Cdk5r1_chr11_12590	7.452559657394886e-05
shendure	zinb	NeuroectodermBrain	Cdk5r1_chr11_12595	5.273032365948893e-05
shendure	zinb	NeuroectodermBrain	Cited2_chr10_1239	2.616094752738718e-05
shendure	zinb	NeuroectodermBrain	Cited2_chr10_1246	6.096703509683721e-05
shendure	zinb	NeuroectodermBrain	Cited2_chr10_1248	1.295552465307992e-05
shendure	zinb	NeuroectodermBrain	Cited2_chr10_1253	9.271783346775919e-05
shendure	zinb	NeuroectodermBrain	Cited2_chr10_1254	0.002777548274025321
shendure	zinb	NeuroectodermBrain	Cited2_chr10_1267	1.350882030237699e-05
shendure	zinb	NeuroectodermBrain	Cited2_chr10_1270	3.5096971259918064e-05
shendure	zinb	NeuroectodermBrain	Col1a1_chr11_15258	7.477049803128466e-05
shendure	zinb	NeuroectodermBrain	Col1a1_chr11_15259	5.090518607175909e-05
shendure	zinb	NeuroectodermBrain	Col1a1_chr11_15269	1.5166273442446254e-05
shendure	zinb	NeuroectodermBrain	Col1a1_chr11_15270	0.000245116010773927
shendure	zinb	NeuroectodermBrain	Col1a1_chr11_15273	1.4839635696262121e-05
shendure	zinb	NeuroectodermBrain	Col1a1_chr11_15275	0.00012576633889693767
shendure	zinb	NeuroectodermBrain	Col1a1_chr11_15276	0.0002628339861985296
shendure	zinb	NeuroectodermBrain	Col1a1_chr11_15301	4.4922209781361744e-05
shendure	zinb	NeuroectodermBrain	Col1a1_chr11_15307	0.001430646632798016
shendure	zinb	NeuroectodermBrain	Col1a1_chr11_15316	7.125178672140464e-05
shendure	zinb	NeuroectodermBrain	Col1a1_chr11_15322	0.0005058730021119118
shendure	zinb	NeuroectodermBrain	Col1a2_chr6_72	2.3903989131213166e-05
shendure	zinb	NeuroectodermBrain	Col1a2_chr6_73	0.00010334548278478906
shendure	zinb	NeuroectodermBrain	Col1a2_chr6_77	0.00011955403897445649
shendure	zinb	NeuroectodermBrain	Col1a2_chr6_88	1.959517612704076e-05
shendure	zinb	NeuroectodermBrain	Col1a2_chr6_93	0.0010055825114250183
shendure	zinb	NeuroectodermBrain	Col5a1_chr2_2558	3.328112143208273e-05
shendure	zinb	NeuroectodermBrain	Col5a1_chr2_2562	1.9745943063753657e-05
shendure	zinb	NeuroectodermBrain	Col5a1_chr2_2565	1.9138700736220926e-05
shendure	zinb	NeuroectodermBrain	Col5a1_chr2_2571	6.092820331105031e-05
shendure	zinb	NeuroectodermBrain	Col5a1_chr2_2575	0.0006617996841669083
shendure	zinb	NeuroectodermBrain	Col5a1_chr2_2576	5.6727461924310774e-05
shendure	zinb	NeuroectodermBrain	Col5a1_chr2_2586	1.0360466148995329e-05
shendure	zinb	NeuroectodermBrain	Epas1_chr17_10056	1.8116837964043953e-05
shendure	zinb	NeuroectodermBrain	Epas1_chr17_10057	2.336141187697649e-05
shendure	zinb	NeuroectodermBrain	Epas1_chr17_10061	6.498100992757827e-05
shendure	zinb	NeuroectodermBrain	Epas1_chr17_10063	2.9246191843412817e-05
shendure	zinb	NeuroectodermBrain	Epas1_chr17_10064	2.2186630303622223e-05
shendure	zinb	NeuroectodermBrain	Epas1_chr17_10066	2.1382020349847153e-05
shendure	zinb	NeuroectodermBrain	Epas1_chr17_10070	0.000943665043450892
shendure	zinb	NeuroectodermBrain	Epas1_chr17_10071	0.0004303145396988839
shendure	zinb	NeuroectodermBrain	Epas1_chr17_10116	3.893972098012455e-05
shendure	zinb	NeuroectodermBrain	Foxa2_chr2_13806	2.3939328457345255e-05
shendure	zinb	NeuroectodermBrain	Foxa2_chr2_13808	0.00014741891936864704
shendure	zinb	NeuroectodermBrain	Foxa2_chr2_13812	2.7312884412822314e-05
shendure	zinb	NeuroectodermBrain	Foxa2_chr2_13818	1.2680636245931964e-05
shendure	zinb	NeuroectodermBrain	Foxa2_chr2_13820	0.00010233285138383508
shendure	zinb	NeuroectodermBrain	Foxa2_chr2_13830	1.5510509911109693e-05
shendure	zinb	NeuroectodermBrain	Foxa2_chr2_13835	9.442326700082049e-05
shendure	zinb	NeuroectodermBrain	Foxa2_chr2_13840	0.0004562274261843413
shendure	zinb	NeuroectodermBrain	Foxa2_chr2_13841	2.8335382012301125e-05
shendure	zinb	NeuroectodermBrain	Foxa2_chr2_13856	1.497757784818532e-05
shendure	zinb	NeuroectodermBrain	Foxa2_chr2_13858	1.1307414752081968e-05
shendure	zinb	NeuroectodermBrain	Foxa2_chr2_13861	1.204277668875875e-05
shendure	zinb	NeuroectodermBrain	Foxa2_chr2_13862	2.9012868253630586e-05
shendure	zinb	NeuroectodermBrain	Gata4_chr14_5677	0.0018955672858282924
shendure	zinb	NeuroectodermBrain	Gata4_chr14_5693	2.9563603675342165e-05
shendure	zinb	NeuroectodermBrain	Gata4_chr14_5710	1.4225684935809113e-05
shendure	zinb	NeuroectodermBrain	Gata4_chr14_5714	2.4170913093257695e-05
shendure	zinb	NeuroectodermBrain	Gata4_chr14_5729	1.2474900358938612e-05
shendure	zinb	NeuroectodermBrain	Gata4_chr14_5742	0.002719332929700613
shendure	zinb	NeuroectodermBrain	Gata4_chr14_5749	0.00018819273100234568
shendure	zinb	NeuroectodermBrain	Gata4_chr14_5752	6.764617410226492e-06
shendure	zinb	NeuroectodermBrain	Gata4_chr14_5760	4.302578599890694e-05
shendure	zinb	NeuroectodermBrain	Gata4_chr14_5762	1.3220677828940097e-05
shendure	zinb	NeuroectodermBrain	Gata4_chr14_5763	1.617040834389627e-05
shendure	zinb	NeuroectodermBrain	Gata4_chr14_5776	4.207104575471021e-05
shendure	zinb	NeuroectodermBrain	Gata4_chr14_5779	1.156199232354993e-05
shendure	zinb	NeuroectodermBrain	Igfbp4_chr11_16694	0.00018385497969575226
shendure	zinb	NeuroectodermBrain	Igfbp4_chr11_16710	0.00038632360519841313
shendure	zinb	NeuroectodermBrain	Igfbp4_chr11_16711	0.0005218122387304902
shendure	zinb	NeuroectodermBrain	Igfbp4_chr11_16716	7.091399311320856e-05
shendure	zinb	NeuroectodermBrain	Igfbp4_chr11_16728	0.00022816797718405724
shendure	zinb	NeuroectodermBrain	Igfbp4_chr11_16735	0.00013820240565109998
shendure	zinb	NeuroectodermBrain	Igfbp4_chr11_16738	0.00017107042367570102
shendure	zinb	NeuroectodermBrain	Igfbp4_chr11_16740	0.00185702636372298
shendure	zinb	NeuroectodermBrain	Igfbp4_chr11_16743	0.00046734660281799734
shendure	zinb	NeuroectodermBrain	Igfbp4_chr11_16784	1.8775363059830852e-05
shendure	zinb	NeuroectodermBrain	Klf4_chr4_3934	0.00018602363707032055
shendure	zinb	NeuroectodermBrain	Klf4_chr4_3936	1.658285691519268e-05
shendure	zinb	NeuroectodermBrain	Klf4_chr4_3946	5.121737558511086e-05
shendure	zinb	NeuroectodermBrain	Klf4_chr4_3948	0.002571138320490718
shendure	zinb	NeuroectodermBrain	Klf4_chr4_3949	0.00017240426677744836
shendure	zinb	NeuroectodermBrain	Klf4_chr4_3951	8.479171083308756e-05
shendure	zinb	NeuroectodermBrain	Klf4_chr4_3952	2.246289477625396e-05
shendure	zinb	NeuroectodermBrain	Klf4_chr4_3958	2.40384106291458e-05
shendure	zinb	NeuroectodermBrain	Lama1_chr17_7784	1.846304803621024e-05
shendure	zinb	NeuroectodermBrain	Lama1_chr17_7787	2.5768773411982693e-05
shendure	zinb	NeuroectodermBrain	Lama1_chr17_7788	2.886995207518339e-05
shendure	zinb	NeuroectodermBrain	Lama1_chr17_7791	1.998459265450947e-05
shendure	zinb	NeuroectodermBrain	Lama1_chr17_7793	0.0004121632082387805
shendure	zinb	NeuroectodermBrain	Lama1_chr17_7799	3.514660784276202e-05
shendure	zinb	NeuroectodermBrain	Lama1_chr17_7814	6.397929973900318e-05
shendure	zinb	NeuroectodermBrain	Lama1_chr17_7874	2.0213916286593303e-05
shendure	zinb	NeuroectodermBrain	Lama1_chr17_7892	1.9432249246165156e-05
shendure	zinb	NeuroectodermBrain	Lama1_chr17_7907	3.822528742603026e-05
shendure	zinb	NeuroectodermBrain	Lamb1_chr12_2182	1.539968616270926e-05
shendure	zinb	NeuroectodermBrain	Lamb1_chr12_2183	8.743123908061534e-05
shendure	zinb	NeuroectodermBrain	Lamb1_chr12_2186	4.2884541471721604e-05
shendure	zinb	NeuroectodermBrain	Lamb1_chr12_2189	2.9388365874183364e-05
shendure	zinb	NeuroectodermBrain	Lamb1_chr12_2196	3.497357829473913e-05
shendure	zinb	NeuroectodermBrain	Lamb1_chr12_2203	1.606507066753693e-05
shendure	zinb	NeuroectodermBrain	Lamb1_chr12_2206	2.0562318240990862e-05
shendure	zinb	NeuroectodermBrain	Lamb1_chr12_2207	3.885580736096017e-05
shendure	zinb	NeuroectodermBrain	Lamb1_chr12_2210	0.0008046505390666425
shendure	zinb	NeuroectodermBrain	Lamb1_chr12_2215	0.00010577274224488065
shendure	zinb	NeuroectodermBrain	Lamb1_chr12_2216	6.465289334300905e-05
shendure	zinb	NeuroectodermBrain	Lamb1_chr12_2238	2.1935824406682514e-05
shendure	zinb	NeuroectodermBrain	Lamb1_chr12_2239	1.463866101403255e-05
shendure	zinb	NeuroectodermBrain	Lamb1_chr12_2288	1.884406628960278e-05
shendure	zinb	NeuroectodermBrain	Lamb1_chr12_2289	3.1612573366146535e-05
shendure	zinb	NeuroectodermBrain	Lamb1_chr12_2296	0.0006357179954648018
shendure	zinb	NeuroectodermBrain	Lamc1_chr1_12127	2.0207633497193456e-05
shendure	zinb	NeuroectodermBrain	Lamc1_chr1_12152	0.000138337432872504
shendure	zinb	NeuroectodermBrain	Lamc1_chr1_12175	0.002686469117179513
shendure	zinb	NeuroectodermBrain	Lamc1_chr1_12183	2.0869343643425964e-05
shendure	zinb	NeuroectodermBrain	Lamc1_chr1_12185	1.4827342056378257e-05
shendure	zinb	NeuroectodermBrain	Lamc1_chr1_12188	3.525386637193151e-05
shendure	zinb	NeuroectodermBrain	Lamc1_chr1_12189	3.957311491831206e-05
shendure	zinb	NeuroectodermBrain	Lamc1_chr1_12193	5.29443786945194e-05
shendure	zinb	NeuroectodermBrain	Lamc1_chr1_12201	2.7089092327514663e-05
shendure	zinb	NeuroectodermBrain	Map1b_chr13_9429	0.0008010694873519242
shendure	zinb	NeuroectodermBrain	Map1b_chr13_9436	9.746295108925551e-05
shendure	zinb	NeuroectodermBrain	Map1b_chr13_9445	9.828058682614937e-05
shendure	zinb	NeuroectodermBrain	Map1b_chr13_9447	0.0008870173478499055
shendure	zinb	NeuroectodermBrain	Sox17_chr1_58	2.801097980409395e-05
shendure	zinb	NeuroectodermBrain	Sox17_chr1_59	2.0243916878825985e-05
shendure	zinb	NeuroectodermBrain	Sox17_chr1_60	4.5129309000913054e-05
shendure	zinb	NeuroectodermBrain	Sox17_chr1_65	1.6055790183600038e-05
shendure	zinb	NeuroectodermBrain	Sox17_chr1_67	9.842484723776579e-05
shendure	zinb	NeuroectodermBrain	Sox17_chr1_68	3.844497405225411e-05
shendure	zinb	NeuroectodermBrain	Sox17_chr1_69	1.755711309670005e-05
shendure	zinb	NeuroectodermBrain	Sox17_chr1_73	4.5197582949185744e-05
shendure	zinb	NeuroectodermBrain	Sox17_chr1_77	0.0001270957727683708
shendure	zinb	NeuroectodermBrain	Sox17_chr1_78	2.148581734218169e-05
shendure	zinb	NeuroectodermBrain	Sox17_chr1_82	0.00015317232464440167
shendure	zinb	NeuroectodermBrain	Sox17_chr1_83	1.3048695109318942e-05
shendure	zinb	NeuroectodermBrain	Sox2_chr3_2005	1.68528040376259e-05
shendure	zinb	NeuroectodermBrain	Sox2_chr3_2007	0.0001394183054799214
shendure	zinb	NeuroectodermBrain	Sox2_chr3_2008	2.3826400138204917e-05
shendure	zinb	NeuroectodermBrain	Sox2_chr3_2009	2.196398054366e-05
shendure	zinb	NeuroectodermBrain	Sox4_chr13_2052	0.0008784453384578228
shendure	zinb	NeuroectodermBrain	Sox4_chr13_2054	3.392213329789229e-05
shendure	zinb	NeuroectodermBrain	Sox4_chr13_2055	0.0002986017498187721
shendure	zinb	NeuroectodermBrain	Sox4_chr13_2057	1.1133351108583156e-05
shendure	zinb	NeuroectodermBrain	Sparc_chr11_7180	3.606552490964532e-05
shendure	zinb	NeuroectodermBrain	Sparc_chr11_7182	2.482141826476436e-05
shendure	zinb	NeuroectodermBrain	Sparc_chr11_7195	0.00020630269136745483
shendure	zinb	NeuroectodermBrain	Sparc_chr11_7198	2.3502194380853325e-05
shendure	zinb	NeuroectodermBrain	Sparc_chr11_7199	3.789950278587639e-05
shendure	zinb	NeuroectodermBrain	Sparc_chr11_7203	0.00016264093574136496
shendure	zinb	NeuroectodermBrain	Sparc_chr11_7205	0.00011637144052656367
shendure	zinb	NeuroectodermBrain	Sparc_chr11_7207	1.570579843246378e-05
shendure	zinb	NeuroectodermBrain	Sparc_chr11_7210	5.2258190407883376e-05
shendure	zinb	NeuroectodermBrain	Sparc_chr11_7211	0.00013247884635347873
shendure	zinb	NeuroectodermBrain	Sparc_chr11_7213	1.728035022097174e-05
shendure	zinb	NeuroectodermBrain	Sparc_chr11_7230	0.0005999439163133502
shendure	zinb	NeuroectodermBrain	Sparc_chr11_7233	4.8349549615522847e-05
shendure	zinb	NeuroectodermBrain	Sparc_chr11_7234	0.0038828528486192226
shendure	zinb	NeuroectodermBrain	Sparc_chr11_7235	0.003020909149199724
shendure	zinb	NeuroectodermBrain	Sparc_chr11_7243	1.1499564607220236e-05
shendure	zinb	NeuroectodermBrain	Tgfbi_chr13_5692	0.00027908204356208444
shendure	zinb	NeuroectodermBrain	Tgfbi_chr13_5701	1.841115954448469e-05
shendure	zinb	NeuroectodermBrain	Tgfbi_chr13_5705	0.00144168920814991
shendure	zinb	NeuroectodermBrain	Tgfbi_chr13_5711	2.153825516870711e-05
shendure	zinb	NeuroectodermBrain	Tgfbi_chr13_5724	4.850847471971065e-05
shendure	zinb	NeuroectodermBrain	Tgfbi_chr13_5735	7.053810259094462e-05
shendure	zinb	NeuroectodermBrain	Tgfbi_chr13_5741	0.005263845901936293
shendure	zinb	NeuroectodermBrain	Tubb2b_chr13_2557	3.084044874412939e-05
shendure	zinb	NeuroectodermBrain	Tubb2b_chr13_2568	0.0010258873226121068
shendure	zinb	NeuroectodermBrain	Tubb2b_chr13_2572	0.0003300234384369105
shendure	zinb	NeuroectodermBrain	Tubb2b_chr13_2576	0.005015767179429531
shendure	zinb	NeuroectodermBrain	Tubb2b_chr13_2577	8.434346091235057e-05
shendure	zinb	NeuroectodermBrain	Tubb2b_chr13_2578	2.413753463770263e-05
shendure	zinb	NeuroectodermBrain	Tubb2b_chr13_2580	0.0001023791337502189
shendure	zinb	NeuroectodermBrain	Tubb2b_chr13_2583	0.00012872781371697783
shendure	zinb	NeuroectodermBrain	Tubb2b_chr13_2590	0.00023707600485067815
shendure	zinb	NeuroectodermBrain	Txndc12_chr4_7951	8.311490091728047e-05
shendure	zinb	NeuroectodermBrain	Txndc12_chr4_7961	0.00017848018615040928
shendure	zinb	NeuroectodermBrain	Txndc12_chr4_7962	0.0011195841943845153
shendure	zinb	NeuroectodermBrain	Txndc12_chr4_7969	7.541832746937871e-05
shendure	zinb	NeuroectodermBrain	Txndc12_chr4_7971	2.337551995879039e-05
shendure	zinb	NeuroectodermBrain	Txndc12_chr4_7973	0.0031638469081372023
shendure	zinb	NeuroectodermBrain	Txndc12_chr4_7975	4.438517862581648e-05
shendure	zinb	NeuroectodermBrain	Txndc12_chr4_7978	0.0010009597754105926
shendure	zinb	NeuroectodermBrain	eef1aP	0.667044460773468
shendure	zinb	NeuroectodermBrain	pgk1P	0.21352209150791168
shendure	zinb	NeuroectodermBrain	ubcP	0.068864606320858
shendure	zinb	Mesoderm	reference	0.0005931839114055037
shendure	zinb	Mesoderm	Bend5_chr4_8168	1.1835984878416639e-05
shendure	zinb	Mesoderm	Bend5_chr4_8170	1.9116991097689606e-05
shendure	zinb	Mesoderm	Bend5_chr4_8172	6.047585338819772e-05
shendure	zinb	Mesoderm	Bend5_chr4_8174	2.3217135094455443e-05
shendure	zinb	Mesoderm	Bend5_chr4_8175	0.0021578348241746426
shendure	zinb	Mesoderm	Bend5_chr4_8179	5.635158231598325e-05
shendure	zinb	Mesoderm	Bend5_chr4_8192	1.222342143591959e-05
shendure	zinb	Mesoderm	Bend5_chr4_8199	1.8943690520245582e-05
shendure	zinb	Mesoderm	Bend5_chr4_8201	2.4889899577829055e-05
shendure	zinb	Mesoderm	Btg1_chr10_9572	1.8456110410625115e-05
shendure	zinb	Mesoderm	Btg1_chr10_9578	0.00442921556532383
shendure	zinb	Mesoderm	Btg1_chr10_9588	1.4395829566637985e-05
shendure	zinb	Mesoderm	Btg1_chr10_9593	0.0001495835604146123
shendure	zinb	Mesoderm	Btg1_chr10_9612	2.3992099158931524e-05
shendure	zinb	Mesoderm	Btg1_chr10_9613	2.4272803784697317e-05
shendure	zinb	Mesoderm	Cdk5r1_chr11_12559	0.00033875598455779254
shendure	zinb	Mesoderm	Cdk5r1_chr11_12562	0.0015320205129683018
shendure	zinb	Mesoderm	Cdk5r1_chr11_12574	0.005606332793831825
shendure	zinb	Mesoderm	Cdk5r1_chr11_12575	9.567670349497348e-05
shendure	zinb	Mesoderm	Cdk5r1_chr11_12582	0.0006558790919370949
shendure	zinb	Mesoderm	Cdk5r1_chr11_12590	1.116372732212767e-05
shendure	zinb	Mesoderm	Cdk5r1_chr11_12595	1.3830266652803402e-05
shendure	zinb	Mesoderm	Cited2_chr10_1239	2.9424372769426554e-05
shendure	zinb	Mesoderm	Cited2_chr10_1246	2.6890156732406467e-05
shendure	zinb	Mesoderm	Cited2_chr10_1248	2.4779648811090738e-05
shendure	zinb	Mesoderm	Cited2_chr10_1253	4.041467036586255e-05
shendure	zinb	Mesoderm	Cited2_chr10_1254	0.002784355077892542
shendure	zinb	Mesoderm	Cited2_chr10_1267	1.9824949049507268e-05
shendure	zinb	Mesoderm	Cited2_chr10_1270	3.770598050323315e-05
shendure	zinb	Mesoderm	Col1a1_chr11_15258	0.00011224734771531075
shendure	zinb	Mesoderm	Col1a1_chr11_15259	0.00019279158732388169
shendure	zinb	Mesoderm	Col1a1_chr11_15269	2.0914050764986314e-05
shendure	zinb	Mesoderm	Col1a1_chr11_15270	0.00024680420756340027
shendure	zinb	Mesoderm	Col1a1_chr11_15273	5.568003689404577e-05
shendure	zinb	Mesoderm	Col1a1_chr11_15275	0.0004853526479564607
shendure	zinb	Mesoderm	Col1a1_chr11_15276	0.0001487351837567985
shendure	zinb	Mesoderm	Col1a1_chr11_15301	6.291325553320348e-05
shendure	zinb	Mesoderm	Col1a1_chr11_15307	0.0012555841822177172
shendure	zinb	Mesoderm	Col1a1_chr11_15316	8.39186177472584e-05
shendure	zinb	Mesoderm	Col1a1_chr11_15322	0.0004321608867030591
shendure	zinb	Mesoderm	Col1a2_chr6_72	8.892494952306151e-05
shendure	zinb	Mesoderm	Col1a2_chr6_73	0.00013189077435526997
shendure	zinb	Mesoderm	Col1a2_chr6_77	0.00041372093255631626
shendure	zinb	Mesoderm	Col1a2_chr6_88	2.97234182653483e-05
shendure	zinb	Mesoderm	Col1a2_chr6_93	0.0007364829652942717
shendure	zinb	Mesoderm	Col5a1_chr2_2558	3.491632378427312e-05
shendure	zinb	Mesoderm	Col5a1_chr2_2562	3.245480911573395e-05
shendure	zinb	Mesoderm	Col5a1_chr2_2565	9.475865226704627e-05
shendure	zinb	Mesoderm	Col5a1_chr2_2571	0.0001635553635424003
shendure	zinb	Mesoderm	Col5a1_chr2_2575	0.0006917263381183147
shendure	zinb	Mesoderm	Col5a1_chr2_2576	0.0001937537599587813
shendure	zinb	Mesoderm	Col5a1_chr2_2586	2.8358224881230853e-05
shendure	zinb	Mesoderm	Epas1_chr17_10056	2.598244827822782e-05
shendure	zinb	Mesoderm	Epas1_chr17_10057	2.3843722374294885e-05
shendure	zinb	Mesoderm	Epas1_chr17_10061	5.678239540429786e-05
shendure	zinb	Mesoderm	Epas1_chr17_10063	2.5971277864300646e-05
shendure	zinb	Mesoderm	Epas1_chr17_10064	2.4118664441630244e-05
shendure	zinb	Mesoderm	Epas1_chr17_10066	6.799256516387686e-05
shendure	zinb	Mesoderm	Epas1_chr17_10070	0.0016249428736045957
shendure	zinb	Mesoderm	Epas1_chr17_10071	0.0001398859021719545
shendure	zinb	Mesoderm	Epas1_chr17_10116	6.820258568041027e-05
shendure	zinb	Mesoderm	Foxa2_chr2_13806	2.6180337954428978e-05
shendure	zinb	Mesoderm	Foxa2_chr2_13808	5.2681920351460576e-05
shendure	zinb	Mesoderm	Foxa2_chr2_13812	2.508030411263462e-05
shendure	zinb	Mesoderm	Foxa2_chr2_13818	1.5311383322114125e-05
shendure	zinb	Mesoderm	Foxa2_chr2_13820	0.00015284924302250147
shendure	zinb	Mesoderm	Foxa2_chr2_13830	1.6456413504783995e-05
shendure	zinb	Mesoderm	Foxa2_chr2_13835	8.032703772187233e-05
shendure	zinb	Mesoderm	Foxa2_chr2_13840	0.0003375017549842596
shendure	zinb	Mesoderm	Foxa2_chr2_13841	0.00011155314859934151
shendure	zinb	Mesoderm	Foxa2_chr2_13856	1.673362021392677e-05
shendure	zinb	Mesoderm	Foxa2_chr2_13858	3.474329787422903e-05
shendure	zinb	Mesoderm	Foxa2_chr2_13861	1.1107315913250204e-05
shendure	zinb	Mesoderm	Foxa2_chr2_13862	4.3260675738565624e-05
shendure	zinb	Mesoderm	Gata4_chr14_5677	0.00018537546566221863
shendure	zinb	Mesoderm	Gata4_chr14_5693	2.5995710529969074e-05
shendure	zinb	Mesoderm	Gata4_chr14_5710	1.4611283404519781e-05
shendure	zinb	Mesoderm	Gata4_chr14_5714	2.141479308193084e-05
shendure	zinb	Mesoderm	Gata4_chr14_5729	1.397447704221122e-05
shendure	zinb	Mesoderm	Gata4_chr14_5742	0.0017623025923967361
shendure	zinb	Mesoderm	Gata4_chr14_5749	0.000340662692906335
shendure	zinb	Mesoderm	Gata4_chr14_5752	3.486002970021218e-05
shendure	zinb	Mesoderm	Gata4_chr14_5760	3.807215762208216e-05
shendure	zinb	Mesoderm	Gata4_chr14_5762	3.7165147659834474e-05
shendure	zinb	Mesoderm	Gata4_chr14_5763	2.088801920763217e-05
shendure	zinb	Mesoderm	Gata4_chr14_5776	2.9180611818446778e-05
shendure	zinb	Mesoderm	Gata4_chr14_5779	3.219681093469262e-05
shendure	zinb	Mesoderm	Igfbp4_chr11_16694	0.00010780883894767612
shendure	zinb	Mesoderm	Igfbp4_chr11_16710	0.0003053029940929264
shendure	zinb	Mesoderm	Igfbp4_chr11_16711	0.0006927235517650843
shendure	zinb	Mesoderm	Igfbp4_chr11_16716	8.767797407926992e-05
shendure	zinb	Mesoderm	Igfbp4_chr11_16728	0.00010429030953673646
shendure	zinb	Mesoderm	Igfbp4_chr11_16735	8.463973790640011e-05
shendure	zinb	Mesoderm	Igfbp4_chr11_16738	0.0003332780033815652
shendure	zinb	Mesoderm	Igfbp4_chr11_16740	0.00077205675188452
shendure	zinb	Mesoderm	Igfbp4_chr11_16743	0.00033242316567339003
shendure	zinb	Mesoderm	Igfbp4_chr11_16784	3.2350366382161155e-05
shendure	zinb	Mesoderm	Klf4_chr4_3934	0.00026851962320506573
shendure	zinb	Mesoderm	Klf4_chr4_3936	1.799173332983628e-05
shendure	zinb	Mesoderm	Klf4_chr4_3946	6.089573071221821e-05
shendure	zinb	Mesoderm	Klf4_chr4_3948	0.0037764101289212704
shendure	zinb	Mesoderm	Klf4_chr4_3949	0.00026808539405465126
shendure	zinb	Mesoderm	Klf4_chr4_3951	4.560553497867659e-05
shendure	zinb	Mesoderm	Klf4_chr4_3952	1.5794134014868177e-05
shendure	zinb	Mesoderm	Klf4_chr4_3958	2.843328911694698e-05
shendure	zinb	Mesoderm	Lama1_chr17_7784	5.1433671615086496e-05
shendure	zinb	Mesoderm	Lama1_chr17_7787	2.828775359375868e-05
shendure	zinb	Mesoderm	Lama1_chr17_7788	1.949210673046764e-05
shendure	zinb	Mesoderm	Lama1_chr17_7791	2.1938358258921653e-05
shendure	zinb	Mesoderm	Lama1_chr17_7793	0.00029312161495909095
shendure	zinb	Mesoderm	Lama1_chr17_7799	4.534834806690924e-05
shendure	zinb	Mesoderm	Lama1_chr17_7814	0.0001860440243035555
shendure	zinb	Mesoderm	Lama1_chr17_7874	2.2611346139456145e-05
shendure	zinb	Mesoderm	Lama1_chr17_7892	3.837654730887152e-05
shendure	zinb	Mesoderm	Lama1_chr17_7907	2.2748627088731155e-05
shendure	zinb	Mesoderm	Lamb1_chr12_2182	1.6796710042399354e-05
shendure	zinb	Mesoderm	Lamb1_chr12_2183	6.405775638995692e-05
shendure	zinb	Mesoderm	Lamb1_chr12_2186	2.5286126401624642e-05
shendure	zinb	Mesoderm	Lamb1_chr12_2189	2.993232374137733e-05
shendure	zinb	Mesoderm	Lamb1_chr12_2196	2.1217849280219525e-05
shendure	zinb	Mesoderm	Lamb1_chr12_2203	1.795714342733845e-05
shendure	zinb	Mesoderm	Lamb1_chr12_2206	2.2867803636472672e-05
shendure	zinb	Mesoderm	Lamb1_chr12_2207	3.426162584219128e-05
shendure	zinb	Mesoderm	Lamb1_chr12_2210	0.0008424232946708798
shendure	zinb	Mesoderm	Lamb1_chr12_2215	3.428470154176466e-05
shendure	zinb	Mesoderm	Lamb1_chr12_2216	9.48909655562602e-05
shendure	zinb	Mesoderm	Lamb1_chr12_2238	2.2654559870716184e-05
shendure	zinb	Mesoderm	Lamb1_chr12_2239	1.3197523912822362e-05
shendure	zinb	Mesoderm	Lamb1_chr12_2288	1.9428802261245437e-05
shendure	zinb	Mesoderm	Lamb1_chr12_2289	1.6597507055848837e-05
shendure	zinb	Mesoderm	Lamb1_chr12_2296	0.00040905087371356785
shendure	zinb	Mesoderm	Lamc1_chr1_12127	2.2396157874027267e-05
shendure	zinb	Mesoderm	Lamc1_chr1_12152	7.201994594652206e-05
shendure	zinb	Mesoderm	Lamc1_chr1_12175	0.0029994489159435034
shendure	zinb	Mesoderm	Lamc1_chr1_12183	2.3126001906348392e-05
shendure	zinb	Mesoderm	Lamc1_chr1_12185	3.032139466085937e-05
shendure	zinb	Mesoderm	Lamc1_chr1_12188	3.775707591557875e-05
shendure	zinb	Mesoderm	Lamc1_chr1_12189	2.763241354841739e-05
shendure	zinb	Mesoderm	Lamc1_chr1_12193	2.41372126765782e-05
shendure	zinb	Mesoderm	Lamc1_chr1_12201	2.4394896172452718e-05
shendure	zinb	Mesoderm	Map1b_chr13_9429	8.125523891067132e-05
shendure	zinb	Mesoderm	Map1b_chr13_9436	9.478016727371141e-05
shendure	zinb	Mesoderm	Map1b_chr13_9445	5.50189106434118e-05
shendure	zinb	Mesoderm	Map1b_chr13_9447	0.0005473772762343287
shendure	zinb	Mesoderm	Sox17_chr1_58	2.1520763766602613e-05
shendure	zinb	Mesoderm	Sox17_chr1_59	1.805536521715112e-05
shendure	zinb	Mesoderm	Sox17_chr1_60	6.153357389848679e-05
shendure	zinb	Mesoderm	Sox17_chr1_65	2.6238354621455073e-05
shendure	zinb	Mesoderm	Sox17_chr1_67	8.522804273525253e-05
shendure	zinb	Mesoderm	Sox17_chr1_68	0.00010261528223054484
shendure	zinb	Mesoderm	Sox17_chr1_69	2.0569988919305615e-05
shendure	zinb	Mesoderm	Sox17_chr1_73	1.748659815348219e-05
shendure	zinb	Mesoderm	Sox17_chr1_77	8.535687811672688e-05
shendure	zinb	Mesoderm	Sox17_chr1_78	2.5921934138750657e-05
shendure	zinb	Mesoderm	Sox17_chr1_82	0.00013508260599337518
shendure	zinb	Mesoderm	Sox17_chr1_83	4.576647552312352e-05
shendure	zinb	Mesoderm	Sox2_chr3_2005	1.715493453957606e-05
shendure	zinb	Mesoderm	Sox2_chr3_2007	0.00012641616922337562
shendure	zinb	Mesoderm	Sox2_chr3_2008	1.86173874681117e-05
shendure	zinb	Mesoderm	Sox2_chr3_2009	0.00015625014202669263
shendure	zinb	Mesoderm	Sox4_chr13_2052	0.0005539344856515527
shendure	zinb	Mesoderm	Sox4_chr13_2054	3.8186557503649965e-05
shendure	zinb	Mesoderm	Sox4_chr13_2055	0.00041753280675038695
shendure	zinb	Mesoderm	Sox4_chr13_2057	3.0089593565207906e-05
shendure	zinb	Mesoderm	Sparc_chr11_7180	2.2695579900755547e-05
shendure	zinb	Mesoderm	Sparc_chr11_7182	2.7115327611682005e-05
shendure	zinb	Mesoderm	Sparc_chr11_7195	0.0002447579463478178
shendure	zinb	Mesoderm	Sparc_chr11_7198	2.995651084347628e-05
shendure	zinb	Mesoderm	Sparc_chr11_7199	4.490276478463784e-05
shendure	zinb	Mesoderm	Sparc_chr11_7203	0.00032135137007571757
shendure	zinb	Mesoderm	Sparc_chr11_7205	0.0003312888729851693
shendure	zinb	Mesoderm	Sparc_chr11_7207	4.9594498705118895e-05
shendure	zinb	Mesoderm	Sparc_chr11_7210	0.0002091240748995915
shendure	zinb	Mesoderm	Sparc_chr11_7211	0.0005222433246672153
shendure	zinb	Mesoderm	Sparc_chr11_7213	1.9295614038128406e-05
shendure	zinb	Mesoderm	Sparc_chr11_7230	0.0003424521128181368
shendure	zinb	Mesoderm	Sparc_chr11_7233	2.1732948880526237e-05
shendure	zinb	Mesoderm	Sparc_chr11_7234	0.0020255339331924915
shendure	zinb	Mesoderm	Sparc_chr11_7235	0.0021257365588098764
shendure	zinb	Mesoderm	Sparc_chr11_7243	0.00013940515054855496
shendure	zinb	Mesoderm	Tgfbi_chr13_5692	0.000731119595002383
shendure	zinb	Mesoderm	Tgfbi_chr13_5701	3.1045925425132737e-05
shendure	zinb	Mesoderm	Tgfbi_chr13_5705	0.0007690908387303352
shendure	zinb	Mesoderm	Tgfbi_chr13_5711	7.759487198200077e-05
shendure	zinb	Mesoderm	Tgfbi_chr13_5724	0.00012868056364823133
shendure	zinb	Mesoderm	Tgfbi_chr13_5735	0.0002074054500553757
shendure	zinb	Mesoderm	Tgfbi_chr13_5741	0.0038730211090296507
shendure	zinb	Mesoderm	Tubb2b_chr13_2557	4.08101113862358e-05
shendure	zinb	Mesoderm	Tubb2b_chr13_2568	0.0013014874421060085
shendure	zinb	Mesoderm	Tubb2b_chr13_2572	4.46328594989609e-05
shendure	zinb	Mesoderm	Tubb2b_chr13_2576	0.0018161990446969867
shendure	zinb	Mesoderm	Tubb2b_chr13_2577	3.6452081985771656e-05
shendure	zinb	Mesoderm	Tubb2b_chr13_2578	4.200905823381618e-05
shendure	zinb	Mesoderm	Tubb2b_chr13_2580	2.6514395358390175e-05
shendure	zinb	Mesoderm	Tubb2b_chr13_2583	5.778383638244122e-05
shendure	zinb	Mesoderm	Tubb2b_chr13_2590	0.0002398106298642233
shendure	zinb	Mesoderm	Txndc12_chr4_7951	8.567869372200221e-05
shendure	zinb	Mesoderm	Txndc12_chr4_7961	0.0002578191051725298
shendure	zinb	Mesoderm	Txndc12_chr4_7962	0.0008851809543557465
shendure	zinb	Mesoderm	Txndc12_chr4_7969	8.173842797987163e-05
shendure	zinb	Mesoderm	Txndc12_chr4_7971	2.0836132534896024e-05
shendure	zinb	Mesoderm	Txndc12_chr4_7973	0.0023753722198307514
shendure	zinb	Mesoderm	Txndc12_chr4_7975	1.557965333631728e-05
shendure	zinb	Mesoderm	Txndc12_chr4_7978	0.0012673093006014824
shendure	zinb	Mesoderm	eef1aP	0.3950863480567932
shendure	zinb	Mesoderm	pgk1P	0.14514103531837463
shendure	zinb	Mesoderm	ubcP	0.06906257569789886
shendure	zinb	ExEndodermParietal	reference	0.0007264268933795393
shendure	zinb	ExEndodermParietal	Bend5_chr4_8168	8.168489148374647e-05
shendure	zinb	ExEndodermParietal	Bend5_chr4_8170	2.4313651010743342e-05
shendure	zinb	ExEndodermParietal	Bend5_chr4_8172	4.570489181787707e-05
shendure	zinb	ExEndodermParietal	Bend5_chr4_8174	0.002234908053651452
shendure	zinb	ExEndodermParietal	Bend5_chr4_8175	0.002859296277165413
shendure	zinb	ExEndodermParietal	Bend5_chr4_8179	0.003278016811236739
shendure	zinb	ExEndodermParietal	Bend5_chr4_8192	9.167505049845204e-05
shendure	zinb	ExEndodermParietal	Bend5_chr4_8199	0.00013882419443689287
shendure	zinb	ExEndodermParietal	Bend5_chr4_8201	0.008892818354070187
shendure	zinb	ExEndodermParietal	Btg1_chr10_9572	0.00023645980400033295
shendure	zinb	ExEndodermParietal	Btg1_chr10_9578	0.0035682562738656998
shendure	zinb	ExEndodermParietal	Btg1_chr10_9588	1.200189126393525e-05
shendure	zinb	ExEndodermParietal	Btg1_chr10_9593	0.00026955746579915285
shendure	zinb	ExEndodermParietal	Btg1_chr10_9612	0.0001953920436790213
shendure	zinb	ExEndodermParietal	Btg1_chr10_9613	0.0003517231089062989
shendure	zinb	ExEndodermParietal	Cdk5r1_chr11_12559	0.0005114130908623338
shendure	zinb	ExEndodermParietal	Cdk5r1_chr11_12562	0.002171942265704274
shendure	zinb	ExEndodermParietal	Cdk5r1_chr11_12574	0.007930954918265343
shendure	zinb	ExEndodermParietal	Cdk5r1_chr11_12575	0.00010499775089556351
shendure	zinb	ExEndodermParietal	Cdk5r1_chr11_12582	0.00023220424191094935
shendure	zinb	ExEndodermParietal	Cdk5r1_chr11_12590	1.3656553164764773e-05
shendure	zinb	ExEndodermParietal	Cdk5r1_chr11_12595	1.7663742255535908e-05
shendure	zinb	ExEndodermParietal	Cited2_chr10_1239	0.0014781900681555271
shendure	zinb	ExEndodermParietal	Cited2_chr10_1246	3.437814302742481e-05
shendure	zinb	ExEndodermParietal	Cited2_chr10_1248	7.149259909056127e-05
shendure	zinb	ExEndodermParietal	Cited2_chr10_1253	0.0010215409565716982
shendure	zinb	ExEndodermParietal	Cited2_chr10_1254	0.014338087290525436
shendure	zinb	ExEndodermParietal	Cited2_chr10_1267	0.00011357285984558985
shendure	zinb	ExEndodermParietal	Cited2_chr10_1270	0.0001135656057158485
shendure	zinb	ExEndodermParietal	Col1a1_chr11_15258	6.53737733955495e-05
shendure	zinb	ExEndodermParietal	Col1a1_chr11_15259	0.00020333140855655074
shendure	zinb	ExEndodermParietal	Col1a1_chr11_15269	1.2353832971712109e-05
shendure	zinb	ExEndodermParietal	Col1a1_chr11_15270	1.701117798802443e-05
shendure	zinb	ExEndodermParietal	Col1a1_chr11_15273	3.583267243811861e-05
shendure	zinb	ExEndodermParietal	Col1a1_chr11_15275	1.3038246834184974e-05
shendure	zinb	ExEndodermParietal	Col1a1_chr11_15276	0.00017673963156994432
shendure	zinb	ExEndodermParietal	Col1a1_chr11_15301	3.994595681433566e-05
shendure	zinb	ExEndodermParietal	Col1a1_chr11_15307	0.0029726438224315643
shendure	zinb	ExEndodermParietal	Col1a1_chr11_15316	8.699325553607196e-05
shendure	zinb	ExEndodermParietal	Col1a1_chr11_15322	0.00047788993106223643
shendure	zinb	ExEndodermParietal	Col1a2_chr6_72	1.576533031766303e-05
shendure	zinb	ExEndodermParietal	Col1a2_chr6_73	1.1825795809272677e-05
shendure	zinb	ExEndodermParietal	Col1a2_chr6_77	0.0001940373913384974
shendure	zinb	ExEndodermParietal	Col1a2_chr6_88	1.3727546502195764e-05
shendure	zinb	ExEndodermParietal	Col1a2_chr6_93	0.0012297212379053235
shendure	zinb	ExEndodermParietal	Col5a1_chr2_2558	5.672010229318403e-05
shendure	zinb	ExEndodermParietal	Col5a1_chr2_2562	1.2732232789858244e-05
shendure	zinb	ExEndodermParietal	Col5a1_chr2_2565	2.644752385094762e-05
shendure	zinb	ExEndodermParietal	Col5a1_chr2_2571	0.0013845172943547368
shendure	zinb	ExEndodermParietal	Col5a1_chr2_2575	0.0006811155471950769
shendure	zinb	ExEndodermParietal	Col5a1_chr2_2576	4.369288217276335e-05
shendure	zinb	ExEndodermParietal	Col5a1_chr2_2586	1.3830175703333225e-05
shendure	zinb	ExEndodermParietal	Epas1_chr17_10056	0.00023625264293514192
shendure	zinb	ExEndodermParietal	Epas1_chr17_10057	0.00032646546605974436
shendure	zinb	ExEndodermParietal	Epas1_chr17_10061	0.0002404761762591079
shendure	zinb	ExEndodermParietal	Epas1_chr17_10063	0.06388550251722336
shendure	zinb	ExEndodermParietal	Epas1_chr17_10064	0.00015061291924212128
shendure	zinb	ExEndodermParietal	Epas1_chr17_10066	0.00015996342699509114
shendure	zinb	ExEndodermParietal	Epas1_chr17_10070	0.003584812628105283
shendure	zinb	ExEndodermParietal	Epas1_chr17_10071	0.0009105775970965624
shendure	zinb	ExEndodermParietal	Epas1_chr17_10116	8.539758709957823e-05
shendure	zinb	ExEndodermParietal	Foxa2_chr2_13806	0.0001106305790017359
shendure	zinb	ExEndodermParietal	Foxa2_chr2_13808	0.00013486570969689637
shendure	zinb	ExEndodermParietal	Foxa2_chr2_13812	3.655596447060816e-05
shendure	zinb	ExEndodermParietal	Foxa2_chr2_13818	0.000377928139641881
shendure	zinb	ExEndodermParietal	Foxa2_chr2_13820	0.01646595261991024
shendure	zinb	ExEndodermParietal	Foxa2_chr2_13830	4.609315510606393e-05
shendure	zinb	ExEndodermParietal	Foxa2_chr2_13835	0.00015292783791664988
shendure	zinb	ExEndodermParietal	Foxa2_chr2_13840	0.0007887789979577065
shendure	zinb	ExEndodermParietal	Foxa2_chr2_13841	2.4717079213587567e-05
shendure	zinb	ExEndodermParietal	Foxa2_chr2_13856	2.092105569317937e-05
shendure	zinb	ExEndodermParietal	Foxa2_chr2_13858	0.00939116533845663
shendure	zinb	ExEndodermParietal	Foxa2_chr2_13861	3.980988549301401e-05
shendure	zinb	ExEndodermParietal	Foxa2_chr2_13862	0.0022485628724098206
shendure	zinb	ExEndodermParietal	Gata4_chr14_5677	0.0012423949083313346
shendure	zinb	ExEndodermParietal	Gata4_chr14_5693	0.00014848292630631477
shendure	zinb	ExEndodermParietal	Gata4_chr14_5710	2.893867167585995e-05
shendure	zinb	ExEndodermParietal	Gata4_chr14_5714	0.00017797383770812303
shendure	zinb	ExEndodermParietal	Gata4_chr14_5729	0.04435060918331146
shendure	zinb	ExEndodermParietal	Gata4_chr14_5742	0.007164262235164642
shendure	zinb	ExEndodermParietal	Gata4_chr14_5749	0.0009918218711391091
shendure	zinb	ExEndodermParietal	Gata4_chr14_5752	3.3693959267111495e-05
shendure	zinb	ExEndodermParietal	Gata4_chr14_5760	0.00016767445777077228
shendure	zinb	ExEndodermParietal	Gata4_chr14_5762	5.055115980212577e-05
shendure	zinb	ExEndodermParietal	Gata4_chr14_5763	0.00013304021558724344
shendure	zinb	ExEndodermParietal	Gata4_chr14_5776	0.00047357872244901955
shendure	zinb	ExEndodermParietal	Gata4_chr14_5779	1.5712121239630505e-05
shendure	zinb	ExEndodermParietal	Igfbp4_chr11_16694	7.58266614866443e-05
shendure	zinb	ExEndodermParietal	Igfbp4_chr11_16710	0.0004880987398792058
shendure	zinb	ExEndodermParietal	Igfbp4_chr11_16711	0.0011809387942776084
shendure	zinb	ExEndodermParietal	Igfbp4_chr11_16716	0.0001397224550601095
shendure	zinb	ExEndodermParietal	Igfbp4_chr11_16728	0.0001764156186254695
shendure	zinb	ExEndodermParietal	Igfbp4_chr11_16735	0.00010949999705189839
shendure	zinb	ExEndodermParietal	Igfbp4_chr11_16738	7.515675679314882e-05
shendure	zinb	ExEndodermParietal	Igfbp4_chr11_16740	0.0007455058512277901
shendure	zinb	ExEndodermParietal	Igfbp4_chr11_16743	0.00024583798949606717
shendure	zinb	ExEndodermParietal	Igfbp4_chr11_16784	1.4454103620664682e-05
shendure	zinb	ExEndodermParietal	Klf4_chr4_3934	0.0004227844183333218
shendure	zinb	ExEndodermParietal	Klf4_chr4_3936	0.009250476956367493
shendure	zinb	ExEndodermParietal	Klf4_chr4_3946	5.67425558983814e-05
shendure	zinb	ExEndodermParietal	Klf4_chr4_3948	0.004995614290237427
shendure	zinb	ExEndodermParietal	Klf4_chr4_3949	0.00033691819407977164
shendure	zinb	ExEndodermParietal	Klf4_chr4_3951	0.00020694824343081564
shendure	zinb	ExEndodermParietal	Klf4_chr4_3952	0.0009025772451423109
shendure	zinb	ExEndodermParietal	Klf4_chr4_3958	0.00010283463780069724
shendure	zinb	ExEndodermParietal	Lama1_chr17_7784	0.09908585995435715
shendure	zinb	ExEndodermParietal	Lama1_chr17_7787	7.029379048617557e-05
shendure	zinb	ExEndodermParietal	Lama1_chr17_7788	0.0005576240364462137
shendure	zinb	ExEndodermParietal	Lama1_chr17_7791	0.023045074194669724
shendure	zinb	ExEndodermParietal	Lama1_chr17_7793	0.001003406010568142
shendure	zinb	ExEndodermParietal	Lama1_chr17_7799	0.0007526401896029711
shendure	zinb	ExEndodermParietal	Lama1_chr17_7814	4.667804023483768e-05
shendure	zinb	ExEndodermParietal	Lama1_chr17_7874	0.00043705618008971214
shendure	zinb	ExEndodermParietal	Lama1_chr17_7892	2.8908385502290912e-05
shendure	zinb	ExEndodermParietal	Lama1_chr17_7907	2.7698401027009822e-05
shendure	zinb	ExEndodermParietal	Lamb1_chr12_2182	0.00010264514276059344
shendure	zinb	ExEndodermParietal	Lamb1_chr12_2183	0.03245702013373375
shendure	zinb	ExEndodermParietal	Lamb1_chr12_2186	0.000391052890336141
shendure	zinb	ExEndodermParietal	Lamb1_chr12_2189	0.00059317093109712
shendure	zinb	ExEndodermParietal	Lamb1_chr12_2196	0.00021645714878104627
shendure	zinb	ExEndodermParietal	Lamb1_chr12_2203	4.327644273871556e-05
shendure	zinb	ExEndodermParietal	Lamb1_chr12_2206	2.840645902324468e-05
shendure	zinb	ExEndodermParietal	Lamb1_chr12_2207	2.1053934688097797e-05
shendure	zinb	ExEndodermParietal	Lamb1_chr12_2210	0.0020895092748105526
shendure	zinb	ExEndodermParietal	Lamb1_chr12_2215	0.0001555983762955293
shendure	zinb	ExEndodermParietal	Lamb1_chr12_2216	0.0027716050390154123
shendure	zinb	ExEndodermParietal	Lamb1_chr12_2238	8.176454866770655e-05
shendure	zinb	ExEndodermParietal	Lamb1_chr12_2239	0.0007056827307678759
shendure	zinb	ExEndodermParietal	Lamb1_chr12_2288	4.6692384785274044e-05
shendure	zinb	ExEndodermParietal	Lamb1_chr12_2289	3.179995474056341e-05
shendure	zinb	ExEndodermParietal	Lamb1_chr12_2296	0.0007954477914609015
shendure	zinb	ExEndodermParietal	Lamc1_chr1_12127	5.4788102715974674e-05
shendure	zinb	ExEndodermParietal	Lamc1_chr1_12152	0.0005307896062731743
shendure	zinb	ExEndodermParietal	Lamc1_chr1_12175	0.006712430156767368
shendure	zinb	ExEndodermParietal	Lamc1_chr1_12183	2.9316450309124775e-05
shendure	zinb	ExEndodermParietal	Lamc1_chr1_12185	0.0014466847060248256
shendure	zinb	ExEndodermParietal	Lamc1_chr1_12188	4.611742406268604e-05
shendure	zinb	ExEndodermParietal	Lamc1_chr1_12189	0.008845726028084755
shendure	zinb	ExEndodermParietal	Lamc1_chr1_12193	1.5229495147650596e-05
shendure	zinb	ExEndodermParietal	Lamc1_chr1_12201	6.109478999860585e-05
shendure	zinb	ExEndodermParietal	Map1b_chr13_9429	0.00011738127068383619
shendure	zinb	ExEndodermParietal	Map1b_chr13_9436	0.0009207696421071887
shendure	zinb	ExEndodermParietal	Map1b_chr13_9445	0.00029076289501972497
shendure	zinb	ExEndodermParietal	Map1b_chr13_9447	0.007587621919810772
shendure	zinb	ExEndodermParietal	Sox17_chr1_58	0.0008751783752813935
shendure	zinb	ExEndodermParietal	Sox17_chr1_59	4.9683399993227795e-05
shendure	zinb	ExEndodermParietal	Sox17_chr1_60	3.825322346528992e-05
shendure	zinb	ExEndodermParietal	Sox17_chr1_65	2.1258236301946454e-05
shendure	zinb	ExEndodermParietal	Sox17_chr1_67	3.30338443745859e-05
shendure	zinb	ExEndodermParietal	Sox17_chr1_68	5.955166489002295e-05
shendure	zinb	ExEndodermParietal	Sox17_chr1_69	8.720241021364927e-05
shendure	zinb	ExEndodermParietal	Sox17_chr1_73	0.00016206727013923228
shendure	zinb	ExEndodermParietal	Sox17_chr1_77	0.0015235081082209945
shendure	zinb	ExEndodermParietal	Sox17_chr1_78	6.536493310704827e-05
shendure	zinb	ExEndodermParietal	Sox17_chr1_82	0.0002995535614900291
shendure	zinb	ExEndodermParietal	Sox17_chr1_83	3.398274930077605e-05
shendure	zinb	ExEndodermParietal	Sox2_chr3_2005	3.50768277712632e-05
shendure	zinb	ExEndodermParietal	Sox2_chr3_2007	0.0001141793982242234
shendure	zinb	ExEndodermParietal	Sox2_chr3_2008	5.95514356973581e-05
shendure	zinb	ExEndodermParietal	Sox2_chr3_2009	1.6264657460851595e-05
shendure	zinb	ExEndodermParietal	Sox4_chr13_2052	0.0006670122384093702
shendure	zinb	ExEndodermParietal	Sox4_chr13_2054	4.668734618462622e-05
shendure	zinb	ExEndodermParietal	Sox4_chr13_2055	0.0009437236003577709
shendure	zinb	ExEndodermParietal	Sox4_chr13_2057	2.2917996830074117e-05
shendure	zinb	ExEndodermParietal	Sparc_chr11_7180	4.9247424612985924e-05
shendure	zinb	ExEndodermParietal	Sparc_chr11_7182	6.675298936897889e-05
shendure	zinb	ExEndodermParietal	Sparc_chr11_7195	0.0003242970269639045
shendure	zinb	ExEndodermParietal	Sparc_chr11_7198	9.794467769097537e-05
shendure	zinb	ExEndodermParietal	Sparc_chr11_7199	2.801376103889197e-05
shendure	zinb	ExEndodermParietal	Sparc_chr11_7203	0.00043143428047187626
shendure	zinb	ExEndodermParietal	Sparc_chr11_7205	0.0005082020652480423
shendure	zinb	ExEndodermParietal	Sparc_chr11_7207	2.1168996681808494e-05
shendure	zinb	ExEndodermParietal	Sparc_chr11_7210	0.00029056466883048415
shendure	zinb	ExEndodermParietal	Sparc_chr11_7211	0.013826001435518265
shendure	zinb	ExEndodermParietal	Sparc_chr11_7213	0.0012094024568796158
shendure	zinb	ExEndodermParietal	Sparc_chr11_7230	0.002364425454288721
shendure	zinb	ExEndodermParietal	Sparc_chr11_7233	2.8035407012794167e-05
shendure	zinb	ExEndodermParietal	Sparc_chr11_7234	0.0032339878380298615
shendure	zinb	ExEndodermParietal	Sparc_chr11_7235	0.005519165191799402
shendure	zinb	ExEndodermParietal	Sparc_chr11_7243	7.140919478842989e-05
shendure	zinb	ExEndodermParietal	Tgfbi_chr13_5692	0.0026517079677432775
shendure	zinb	ExEndodermParietal	Tgfbi_chr13_5701	0.00038055729237385094
shendure	zinb	ExEndodermParietal	Tgfbi_chr13_5705	0.0006785655859857798
shendure	zinb	ExEndodermParietal	Tgfbi_chr13_5711	2.8751037461915985e-05
shendure	zinb	ExEndodermParietal	Tgfbi_chr13_5724	0.00040756710222922266
shendure	zinb	ExEndodermParietal	Tgfbi_chr13_5735	0.0007141014793887734
shendure	zinb	ExEndodermParietal	Tgfbi_chr13_5741	0.004416770301759243
shendure	zinb	ExEndodermParietal	Tubb2b_chr13_2557	2.8039657991030253e-05
shendure	zinb	ExEndodermParietal	Tubb2b_chr13_2568	0.002773561980575323
shendure	zinb	ExEndodermParietal	Tubb2b_chr13_2572	7.738860585959628e-05
shendure	zinb	ExEndodermParietal	Tubb2b_chr13_2576	0.0041104466654360294
shendure	zinb	ExEndodermParietal	Tubb2b_chr13_2577	5.845036866958253e-05
shendure	zinb	ExEndodermParietal	Tubb2b_chr13_2578	5.1734645239776e-05
shendure	zinb	ExEndodermParietal	Tubb2b_chr13_2580	3.481009480310604e-05
shendure	zinb	ExEndodermParietal	Tubb2b_chr13_2583	7.846903463359922e-05
shendure	zinb	ExEndodermParietal	Tubb2b_chr13_2590	0.0005408023716881871
shendure	zinb	ExEndodermParietal	Txndc12_chr4_7951	0.0004026703245472163
shendure	zinb	ExEndodermParietal	Txndc12_chr4_7961	0.00024029896303545684
shendure	zinb	ExEndodermParietal	Txndc12_chr4_7962	0.0007562211249023676
shendure	zinb	ExEndodermParietal	Txndc12_chr4_7969	0.0014822875382378697
shendure	zinb	ExEndodermParietal	Txndc12_chr4_7971	0.0008564434829168022
shendure	zinb	ExEndodermParietal	Txndc12_chr4_7973	0.0048875692300498486
shendure	zinb	ExEndodermParietal	Txndc12_chr4_7975	8.608125062892213e-05
shendure	zinb	ExEndodermParietal	Txndc12_chr4_7978	0.0023515569046139717
shendure	zinb	ExEndodermParietal	eef1aP	0.18260900676250458
shendure	zinb	ExEndodermParietal	pgk1P	0.0908128097653389
shendure	zinb	ExEndodermParietal	ubcP	0.21150605380535126
shendure	zinb	SurfaceEctoderm	reference	0.00035870433202944696
shendure	zinb	SurfaceEctoderm	Bend5_chr4_8168	4.405228537507355e-05
shendure	zinb	SurfaceEctoderm	Bend5_chr4_8170	1.1160906979057472e-05
shendure	zinb	SurfaceEctoderm	Bend5_chr4_8172	8.740568773646373e-06
shendure	zinb	SurfaceEctoderm	Bend5_chr4_8174	2.843681795638986e-05
shendure	zinb	SurfaceEctoderm	Bend5_chr4_8175	0.001849134685471654
shendure	zinb	SurfaceEctoderm	Bend5_chr4_8179	2.8562766601680778e-05
shendure	zinb	SurfaceEctoderm	Bend5_chr4_8192	4.7622452257201076e-06
shendure	zinb	SurfaceEctoderm	Bend5_chr4_8199	9.435516403755173e-06
shendure	zinb	SurfaceEctoderm	Bend5_chr4_8201	3.9471592572226655e-06
shendure	zinb	SurfaceEctoderm	Btg1_chr10_9572	1.053236428560922e-05
shendure	zinb	SurfaceEctoderm	Btg1_chr10_9578	0.004212516359984875
shendure	zinb	SurfaceEctoderm	Btg1_chr10_9588	1.939988214871846e-05
shendure	zinb	SurfaceEctoderm	Btg1_chr10_9593	8.655803685542196e-05
shendure	zinb	SurfaceEctoderm	Btg1_chr10_9612	5.6515193136874586e-05
shendure	zinb	SurfaceEctoderm	Btg1_chr10_9613	6.24363383394666e-05
shendure	zinb	SurfaceEctoderm	Cdk5r1_chr11_12559	0.00035707748611457646
shendure	zinb	SurfaceEctoderm	Cdk5r1_chr11_12562	0.0011975779198110104
shendure	zinb	SurfaceEctoderm	Cdk5r1_chr11_12574	0.004764237441122532
shendure	zinb	SurfaceEctoderm	Cdk5r1_chr11_12575	8.20942732389085e-05
shendure	zinb	SurfaceEctoderm	Cdk5r1_chr11_12582	0.00026476860512048006
shendure	zinb	SurfaceEctoderm	Cdk5r1_chr11_12590	1.6726311514503323e-05
shendure	zinb	SurfaceEctoderm	Cdk5r1_chr11_12595	7.893780093581881e-06
shendure	zinb	SurfaceEctoderm	Cited2_chr10_1239	1.6132884411490522e-05
shendure	zinb	SurfaceEctoderm	Cited2_chr10_1246	1.536171112093143e-05
shendure	zinb	SurfaceEctoderm	Cited2_chr10_1248	8.470276043226477e-06
shendure	zinb	SurfaceEctoderm	Cited2_chr10_1253	0.0003200875362381339
shendure	zinb	SurfaceEctoderm	Cited2_chr10_1254	0.0018591340631246567
shendure	zinb	SurfaceEctoderm	Cited2_chr10_1267	3.6124009056948125e-05
shendure	zinb	SurfaceEctoderm	Cited2_chr10_1270	2.056912489933893e-05
shendure	zinb	SurfaceEctoderm	Col1a1_chr11_15258	7.890878623584285e-05
shendure	zinb	SurfaceEctoderm	Col1a1_chr11_15259	4.7985089622670785e-05
shendure	zinb	SurfaceEctoderm	Col1a1_chr11_15269	5.5556629376951605e-06
shendure	zinb	SurfaceEctoderm	Col1a1_chr11_15270	0.00012250116560608149
shendure	zinb	SurfaceEctoderm	Col1a1_chr11_15273	6.040360403858358e-06
shendure	zinb	SurfaceEctoderm	Col1a1_chr11_15275	0.00011245391942793503
shendure	zinb	SurfaceEctoderm	Col1a1_chr11_15276	0.000329605711158365
shendure	zinb	SurfaceEctoderm	Col1a1_chr11_15301	4.742595774587244e-05
shendure	zinb	SurfaceEctoderm	Col1a1_chr11_15307	0.0007459428743459284
shendure	zinb	SurfaceEctoderm	Col1a1_chr11_15316	2.579833017080091e-05
shendure	zinb	SurfaceEctoderm	Col1a1_chr11_15322	0.00020409160060808063
shendure	zinb	SurfaceEctoderm	Col1a2_chr6_72	7.289060249604518e-06
shendure	zinb	SurfaceEctoderm	Col1a2_chr6_73	5.485546353156678e-06
shendure	zinb	SurfaceEctoderm	Col1a2_chr6_77	9.246863919543102e-05
shendure	zinb	SurfaceEctoderm	Col1a2_chr6_88	6.123142156866379e-06
shendure	zinb	SurfaceEctoderm	Col1a2_chr6_93	0.0006498239818029106
shendure	zinb	SurfaceEctoderm	Col5a1_chr2_2558	1.9385439372854307e-05
shendure	zinb	SurfaceEctoderm	Col5a1_chr2_2562	6.014504833729006e-06
shendure	zinb	SurfaceEctoderm	Col5a1_chr2_2565	1.5394591173389927e-05
shendure	zinb	SurfaceEctoderm	Col5a1_chr2_2571	2.6331026674597524e-05
shendure	zinb	SurfaceEctoderm	Col5a1_chr2_2575	0.0005018776864744723
shendure	zinb	SurfaceEctoderm	Col5a1_chr2_2576	6.771094922441989e-05
shendure	zinb	SurfaceEctoderm	Col5a1_chr2_2586	6.358807695505675e-06
shendure	zinb	SurfaceEctoderm	Epas1_chr17_10056	4.861552497459343e-06
shendure	zinb	SurfaceEctoderm	Epas1_chr17_10057	6.129007942945464e-06
shendure	zinb	SurfaceEctoderm	Epas1_chr17_10061	1.999614505621139e-05
shendure	zinb	SurfaceEctoderm	Epas1_chr17_10063	2.735349517024588e-05
shendure	zinb	SurfaceEctoderm	Epas1_chr17_10064	1.3366802704695147e-05
shendure	zinb	SurfaceEctoderm	Epas1_chr17_10066	1.4968423784011975e-05
shendure	zinb	SurfaceEctoderm	Epas1_chr17_10070	0.0011025420390069485
shendure	zinb	SurfaceEctoderm	Epas1_chr17_10071	0.00027712606242857873
shendure	zinb	SurfaceEctoderm	Epas1_chr17_10116	7.780801752232946e-06
shendure	zinb	SurfaceEctoderm	Foxa2_chr2_13806	1.4717134035890922e-05
shendure	zinb	SurfaceEctoderm	Foxa2_chr2_13808	4.385477222967893e-05
shendure	zinb	SurfaceEctoderm	Foxa2_chr2_13812	5.9453241192386486e-06
shendure	zinb	SurfaceEctoderm	Foxa2_chr2_13818	3.426048351684585e-05
shendure	zinb	SurfaceEctoderm	Foxa2_chr2_13820	1.0409004062239546e-05
shendure	zinb	SurfaceEctoderm	Foxa2_chr2_13830	6.534033673233353e-06
shendure	zinb	SurfaceEctoderm	Foxa2_chr2_13835	5.333963053999469e-05
shendure	zinb	SurfaceEctoderm	Foxa2_chr2_13840	0.00021911627845838666
shendure	zinb	SurfaceEctoderm	Foxa2_chr2_13841	7.781547901686281e-05
shendure	zinb	SurfaceEctoderm	Foxa2_chr2_13856	9.556941222399473e-06
shendure	zinb	SurfaceEctoderm	Foxa2_chr2_13858	2.4161003238987178e-05
shendure	zinb	SurfaceEctoderm	Foxa2_chr2_13861	1.4827795894234441e-05
shendure	zinb	SurfaceEctoderm	Foxa2_chr2_13862	4.9623693485045806e-05
shendure	zinb	SurfaceEctoderm	Gata4_chr14_5677	0.000711562461219728
shendure	zinb	SurfaceEctoderm	Gata4_chr14_5693	6.874559858260909e-06
shendure	zinb	SurfaceEctoderm	Gata4_chr14_5710	1.7565036614541896e-05
shendure	zinb	SurfaceEctoderm	Gata4_chr14_5714	3.0301682272693142e-05
shendure	zinb	SurfaceEctoderm	Gata4_chr14_5729	7.970691513037309e-06
shendure	zinb	SurfaceEctoderm	Gata4_chr14_5742	0.0024045277386903763
shendure	zinb	SurfaceEctoderm	Gata4_chr14_5749	0.00023171602515503764
shendure	zinb	SurfaceEctoderm	Gata4_chr14_5752	8.561188587918878e-05
shendure	zinb	SurfaceEctoderm	Gata4_chr14_5760	6.2561052800447214e-06
shendure	zinb	SurfaceEctoderm	Gata4_chr14_5762	8.332136530952994e-06
shendure	zinb	SurfaceEctoderm	Gata4_chr14_5763	1.9487832105369307e-05
shendure	zinb	SurfaceEctoderm	Gata4_chr14_5776	8.591545338276774e-06
shendure	zinb	SurfaceEctoderm	Gata4_chr14_5779	1.9946624888689257e-05
shendure	zinb	SurfaceEctoderm	Igfbp4_chr11_16694	1.431104465154931e-05
shendure	zinb	SurfaceEctoderm	Igfbp4_chr11_16710	0.00017127383034676313
shendure	zinb	SurfaceEctoderm	Igfbp4_chr11_16711	0.0009609469561837614
shendure	zinb	SurfaceEctoderm	Igfbp4_chr11_16716	3.793812356889248e-05
shendure	zinb	SurfaceEctoderm	Igfbp4_chr11_16728	0.00017463289259467274
shendure	zinb	SurfaceEctoderm	Igfbp4_chr11_16735	0.00012544482888188213
shendure	zinb	SurfaceEctoderm	Igfbp4_chr11_16738	0.00010288348858011886
shendure	zinb	SurfaceEctoderm	Igfbp4_chr11_16740	0.00039110268699005246
shendure	zinb	SurfaceEctoderm	Igfbp4_chr11_16743	0.00036618855665437877
shendure	zinb	SurfaceEctoderm	Igfbp4_chr11_16784	6.569410743395565e-06
shendure	zinb	SurfaceEctoderm	Klf4_chr4_3934	0.000222767295781523
shendure	zinb	SurfaceEctoderm	Klf4_chr4_3936	2.772601874312386e-05
shendure	zinb	SurfaceEctoderm	Klf4_chr4_3946	1.1607786291278899e-05
shendure	zinb	SurfaceEctoderm	Klf4_chr4_3948	0.0030200995970517397
shendure	zinb	SurfaceEctoderm	Klf4_chr4_3949	8.47104747663252e-05
shendure	zinb	SurfaceEctoderm	Klf4_chr4_3951	4.345900015323423e-05
shendure	zinb	SurfaceEctoderm	Klf4_chr4_3952	2.5057210223167203e-05
shendure	zinb	SurfaceEctoderm	Klf4_chr4_3958	8.323940164700616e-06
shendure	zinb	SurfaceEctoderm	Lama1_chr17_7784	1.7370863133692183e-05
shendure	zinb	SurfaceEctoderm	Lama1_chr17_7787	1.587987571838312e-05
shendure	zinb	SurfaceEctoderm	Lama1_chr17_7788	7.154833292588592e-05
shendure	zinb	SurfaceEctoderm	Lama1_chr17_7791	1.2305576092330739e-05
shendure	zinb	SurfaceEctoderm	Lama1_chr17_7793	0.00033327576238662004
shendure	zinb	SurfaceEctoderm	Lama1_chr17_7799	5.840615358465584e-06
shendure	zinb	SurfaceEctoderm	Lama1_chr17_7814	8.629947842564434e-05
shendure	zinb	SurfaceEctoderm	Lama1_chr17_7874	1.2583921488840133e-05
shendure	zinb	SurfaceEctoderm	Lama1_chr17_7892	1.2674759091169108e-05
shendure	zinb	SurfaceEctoderm	Lama1_chr17_7907	1.2621264431800228e-05
shendure	zinb	SurfaceEctoderm	Lamb1_chr12_2182	9.303124897996895e-06
shendure	zinb	SurfaceEctoderm	Lamb1_chr12_2183	5.391858212533407e-05
shendure	zinb	SurfaceEctoderm	Lamb1_chr12_2186	3.1596297048963606e-05
shendure	zinb	SurfaceEctoderm	Lamb1_chr12_2189	8.840370355756022e-06
shendure	zinb	SurfaceEctoderm	Lamb1_chr12_2196	7.1237614065466914e-06
shendure	zinb	SurfaceEctoderm	Lamb1_chr12_2203	1.0152289178222418e-05
shendure	zinb	SurfaceEctoderm	Lamb1_chr12_2206	1.271425026061479e-05
shendure	zinb	SurfaceEctoderm	Lamb1_chr12_2207	9.984212738345377e-06
shendure	zinb	SurfaceEctoderm	Lamb1_chr12_2210	0.000549983698874712
shendure	zinb	SurfaceEctoderm	Lamb1_chr12_2215	4.098066347069107e-05
shendure	zinb	SurfaceEctoderm	Lamb1_chr12_2216	9.519678133074194e-05
shendure	zinb	SurfaceEctoderm	Lamb1_chr12_2238	6.899680010974407e-05
shendure	zinb	SurfaceEctoderm	Lamb1_chr12_2239	4.570741657516919e-05
shendure	zinb	SurfaceEctoderm	Lamb1_chr12_2288	6.541490620293189e-06
shendure	zinb	SurfaceEctoderm	Lamb1_chr12_2289	6.385528195096413e-06
shendure	zinb	SurfaceEctoderm	Lamb1_chr12_2296	0.0004027682589367032
shendure	zinb	SurfaceEctoderm	Lamc1_chr1_12127	4.867645839112811e-05
shendure	zinb	SurfaceEctoderm	Lamc1_chr1_12152	0.000101467092463281
shendure	zinb	SurfaceEctoderm	Lamc1_chr1_12175	0.001662345719523728
shendure	zinb	SurfaceEctoderm	Lamc1_chr1_12183	1.2776508810929954e-05
shendure	zinb	SurfaceEctoderm	Lamc1_chr1_12185	1.364497893519001e-05
shendure	zinb	SurfaceEctoderm	Lamc1_chr1_12188	2.0459214283619076e-05
shendure	zinb	SurfaceEctoderm	Lamc1_chr1_12189	7.0551982389588375e-06
shendure	zinb	SurfaceEctoderm	Lamc1_chr1_12193	3.2361811463488266e-05
shendure	zinb	SurfaceEctoderm	Lamc1_chr1_12201	0.00017367211694363505
shendure	zinb	SurfaceEctoderm	Map1b_chr13_9429	3.730139724211767e-05
shendure	zinb	SurfaceEctoderm	Map1b_chr13_9436	8.299304681713693e-06
shendure	zinb	SurfaceEctoderm	Map1b_chr13_9445	2.9124033972038887e-05
shendure	zinb	SurfaceEctoderm	Map1b_chr13_9447	0.00048812179011292756
shendure	zinb	SurfaceEctoderm	Sox17_chr1_58	1.6839212548802607e-05
shendure	zinb	SurfaceEctoderm	Sox17_chr1_59	1.2263282769708894e-05
shendure	zinb	SurfaceEctoderm	Sox17_chr1_60	8.52312077768147e-05
shendure	zinb	SurfaceEctoderm	Sox17_chr1_65	4.483122029341757e-05
shendure	zinb	SurfaceEctoderm	Sox17_chr1_67	3.6607281799660996e-05
shendure	zinb	SurfaceEctoderm	Sox17_chr1_68	2.5744675440364517e-05
shendure	zinb	SurfaceEctoderm	Sox17_chr1_69	5.478425919136498e-06
shendure	zinb	SurfaceEctoderm	Sox17_chr1_73	5.541881182580255e-05
shendure	zinb	SurfaceEctoderm	Sox17_chr1_77	8.357052138308063e-06
shendure	zinb	SurfaceEctoderm	Sox17_chr1_78	7.6098867793916725e-06
shendure	zinb	SurfaceEctoderm	Sox17_chr1_82	9.784021676750854e-05
shendure	zinb	SurfaceEctoderm	Sox17_chr1_83	8.187600542441942e-06
shendure	zinb	SurfaceEctoderm	Sox2_chr3_2005	5.790911745862104e-05
shendure	zinb	SurfaceEctoderm	Sox2_chr3_2007	3.5846445825882256e-05
shendure	zinb	SurfaceEctoderm	Sox2_chr3_2008	3.986870069638826e-05
shendure	zinb	SurfaceEctoderm	Sox2_chr3_2009	2.8939473850186914e-05
shendure	zinb	SurfaceEctoderm	Sox4_chr13_2052	0.0005784451495856047
shendure	zinb	SurfaceEctoderm	Sox4_chr13_2054	1.75296427187277e-05
shendure	zinb	SurfaceEctoderm	Sox4_chr13_2055	0.00022467340750154108
shendure	zinb	SurfaceEctoderm	Sox4_chr13_2057	4.690149125963217e-06
shendure	zinb	SurfaceEctoderm	Sparc_chr11_7180	6.089543967391364e-05
shendure	zinb	SurfaceEctoderm	Sparc_chr11_7182	1.5794917999301106e-05
shendure	zinb	SurfaceEctoderm	Sparc_chr11_7195	0.00032574456417933106
shendure	zinb	SurfaceEctoderm	Sparc_chr11_7198	6.176489023346221e-06
shendure	zinb	SurfaceEctoderm	Sparc_chr11_7199	0.0001047143668984063
shendure	zinb	SurfaceEctoderm	Sparc_chr11_7203	0.0001489130372647196
shendure	zinb	SurfaceEctoderm	Sparc_chr11_7205	0.00025920168263837695
shendure	zinb	SurfaceEctoderm	Sparc_chr11_7207	9.606321327737533e-06
shendure	zinb	SurfaceEctoderm	Sparc_chr11_7210	5.9353613323764876e-05
shendure	zinb	SurfaceEctoderm	Sparc_chr11_7211	0.00012755015632137656
shendure	zinb	SurfaceEctoderm	Sparc_chr11_7213	1.0914494851022027e-05
shendure	zinb	SurfaceEctoderm	Sparc_chr11_7230	0.00041033205343410373
shendure	zinb	SurfaceEctoderm	Sparc_chr11_7233	1.2591075574164279e-05
shendure	zinb	SurfaceEctoderm	Sparc_chr11_7234	0.002465554280206561
shendure	zinb	SurfaceEctoderm	Sparc_chr11_7235	0.002222226234152913
shendure	zinb	SurfaceEctoderm	Sparc_chr11_7243	2.6265968699590303e-05
shendure	zinb	SurfaceEctoderm	Tgfbi_chr13_5692	0.0007894680020399392
shendure	zinb	SurfaceEctoderm	Tgfbi_chr13_5701	1.2041835361742415e-05
shendure	zinb	SurfaceEctoderm	Tgfbi_chr13_5705	0.00048760577919892967
shendure	zinb	SurfaceEctoderm	Tgfbi_chr13_5711	1.3646371371578425e-05
shendure	zinb	SurfaceEctoderm	Tgfbi_chr13_5724	7.885372178861871e-05
shendure	zinb	SurfaceEctoderm	Tgfbi_chr13_5735	0.00013881742779631168
shendure	zinb	SurfaceEctoderm	Tgfbi_chr13_5741	0.0037108168471604586
shendure	zinb	SurfaceEctoderm	Tubb2b_chr13_2557	2.5053815988940187e-05
shendure	zinb	SurfaceEctoderm	Tubb2b_chr13_2568	0.0015391847118735313
shendure	zinb	SurfaceEctoderm	Tubb2b_chr13_2572	4.388326487969607e-05
shendure	zinb	SurfaceEctoderm	Tubb2b_chr13_2576	0.002008230658248067
shendure	zinb	SurfaceEctoderm	Tubb2b_chr13_2577	7.64990400057286e-05
shendure	zinb	SurfaceEctoderm	Tubb2b_chr13_2578	6.29984742772649e-06
shendure	zinb	SurfaceEctoderm	Tubb2b_chr13_2580	4.523259121924639e-05
shendure	zinb	SurfaceEctoderm	Tubb2b_chr13_2583	4.9604055675445125e-05
shendure	zinb	SurfaceEctoderm	Tubb2b_chr13_2590	0.00016752885130699724
shendure	zinb	SurfaceEctoderm	Txndc12_chr4_7951	8.730233821552247e-05
shendure	zinb	SurfaceEctoderm	Txndc12_chr4_7961	4.984956467524171e-05
shendure	zinb	SurfaceEctoderm	Txndc12_chr4_7962	0.0007013084250502288
shendure	zinb	SurfaceEctoderm	Txndc12_chr4_7969	4.9101479817181826e-05
shendure	zinb	SurfaceEctoderm	Txndc12_chr4_7971	5.534220235858811e-06
shendure	zinb	SurfaceEctoderm	Txndc12_chr4_7973	0.0016910088015720248
shendure	zinb	SurfaceEctoderm	Txndc12_chr4_7975	8.722133316041436e-06
shendure	zinb	SurfaceEctoderm	Txndc12_chr4_7978	0.0005028770538046956
shendure	zinb	SurfaceEctoderm	eef1aP	0.36585405468940735
shendure	zinb	SurfaceEctoderm	pgk1P	0.12587469816207886
shendure	zinb	SurfaceEctoderm	ubcP	0.09129126369953156
shendure	zinb	EpiblastPrimitiveStreak	reference	0.0019169972511008382
shendure	zinb	EpiblastPrimitiveStreak	Bend5_chr4_8168	7.492560689570382e-05
shendure	zinb	EpiblastPrimitiveStreak	Bend5_chr4_8170	0.00016888741811271757
shendure	zinb	EpiblastPrimitiveStreak	Bend5_chr4_8172	1.8963663023896515e-05
shendure	zinb	EpiblastPrimitiveStreak	Bend5_chr4_8174	9.366469021188095e-05
shendure	zinb	EpiblastPrimitiveStreak	Bend5_chr4_8175	0.0034739694092422724
shendure	zinb	EpiblastPrimitiveStreak	Bend5_chr4_8179	7.447438110830262e-05
shendure	zinb	EpiblastPrimitiveStreak	Bend5_chr4_8192	1.0085443136631511e-05
shendure	zinb	EpiblastPrimitiveStreak	Bend5_chr4_8199	9.537898586131632e-05
shendure	zinb	EpiblastPrimitiveStreak	Bend5_chr4_8201	0.00015262886881828308
shendure	zinb	EpiblastPrimitiveStreak	Btg1_chr10_9572	5.406028139987029e-05
shendure	zinb	EpiblastPrimitiveStreak	Btg1_chr10_9578	0.029083333909511566
shendure	zinb	EpiblastPrimitiveStreak	Btg1_chr10_9588	5.246352156973444e-05
shendure	zinb	EpiblastPrimitiveStreak	Btg1_chr10_9593	0.00013320895959623158
shendure	zinb	EpiblastPrimitiveStreak	Btg1_chr10_9612	8.177787822205573e-05
shendure	zinb	EpiblastPrimitiveStreak	Btg1_chr10_9613	2.9757538868580014e-05
shendure	zinb	EpiblastPrimitiveStreak	Cdk5r1_chr11_12559	0.001899905502796173
shendure	zinb	EpiblastPrimitiveStreak	Cdk5r1_chr11_12562	0.010712126269936562
shendure	zinb	EpiblastPrimitiveStreak	Cdk5r1_chr11_12574	0.025304678827524185
shendure	zinb	EpiblastPrimitiveStreak	Cdk5r1_chr11_12575	0.0002184754703193903
shendure	zinb	EpiblastPrimitiveStreak	Cdk5r1_chr11_12582	0.001457042875699699
shendure	zinb	EpiblastPrimitiveStreak	Cdk5r1_chr11_12590	0.00012743865954689682
shendure	zinb	EpiblastPrimitiveStreak	Cdk5r1_chr11_12595	6.138944445410743e-05
shendure	zinb	EpiblastPrimitiveStreak	Cited2_chr10_1239	3.64670340786688e-05
shendure	zinb	EpiblastPrimitiveStreak	Cited2_chr10_1246	3.3497653930680826e-05
shendure	zinb	EpiblastPrimitiveStreak	Cited2_chr10_1248	1.7401771401637234e-05
shendure	zinb	EpiblastPrimitiveStreak	Cited2_chr10_1253	0.00025844096671789885
shendure	zinb	EpiblastPrimitiveStreak	Cited2_chr10_1254	0.00878862664103508
shendure	zinb	EpiblastPrimitiveStreak	Cited2_chr10_1267	5.969290577922948e-05
shendure	zinb	EpiblastPrimitiveStreak	Cited2_chr10_1270	4.9138721806230024e-05
shendure	zinb	EpiblastPrimitiveStreak	Col1a1_chr11_15258	0.0006204358069226146
shendure	zinb	EpiblastPrimitiveStreak	Col1a1_chr11_15259	0.00016482148203067482
shendure	zinb	EpiblastPrimitiveStreak	Col1a1_chr11_15269	0.0001280050491914153
shendure	zinb	EpiblastPrimitiveStreak	Col1a1_chr11_15270	0.0007590462337248027
shendure	zinb	EpiblastPrimitiveStreak	Col1a1_chr11_15273	9.019293065648526e-05
shendure	zinb	EpiblastPrimitiveStreak	Col1a1_chr11_15275	0.0004939259961247444
shendure	zinb	EpiblastPrimitiveStreak	Col1a1_chr11_15276	0.0005959603586234152
shendure	zinb	EpiblastPrimitiveStreak	Col1a1_chr11_15301	0.00023465724370907992
shendure	zinb	EpiblastPrimitiveStreak	Col1a1_chr11_15307	0.002888719318434596
shendure	zinb	EpiblastPrimitiveStreak	Col1a1_chr11_15316	0.00020846140978392214
shendure	zinb	EpiblastPrimitiveStreak	Col1a1_chr11_15322	0.0007775194826535881
shendure	zinb	EpiblastPrimitiveStreak	Col1a2_chr6_72	0.00019137522031087428
shendure	zinb	EpiblastPrimitiveStreak	Col1a2_chr6_73	0.0001672370417509228
shendure	zinb	EpiblastPrimitiveStreak	Col1a2_chr6_77	0.0003931710962206125
shendure	zinb	EpiblastPrimitiveStreak	Col1a2_chr6_88	2.9175767849665135e-05
shendure	zinb	EpiblastPrimitiveStreak	Col1a2_chr6_93	0.0019770790822803974
shendure	zinb	EpiblastPrimitiveStreak	Col5a1_chr2_2558	4.5136155677028e-05
shendure	zinb	EpiblastPrimitiveStreak	Col5a1_chr2_2562	3.790417031268589e-05
shendure	zinb	EpiblastPrimitiveStreak	Col5a1_chr2_2565	4.1250626964028925e-05
shendure	zinb	EpiblastPrimitiveStreak	Col5a1_chr2_2571	0.0001304274337599054
shendure	zinb	EpiblastPrimitiveStreak	Col5a1_chr2_2575	0.004455288406461477
shendure	zinb	EpiblastPrimitiveStreak	Col5a1_chr2_2576	0.00012035539111820981
shendure	zinb	EpiblastPrimitiveStreak	Col5a1_chr2_2586	1.371794132865034e-05
shendure	zinb	EpiblastPrimitiveStreak	Epas1_chr17_10056	9.596868039807305e-05
shendure	zinb	EpiblastPrimitiveStreak	Epas1_chr17_10057	1.3043843864579685e-05
shendure	zinb	EpiblastPrimitiveStreak	Epas1_chr17_10061	0.0002730123233050108
shendure	zinb	EpiblastPrimitiveStreak	Epas1_chr17_10063	9.872040391201153e-05
shendure	zinb	EpiblastPrimitiveStreak	Epas1_chr17_10064	7.208975148387253e-05
shendure	zinb	EpiblastPrimitiveStreak	Epas1_chr17_10066	3.5134948120685294e-05
shendure	zinb	EpiblastPrimitiveStreak	Epas1_chr17_10070	0.0022030442487448454
shendure	zinb	EpiblastPrimitiveStreak	Epas1_chr17_10071	0.0010370392119511962
shendure	zinb	EpiblastPrimitiveStreak	Epas1_chr17_10116	8.991217328002676e-05
shendure	zinb	EpiblastPrimitiveStreak	Foxa2_chr2_13806	0.00010107584239449352
shendure	zinb	EpiblastPrimitiveStreak	Foxa2_chr2_13808	0.00011070087202824652
shendure	zinb	EpiblastPrimitiveStreak	Foxa2_chr2_13812	0.0001576151989866048
shendure	zinb	EpiblastPrimitiveStreak	Foxa2_chr2_13818	2.5249741156585515e-05
shendure	zinb	EpiblastPrimitiveStreak	Foxa2_chr2_13820	0.00010199545795330778
shendure	zinb	EpiblastPrimitiveStreak	Foxa2_chr2_13830	9.697517089080065e-05
shendure	zinb	EpiblastPrimitiveStreak	Foxa2_chr2_13835	0.0001489320711698383
shendure	zinb	EpiblastPrimitiveStreak	Foxa2_chr2_13840	0.003426424227654934
shendure	zinb	EpiblastPrimitiveStreak	Foxa2_chr2_13841	0.00038447079714387655
shendure	zinb	EpiblastPrimitiveStreak	Foxa2_chr2_13856	0.00045669471728615463
shendure	zinb	EpiblastPrimitiveStreak	Foxa2_chr2_13858	1.4959005056880414e-05
shendure	zinb	EpiblastPrimitiveStreak	Foxa2_chr2_13861	3.946476135752164e-05
shendure	zinb	EpiblastPrimitiveStreak	Foxa2_chr2_13862	7.072751031955704e-05
shendure	zinb	EpiblastPrimitiveStreak	Gata4_chr14_5677	0.011918270029127598
shendure	zinb	EpiblastPrimitiveStreak	Gata4_chr14_5693	5.4121559514896944e-05
shendure	zinb	EpiblastPrimitiveStreak	Gata4_chr14_5710	3.140415719826706e-05
shendure	zinb	EpiblastPrimitiveStreak	Gata4_chr14_5714	7.366466161329299e-05
shendure	zinb	EpiblastPrimitiveStreak	Gata4_chr14_5729	9.06748537090607e-05
shendure	zinb	EpiblastPrimitiveStreak	Gata4_chr14_5742	0.008016414940357208
shendure	zinb	EpiblastPrimitiveStreak	Gata4_chr14_5749	0.0012222996447235346
shendure	zinb	EpiblastPrimitiveStreak	Gata4_chr14_5752	0.00016495687304995954
shendure	zinb	EpiblastPrimitiveStreak	Gata4_chr14_5760	6.047971692169085e-05
shendure	zinb	EpiblastPrimitiveStreak	Gata4_chr14_5762	1.7660577213973738e-05
shendure	zinb	EpiblastPrimitiveStreak	Gata4_chr14_5763	4.792723848368041e-05
shendure	zinb	EpiblastPrimitiveStreak	Gata4_chr14_5776	0.00028982467483729124
shendure	zinb	EpiblastPrimitiveStreak	Gata4_chr14_5779	0.00011054072820115834
shendure	zinb	EpiblastPrimitiveStreak	Igfbp4_chr11_16694	0.00016757150297053158
shendure	zinb	EpiblastPrimitiveStreak	Igfbp4_chr11_16710	0.001674794009886682
shendure	zinb	EpiblastPrimitiveStreak	Igfbp4_chr11_16711	0.00429703900590539
shendure	zinb	EpiblastPrimitiveStreak	Igfbp4_chr11_16716	0.00040992660797201097
shendure	zinb	EpiblastPrimitiveStreak	Igfbp4_chr11_16728	0.001091795158572495
shendure	zinb	EpiblastPrimitiveStreak	Igfbp4_chr11_16735	0.0021014027297496796
shendure	zinb	EpiblastPrimitiveStreak	Igfbp4_chr11_16738	0.0005886297440156341
shendure	zinb	EpiblastPrimitiveStreak	Igfbp4_chr11_16740	0.0012865533353760839
shendure	zinb	EpiblastPrimitiveStreak	Igfbp4_chr11_16743	0.0012162629282101989
shendure	zinb	EpiblastPrimitiveStreak	Igfbp4_chr11_16784	0.00013334520917851478
shendure	zinb	EpiblastPrimitiveStreak	Klf4_chr4_3934	0.0008311113342642784
shendure	zinb	EpiblastPrimitiveStreak	Klf4_chr4_3936	2.2166372218634933e-05
shendure	zinb	EpiblastPrimitiveStreak	Klf4_chr4_3946	0.0002876866201404482
shendure	zinb	EpiblastPrimitiveStreak	Klf4_chr4_3948	0.008543742820620537
shendure	zinb	EpiblastPrimitiveStreak	Klf4_chr4_3949	0.0008048404706642032
shendure	zinb	EpiblastPrimitiveStreak	Klf4_chr4_3951	0.0002718229661695659
shendure	zinb	EpiblastPrimitiveStreak	Klf4_chr4_3952	1.9131692170049064e-05
shendure	zinb	EpiblastPrimitiveStreak	Klf4_chr4_3958	5.376628541853279e-05
shendure	zinb	EpiblastPrimitiveStreak	Lama1_chr17_7784	0.00023015300394035876
shendure	zinb	EpiblastPrimitiveStreak	Lama1_chr17_7787	0.00019068221445195377
shendure	zinb	EpiblastPrimitiveStreak	Lama1_chr17_7788	8.758178591961041e-05
shendure	zinb	EpiblastPrimitiveStreak	Lama1_chr17_7791	0.00019201269606128335
shendure	zinb	EpiblastPrimitiveStreak	Lama1_chr17_7793	0.0004827557713724673
shendure	zinb	EpiblastPrimitiveStreak	Lama1_chr17_7799	6.490197847597301e-05
shendure	zinb	EpiblastPrimitiveStreak	Lama1_chr17_7814	0.0009060773882083595
shendure	zinb	EpiblastPrimitiveStreak	Lama1_chr17_7874	0.0004655416705645621
shendure	zinb	EpiblastPrimitiveStreak	Lama1_chr17_7892	2.66534279944608e-05
shendure	zinb	EpiblastPrimitiveStreak	Lama1_chr17_7907	2.8027707230648957e-05
shendure	zinb	EpiblastPrimitiveStreak	Lamb1_chr12_2182	0.00022264284780249
shendure	zinb	EpiblastPrimitiveStreak	Lamb1_chr12_2183	0.0002829923469107598
shendure	zinb	EpiblastPrimitiveStreak	Lamb1_chr12_2186	0.0012957298895344138
shendure	zinb	EpiblastPrimitiveStreak	Lamb1_chr12_2189	0.0002203454787377268
shendure	zinb	EpiblastPrimitiveStreak	Lamb1_chr12_2196	1.4945858310966287e-05
shendure	zinb	EpiblastPrimitiveStreak	Lamb1_chr12_2203	5.131701618665829e-05
shendure	zinb	EpiblastPrimitiveStreak	Lamb1_chr12_2206	8.519772381987423e-05
shendure	zinb	EpiblastPrimitiveStreak	Lamb1_chr12_2207	6.57237833365798e-05
shendure	zinb	EpiblastPrimitiveStreak	Lamb1_chr12_2210	0.00442090816795826
shendure	zinb	EpiblastPrimitiveStreak	Lamb1_chr12_2215	0.0001984489499591291
shendure	zinb	EpiblastPrimitiveStreak	Lamb1_chr12_2216	0.0004649207985494286
shendure	zinb	EpiblastPrimitiveStreak	Lamb1_chr12_2238	3.2801915949676186e-05
shendure	zinb	EpiblastPrimitiveStreak	Lamb1_chr12_2239	6.672428571619093e-05
shendure	zinb	EpiblastPrimitiveStreak	Lamb1_chr12_2288	1.3831994692736771e-05
shendure	zinb	EpiblastPrimitiveStreak	Lamb1_chr12_2289	7.249342161230743e-05
shendure	zinb	EpiblastPrimitiveStreak	Lamb1_chr12_2296	0.002042424399405718
shendure	zinb	EpiblastPrimitiveStreak	Lamc1_chr1_12127	0.00010775786358863115
shendure	zinb	EpiblastPrimitiveStreak	Lamc1_chr1_12152	0.00010626361472532153
shendure	zinb	EpiblastPrimitiveStreak	Lamc1_chr1_12175	0.013676782138645649
shendure	zinb	EpiblastPrimitiveStreak	Lamc1_chr1_12183	2.825933370331768e-05
shendure	zinb	EpiblastPrimitiveStreak	Lamc1_chr1_12185	6.385293818311766e-05
shendure	zinb	EpiblastPrimitiveStreak	Lamc1_chr1_12188	0.0004521213413681835
shendure	zinb	EpiblastPrimitiveStreak	Lamc1_chr1_12189	0.0004269049095455557
shendure	zinb	EpiblastPrimitiveStreak	Lamc1_chr1_12193	9.379215043736622e-05
shendure	zinb	EpiblastPrimitiveStreak	Lamc1_chr1_12201	5.254639472695999e-05
shendure	zinb	EpiblastPrimitiveStreak	Map1b_chr13_9429	0.000458238908322528
shendure	zinb	EpiblastPrimitiveStreak	Map1b_chr13_9436	6.526376819238067e-05
shendure	zinb	EpiblastPrimitiveStreak	Map1b_chr13_9445	0.00023369913105852902
shendure	zinb	EpiblastPrimitiveStreak	Map1b_chr13_9447	0.0023065730929374695
shendure	zinb	EpiblastPrimitiveStreak	Sox17_chr1_58	0.00013076045433990657
shendure	zinb	EpiblastPrimitiveStreak	Sox17_chr1_59	4.3443043978186324e-05
shendure	zinb	EpiblastPrimitiveStreak	Sox17_chr1_60	0.00010475332237547264
shendure	zinb	EpiblastPrimitiveStreak	Sox17_chr1_65	0.00017116458911914378
shendure	zinb	EpiblastPrimitiveStreak	Sox17_chr1_67	0.00047733268002048135
shendure	zinb	EpiblastPrimitiveStreak	Sox17_chr1_68	5.619118019239977e-05
shendure	zinb	EpiblastPrimitiveStreak	Sox17_chr1_69	4.167745282757096e-05
shendure	zinb	EpiblastPrimitiveStreak	Sox17_chr1_73	0.0001345741911791265
shendure	zinb	EpiblastPrimitiveStreak	Sox17_chr1_77	0.00023847601551096886
shendure	zinb	EpiblastPrimitiveStreak	Sox17_chr1_78	1.586926191521343e-05
shendure	zinb	EpiblastPrimitiveStreak	Sox17_chr1_82	0.00015533313853666186
shendure	zinb	EpiblastPrimitiveStreak	Sox17_chr1_83	9.429456986254081e-05
shendure	zinb	EpiblastPrimitiveStreak	Sox2_chr3_2005	0.00016280962154269218
shendure	zinb	EpiblastPrimitiveStreak	Sox2_chr3_2007	0.0025994149036705494
shendure	zinb	EpiblastPrimitiveStreak	Sox2_chr3_2008	0.00017659473815001547
shendure	zinb	EpiblastPrimitiveStreak	Sox2_chr3_2009	0.0003473915858194232
shendure	zinb	EpiblastPrimitiveStreak	Sox4_chr13_2052	0.001830562367103994
shendure	zinb	EpiblastPrimitiveStreak	Sox4_chr13_2054	7.824649219401181e-05
shendure	zinb	EpiblastPrimitiveStreak	Sox4_chr13_2055	0.001144608948379755
shendure	zinb	EpiblastPrimitiveStreak	Sox4_chr13_2057	4.260619971319102e-05
shendure	zinb	EpiblastPrimitiveStreak	Sparc_chr11_7180	0.00010982011735904962
shendure	zinb	EpiblastPrimitiveStreak	Sparc_chr11_7182	3.416621620999649e-05
shendure	zinb	EpiblastPrimitiveStreak	Sparc_chr11_7195	0.0006091141840443015
shendure	zinb	EpiblastPrimitiveStreak	Sparc_chr11_7198	3.9159996958915144e-05
shendure	zinb	EpiblastPrimitiveStreak	Sparc_chr11_7199	8.513364446116611e-05
shendure	zinb	EpiblastPrimitiveStreak	Sparc_chr11_7203	0.00036989222280681133
shendure	zinb	EpiblastPrimitiveStreak	Sparc_chr11_7205	0.0009949326049536467
shendure	zinb	EpiblastPrimitiveStreak	Sparc_chr11_7207	4.943880412611179e-05
shendure	zinb	EpiblastPrimitiveStreak	Sparc_chr11_7210	0.00013028284593019634
shendure	zinb	EpiblastPrimitiveStreak	Sparc_chr11_7211	0.00040535544394515455
shendure	zinb	EpiblastPrimitiveStreak	Sparc_chr11_7213	8.813470049062744e-05
shendure	zinb	EpiblastPrimitiveStreak	Sparc_chr11_7230	0.0017354381270706654
shendure	zinb	EpiblastPrimitiveStreak	Sparc_chr11_7233	0.0001014390290947631
shendure	zinb	EpiblastPrimitiveStreak	Sparc_chr11_7234	0.013713306747376919
shendure	zinb	EpiblastPrimitiveStreak	Sparc_chr11_7235	0.015975870192050934
shendure	zinb	EpiblastPrimitiveStreak	Sparc_chr11_7243	0.0003312702174298465
shendure	zinb	EpiblastPrimitiveStreak	Tgfbi_chr13_5692	0.0021527260541915894
shendure	zinb	EpiblastPrimitiveStreak	Tgfbi_chr13_5701	0.00011695520515786484
shendure	zinb	EpiblastPrimitiveStreak	Tgfbi_chr13_5705	0.004705729894340038
shendure	zinb	EpiblastPrimitiveStreak	Tgfbi_chr13_5711	2.9360153348534368e-05
shendure	zinb	EpiblastPrimitiveStreak	Tgfbi_chr13_5724	0.00017618545098230243
shendure	zinb	EpiblastPrimitiveStreak	Tgfbi_chr13_5735	0.00011922929843422025
shendure	zinb	EpiblastPrimitiveStreak	Tgfbi_chr13_5741	0.01405981183052063
shendure	zinb	EpiblastPrimitiveStreak	Tubb2b_chr13_2557	0.00016667133604642004
shendure	zinb	EpiblastPrimitiveStreak	Tubb2b_chr13_2568	0.004742996301501989
shendure	zinb	EpiblastPrimitiveStreak	Tubb2b_chr13_2572	0.00012452536611817777
shendure	zinb	EpiblastPrimitiveStreak	Tubb2b_chr13_2576	0.03460508957505226
shendure	zinb	EpiblastPrimitiveStreak	Tubb2b_chr13_2577	0.00012186785897938535
shendure	zinb	EpiblastPrimitiveStreak	Tubb2b_chr13_2578	0.00017890809976961464
shendure	zinb	EpiblastPrimitiveStreak	Tubb2b_chr13_2580	0.0001649579789955169
shendure	zinb	EpiblastPrimitiveStreak	Tubb2b_chr13_2583	0.00013817868602927774
shendure	zinb	EpiblastPrimitiveStreak	Tubb2b_chr13_2590	0.0008386085974052548
shendure	zinb	EpiblastPrimitiveStreak	Txndc12_chr4_7951	0.0004697561962530017
shendure	zinb	EpiblastPrimitiveStreak	Txndc12_chr4_7961	0.00045560498256236315
shendure	zinb	EpiblastPrimitiveStreak	Txndc12_chr4_7962	0.0025860972236841917
shendure	zinb	EpiblastPrimitiveStreak	Txndc12_chr4_7969	0.00011964368604822084
shendure	zinb	EpiblastPrimitiveStreak	Txndc12_chr4_7971	0.00012057493586326018
shendure	zinb	EpiblastPrimitiveStreak	Txndc12_chr4_7973	0.012601313181221485
shendure	zinb	EpiblastPrimitiveStreak	Txndc12_chr4_7975	0.00021744945843238384
shendure	zinb	EpiblastPrimitiveStreak	Txndc12_chr4_7978	0.009196218103170395
shendure	zinb	EpiblastPrimitiveStreak	eef1aP	1.9156880378723145
shendure	zinb	EpiblastPrimitiveStreak	pgk1P	0.8987185955047607
shendure	zinb	EpiblastPrimitiveStreak	ubcP	0.2786494791507721
shendure	zinb	ExEndodermVisceral	reference	0.0006142411730252206
shendure	zinb	ExEndodermVisceral	Bend5_chr4_8168	8.056475053308532e-06
shendure	zinb	ExEndodermVisceral	Bend5_chr4_8170	1.3648428648593836e-05
shendure	zinb	ExEndodermVisceral	Bend5_chr4_8172	1.0969696631946135e-05
shendure	zinb	ExEndodermVisceral	Bend5_chr4_8174	0.00043705638381652534
shendure	zinb	ExEndodermVisceral	Bend5_chr4_8175	0.0014286477817222476
shendure	zinb	ExEndodermVisceral	Bend5_chr4_8179	0.000345576525432989
shendure	zinb	ExEndodermVisceral	Bend5_chr4_8192	1.9240944311604835e-05
shendure	zinb	ExEndodermVisceral	Bend5_chr4_8199	0.00034385212347842753
shendure	zinb	ExEndodermVisceral	Bend5_chr4_8201	0.00035714867408387363
shendure	zinb	ExEndodermVisceral	Btg1_chr10_9572	1.2801633602066431e-05
shendure	zinb	ExEndodermVisceral	Btg1_chr10_9578	0.007883109152317047
shendure	zinb	ExEndodermVisceral	Btg1_chr10_9588	6.527295226987917e-06
shendure	zinb	ExEndodermVisceral	Btg1_chr10_9593	0.00011144777090521529
shendure	zinb	ExEndodermVisceral	Btg1_chr10_9612	6.53692541163764e-06
shendure	zinb	ExEndodermVisceral	Btg1_chr10_9613	1.800414247554727e-05
shendure	zinb	ExEndodermVisceral	Cdk5r1_chr11_12559	0.0004525371768977493
shendure	zinb	ExEndodermVisceral	Cdk5r1_chr11_12562	0.0015126290963962674
shendure	zinb	ExEndodermVisceral	Cdk5r1_chr11_12574	0.008325623348355293
shendure	zinb	ExEndodermVisceral	Cdk5r1_chr11_12575	8.443480328423902e-05
shendure	zinb	ExEndodermVisceral	Cdk5r1_chr11_12582	0.0003075071144849062
shendure	zinb	ExEndodermVisceral	Cdk5r1_chr11_12590	7.516088317061076e-06
shendure	zinb	ExEndodermVisceral	Cdk5r1_chr11_12595	9.915645932778716e-06
shendure	zinb	ExEndodermVisceral	Cited2_chr10_1239	2.2202888430911116e-05
shendure	zinb	ExEndodermVisceral	Cited2_chr10_1246	9.858981502475217e-05
shendure	zinb	ExEndodermVisceral	Cited2_chr10_1248	9.878684068098664e-06
shendure	zinb	ExEndodermVisceral	Cited2_chr10_1253	0.00014174880925565958
shendure	zinb	ExEndodermVisceral	Cited2_chr10_1254	0.0024147459771484137
shendure	zinb	ExEndodermVisceral	Cited2_chr10_1267	6.683063111267984e-05
shendure	zinb	ExEndodermVisceral	Cited2_chr10_1270	2.7887888791156e-05
shendure	zinb	ExEndodermVisceral	Col1a1_chr11_15258	0.00010986495180986822
shendure	zinb	ExEndodermVisceral	Col1a1_chr11_15259	1.9785284166573547e-05
shendure	zinb	ExEndodermVisceral	Col1a1_chr11_15269	6.7379687607171945e-06
shendure	zinb	ExEndodermVisceral	Col1a1_chr11_15270	0.00010461325291544199
shendure	zinb	ExEndodermVisceral	Col1a1_chr11_15273	6.971786660869839e-06
shendure	zinb	ExEndodermVisceral	Col1a1_chr11_15275	0.00011192687088623643
shendure	zinb	ExEndodermVisceral	Col1a1_chr11_15276	0.00026463481481187046
shendure	zinb	ExEndodermVisceral	Col1a1_chr11_15301	8.606154733570293e-05
shendure	zinb	ExEndodermVisceral	Col1a1_chr11_15307	0.0007744851754978299
shendure	zinb	ExEndodermVisceral	Col1a1_chr11_15316	0.0004177030350547284
shendure	zinb	ExEndodermVisceral	Col1a1_chr11_15322	0.0002162351447623223
shendure	zinb	ExEndodermVisceral	Col1a2_chr6_72	8.703901585249696e-06
shendure	zinb	ExEndodermVisceral	Col1a2_chr6_73	3.127050877083093e-05
shendure	zinb	ExEndodermVisceral	Col1a2_chr6_77	0.00015735176566522568
shendure	zinb	ExEndodermVisceral	Col1a2_chr6_88	7.5758252933155745e-06
shendure	zinb	ExEndodermVisceral	Col1a2_chr6_93	0.0004985341220162809
shendure	zinb	ExEndodermVisceral	Col5a1_chr2_2558	3.297876173746772e-05
shendure	zinb	ExEndodermVisceral	Col5a1_chr2_2562	6.911669061082648e-06
shendure	zinb	ExEndodermVisceral	Col5a1_chr2_2565	5.317961040418595e-06
shendure	zinb	ExEndodermVisceral	Col5a1_chr2_2571	5.6425255024805665e-05
shendure	zinb	ExEndodermVisceral	Col5a1_chr2_2575	0.0007251879433169961
shendure	zinb	ExEndodermVisceral	Col5a1_chr2_2576	0.00017412369197700173
shendure	zinb	ExEndodermVisceral	Col5a1_chr2_2586	3.755468060262501e-05
shendure	zinb	ExEndodermVisceral	Epas1_chr17_10056	2.776549808913842e-05
shendure	zinb	ExEndodermVisceral	Epas1_chr17_10057	2.73807454505004e-05
shendure	zinb	ExEndodermVisceral	Epas1_chr17_10061	0.0001907529658637941
shendure	zinb	ExEndodermVisceral	Epas1_chr17_10063	0.0005921609117649496
shendure	zinb	ExEndodermVisceral	Epas1_chr17_10064	1.6508000044268556e-05
shendure	zinb	ExEndodermVisceral	Epas1_chr17_10066	0.0001939055073307827
shendure	zinb	ExEndodermVisceral	Epas1_chr17_10070	0.0013355622068047523
shendure	zinb	ExEndodermVisceral	Epas1_chr17_10071	0.0003119570028502494
shendure	zinb	ExEndodermVisceral	Epas1_chr17_10116	4.5975102693773806e-05
shendure	zinb	ExEndodermVisceral	Foxa2_chr2_13806	1.8395172446616925e-05
shendure	zinb	ExEndodermVisceral	Foxa2_chr2_13808	0.0002769524580799043
shendure	zinb	ExEndodermVisceral	Foxa2_chr2_13812	7.235123575810576e-06
shendure	zinb	ExEndodermVisceral	Foxa2_chr2_13818	0.00016436878649983555
shendure	zinb	ExEndodermVisceral	Foxa2_chr2_13820	0.0036545405164361
shendure	zinb	ExEndodermVisceral	Foxa2_chr2_13830	7.443919002980692e-06
shendure	zinb	ExEndodermVisceral	Foxa2_chr2_13835	4.749009167426266e-05
shendure	zinb	ExEndodermVisceral	Foxa2_chr2_13840	0.0007668975740671158
shendure	zinb	ExEndodermVisceral	Foxa2_chr2_13841	7.712690421612933e-05
shendure	zinb	ExEndodermVisceral	Foxa2_chr2_13856	1.1773819096561056e-05
shendure	zinb	ExEndodermVisceral	Foxa2_chr2_13858	0.0023785957600921392
shendure	zinb	ExEndodermVisceral	Foxa2_chr2_13861	5.056414920545649e-06
shendure	zinb	ExEndodermVisceral	Foxa2_chr2_13862	8.120812708511949e-05
shendure	zinb	ExEndodermVisceral	Gata4_chr14_5677	0.0017736810259521008
shendure	zinb	ExEndodermVisceral	Gata4_chr14_5693	6.310288881650195e-05
shendure	zinb	ExEndodermVisceral	Gata4_chr14_5710	5.637687081616605e-06
shendure	zinb	ExEndodermVisceral	Gata4_chr14_5714	7.029264816083014e-05
shendure	zinb	ExEndodermVisceral	Gata4_chr14_5729	0.0004655818338505924
shendure	zinb	ExEndodermVisceral	Gata4_chr14_5742	0.0036901223938912153
shendure	zinb	ExEndodermVisceral	Gata4_chr14_5749	0.0003841330762952566
shendure	zinb	ExEndodermVisceral	Gata4_chr14_5752	4.955892109137494e-06
shendure	zinb	ExEndodermVisceral	Gata4_chr14_5760	2.6326128136133775e-05
shendure	zinb	ExEndodermVisceral	Gata4_chr14_5762	9.702333045424893e-06
shendure	zinb	ExEndodermVisceral	Gata4_chr14_5763	2.4499719074810855e-05
shendure	zinb	ExEndodermVisceral	Gata4_chr14_5776	0.00038769064121879637
shendure	zinb	ExEndodermVisceral	Gata4_chr14_5779	8.661225365358405e-06
shendure	zinb	ExEndodermVisceral	Igfbp4_chr11_16694	0.00016899099864531308
shendure	zinb	ExEndodermVisceral	Igfbp4_chr11_16710	0.0003282042744103819
shendure	zinb	ExEndodermVisceral	Igfbp4_chr11_16711	0.0007386852521449327
shendure	zinb	ExEndodermVisceral	Igfbp4_chr11_16716	8.141023499774747e-06
shendure	zinb	ExEndodermVisceral	Igfbp4_chr11_16728	0.0003230897127650678
shendure	zinb	ExEndodermVisceral	Igfbp4_chr11_16735	0.0003179114719387144
shendure	zinb	ExEndodermVisceral	Igfbp4_chr11_16738	0.00023535201034974307
shendure	zinb	ExEndodermVisceral	Igfbp4_chr11_16740	0.0005076099187135696
shendure	zinb	ExEndodermVisceral	Igfbp4_chr11_16743	0.00030272899311967194
shendure	zinb	ExEndodermVisceral	Igfbp4_chr11_16784	6.292969192145392e-05
shendure	zinb	ExEndodermVisceral	Klf4_chr4_3934	0.00024163226771634072
shendure	zinb	ExEndodermVisceral	Klf4_chr4_3936	1.1686962352541741e-05
shendure	zinb	ExEndodermVisceral	Klf4_chr4_3946	4.2570940422592685e-05
shendure	zinb	ExEndodermVisceral	Klf4_chr4_3948	0.005835053976625204
shendure	zinb	ExEndodermVisceral	Klf4_chr4_3949	0.0003602336219046265
shendure	zinb	ExEndodermVisceral	Klf4_chr4_3951	7.482963701477274e-05
shendure	zinb	ExEndodermVisceral	Klf4_chr4_3952	1.0727077096817084e-05
shendure	zinb	ExEndodermVisceral	Klf4_chr4_3958	7.911955617601052e-05
shendure	zinb	ExEndodermVisceral	Lama1_chr17_7784	0.007944278419017792
shendure	zinb	ExEndodermVisceral	Lama1_chr17_7787	2.098387631122023e-05
shendure	zinb	ExEndodermVisceral	Lama1_chr17_7788	0.0006085530621930957
shendure	zinb	ExEndodermVisceral	Lama1_chr17_7791	1.570887070556637e-05
shendure	zinb	ExEndodermVisceral	Lama1_chr17_7793	0.0008081998093985021
shendure	zinb	ExEndodermVisceral	Lama1_chr17_7799	6.7359901549934875e-06
shendure	zinb	ExEndodermVisceral	Lama1_chr17_7814	0.0005419162334874272
shendure	zinb	ExEndodermVisceral	Lama1_chr17_7874	8.109699410852045e-05
shendure	zinb	ExEndodermVisceral	Lama1_chr17_7892	1.6694455553079024e-05
shendure	zinb	ExEndodermVisceral	Lama1_chr17_7907	1.594649802427739e-05
shendure	zinb	ExEndodermVisceral	Lamb1_chr12_2182	1.115228769776877e-05
shendure	zinb	ExEndodermVisceral	Lamb1_chr12_2183	0.0001817098818719387
shendure	zinb	ExEndodermVisceral	Lamb1_chr12_2186	0.00040373316733166575
shendure	zinb	ExEndodermVisceral	Lamb1_chr12_2189	1.0320526598661672e-05
shendure	zinb	ExEndodermVisceral	Lamb1_chr12_2196	0.00010949123679893091
shendure	zinb	ExEndodermVisceral	Lamb1_chr12_2203	1.269670610781759e-05
shendure	zinb	ExEndodermVisceral	Lamb1_chr12_2206	1.6420843166997656e-05
shendure	zinb	ExEndodermVisceral	Lamb1_chr12_2207	1.1744291441573296e-05
shendure	zinb	ExEndodermVisceral	Lamb1_chr12_2210	0.0007225073641166091
shendure	zinb	ExEndodermVisceral	Lamb1_chr12_2215	5.01002068631351e-05
shendure	zinb	ExEndodermVisceral	Lamb1_chr12_2216	0.00013722502626478672
shendure	zinb	ExEndodermVisceral	Lamb1_chr12_2238	7.91962884250097e-06
shendure	zinb	ExEndodermVisceral	Lamb1_chr12_2239	0.00025908061070367694
shendure	zinb	ExEndodermVisceral	Lamb1_chr12_2288	3.8413894799305126e-05
shendure	zinb	ExEndodermVisceral	Lamb1_chr12_2289	7.545958851551404e-06
shendure	zinb	ExEndodermVisceral	Lamb1_chr12_2296	0.0007831488037481904
shendure	zinb	ExEndodermVisceral	Lamc1_chr1_12127	1.5746127246529795e-05
shendure	zinb	ExEndodermVisceral	Lamc1_chr1_12152	9.923445759341121e-05
shendure	zinb	ExEndodermVisceral	Lamc1_chr1_12175	0.003584118327125907
shendure	zinb	ExEndodermVisceral	Lamc1_chr1_12183	1.7072792616090737e-05
shendure	zinb	ExEndodermVisceral	Lamc1_chr1_12185	4.881201311945915e-05
shendure	zinb	ExEndodermVisceral	Lamc1_chr1_12188	2.7513166060089134e-05
shendure	zinb	ExEndodermVisceral	Lamc1_chr1_12189	0.00032489417935721576
shendure	zinb	ExEndodermVisceral	Lamc1_chr1_12193	9.328395390184596e-05
shendure	zinb	ExEndodermVisceral	Lamc1_chr1_12201	3.6533867387333885e-05
shendure	zinb	ExEndodermVisceral	Map1b_chr13_9429	8.494427311234176e-05
shendure	zinb	ExEndodermVisceral	Map1b_chr13_9436	9.885357030725572e-06
shendure	zinb	ExEndodermVisceral	Map1b_chr13_9445	0.00010588971781544387
shendure	zinb	ExEndodermVisceral	Map1b_chr13_9447	0.0006426300969906151
shendure	zinb	ExEndodermVisceral	Sox17_chr1_58	0.00014024789561517537
shendure	zinb	ExEndodermVisceral	Sox17_chr1_59	5.669729944202118e-06
shendure	zinb	ExEndodermVisceral	Sox17_chr1_60	1.1020846613973845e-05
shendure	zinb	ExEndodermVisceral	Sox17_chr1_65	7.7587399573531e-05
shendure	zinb	ExEndodermVisceral	Sox17_chr1_67	0.00017266059876419604
shendure	zinb	ExEndodermVisceral	Sox17_chr1_68	3.54869152943138e-05
shendure	zinb	ExEndodermVisceral	Sox17_chr1_69	2.313429649802856e-05
shendure	zinb	ExEndodermVisceral	Sox17_chr1_73	1.1869861737068277e-05
shendure	zinb	ExEndodermVisceral	Sox17_chr1_77	0.0002437923103570938
shendure	zinb	ExEndodermVisceral	Sox17_chr1_78	3.386912067071535e-05
shendure	zinb	ExEndodermVisceral	Sox17_chr1_82	0.0001412112615071237
shendure	zinb	ExEndodermVisceral	Sox17_chr1_83	9.900215445668437e-06
shendure	zinb	ExEndodermVisceral	Sox2_chr3_2005	8.177685958798975e-05
shendure	zinb	ExEndodermVisceral	Sox2_chr3_2007	0.00035908102290704846
shendure	zinb	ExEndodermVisceral	Sox2_chr3_2008	8.395203622058034e-06
shendure	zinb	ExEndodermVisceral	Sox2_chr3_2009	3.713493060786277e-05
shendure	zinb	ExEndodermVisceral	Sox4_chr13_2052	0.0005663137417286634
shendure	zinb	ExEndodermVisceral	Sox4_chr13_2054	1.6432137272204272e-05
shendure	zinb	ExEndodermVisceral	Sox4_chr13_2055	0.0006682570092380047
shendure	zinb	ExEndodermVisceral	Sox4_chr13_2057	5.516656983672874e-06
shendure	zinb	ExEndodermVisceral	Sparc_chr11_7180	6.9463212639675476e-06
shendure	zinb	ExEndodermVisceral	Sparc_chr11_7182	1.939618232427165e-05
shendure	zinb	ExEndodermVisceral	Sparc_chr11_7195	0.0006376996752806008
shendure	zinb	ExEndodermVisceral	Sparc_chr11_7198	4.5075070374878123e-05
shendure	zinb	ExEndodermVisceral	Sparc_chr11_7199	1.5951169189065695e-05
shendure	zinb	ExEndodermVisceral	Sparc_chr11_7203	0.00016616741777397692
shendure	zinb	ExEndodermVisceral	Sparc_chr11_7205	0.0003594239824451506
shendure	zinb	ExEndodermVisceral	Sparc_chr11_7207	1.2008578778477386e-05
shendure	zinb	ExEndodermVisceral	Sparc_chr11_7210	0.00019332775264047086
shendure	zinb	ExEndodermVisceral	Sparc_chr11_7211	0.002316333120688796
shendure	zinb	ExEndodermVisceral	Sparc_chr11_7213	6.912786193424836e-05
shendure	zinb	ExEndodermVisceral	Sparc_chr11_7230	0.001084492658264935
shendure	zinb	ExEndodermVisceral	Sparc_chr11_7233	1.6019052054616623e-05
shendure	zinb	ExEndodermVisceral	Sparc_chr11_7234	0.0022316270042210817
shendure	zinb	ExEndodermVisceral	Sparc_chr11_7235	0.005767425522208214
shendure	zinb	ExEndodermVisceral	Sparc_chr11_7243	0.000183011288754642
shendure	zinb	ExEndodermVisceral	Tgfbi_chr13_5692	0.00041279318975284696
shendure	zinb	ExEndodermVisceral	Tgfbi_chr13_5701	0.00016540978685952723
shendure	zinb	ExEndodermVisceral	Tgfbi_chr13_5705	0.000642220547888428
shendure	zinb	ExEndodermVisceral	Tgfbi_chr13_5711	1.631359373277519e-05
shendure	zinb	ExEndodermVisceral	Tgfbi_chr13_5724	0.00012216948380228132
shendure	zinb	ExEndodermVisceral	Tgfbi_chr13_5735	0.0001961526577360928
shendure	zinb	ExEndodermVisceral	Tgfbi_chr13_5741	0.0052091400139033794
shendure	zinb	ExEndodermVisceral	Tubb2b_chr13_2557	3.269164153607562e-05
shendure	zinb	ExEndodermVisceral	Tubb2b_chr13_2568	0.0021089043002575636
shendure	zinb	ExEndodermVisceral	Tubb2b_chr13_2572	4.3771455239038914e-05
shendure	zinb	ExEndodermVisceral	Tubb2b_chr13_2576	0.007204068824648857
shendure	zinb	ExEndodermVisceral	Tubb2b_chr13_2577	4.639254984795116e-05
shendure	zinb	ExEndodermVisceral	Tubb2b_chr13_2578	4.6941338951000944e-05
shendure	zinb	ExEndodermVisceral	Tubb2b_chr13_2580	0.0001973893231479451
shendure	zinb	ExEndodermVisceral	Tubb2b_chr13_2583	9.352133929496631e-05
shendure	zinb	ExEndodermVisceral	Tubb2b_chr13_2590	0.0002167874772567302
shendure	zinb	ExEndodermVisceral	Txndc12_chr4_7951	8.338483894476667e-05
shendure	zinb	ExEndodermVisceral	Txndc12_chr4_7961	0.00021980798919685185
shendure	zinb	ExEndodermVisceral	Txndc12_chr4_7962	0.0008167222840711474
shendure	zinb	ExEndodermVisceral	Txndc12_chr4_7969	0.00040182869997806847
shendure	zinb	ExEndodermVisceral	Txndc12_chr4_7971	0.0002022113767452538
shendure	zinb	ExEndodermVisceral	Txndc12_chr4_7973	0.006752034183591604
shendure	zinb	ExEndodermVisceral	Txndc12_chr4_7975	5.3581396059598774e-05
shendure	zinb	ExEndodermVisceral	Txndc12_chr4_7978	0.001164353801868856
shendure	zinb	ExEndodermVisceral	eef1aP	0.7295518517494202
shendure	zinb	ExEndodermVisceral	pgk1P	0.37161383032798767
shendure	zinb	ExEndodermVisceral	ubcP	0.17356319725513458
shendure	zinb	NeuroectodermRostral	reference	0.00025545366224832833
shendure	zinb	NeuroectodermRostral	Bend5_chr4_8168	6.2219114624895155e-06
shendure	zinb	NeuroectodermRostral	Bend5_chr4_8170	9.968267477233894e-06
shendure	zinb	NeuroectodermRostral	Bend5_chr4_8172	8.040035027079284e-06
shendure	zinb	NeuroectodermRostral	Bend5_chr4_8174	3.409797727726982e-06
shendure	zinb	NeuroectodermRostral	Bend5_chr4_8175	0.00352118001319468
shendure	zinb	NeuroectodermRostral	Bend5_chr4_8179	7.32791022528545e-06
shendure	zinb	NeuroectodermRostral	Bend5_chr4_8192	4.69776341560646e-06
shendure	zinb	NeuroectodermRostral	Bend5_chr4_8199	3.638111138570821e-06
shendure	zinb	NeuroectodermRostral	Bend5_chr4_8201	3.893108441843651e-06
shendure	zinb	NeuroectodermRostral	Btg1_chr10_9572	9.750520803208929e-06
shendure	zinb	NeuroectodermRostral	Btg1_chr10_9578	0.004226895049214363
shendure	zinb	NeuroectodermRostral	Btg1_chr10_9588	5.355399025575025e-06
shendure	zinb	NeuroectodermRostral	Btg1_chr10_9593	3.7517756936722435e-06
shendure	zinb	NeuroectodermRostral	Btg1_chr10_9612	5.367102403397439e-06
shendure	zinb	NeuroectodermRostral	Btg1_chr10_9613	1.178433285531355e-05
shendure	zinb	NeuroectodermRostral	Cdk5r1_chr11_12559	0.0005020013777539134
shendure	zinb	NeuroectodermRostral	Cdk5r1_chr11_12562	0.0010851940605789423
shendure	zinb	NeuroectodermRostral	Cdk5r1_chr11_12574	0.002866606693714857
shendure	zinb	NeuroectodermRostral	Cdk5r1_chr11_12575	3.502846993796993e-06
shendure	zinb	NeuroectodermRostral	Cdk5r1_chr11_12582	0.003237017896026373
shendure	zinb	NeuroectodermRostral	Cdk5r1_chr11_12590	0.0002065284934360534
shendure	zinb	NeuroectodermRostral	Cdk5r1_chr11_12595	7.104026281012921e-06
shendure	zinb	NeuroectodermRostral	Cited2_chr10_1239	1.3765094081463758e-05
shendure	zinb	NeuroectodermRostral	Cited2_chr10_1246	1.3520047104975674e-05
shendure	zinb	NeuroectodermRostral	Cited2_chr10_1248	7.90867670730222e-06
shendure	zinb	NeuroectodermRostral	Cited2_chr10_1253	9.48763499764027e-06
shendure	zinb	NeuroectodermRostral	Cited2_chr10_1254	0.002490946790203452
shendure	zinb	NeuroectodermRostral	Cited2_chr10_1267	4.160198386671254e-06
shendure	zinb	NeuroectodermRostral	Cited2_chr10_1270	1.7940094039659016e-05
shendure	zinb	NeuroectodermRostral	Col1a1_chr11_15258	7.132201426429674e-05
shendure	zinb	NeuroectodermRostral	Col1a1_chr11_15259	0.00015925639308989048
shendure	zinb	NeuroectodermRostral	Col1a1_chr11_15269	5.130803856445709e-06
shendure	zinb	NeuroectodermRostral	Col1a1_chr11_15270	9.063250035978854e-05
shendure	zinb	NeuroectodermRostral	Col1a1_chr11_15273	5.84312192586367e-06
shendure	zinb	NeuroectodermRostral	Col1a1_chr11_15275	5.637058166030329e-06
shendure	zinb	NeuroectodermRostral	Col1a1_chr11_15276	0.006092687137424946
shendure	zinb	NeuroectodermRostral	Col1a1_chr11_15301	1.4549197658197954e-05
shendure	zinb	NeuroectodermRostral	Col1a1_chr11_15307	0.002300817985087633
shendure	zinb	NeuroectodermRostral	Col1a1_chr11_15316	6.905501777509926e-06
shendure	zinb	NeuroectodermRostral	Col1a1_chr11_15322	0.0004837256856262684
shendure	zinb	NeuroectodermRostral	Col1a2_chr6_72	6.793996362830512e-06
shendure	zinb	NeuroectodermRostral	Col1a2_chr6_73	5.183758730709087e-06
shendure	zinb	NeuroectodermRostral	Col1a2_chr6_77	3.240398200432537e-06
shendure	zinb	NeuroectodermRostral	Col1a2_chr6_88	5.592032266577007e-06
shendure	zinb	NeuroectodermRostral	Col1a2_chr6_93	2.435544774925802e-05
shendure	zinb	NeuroectodermRostral	Col5a1_chr2_2558	3.6560511489369674e-06
shendure	zinb	NeuroectodermRostral	Col5a1_chr2_2562	5.8179111874778755e-06
shendure	zinb	NeuroectodermRostral	Col5a1_chr2_2565	6.489764200523496e-05
shendure	zinb	NeuroectodermRostral	Col5a1_chr2_2571	8.940894076658878e-06
shendure	zinb	NeuroectodermRostral	Col5a1_chr2_2575	0.0007755407132208347
shendure	zinb	NeuroectodermRostral	Col5a1_chr2_2576	8.725214865989983e-05
shendure	zinb	NeuroectodermRostral	Col5a1_chr2_2586	6.0552060858753975e-06
shendure	zinb	NeuroectodermRostral	Epas1_chr17_10056	7.047011604299769e-05
shendure	zinb	NeuroectodermRostral	Epas1_chr17_10057	4.668832480092533e-05
shendure	zinb	NeuroectodermRostral	Epas1_chr17_10061	0.00022204869310371578
shendure	zinb	NeuroectodermRostral	Epas1_chr17_10063	9.272565876017325e-06
shendure	zinb	NeuroectodermRostral	Epas1_chr17_10064	1.2359583706711419e-05
shendure	zinb	NeuroectodermRostral	Epas1_chr17_10066	5.329684427124448e-06
shendure	zinb	NeuroectodermRostral	Epas1_chr17_10070	0.0007172899786382914
shendure	zinb	NeuroectodermRostral	Epas1_chr17_10071	7.37230948288925e-06
shendure	zinb	NeuroectodermRostral	Epas1_chr17_10116	7.319627457036404e-06
shendure	zinb	NeuroectodermRostral	Foxa2_chr2_13806	1.3378497897065245e-05
shendure	zinb	NeuroectodermRostral	Foxa2_chr2_13808	6.234069132915465e-06
shendure	zinb	NeuroectodermRostral	Foxa2_chr2_13812	5.416422936832532e-06
shendure	zinb	NeuroectodermRostral	Foxa2_chr2_13818	5.080583378003212e-06
shendure	zinb	NeuroectodermRostral	Foxa2_chr2_13820	9.542515726934653e-06
shendure	zinb	NeuroectodermRostral	Foxa2_chr2_13830	6.22695642960025e-06
shendure	zinb	NeuroectodermRostral	Foxa2_chr2_13835	7.3232863542216364e-06
shendure	zinb	NeuroectodermRostral	Foxa2_chr2_13840	0.0007988970610313118
shendure	zinb	NeuroectodermRostral	Foxa2_chr2_13841	0.0001661092828726396
shendure	zinb	NeuroectodermRostral	Foxa2_chr2_13856	8.711592272447888e-06
shendure	zinb	NeuroectodermRostral	Foxa2_chr2_13858	6.428323558793636e-06
shendure	zinb	NeuroectodermRostral	Foxa2_chr2_13861	4.225155407766579e-06
shendure	zinb	NeuroectodermRostral	Foxa2_chr2_13862	8.191623237507883e-06
shendure	zinb	NeuroectodermRostral	Gata4_chr14_5677	0.005012229084968567
shendure	zinb	NeuroectodermRostral	Gata4_chr14_5693	6.587516054423759e-06
shendure	zinb	NeuroectodermRostral	Gata4_chr14_5710	4.9924951781576965e-06
shendure	zinb	NeuroectodermRostral	Gata4_chr14_5714	6.3822403717495035e-06
shendure	zinb	NeuroectodermRostral	Gata4_chr14_5729	7.352145075856242e-06
shendure	zinb	NeuroectodermRostral	Gata4_chr14_5742	0.0015053092502057552
shendure	zinb	NeuroectodermRostral	Gata4_chr14_5749	0.00047895623720251024
shendure	zinb	NeuroectodermRostral	Gata4_chr14_5752	4.118315246159909e-06
shendure	zinb	NeuroectodermRostral	Gata4_chr14_5760	0.0001214135845657438
shendure	zinb	NeuroectodermRostral	Gata4_chr14_5762	7.91103138908511e-06
shendure	zinb	NeuroectodermRostral	Gata4_chr14_5763	4.3757204366556834e-06
shendure	zinb	NeuroectodermRostral	Gata4_chr14_5776	6.800611299695447e-05
shendure	zinb	NeuroectodermRostral	Gata4_chr14_5779	6.933157692401437e-06
shendure	zinb	NeuroectodermRostral	Igfbp4_chr11_16694	1.2669658644881565e-05
shendure	zinb	NeuroectodermRostral	Igfbp4_chr11_16710	0.00012060436711180955
shendure	zinb	NeuroectodermRostral	Igfbp4_chr11_16711	0.0013928712578490376
shendure	zinb	NeuroectodermRostral	Igfbp4_chr11_16716	0.000430270389188081
shendure	zinb	NeuroectodermRostral	Igfbp4_chr11_16728	0.0004892633878625929
shendure	zinb	NeuroectodermRostral	Igfbp4_chr11_16735	7.482724413421238e-06
shendure	zinb	NeuroectodermRostral	Igfbp4_chr11_16738	0.00040064839413389564
shendure	zinb	NeuroectodermRostral	Igfbp4_chr11_16740	0.00025771858054213226
shendure	zinb	NeuroectodermRostral	Igfbp4_chr11_16743	0.00030050237546674907
shendure	zinb	NeuroectodermRostral	Igfbp4_chr11_16784	6.137237960501807e-06
shendure	zinb	NeuroectodermRostral	Klf4_chr4_3934	0.00031161357765085995
shendure	zinb	NeuroectodermRostral	Klf4_chr4_3936	9.579563084116671e-06
shendure	zinb	NeuroectodermRostral	Klf4_chr4_3946	8.377772610401735e-05
shendure	zinb	NeuroectodermRostral	Klf4_chr4_3948	0.0008766598766669631
shendure	zinb	NeuroectodermRostral	Klf4_chr4_3949	0.00048750071437098086
shendure	zinb	NeuroectodermRostral	Klf4_chr4_3951	0.0001075260661309585
shendure	zinb	NeuroectodermRostral	Klf4_chr4_3952	8.476667971990537e-06
shendure	zinb	NeuroectodermRostral	Klf4_chr4_3958	7.813802767486777e-06
shendure	zinb	NeuroectodermRostral	Lama1_chr17_7784	6.116028089309111e-06
shendure	zinb	NeuroectodermRostral	Lama1_chr17_7787	1.3911541827837937e-05
shendure	zinb	NeuroectodermRostral	Lama1_chr17_7788	7.2802649810910225e-06
shendure	zinb	NeuroectodermRostral	Lama1_chr17_7791	1.1071791050198954e-05
shendure	zinb	NeuroectodermRostral	Lama1_chr17_7793	0.0003937031433451921
shendure	zinb	NeuroectodermRostral	Lama1_chr17_7799	5.605990281765116e-06
shendure	zinb	NeuroectodermRostral	Lama1_chr17_7814	0.00011341861682012677
shendure	zinb	NeuroectodermRostral	Lama1_chr17_7874	1.1110705600003712e-05
shendure	zinb	NeuroectodermRostral	Lama1_chr17_7892	1.0890486919379327e-05
shendure	zinb	NeuroectodermRostral	Lama1_chr17_7907	1.1436219210736454e-05
shendure	zinb	NeuroectodermRostral	Lamb1_chr12_2182	8.841930139169563e-06
shendure	zinb	NeuroectodermRostral	Lamb1_chr12_2183	0.00015711439482402056
shendure	zinb	NeuroectodermRostral	Lamb1_chr12_2186	0.00019101527868770063
shendure	zinb	NeuroectodermRostral	Lamb1_chr12_2189	8.318987966049463e-06
shendure	zinb	NeuroectodermRostral	Lamb1_chr12_2196	6.62698084852309e-06
shendure	zinb	NeuroectodermRostral	Lamb1_chr12_2203	9.174725164484698e-06
shendure	zinb	NeuroectodermRostral	Lamb1_chr12_2206	1.1306757187412586e-05
shendure	zinb	NeuroectodermRostral	Lamb1_chr12_2207	9.355992915516254e-06
shendure	zinb	NeuroectodermRostral	Lamb1_chr12_2210	0.0003333278582431376
shendure	zinb	NeuroectodermRostral	Lamb1_chr12_2215	1.0366346941736992e-05
shendure	zinb	NeuroectodermRostral	Lamb1_chr12_2216	0.00010108105198014528
shendure	zinb	NeuroectodermRostral	Lamb1_chr12_2238	6.315866812656168e-06
shendure	zinb	NeuroectodermRostral	Lamb1_chr12_2239	5.083568794361781e-06
shendure	zinb	NeuroectodermRostral	Lamb1_chr12_2288	6.244154974410776e-06
shendure	zinb	NeuroectodermRostral	Lamb1_chr12_2289	6.091388058848679e-06
shendure	zinb	NeuroectodermRostral	Lamb1_chr12_2296	0.00029154366347938776
shendure	zinb	NeuroectodermRostral	Lamc1_chr1_12127	1.1887875189131591e-05
shendure	zinb	NeuroectodermRostral	Lamc1_chr1_12152	1.679967317613773e-05
shendure	zinb	NeuroectodermRostral	Lamc1_chr1_12175	0.0024633402936160564
shendure	zinb	NeuroectodermRostral	Lamc1_chr1_12183	1.1206075214431621e-05
shendure	zinb	NeuroectodermRostral	Lamc1_chr1_12185	4.008713858638657e-06
shendure	zinb	NeuroectodermRostral	Lamc1_chr1_12188	1.8132912373403087e-05
shendure	zinb	NeuroectodermRostral	Lamc1_chr1_12189	6.626171852985863e-06
shendure	zinb	NeuroectodermRostral	Lamc1_chr1_12193	6.684366780973505e-06
shendure	zinb	NeuroectodermRostral	Lamc1_chr1_12201	7.662495590921026e-06
shendure	zinb	NeuroectodermRostral	Map1b_chr13_9429	0.00018743863620329648
shendure	zinb	NeuroectodermRostral	Map1b_chr13_9436	7.656731213501189e-06
shendure	zinb	NeuroectodermRostral	Map1b_chr13_9445	0.0005681167240254581
shendure	zinb	NeuroectodermRostral	Map1b_chr13_9447	0.0007268360932357609
shendure	zinb	NeuroectodermRostral	Sox17_chr1_58	6.06915045864298e-06
shendure	zinb	NeuroectodermRostral	Sox17_chr1_59	4.529430043476168e-06
shendure	zinb	NeuroectodermRostral	Sox17_chr1_60	8.449025699519552e-06
shendure	zinb	NeuroectodermRostral	Sox17_chr1_65	0.00018804472347255796
shendure	zinb	NeuroectodermRostral	Sox17_chr1_67	5.364425760490121e-06
shendure	zinb	NeuroectodermRostral	Sox17_chr1_68	2.0979576220270246e-05
shendure	zinb	NeuroectodermRostral	Sox17_chr1_69	0.0009489069343544543
shendure	zinb	NeuroectodermRostral	Sox17_chr1_73	9.140926522377413e-06
shendure	zinb	NeuroectodermRostral	Sox17_chr1_77	7.715834726695903e-06
shendure	zinb	NeuroectodermRostral	Sox17_chr1_78	6.9621582952095196e-06
shendure	zinb	NeuroectodermRostral	Sox17_chr1_82	0.0003638821071945131
shendure	zinb	NeuroectodermRostral	Sox17_chr1_83	7.637157978024334e-06
shendure	zinb	NeuroectodermRostral	Sox2_chr3_2005	5.0547901082609314e-06
shendure	zinb	NeuroectodermRostral	Sox2_chr3_2007	3.708529447976616e-06
shendure	zinb	NeuroectodermRostral	Sox2_chr3_2008	6.752100944140693e-06
shendure	zinb	NeuroectodermRostral	Sox2_chr3_2009	2.6784616693475982e-06
shendure	zinb	NeuroectodermRostral	Sox4_chr13_2052	0.0006529869278892875
shendure	zinb	NeuroectodermRostral	Sox4_chr13_2054	4.004235961474478e-06
shendure	zinb	NeuroectodermRostral	Sox4_chr13_2055	6.499668961623684e-05
shendure	zinb	NeuroectodermRostral	Sox4_chr13_2057	0.00043959522736258805
shendure	zinb	NeuroectodermRostral	Sparc_chr11_7180	5.712177426175913e-06
shendure	zinb	NeuroectodermRostral	Sparc_chr11_7182	1.436005641153315e-05
shendure	zinb	NeuroectodermRostral	Sparc_chr11_7195	0.0002393792528891936
shendure	zinb	NeuroectodermRostral	Sparc_chr11_7198	5.9990434237988666e-06
shendure	zinb	NeuroectodermRostral	Sparc_chr11_7199	1.1648506188066676e-05
shendure	zinb	NeuroectodermRostral	Sparc_chr11_7203	6.804760687373346e-06
shendure	zinb	NeuroectodermRostral	Sparc_chr11_7205	5.165014954400249e-05
shendure	zinb	NeuroectodermRostral	Sparc_chr11_7207	8.825224540487397e-06
shendure	zinb	NeuroectodermRostral	Sparc_chr11_7210	5.575769137067255e-06
shendure	zinb	NeuroectodermRostral	Sparc_chr11_7211	0.0001680937857599929
shendure	zinb	NeuroectodermRostral	Sparc_chr11_7213	9.740324458107352e-06
shendure	zinb	NeuroectodermRostral	Sparc_chr11_7230	0.0004800820897798985
shendure	zinb	NeuroectodermRostral	Sparc_chr11_7233	1.1103641554655042e-05
shendure	zinb	NeuroectodermRostral	Sparc_chr11_7234	0.0017483405536040664
shendure	zinb	NeuroectodermRostral	Sparc_chr11_7235	0.001873685047030449
shendure	zinb	NeuroectodermRostral	Sparc_chr11_7243	6.849887540738564e-06
shendure	zinb	NeuroectodermRostral	Tgfbi_chr13_5692	0.001275187823921442
shendure	zinb	NeuroectodermRostral	Tgfbi_chr13_5701	1.0717954864958301e-05
shendure	zinb	NeuroectodermRostral	Tgfbi_chr13_5705	0.0035124681890010834
shendure	zinb	NeuroectodermRostral	Tgfbi_chr13_5711	0.00011744532093871385
shendure	zinb	NeuroectodermRostral	Tgfbi_chr13_5724	5.458228315546876e-06
shendure	zinb	NeuroectodermRostral	Tgfbi_chr13_5735	6.151758043415612e-06
shendure	zinb	NeuroectodermRostral	Tgfbi_chr13_5741	0.0035979573149234056
shendure	zinb	NeuroectodermRostral	Tubb2b_chr13_2557	5.393321316660149e-06
shendure	zinb	NeuroectodermRostral	Tubb2b_chr13_2568	0.001909463433548808
shendure	zinb	NeuroectodermRostral	Tubb2b_chr13_2572	0.0004850343393627554
shendure	zinb	NeuroectodermRostral	Tubb2b_chr13_2576	0.008083831518888474
shendure	zinb	NeuroectodermRostral	Tubb2b_chr13_2577	0.00032866562833078206
shendure	zinb	NeuroectodermRostral	Tubb2b_chr13_2578	9.763841080712155e-05
shendure	zinb	NeuroectodermRostral	Tubb2b_chr13_2580	0.0002503539144527167
shendure	zinb	NeuroectodermRostral	Tubb2b_chr13_2583	0.0003479121078271419
shendure	zinb	NeuroectodermRostral	Tubb2b_chr13_2590	6.182895049278159e-06
shendure	zinb	NeuroectodermRostral	Txndc12_chr4_7951	0.0002312599099241197
shendure	zinb	NeuroectodermRostral	Txndc12_chr4_7961	0.00023309906828217208
shendure	zinb	NeuroectodermRostral	Txndc12_chr4_7962	0.0010376754216849804
shendure	zinb	NeuroectodermRostral	Txndc12_chr4_7969	3.929152444470674e-05
shendure	zinb	NeuroectodermRostral	Txndc12_chr4_7971	4.35140282206703e-05
shendure	zinb	NeuroectodermRostral	Txndc12_chr4_7973	0.0012797879753634334
shendure	zinb	NeuroectodermRostral	Txndc12_chr4_7975	8.073696335486602e-06
shendure	zinb	NeuroectodermRostral	Txndc12_chr4_7978	0.003411032259464264
shendure	zinb	NeuroectodermRostral	eef1aP	0.1756306290626526
shendure	zinb	NeuroectodermRostral	pgk1P	0.06939677149057388
shendure	zinb	NeuroectodermRostral	ubcP	0.06349930912256241
shendure	zinb	Haematoendothelial	reference	0.0005658789305016398
shendure	zinb	Haematoendothelial	Bend5_chr4_8168	6.235817636479624e-06
shendure	zinb	Haematoendothelial	Bend5_chr4_8170	1.0399727216281462e-05
shendure	zinb	Haematoendothelial	Bend5_chr4_8172	8.229403647419531e-06
shendure	zinb	Haematoendothelial	Bend5_chr4_8174	3.2321172511728946e-06
shendure	zinb	Haematoendothelial	Bend5_chr4_8175	0.0031304287258535624
shendure	zinb	Haematoendothelial	Bend5_chr4_8179	7.226103662105743e-06
shendure	zinb	Haematoendothelial	Bend5_chr4_8192	4.492609150474891e-06
shendure	zinb	Haematoendothelial	Bend5_chr4_8199	0.0001735715923132375
shendure	zinb	Haematoendothelial	Bend5_chr4_8201	0.0001664946903474629
shendure	zinb	Haematoendothelial	Btg1_chr10_9572	9.939854862750508e-06
shendure	zinb	Haematoendothelial	Btg1_chr10_9578	0.012008344754576683
shendure	zinb	Haematoendothelial	Btg1_chr10_9588	5.19905779583496e-06
shendure	zinb	Haematoendothelial	Btg1_chr10_9593	9.604952356312424e-05
shendure	zinb	Haematoendothelial	Btg1_chr10_9612	5.218724254518747e-06
shendure	zinb	Haematoendothelial	Btg1_chr10_9613	1.2864318705396727e-05
shendure	zinb	Haematoendothelial	Cdk5r1_chr11_12559	0.001300300587899983
shendure	zinb	Haematoendothelial	Cdk5r1_chr11_12562	0.0033525426406413317
shendure	zinb	Haematoendothelial	Cdk5r1_chr11_12574	0.010458244010806084
shendure	zinb	Haematoendothelial	Cdk5r1_chr11_12575	0.00012710328155662864
shendure	zinb	Haematoendothelial	Cdk5r1_chr11_12582	0.0007453605066984892
shendure	zinb	Haematoendothelial	Cdk5r1_chr11_12590	5.848730779689504e-06
shendure	zinb	Haematoendothelial	Cdk5r1_chr11_12595	7.319166797969956e-06
shendure	zinb	Haematoendothelial	Cited2_chr10_1239	1.583180346642621e-05
shendure	zinb	Haematoendothelial	Cited2_chr10_1246	1.4569121049134992e-05
shendure	zinb	Haematoendothelial	Cited2_chr10_1248	7.824810381862335e-06
shendure	zinb	Haematoendothelial	Cited2_chr10_1253	9.717908142192755e-06
shendure	zinb	Haematoendothelial	Cited2_chr10_1254	0.004628141410648823
shendure	zinb	Haematoendothelial	Cited2_chr10_1267	3.947629465983482e-06
shendure	zinb	Haematoendothelial	Cited2_chr10_1270	2.0344266886240803e-05
shendure	zinb	Haematoendothelial	Col1a1_chr11_15258	4.623542281478876e-06
shendure	zinb	Haematoendothelial	Col1a1_chr11_15259	0.00021137497969903052
shendure	zinb	Haematoendothelial	Col1a1_chr11_15269	5.140432676853379e-06
shendure	zinb	Haematoendothelial	Col1a1_chr11_15270	0.0007893735892139375
shendure	zinb	Haematoendothelial	Col1a1_chr11_15273	5.64569245398161e-06
shendure	zinb	Haematoendothelial	Col1a1_chr11_15275	0.00015786205767653883
shendure	zinb	Haematoendothelial	Col1a1_chr11_15276	0.00044558581430464983
shendure	zinb	Haematoendothelial	Col1a1_chr11_15301	1.6656114894431084e-05
shendure	zinb	Haematoendothelial	Col1a1_chr11_15307	0.0016024460783228278
shendure	zinb	Haematoendothelial	Col1a1_chr11_15316	0.00024538219440728426
shendure	zinb	Haematoendothelial	Col1a1_chr11_15322	0.0010371445678174496
shendure	zinb	Haematoendothelial	Col1a2_chr6_72	6.800322807976045e-06
shendure	zinb	Haematoendothelial	Col1a2_chr6_73	0.0001440183841623366
shendure	zinb	Haematoendothelial	Col1a2_chr6_77	7.91846978245303e-05
shendure	zinb	Haematoendothelial	Col1a2_chr6_88	5.698629138350952e-06
shendure	zinb	Haematoendothelial	Col1a2_chr6_93	0.0028081764467060566
shendure	zinb	Haematoendothelial	Col5a1_chr2_2558	3.513992169246194e-06
shendure	zinb	Haematoendothelial	Col5a1_chr2_2562	5.620797765004681e-06
shendure	zinb	Haematoendothelial	Col5a1_chr2_2565	4.219489710521884e-06
shendure	zinb	Haematoendothelial	Col5a1_chr2_2571	8.975124728749506e-06
shendure	zinb	Haematoendothelial	Col5a1_chr2_2575	0.0015921394806355238
shendure	zinb	Haematoendothelial	Col5a1_chr2_2576	0.0002620703016873449
shendure	zinb	Haematoendothelial	Col5a1_chr2_2586	6.001241217745701e-06
shendure	zinb	Haematoendothelial	Epas1_chr17_10056	6.916301208548248e-05
shendure	zinb	Haematoendothelial	Epas1_chr17_10057	5.734435490012402e-06
shendure	zinb	Haematoendothelial	Epas1_chr17_10061	0.0002228722587460652
shendure	zinb	Haematoendothelial	Epas1_chr17_10063	9.2711679826607e-06
shendure	zinb	Haematoendothelial	Epas1_chr17_10064	1.2997886187804397e-05
shendure	zinb	Haematoendothelial	Epas1_chr17_10066	5.293329195410479e-06
shendure	zinb	Haematoendothelial	Epas1_chr17_10070	0.007777434773743153
shendure	zinb	Haematoendothelial	Epas1_chr17_10071	0.0005969126359559596
shendure	zinb	Haematoendothelial	Epas1_chr17_10116	7.312342859222554e-06
shendure	zinb	Haematoendothelial	Foxa2_chr2_13806	1.4240195014281198e-05
shendure	zinb	Haematoendothelial	Foxa2_chr2_13808	6.184989160828991e-06
shendure	zinb	Haematoendothelial	Foxa2_chr2_13812	5.464222795126261e-06
shendure	zinb	Haematoendothelial	Foxa2_chr2_13818	4.9070094974013045e-06
shendure	zinb	Haematoendothelial	Foxa2_chr2_13820	0.00022086281387601048
shendure	zinb	Haematoendothelial	Foxa2_chr2_13830	6.068450147722615e-06
shendure	zinb	Haematoendothelial	Foxa2_chr2_13835	7.399717105727177e-06
shendure	zinb	Haematoendothelial	Foxa2_chr2_13840	0.0008190959342755377
shendure	zinb	Haematoendothelial	Foxa2_chr2_13841	0.00025420039310120046
shendure	zinb	Haematoendothelial	Foxa2_chr2_13856	0.0002609258808661252
shendure	zinb	Haematoendothelial	Foxa2_chr2_13858	6.503534223156748e-06
shendure	zinb	Haematoendothelial	Foxa2_chr2_13861	4.076193363289349e-06
shendure	zinb	Haematoendothelial	Foxa2_chr2_13862	0.00019189059094060212
shendure	zinb	Haematoendothelial	Gata4_chr14_5677	0.001980735454708338
shendure	zinb	Haematoendothelial	Gata4_chr14_5693	6.357510301313596e-06
shendure	zinb	Haematoendothelial	Gata4_chr14_5710	4.7158036977634765e-06
shendure	zinb	Haematoendothelial	Gata4_chr14_5714	6.052359822206199e-06
shendure	zinb	Haematoendothelial	Gata4_chr14_5729	7.44045519240899e-06
shendure	zinb	Haematoendothelial	Gata4_chr14_5742	0.0030061902943998575
shendure	zinb	Haematoendothelial	Gata4_chr14_5749	0.0005485348519869149
shendure	zinb	Haematoendothelial	Gata4_chr14_5752	3.973711500293575e-06
shendure	zinb	Haematoendothelial	Gata4_chr14_5760	5.886754934181226e-06
shendure	zinb	Haematoendothelial	Gata4_chr14_5762	7.810376700945199e-06
shendure	zinb	Haematoendothelial	Gata4_chr14_5763	4.161562628723914e-06
shendure	zinb	Haematoendothelial	Gata4_chr14_5776	0.0003858366690110415
shendure	zinb	Haematoendothelial	Gata4_chr14_5779	6.832038252468919e-06
shendure	zinb	Haematoendothelial	Igfbp4_chr11_16694	0.00022042974887881428
shendure	zinb	Haematoendothelial	Igfbp4_chr11_16710	0.0009843498701229692
shendure	zinb	Haematoendothelial	Igfbp4_chr11_16711	0.0028468063101172447
shendure	zinb	Haematoendothelial	Igfbp4_chr11_16716	0.0006255363114178181
shendure	zinb	Haematoendothelial	Igfbp4_chr11_16728	0.0003111844416707754
shendure	zinb	Haematoendothelial	Igfbp4_chr11_16735	0.00045652466360479593
shendure	zinb	Haematoendothelial	Igfbp4_chr11_16738	0.0004623103595804423
shendure	zinb	Haematoendothelial	Igfbp4_chr11_16740	0.003065971890464425
shendure	zinb	Haematoendothelial	Igfbp4_chr11_16743	0.003687312128022313
shendure	zinb	Haematoendothelial	Igfbp4_chr11_16784	0.00017354130977764726
shendure	zinb	Haematoendothelial	Klf4_chr4_3934	0.0003555997391231358
shendure	zinb	Haematoendothelial	Klf4_chr4_3936	9.593019967724103e-06
shendure	zinb	Haematoendothelial	Klf4_chr4_3946	0.0001047331461450085
shendure	zinb	Haematoendothelial	Klf4_chr4_3948	0.006559673231095076
shendure	zinb	Haematoendothelial	Klf4_chr4_3949	0.0016489325789734721
shendure	zinb	Haematoendothelial	Klf4_chr4_3951	4.706889285444049e-06
shendure	zinb	Haematoendothelial	Klf4_chr4_3952	8.512385647918563e-06
shendure	zinb	Haematoendothelial	Klf4_chr4_3958	7.774971891194582e-06
shendure	zinb	Haematoendothelial	Lama1_chr17_7784	6.045841018931242e-06
shendure	zinb	Haematoendothelial	Lama1_chr17_7787	1.5451645595021546e-05
shendure	zinb	Haematoendothelial	Lama1_chr17_7788	7.142701178963762e-06
shendure	zinb	Haematoendothelial	Lama1_chr17_7791	1.1726071534212679e-05
shendure	zinb	Haematoendothelial	Lama1_chr17_7793	0.0010386757785454392
shendure	zinb	Haematoendothelial	Lama1_chr17_7799	5.427090400189627e-06
shendure	zinb	Haematoendothelial	Lama1_chr17_7814	0.0014412919990718365
shendure	zinb	Haematoendothelial	Lama1_chr17_7874	1.2068669093423523e-05
shendure	zinb	Haematoendothelial	Lama1_chr17_7892	1.190342845802661e-05
shendure	zinb	Haematoendothelial	Lama1_chr17_7907	1.2162976418039761e-05
shendure	zinb	Haematoendothelial	Lamb1_chr12_2182	8.916607839637436e-06
shendure	zinb	Haematoendothelial	Lamb1_chr12_2183	2.675344603630947e-06
shendure	zinb	Haematoendothelial	Lamb1_chr12_2186	8.464635175187141e-05
shendure	zinb	Haematoendothelial	Lamb1_chr12_2189	8.200385309464764e-06
shendure	zinb	Haematoendothelial	Lamb1_chr12_2196	6.6724378484650515e-06
shendure	zinb	Haematoendothelial	Lamb1_chr12_2203	9.553232303005643e-06
shendure	zinb	Haematoendothelial	Lamb1_chr12_2206	1.2211116882099304e-05
shendure	zinb	Haematoendothelial	Lamb1_chr12_2207	9.397422218171414e-06
shendure	zinb	Haematoendothelial	Lamb1_chr12_2210	0.0014225196791812778
shendure	zinb	Haematoendothelial	Lamb1_chr12_2215	1.0626325092744082e-05
shendure	zinb	Haematoendothelial	Lamb1_chr12_2216	0.00040906626963987947
shendure	zinb	Haematoendothelial	Lamb1_chr12_2238	6.2648164202983025e-06
shendure	zinb	Haematoendothelial	Lamb1_chr12_2239	7.589799497509375e-05
shendure	zinb	Haematoendothelial	Lamb1_chr12_2288	6.102098268456757e-06
shendure	zinb	Haematoendothelial	Lamb1_chr12_2289	5.994873845338589e-06
shendure	zinb	Haematoendothelial	Lamb1_chr12_2296	0.0013516952749341726
shendure	zinb	Haematoendothelial	Lamc1_chr1_12127	1.2289860023884103e-05
shendure	zinb	Haematoendothelial	Lamc1_chr1_12152	0.00012754552881233394
shendure	zinb	Haematoendothelial	Lamc1_chr1_12175	0.00890006311237812
shendure	zinb	Haematoendothelial	Lamc1_chr1_12183	1.2151881492172834e-05
shendure	zinb	Haematoendothelial	Lamc1_chr1_12185	3.769258682950749e-06
shendure	zinb	Haematoendothelial	Lamc1_chr1_12188	2.02193532459205e-05
shendure	zinb	Haematoendothelial	Lamc1_chr1_12189	6.61104240862187e-06
shendure	zinb	Haematoendothelial	Lamc1_chr1_12193	6.665581622655736e-06
shendure	zinb	Haematoendothelial	Lamc1_chr1_12201	7.69687358115334e-06
shendure	zinb	Haematoendothelial	Map1b_chr13_9429	4.068639555043774e-06
shendure	zinb	Haematoendothelial	Map1b_chr13_9436	7.65169443184277e-06
shendure	zinb	Haematoendothelial	Map1b_chr13_9445	0.00014156872930470854
shendure	zinb	Haematoendothelial	Map1b_chr13_9447	0.0010709535563364625
shendure	zinb	Haematoendothelial	Sox17_chr1_58	5.907704235141864e-06
shendure	zinb	Haematoendothelial	Sox17_chr1_59	4.42596592620248e-06
shendure	zinb	Haematoendothelial	Sox17_chr1_60	8.492616871080827e-06
shendure	zinb	Haematoendothelial	Sox17_chr1_65	9.252989912056364e-06
shendure	zinb	Haematoendothelial	Sox17_chr1_67	5.1305346460139845e-06
shendure	zinb	Haematoendothelial	Sox17_chr1_68	0.0035484160762280226
shendure	zinb	Haematoendothelial	Sox17_chr1_69	5.066184712632094e-06
shendure	zinb	Haematoendothelial	Sox17_chr1_73	9.250598850485403e-06
shendure	zinb	Haematoendothelial	Sox17_chr1_77	0.0004845999355893582
shendure	zinb	Haematoendothelial	Sox17_chr1_78	7.095372893672902e-06
shendure	zinb	Haematoendothelial	Sox17_chr1_82	0.00048670146497897804
shendure	zinb	Haematoendothelial	Sox17_chr1_83	7.6533515311894e-06
shendure	zinb	Haematoendothelial	Sox2_chr3_2005	4.833168077311711e-06
shendure	zinb	Haematoendothelial	Sox2_chr3_2007	0.0001352866820525378
shendure	zinb	Haematoendothelial	Sox2_chr3_2008	6.712128651997773e-06
shendure	zinb	Haematoendothelial	Sox2_chr3_2009	4.794529377250001e-05
shendure	zinb	Haematoendothelial	Sox4_chr13_2052	0.0007981484523043036
shendure	zinb	Haematoendothelial	Sox4_chr13_2054	5.7066641602432355e-05
shendure	zinb	Haematoendothelial	Sox4_chr13_2055	0.0006911068339832127
shendure	zinb	Haematoendothelial	Sox4_chr13_2057	4.380171048978809e-06
shendure	zinb	Haematoendothelial	Sparc_chr11_7180	5.556479209190002e-06
shendure	zinb	Haematoendothelial	Sparc_chr11_7182	1.5029617316031363e-05
shendure	zinb	Haematoendothelial	Sparc_chr11_7195	0.00048467316082678735
shendure	zinb	Haematoendothelial	Sparc_chr11_7198	5.76871752855368e-06
shendure	zinb	Haematoendothelial	Sparc_chr11_7199	1.2083053661626764e-05
shendure	zinb	Haematoendothelial	Sparc_chr11_7203	0.00019644768326543272
shendure	zinb	Haematoendothelial	Sparc_chr11_7205	0.0002797642373479903
shendure	zinb	Haematoendothelial	Sparc_chr11_7207	9.126083568844479e-06
shendure	zinb	Haematoendothelial	Sparc_chr11_7210	5.55499582333141e-06
shendure	zinb	Haematoendothelial	Sparc_chr11_7211	0.0006763279670849442
shendure	zinb	Haematoendothelial	Sparc_chr11_7213	1.0219559953839052e-05
shendure	zinb	Haematoendothelial	Sparc_chr11_7230	0.0009545897482894361
shendure	zinb	Haematoendothelial	Sparc_chr11_7233	1.1763347174564842e-05
shendure	zinb	Haematoendothelial	Sparc_chr11_7234	0.006298006512224674
shendure	zinb	Haematoendothelial	Sparc_chr11_7235	0.011020595207810402
shendure	zinb	Haematoendothelial	Sparc_chr11_7243	6.830885013187071e-06
shendure	zinb	Haematoendothelial	Tgfbi_chr13_5692	7.190041742433095e-06
shendure	zinb	Haematoendothelial	Tgfbi_chr13_5701	1.1177246051374823e-05
shendure	zinb	Haematoendothelial	Tgfbi_chr13_5705	0.00045433605555444956
shendure	zinb	Haematoendothelial	Tgfbi_chr13_5711	1.2938979125465266e-05
shendure	zinb	Haematoendothelial	Tgfbi_chr13_5724	5.212775249674451e-06
shendure	zinb	Haematoendothelial	Tgfbi_chr13_5735	0.00017542812565807253
shendure	zinb	Haematoendothelial	Tgfbi_chr13_5741	0.006993538700044155
shendure	zinb	Haematoendothelial	Tubb2b_chr13_2557	5.29395038029179e-06
shendure	zinb	Haematoendothelial	Tubb2b_chr13_2568	0.0026962507981806993
shendure	zinb	Haematoendothelial	Tubb2b_chr13_2572	0.0001829074608394876
shendure	zinb	Haematoendothelial	Tubb2b_chr13_2576	0.01346556469798088
shendure	zinb	Haematoendothelial	Tubb2b_chr13_2577	5.660670012730407e-06
shendure	zinb	Haematoendothelial	Tubb2b_chr13_2578	5.917391717957798e-06
shendure	zinb	Haematoendothelial	Tubb2b_chr13_2580	6.378997113642981e-06
shendure	zinb	Haematoendothelial	Tubb2b_chr13_2583	6.762792963854736e-06
shendure	zinb	Haematoendothelial	Tubb2b_chr13_2590	6.023195055604447e-06
shendure	zinb	Haematoendothelial	Txndc12_chr4_7951	0.00015905575128272176
shendure	zinb	Haematoendothelial	Txndc12_chr4_7961	0.0004177116206847131
shendure	zinb	Haematoendothelial	Txndc12_chr4_7962	0.0011100327828899026
shendure	zinb	Haematoendothelial	Txndc12_chr4_7969	4.9740905524231493e-05
shendure	zinb	Haematoendothelial	Txndc12_chr4_7971	5.125951702211751e-06
shendure	zinb	Haematoendothelial	Txndc12_chr4_7973	0.0045266603119671345
shendure	zinb	Haematoendothelial	Txndc12_chr4_7975	8.215170964831486e-06
shendure	zinb	Haematoendothelial	Txndc12_chr4_7978	0.002921179635450244
shendure	zinb	Haematoendothelial	eef1aP	1.1315151453018188
shendure	zinb	Haematoendothelial	pgk1P	0.4385141432285309
shendure	zinb	Haematoendothelial	ubcP	0.15965162217617035
shendure	zinb	Cardiomyocytes	reference	0.0004761253367178142
shendure	zinb	Cardiomyocytes	Bend5_chr4_8168	8.555430213164072e-06
shendure	zinb	Cardiomyocytes	Bend5_chr4_8170	1.4253850167733617e-05
shendure	zinb	Cardiomyocytes	Bend5_chr4_8172	1.1422975148889236e-05
shendure	zinb	Cardiomyocytes	Bend5_chr4_8174	0.00012275634799152613
shendure	zinb	Cardiomyocytes	Bend5_chr4_8175	0.003967976197600365
shendure	zinb	Cardiomyocytes	Bend5_chr4_8179	0.00017402060620952398
shendure	zinb	Cardiomyocytes	Bend5_chr4_8192	5.89668843531399e-06
shendure	zinb	Cardiomyocytes	Bend5_chr4_8199	4.667125267587835e-06
shendure	zinb	Cardiomyocytes	Bend5_chr4_8201	4.966319465893321e-06
shendure	zinb	Cardiomyocytes	Btg1_chr10_9572	1.3327419765118975e-05
shendure	zinb	Cardiomyocytes	Btg1_chr10_9578	0.004519378766417503
shendure	zinb	Cardiomyocytes	Btg1_chr10_9588	7.030622782622231e-06
shendure	zinb	Cardiomyocytes	Btg1_chr10_9593	5.03214096170268e-06
shendure	zinb	Cardiomyocytes	Btg1_chr10_9612	7.058220035105478e-06
shendure	zinb	Cardiomyocytes	Btg1_chr10_9613	1.8159513274440542e-05
shendure	zinb	Cardiomyocytes	Cdk5r1_chr11_12559	0.000826965318992734
shendure	zinb	Cardiomyocytes	Cdk5r1_chr11_12562	0.0012161133345216513
shendure	zinb	Cardiomyocytes	Cdk5r1_chr11_12574	0.007300968281924725
shendure	zinb	Cardiomyocytes	Cdk5r1_chr11_12575	4.4423609324439894e-06
shendure	zinb	Cardiomyocytes	Cdk5r1_chr11_12582	0.0002645528002176434
shendure	zinb	Cardiomyocytes	Cdk5r1_chr11_12590	8.006910320546012e-06
shendure	zinb	Cardiomyocytes	Cdk5r1_chr11_12595	1.0363805813540239e-05
shendure	zinb	Cardiomyocytes	Cited2_chr10_1239	2.2131094738142565e-05
shendure	zinb	Cardiomyocytes	Cited2_chr10_1246	2.0185290850349702e-05
shendure	zinb	Cardiomyocytes	Cited2_chr10_1248	1.0518292583583388e-05
shendure	zinb	Cardiomyocytes	Cited2_chr10_1253	0.00032710059895180166
shendure	zinb	Cardiomyocytes	Cited2_chr10_1254	0.008639657869935036
shendure	zinb	Cardiomyocytes	Cited2_chr10_1267	5.313003384799231e-06
shendure	zinb	Cardiomyocytes	Cited2_chr10_1270	2.7748927095672116e-05
shendure	zinb	Cardiomyocytes	Col1a1_chr11_15258	6.361457963066641e-06
shendure	zinb	Cardiomyocytes	Col1a1_chr11_15259	6.046359885658603e-06
shendure	zinb	Cardiomyocytes	Col1a1_chr11_15269	7.214996912807692e-06
shendure	zinb	Cardiomyocytes	Col1a1_chr11_15270	0.0016407365910708904
shendure	zinb	Cardiomyocytes	Col1a1_chr11_15273	7.514654953411082e-06
shendure	zinb	Cardiomyocytes	Col1a1_chr11_15275	0.0024039065465331078
shendure	zinb	Cardiomyocytes	Col1a1_chr11_15276	9.243024578609038e-06
shendure	zinb	Cardiomyocytes	Col1a1_chr11_15301	2.3684264306211844e-05
shendure	zinb	Cardiomyocytes	Col1a1_chr11_15307	0.0016536995535716414
shendure	zinb	Cardiomyocytes	Col1a1_chr11_15316	8.951976269599982e-06
shendure	zinb	Cardiomyocytes	Col1a1_chr11_15322	0.00038104905979707837
shendure	zinb	Cardiomyocytes	Col1a2_chr6_72	9.240988219971769e-06
shendure	zinb	Cardiomyocytes	Col1a2_chr6_73	6.898380433995044e-06
shendure	zinb	Cardiomyocytes	Col1a2_chr6_77	0.0001373698323732242
shendure	zinb	Cardiomyocytes	Col1a2_chr6_88	8.03508282842813e-06
shendure	zinb	Cardiomyocytes	Col1a2_chr6_93	0.001986965537071228
shendure	zinb	Cardiomyocytes	Col5a1_chr2_2558	4.808136054634815e-06
shendure	zinb	Cardiomyocytes	Col5a1_chr2_2562	7.447398274962325e-06
shendure	zinb	Cardiomyocytes	Col5a1_chr2_2565	5.773307293566177e-06
shendure	zinb	Cardiomyocytes	Col5a1_chr2_2571	1.1814985555247404e-05
shendure	zinb	Cardiomyocytes	Col5a1_chr2_2575	0.003578418167307973
shendure	zinb	Cardiomyocytes	Col5a1_chr2_2576	0.000184993987204507
shendure	zinb	Cardiomyocytes	Col5a1_chr2_2586	8.13054975878913e-06
shendure	zinb	Cardiomyocytes	Epas1_chr17_10056	6.1974710661161225e-06
shendure	zinb	Cardiomyocytes	Epas1_chr17_10057	8.03753482614411e-06
shendure	zinb	Cardiomyocytes	Epas1_chr17_10061	0.00014047735021449625
shendure	zinb	Cardiomyocytes	Epas1_chr17_10063	1.2366067494440358e-05
shendure	zinb	Cardiomyocytes	Epas1_chr17_10064	1.6999065337586217e-05
shendure	zinb	Cardiomyocytes	Epas1_chr17_10066	7.322546025534393e-06
shendure	zinb	Cardiomyocytes	Epas1_chr17_10070	0.0034138911869376898
shendure	zinb	Cardiomyocytes	Epas1_chr17_10071	0.0004572673933580518
shendure	zinb	Cardiomyocytes	Epas1_chr17_10116	9.781889275473077e-06
shendure	zinb	Cardiomyocytes	Foxa2_chr2_13806	1.88149388122838e-05
shendure	zinb	Cardiomyocytes	Foxa2_chr2_13808	0.0002019633393501863
shendure	zinb	Cardiomyocytes	Foxa2_chr2_13812	7.710363206570037e-06
shendure	zinb	Cardiomyocytes	Foxa2_chr2_13818	6.630198186030611e-06
shendure	zinb	Cardiomyocytes	Foxa2_chr2_13820	1.3224612303019967e-05
shendure	zinb	Cardiomyocytes	Foxa2_chr2_13830	8.036125109356362e-06
shendure	zinb	Cardiomyocytes	Foxa2_chr2_13835	1.0072880286315922e-05
shendure	zinb	Cardiomyocytes	Foxa2_chr2_13840	0.0005594302783720195
shendure	zinb	Cardiomyocytes	Foxa2_chr2_13841	0.00010412285337224603
shendure	zinb	Cardiomyocytes	Foxa2_chr2_13856	1.2289333426451776e-05
shendure	zinb	Cardiomyocytes	Foxa2_chr2_13858	0.0003896765410900116
shendure	zinb	Cardiomyocytes	Foxa2_chr2_13861	5.530336693482241e-06
shendure	zinb	Cardiomyocytes	Foxa2_chr2_13862	1.0690464478102513e-05
shendure	zinb	Cardiomyocytes	Gata4_chr14_5677	0.009582332335412502
shendure	zinb	Cardiomyocytes	Gata4_chr14_5693	8.460619937977754e-06
shendure	zinb	Cardiomyocytes	Gata4_chr14_5710	6.1684008869633544e-06
shendure	zinb	Cardiomyocytes	Gata4_chr14_5714	0.00030368234729394317
shendure	zinb	Cardiomyocytes	Gata4_chr14_5729	1.0211230801360216e-05
shendure	zinb	Cardiomyocytes	Gata4_chr14_5742	0.002522397553548217
shendure	zinb	Cardiomyocytes	Gata4_chr14_5749	0.00029058349900878966
shendure	zinb	Cardiomyocytes	Gata4_chr14_5752	5.40122709935531e-06
shendure	zinb	Cardiomyocytes	Gata4_chr14_5760	0.00044763193000108004
shendure	zinb	Cardiomyocytes	Gata4_chr14_5762	1.0347837815061212e-05
shendure	zinb	Cardiomyocytes	Gata4_chr14_5763	5.569684617512394e-06
shendure	zinb	Cardiomyocytes	Gata4_chr14_5776	1.1049482054659165e-05
shendure	zinb	Cardiomyocytes	Gata4_chr14_5779	9.21230275707785e-06
shendure	zinb	Cardiomyocytes	Igfbp4_chr11_16694	1.8307508071302436e-05
shendure	zinb	Cardiomyocytes	Igfbp4_chr11_16710	0.0006484966725111008
shendure	zinb	Cardiomyocytes	Igfbp4_chr11_16711	0.0003685367701109499
shendure	zinb	Cardiomyocytes	Igfbp4_chr11_16716	8.664265806146432e-06
shendure	zinb	Cardiomyocytes	Igfbp4_chr11_16728	0.000439247814938426
shendure	zinb	Cardiomyocytes	Igfbp4_chr11_16735	9.989814316213597e-06
shendure	zinb	Cardiomyocytes	Igfbp4_chr11_16738	9.700232112663798e-06
shendure	zinb	Cardiomyocytes	Igfbp4_chr11_16740	0.0004266673931851983
shendure	zinb	Cardiomyocytes	Igfbp4_chr11_16743	0.0008272484410554171
shendure	zinb	Cardiomyocytes	Igfbp4_chr11_16784	8.475666618323885e-06
shendure	zinb	Cardiomyocytes	Klf4_chr4_3934	0.0002439525560475886
shendure	zinb	Cardiomyocytes	Klf4_chr4_3936	1.2342692571110092e-05
shendure	zinb	Cardiomyocytes	Klf4_chr4_3946	4.505975084612146e-06
shendure	zinb	Cardiomyocytes	Klf4_chr4_3948	0.003246357198804617
shendure	zinb	Cardiomyocytes	Klf4_chr4_3949	6.704464794893283e-06
shendure	zinb	Cardiomyocytes	Klf4_chr4_3951	6.484397545136744e-06
shendure	zinb	Cardiomyocytes	Klf4_chr4_3952	1.1327707397867925e-05
shendure	zinb	Cardiomyocytes	Klf4_chr4_3958	1.045344106387347e-05
shendure	zinb	Cardiomyocytes	Lama1_chr17_7784	8.17972522781929e-06
shendure	zinb	Cardiomyocytes	Lama1_chr17_7787	2.1080797523609363e-05
shendure	zinb	Cardiomyocytes	Lama1_chr17_7788	9.530274837743491e-06
shendure	zinb	Cardiomyocytes	Lama1_chr17_7791	1.6092395526356995e-05
shendure	zinb	Cardiomyocytes	Lama1_chr17_7793	0.00019735185196623206
shendure	zinb	Cardiomyocytes	Lama1_chr17_7799	7.270745754794916e-06
shendure	zinb	Cardiomyocytes	Lama1_chr17_7814	9.726531061460264e-06
shendure	zinb	Cardiomyocytes	Lama1_chr17_7874	1.6704694644431584e-05
shendure	zinb	Cardiomyocytes	Lama1_chr17_7892	1.7014244804158807e-05
shendure	zinb	Cardiomyocytes	Lama1_chr17_7907	1.6378317013732158e-05
shendure	zinb	Cardiomyocytes	Lamb1_chr12_2182	1.1710447324730922e-05
shendure	zinb	Cardiomyocytes	Lamb1_chr12_2183	0.00026273171533830464
shendure	zinb	Cardiomyocytes	Lamb1_chr12_2186	7.41379517421592e-06
shendure	zinb	Cardiomyocytes	Lamb1_chr12_2189	1.0943134839180857e-05
shendure	zinb	Cardiomyocytes	Lamb1_chr12_2196	9.115419743466191e-06
shendure	zinb	Cardiomyocytes	Lamb1_chr12_2203	1.3189975106797647e-05
shendure	zinb	Cardiomyocytes	Lamb1_chr12_2206	1.6780857549747452e-05
shendure	zinb	Cardiomyocytes	Lamb1_chr12_2207	1.2349415555945598e-05
shendure	zinb	Cardiomyocytes	Lamb1_chr12_2210	0.0017935560317710042
shendure	zinb	Cardiomyocytes	Lamb1_chr12_2215	1.4135185665509198e-05
shendure	zinb	Cardiomyocytes	Lamb1_chr12_2216	5.662452167598531e-06
shendure	zinb	Cardiomyocytes	Lamb1_chr12_2238	8.468919077131432e-06
shendure	zinb	Cardiomyocytes	Lamb1_chr12_2239	0.00019286184397060424
shendure	zinb	Cardiomyocytes	Lamb1_chr12_2288	8.261415132437833e-06
shendure	zinb	Cardiomyocytes	Lamb1_chr12_2289	8.058250386966392e-06
shendure	zinb	Cardiomyocytes	Lamb1_chr12_2296	0.0007719107088632882
shendure	zinb	Cardiomyocytes	Lamc1_chr1_12127	1.6363843315048143e-05
shendure	zinb	Cardiomyocytes	Lamc1_chr1_12152	3.4523694921517745e-05
shendure	zinb	Cardiomyocytes	Lamc1_chr1_12175	0.004161384887993336
shendure	zinb	Cardiomyocytes	Lamc1_chr1_12183	1.7298487364314497e-05
shendure	zinb	Cardiomyocytes	Lamc1_chr1_12185	5.052356755186338e-06
shendure	zinb	Cardiomyocytes	Lamc1_chr1_12188	2.7327370844432153e-05
shendure	zinb	Cardiomyocytes	Lamc1_chr1_12189	9.024596693052445e-06
shendure	zinb	Cardiomyocytes	Lamc1_chr1_12193	8.928622264647856e-06
shendure	zinb	Cardiomyocytes	Lamc1_chr1_12201	1.0533169188420288e-05
shendure	zinb	Cardiomyocytes	Map1b_chr13_9429	0.0001948042627191171
shendure	zinb	Cardiomyocytes	Map1b_chr13_9436	1.0460691555636004e-05
shendure	zinb	Cardiomyocytes	Map1b_chr13_9445	0.00011274900316493586
shendure	zinb	Cardiomyocytes	Map1b_chr13_9447	0.0029712433461099863
shendure	zinb	Cardiomyocytes	Sox17_chr1_58	0.00024130873498506844
shendure	zinb	Cardiomyocytes	Sox17_chr1_59	6.105869942985009e-06
shendure	zinb	Cardiomyocytes	Sox17_chr1_60	1.1595107025641482e-05
shendure	zinb	Cardiomyocytes	Sox17_chr1_65	1.2544344826892484e-05
shendure	zinb	Cardiomyocytes	Sox17_chr1_67	0.00011861415987368673
shendure	zinb	Cardiomyocytes	Sox17_chr1_68	3.482819374767132e-05
shendure	zinb	Cardiomyocytes	Sox17_chr1_69	6.938138085388346e-06
shendure	zinb	Cardiomyocytes	Sox17_chr1_73	1.2394972145557404e-05
shendure	zinb	Cardiomyocytes	Sox17_chr1_77	1.0665668014553376e-05
shendure	zinb	Cardiomyocytes	Sox17_chr1_78	9.827125722949859e-06
shendure	zinb	Cardiomyocytes	Sox17_chr1_82	0.00015103162149898708
shendure	zinb	Cardiomyocytes	Sox17_chr1_83	1.0439324796607252e-05
shendure	zinb	Cardiomyocytes	Sox2_chr3_2005	0.00014874570479150862
shendure	zinb	Cardiomyocytes	Sox2_chr3_2007	7.659978291485459e-05
shendure	zinb	Cardiomyocytes	Sox2_chr3_2008	8.963739674072713e-06
shendure	zinb	Cardiomyocytes	Sox2_chr3_2009	3.270612751293811e-06
shendure	zinb	Cardiomyocytes	Sox4_chr13_2052	0.0010717607801780105
shendure	zinb	Cardiomyocytes	Sox4_chr13_2054	5.142850113770692e-06
shendure	zinb	Cardiomyocytes	Sox4_chr13_2055	0.00047481176443398
shendure	zinb	Cardiomyocytes	Sox4_chr13_2057	5.9792696447402705e-06
shendure	zinb	Cardiomyocytes	Sparc_chr11_7180	7.494764759030659e-06
shendure	zinb	Cardiomyocytes	Sparc_chr11_7182	1.9822055037366226e-05
shendure	zinb	Cardiomyocytes	Sparc_chr11_7195	0.00047214695950970054
shendure	zinb	Cardiomyocytes	Sparc_chr11_7198	7.600776825711364e-06
shendure	zinb	Cardiomyocytes	Sparc_chr11_7199	1.6460338883916847e-05
shendure	zinb	Cardiomyocytes	Sparc_chr11_7203	0.0003466042981017381
shendure	zinb	Cardiomyocytes	Sparc_chr11_7205	5.8839427765633445e-06
shendure	zinb	Cardiomyocytes	Sparc_chr11_7207	1.2487815183703788e-05
shendure	zinb	Cardiomyocytes	Sparc_chr11_7210	0.00033189982059411705
shendure	zinb	Cardiomyocytes	Sparc_chr11_7211	0.000542464607860893
shendure	zinb	Cardiomyocytes	Sparc_chr11_7213	1.4366713003255427e-05
shendure	zinb	Cardiomyocytes	Sparc_chr11_7230	0.00021491566440090537
shendure	zinb	Cardiomyocytes	Sparc_chr11_7233	1.6430429241154343e-05
shendure	zinb	Cardiomyocytes	Sparc_chr11_7234	0.00606379983946681
shendure	zinb	Cardiomyocytes	Sparc_chr11_7235	0.006302651483565569
shendure	zinb	Cardiomyocytes	Sparc_chr11_7243	0.00035168821341358125
shendure	zinb	Cardiomyocytes	Tgfbi_chr13_5692	0.0013491555582731962
shendure	zinb	Cardiomyocytes	Tgfbi_chr13_5701	1.548324325995054e-05
shendure	zinb	Cardiomyocytes	Tgfbi_chr13_5705	0.0031965270172804594
shendure	zinb	Cardiomyocytes	Tgfbi_chr13_5711	1.6899364709388465e-05
shendure	zinb	Cardiomyocytes	Tgfbi_chr13_5724	6.965027750993613e-06
shendure	zinb	Cardiomyocytes	Tgfbi_chr13_5735	7.748487405478954e-06
shendure	zinb	Cardiomyocytes	Tgfbi_chr13_5741	0.004794882610440254
shendure	zinb	Cardiomyocytes	Tubb2b_chr13_2557	7.17472630640259e-06
shendure	zinb	Cardiomyocytes	Tubb2b_chr13_2568	0.0022266472224146128
shendure	zinb	Cardiomyocytes	Tubb2b_chr13_2572	7.387032837868901e-06
shendure	zinb	Cardiomyocytes	Tubb2b_chr13_2576	0.005912149325013161
shendure	zinb	Cardiomyocytes	Tubb2b_chr13_2577	0.000287923205178231
shendure	zinb	Cardiomyocytes	Tubb2b_chr13_2578	7.84871826908784e-06
shendure	zinb	Cardiomyocytes	Tubb2b_chr13_2580	8.791136679064948e-06
shendure	zinb	Cardiomyocytes	Tubb2b_chr13_2583	0.00021978869335725904
shendure	zinb	Cardiomyocytes	Tubb2b_chr13_2590	0.00014035320782568306
shendure	zinb	Cardiomyocytes	Txndc12_chr4_7951	0.0001759393053362146
shendure	zinb	Cardiomyocytes	Txndc12_chr4_7961	0.0003116477746516466
shendure	zinb	Cardiomyocytes	Txndc12_chr4_7962	0.0014214456314221025
shendure	zinb	Cardiomyocytes	Txndc12_chr4_7969	6.627388938795775e-05
shendure	zinb	Cardiomyocytes	Txndc12_chr4_7971	6.9389916461659595e-06
shendure	zinb	Cardiomyocytes	Txndc12_chr4_7973	0.003315353998914361
shendure	zinb	Cardiomyocytes	Txndc12_chr4_7975	1.1233809345867485e-05
shendure	zinb	Cardiomyocytes	Txndc12_chr4_7978	0.0005327280960045755
shendure	zinb	Cardiomyocytes	eef1aP	0.6164147257804871
shendure	zinb	Cardiomyocytes	pgk1P	0.3496599793434143
shendure	zinb	Cardiomyocytes	ubcP	0.10698283463716507
