dataset	regime	ortho	level	rep_id	pi
cohen	fine	cohen_obsingle_zinb_phantom	swap_crx1_to_gggcttag_reverse	1	0.011276127770543098
cohen	fine	cohen_obsingle_zinb_phantom	swap_crx1_to_gggcttag_reverse	2	0.003610373940318823
cohen	fine	cohen_obsingle_zinb_phantom	tail_conserve5_443_to_448	1	0.004563191439956427
cohen	fine	cohen_obsingle_zinb_phantom	tail_conserve5_443_to_448	2	0.007128961384296417
cohen	fine	cohen_obsingle_zinb_phantom	tail_conserve3_240_to_245	1	0.010261247865855694
cohen	fine	cohen_obsingle_zinb_phantom	tail_conserve3_240_to_245	2	0.01605108566582203
cohen	fine	cohen_obsingle_zinb_phantom	tail_conserve6_483_to_488	1	0.010878803208470345
cohen	fine	cohen_obsingle_zinb_phantom	tail_conserve6_483_to_488	2	0.0047237444669008255
cohen	fine	cohen_obsingle_zinb_phantom	swap_crx3_to_ctaatccc_forward	1	0.009612543508410454
cohen	fine	cohen_obsingle_zinb_phantom	swap_crx3_to_ctaatccc_forward	2	0.004518640693277121
cohen	fine	cohen_obsingle_zinb_phantom	tail_conserve1_169_to_174	1	0.011149558238685131
cohen	fine	cohen_obsingle_zinb_phantom	tail_conserve1_169_to_174	2	0.004012450110167265
cohen	fine	cohen_obsingle_zinb_phantom	combo_Q50_crx5_crx1	1	0.004722473677247763
cohen	fine	cohen_obsingle_zinb_phantom	combo_Q50_crx5_crx1	2	0.01283112820237875
cohen	fine	cohen_obsingle_zinb_phantom	swap_crx4_to_ctaatccc_forward	1	0.014895899221301079
cohen	fine	cohen_obsingle_zinb_phantom	swap_crx4_to_ctaatccc_forward	2	0.0015077493153512478
cohen	fine	cohen_obsingle_zinb_phantom	tail_conserve3_215_to_220	1	0.012869640253484249
cohen	fine	cohen_obsingle_zinb_phantom	tail_conserve3_215_to_220	2	0.013671924360096455
cohen	fine	cohen_obsingle_zinb_phantom	combo_Q50_crx1	1	0.0037250269670039415
cohen	fine	cohen_obsingle_zinb_phantom	combo_Q50_crx1	2	0.010545315220952034
cohen	fine	cohen_obsingle_zinb_phantom	tail_conserve1_159_to_164	1	0.011981689371168613
cohen	fine	cohen_obsingle_zinb_phantom	tail_conserve1_159_to_164	2	0.00907665304839611
cohen	fine	cohen_obsingle_zinb_phantom	swap_crx2_to_gggattag_reverse	1	0.003946945536881685
cohen	fine	cohen_obsingle_zinb_phantom	swap_crx2_to_gggattag_reverse	2	0.008233613334596157
cohen	fine	cohen_obsingle_zinb_phantom	combo_Q50_crx5_crx4	1	0.0077966428361833096
cohen	fine	cohen_obsingle_zinb_phantom	combo_Q50_crx5_crx4	2	0.006050432100892067
cohen	fine	cohen_obsingle_zinb_phantom	tail_conserve3_245_to_250	1	0.008064393885433674
cohen	fine	cohen_obsingle_zinb_phantom	tail_conserve3_245_to_250	2	0.0064419470727443695
cohen	fine	cohen_obsingle_zinb_phantom	ebox_gcagctgg_to_gcagcggg	1	0.0067300740629434586
cohen	fine	cohen_obsingle_zinb_phantom	ebox_gcagctgg_to_gcagcggg	2	0.005224904511123896
cohen	fine	cohen_obsingle_zinb_phantom	combo_Q50_crx5	1	0.007243937812745571
cohen	fine	cohen_obsingle_zinb_phantom	combo_Q50_crx5	2	0.009321613237261772
cohen	fine	cohen_obsingle_zinb_phantom	swap_crx5_to_ctaatccc_forward	1	0.015104304999113083
cohen	fine	cohen_obsingle_zinb_phantom	swap_crx5_to_ctaatccc_forward	2	0.002157003153115511
cohen	fine	cohen_obsingle_zinb_phantom	tail_conserve6_493_to_498	1	0.01322649884968996
cohen	fine	cohen_obsingle_zinb_phantom	tail_conserve6_493_to_498	2	0.007140350993722677
cohen	fine	cohen_obsingle_zinb_phantom	combo_Mute_crx1	1	0.008992042392492294
cohen	fine	cohen_obsingle_zinb_phantom	combo_Mute_crx1	2	0.008330198936164379
cohen	fine	cohen_obsingle_zinb_phantom	swap_crx2_to_gggcttag_reverse	1	0.017406465485692024
cohen	fine	cohen_obsingle_zinb_phantom	swap_crx2_to_gggcttag_reverse	2	0.007983185350894928
cohen	fine	cohen_obsingle_zinb_phantom	combo_Q50_crx4_crx3	1	0.011674366891384125
cohen	fine	cohen_obsingle_zinb_phantom	combo_Q50_crx4_crx3	2	0.00206206738948822
cohen	fine	cohen_obsingle_zinb_phantom	swap_crx4_to_ctaagccc_forward	1	0.0009175704326480627
cohen	fine	cohen_obsingle_zinb_phantom	swap_crx4_to_ctaagccc_forward	2	0.009567704983055592
cohen	fine	cohen_obsingle_zinb_phantom	tail_conserve3_210_to_215	1	0.01089196652173996
cohen	fine	cohen_obsingle_zinb_phantom	tail_conserve3_210_to_215	2	0.0015534859849140048
cohen	fine	cohen_obsingle_zinb_phantom	tail_conserve3_235_to_240	1	0.014281726442277431
cohen	fine	cohen_obsingle_zinb_phantom	tail_conserve3_235_to_240	2	0.004652415402233601
cohen	fine	cohen_obsingle_zinb_phantom	tail_conserve5_463_to_468	1	0.0027372834738343954
cohen	fine	cohen_obsingle_zinb_phantom	tail_conserve5_463_to_468	2	0.011316132731735706
cohen	fine	cohen_obsingle_zinb_phantom	combo_Q50_crx3_crx1	1	0.004414749331772327
cohen	fine	cohen_obsingle_zinb_phantom	combo_Q50_crx3_crx1	2	0.016735700890421867
cohen	fine	cohen_obsingle_zinb_phantom	tail_conserve3_220_to_225	1	0.010598398745059967
cohen	fine	cohen_obsingle_zinb_phantom	tail_conserve3_220_to_225	2	0.0017224621260538697
cohen	fine	cohen_obsingle_zinb_phantom	eboxDouble_gcagctgg_to_gcatgtgg	1	0.010811179876327515
cohen	fine	cohen_obsingle_zinb_phantom	eboxDouble_gcagctgg_to_gcatgtgg	2	0.005541858728975058
cohen	fine	cohen_obsingle_zinb_phantom	tail_conserve4_428_to_433	1	0.011528585106134415
cohen	fine	cohen_obsingle_zinb_phantom	tail_conserve4_428_to_433	2	0.0063333287835121155
cohen	fine	cohen_obsingle_zinb_phantom	combo_Q50_crx5_crx3	1	0.006408813875168562
cohen	fine	cohen_obsingle_zinb_phantom	combo_Q50_crx5_crx3	2	0.016833720728754997
cohen	fine	cohen_obsingle_zinb_phantom	tail_conserve6_498_to_503	1	0.017239870503544807
cohen	fine	cohen_obsingle_zinb_phantom	tail_conserve6_498_to_503	2	0.007967296056449413
cohen	fine	cohen_obsingle_zinb_phantom	reference	1	0.011836393736302853
cohen	fine	cohen_obsingle_zinb_phantom	reference	2	0.01019546203315258
cohen	fine	cohen_obsingle_zinb_phantom	tail_conserve5_458_to_463	1	0.020802319049835205
cohen	fine	cohen_obsingle_zinb_phantom	tail_conserve5_458_to_463	2	0.00383567251265049
cohen	fine	cohen_obsingle_zinb_phantom	combo_Q50_crx3	1	0.008348188363015652
cohen	fine	cohen_obsingle_zinb_phantom	combo_Q50_crx3	2	0.004175517242401838
cohen	fine	cohen_obsingle_zinb_phantom	ebox_gcagctgg_to_gcaactgg	1	0.0032274413388222456
cohen	fine	cohen_obsingle_zinb_phantom	ebox_gcagctgg_to_gcaactgg	2	0.011812902987003326
cohen	fine	cohen_obsingle_zinb_phantom	swap_crx5_to_cttatccc_forward	1	0.01306090410798788
cohen	fine	cohen_obsingle_zinb_phantom	swap_crx5_to_cttatccc_forward	2	0.0013596435310319066
cohen	fine	cohen_obsingle_zinb_phantom	tail_conserve6_488_to_493	1	0.018601316958665848
cohen	fine	cohen_obsingle_zinb_phantom	tail_conserve6_488_to_493	2	0.0025606746785342693
cohen	fine	cohen_obsingle_zinb_phantom	tail_conserve5_448_to_453	1	0.013177163898944855
cohen	fine	cohen_obsingle_zinb_phantom	tail_conserve5_448_to_453	2	0.0019827273208647966
cohen	fine	cohen_obsingle_zinb_phantom	tail_conserve5_473_to_478	1	0.0043928055092692375
cohen	fine	cohen_obsingle_zinb_phantom	tail_conserve5_473_to_478	2	0.007965377531945705
cohen	fine	cohen_obsingle_zinb_phantom	combo_Mute_crx3_crx1	1	0.002400958677753806
cohen	fine	cohen_obsingle_zinb_phantom	combo_Mute_crx3_crx1	2	0.01711057685315609
cohen	fine	cohen_obsingle_zinb_phantom	swap_crx3_to_ctaagccc_forward	1	0.012081732042133808
cohen	fine	cohen_obsingle_zinb_phantom	swap_crx3_to_ctaagccc_forward	2	0.013254844583570957
cohen	fine	cohen_obsingle_zinb_phantom	ebox_gcagctgg_to_acagctgg	1	0.002929199719801545
cohen	fine	cohen_obsingle_zinb_phantom	ebox_gcagctgg_to_acagctgg	2	0.006902589462697506
cohen	fine	cohen_obsingle_zinb_phantom	combo_Q50_crx4	1	0.0031022056937217712
cohen	fine	cohen_obsingle_zinb_phantom	combo_Q50_crx4	2	0.0126682473346591
cohen	fine	cohen_obsingle_zinb_phantom	eboxDouble_gcagctgg_to_gcacatgg	1	0.006593555677682161
cohen	fine	cohen_obsingle_zinb_phantom	eboxDouble_gcagctgg_to_gcacatgg	2	0.005069689359515905
cohen	fine	cohen_obsingle_zinb_phantom	ebox_gcagctgg_to_ccagctgg	1	0.005261651240289211
cohen	fine	cohen_obsingle_zinb_phantom	ebox_gcagctgg_to_ccagctgg	2	0.00456953514367342
cohen	fine	cohen_obsingle_zinb_phantom	ebox_gcagctgg_to_gcatctgg	1	0.00964604876935482
cohen	fine	cohen_obsingle_zinb_phantom	ebox_gcagctgg_to_gcatctgg	2	0.015313795767724514
cohen	fine	cohen_obsingle_zinb_phantom	swap_crx1_to_gggattag_reverse	1	0.008013653568923473
cohen	fine	cohen_obsingle_zinb_phantom	swap_crx1_to_gggattag_reverse	2	0.015079587697982788
cohen	fine	cohen_obsingle_zinb_phantom	tail_conserve6_478_to_483	1	0.003662349423393607
cohen	fine	cohen_obsingle_zinb_phantom	tail_conserve6_478_to_483	2	0.01300919521600008
cohen	fine	cohen_obsingle_zinb_phantom	swap_crx5_to_ctaagccc_forward	1	0.010443042032420635
cohen	fine	cohen_obsingle_zinb_phantom	swap_crx5_to_ctaagccc_forward	2	0.007832027040421963
cohen	fine	cohen_obsingle_zinb_phantom	tail_conserve2_188_to_193	1	0.01817929372191429
cohen	fine	cohen_obsingle_zinb_phantom	tail_conserve2_188_to_193	2	0.0125637948513031
cohen	fine	cohen_obsingle_zinb_phantom	ebox_gcagctgg_to_gcggctgg	1	0.015031998977065086
cohen	fine	cohen_obsingle_zinb_phantom	ebox_gcagctgg_to_gcggctgg	2	0.0031848170328885317
cohen	fine	cohen_obsingle_zinb_phantom	ebox_gcagctgg_to_gcagttgg	1	0.012762689962983131
cohen	fine	cohen_obsingle_zinb_phantom	ebox_gcagctgg_to_gcagttgg	2	0.02102227695286274
cohen	fine	cohen_obsingle_zinb_phantom	ebox_gcagctgg_to_gcagcagg	1	0.008547522127628326
cohen	fine	cohen_obsingle_zinb_phantom	ebox_gcagctgg_to_gcagcagg	2	0.00979503896087408
cohen	fine	cohen_obsingle_zinb_phantom	tail_conserve5_453_to_458	1	0.0041896444745361805
cohen	fine	cohen_obsingle_zinb_phantom	tail_conserve5_453_to_458	2	0.011093204841017723
cohen	fine	cohen_obsingle_zinb_phantom	tail_conserve1_164_to_169	1	0.0066679902374744415
cohen	fine	cohen_obsingle_zinb_phantom	tail_conserve1_164_to_169	2	0.016722241416573524
cohen	fine	cohen_obsingle_zinb_phantom	swap_crx2_to_gggataag_reverse	1	0.004046316724270582
cohen	fine	cohen_obsingle_zinb_phantom	swap_crx2_to_gggataag_reverse	2	0.019888488575816154
cohen	fine	cohen_obsingle_zinb_phantom	eboxDouble_gcagctgg_to_gcacgtgg	1	0.010225233621895313
cohen	fine	cohen_obsingle_zinb_phantom	eboxDouble_gcagctgg_to_gcacgtgg	2	0.006115349009633064
cohen	fine	cohen_obsingle_zinb_phantom	tail_conserve5_468_to_473	1	0.013389794155955315
cohen	fine	cohen_obsingle_zinb_phantom	tail_conserve5_468_to_473	2	0.0024359645321965218
cohen	fine	cohen_obsingle_zinb_phantom	tail_conserve3_230_to_235	1	0.017875749617815018
cohen	fine	cohen_obsingle_zinb_phantom	tail_conserve3_230_to_235	2	0.003300631884485483
cohen	fine	cohen_obsingle_zinb_phantom	ebox_gcagctgg_to_gcagctag	1	0.0045371889136731625
cohen	fine	cohen_obsingle_zinb_phantom	ebox_gcagctgg_to_gcagctag	2	0.013116233050823212
cohen	fine	cohen_obsingle_zinb_phantom	combo_Mute_crx5_crx1	1	0.009007645770907402
cohen	fine	cohen_obsingle_zinb_phantom	combo_Mute_crx5_crx1	2	0.023648513481020927
cohen	fine	cohen_obsingle_zinb_phantom	combo_Mute_crx5	1	0.00994813907891512
cohen	fine	cohen_obsingle_zinb_phantom	combo_Mute_crx5	2	0.00935529824346304
cohen	fine	cohen_obsingle_zinb_phantom	ebox_gcagctgg_to_gcagatgg	1	0.010049830190837383
cohen	fine	cohen_obsingle_zinb_phantom	ebox_gcagctgg_to_gcagatgg	2	0.008150795474648476
cohen	fine	cohen_obsingle_zinb_phantom	combo_Mute_crx4	1	0.011767812073230743
cohen	fine	cohen_obsingle_zinb_phantom	combo_Mute_crx4	2	0.00247572991065681
cohen	fine	cohen_obsingle_zinb_phantom	swap_crx4_to_cttatccc_forward	1	0.007892469875514507
cohen	fine	cohen_obsingle_zinb_phantom	swap_crx4_to_cttatccc_forward	2	0.02605712227523327
cohen	fine	cohen_obsingle_zinb_phantom	ebox_gcagctgg_to_gcagccgg	1	0.005282263271510601
cohen	fine	cohen_obsingle_zinb_phantom	ebox_gcagctgg_to_gcagccgg	2	0.005110715050250292
cohen	fine	cohen_obsingle_zinb_phantom	ebox_gcagctgg_to_ggagctgg	1	0.022468863055109978
cohen	fine	cohen_obsingle_zinb_phantom	ebox_gcagctgg_to_ggagctgg	2	0.010607517324388027
cohen	fine	cohen_obsingle_zinb_phantom	combo_Q50_crx2_crx1	1	0.004494599997997284
cohen	fine	cohen_obsingle_zinb_phantom	combo_Q50_crx2_crx1	2	0.02998995967209339
cohen	fine	cohen_obsingle_zinb_phantom	swap_crx1_to_gggataag_reverse	1	0.012120580300688744
cohen	fine	cohen_obsingle_zinb_phantom	swap_crx1_to_gggataag_reverse	2	0.005831730552017689
cohen	fine	cohen_obsingle_zinb_phantom	tail_conserve2_183_to_188	1	0.0033948582131415606
cohen	fine	cohen_obsingle_zinb_phantom	tail_conserve2_183_to_188	2	0.016276627779006958
cohen	fine	cohen_obsingle_zinb_phantom	ebox_gcagctgg_to_gcagctcg	1	0.010266552679240704
cohen	fine	cohen_obsingle_zinb_phantom	ebox_gcagctgg_to_gcagctcg	2	0.012036041356623173
cohen	fine	cohen_obsingle_zinb_phantom	tail_conserve6_503_to_508	1	0.004702740348875523
cohen	fine	cohen_obsingle_zinb_phantom	tail_conserve6_503_to_508	2	0.017422687262296677
cohen	fine	cohen_obsingle_zinb_phantom	tail_conserve2_193_to_198	1	0.011135389097034931
cohen	fine	cohen_obsingle_zinb_phantom	tail_conserve2_193_to_198	2	0.017726100981235504
cohen	fine	cohen_obsingle_zinb_phantom	swap_crx3_to_cttatccc_forward	1	0.003285010578110814
cohen	fine	cohen_obsingle_zinb_phantom	swap_crx3_to_cttatccc_forward	2	0.014912855811417103
cohen	fine	cohen_obsingle_zinb_phantom	ebox_gcagctgg_to_gcacctgg	1	0.023199213668704033
cohen	fine	cohen_obsingle_zinb_phantom	ebox_gcagctgg_to_gcacctgg	2	0.002871924312785268
cohen	fine	cohen_obsingle_zinb_phantom	combo_Mute_crx4_crx1	1	0.01904250867664814
cohen	fine	cohen_obsingle_zinb_phantom	combo_Mute_crx4_crx1	2	0.013516605831682682
cohen	fine	cohen_obsingle_zinb_phantom	tail_conserve3_225_to_230	1	0.003053605556488037
cohen	fine	cohen_obsingle_zinb_phantom	tail_conserve3_225_to_230	2	0.015147541649639606
cohen	fine	cohen_obsingle_zinb_phantom	eboxDouble_gcagctgg_to_gcatatgg	1	0.008074558340013027
cohen	fine	cohen_obsingle_zinb_phantom	eboxDouble_gcagctgg_to_gcatatgg	2	0.007390575483441353
cohen	fine	cohen_obsingle_zinb_phantom	combo_Mute_crx5_crx4	1	0.014768330380320549
cohen	fine	cohen_obsingle_zinb_phantom	combo_Mute_crx5_crx4	2	0.007396313827484846
cohen	fine	cohen_obsingle_zinb_phantom	combo_Mute_crx3	1	0.0225161612033844
cohen	fine	cohen_obsingle_zinb_phantom	combo_Mute_crx3	2	0.007037532515823841
cohen	fine	cohen_obsingle_zinb_phantom	tail_conserve2_178_to_183	1	0.007922879420220852
cohen	fine	cohen_obsingle_zinb_phantom	tail_conserve2_178_to_183	2	0.004831253085285425
cohen	fine	cohen_obsingle_zinb_phantom	tail_conserve2_173_to_178	1	0.009006130509078503
cohen	fine	cohen_obsingle_zinb_phantom	tail_conserve2_173_to_178	2	0.005237780511379242
cohen	fine	cohen_obsingle_zinb_phantom	combo_Q50_crx5_crx2	1	0.00625689746811986
cohen	fine	cohen_obsingle_zinb_phantom	combo_Q50_crx5_crx2	2	0.025189964100718498
cohen	fine	cohen_obsingle_zinb_phantom	ebox_gcagctgg_to_tcagctgg	1	0.010437484830617905
cohen	fine	cohen_obsingle_zinb_phantom	ebox_gcagctgg_to_tcagctgg	2	0.01078521553426981
cohen	fine	cohen_obsingle_zinb_phantom	combo_Q50_crx4_crx1	1	0.002525389427319169
cohen	fine	cohen_obsingle_zinb_phantom	combo_Q50_crx4_crx1	2	0.012065857648849487
cohen	fine	cohen_obsingle_zinb_phantom	tail_conserve3_250_to_255	1	0.010650426149368286
cohen	fine	cohen_obsingle_zinb_phantom	tail_conserve3_250_to_255	2	0.02415888011455536
cohen	fine	cohen_obsingle_zinb_phantom	combo_Mute_crx2	1	0.024069080129265785
cohen	fine	cohen_obsingle_zinb_phantom	combo_Mute_crx2	2	0.010559224523603916
cohen	fine	cohen_obsingle_zinb_phantom	eboxDouble_gcagctgg_to_gcacttgg	1	0.006578029599040747
cohen	fine	cohen_obsingle_zinb_phantom	eboxDouble_gcagctgg_to_gcacttgg	2	0.02148897759616375
cohen	fine	cohen_obsingle_zinb_phantom	combo_Q50_crx2	1	0.011026490479707718
cohen	fine	cohen_obsingle_zinb_phantom	combo_Q50_crx2	2	0.009763718582689762
cohen	fine	cohen_obsingle_zinb_phantom	tail_conserve3_205_to_210	1	0.025193804875016212
cohen	fine	cohen_obsingle_zinb_phantom	tail_conserve3_205_to_210	2	0.00937281921505928
cohen	fine	cohen_obsingle_zinb_phantom	tail_conserve4_423_to_428	1	0.008663879707455635
cohen	fine	cohen_obsingle_zinb_phantom	tail_conserve4_423_to_428	2	0.01024981215596199
cohen	fine	cohen_obsingle_zinb_phantom	ebox_gcagctgg_to_gcaggtgg	1	0.017021263018250465
cohen	fine	cohen_obsingle_zinb_phantom	ebox_gcagctgg_to_gcaggtgg	2	0.004817663226276636
cohen	fine	cohen_obsingle_zinb_phantom	ebox_gcagctgg_to_gaagctgg	1	0.010479805991053581
cohen	fine	cohen_obsingle_zinb_phantom	ebox_gcagctgg_to_gaagctgg	2	0.010568968951702118
cohen	fine	cohen_obsingle_zinb_phantom	combo_Q50_crx4_crx2	1	0.00951660517603159
cohen	fine	cohen_obsingle_zinb_phantom	combo_Q50_crx4_crx2	2	0.00863489881157875
cohen	fine	cohen_obsingle_zinb_phantom	combo_Mute_crx3_crx2	1	0.0065989308059215546
cohen	fine	cohen_obsingle_zinb_phantom	combo_Mute_crx3_crx2	2	0.02087806537747383
cohen	fine	cohen_obsingle_zinb_phantom	ebox_gcagctgg_to_gtagctgg	1	0.017068708315491676
cohen	fine	cohen_obsingle_zinb_phantom	ebox_gcagctgg_to_gtagctgg	2	0.004683411214500666
cohen	fine	cohen_obsingle_zinb_phantom	combo_Mute_crx5_crx2	1	0.030392693355679512
cohen	fine	cohen_obsingle_zinb_phantom	combo_Mute_crx5_crx2	2	0.07713137567043304
cohen	fine	cohen_obsingle_zinb_phantom	eboxDouble_gcagctgg_to_gcaaatgg	1	0.005196137819439173
cohen	fine	cohen_obsingle_zinb_phantom	eboxDouble_gcagctgg_to_gcaaatgg	2	0.01471191830933094
cohen	fine	cohen_obsingle_zinb_phantom	tail_conserve4_433_to_438	1	0.0021736202761530876
cohen	fine	cohen_obsingle_zinb_phantom	tail_conserve4_433_to_438	2	0.01777815818786621
cohen	fine	cohen_obsingle_zinb_phantom	eboxDouble_gcagctgg_to_gcaattgg	1	0.008291307836771011
cohen	fine	cohen_obsingle_zinb_phantom	eboxDouble_gcagctgg_to_gcaattgg	2	0.014392816461622715
cohen	fine	cohen_obsingle_zinb_phantom	ebox_gcagctgg_to_gccgctgg	1	0.012553085573017597
cohen	fine	cohen_obsingle_zinb_phantom	ebox_gcagctgg_to_gccgctgg	2	0.011504391208291054
cohen	fine	cohen_obsingle_zinb_phantom	tail_conserve3_200_to_205	1	0.010728956200182438
cohen	fine	cohen_obsingle_zinb_phantom	tail_conserve3_200_to_205	2	0.006014464423060417
cohen	fine	cohen_obsingle_zinb_phantom	combo_Mute_crx4_crx2	1	0.00531560555100441
cohen	fine	cohen_obsingle_zinb_phantom	combo_Mute_crx4_crx2	2	0.03265659883618355
cohen	fine	cohen_obsingle_zinb_phantom	eboxDouble_gcagctgg_to_gcatttgg	1	0.006774609908461571
cohen	fine	cohen_obsingle_zinb_phantom	eboxDouble_gcagctgg_to_gcatttgg	2	0.02015235275030136
cohen	fine	cohen_obsingle_zinb_phantom	ebox_gcagctgg_to_gctgctgg	1	0.014335015788674355
cohen	fine	cohen_obsingle_zinb_phantom	ebox_gcagctgg_to_gctgctgg	2	0.0034082767087966204
cohen	fine	cohen_obsingle_zinb_phantom	combo_Mute_crx5_crx3	1	0.020039012655615807
cohen	fine	cohen_obsingle_zinb_phantom	combo_Mute_crx5_crx3	2	0.008846314623951912
cohen	fine	cohen_obsingle_zinb_phantom	combo_Q50_crx3_crx2	1	0.07249750941991806
cohen	fine	cohen_obsingle_zinb_phantom	combo_Q50_crx3_crx2	2	0.02099837362766266
cohen	fine	cohen_obsingle_zinb_phantom	combo_Mute_crx4_crx3	1	0.009442816488444805
cohen	fine	cohen_obsingle_zinb_phantom	combo_Mute_crx4_crx3	2	0.01164329331368208
cohen	fine	cohen_obsingle_zinb_phantom	combo_Mute_crx2_crx1	1	0.021022483706474304
cohen	fine	cohen_obsingle_zinb_phantom	combo_Mute_crx2_crx1	2	0.01739182509481907
cohen	fine	cohen_obsingle_zinb_phantom	eboxDouble_gcagctgg_to_gcaagtgg	1	0.010511956177651882
cohen	fine	cohen_obsingle_zinb_phantom	eboxDouble_gcagctgg_to_gcaagtgg	2	0.007633755914866924
cohen	fine	cohen_obsingle_zinb_phantom	ebox_gcagctgg_to_gcagcttg	1	0.004568066913634539
cohen	fine	cohen_obsingle_zinb_phantom	ebox_gcagctgg_to_gcagcttg	2	0.013876475393772125
cohen	fine	cohen_obsingle_zinb_phantom	ebox_gcagctgg_to_gcagctgc	1	0.015279671177268028
cohen	fine	cohen_obsingle_zinb_phantom	ebox_gcagctgg_to_gcagctgc	2	0.0024588038213551044
cohen	fine	cohen_obsingle_zinb_phantom	ebox_gcagctgg_to_gcagctgt	1	0.014838408678770065
cohen	fine	cohen_obsingle_zinb_phantom	ebox_gcagctgg_to_gcagctgt	2	0.01017614547163248
cohen	fine	cohen_obsingle_zinb_phantom	ebox_gcagctgg_to_gcagctga	1	0.015853513032197952
cohen	fine	cohen_obsingle_zinb_phantom	ebox_gcagctgg_to_gcagctga	2	0.1769651174545288
cohen	coarse	cohen_obs_zinb_phantom_20260401	swap_crx1_to_gggcttag_reverse	1	0.5683380961418152
cohen	coarse	cohen_obs_zinb_phantom_20260401	swap_crx1_to_gggcttag_reverse	2	0.5517995357513428
cohen	coarse	cohen_obs_zinb_phantom_20260401	tail_conserve5_443_to_448	1	0.5703408718109131
cohen	coarse	cohen_obs_zinb_phantom_20260401	tail_conserve5_443_to_448	2	0.5739250779151917
cohen	coarse	cohen_obs_zinb_phantom_20260401	tail_conserve3_240_to_245	1	0.34231939911842346
cohen	coarse	cohen_obs_zinb_phantom_20260401	tail_conserve3_240_to_245	2	0.30505016446113586
cohen	coarse	cohen_obs_zinb_phantom_20260401	tail_conserve6_483_to_488	1	0.39483755826950073
cohen	coarse	cohen_obs_zinb_phantom_20260401	tail_conserve6_483_to_488	2	0.4085685908794403
cohen	coarse	cohen_obs_zinb_phantom_20260401	swap_crx3_to_ctaatccc_forward	1	0.3558955788612366
cohen	coarse	cohen_obs_zinb_phantom_20260401	swap_crx3_to_ctaatccc_forward	2	0.32481834292411804
cohen	coarse	cohen_obs_zinb_phantom_20260401	tail_conserve1_169_to_174	1	0.5015580654144287
cohen	coarse	cohen_obs_zinb_phantom_20260401	tail_conserve1_169_to_174	2	0.4567236304283142
cohen	coarse	cohen_obs_zinb_phantom_20260401	combo_Q50_crx5_crx1	1	0.5053011775016785
cohen	coarse	cohen_obs_zinb_phantom_20260401	combo_Q50_crx5_crx1	2	0.4667309820652008
cohen	coarse	cohen_obs_zinb_phantom_20260401	swap_crx4_to_ctaatccc_forward	1	0.4696636497974396
cohen	coarse	cohen_obs_zinb_phantom_20260401	swap_crx4_to_ctaatccc_forward	2	0.44853612780570984
cohen	coarse	cohen_obs_zinb_phantom_20260401	tail_conserve3_215_to_220	1	0.5052831172943115
cohen	coarse	cohen_obs_zinb_phantom_20260401	tail_conserve3_215_to_220	2	0.4824644923210144
cohen	coarse	cohen_obs_zinb_phantom_20260401	combo_Q50_crx1	1	0.36963456869125366
cohen	coarse	cohen_obs_zinb_phantom_20260401	combo_Q50_crx1	2	0.35004204511642456
cohen	coarse	cohen_obs_zinb_phantom_20260401	tail_conserve1_159_to_164	1	0.45591628551483154
cohen	coarse	cohen_obs_zinb_phantom_20260401	tail_conserve1_159_to_164	2	0.38374194502830505
cohen	coarse	cohen_obs_zinb_phantom_20260401	swap_crx2_to_gggattag_reverse	1	0.3405517041683197
cohen	coarse	cohen_obs_zinb_phantom_20260401	swap_crx2_to_gggattag_reverse	2	0.2833002209663391
cohen	coarse	cohen_obs_zinb_phantom_20260401	combo_Q50_crx5_crx4	1	0.5375221371650696
cohen	coarse	cohen_obs_zinb_phantom_20260401	combo_Q50_crx5_crx4	2	0.49803733825683594
cohen	coarse	cohen_obs_zinb_phantom_20260401	tail_conserve3_245_to_250	1	0.4243282377719879
cohen	coarse	cohen_obs_zinb_phantom_20260401	tail_conserve3_245_to_250	2	0.3780474364757538
cohen	coarse	cohen_obs_zinb_phantom_20260401	ebox_gcagctgg_to_gcagcggg	1	0.4006931185722351
cohen	coarse	cohen_obs_zinb_phantom_20260401	ebox_gcagctgg_to_gcagcggg	2	0.45798173546791077
cohen	coarse	cohen_obs_zinb_phantom_20260401	combo_Q50_crx5	1	0.5715205073356628
cohen	coarse	cohen_obs_zinb_phantom_20260401	combo_Q50_crx5	2	0.4978441894054413
cohen	coarse	cohen_obs_zinb_phantom_20260401	swap_crx5_to_ctaatccc_forward	1	0.18777522444725037
cohen	coarse	cohen_obs_zinb_phantom_20260401	swap_crx5_to_ctaatccc_forward	2	0.18324418365955353
cohen	coarse	cohen_obs_zinb_phantom_20260401	tail_conserve6_493_to_498	1	0.49254027009010315
cohen	coarse	cohen_obs_zinb_phantom_20260401	tail_conserve6_493_to_498	2	0.43585553765296936
cohen	coarse	cohen_obs_zinb_phantom_20260401	combo_Mute_crx1	1	0.4467598497867584
cohen	coarse	cohen_obs_zinb_phantom_20260401	combo_Mute_crx1	2	0.4175143539905548
cohen	coarse	cohen_obs_zinb_phantom_20260401	swap_crx2_to_gggcttag_reverse	1	0.46903666853904724
cohen	coarse	cohen_obs_zinb_phantom_20260401	swap_crx2_to_gggcttag_reverse	2	0.428006112575531
cohen	coarse	cohen_obs_zinb_phantom_20260401	combo_Q50_crx4_crx3	1	0.37846359610557556
cohen	coarse	cohen_obs_zinb_phantom_20260401	combo_Q50_crx4_crx3	2	0.2910677194595337
cohen	coarse	cohen_obs_zinb_phantom_20260401	swap_crx4_to_ctaagccc_forward	1	0.5382360816001892
cohen	coarse	cohen_obs_zinb_phantom_20260401	swap_crx4_to_ctaagccc_forward	2	0.5543466210365295
cohen	coarse	cohen_obs_zinb_phantom_20260401	tail_conserve3_210_to_215	1	0.2485826313495636
cohen	coarse	cohen_obs_zinb_phantom_20260401	tail_conserve3_210_to_215	2	0.16062317788600922
cohen	coarse	cohen_obs_zinb_phantom_20260401	tail_conserve3_235_to_240	1	0.3071945309638977
cohen	coarse	cohen_obs_zinb_phantom_20260401	tail_conserve3_235_to_240	2	0.28309860825538635
cohen	coarse	cohen_obs_zinb_phantom_20260401	tail_conserve5_463_to_468	1	0.5278007388114929
cohen	coarse	cohen_obs_zinb_phantom_20260401	tail_conserve5_463_to_468	2	0.49105843901634216
cohen	coarse	cohen_obs_zinb_phantom_20260401	combo_Q50_crx3_crx1	1	0.4691627323627472
cohen	coarse	cohen_obs_zinb_phantom_20260401	combo_Q50_crx3_crx1	2	0.48841002583503723
cohen	coarse	cohen_obs_zinb_phantom_20260401	tail_conserve3_220_to_225	1	0.3371013402938843
cohen	coarse	cohen_obs_zinb_phantom_20260401	tail_conserve3_220_to_225	2	0.27512452006340027
cohen	coarse	cohen_obs_zinb_phantom_20260401	eboxDouble_gcagctgg_to_gcatgtgg	1	0.3764234781265259
cohen	coarse	cohen_obs_zinb_phantom_20260401	eboxDouble_gcagctgg_to_gcatgtgg	2	0.3248463571071625
cohen	coarse	cohen_obs_zinb_phantom_20260401	tail_conserve4_428_to_433	1	0.5394647121429443
cohen	coarse	cohen_obs_zinb_phantom_20260401	tail_conserve4_428_to_433	2	0.5019960999488831
cohen	coarse	cohen_obs_zinb_phantom_20260401	combo_Q50_crx5_crx3	1	0.3672046959400177
cohen	coarse	cohen_obs_zinb_phantom_20260401	combo_Q50_crx5_crx3	2	0.34740254282951355
cohen	coarse	cohen_obs_zinb_phantom_20260401	tail_conserve6_498_to_503	1	0.5279595851898193
cohen	coarse	cohen_obs_zinb_phantom_20260401	tail_conserve6_498_to_503	2	0.5358455181121826
cohen	coarse	cohen_obs_zinb_phantom_20260401	reference	1	0.504433274269104
cohen	coarse	cohen_obs_zinb_phantom_20260401	reference	2	0.49083858728408813
cohen	coarse	cohen_obs_zinb_phantom_20260401	tail_conserve5_458_to_463	1	0.306482195854187
cohen	coarse	cohen_obs_zinb_phantom_20260401	tail_conserve5_458_to_463	2	0.29099681973457336
cohen	coarse	cohen_obs_zinb_phantom_20260401	combo_Q50_crx3	1	0.33651572465896606
cohen	coarse	cohen_obs_zinb_phantom_20260401	combo_Q50_crx3	2	0.28880441188812256
cohen	coarse	cohen_obs_zinb_phantom_20260401	ebox_gcagctgg_to_gcaactgg	1	0.562756359577179
cohen	coarse	cohen_obs_zinb_phantom_20260401	ebox_gcagctgg_to_gcaactgg	2	0.5167861580848694
cohen	coarse	cohen_obs_zinb_phantom_20260401	swap_crx5_to_cttatccc_forward	1	0.2552010715007782
cohen	coarse	cohen_obs_zinb_phantom_20260401	swap_crx5_to_cttatccc_forward	2	0.19776199758052826
cohen	coarse	cohen_obs_zinb_phantom_20260401	tail_conserve6_488_to_493	1	0.5453741550445557
cohen	coarse	cohen_obs_zinb_phantom_20260401	tail_conserve6_488_to_493	2	0.5300916433334351
cohen	coarse	cohen_obs_zinb_phantom_20260401	tail_conserve5_448_to_453	1	0.40203261375427246
cohen	coarse	cohen_obs_zinb_phantom_20260401	tail_conserve5_448_to_453	2	0.3683648109436035
cohen	coarse	cohen_obs_zinb_phantom_20260401	tail_conserve5_473_to_478	1	0.5761628746986389
cohen	coarse	cohen_obs_zinb_phantom_20260401	tail_conserve5_473_to_478	2	0.5347155332565308
cohen	coarse	cohen_obs_zinb_phantom_20260401	combo_Mute_crx3_crx1	1	0.40557757019996643
cohen	coarse	cohen_obs_zinb_phantom_20260401	combo_Mute_crx3_crx1	2	0.3501521050930023
cohen	coarse	cohen_obs_zinb_phantom_20260401	swap_crx3_to_ctaagccc_forward	1	0.3750626742839813
cohen	coarse	cohen_obs_zinb_phantom_20260401	swap_crx3_to_ctaagccc_forward	2	0.32422852516174316
cohen	coarse	cohen_obs_zinb_phantom_20260401	ebox_gcagctgg_to_acagctgg	1	0.5534003973007202
cohen	coarse	cohen_obs_zinb_phantom_20260401	ebox_gcagctgg_to_acagctgg	2	0.5291965007781982
cohen	coarse	cohen_obs_zinb_phantom_20260401	combo_Q50_crx4	1	0.5205996632575989
cohen	coarse	cohen_obs_zinb_phantom_20260401	combo_Q50_crx4	2	0.4998723566532135
cohen	coarse	cohen_obs_zinb_phantom_20260401	eboxDouble_gcagctgg_to_gcacatgg	1	0.4456291198730469
cohen	coarse	cohen_obs_zinb_phantom_20260401	eboxDouble_gcagctgg_to_gcacatgg	2	0.4167712330818176
cohen	coarse	cohen_obs_zinb_phantom_20260401	ebox_gcagctgg_to_ccagctgg	1	0.5219377279281616
cohen	coarse	cohen_obs_zinb_phantom_20260401	ebox_gcagctgg_to_ccagctgg	2	0.49651965498924255
cohen	coarse	cohen_obs_zinb_phantom_20260401	ebox_gcagctgg_to_gcatctgg	1	0.25259366631507874
cohen	coarse	cohen_obs_zinb_phantom_20260401	ebox_gcagctgg_to_gcatctgg	2	0.26127374172210693
cohen	coarse	cohen_obs_zinb_phantom_20260401	swap_crx1_to_gggattag_reverse	1	0.4488459825515747
cohen	coarse	cohen_obs_zinb_phantom_20260401	swap_crx1_to_gggattag_reverse	2	0.4788818657398224
cohen	coarse	cohen_obs_zinb_phantom_20260401	tail_conserve6_478_to_483	1	0.5315155386924744
cohen	coarse	cohen_obs_zinb_phantom_20260401	tail_conserve6_478_to_483	2	0.5042587518692017
cohen	coarse	cohen_obs_zinb_phantom_20260401	swap_crx5_to_ctaagccc_forward	1	0.5742120742797852
cohen	coarse	cohen_obs_zinb_phantom_20260401	swap_crx5_to_ctaagccc_forward	2	0.5022522211074829
cohen	coarse	cohen_obs_zinb_phantom_20260401	tail_conserve2_188_to_193	1	0.41244474053382874
cohen	coarse	cohen_obs_zinb_phantom_20260401	tail_conserve2_188_to_193	2	0.445846825838089
cohen	coarse	cohen_obs_zinb_phantom_20260401	ebox_gcagctgg_to_gcggctgg	1	0.5034783482551575
cohen	coarse	cohen_obs_zinb_phantom_20260401	ebox_gcagctgg_to_gcggctgg	2	0.49565044045448303
cohen	coarse	cohen_obs_zinb_phantom_20260401	ebox_gcagctgg_to_gcagttgg	1	0.3046276271343231
cohen	coarse	cohen_obs_zinb_phantom_20260401	ebox_gcagctgg_to_gcagttgg	2	0.28762635588645935
cohen	coarse	cohen_obs_zinb_phantom_20260401	ebox_gcagctgg_to_gcagcagg	1	0.47106850147247314
cohen	coarse	cohen_obs_zinb_phantom_20260401	ebox_gcagctgg_to_gcagcagg	2	0.44317397475242615
cohen	coarse	cohen_obs_zinb_phantom_20260401	tail_conserve5_453_to_458	1	0.5250242948532104
cohen	coarse	cohen_obs_zinb_phantom_20260401	tail_conserve5_453_to_458	2	0.45628589391708374
cohen	coarse	cohen_obs_zinb_phantom_20260401	tail_conserve1_164_to_169	1	0.3956054151058197
cohen	coarse	cohen_obs_zinb_phantom_20260401	tail_conserve1_164_to_169	2	0.3397027850151062
cohen	coarse	cohen_obs_zinb_phantom_20260401	swap_crx2_to_gggataag_reverse	1	0.6376429796218872
cohen	coarse	cohen_obs_zinb_phantom_20260401	swap_crx2_to_gggataag_reverse	2	0.5668541193008423
cohen	coarse	cohen_obs_zinb_phantom_20260401	eboxDouble_gcagctgg_to_gcacgtgg	1	0.4464646279811859
cohen	coarse	cohen_obs_zinb_phantom_20260401	eboxDouble_gcagctgg_to_gcacgtgg	2	0.46424612402915955
cohen	coarse	cohen_obs_zinb_phantom_20260401	tail_conserve5_468_to_473	1	0.22311215102672577
cohen	coarse	cohen_obs_zinb_phantom_20260401	tail_conserve5_468_to_473	2	0.26404228806495667
cohen	coarse	cohen_obs_zinb_phantom_20260401	tail_conserve3_230_to_235	1	0.3987855017185211
cohen	coarse	cohen_obs_zinb_phantom_20260401	tail_conserve3_230_to_235	2	0.3686140775680542
cohen	coarse	cohen_obs_zinb_phantom_20260401	ebox_gcagctgg_to_gcagctag	1	0.4994228482246399
cohen	coarse	cohen_obs_zinb_phantom_20260401	ebox_gcagctgg_to_gcagctag	2	0.5043899416923523
cohen	coarse	cohen_obs_zinb_phantom_20260401	combo_Mute_crx5_crx1	1	0.3842006325721741
cohen	coarse	cohen_obs_zinb_phantom_20260401	combo_Mute_crx5_crx1	2	0.21379129588603973
cohen	coarse	cohen_obs_zinb_phantom_20260401	combo_Mute_crx5	1	0.42688414454460144
cohen	coarse	cohen_obs_zinb_phantom_20260401	combo_Mute_crx5	2	0.2928384244441986
cohen	coarse	cohen_obs_zinb_phantom_20260401	ebox_gcagctgg_to_gcagatgg	1	0.5282409191131592
cohen	coarse	cohen_obs_zinb_phantom_20260401	ebox_gcagctgg_to_gcagatgg	2	0.3820420205593109
cohen	coarse	cohen_obs_zinb_phantom_20260401	combo_Mute_crx4	1	0.46173563599586487
cohen	coarse	cohen_obs_zinb_phantom_20260401	combo_Mute_crx4	2	0.4773440659046173
cohen	coarse	cohen_obs_zinb_phantom_20260401	swap_crx4_to_cttatccc_forward	1	0.5520233511924744
cohen	coarse	cohen_obs_zinb_phantom_20260401	swap_crx4_to_cttatccc_forward	2	0.5268425345420837
cohen	coarse	cohen_obs_zinb_phantom_20260401	ebox_gcagctgg_to_gcagccgg	1	0.4864279627799988
cohen	coarse	cohen_obs_zinb_phantom_20260401	ebox_gcagctgg_to_gcagccgg	2	0.436115562915802
cohen	coarse	cohen_obs_zinb_phantom_20260401	ebox_gcagctgg_to_ggagctgg	1	0.3629266023635864
cohen	coarse	cohen_obs_zinb_phantom_20260401	ebox_gcagctgg_to_ggagctgg	2	0.4360416829586029
cohen	coarse	cohen_obs_zinb_phantom_20260401	combo_Q50_crx2_crx1	1	0.43224892020225525
cohen	coarse	cohen_obs_zinb_phantom_20260401	combo_Q50_crx2_crx1	2	0.4057794213294983
cohen	coarse	cohen_obs_zinb_phantom_20260401	swap_crx1_to_gggataag_reverse	1	0.5711998343467712
cohen	coarse	cohen_obs_zinb_phantom_20260401	swap_crx1_to_gggataag_reverse	2	0.37932339310646057
cohen	coarse	cohen_obs_zinb_phantom_20260401	tail_conserve2_183_to_188	1	0.5394454598426819
cohen	coarse	cohen_obs_zinb_phantom_20260401	tail_conserve2_183_to_188	2	0.5196171402931213
cohen	coarse	cohen_obs_zinb_phantom_20260401	ebox_gcagctgg_to_gcagctcg	1	0.5036057233810425
cohen	coarse	cohen_obs_zinb_phantom_20260401	ebox_gcagctgg_to_gcagctcg	2	0.43295204639434814
cohen	coarse	cohen_obs_zinb_phantom_20260401	tail_conserve6_503_to_508	1	0.43042394518852234
cohen	coarse	cohen_obs_zinb_phantom_20260401	tail_conserve6_503_to_508	2	0.335222989320755
cohen	coarse	cohen_obs_zinb_phantom_20260401	tail_conserve2_193_to_198	1	0.4830511212348938
cohen	coarse	cohen_obs_zinb_phantom_20260401	tail_conserve2_193_to_198	2	0.43357813358306885
cohen	coarse	cohen_obs_zinb_phantom_20260401	swap_crx3_to_cttatccc_forward	1	0.4368820786476135
cohen	coarse	cohen_obs_zinb_phantom_20260401	swap_crx3_to_cttatccc_forward	2	0.39522409439086914
cohen	coarse	cohen_obs_zinb_phantom_20260401	ebox_gcagctgg_to_gcacctgg	1	0.5800042748451233
cohen	coarse	cohen_obs_zinb_phantom_20260401	ebox_gcagctgg_to_gcacctgg	2	0.5183623433113098
cohen	coarse	cohen_obs_zinb_phantom_20260401	combo_Mute_crx4_crx1	1	0.47325870394706726
cohen	coarse	cohen_obs_zinb_phantom_20260401	combo_Mute_crx4_crx1	2	0.4896687865257263
cohen	coarse	cohen_obs_zinb_phantom_20260401	tail_conserve3_225_to_230	1	0.5011586546897888
cohen	coarse	cohen_obs_zinb_phantom_20260401	tail_conserve3_225_to_230	2	0.38397952914237976
cohen	coarse	cohen_obs_zinb_phantom_20260401	eboxDouble_gcagctgg_to_gcatatgg	1	0.37880152463912964
cohen	coarse	cohen_obs_zinb_phantom_20260401	eboxDouble_gcagctgg_to_gcatatgg	2	0.3130621612071991
cohen	coarse	cohen_obs_zinb_phantom_20260401	combo_Mute_crx5_crx4	1	0.5292311906814575
cohen	coarse	cohen_obs_zinb_phantom_20260401	combo_Mute_crx5_crx4	2	0.48613637685775757
cohen	coarse	cohen_obs_zinb_phantom_20260401	combo_Mute_crx3	1	0.49051013588905334
cohen	coarse	cohen_obs_zinb_phantom_20260401	combo_Mute_crx3	2	0.5138188600540161
cohen	coarse	cohen_obs_zinb_phantom_20260401	tail_conserve2_178_to_183	1	0.41960638761520386
cohen	coarse	cohen_obs_zinb_phantom_20260401	tail_conserve2_178_to_183	2	0.41296055912971497
cohen	coarse	cohen_obs_zinb_phantom_20260401	tail_conserve2_173_to_178	1	0.2819708585739136
cohen	coarse	cohen_obs_zinb_phantom_20260401	tail_conserve2_173_to_178	2	0.21654172241687775
cohen	coarse	cohen_obs_zinb_phantom_20260401	combo_Q50_crx5_crx2	1	0.633307933807373
cohen	coarse	cohen_obs_zinb_phantom_20260401	combo_Q50_crx5_crx2	2	0.5542615652084351
cohen	coarse	cohen_obs_zinb_phantom_20260401	ebox_gcagctgg_to_tcagctgg	1	0.29504823684692383
cohen	coarse	cohen_obs_zinb_phantom_20260401	ebox_gcagctgg_to_tcagctgg	2	0.3219775855541229
cohen	coarse	cohen_obs_zinb_phantom_20260401	combo_Q50_crx4_crx1	1	0.40520766377449036
cohen	coarse	cohen_obs_zinb_phantom_20260401	combo_Q50_crx4_crx1	2	0.4619758725166321
cohen	coarse	cohen_obs_zinb_phantom_20260401	tail_conserve3_250_to_255	1	0.5112656354904175
cohen	coarse	cohen_obs_zinb_phantom_20260401	tail_conserve3_250_to_255	2	0.46471235156059265
cohen	coarse	cohen_obs_zinb_phantom_20260401	combo_Mute_crx2	1	0.2545449733734131
cohen	coarse	cohen_obs_zinb_phantom_20260401	combo_Mute_crx2	2	0.31394821405410767
cohen	coarse	cohen_obs_zinb_phantom_20260401	eboxDouble_gcagctgg_to_gcacttgg	1	0.45779919624328613
cohen	coarse	cohen_obs_zinb_phantom_20260401	eboxDouble_gcagctgg_to_gcacttgg	2	0.37655124068260193
cohen	coarse	cohen_obs_zinb_phantom_20260401	combo_Q50_crx2	1	0.40694937109947205
cohen	coarse	cohen_obs_zinb_phantom_20260401	combo_Q50_crx2	2	0.36361390352249146
cohen	coarse	cohen_obs_zinb_phantom_20260401	tail_conserve3_205_to_210	1	0.47188800573349
cohen	coarse	cohen_obs_zinb_phantom_20260401	tail_conserve3_205_to_210	2	0.4826022684574127
cohen	coarse	cohen_obs_zinb_phantom_20260401	tail_conserve4_423_to_428	1	0.30310842394828796
cohen	coarse	cohen_obs_zinb_phantom_20260401	tail_conserve4_423_to_428	2	0.23359282314777374
cohen	coarse	cohen_obs_zinb_phantom_20260401	ebox_gcagctgg_to_gcaggtgg	1	0.35268276929855347
cohen	coarse	cohen_obs_zinb_phantom_20260401	ebox_gcagctgg_to_gcaggtgg	2	0.5450193881988525
cohen	coarse	cohen_obs_zinb_phantom_20260401	ebox_gcagctgg_to_gaagctgg	1	0.31442007422447205
cohen	coarse	cohen_obs_zinb_phantom_20260401	ebox_gcagctgg_to_gaagctgg	2	0.3511907458305359
cohen	coarse	cohen_obs_zinb_phantom_20260401	combo_Q50_crx4_crx2	1	0.34173354506492615
cohen	coarse	cohen_obs_zinb_phantom_20260401	combo_Q50_crx4_crx2	2	0.36960935592651367
cohen	coarse	cohen_obs_zinb_phantom_20260401	combo_Mute_crx3_crx2	1	0.24114270508289337
cohen	coarse	cohen_obs_zinb_phantom_20260401	combo_Mute_crx3_crx2	2	0.23199407756328583
cohen	coarse	cohen_obs_zinb_phantom_20260401	ebox_gcagctgg_to_gtagctgg	1	0.29847052693367004
cohen	coarse	cohen_obs_zinb_phantom_20260401	ebox_gcagctgg_to_gtagctgg	2	0.13657978177070618
cohen	coarse	cohen_obs_zinb_phantom_20260401	combo_Mute_crx5_crx2	1	0.3130953013896942
cohen	coarse	cohen_obs_zinb_phantom_20260401	combo_Mute_crx5_crx2	2	0.456686407327652
cohen	coarse	cohen_obs_zinb_phantom_20260401	eboxDouble_gcagctgg_to_gcaaatgg	1	0.4730209410190582
cohen	coarse	cohen_obs_zinb_phantom_20260401	eboxDouble_gcagctgg_to_gcaaatgg	2	0.5746505260467529
cohen	coarse	cohen_obs_zinb_phantom_20260401	tail_conserve4_433_to_438	1	0.4927337169647217
cohen	coarse	cohen_obs_zinb_phantom_20260401	tail_conserve4_433_to_438	2	0.4111317992210388
cohen	coarse	cohen_obs_zinb_phantom_20260401	eboxDouble_gcagctgg_to_gcaattgg	1	0.5764424800872803
cohen	coarse	cohen_obs_zinb_phantom_20260401	eboxDouble_gcagctgg_to_gcaattgg	2	0.4478496015071869
cohen	coarse	cohen_obs_zinb_phantom_20260401	ebox_gcagctgg_to_gccgctgg	1	0.4613516628742218
cohen	coarse	cohen_obs_zinb_phantom_20260401	ebox_gcagctgg_to_gccgctgg	2	0.19778835773468018
cohen	coarse	cohen_obs_zinb_phantom_20260401	tail_conserve3_200_to_205	1	0.44425851106643677
cohen	coarse	cohen_obs_zinb_phantom_20260401	tail_conserve3_200_to_205	2	0.3691786229610443
cohen	coarse	cohen_obs_zinb_phantom_20260401	combo_Mute_crx4_crx2	1	0.6080384850502014
cohen	coarse	cohen_obs_zinb_phantom_20260401	combo_Mute_crx4_crx2	2	0.5486581921577454
cohen	coarse	cohen_obs_zinb_phantom_20260401	eboxDouble_gcagctgg_to_gcatttgg	1	0.46864616870880127
cohen	coarse	cohen_obs_zinb_phantom_20260401	eboxDouble_gcagctgg_to_gcatttgg	2	0.23757655918598175
cohen	coarse	cohen_obs_zinb_phantom_20260401	ebox_gcagctgg_to_gctgctgg	1	0.45812711119651794
cohen	coarse	cohen_obs_zinb_phantom_20260401	ebox_gcagctgg_to_gctgctgg	2	0.4113617539405823
cohen	coarse	cohen_obs_zinb_phantom_20260401	combo_Mute_crx5_crx3	1	0.5018055438995361
cohen	coarse	cohen_obs_zinb_phantom_20260401	combo_Mute_crx5_crx3	2	0.6108325719833374
cohen	coarse	cohen_obs_zinb_phantom_20260401	combo_Q50_crx3_crx2	1	0.36257103085517883
cohen	coarse	cohen_obs_zinb_phantom_20260401	combo_Q50_crx3_crx2	2	0.5276826024055481
cohen	coarse	cohen_obs_zinb_phantom_20260401	combo_Mute_crx4_crx3	1	0.5886394381523132
cohen	coarse	cohen_obs_zinb_phantom_20260401	combo_Mute_crx4_crx3	2	0.09556961804628372
cohen	coarse	cohen_obs_zinb_phantom_20260401	combo_Mute_crx2_crx1	1	0.2860676944255829
cohen	coarse	cohen_obs_zinb_phantom_20260401	combo_Mute_crx2_crx1	2	0.333296000957489
cohen	coarse	cohen_obs_zinb_phantom_20260401	eboxDouble_gcagctgg_to_gcaagtgg	1	0.5161826014518738
cohen	coarse	cohen_obs_zinb_phantom_20260401	eboxDouble_gcagctgg_to_gcaagtgg	2	0.2834863066673279
cohen	coarse	cohen_obs_zinb_phantom_20260401	ebox_gcagctgg_to_gcagcttg	1	0.17250676453113556
cohen	coarse	cohen_obs_zinb_phantom_20260401	ebox_gcagctgg_to_gcagcttg	2	0.5448194742202759
cohen	coarse	cohen_obs_zinb_phantom_20260401	ebox_gcagctgg_to_gcagctgc	1	0.7589382529258728
cohen	coarse	cohen_obs_zinb_phantom_20260401	ebox_gcagctgg_to_gcagctgc	2	0.16745229065418243
cohen	coarse	cohen_obs_zinb_phantom_20260401	ebox_gcagctgg_to_gcagctgt	1	0.7284287810325623
cohen	coarse	cohen_obs_zinb_phantom_20260401	ebox_gcagctgg_to_gcagctgt	2	0.10743749886751175
cohen	coarse	cohen_obs_zinb_phantom_20260401	ebox_gcagctgg_to_gcagctga	1	0.16268040239810944
cohen	coarse	cohen_obs_zinb_phantom_20260401	ebox_gcagctgg_to_gcagctga	2	0.17906048893928528
cohen	consider missing	cohen_cm_zinb_phantom_20260401	swap_crx1_to_gggcttag_reverse	1	0.5498396754264832
cohen	consider missing	cohen_cm_zinb_phantom_20260401	swap_crx1_to_gggcttag_reverse	2	0.526485800743103
cohen	consider missing	cohen_cm_zinb_phantom_20260401	tail_conserve5_443_to_448	1	0.5190070271492004
cohen	consider missing	cohen_cm_zinb_phantom_20260401	tail_conserve5_443_to_448	2	0.5068599581718445
cohen	consider missing	cohen_cm_zinb_phantom_20260401	tail_conserve3_240_to_245	1	0.5427234768867493
cohen	consider missing	cohen_cm_zinb_phantom_20260401	tail_conserve3_240_to_245	2	0.5088171362876892
cohen	consider missing	cohen_cm_zinb_phantom_20260401	tail_conserve6_483_to_488	1	0.3994992971420288
cohen	consider missing	cohen_cm_zinb_phantom_20260401	tail_conserve6_483_to_488	2	0.3953975737094879
cohen	consider missing	cohen_cm_zinb_phantom_20260401	swap_crx3_to_ctaatccc_forward	1	0.3017446994781494
cohen	consider missing	cohen_cm_zinb_phantom_20260401	swap_crx3_to_ctaatccc_forward	2	0.26736319065093994
cohen	consider missing	cohen_cm_zinb_phantom_20260401	tail_conserve1_169_to_174	1	0.47561734914779663
cohen	consider missing	cohen_cm_zinb_phantom_20260401	tail_conserve1_169_to_174	2	0.4072929918766022
cohen	consider missing	cohen_cm_zinb_phantom_20260401	combo_Q50_crx5_crx1	1	0.22638355195522308
cohen	consider missing	cohen_cm_zinb_phantom_20260401	combo_Q50_crx5_crx1	2	0.23925898969173431
cohen	consider missing	cohen_cm_zinb_phantom_20260401	swap_crx4_to_ctaatccc_forward	1	0.5811973810195923
cohen	consider missing	cohen_cm_zinb_phantom_20260401	swap_crx4_to_ctaatccc_forward	2	0.5544620156288147
cohen	consider missing	cohen_cm_zinb_phantom_20260401	tail_conserve3_215_to_220	1	0.4143964648246765
cohen	consider missing	cohen_cm_zinb_phantom_20260401	tail_conserve3_215_to_220	2	0.3830123543739319
cohen	consider missing	cohen_cm_zinb_phantom_20260401	combo_Q50_crx1	1	0.4369262456893921
cohen	consider missing	cohen_cm_zinb_phantom_20260401	combo_Q50_crx1	2	0.4119507372379303
cohen	consider missing	cohen_cm_zinb_phantom_20260401	tail_conserve1_159_to_164	1	0.49014201760292053
cohen	consider missing	cohen_cm_zinb_phantom_20260401	tail_conserve1_159_to_164	2	0.43447649478912354
cohen	consider missing	cohen_cm_zinb_phantom_20260401	swap_crx2_to_gggattag_reverse	1	0.3575105369091034
cohen	consider missing	cohen_cm_zinb_phantom_20260401	swap_crx2_to_gggattag_reverse	2	0.36508190631866455
cohen	consider missing	cohen_cm_zinb_phantom_20260401	combo_Q50_crx5_crx4	1	0.26988762617111206
cohen	consider missing	cohen_cm_zinb_phantom_20260401	combo_Q50_crx5_crx4	2	0.24066583812236786
cohen	consider missing	cohen_cm_zinb_phantom_20260401	tail_conserve3_245_to_250	1	0.4706611633300781
cohen	consider missing	cohen_cm_zinb_phantom_20260401	tail_conserve3_245_to_250	2	0.4014873206615448
cohen	consider missing	cohen_cm_zinb_phantom_20260401	ebox_gcagctgg_to_gcagcggg	1	0.4252806603908539
cohen	consider missing	cohen_cm_zinb_phantom_20260401	ebox_gcagctgg_to_gcagcggg	2	0.4431537985801697
cohen	consider missing	cohen_cm_zinb_phantom_20260401	combo_Q50_crx5	1	0.522730827331543
cohen	consider missing	cohen_cm_zinb_phantom_20260401	combo_Q50_crx5	2	0.48811933398246765
cohen	consider missing	cohen_cm_zinb_phantom_20260401	swap_crx5_to_ctaatccc_forward	1	0.41653215885162354
cohen	consider missing	cohen_cm_zinb_phantom_20260401	swap_crx5_to_ctaatccc_forward	2	0.40007737278938293
cohen	consider missing	cohen_cm_zinb_phantom_20260401	tail_conserve6_493_to_498	1	0.24509291350841522
cohen	consider missing	cohen_cm_zinb_phantom_20260401	tail_conserve6_493_to_498	2	0.2056960165500641
cohen	consider missing	cohen_cm_zinb_phantom_20260401	combo_Mute_crx1	1	0.3017527461051941
cohen	consider missing	cohen_cm_zinb_phantom_20260401	combo_Mute_crx1	2	0.26062601804733276
cohen	consider missing	cohen_cm_zinb_phantom_20260401	swap_crx2_to_gggcttag_reverse	1	0.4546176791191101
cohen	consider missing	cohen_cm_zinb_phantom_20260401	swap_crx2_to_gggcttag_reverse	2	0.4038446545600891
cohen	consider missing	cohen_cm_zinb_phantom_20260401	combo_Q50_crx4_crx3	1	0.6027100086212158
cohen	consider missing	cohen_cm_zinb_phantom_20260401	combo_Q50_crx4_crx3	2	0.5904765129089355
cohen	consider missing	cohen_cm_zinb_phantom_20260401	swap_crx4_to_ctaagccc_forward	1	0.33860570192337036
cohen	consider missing	cohen_cm_zinb_phantom_20260401	swap_crx4_to_ctaagccc_forward	2	0.3176920711994171
cohen	consider missing	cohen_cm_zinb_phantom_20260401	tail_conserve3_210_to_215	1	0.28771814703941345
cohen	consider missing	cohen_cm_zinb_phantom_20260401	tail_conserve3_210_to_215	2	0.26117977499961853
cohen	consider missing	cohen_cm_zinb_phantom_20260401	tail_conserve3_235_to_240	1	0.26889464259147644
cohen	consider missing	cohen_cm_zinb_phantom_20260401	tail_conserve3_235_to_240	2	0.28114670515060425
cohen	consider missing	cohen_cm_zinb_phantom_20260401	tail_conserve5_463_to_468	1	0.5193935632705688
cohen	consider missing	cohen_cm_zinb_phantom_20260401	tail_conserve5_463_to_468	2	0.5020466446876526
cohen	consider missing	cohen_cm_zinb_phantom_20260401	combo_Q50_crx3_crx1	1	0.4408976137638092
cohen	consider missing	cohen_cm_zinb_phantom_20260401	combo_Q50_crx3_crx1	2	0.463087260723114
cohen	consider missing	cohen_cm_zinb_phantom_20260401	tail_conserve3_220_to_225	1	0.2802846431732178
cohen	consider missing	cohen_cm_zinb_phantom_20260401	tail_conserve3_220_to_225	2	0.25317227840423584
cohen	consider missing	cohen_cm_zinb_phantom_20260401	eboxDouble_gcagctgg_to_gcatgtgg	1	0.41483035683631897
cohen	consider missing	cohen_cm_zinb_phantom_20260401	eboxDouble_gcagctgg_to_gcatgtgg	2	0.3154715597629547
cohen	consider missing	cohen_cm_zinb_phantom_20260401	tail_conserve4_428_to_433	1	0.33824869990348816
cohen	consider missing	cohen_cm_zinb_phantom_20260401	tail_conserve4_428_to_433	2	0.2725331783294678
cohen	consider missing	cohen_cm_zinb_phantom_20260401	combo_Q50_crx5_crx3	1	0.5592114329338074
cohen	consider missing	cohen_cm_zinb_phantom_20260401	combo_Q50_crx5_crx3	2	0.5691857933998108
cohen	consider missing	cohen_cm_zinb_phantom_20260401	tail_conserve6_498_to_503	1	0.5011062622070312
cohen	consider missing	cohen_cm_zinb_phantom_20260401	tail_conserve6_498_to_503	2	0.4906650483608246
cohen	consider missing	cohen_cm_zinb_phantom_20260401	reference	1	0.4958401620388031
cohen	consider missing	cohen_cm_zinb_phantom_20260401	reference	2	0.4677567481994629
cohen	consider missing	cohen_cm_zinb_phantom_20260401	tail_conserve5_458_to_463	1	0.34591203927993774
cohen	consider missing	cohen_cm_zinb_phantom_20260401	tail_conserve5_458_to_463	2	0.42046213150024414
cohen	consider missing	cohen_cm_zinb_phantom_20260401	combo_Q50_crx3	1	0.6253775358200073
cohen	consider missing	cohen_cm_zinb_phantom_20260401	combo_Q50_crx3	2	0.5766414999961853
cohen	consider missing	cohen_cm_zinb_phantom_20260401	ebox_gcagctgg_to_gcaactgg	1	0.5168985724449158
cohen	consider missing	cohen_cm_zinb_phantom_20260401	ebox_gcagctgg_to_gcaactgg	2	0.5336377620697021
cohen	consider missing	cohen_cm_zinb_phantom_20260401	swap_crx5_to_cttatccc_forward	1	0.45735231041908264
cohen	consider missing	cohen_cm_zinb_phantom_20260401	swap_crx5_to_cttatccc_forward	2	0.5064494609832764
cohen	consider missing	cohen_cm_zinb_phantom_20260401	tail_conserve6_488_to_493	1	0.3163610100746155
cohen	consider missing	cohen_cm_zinb_phantom_20260401	tail_conserve6_488_to_493	2	0.24100032448768616
cohen	consider missing	cohen_cm_zinb_phantom_20260401	tail_conserve5_448_to_453	1	0.46634310483932495
cohen	consider missing	cohen_cm_zinb_phantom_20260401	tail_conserve5_448_to_453	2	0.5238136053085327
cohen	consider missing	cohen_cm_zinb_phantom_20260401	tail_conserve5_473_to_478	1	0.5241931676864624
cohen	consider missing	cohen_cm_zinb_phantom_20260401	tail_conserve5_473_to_478	2	0.5187438130378723
cohen	consider missing	cohen_cm_zinb_phantom_20260401	combo_Mute_crx3_crx1	1	0.32882246375083923
cohen	consider missing	cohen_cm_zinb_phantom_20260401	combo_Mute_crx3_crx1	2	0.2634154260158539
cohen	consider missing	cohen_cm_zinb_phantom_20260401	swap_crx3_to_ctaagccc_forward	1	0.38939300179481506
cohen	consider missing	cohen_cm_zinb_phantom_20260401	swap_crx3_to_ctaagccc_forward	2	0.24482262134552002
cohen	consider missing	cohen_cm_zinb_phantom_20260401	ebox_gcagctgg_to_acagctgg	1	0.5014079213142395
cohen	consider missing	cohen_cm_zinb_phantom_20260401	ebox_gcagctgg_to_acagctgg	2	0.5252459049224854
cohen	consider missing	cohen_cm_zinb_phantom_20260401	combo_Q50_crx4	1	0.5150715708732605
cohen	consider missing	cohen_cm_zinb_phantom_20260401	combo_Q50_crx4	2	0.47876647114753723
cohen	consider missing	cohen_cm_zinb_phantom_20260401	eboxDouble_gcagctgg_to_gcacatgg	1	0.46613654494285583
cohen	consider missing	cohen_cm_zinb_phantom_20260401	eboxDouble_gcagctgg_to_gcacatgg	2	0.46196871995925903
cohen	consider missing	cohen_cm_zinb_phantom_20260401	ebox_gcagctgg_to_ccagctgg	1	0.338186115026474
cohen	consider missing	cohen_cm_zinb_phantom_20260401	ebox_gcagctgg_to_ccagctgg	2	0.26845377683639526
cohen	consider missing	cohen_cm_zinb_phantom_20260401	ebox_gcagctgg_to_gcatctgg	1	0.5238695740699768
cohen	consider missing	cohen_cm_zinb_phantom_20260401	ebox_gcagctgg_to_gcatctgg	2	0.5276204347610474
cohen	consider missing	cohen_cm_zinb_phantom_20260401	swap_crx1_to_gggattag_reverse	1	0.2778732180595398
cohen	consider missing	cohen_cm_zinb_phantom_20260401	swap_crx1_to_gggattag_reverse	2	0.25959405303001404
cohen	consider missing	cohen_cm_zinb_phantom_20260401	tail_conserve6_478_to_483	1	0.516915500164032
cohen	consider missing	cohen_cm_zinb_phantom_20260401	tail_conserve6_478_to_483	2	0.4565023183822632
cohen	consider missing	cohen_cm_zinb_phantom_20260401	swap_crx5_to_ctaagccc_forward	1	0.22971411049365997
cohen	consider missing	cohen_cm_zinb_phantom_20260401	swap_crx5_to_ctaagccc_forward	2	0.19519203901290894
cohen	consider missing	cohen_cm_zinb_phantom_20260401	tail_conserve2_188_to_193	1	0.40110307931900024
cohen	consider missing	cohen_cm_zinb_phantom_20260401	tail_conserve2_188_to_193	2	0.44073227047920227
cohen	consider missing	cohen_cm_zinb_phantom_20260401	ebox_gcagctgg_to_gcggctgg	1	0.40082216262817383
cohen	consider missing	cohen_cm_zinb_phantom_20260401	ebox_gcagctgg_to_gcggctgg	2	0.347436785697937
cohen	consider missing	cohen_cm_zinb_phantom_20260401	ebox_gcagctgg_to_gcagttgg	1	0.3871115446090698
cohen	consider missing	cohen_cm_zinb_phantom_20260401	ebox_gcagctgg_to_gcagttgg	2	0.408319890499115
cohen	consider missing	cohen_cm_zinb_phantom_20260401	ebox_gcagctgg_to_gcagcagg	1	0.34149491786956787
cohen	consider missing	cohen_cm_zinb_phantom_20260401	ebox_gcagctgg_to_gcagcagg	2	0.3024991750717163
cohen	consider missing	cohen_cm_zinb_phantom_20260401	tail_conserve5_453_to_458	1	0.4682130515575409
cohen	consider missing	cohen_cm_zinb_phantom_20260401	tail_conserve5_453_to_458	2	0.44180434942245483
cohen	consider missing	cohen_cm_zinb_phantom_20260401	tail_conserve1_164_to_169	1	0.5735382437705994
cohen	consider missing	cohen_cm_zinb_phantom_20260401	tail_conserve1_164_to_169	2	0.5662828087806702
cohen	consider missing	cohen_cm_zinb_phantom_20260401	swap_crx2_to_gggataag_reverse	1	0.21269536018371582
cohen	consider missing	cohen_cm_zinb_phantom_20260401	swap_crx2_to_gggataag_reverse	2	0.16790693998336792
cohen	consider missing	cohen_cm_zinb_phantom_20260401	eboxDouble_gcagctgg_to_gcacgtgg	1	0.44756418466567993
cohen	consider missing	cohen_cm_zinb_phantom_20260401	eboxDouble_gcagctgg_to_gcacgtgg	2	0.36963436007499695
cohen	consider missing	cohen_cm_zinb_phantom_20260401	tail_conserve5_468_to_473	1	0.5685893297195435
cohen	consider missing	cohen_cm_zinb_phantom_20260401	tail_conserve5_468_to_473	2	0.5421051383018494
cohen	consider missing	cohen_cm_zinb_phantom_20260401	tail_conserve3_230_to_235	1	0.4457456171512604
cohen	consider missing	cohen_cm_zinb_phantom_20260401	tail_conserve3_230_to_235	2	0.5340002179145813
cohen	consider missing	cohen_cm_zinb_phantom_20260401	ebox_gcagctgg_to_gcagctag	1	0.5401685237884521
cohen	consider missing	cohen_cm_zinb_phantom_20260401	ebox_gcagctgg_to_gcagctag	2	0.46825727820396423
cohen	consider missing	cohen_cm_zinb_phantom_20260401	combo_Mute_crx5_crx1	1	0.41714897751808167
cohen	consider missing	cohen_cm_zinb_phantom_20260401	combo_Mute_crx5_crx1	2	0.2513066232204437
cohen	consider missing	cohen_cm_zinb_phantom_20260401	combo_Mute_crx5	1	0.35732731223106384
cohen	consider missing	cohen_cm_zinb_phantom_20260401	combo_Mute_crx5	2	0.25505155324935913
cohen	consider missing	cohen_cm_zinb_phantom_20260401	ebox_gcagctgg_to_gcagatgg	1	0.5773959159851074
cohen	consider missing	cohen_cm_zinb_phantom_20260401	ebox_gcagctgg_to_gcagatgg	2	0.5495753288269043
cohen	consider missing	cohen_cm_zinb_phantom_20260401	combo_Mute_crx4	1	0.49325719475746155
cohen	consider missing	cohen_cm_zinb_phantom_20260401	combo_Mute_crx4	2	0.5610484480857849
cohen	consider missing	cohen_cm_zinb_phantom_20260401	swap_crx4_to_cttatccc_forward	1	0.3398047089576721
cohen	consider missing	cohen_cm_zinb_phantom_20260401	swap_crx4_to_cttatccc_forward	2	0.3755698502063751
cohen	consider missing	cohen_cm_zinb_phantom_20260401	ebox_gcagctgg_to_gcagccgg	1	0.321776419878006
cohen	consider missing	cohen_cm_zinb_phantom_20260401	ebox_gcagctgg_to_gcagccgg	2	0.26415443420410156
cohen	consider missing	cohen_cm_zinb_phantom_20260401	ebox_gcagctgg_to_ggagctgg	1	0.5484645366668701
cohen	consider missing	cohen_cm_zinb_phantom_20260401	ebox_gcagctgg_to_ggagctgg	2	0.5303612947463989
cohen	consider missing	cohen_cm_zinb_phantom_20260401	combo_Q50_crx2_crx1	1	0.4710392355918884
cohen	consider missing	cohen_cm_zinb_phantom_20260401	combo_Q50_crx2_crx1	2	0.42390385270118713
cohen	consider missing	cohen_cm_zinb_phantom_20260401	swap_crx1_to_gggataag_reverse	1	0.569386899471283
cohen	consider missing	cohen_cm_zinb_phantom_20260401	swap_crx1_to_gggataag_reverse	2	0.3025853931903839
cohen	consider missing	cohen_cm_zinb_phantom_20260401	tail_conserve2_183_to_188	1	0.3404536545276642
cohen	consider missing	cohen_cm_zinb_phantom_20260401	tail_conserve2_183_to_188	2	0.2395084947347641
cohen	consider missing	cohen_cm_zinb_phantom_20260401	ebox_gcagctgg_to_gcagctcg	1	0.49855875968933105
cohen	consider missing	cohen_cm_zinb_phantom_20260401	ebox_gcagctgg_to_gcagctcg	2	0.4034201204776764
cohen	consider missing	cohen_cm_zinb_phantom_20260401	tail_conserve6_503_to_508	1	0.46097251772880554
cohen	consider missing	cohen_cm_zinb_phantom_20260401	tail_conserve6_503_to_508	2	0.43655988574028015
cohen	consider missing	cohen_cm_zinb_phantom_20260401	tail_conserve2_193_to_198	1	0.5099189877510071
cohen	consider missing	cohen_cm_zinb_phantom_20260401	tail_conserve2_193_to_198	2	0.5683302283287048
cohen	consider missing	cohen_cm_zinb_phantom_20260401	swap_crx3_to_cttatccc_forward	1	0.3125782608985901
cohen	consider missing	cohen_cm_zinb_phantom_20260401	swap_crx3_to_cttatccc_forward	2	0.19467519223690033
cohen	consider missing	cohen_cm_zinb_phantom_20260401	ebox_gcagctgg_to_gcacctgg	1	0.6300674676895142
cohen	consider missing	cohen_cm_zinb_phantom_20260401	ebox_gcagctgg_to_gcacctgg	2	0.5054481029510498
cohen	consider missing	cohen_cm_zinb_phantom_20260401	combo_Mute_crx4_crx1	1	0.5499675273895264
cohen	consider missing	cohen_cm_zinb_phantom_20260401	combo_Mute_crx4_crx1	2	0.5024085640907288
cohen	consider missing	cohen_cm_zinb_phantom_20260401	tail_conserve3_225_to_230	1	0.192183256149292
cohen	consider missing	cohen_cm_zinb_phantom_20260401	tail_conserve3_225_to_230	2	0.1840173751115799
cohen	consider missing	cohen_cm_zinb_phantom_20260401	eboxDouble_gcagctgg_to_gcatatgg	1	0.5301821231842041
cohen	consider missing	cohen_cm_zinb_phantom_20260401	eboxDouble_gcagctgg_to_gcatatgg	2	0.5734813809394836
cohen	consider missing	cohen_cm_zinb_phantom_20260401	combo_Mute_crx5_crx4	1	0.5920106768608093
cohen	consider missing	cohen_cm_zinb_phantom_20260401	combo_Mute_crx5_crx4	2	0.516811192035675
cohen	consider missing	cohen_cm_zinb_phantom_20260401	combo_Mute_crx3	1	0.4574391543865204
cohen	consider missing	cohen_cm_zinb_phantom_20260401	combo_Mute_crx3	2	0.40054380893707275
cohen	consider missing	cohen_cm_zinb_phantom_20260401	tail_conserve2_178_to_183	1	0.5715320706367493
cohen	consider missing	cohen_cm_zinb_phantom_20260401	tail_conserve2_178_to_183	2	0.621877133846283
cohen	consider missing	cohen_cm_zinb_phantom_20260401	tail_conserve2_173_to_178	1	0.5673531293869019
cohen	consider missing	cohen_cm_zinb_phantom_20260401	tail_conserve2_173_to_178	2	0.6227585077285767
cohen	consider missing	cohen_cm_zinb_phantom_20260401	combo_Q50_crx5_crx2	1	0.49025315046310425
cohen	consider missing	cohen_cm_zinb_phantom_20260401	combo_Q50_crx5_crx2	2	0.38939765095710754
cohen	consider missing	cohen_cm_zinb_phantom_20260401	ebox_gcagctgg_to_tcagctgg	1	0.34424179792404175
cohen	consider missing	cohen_cm_zinb_phantom_20260401	ebox_gcagctgg_to_tcagctgg	2	0.3645704984664917
cohen	consider missing	cohen_cm_zinb_phantom_20260401	combo_Q50_crx4_crx1	1	0.43091142177581787
cohen	consider missing	cohen_cm_zinb_phantom_20260401	combo_Q50_crx4_crx1	2	0.34521186351776123
cohen	consider missing	cohen_cm_zinb_phantom_20260401	tail_conserve3_250_to_255	1	0.6053653955459595
cohen	consider missing	cohen_cm_zinb_phantom_20260401	tail_conserve3_250_to_255	2	0.5178237557411194
cohen	consider missing	cohen_cm_zinb_phantom_20260401	combo_Mute_crx2	1	0.5232082009315491
cohen	consider missing	cohen_cm_zinb_phantom_20260401	combo_Mute_crx2	2	0.4909050464630127
cohen	consider missing	cohen_cm_zinb_phantom_20260401	eboxDouble_gcagctgg_to_gcacttgg	1	0.5144585371017456
cohen	consider missing	cohen_cm_zinb_phantom_20260401	eboxDouble_gcagctgg_to_gcacttgg	2	0.4853564202785492
cohen	consider missing	cohen_cm_zinb_phantom_20260401	combo_Q50_crx2	1	0.3153432309627533
cohen	consider missing	cohen_cm_zinb_phantom_20260401	combo_Q50_crx2	2	0.367824912071228
cohen	consider missing	cohen_cm_zinb_phantom_20260401	tail_conserve3_205_to_210	1	0.4214332103729248
cohen	consider missing	cohen_cm_zinb_phantom_20260401	tail_conserve3_205_to_210	2	0.4052680730819702
cohen	consider missing	cohen_cm_zinb_phantom_20260401	tail_conserve4_423_to_428	1	0.3391823172569275
cohen	consider missing	cohen_cm_zinb_phantom_20260401	tail_conserve4_423_to_428	2	0.3255397379398346
cohen	consider missing	cohen_cm_zinb_phantom_20260401	ebox_gcagctgg_to_gcaggtgg	1	0.30069205164909363
cohen	consider missing	cohen_cm_zinb_phantom_20260401	ebox_gcagctgg_to_gcaggtgg	2	0.4201315641403198
cohen	consider missing	cohen_cm_zinb_phantom_20260401	ebox_gcagctgg_to_gaagctgg	1	0.4658893942832947
cohen	consider missing	cohen_cm_zinb_phantom_20260401	ebox_gcagctgg_to_gaagctgg	2	0.48694533109664917
cohen	consider missing	cohen_cm_zinb_phantom_20260401	combo_Q50_crx4_crx2	1	0.5521008968353271
cohen	consider missing	cohen_cm_zinb_phantom_20260401	combo_Q50_crx4_crx2	2	0.4969830811023712
cohen	consider missing	cohen_cm_zinb_phantom_20260401	combo_Mute_crx3_crx2	1	0.43046674132347107
cohen	consider missing	cohen_cm_zinb_phantom_20260401	combo_Mute_crx3_crx2	2	0.35379093885421753
cohen	consider missing	cohen_cm_zinb_phantom_20260401	ebox_gcagctgg_to_gtagctgg	1	0.5939152836799622
cohen	consider missing	cohen_cm_zinb_phantom_20260401	ebox_gcagctgg_to_gtagctgg	2	0.6331705451011658
cohen	consider missing	cohen_cm_zinb_phantom_20260401	combo_Mute_crx5_crx2	1	0.2286420464515686
cohen	consider missing	cohen_cm_zinb_phantom_20260401	combo_Mute_crx5_crx2	2	0.39307376742362976
cohen	consider missing	cohen_cm_zinb_phantom_20260401	eboxDouble_gcagctgg_to_gcaaatgg	1	0.39378389716148376
cohen	consider missing	cohen_cm_zinb_phantom_20260401	eboxDouble_gcagctgg_to_gcaaatgg	2	0.6021395921707153
cohen	consider missing	cohen_cm_zinb_phantom_20260401	tail_conserve4_433_to_438	1	0.46895286440849304
cohen	consider missing	cohen_cm_zinb_phantom_20260401	tail_conserve4_433_to_438	2	0.3634662628173828
cohen	consider missing	cohen_cm_zinb_phantom_20260401	eboxDouble_gcagctgg_to_gcaattgg	1	0.6020069718360901
cohen	consider missing	cohen_cm_zinb_phantom_20260401	eboxDouble_gcagctgg_to_gcaattgg	2	0.5401684641838074
cohen	consider missing	cohen_cm_zinb_phantom_20260401	ebox_gcagctgg_to_gccgctgg	1	0.5256965756416321
cohen	consider missing	cohen_cm_zinb_phantom_20260401	ebox_gcagctgg_to_gccgctgg	2	0.37831735610961914
cohen	consider missing	cohen_cm_zinb_phantom_20260401	tail_conserve3_200_to_205	1	0.47088584303855896
cohen	consider missing	cohen_cm_zinb_phantom_20260401	tail_conserve3_200_to_205	2	0.48903778195381165
cohen	consider missing	cohen_cm_zinb_phantom_20260401	combo_Mute_crx4_crx2	1	0.4067084789276123
cohen	consider missing	cohen_cm_zinb_phantom_20260401	combo_Mute_crx4_crx2	2	0.3082062900066376
cohen	consider missing	cohen_cm_zinb_phantom_20260401	eboxDouble_gcagctgg_to_gcatttgg	1	0.5338563323020935
cohen	consider missing	cohen_cm_zinb_phantom_20260401	eboxDouble_gcagctgg_to_gcatttgg	2	0.5640116930007935
cohen	consider missing	cohen_cm_zinb_phantom_20260401	ebox_gcagctgg_to_gctgctgg	1	0.6879453659057617
cohen	consider missing	cohen_cm_zinb_phantom_20260401	ebox_gcagctgg_to_gctgctgg	2	0.3831525146961212
cohen	consider missing	cohen_cm_zinb_phantom_20260401	combo_Mute_crx5_crx3	1	0.4164036512374878
cohen	consider missing	cohen_cm_zinb_phantom_20260401	combo_Mute_crx5_crx3	2	0.5982652306556702
cohen	consider missing	cohen_cm_zinb_phantom_20260401	combo_Q50_crx3_crx2	1	0.4111255407333374
cohen	consider missing	cohen_cm_zinb_phantom_20260401	combo_Q50_crx3_crx2	2	0.47189682722091675
cohen	consider missing	cohen_cm_zinb_phantom_20260401	combo_Mute_crx4_crx3	1	0.5887249708175659
cohen	consider missing	cohen_cm_zinb_phantom_20260401	combo_Mute_crx4_crx3	2	0.4139401316642761
cohen	consider missing	cohen_cm_zinb_phantom_20260401	combo_Mute_crx2_crx1	1	0.6844446659088135
cohen	consider missing	cohen_cm_zinb_phantom_20260401	combo_Mute_crx2_crx1	2	0.49429067969322205
cohen	consider missing	cohen_cm_zinb_phantom_20260401	eboxDouble_gcagctgg_to_gcaagtgg	1	0.2933211028575897
cohen	consider missing	cohen_cm_zinb_phantom_20260401	eboxDouble_gcagctgg_to_gcaagtgg	2	0.5058854818344116
cohen	consider missing	cohen_cm_zinb_phantom_20260401	ebox_gcagctgg_to_gcagcttg	1	0.48946306109428406
cohen	consider missing	cohen_cm_zinb_phantom_20260401	ebox_gcagctgg_to_gcagcttg	2	0.3710194528102875
cohen	consider missing	cohen_cm_zinb_phantom_20260401	ebox_gcagctgg_to_gcagctgc	1	0.7817662358283997
cohen	consider missing	cohen_cm_zinb_phantom_20260401	ebox_gcagctgg_to_gcagctgc	2	0.05714656412601471
cohen	consider missing	cohen_cm_zinb_phantom_20260401	ebox_gcagctgg_to_gcagctgt	1	0.7731105089187622
cohen	consider missing	cohen_cm_zinb_phantom_20260401	ebox_gcagctgg_to_gcagctgt	2	0.1621587723493576
cohen	consider missing	cohen_cm_zinb_phantom_20260401	ebox_gcagctgg_to_gcagctga	1	0.29361531138420105
cohen	consider missing	cohen_cm_zinb_phantom_20260401	ebox_gcagctgg_to_gcagctga	2	0.6796468496322632
shendure	observed	shendure_obs_zinb	reference	2B1	0.10849542170763016
shendure	observed	shendure_obs_zinb	reference	2B2	0.1569547951221466
shendure	observed	shendure_obs_zinb	reference	A1	0.2150409072637558
shendure	observed	shendure_obs_zinb	reference	A2	0.23909303545951843
shendure	observed	shendure_obs_zinb	reference	B1	0.0779760479927063
shendure	observed	shendure_obs_zinb	reference	B2	0.08931665867567062
shendure	observed	shendure_obs_zinb	pgk1P	2B1	0.0013206676812842488
shendure	observed	shendure_obs_zinb	pgk1P	2B2	0.002781972521916032
shendure	observed	shendure_obs_zinb	pgk1P	A1	0.011760178953409195
shendure	observed	shendure_obs_zinb	pgk1P	A2	0.0024461837019771338
shendure	observed	shendure_obs_zinb	pgk1P	B1	0.0019306386820971966
shendure	observed	shendure_obs_zinb	pgk1P	B2	0.0012025046162307262
shendure	observed	shendure_obs_zinb	Lamc1_chr1_12152	2B1	0.1920304298400879
shendure	observed	shendure_obs_zinb	Lamc1_chr1_12152	2B2	0.3655111491680145
shendure	observed	shendure_obs_zinb	Lamc1_chr1_12152	A1	0.5318431854248047
shendure	observed	shendure_obs_zinb	Lamc1_chr1_12152	A2	0.465609610080719
shendure	observed	shendure_obs_zinb	Lamc1_chr1_12152	B1	0.2476959526538849
shendure	observed	shendure_obs_zinb	Lamc1_chr1_12152	B2	0.248272106051445
shendure	observed	shendure_obs_zinb	ubcP	2B1	0.06656071543693542
shendure	observed	shendure_obs_zinb	ubcP	2B2	0.0697249323129654
shendure	observed	shendure_obs_zinb	ubcP	A1	0.12663473188877106
shendure	observed	shendure_obs_zinb	ubcP	A2	0.12234523892402649
shendure	observed	shendure_obs_zinb	ubcP	B1	0.07579848170280457
shendure	observed	shendure_obs_zinb	ubcP	B2	0.07103774696588516
shendure	observed	shendure_obs_zinb	eef1aP	2B1	0.17755746841430664
shendure	observed	shendure_obs_zinb	eef1aP	2B2	0.1466941386461258
shendure	observed	shendure_obs_zinb	eef1aP	A1	0.16998296976089478
shendure	observed	shendure_obs_zinb	eef1aP	A2	0.15438485145568848
shendure	observed	shendure_obs_zinb	eef1aP	B1	0.21004939079284668
shendure	observed	shendure_obs_zinb	eef1aP	B2	0.1953568011522293
shendure	observed	shendure_obs_zinb	Sparc_chr11_7195	2B1	0.3167980909347534
shendure	observed	shendure_obs_zinb	Sparc_chr11_7195	2B2	0.39426738023757935
shendure	observed	shendure_obs_zinb	Sparc_chr11_7195	A1	0.5401608347892761
shendure	observed	shendure_obs_zinb	Sparc_chr11_7195	A2	0.5951411128044128
shendure	observed	shendure_obs_zinb	Sparc_chr11_7195	B1	0.41951698064804077
shendure	observed	shendure_obs_zinb	Sparc_chr11_7195	B2	0.4082190990447998
shendure	observed	shendure_obs_zinb	Cdk5r1_chr11_12559	2B1	0.0184615571051836
shendure	observed	shendure_obs_zinb	Cdk5r1_chr11_12559	2B2	0.019256746396422386
shendure	observed	shendure_obs_zinb	Cdk5r1_chr11_12559	A1	0.07625757157802582
shendure	observed	shendure_obs_zinb	Cdk5r1_chr11_12559	A2	0.015093724243342876
shendure	observed	shendure_obs_zinb	Cdk5r1_chr11_12559	B1	0.08241875469684601
shendure	observed	shendure_obs_zinb	Cdk5r1_chr11_12559	B2	0.1306321918964386
shendure	observed	shendure_obs_zinb	Lamb1_chr12_2183	2B1	0.09759791940450668
shendure	observed	shendure_obs_zinb	Lamb1_chr12_2183	2B2	0.049671720713377
shendure	observed	shendure_obs_zinb	Lamb1_chr12_2183	A1	0.2739923894405365
shendure	observed	shendure_obs_zinb	Lamb1_chr12_2183	A2	0.18340684473514557
shendure	observed	shendure_obs_zinb	Lamb1_chr12_2183	B1	0.3006454408168793
shendure	observed	shendure_obs_zinb	Lamb1_chr12_2183	B2	0.31540927290916443
shendure	observed	shendure_obs_zinb	Sox2_chr3_2009	2B1	0.04191349446773529
shendure	observed	shendure_obs_zinb	Sox2_chr3_2009	2B2	0.017358729615807533
shendure	observed	shendure_obs_zinb	Sox2_chr3_2009	A1	0.04721179977059364
shendure	observed	shendure_obs_zinb	Sox2_chr3_2009	A2	0.07096227258443832
shendure	observed	shendure_obs_zinb	Sox2_chr3_2009	B1	0.027874544262886047
shendure	observed	shendure_obs_zinb	Sox2_chr3_2009	B2	0.03693043813109398
shendure	observed	shendure_obs_zinb	Sox17_chr1_82	2B1	0.3629411458969116
shendure	observed	shendure_obs_zinb	Sox17_chr1_82	2B2	0.35351061820983887
shendure	observed	shendure_obs_zinb	Sox17_chr1_82	A1	0.6839478611946106
shendure	observed	shendure_obs_zinb	Sox17_chr1_82	A2	0.6027947068214417
shendure	observed	shendure_obs_zinb	Sox17_chr1_82	B1	0.5866996645927429
shendure	observed	shendure_obs_zinb	Sox17_chr1_82	B2	0.42184996604919434
shendure	observed	shendure_obs_zinb	Tubb2b_chr13_2576	2B1	0.0030996159184724092
shendure	observed	shendure_obs_zinb	Tubb2b_chr13_2576	2B2	0.005392666906118393
shendure	observed	shendure_obs_zinb	Tubb2b_chr13_2576	A1	0.005800345446914434
shendure	observed	shendure_obs_zinb	Tubb2b_chr13_2576	A2	0.005470122676342726
shendure	observed	shendure_obs_zinb	Tubb2b_chr13_2576	B1	0.05516047775745392
shendure	observed	shendure_obs_zinb	Tubb2b_chr13_2576	B2	0.01724063791334629
shendure	observed	shendure_obs_zinb	Col5a1_chr2_2558	2B1	0.6157528758049011
shendure	observed	shendure_obs_zinb	Col5a1_chr2_2558	2B2	0.47395840287208557
shendure	observed	shendure_obs_zinb	Col5a1_chr2_2558	A1	0.16235187649726868
shendure	observed	shendure_obs_zinb	Col5a1_chr2_2558	A2	0.3937256932258606
shendure	observed	shendure_obs_zinb	Col5a1_chr2_2558	B1	0.28513187170028687
shendure	observed	shendure_obs_zinb	Col5a1_chr2_2558	B2	0.27975326776504517
shendure	observed	shendure_obs_zinb	Klf4_chr4_3946	2B1	0.48656418919563293
shendure	observed	shendure_obs_zinb	Klf4_chr4_3946	2B2	0.5199267864227295
shendure	observed	shendure_obs_zinb	Klf4_chr4_3946	A1	0.4903296232223511
shendure	observed	shendure_obs_zinb	Klf4_chr4_3946	A2	0.6364968419075012
shendure	observed	shendure_obs_zinb	Klf4_chr4_3946	B1	0.35763826966285706
shendure	observed	shendure_obs_zinb	Klf4_chr4_3946	B2	0.39322811365127563
shendure	observed	shendure_obs_zinb	Col1a2_chr6_77	2B1	0.2134658396244049
shendure	observed	shendure_obs_zinb	Col1a2_chr6_77	2B2	0.30527958273887634
shendure	observed	shendure_obs_zinb	Col1a2_chr6_77	A1	0.4596606194972992
shendure	observed	shendure_obs_zinb	Col1a2_chr6_77	A2	0.4171908497810364
shendure	observed	shendure_obs_zinb	Col1a2_chr6_77	B1	0.41131240129470825
shendure	observed	shendure_obs_zinb	Col1a2_chr6_77	B2	0.4714322090148926
shendure	observed	shendure_obs_zinb	Txndc12_chr4_7951	2B1	0.4792175889015198
shendure	observed	shendure_obs_zinb	Txndc12_chr4_7951	2B2	0.5227304697036743
shendure	observed	shendure_obs_zinb	Txndc12_chr4_7951	A1	0.47977155447006226
shendure	observed	shendure_obs_zinb	Txndc12_chr4_7951	A2	0.35325488448143005
shendure	observed	shendure_obs_zinb	Txndc12_chr4_7951	B1	0.5507824420928955
shendure	observed	shendure_obs_zinb	Txndc12_chr4_7951	B2	0.4714048206806183
shendure	observed	shendure_obs_zinb	Igfbp4_chr11_16740	2B1	0.07915643602609634
shendure	observed	shendure_obs_zinb	Igfbp4_chr11_16740	2B2	0.2516074776649475
shendure	observed	shendure_obs_zinb	Igfbp4_chr11_16740	A1	0.0480986163020134
shendure	observed	shendure_obs_zinb	Igfbp4_chr11_16740	A2	0.0532420352101326
shendure	observed	shendure_obs_zinb	Igfbp4_chr11_16740	B1	0.13332200050354004
shendure	observed	shendure_obs_zinb	Igfbp4_chr11_16740	B2	0.10142546147108078
shendure	observed	shendure_obs_zinb	Igfbp4_chr11_16743	2B1	0.12864497303962708
shendure	observed	shendure_obs_zinb	Igfbp4_chr11_16743	2B2	0.16418220102787018
shendure	observed	shendure_obs_zinb	Igfbp4_chr11_16743	A1	0.7987565398216248
shendure	observed	shendure_obs_zinb	Igfbp4_chr11_16743	A2	0.7996231317520142
shendure	observed	shendure_obs_zinb	Igfbp4_chr11_16743	B1	0.522896945476532
shendure	observed	shendure_obs_zinb	Igfbp4_chr11_16743	B2	0.6200234293937683
shendure	observed	shendure_obs_zinb	Tubb2b_chr13_2568	2B1	0.012507296167314053
shendure	observed	shendure_obs_zinb	Tubb2b_chr13_2568	2B2	0.04604005068540573
shendure	observed	shendure_obs_zinb	Tubb2b_chr13_2568	A1	0.14503157138824463
shendure	observed	shendure_obs_zinb	Tubb2b_chr13_2568	A2	0.158511683344841
shendure	observed	shendure_obs_zinb	Tubb2b_chr13_2568	B1	0.07164915651082993
shendure	observed	shendure_obs_zinb	Tubb2b_chr13_2568	B2	0.058296576142311096
shendure	observed	shendure_obs_zinb	Map1b_chr13_9447	2B1	0.04586125537753105
shendure	observed	shendure_obs_zinb	Map1b_chr13_9447	2B2	0.13011819124221802
shendure	observed	shendure_obs_zinb	Map1b_chr13_9447	A1	0.009268823079764843
shendure	observed	shendure_obs_zinb	Map1b_chr13_9447	A2	0.014999489299952984
shendure	observed	shendure_obs_zinb	Map1b_chr13_9447	B1	0.00997057557106018
shendure	observed	shendure_obs_zinb	Map1b_chr13_9447	B2	0.014741254970431328
shendure	observed	shendure_obs_zinb	Sox2_chr3_2007	2B1	0.013506324030458927
shendure	observed	shendure_obs_zinb	Sox2_chr3_2007	2B2	0.003928081132471561
shendure	observed	shendure_obs_zinb	Sox2_chr3_2007	A1	0.15569284558296204
shendure	observed	shendure_obs_zinb	Sox2_chr3_2007	A2	0.07046471536159515
shendure	observed	shendure_obs_zinb	Sox2_chr3_2007	B1	0.16582374274730682
shendure	observed	shendure_obs_zinb	Sox2_chr3_2007	B2	0.27587416768074036
shendure	observed	shendure_obs_zinb	Lamc1_chr1_12185	2B1	0.391001433134079
shendure	observed	shendure_obs_zinb	Lamc1_chr1_12185	2B2	0.3323635160923004
shendure	observed	shendure_obs_zinb	Lamc1_chr1_12185	A1	0.6658172607421875
shendure	observed	shendure_obs_zinb	Lamc1_chr1_12185	A2	0.5106310844421387
shendure	observed	shendure_obs_zinb	Lamc1_chr1_12185	B1	0.5703546404838562
shendure	observed	shendure_obs_zinb	Lamc1_chr1_12185	B2	0.6403213739395142
shendure	observed	shendure_obs_zinb	Cdk5r1_chr11_12575	2B1	0.5595691204071045
shendure	observed	shendure_obs_zinb	Cdk5r1_chr11_12575	2B2	0.3051961064338684
shendure	observed	shendure_obs_zinb	Cdk5r1_chr11_12575	A1	0.5630174279212952
shendure	observed	shendure_obs_zinb	Cdk5r1_chr11_12575	A2	0.33952033519744873
shendure	observed	shendure_obs_zinb	Cdk5r1_chr11_12575	B1	0.44354724884033203
shendure	observed	shendure_obs_zinb	Cdk5r1_chr11_12575	B2	0.41108012199401855
shendure	observed	shendure_obs_zinb	Bend5_chr4_8174	2B1	0.7947922945022583
shendure	observed	shendure_obs_zinb	Bend5_chr4_8174	2B2	0.7301492691040039
shendure	observed	shendure_obs_zinb	Bend5_chr4_8174	A1	0.7583979368209839
shendure	observed	shendure_obs_zinb	Bend5_chr4_8174	A2	0.6596841216087341
shendure	observed	shendure_obs_zinb	Bend5_chr4_8174	B1	0.42544835805892944
shendure	observed	shendure_obs_zinb	Bend5_chr4_8174	B2	0.221195250749588
shendure	observed	shendure_obs_zinb	Txndc12_chr4_7978	2B1	0.009464013390243053
shendure	observed	shendure_obs_zinb	Txndc12_chr4_7978	2B2	0.014137844555079937
shendure	observed	shendure_obs_zinb	Txndc12_chr4_7978	A1	0.2390631139278412
shendure	observed	shendure_obs_zinb	Txndc12_chr4_7978	A2	0.21748338639736176
shendure	observed	shendure_obs_zinb	Txndc12_chr4_7978	B1	0.1213490292429924
shendure	observed	shendure_obs_zinb	Txndc12_chr4_7978	B2	0.23610934615135193
shendure	observed	shendure_obs_zinb	Foxa2_chr2_13841	2B1	0.4059688448905945
shendure	observed	shendure_obs_zinb	Foxa2_chr2_13841	2B2	0.37564533948898315
shendure	observed	shendure_obs_zinb	Foxa2_chr2_13841	A1	0.5822999477386475
shendure	observed	shendure_obs_zinb	Foxa2_chr2_13841	A2	0.6323063373565674
shendure	observed	shendure_obs_zinb	Foxa2_chr2_13841	B1	0.5642278790473938
shendure	observed	shendure_obs_zinb	Foxa2_chr2_13841	B2	0.49917060136795044
shendure	observed	shendure_obs_zinb	Igfbp4_chr11_16710	2B1	0.24036462604999542
shendure	observed	shendure_obs_zinb	Igfbp4_chr11_16710	2B2	0.09626653045415878
shendure	observed	shendure_obs_zinb	Igfbp4_chr11_16710	A1	0.10051458328962326
shendure	observed	shendure_obs_zinb	Igfbp4_chr11_16710	A2	0.2151569128036499
shendure	observed	shendure_obs_zinb	Igfbp4_chr11_16710	B1	0.08304262906312943
shendure	observed	shendure_obs_zinb	Igfbp4_chr11_16710	B2	0.10620994120836258
shendure	observed	shendure_obs_zinb	Sox4_chr13_2054	2B1	0.5466883778572083
shendure	observed	shendure_obs_zinb	Sox4_chr13_2054	2B2	0.6205174326896667
shendure	observed	shendure_obs_zinb	Sox4_chr13_2054	A1	0.5278255343437195
shendure	observed	shendure_obs_zinb	Sox4_chr13_2054	A2	0.5146461725234985
shendure	observed	shendure_obs_zinb	Sox4_chr13_2054	B1	0.3838540315628052
shendure	observed	shendure_obs_zinb	Sox4_chr13_2054	B2	0.4817692041397095
shendure	observed	shendure_obs_zinb	Bend5_chr4_8199	2B1	0.3171229660511017
shendure	observed	shendure_obs_zinb	Bend5_chr4_8199	2B2	0.6768295168876648
shendure	observed	shendure_obs_zinb	Bend5_chr4_8199	A1	0.5600975751876831
shendure	observed	shendure_obs_zinb	Bend5_chr4_8199	A2	0.5238038897514343
shendure	observed	shendure_obs_zinb	Bend5_chr4_8199	B1	0.4730422794818878
shendure	observed	shendure_obs_zinb	Bend5_chr4_8199	B2	0.2787668704986572
shendure	observed	shendure_obs_zinb	Bend5_chr4_8201	2B1	0.03401410952210426
shendure	observed	shendure_obs_zinb	Bend5_chr4_8201	2B2	0.02234165370464325
shendure	observed	shendure_obs_zinb	Bend5_chr4_8201	A1	0.052896495908498764
shendure	observed	shendure_obs_zinb	Bend5_chr4_8201	A2	0.15072153508663177
shendure	observed	shendure_obs_zinb	Bend5_chr4_8201	B1	0.2950599491596222
shendure	observed	shendure_obs_zinb	Bend5_chr4_8201	B2	0.11379222571849823
shendure	observed	shendure_obs_zinb	Epas1_chr17_10061	2B1	0.6255955696105957
shendure	observed	shendure_obs_zinb	Epas1_chr17_10061	2B2	0.4822397232055664
shendure	observed	shendure_obs_zinb	Epas1_chr17_10061	A1	0.5088295936584473
shendure	observed	shendure_obs_zinb	Epas1_chr17_10061	A2	0.5767806768417358
shendure	observed	shendure_obs_zinb	Epas1_chr17_10061	B1	0.248071551322937
shendure	observed	shendure_obs_zinb	Epas1_chr17_10061	B2	0.413136750459671
shendure	observed	shendure_obs_zinb	Cdk5r1_chr11_12582	2B1	0.07364264130592346
shendure	observed	shendure_obs_zinb	Cdk5r1_chr11_12582	2B2	0.08891256153583527
shendure	observed	shendure_obs_zinb	Cdk5r1_chr11_12582	A1	0.347187876701355
shendure	observed	shendure_obs_zinb	Cdk5r1_chr11_12582	A2	0.1363929659128189
shendure	observed	shendure_obs_zinb	Cdk5r1_chr11_12582	B1	0.19767563045024872
shendure	observed	shendure_obs_zinb	Cdk5r1_chr11_12582	B2	0.25736501812934875
shendure	observed	shendure_obs_zinb	Col1a1_chr11_15307	2B1	0.0362701490521431
shendure	observed	shendure_obs_zinb	Col1a1_chr11_15307	2B2	0.040711332112550735
shendure	observed	shendure_obs_zinb	Col1a1_chr11_15307	A1	0.29526594281196594
shendure	observed	shendure_obs_zinb	Col1a1_chr11_15307	A2	0.0933656096458435
shendure	observed	shendure_obs_zinb	Col1a1_chr11_15307	B1	0.026607947424054146
shendure	observed	shendure_obs_zinb	Col1a1_chr11_15307	B2	0.04862036183476448
shendure	observed	shendure_obs_zinb	Col5a1_chr2_2565	2B1	0.3646513819694519
shendure	observed	shendure_obs_zinb	Col5a1_chr2_2565	2B2	0.24571210145950317
shendure	observed	shendure_obs_zinb	Col5a1_chr2_2565	A1	0.6515167355537415
shendure	observed	shendure_obs_zinb	Col5a1_chr2_2565	A2	0.4590096175670624
shendure	observed	shendure_obs_zinb	Col5a1_chr2_2565	B1	0.38742828369140625
shendure	observed	shendure_obs_zinb	Col5a1_chr2_2565	B2	0.3938223421573639
shendure	observed	shendure_obs_zinb	Col5a1_chr2_2575	2B1	0.02667177841067314
shendure	observed	shendure_obs_zinb	Col5a1_chr2_2575	2B2	0.08272358775138855
shendure	observed	shendure_obs_zinb	Col5a1_chr2_2575	A1	0.14176173508167267
shendure	observed	shendure_obs_zinb	Col5a1_chr2_2575	A2	0.0632634311914444
shendure	observed	shendure_obs_zinb	Col5a1_chr2_2575	B1	0.07658834755420685
shendure	observed	shendure_obs_zinb	Col5a1_chr2_2575	B2	0.05866297334432602
shendure	observed	shendure_obs_zinb	Map1b_chr13_9429	2B1	0.20654380321502686
shendure	observed	shendure_obs_zinb	Map1b_chr13_9429	2B2	0.34754934906959534
shendure	observed	shendure_obs_zinb	Map1b_chr13_9429	A1	0.33696988224983215
shendure	observed	shendure_obs_zinb	Map1b_chr13_9429	A2	0.1898866891860962
shendure	observed	shendure_obs_zinb	Map1b_chr13_9429	B1	0.3434445261955261
shendure	observed	shendure_obs_zinb	Map1b_chr13_9429	B2	0.30113714933395386
shendure	observed	shendure_obs_zinb	Tgfbi_chr13_5705	2B1	0.10307488590478897
shendure	observed	shendure_obs_zinb	Tgfbi_chr13_5705	2B2	0.08552674949169159
shendure	observed	shendure_obs_zinb	Tgfbi_chr13_5705	A1	0.053528424352407455
shendure	observed	shendure_obs_zinb	Tgfbi_chr13_5705	A2	0.030662082135677338
shendure	observed	shendure_obs_zinb	Tgfbi_chr13_5705	B1	0.05393166095018387
shendure	observed	shendure_obs_zinb	Tgfbi_chr13_5705	B2	0.036585092544555664
shendure	observed	shendure_obs_zinb	Klf4_chr4_3934	2B1	0.43188270926475525
shendure	observed	shendure_obs_zinb	Klf4_chr4_3934	2B2	0.4250408113002777
shendure	observed	shendure_obs_zinb	Klf4_chr4_3934	A1	0.6523066759109497
shendure	observed	shendure_obs_zinb	Klf4_chr4_3934	A2	0.5371363162994385
shendure	observed	shendure_obs_zinb	Klf4_chr4_3934	B1	0.34929707646369934
shendure	observed	shendure_obs_zinb	Klf4_chr4_3934	B2	0.4027351438999176
shendure	observed	shendure_obs_zinb	Bend5_chr4_8175	2B1	0.013157960958778858
shendure	observed	shendure_obs_zinb	Bend5_chr4_8175	2B2	0.049306198954582214
shendure	observed	shendure_obs_zinb	Bend5_chr4_8175	A1	0.1300332248210907
shendure	observed	shendure_obs_zinb	Bend5_chr4_8175	A2	0.04931729659438133
shendure	observed	shendure_obs_zinb	Bend5_chr4_8175	B1	0.10053198784589767
shendure	observed	shendure_obs_zinb	Bend5_chr4_8175	B2	0.021166052669286728
shendure	observed	shendure_obs_zinb	Cited2_chr10_1267	2B1	0.503121018409729
shendure	observed	shendure_obs_zinb	Cited2_chr10_1267	2B2	0.5081990361213684
shendure	observed	shendure_obs_zinb	Cited2_chr10_1267	A1	0.806449294090271
shendure	observed	shendure_obs_zinb	Cited2_chr10_1267	A2	0.6747692227363586
shendure	observed	shendure_obs_zinb	Cited2_chr10_1267	B1	0.49015432596206665
shendure	observed	shendure_obs_zinb	Cited2_chr10_1267	B2	0.24958601593971252
shendure	observed	shendure_obs_zinb	Gata4_chr14_5749	2B1	0.2258709818124771
shendure	observed	shendure_obs_zinb	Gata4_chr14_5749	2B2	0.13504882156848907
shendure	observed	shendure_obs_zinb	Gata4_chr14_5749	A1	0.36296483874320984
shendure	observed	shendure_obs_zinb	Gata4_chr14_5749	A2	0.14864355325698853
shendure	observed	shendure_obs_zinb	Gata4_chr14_5749	B1	0.10433114320039749
shendure	observed	shendure_obs_zinb	Gata4_chr14_5749	B2	0.21085266768932343
shendure	observed	shendure_obs_zinb	Epas1_chr17_10056	2B1	0.7857934832572937
shendure	observed	shendure_obs_zinb	Epas1_chr17_10056	2B2	0.7309808135032654
shendure	observed	shendure_obs_zinb	Epas1_chr17_10056	A1	0.5302575826644897
shendure	observed	shendure_obs_zinb	Epas1_chr17_10056	A2	0.13475121557712555
shendure	observed	shendure_obs_zinb	Epas1_chr17_10056	B1	0.7015272974967957
shendure	observed	shendure_obs_zinb	Epas1_chr17_10056	B2	0.47208550572395325
shendure	observed	shendure_obs_zinb	Map1b_chr13_9445	2B1	0.382483571767807
shendure	observed	shendure_obs_zinb	Map1b_chr13_9445	2B2	0.40121644735336304
shendure	observed	shendure_obs_zinb	Map1b_chr13_9445	A1	0.4734248220920563
shendure	observed	shendure_obs_zinb	Map1b_chr13_9445	A2	0.6530928611755371
shendure	observed	shendure_obs_zinb	Map1b_chr13_9445	B1	0.5010378360748291
shendure	observed	shendure_obs_zinb	Map1b_chr13_9445	B2	0.722195565700531
shendure	observed	shendure_obs_zinb	Lamb1_chr12_2296	2B1	0.34453439712524414
shendure	observed	shendure_obs_zinb	Lamb1_chr12_2296	2B2	0.2514971196651459
shendure	observed	shendure_obs_zinb	Lamb1_chr12_2296	A1	0.201945960521698
shendure	observed	shendure_obs_zinb	Lamb1_chr12_2296	A2	0.24529941380023956
shendure	observed	shendure_obs_zinb	Lamb1_chr12_2296	B1	0.037022918462753296
shendure	observed	shendure_obs_zinb	Lamb1_chr12_2296	B2	0.0290603619068861
shendure	observed	shendure_obs_zinb	Tubb2b_chr13_2557	2B1	0.3713683485984802
shendure	observed	shendure_obs_zinb	Tubb2b_chr13_2557	2B2	0.6072651147842407
shendure	observed	shendure_obs_zinb	Tubb2b_chr13_2557	A1	0.7298624515533447
shendure	observed	shendure_obs_zinb	Tubb2b_chr13_2557	A2	0.6356208324432373
shendure	observed	shendure_obs_zinb	Tubb2b_chr13_2557	B1	0.4820769131183624
shendure	observed	shendure_obs_zinb	Tubb2b_chr13_2557	B2	0.6044601202011108
shendure	observed	shendure_obs_zinb	Col1a1_chr11_15259	2B1	0.43944787979125977
shendure	observed	shendure_obs_zinb	Col1a1_chr11_15259	2B2	0.42008084058761597
shendure	observed	shendure_obs_zinb	Col1a1_chr11_15259	A1	0.7443260550498962
shendure	observed	shendure_obs_zinb	Col1a1_chr11_15259	A2	0.2778742015361786
shendure	observed	shendure_obs_zinb	Col1a1_chr11_15259	B1	0.5070829391479492
shendure	observed	shendure_obs_zinb	Col1a1_chr11_15259	B2	0.4768791198730469
shendure	observed	shendure_obs_zinb	Btg1_chr10_9593	2B1	0.4354965090751648
shendure	observed	shendure_obs_zinb	Btg1_chr10_9593	2B2	0.6257972121238708
shendure	observed	shendure_obs_zinb	Btg1_chr10_9593	A1	0.671011745929718
shendure	observed	shendure_obs_zinb	Btg1_chr10_9593	A2	0.6410810947418213
shendure	observed	shendure_obs_zinb	Btg1_chr10_9593	B1	0.3382599651813507
shendure	observed	shendure_obs_zinb	Btg1_chr10_9593	B2	0.2751089036464691
shendure	observed	shendure_obs_zinb	Lamb1_chr12_2216	2B1	0.38821345567703247
shendure	observed	shendure_obs_zinb	Lamb1_chr12_2216	2B2	0.44300201535224915
shendure	observed	shendure_obs_zinb	Lamb1_chr12_2216	A1	0.18032677471637726
shendure	observed	shendure_obs_zinb	Lamb1_chr12_2216	A2	0.14549793303012848
shendure	observed	shendure_obs_zinb	Lamb1_chr12_2216	B1	0.18797667324543
shendure	observed	shendure_obs_zinb	Lamb1_chr12_2216	B2	0.20648375153541565
shendure	observed	shendure_obs_zinb	Gata4_chr14_5742	2B1	0.009083886630833149
shendure	observed	shendure_obs_zinb	Gata4_chr14_5742	2B2	0.02259761281311512
shendure	observed	shendure_obs_zinb	Gata4_chr14_5742	A1	0.01316110696643591
shendure	observed	shendure_obs_zinb	Gata4_chr14_5742	A2	0.013174609281122684
shendure	observed	shendure_obs_zinb	Gata4_chr14_5742	B1	0.007593099027872086
shendure	observed	shendure_obs_zinb	Gata4_chr14_5742	B2	0.030713234096765518
shendure	observed	shendure_obs_zinb	Foxa2_chr2_13840	2B1	0.0943412184715271
shendure	observed	shendure_obs_zinb	Foxa2_chr2_13840	2B2	0.14344021677970886
shendure	observed	shendure_obs_zinb	Foxa2_chr2_13840	A1	0.33100584149360657
shendure	observed	shendure_obs_zinb	Foxa2_chr2_13840	A2	0.1203114241361618
shendure	observed	shendure_obs_zinb	Foxa2_chr2_13840	B1	0.12390513718128204
shendure	observed	shendure_obs_zinb	Foxa2_chr2_13840	B2	0.1639900505542755
shendure	observed	shendure_obs_zinb	Col5a1_chr2_2576	2B1	0.5001318454742432
shendure	observed	shendure_obs_zinb	Col5a1_chr2_2576	2B2	0.5982738137245178
shendure	observed	shendure_obs_zinb	Col5a1_chr2_2576	A1	0.3734045624732971
shendure	observed	shendure_obs_zinb	Col5a1_chr2_2576	A2	0.4890259802341461
shendure	observed	shendure_obs_zinb	Col5a1_chr2_2576	B1	0.5094362497329712
shendure	observed	shendure_obs_zinb	Col5a1_chr2_2576	B2	0.5825837850570679
shendure	observed	shendure_obs_zinb	Tgfbi_chr13_5735	2B1	0.6317630410194397
shendure	observed	shendure_obs_zinb	Tgfbi_chr13_5735	2B2	0.5946599245071411
shendure	observed	shendure_obs_zinb	Tgfbi_chr13_5735	A1	0.16092723608016968
shendure	observed	shendure_obs_zinb	Tgfbi_chr13_5735	A2	0.509911060333252
shendure	observed	shendure_obs_zinb	Tgfbi_chr13_5735	B1	0.6635292768478394
shendure	observed	shendure_obs_zinb	Tgfbi_chr13_5735	B2	0.369970440864563
shendure	observed	shendure_obs_zinb	Sox4_chr13_2057	2B1	0.5187360048294067
shendure	observed	shendure_obs_zinb	Sox4_chr13_2057	2B2	0.5239468216896057
shendure	observed	shendure_obs_zinb	Sox4_chr13_2057	A1	0.6036511063575745
shendure	observed	shendure_obs_zinb	Sox4_chr13_2057	A2	0.5817545652389526
shendure	observed	shendure_obs_zinb	Sox4_chr13_2057	B1	0.18608112633228302
shendure	observed	shendure_obs_zinb	Sox4_chr13_2057	B2	0.45608991384506226
shendure	observed	shendure_obs_zinb	Foxa2_chr2_13861	2B1	0.5280135273933411
shendure	observed	shendure_obs_zinb	Foxa2_chr2_13861	2B2	0.5163573026657104
shendure	observed	shendure_obs_zinb	Foxa2_chr2_13861	A1	0.9061360359191895
shendure	observed	shendure_obs_zinb	Foxa2_chr2_13861	A2	0.2860718071460724
shendure	observed	shendure_obs_zinb	Foxa2_chr2_13861	B1	0.5137953162193298
shendure	observed	shendure_obs_zinb	Foxa2_chr2_13861	B2	0.37403950095176697
shendure	observed	shendure_obs_zinb	Epas1_chr17_10070	2B1	0.043675877153873444
shendure	observed	shendure_obs_zinb	Epas1_chr17_10070	2B2	0.14610882103443146
shendure	observed	shendure_obs_zinb	Epas1_chr17_10070	A1	0.04360879585146904
shendure	observed	shendure_obs_zinb	Epas1_chr17_10070	A2	0.03862623870372772
shendure	observed	shendure_obs_zinb	Epas1_chr17_10070	B1	0.09143442660570145
shendure	observed	shendure_obs_zinb	Epas1_chr17_10070	B2	0.09913849085569382
shendure	observed	shendure_obs_zinb	Lama1_chr17_7814	2B1	0.41549208760261536
shendure	observed	shendure_obs_zinb	Lama1_chr17_7814	2B2	0.5159240365028381
shendure	observed	shendure_obs_zinb	Lama1_chr17_7814	A1	0.18425917625427246
shendure	observed	shendure_obs_zinb	Lama1_chr17_7814	A2	0.15480351448059082
shendure	observed	shendure_obs_zinb	Lama1_chr17_7814	B1	0.14590196311473846
shendure	observed	shendure_obs_zinb	Lama1_chr17_7814	B2	0.1766747683286667
shendure	observed	shendure_obs_zinb	Gata4_chr14_5763	2B1	0.4357120394706726
shendure	observed	shendure_obs_zinb	Gata4_chr14_5763	2B2	0.649988055229187
shendure	observed	shendure_obs_zinb	Gata4_chr14_5763	A1	0.6571685075759888
shendure	observed	shendure_obs_zinb	Gata4_chr14_5763	A2	0.7836300134658813
shendure	observed	shendure_obs_zinb	Gata4_chr14_5763	B1	0.454270601272583
shendure	observed	shendure_obs_zinb	Gata4_chr14_5763	B2	0.3110315799713135
shendure	observed	shendure_obs_zinb	Sparc_chr11_7205	2B1	0.36089929938316345
shendure	observed	shendure_obs_zinb	Sparc_chr11_7205	2B2	0.1963319033384323
shendure	observed	shendure_obs_zinb	Sparc_chr11_7205	A1	0.19682148098945618
shendure	observed	shendure_obs_zinb	Sparc_chr11_7205	A2	0.15558454394340515
shendure	observed	shendure_obs_zinb	Sparc_chr11_7205	B1	0.16155624389648438
shendure	observed	shendure_obs_zinb	Sparc_chr11_7205	B2	0.2650366723537445
shendure	observed	shendure_obs_zinb	Epas1_chr17_10066	2B1	0.27063074707984924
shendure	observed	shendure_obs_zinb	Epas1_chr17_10066	2B2	0.6620773077011108
shendure	observed	shendure_obs_zinb	Epas1_chr17_10066	A1	0.658099889755249
shendure	observed	shendure_obs_zinb	Epas1_chr17_10066	A2	0.5957860350608826
shendure	observed	shendure_obs_zinb	Epas1_chr17_10066	B1	0.6839413642883301
shendure	observed	shendure_obs_zinb	Epas1_chr17_10066	B2	0.4349600374698639
shendure	observed	shendure_obs_zinb	Tubb2b_chr13_2580	2B1	0.4885401725769043
shendure	observed	shendure_obs_zinb	Tubb2b_chr13_2580	2B2	0.3507702052593231
shendure	observed	shendure_obs_zinb	Tubb2b_chr13_2580	A1	0.5609669089317322
shendure	observed	shendure_obs_zinb	Tubb2b_chr13_2580	A2	0.4076491892337799
shendure	observed	shendure_obs_zinb	Tubb2b_chr13_2580	B1	0.6299837827682495
shendure	observed	shendure_obs_zinb	Tubb2b_chr13_2580	B2	0.49764567613601685
shendure	observed	shendure_obs_zinb	Col1a1_chr11_15258	2B1	0.46348142623901367
shendure	observed	shendure_obs_zinb	Col1a1_chr11_15258	2B2	0.36611995100975037
shendure	observed	shendure_obs_zinb	Col1a1_chr11_15258	A1	0.4511072337627411
shendure	observed	shendure_obs_zinb	Col1a1_chr11_15258	A2	0.6230366826057434
shendure	observed	shendure_obs_zinb	Col1a1_chr11_15258	B1	0.6412029266357422
shendure	observed	shendure_obs_zinb	Col1a1_chr11_15258	B2	0.6287465691566467
shendure	observed	shendure_obs_zinb	Lama1_chr17_7793	2B1	0.2339152842760086
shendure	observed	shendure_obs_zinb	Lama1_chr17_7793	2B2	0.6324008703231812
shendure	observed	shendure_obs_zinb	Lama1_chr17_7793	A1	0.1727115660905838
shendure	observed	shendure_obs_zinb	Lama1_chr17_7793	A2	0.2258710265159607
shendure	observed	shendure_obs_zinb	Lama1_chr17_7793	B1	0.5330715775489807
shendure	observed	shendure_obs_zinb	Lama1_chr17_7793	B2	0.4900863468647003
shendure	observed	shendure_obs_zinb	Igfbp4_chr11_16711	2B1	0.13238610327243805
shendure	observed	shendure_obs_zinb	Igfbp4_chr11_16711	2B2	0.24013522267341614
shendure	observed	shendure_obs_zinb	Igfbp4_chr11_16711	A1	0.20251664519309998
shendure	observed	shendure_obs_zinb	Igfbp4_chr11_16711	A2	0.05423149839043617
shendure	observed	shendure_obs_zinb	Igfbp4_chr11_16711	B1	0.06953145563602448
shendure	observed	shendure_obs_zinb	Igfbp4_chr11_16711	B2	0.048865124583244324
shendure	observed	shendure_obs_zinb	Klf4_chr4_3949	2B1	0.31149157881736755
shendure	observed	shendure_obs_zinb	Klf4_chr4_3949	2B2	0.1480761021375656
shendure	observed	shendure_obs_zinb	Klf4_chr4_3949	A1	0.4161866307258606
shendure	observed	shendure_obs_zinb	Klf4_chr4_3949	A2	0.24036814272403717
shendure	observed	shendure_obs_zinb	Klf4_chr4_3949	B1	0.3107256591320038
shendure	observed	shendure_obs_zinb	Klf4_chr4_3949	B2	0.21629801392555237
shendure	observed	shendure_obs_zinb	Col1a1_chr11_15275	2B1	0.5394626259803772
shendure	observed	shendure_obs_zinb	Col1a1_chr11_15275	2B2	0.408420205116272
shendure	observed	shendure_obs_zinb	Col1a1_chr11_15275	A1	0.34128594398498535
shendure	observed	shendure_obs_zinb	Col1a1_chr11_15275	A2	0.25076794624328613
shendure	observed	shendure_obs_zinb	Col1a1_chr11_15275	B1	0.36189112067222595
shendure	observed	shendure_obs_zinb	Col1a1_chr11_15275	B2	0.3965798616409302
shendure	observed	shendure_obs_zinb	Tgfbi_chr13_5724	2B1	0.6752853393554688
shendure	observed	shendure_obs_zinb	Tgfbi_chr13_5724	2B2	0.5473714470863342
shendure	observed	shendure_obs_zinb	Tgfbi_chr13_5724	A1	0.4478914737701416
shendure	observed	shendure_obs_zinb	Tgfbi_chr13_5724	A2	0.40804004669189453
shendure	observed	shendure_obs_zinb	Tgfbi_chr13_5724	B1	0.387541264295578
shendure	observed	shendure_obs_zinb	Tgfbi_chr13_5724	B2	0.3102675974369049
shendure	observed	shendure_obs_zinb	Cited2_chr10_1254	2B1	0.010129421949386597
shendure	observed	shendure_obs_zinb	Cited2_chr10_1254	2B2	0.005961196031421423
shendure	observed	shendure_obs_zinb	Cited2_chr10_1254	A1	0.07110600173473358
shendure	observed	shendure_obs_zinb	Cited2_chr10_1254	A2	0.00579626951366663
shendure	observed	shendure_obs_zinb	Cited2_chr10_1254	B1	0.12974275648593903
shendure	observed	shendure_obs_zinb	Cited2_chr10_1254	B2	0.1432458758354187
shendure	observed	shendure_obs_zinb	Sox17_chr1_59	2B1	0.483012318611145
shendure	observed	shendure_obs_zinb	Sox17_chr1_59	2B2	0.34128984808921814
shendure	observed	shendure_obs_zinb	Sox17_chr1_59	A1	0.572620153427124
shendure	observed	shendure_obs_zinb	Sox17_chr1_59	A2	0.5871934294700623
shendure	observed	shendure_obs_zinb	Sox17_chr1_59	B1	0.6304420828819275
shendure	observed	shendure_obs_zinb	Sox17_chr1_59	B2	0.17815816402435303
shendure	observed	shendure_obs_zinb	Sparc_chr11_7235	2B1	0.005968340206891298
shendure	observed	shendure_obs_zinb	Sparc_chr11_7235	2B2	0.002647397806867957
shendure	observed	shendure_obs_zinb	Sparc_chr11_7235	A1	0.06592969596385956
shendure	observed	shendure_obs_zinb	Sparc_chr11_7235	A2	0.009251399897038937
shendure	observed	shendure_obs_zinb	Sparc_chr11_7235	B1	0.14689752459526062
shendure	observed	shendure_obs_zinb	Sparc_chr11_7235	B2	0.17616777122020721
shendure	observed	shendure_obs_zinb	Sox4_chr13_2055	2B1	0.5415685772895813
shendure	observed	shendure_obs_zinb	Sox4_chr13_2055	2B2	0.42224159836769104
shendure	observed	shendure_obs_zinb	Sox4_chr13_2055	A1	0.44564875960350037
shendure	observed	shendure_obs_zinb	Sox4_chr13_2055	A2	0.29523229598999023
shendure	observed	shendure_obs_zinb	Sox4_chr13_2055	B1	0.20534424483776093
shendure	observed	shendure_obs_zinb	Sox4_chr13_2055	B2	0.22657589614391327
shendure	observed	shendure_obs_zinb	Sparc_chr11_7180	2B1	0.8588774800300598
shendure	observed	shendure_obs_zinb	Sparc_chr11_7180	2B2	0.6982598900794983
shendure	observed	shendure_obs_zinb	Sparc_chr11_7180	A1	0.8280194401741028
shendure	observed	shendure_obs_zinb	Sparc_chr11_7180	A2	0.6707266569137573
shendure	observed	shendure_obs_zinb	Sparc_chr11_7180	B1	0.12163032591342926
shendure	observed	shendure_obs_zinb	Sparc_chr11_7180	B2	0.69699627161026
shendure	observed	shendure_obs_zinb	Tgfbi_chr13_5741	2B1	0.033509790897369385
shendure	observed	shendure_obs_zinb	Tgfbi_chr13_5741	2B2	0.006959767080843449
shendure	observed	shendure_obs_zinb	Tgfbi_chr13_5741	A1	0.11952801793813705
shendure	observed	shendure_obs_zinb	Tgfbi_chr13_5741	A2	0.16799940168857574
shendure	observed	shendure_obs_zinb	Tgfbi_chr13_5741	B1	0.006608861964195967
shendure	observed	shendure_obs_zinb	Tgfbi_chr13_5741	B2	0.014863110147416592
shendure	observed	shendure_obs_zinb	Lamb1_chr12_2239	2B1	0.3918522000312805
shendure	observed	shendure_obs_zinb	Lamb1_chr12_2239	2B2	0.3944234549999237
shendure	observed	shendure_obs_zinb	Lamb1_chr12_2239	A1	0.6851376891136169
shendure	observed	shendure_obs_zinb	Lamb1_chr12_2239	A2	0.6100379824638367
shendure	observed	shendure_obs_zinb	Lamb1_chr12_2239	B1	0.33125975728034973
shendure	observed	shendure_obs_zinb	Lamb1_chr12_2239	B2	0.3550871014595032
shendure	observed	shendure_obs_zinb	Cdk5r1_chr11_12562	2B1	0.09655626863241196
shendure	observed	shendure_obs_zinb	Cdk5r1_chr11_12562	2B2	0.045797210186719894
shendure	observed	shendure_obs_zinb	Cdk5r1_chr11_12562	A1	0.04760944843292236
shendure	observed	shendure_obs_zinb	Cdk5r1_chr11_12562	A2	0.24083775281906128
shendure	observed	shendure_obs_zinb	Cdk5r1_chr11_12562	B1	0.04141542315483093
shendure	observed	shendure_obs_zinb	Cdk5r1_chr11_12562	B2	0.019726594910025597
shendure	observed	shendure_obs_zinb	Klf4_chr4_3951	2B1	0.47396308183670044
shendure	observed	shendure_obs_zinb	Klf4_chr4_3951	2B2	0.3850575089454651
shendure	observed	shendure_obs_zinb	Klf4_chr4_3951	A1	0.3029225170612335
shendure	observed	shendure_obs_zinb	Klf4_chr4_3951	A2	0.5382602214813232
shendure	observed	shendure_obs_zinb	Klf4_chr4_3951	B1	0.4991103708744049
shendure	observed	shendure_obs_zinb	Klf4_chr4_3951	B2	0.303965300321579
shendure	observed	shendure_obs_zinb	Col1a1_chr11_15322	2B1	0.4177965223789215
shendure	observed	shendure_obs_zinb	Col1a1_chr11_15322	2B2	0.4910959303379059
shendure	observed	shendure_obs_zinb	Col1a1_chr11_15322	A1	0.1271350085735321
shendure	observed	shendure_obs_zinb	Col1a1_chr11_15322	A2	0.20045186579227448
shendure	observed	shendure_obs_zinb	Col1a1_chr11_15322	B1	0.33820176124572754
shendure	observed	shendure_obs_zinb	Col1a1_chr11_15322	B2	0.4461632966995239
shendure	observed	shendure_obs_zinb	Tubb2b_chr13_2577	2B1	0.5893279910087585
shendure	observed	shendure_obs_zinb	Tubb2b_chr13_2577	2B2	0.2594256103038788
shendure	observed	shendure_obs_zinb	Tubb2b_chr13_2577	A1	0.5718014240264893
shendure	observed	shendure_obs_zinb	Tubb2b_chr13_2577	A2	0.5897320508956909
shendure	observed	shendure_obs_zinb	Tubb2b_chr13_2577	B1	0.5248963832855225
shendure	observed	shendure_obs_zinb	Tubb2b_chr13_2577	B2	0.6359561085700989
shendure	observed	shendure_obs_zinb	Gata4_chr14_5752	2B1	0.6958932280540466
shendure	observed	shendure_obs_zinb	Gata4_chr14_5752	2B2	0.7546586394309998
shendure	observed	shendure_obs_zinb	Gata4_chr14_5752	A1	0.2519996762275696
shendure	observed	shendure_obs_zinb	Gata4_chr14_5752	A2	0.7194716930389404
shendure	observed	shendure_obs_zinb	Gata4_chr14_5752	B1	0.45370912551879883
shendure	observed	shendure_obs_zinb	Gata4_chr14_5752	B2	0.511904776096344
shendure	observed	shendure_obs_zinb	Igfbp4_chr11_16728	2B1	0.30632251501083374
shendure	observed	shendure_obs_zinb	Igfbp4_chr11_16728	2B2	0.17550384998321533
shendure	observed	shendure_obs_zinb	Igfbp4_chr11_16728	A1	0.22299079596996307
shendure	observed	shendure_obs_zinb	Igfbp4_chr11_16728	A2	0.08694682270288467
shendure	observed	shendure_obs_zinb	Igfbp4_chr11_16728	B1	0.2637745440006256
shendure	observed	shendure_obs_zinb	Igfbp4_chr11_16728	B2	0.1480899602174759
shendure	observed	shendure_obs_zinb	Gata4_chr14_5710	2B1	0.3257376551628113
shendure	observed	shendure_obs_zinb	Gata4_chr14_5710	2B2	0.3720167279243469
shendure	observed	shendure_obs_zinb	Gata4_chr14_5710	A1	0.8233862519264221
shendure	observed	shendure_obs_zinb	Gata4_chr14_5710	A2	0.514844536781311
shendure	observed	shendure_obs_zinb	Gata4_chr14_5710	B1	0.8140282034873962
shendure	observed	shendure_obs_zinb	Gata4_chr14_5710	B2	0.6911889314651489
shendure	observed	shendure_obs_zinb	Sparc_chr11_7210	2B1	0.41754674911499023
shendure	observed	shendure_obs_zinb	Sparc_chr11_7210	2B2	0.4052758812904358
shendure	observed	shendure_obs_zinb	Sparc_chr11_7210	A1	0.5068758726119995
shendure	observed	shendure_obs_zinb	Sparc_chr11_7210	A2	0.41142117977142334
shendure	observed	shendure_obs_zinb	Sparc_chr11_7210	B1	0.37282586097717285
shendure	observed	shendure_obs_zinb	Sparc_chr11_7210	B2	0.6133509278297424
shendure	observed	shendure_obs_zinb	Sox17_chr1_69	2B1	0.30410343408584595
shendure	observed	shendure_obs_zinb	Sox17_chr1_69	2B2	0.34407365322113037
shendure	observed	shendure_obs_zinb	Sox17_chr1_69	A1	0.4680117070674896
shendure	observed	shendure_obs_zinb	Sox17_chr1_69	A2	0.3929738998413086
shendure	observed	shendure_obs_zinb	Sox17_chr1_69	B1	0.3467998206615448
shendure	observed	shendure_obs_zinb	Sox17_chr1_69	B2	0.4329107105731964
shendure	observed	shendure_obs_zinb	Bend5_chr4_8192	2B1	0.6406604647636414
shendure	observed	shendure_obs_zinb	Bend5_chr4_8192	2B2	0.837090015411377
shendure	observed	shendure_obs_zinb	Bend5_chr4_8192	A1	0.6061983704566956
shendure	observed	shendure_obs_zinb	Bend5_chr4_8192	A2	0.4550739824771881
shendure	observed	shendure_obs_zinb	Bend5_chr4_8192	B1	0.1286410242319107
shendure	observed	shendure_obs_zinb	Bend5_chr4_8192	B2	0.09429115056991577
shendure	observed	shendure_obs_zinb	Igfbp4_chr11_16716	2B1	0.37800511717796326
shendure	observed	shendure_obs_zinb	Igfbp4_chr11_16716	2B2	0.4760674238204956
shendure	observed	shendure_obs_zinb	Igfbp4_chr11_16716	A1	0.3938082158565521
shendure	observed	shendure_obs_zinb	Igfbp4_chr11_16716	A2	0.3286992013454437
shendure	observed	shendure_obs_zinb	Igfbp4_chr11_16716	B1	0.8200610876083374
shendure	observed	shendure_obs_zinb	Igfbp4_chr11_16716	B2	0.5182280540466309
shendure	observed	shendure_obs_zinb	Sparc_chr11_7211	2B1	0.16373316943645477
shendure	observed	shendure_obs_zinb	Sparc_chr11_7211	2B2	0.11694490909576416
shendure	observed	shendure_obs_zinb	Sparc_chr11_7211	A1	0.2651488482952118
shendure	observed	shendure_obs_zinb	Sparc_chr11_7211	A2	0.22292326390743256
shendure	observed	shendure_obs_zinb	Sparc_chr11_7211	B1	0.18402333557605743
shendure	observed	shendure_obs_zinb	Sparc_chr11_7211	B2	0.13986586034297943
shendure	observed	shendure_obs_zinb	Sox4_chr13_2052	2B1	0.13443942368030548
shendure	observed	shendure_obs_zinb	Sox4_chr13_2052	2B2	0.1242155060172081
shendure	observed	shendure_obs_zinb	Sox4_chr13_2052	A1	0.22798986732959747
shendure	observed	shendure_obs_zinb	Sox4_chr13_2052	A2	0.11694321036338806
shendure	observed	shendure_obs_zinb	Sox4_chr13_2052	B1	0.10198522359132767
shendure	observed	shendure_obs_zinb	Sox4_chr13_2052	B2	0.159969300031662
shendure	observed	shendure_obs_zinb	Sox2_chr3_2005	2B1	0.2005102038383484
shendure	observed	shendure_obs_zinb	Sox2_chr3_2005	2B2	0.2647314965724945
shendure	observed	shendure_obs_zinb	Sox2_chr3_2005	A1	0.47182899713516235
shendure	observed	shendure_obs_zinb	Sox2_chr3_2005	A2	0.5875439047813416
shendure	observed	shendure_obs_zinb	Sox2_chr3_2005	B1	0.5388221144676208
shendure	observed	shendure_obs_zinb	Sox2_chr3_2005	B2	0.6148912906646729
shendure	observed	shendure_obs_zinb	Tgfbi_chr13_5692	2B1	0.05035097524523735
shendure	observed	shendure_obs_zinb	Tgfbi_chr13_5692	2B2	0.04686003178358078
shendure	observed	shendure_obs_zinb	Tgfbi_chr13_5692	A1	0.1436312347650528
shendure	observed	shendure_obs_zinb	Tgfbi_chr13_5692	A2	0.033099886029958725
shendure	observed	shendure_obs_zinb	Tgfbi_chr13_5692	B1	0.1923176795244217
shendure	observed	shendure_obs_zinb	Tgfbi_chr13_5692	B2	0.28845998644828796
shendure	observed	shendure_obs_zinb	Tubb2b_chr13_2578	2B1	0.48109951615333557
shendure	observed	shendure_obs_zinb	Tubb2b_chr13_2578	2B2	0.8024467825889587
shendure	observed	shendure_obs_zinb	Tubb2b_chr13_2578	A1	0.2826121747493744
shendure	observed	shendure_obs_zinb	Tubb2b_chr13_2578	A2	0.49094313383102417
shendure	observed	shendure_obs_zinb	Tubb2b_chr13_2578	B1	0.3360409140586853
shendure	observed	shendure_obs_zinb	Tubb2b_chr13_2578	B2	0.27932822704315186
shendure	observed	shendure_obs_zinb	Lama1_chr17_7799	2B1	0.44029054045677185
shendure	observed	shendure_obs_zinb	Lama1_chr17_7799	2B2	0.37781497836112976
shendure	observed	shendure_obs_zinb	Lama1_chr17_7799	A1	0.26102811098098755
shendure	observed	shendure_obs_zinb	Lama1_chr17_7799	A2	0.44622504711151123
shendure	observed	shendure_obs_zinb	Lama1_chr17_7799	B1	0.4546721279621124
shendure	observed	shendure_obs_zinb	Lama1_chr17_7799	B2	0.3880564868450165
shendure	observed	shendure_obs_zinb	Txndc12_chr4_7961	2B1	0.17849229276180267
shendure	observed	shendure_obs_zinb	Txndc12_chr4_7961	2B2	0.2866445779800415
shendure	observed	shendure_obs_zinb	Txndc12_chr4_7961	A1	0.36450111865997314
shendure	observed	shendure_obs_zinb	Txndc12_chr4_7961	A2	0.2597366273403168
shendure	observed	shendure_obs_zinb	Txndc12_chr4_7961	B1	0.2693639397621155
shendure	observed	shendure_obs_zinb	Txndc12_chr4_7961	B2	0.20618757605552673
shendure	observed	shendure_obs_zinb	Sox17_chr1_58	2B1	0.4900529086589813
shendure	observed	shendure_obs_zinb	Sox17_chr1_58	2B2	0.6987413763999939
shendure	observed	shendure_obs_zinb	Sox17_chr1_58	A1	0.2225886583328247
shendure	observed	shendure_obs_zinb	Sox17_chr1_58	A2	0.3982805013656616
shendure	observed	shendure_obs_zinb	Sox17_chr1_58	B1	0.3318617045879364
shendure	observed	shendure_obs_zinb	Sox17_chr1_58	B2	0.2689456641674042
shendure	observed	shendure_obs_zinb	Txndc12_chr4_7973	2B1	0.04014832153916359
shendure	observed	shendure_obs_zinb	Txndc12_chr4_7973	2B2	0.1068091094493866
shendure	observed	shendure_obs_zinb	Txndc12_chr4_7973	A1	0.129054993391037
shendure	observed	shendure_obs_zinb	Txndc12_chr4_7973	A2	0.09441033005714417
shendure	observed	shendure_obs_zinb	Txndc12_chr4_7973	B1	0.04915434122085571
shendure	observed	shendure_obs_zinb	Txndc12_chr4_7973	B2	0.02092440240085125
shendure	observed	shendure_obs_zinb	Sparc_chr11_7234	2B1	0.21740029752254486
shendure	observed	shendure_obs_zinb	Sparc_chr11_7234	2B2	0.23240035772323608
shendure	observed	shendure_obs_zinb	Sparc_chr11_7234	A1	0.1803736388683319
shendure	observed	shendure_obs_zinb	Sparc_chr11_7234	A2	0.11243679374456406
shendure	observed	shendure_obs_zinb	Sparc_chr11_7234	B1	0.0063789961859583855
shendure	observed	shendure_obs_zinb	Sparc_chr11_7234	B2	0.012018198147416115
shendure	observed	shendure_obs_zinb	Epas1_chr17_10071	2B1	0.09896370768547058
shendure	observed	shendure_obs_zinb	Epas1_chr17_10071	2B2	0.19934651255607605
shendure	observed	shendure_obs_zinb	Epas1_chr17_10071	A1	0.6961689591407776
shendure	observed	shendure_obs_zinb	Epas1_chr17_10071	A2	0.7248504161834717
shendure	observed	shendure_obs_zinb	Epas1_chr17_10071	B1	0.43860772252082825
shendure	observed	shendure_obs_zinb	Epas1_chr17_10071	B2	0.568865180015564
shendure	observed	shendure_obs_zinb	Col1a1_chr11_15276	2B1	0.30075982213020325
shendure	observed	shendure_obs_zinb	Col1a1_chr11_15276	2B2	0.3043699860572815
shendure	observed	shendure_obs_zinb	Col1a1_chr11_15276	A1	0.6542475819587708
shendure	observed	shendure_obs_zinb	Col1a1_chr11_15276	A2	0.5904886722564697
shendure	observed	shendure_obs_zinb	Col1a1_chr11_15276	B1	0.5339468121528625
shendure	observed	shendure_obs_zinb	Col1a1_chr11_15276	B2	0.5476323962211609
shendure	observed	shendure_obs_zinb	Lamb1_chr12_2186	2B1	0.583486020565033
shendure	observed	shendure_obs_zinb	Lamb1_chr12_2186	2B2	0.7092835903167725
shendure	observed	shendure_obs_zinb	Lamb1_chr12_2186	A1	0.7421154975891113
shendure	observed	shendure_obs_zinb	Lamb1_chr12_2186	A2	0.6008360981941223
shendure	observed	shendure_obs_zinb	Lamb1_chr12_2186	B1	0.3717890679836273
shendure	observed	shendure_obs_zinb	Lamb1_chr12_2186	B2	0.13835453987121582
shendure	observed	shendure_obs_zinb	Lamb1_chr12_2210	2B1	0.03631003946065903
shendure	observed	shendure_obs_zinb	Lamb1_chr12_2210	2B2	0.04577984660863876
shendure	observed	shendure_obs_zinb	Lamb1_chr12_2210	A1	0.19450023770332336
shendure	observed	shendure_obs_zinb	Lamb1_chr12_2210	A2	0.1041480302810669
shendure	observed	shendure_obs_zinb	Lamb1_chr12_2210	B1	0.13858164846897125
shendure	observed	shendure_obs_zinb	Lamb1_chr12_2210	B2	0.03414546698331833
shendure	observed	shendure_obs_zinb	Btg1_chr10_9588	2B1	0.27294787764549255
shendure	observed	shendure_obs_zinb	Btg1_chr10_9588	2B2	0.7133737206459045
shendure	observed	shendure_obs_zinb	Btg1_chr10_9588	A1	0.3782994747161865
shendure	observed	shendure_obs_zinb	Btg1_chr10_9588	A2	0.20799162983894348
shendure	observed	shendure_obs_zinb	Btg1_chr10_9588	B1	0.3807072937488556
shendure	observed	shendure_obs_zinb	Btg1_chr10_9588	B2	0.44448965787887573
shendure	observed	shendure_obs_zinb	Lamc1_chr1_12189	2B1	0.07682372629642487
shendure	observed	shendure_obs_zinb	Lamc1_chr1_12189	2B2	0.17671500146389008
shendure	observed	shendure_obs_zinb	Lamc1_chr1_12189	A1	0.0676242783665657
shendure	observed	shendure_obs_zinb	Lamc1_chr1_12189	A2	0.05128910392522812
shendure	observed	shendure_obs_zinb	Lamc1_chr1_12189	B1	0.39207589626312256
shendure	observed	shendure_obs_zinb	Lamc1_chr1_12189	B2	0.29951220750808716
shendure	observed	shendure_obs_zinb	Foxa2_chr2_13808	2B1	0.7684309482574463
shendure	observed	shendure_obs_zinb	Foxa2_chr2_13808	2B2	0.7202733755111694
shendure	observed	shendure_obs_zinb	Foxa2_chr2_13808	A1	0.30918771028518677
shendure	observed	shendure_obs_zinb	Foxa2_chr2_13808	A2	0.4154680073261261
shendure	observed	shendure_obs_zinb	Foxa2_chr2_13808	B1	0.6259770393371582
shendure	observed	shendure_obs_zinb	Foxa2_chr2_13808	B2	0.6890731453895569
shendure	observed	shendure_obs_zinb	Sox17_chr1_67	2B1	0.5837714672088623
shendure	observed	shendure_obs_zinb	Sox17_chr1_67	2B2	0.6758766174316406
shendure	observed	shendure_obs_zinb	Sox17_chr1_67	A1	0.5469509959220886
shendure	observed	shendure_obs_zinb	Sox17_chr1_67	A2	0.5607512593269348
shendure	observed	shendure_obs_zinb	Sox17_chr1_67	B1	0.4255019724369049
shendure	observed	shendure_obs_zinb	Sox17_chr1_67	B2	0.31464502215385437
shendure	observed	shendure_obs_zinb	Lama1_chr17_7784	2B1	0.7437728643417358
shendure	observed	shendure_obs_zinb	Lama1_chr17_7784	2B2	0.6183802485466003
shendure	observed	shendure_obs_zinb	Lama1_chr17_7784	A1	0.6704738140106201
shendure	observed	shendure_obs_zinb	Lama1_chr17_7784	A2	0.6196970343589783
shendure	observed	shendure_obs_zinb	Lama1_chr17_7784	B1	0.07054659724235535
shendure	observed	shendure_obs_zinb	Lama1_chr17_7784	B2	0.0730205848813057
shendure	observed	shendure_obs_zinb	Col1a2_chr6_73	2B1	0.5125686526298523
shendure	observed	shendure_obs_zinb	Col1a2_chr6_73	2B2	0.37757229804992676
shendure	observed	shendure_obs_zinb	Col1a2_chr6_73	A1	0.4579441547393799
shendure	observed	shendure_obs_zinb	Col1a2_chr6_73	A2	0.589898407459259
shendure	observed	shendure_obs_zinb	Col1a2_chr6_73	B1	0.5722169876098633
shendure	observed	shendure_obs_zinb	Col1a2_chr6_73	B2	0.5737488269805908
shendure	observed	shendure_obs_zinb	Tubb2b_chr13_2572	2B1	0.6464754939079285
shendure	observed	shendure_obs_zinb	Tubb2b_chr13_2572	2B2	0.4940422475337982
shendure	observed	shendure_obs_zinb	Tubb2b_chr13_2572	A1	0.48028457164764404
shendure	observed	shendure_obs_zinb	Tubb2b_chr13_2572	A2	0.44575685262680054
shendure	observed	shendure_obs_zinb	Tubb2b_chr13_2572	B1	0.673490583896637
shendure	observed	shendure_obs_zinb	Tubb2b_chr13_2572	B2	0.2803778648376465
shendure	observed	shendure_obs_zinb	Foxa2_chr2_13812	2B1	0.48039138317108154
shendure	observed	shendure_obs_zinb	Foxa2_chr2_13812	2B2	0.6201238632202148
shendure	observed	shendure_obs_zinb	Foxa2_chr2_13812	A1	0.5369155406951904
shendure	observed	shendure_obs_zinb	Foxa2_chr2_13812	A2	0.6020599007606506
shendure	observed	shendure_obs_zinb	Foxa2_chr2_13812	B1	0.20055459439754486
shendure	observed	shendure_obs_zinb	Foxa2_chr2_13812	B2	0.3198639452457428
shendure	observed	shendure_obs_zinb	Lamc1_chr1_12175	2B1	0.014960072003304958
shendure	observed	shendure_obs_zinb	Lamc1_chr1_12175	2B2	0.0027035551611334085
shendure	observed	shendure_obs_zinb	Lamc1_chr1_12175	A1	0.04259214922785759
shendure	observed	shendure_obs_zinb	Lamc1_chr1_12175	A2	0.003984525334089994
shendure	observed	shendure_obs_zinb	Lamc1_chr1_12175	B1	0.006611787248402834
shendure	observed	shendure_obs_zinb	Lamc1_chr1_12175	B2	0.008628349751234055
shendure	observed	shendure_obs_zinb	Foxa2_chr2_13818	2B1	0.6490048170089722
shendure	observed	shendure_obs_zinb	Foxa2_chr2_13818	2B2	0.5848134756088257
shendure	observed	shendure_obs_zinb	Foxa2_chr2_13818	A1	0.6978729367256165
shendure	observed	shendure_obs_zinb	Foxa2_chr2_13818	A2	0.39831817150115967
shendure	observed	shendure_obs_zinb	Foxa2_chr2_13818	B1	0.26469355821609497
shendure	observed	shendure_obs_zinb	Foxa2_chr2_13818	B2	0.2502262592315674
shendure	observed	shendure_obs_zinb	Col1a1_chr11_15316	2B1	0.4993927776813507
shendure	observed	shendure_obs_zinb	Col1a1_chr11_15316	2B2	0.6134710311889648
shendure	observed	shendure_obs_zinb	Col1a1_chr11_15316	A1	0.21372772753238678
shendure	observed	shendure_obs_zinb	Col1a1_chr11_15316	A2	0.4892614185810089
shendure	observed	shendure_obs_zinb	Col1a1_chr11_15316	B1	0.5331668853759766
shendure	observed	shendure_obs_zinb	Col1a1_chr11_15316	B2	0.6474263668060303
shendure	observed	shendure_obs_zinb	Sparc_chr11_7230	2B1	0.3143908381462097
shendure	observed	shendure_obs_zinb	Sparc_chr11_7230	2B2	0.315822571516037
shendure	observed	shendure_obs_zinb	Sparc_chr11_7230	A1	0.10039367526769638
shendure	observed	shendure_obs_zinb	Sparc_chr11_7230	A2	0.0847814530134201
shendure	observed	shendure_obs_zinb	Sparc_chr11_7230	B1	0.06097029149532318
shendure	observed	shendure_obs_zinb	Sparc_chr11_7230	B2	0.03947649151086807
shendure	observed	shendure_obs_zinb	Klf4_chr4_3948	2B1	0.014387832023203373
shendure	observed	shendure_obs_zinb	Klf4_chr4_3948	2B2	0.009215942583978176
shendure	observed	shendure_obs_zinb	Klf4_chr4_3948	A1	0.02133352868258953
shendure	observed	shendure_obs_zinb	Klf4_chr4_3948	A2	0.008904770947992802
shendure	observed	shendure_obs_zinb	Klf4_chr4_3948	B1	0.050859738141298294
shendure	observed	shendure_obs_zinb	Klf4_chr4_3948	B2	0.12048563361167908
shendure	observed	shendure_obs_zinb	Sox17_chr1_60	2B1	0.6203840374946594
shendure	observed	shendure_obs_zinb	Sox17_chr1_60	2B2	0.44367897510528564
shendure	observed	shendure_obs_zinb	Sox17_chr1_60	A1	0.4655175805091858
shendure	observed	shendure_obs_zinb	Sox17_chr1_60	A2	0.4369262456893921
shendure	observed	shendure_obs_zinb	Sox17_chr1_60	B1	0.38060110807418823
shendure	observed	shendure_obs_zinb	Sox17_chr1_60	B2	0.4354678988456726
shendure	observed	shendure_obs_zinb	Lamb1_chr12_2238	2B1	0.24236533045768738
shendure	observed	shendure_obs_zinb	Lamb1_chr12_2238	2B2	0.12853942811489105
shendure	observed	shendure_obs_zinb	Lamb1_chr12_2238	A1	0.5387505292892456
shendure	observed	shendure_obs_zinb	Lamb1_chr12_2238	A2	0.6004394292831421
shendure	observed	shendure_obs_zinb	Lamb1_chr12_2238	B1	0.5347587466239929
shendure	observed	shendure_obs_zinb	Lamb1_chr12_2238	B2	0.41285625100135803
shendure	observed	shendure_obs_zinb	Gata4_chr14_5760	2B1	0.6555759310722351
shendure	observed	shendure_obs_zinb	Gata4_chr14_5760	2B2	0.6154577136039734
shendure	observed	shendure_obs_zinb	Gata4_chr14_5760	A1	0.5464866161346436
shendure	observed	shendure_obs_zinb	Gata4_chr14_5760	A2	0.3731311559677124
shendure	observed	shendure_obs_zinb	Gata4_chr14_5760	B1	0.48191747069358826
shendure	observed	shendure_obs_zinb	Gata4_chr14_5760	B2	0.5308639407157898
shendure	observed	shendure_obs_zinb	Igfbp4_chr11_16738	2B1	0.3019517660140991
shendure	observed	shendure_obs_zinb	Igfbp4_chr11_16738	2B2	0.6384807825088501
shendure	observed	shendure_obs_zinb	Igfbp4_chr11_16738	A1	0.4275580942630768
shendure	observed	shendure_obs_zinb	Igfbp4_chr11_16738	A2	0.3256060779094696
shendure	observed	shendure_obs_zinb	Igfbp4_chr11_16738	B1	0.6772724986076355
shendure	observed	shendure_obs_zinb	Igfbp4_chr11_16738	B2	0.3648642301559448
shendure	observed	shendure_obs_zinb	Txndc12_chr4_7971	2B1	0.787103533744812
shendure	observed	shendure_obs_zinb	Txndc12_chr4_7971	2B2	0.8131153583526611
shendure	observed	shendure_obs_zinb	Txndc12_chr4_7971	A1	0.6987006068229675
shendure	observed	shendure_obs_zinb	Txndc12_chr4_7971	A2	0.6421186327934265
shendure	observed	shendure_obs_zinb	Txndc12_chr4_7971	B1	0.2506246268749237
shendure	observed	shendure_obs_zinb	Txndc12_chr4_7971	B2	0.38287287950515747
shendure	observed	shendure_obs_zinb	Cdk5r1_chr11_12574	2B1	0.13851195573806763
shendure	observed	shendure_obs_zinb	Cdk5r1_chr11_12574	2B2	0.11296123266220093
shendure	observed	shendure_obs_zinb	Cdk5r1_chr11_12574	A1	0.09233325719833374
shendure	observed	shendure_obs_zinb	Cdk5r1_chr11_12574	A2	0.0316891074180603
shendure	observed	shendure_obs_zinb	Cdk5r1_chr11_12574	B1	0.05834759771823883
shendure	observed	shendure_obs_zinb	Cdk5r1_chr11_12574	B2	0.04530930891633034
shendure	observed	shendure_obs_zinb	Igfbp4_chr11_16784	2B1	0.5253802537918091
shendure	observed	shendure_obs_zinb	Igfbp4_chr11_16784	2B2	0.5739362835884094
shendure	observed	shendure_obs_zinb	Igfbp4_chr11_16784	A1	0.6476539373397827
shendure	observed	shendure_obs_zinb	Igfbp4_chr11_16784	A2	0.6393857598304749
shendure	observed	shendure_obs_zinb	Igfbp4_chr11_16784	B1	0.5390374064445496
shendure	observed	shendure_obs_zinb	Igfbp4_chr11_16784	B2	0.41624322533607483
shendure	observed	shendure_obs_zinb	Col1a1_chr11_15273	2B1	0.4082903563976288
shendure	observed	shendure_obs_zinb	Col1a1_chr11_15273	2B2	0.7178752422332764
shendure	observed	shendure_obs_zinb	Col1a1_chr11_15273	A1	0.4053855836391449
shendure	observed	shendure_obs_zinb	Col1a1_chr11_15273	A2	0.296384334564209
shendure	observed	shendure_obs_zinb	Col1a1_chr11_15273	B1	0.5653335452079773
shendure	observed	shendure_obs_zinb	Col1a1_chr11_15273	B2	0.3791971206665039
shendure	observed	shendure_obs_zinb	Txndc12_chr4_7962	2B1	0.20906880497932434
shendure	observed	shendure_obs_zinb	Txndc12_chr4_7962	2B2	0.275237500667572
shendure	observed	shendure_obs_zinb	Txndc12_chr4_7962	A1	0.3739956319332123
shendure	observed	shendure_obs_zinb	Txndc12_chr4_7962	A2	0.34385061264038086
shendure	observed	shendure_obs_zinb	Txndc12_chr4_7962	B1	0.17753982543945312
shendure	observed	shendure_obs_zinb	Txndc12_chr4_7962	B2	0.40590912103652954
shendure	observed	shendure_obs_zinb	Epas1_chr17_10057	2B1	0.7696794271469116
shendure	observed	shendure_obs_zinb	Epas1_chr17_10057	2B2	0.5539014935493469
shendure	observed	shendure_obs_zinb	Epas1_chr17_10057	A1	0.36332494020462036
shendure	observed	shendure_obs_zinb	Epas1_chr17_10057	A2	0.8149521946907043
shendure	observed	shendure_obs_zinb	Epas1_chr17_10057	B1	0.2563334107398987
shendure	observed	shendure_obs_zinb	Epas1_chr17_10057	B2	0.5581560134887695
shendure	observed	shendure_obs_zinb	Sparc_chr11_7198	2B1	0.4244661033153534
shendure	observed	shendure_obs_zinb	Sparc_chr11_7198	2B2	0.1706167310476303
shendure	observed	shendure_obs_zinb	Sparc_chr11_7198	A1	0.6733273267745972
shendure	observed	shendure_obs_zinb	Sparc_chr11_7198	A2	0.8478663563728333
shendure	observed	shendure_obs_zinb	Sparc_chr11_7198	B1	0.5130075812339783
shendure	observed	shendure_obs_zinb	Sparc_chr11_7198	B2	0.5806027054786682
shendure	observed	shendure_obs_zinb	Lamc1_chr1_12201	2B1	0.4973278045654297
shendure	observed	shendure_obs_zinb	Lamc1_chr1_12201	2B2	0.7123306393623352
shendure	observed	shendure_obs_zinb	Lamc1_chr1_12201	A1	0.3729234039783478
shendure	observed	shendure_obs_zinb	Lamc1_chr1_12201	A2	0.5037744641304016
shendure	observed	shendure_obs_zinb	Lamc1_chr1_12201	B1	0.43217822909355164
shendure	observed	shendure_obs_zinb	Lamc1_chr1_12201	B2	0.3148502707481384
shendure	observed	shendure_obs_zinb	Gata4_chr14_5776	2B1	0.4135318696498871
shendure	observed	shendure_obs_zinb	Gata4_chr14_5776	2B2	0.4914971590042114
shendure	observed	shendure_obs_zinb	Gata4_chr14_5776	A1	0.6203650236129761
shendure	observed	shendure_obs_zinb	Gata4_chr14_5776	A2	0.15920870006084442
shendure	observed	shendure_obs_zinb	Gata4_chr14_5776	B1	0.2617771029472351
shendure	observed	shendure_obs_zinb	Gata4_chr14_5776	B2	0.4412398338317871
shendure	observed	shendure_obs_zinb	Btg1_chr10_9612	2B1	0.8042051196098328
shendure	observed	shendure_obs_zinb	Btg1_chr10_9612	2B2	0.6945881247520447
shendure	observed	shendure_obs_zinb	Btg1_chr10_9612	A1	0.8096933960914612
shendure	observed	shendure_obs_zinb	Btg1_chr10_9612	A2	0.3206731081008911
shendure	observed	shendure_obs_zinb	Btg1_chr10_9612	B1	0.590623676776886
shendure	observed	shendure_obs_zinb	Btg1_chr10_9612	B2	0.7393157482147217
shendure	observed	shendure_obs_zinb	Gata4_chr14_5693	2B1	0.4046403765678406
shendure	observed	shendure_obs_zinb	Gata4_chr14_5693	2B2	0.430149108171463
shendure	observed	shendure_obs_zinb	Gata4_chr14_5693	A1	0.6374610662460327
shendure	observed	shendure_obs_zinb	Gata4_chr14_5693	A2	0.3797576427459717
shendure	observed	shendure_obs_zinb	Gata4_chr14_5693	B1	0.5532403588294983
shendure	observed	shendure_obs_zinb	Gata4_chr14_5693	B2	0.6048290729522705
shendure	observed	shendure_obs_zinb	Col1a2_chr6_88	2B1	0.41455793380737305
shendure	observed	shendure_obs_zinb	Col1a2_chr6_88	2B2	0.22276927530765533
shendure	observed	shendure_obs_zinb	Col1a2_chr6_88	A1	0.8188879489898682
shendure	observed	shendure_obs_zinb	Col1a2_chr6_88	A2	0.7117123007774353
shendure	observed	shendure_obs_zinb	Col1a2_chr6_88	B1	0.5845963358879089
shendure	observed	shendure_obs_zinb	Col1a2_chr6_88	B2	0.7670931220054626
shendure	observed	shendure_obs_zinb	Lamb1_chr12_2288	2B1	0.3750734031200409
shendure	observed	shendure_obs_zinb	Lamb1_chr12_2288	2B2	0.16781696677207947
shendure	observed	shendure_obs_zinb	Lamb1_chr12_2288	A1	0.6786853075027466
shendure	observed	shendure_obs_zinb	Lamb1_chr12_2288	A2	0.8588510751724243
shendure	observed	shendure_obs_zinb	Lamb1_chr12_2288	B1	0.12121327221393585
shendure	observed	shendure_obs_zinb	Lamb1_chr12_2288	B2	0.5678576827049255
shendure	observed	shendure_obs_zinb	Lamb1_chr12_2289	2B1	0.26269450783729553
shendure	observed	shendure_obs_zinb	Lamb1_chr12_2289	2B2	0.7938312292098999
shendure	observed	shendure_obs_zinb	Lamb1_chr12_2289	A1	0.5903229117393494
shendure	observed	shendure_obs_zinb	Lamb1_chr12_2289	A2	0.6836556196212769
shendure	observed	shendure_obs_zinb	Lamb1_chr12_2289	B1	0.46080467104911804
shendure	observed	shendure_obs_zinb	Lamb1_chr12_2289	B2	0.6330854892730713
shendure	observed	shendure_obs_zinb	Foxa2_chr2_13830	2B1	0.2792573571205139
shendure	observed	shendure_obs_zinb	Foxa2_chr2_13830	2B2	0.6475431323051453
shendure	observed	shendure_obs_zinb	Foxa2_chr2_13830	A1	0.732173502445221
shendure	observed	shendure_obs_zinb	Foxa2_chr2_13830	A2	0.24287563562393188
shendure	observed	shendure_obs_zinb	Foxa2_chr2_13830	B1	0.4861292243003845
shendure	observed	shendure_obs_zinb	Foxa2_chr2_13830	B2	0.6701725721359253
shendure	observed	shendure_obs_zinb	Tubb2b_chr13_2590	2B1	0.3894934058189392
shendure	observed	shendure_obs_zinb	Tubb2b_chr13_2590	2B2	0.2327498495578766
shendure	observed	shendure_obs_zinb	Tubb2b_chr13_2590	A1	0.4565783441066742
shendure	observed	shendure_obs_zinb	Tubb2b_chr13_2590	A2	0.3806648552417755
shendure	observed	shendure_obs_zinb	Tubb2b_chr13_2590	B1	0.45659321546554565
shendure	observed	shendure_obs_zinb	Tubb2b_chr13_2590	B2	0.3735460937023163
shendure	observed	shendure_obs_zinb	Igfbp4_chr11_16735	2B1	0.4218193292617798
shendure	observed	shendure_obs_zinb	Igfbp4_chr11_16735	2B2	0.4781177341938019
shendure	observed	shendure_obs_zinb	Igfbp4_chr11_16735	A1	0.4570470154285431
shendure	observed	shendure_obs_zinb	Igfbp4_chr11_16735	A2	0.3856414258480072
shendure	observed	shendure_obs_zinb	Igfbp4_chr11_16735	B1	0.11759043484926224
shendure	observed	shendure_obs_zinb	Igfbp4_chr11_16735	B2	0.09042958170175552
shendure	observed	shendure_obs_zinb	Col1a1_chr11_15269	2B1	0.6807764172554016
shendure	observed	shendure_obs_zinb	Col1a1_chr11_15269	2B2	0.5300859212875366
shendure	observed	shendure_obs_zinb	Col1a1_chr11_15269	A1	0.8463958501815796
shendure	observed	shendure_obs_zinb	Col1a1_chr11_15269	A2	0.6816150546073914
shendure	observed	shendure_obs_zinb	Col1a1_chr11_15269	B1	0.6892091035842896
shendure	observed	shendure_obs_zinb	Col1a1_chr11_15269	B2	0.3044494688510895
shendure	observed	shendure_obs_zinb	Epas1_chr17_10116	2B1	0.6688469052314758
shendure	observed	shendure_obs_zinb	Epas1_chr17_10116	2B2	0.5935174226760864
shendure	observed	shendure_obs_zinb	Epas1_chr17_10116	A1	0.16273218393325806
shendure	observed	shendure_obs_zinb	Epas1_chr17_10116	A2	0.719998300075531
shendure	observed	shendure_obs_zinb	Epas1_chr17_10116	B1	0.35365965962409973
shendure	observed	shendure_obs_zinb	Epas1_chr17_10116	B2	0.637413740158081
shendure	observed	shendure_obs_zinb	Sox17_chr1_83	2B1	0.7912296652793884
shendure	observed	shendure_obs_zinb	Sox17_chr1_83	2B2	0.7568150758743286
shendure	observed	shendure_obs_zinb	Sox17_chr1_83	A1	0.18219047784805298
shendure	observed	shendure_obs_zinb	Sox17_chr1_83	A2	0.17210949957370758
shendure	observed	shendure_obs_zinb	Sox17_chr1_83	B1	0.353338360786438
shendure	observed	shendure_obs_zinb	Sox17_chr1_83	B2	0.3495195806026459
shendure	observed	shendure_obs_zinb	Lamc1_chr1_12193	2B1	0.14009718596935272
shendure	observed	shendure_obs_zinb	Lamc1_chr1_12193	2B2	0.17515628039836884
shendure	observed	shendure_obs_zinb	Lamc1_chr1_12193	A1	0.6410443782806396
shendure	observed	shendure_obs_zinb	Lamc1_chr1_12193	A2	0.6253116726875305
shendure	observed	shendure_obs_zinb	Lamc1_chr1_12193	B1	0.48191845417022705
shendure	observed	shendure_obs_zinb	Lamc1_chr1_12193	B2	0.8403103351593018
shendure	observed	shendure_obs_zinb	Sox17_chr1_77	2B1	0.3779134452342987
shendure	observed	shendure_obs_zinb	Sox17_chr1_77	2B2	0.5482235550880432
shendure	observed	shendure_obs_zinb	Sox17_chr1_77	A1	0.5230021476745605
shendure	observed	shendure_obs_zinb	Sox17_chr1_77	A2	0.5552763938903809
shendure	observed	shendure_obs_zinb	Sox17_chr1_77	B1	0.36827948689460754
shendure	observed	shendure_obs_zinb	Sox17_chr1_77	B2	0.24078957736492157
shendure	observed	shendure_obs_zinb	Sparc_chr11_7203	2B1	0.2522769570350647
shendure	observed	shendure_obs_zinb	Sparc_chr11_7203	2B2	0.5387216210365295
shendure	observed	shendure_obs_zinb	Sparc_chr11_7203	A1	0.46200254559516907
shendure	observed	shendure_obs_zinb	Sparc_chr11_7203	A2	0.47673770785331726
shendure	observed	shendure_obs_zinb	Sparc_chr11_7203	B1	0.1738961637020111
shendure	observed	shendure_obs_zinb	Sparc_chr11_7203	B2	0.44746941328048706
shendure	observed	shendure_obs_zinb	Col1a1_chr11_15270	2B1	0.5110427737236023
shendure	observed	shendure_obs_zinb	Col1a1_chr11_15270	2B2	0.5783273577690125
shendure	observed	shendure_obs_zinb	Col1a1_chr11_15270	A1	0.41111743450164795
shendure	observed	shendure_obs_zinb	Col1a1_chr11_15270	A2	0.460720956325531
shendure	observed	shendure_obs_zinb	Col1a1_chr11_15270	B1	0.33932119607925415
shendure	observed	shendure_obs_zinb	Col1a1_chr11_15270	B2	0.4225671589374542
shendure	observed	shendure_obs_zinb	Tubb2b_chr13_2583	2B1	0.6203965544700623
shendure	observed	shendure_obs_zinb	Tubb2b_chr13_2583	2B2	0.6040827035903931
shendure	observed	shendure_obs_zinb	Tubb2b_chr13_2583	A1	0.6494567394256592
shendure	observed	shendure_obs_zinb	Tubb2b_chr13_2583	A2	0.6240208148956299
shendure	observed	shendure_obs_zinb	Tubb2b_chr13_2583	B1	0.33071476221084595
shendure	observed	shendure_obs_zinb	Tubb2b_chr13_2583	B2	0.28967729210853577
shendure	observed	shendure_obs_zinb	Foxa2_chr2_13862	2B1	0.6774007081985474
shendure	observed	shendure_obs_zinb	Foxa2_chr2_13862	2B2	0.6222894191741943
shendure	observed	shendure_obs_zinb	Foxa2_chr2_13862	A1	0.8842554688453674
shendure	observed	shendure_obs_zinb	Foxa2_chr2_13862	A2	0.7440882325172424
shendure	observed	shendure_obs_zinb	Foxa2_chr2_13862	B1	0.2347545474767685
shendure	observed	shendure_obs_zinb	Foxa2_chr2_13862	B2	0.1950802356004715
shendure	observed	shendure_obs_zinb	Gata4_chr14_5714	2B1	0.4317539632320404
shendure	observed	shendure_obs_zinb	Gata4_chr14_5714	2B2	0.6977089047431946
shendure	observed	shendure_obs_zinb	Gata4_chr14_5714	A1	0.553972601890564
shendure	observed	shendure_obs_zinb	Gata4_chr14_5714	A2	0.1878318041563034
shendure	observed	shendure_obs_zinb	Gata4_chr14_5714	B1	0.2525908052921295
shendure	observed	shendure_obs_zinb	Gata4_chr14_5714	B2	0.812907874584198
shendure	observed	shendure_obs_zinb	Col5a1_chr2_2562	2B1	0.7138378620147705
shendure	observed	shendure_obs_zinb	Col5a1_chr2_2562	2B2	0.7457864880561829
shendure	observed	shendure_obs_zinb	Col5a1_chr2_2562	A1	0.7511067986488342
shendure	observed	shendure_obs_zinb	Col5a1_chr2_2562	A2	0.10224904119968414
shendure	observed	shendure_obs_zinb	Col5a1_chr2_2562	B1	0.37028852105140686
shendure	observed	shendure_obs_zinb	Col5a1_chr2_2562	B2	0.1359802931547165
shendure	observed	shendure_obs_zinb	Cdk5r1_chr11_12590	2B1	0.4554976224899292
shendure	observed	shendure_obs_zinb	Cdk5r1_chr11_12590	2B2	0.6775622963905334
shendure	observed	shendure_obs_zinb	Cdk5r1_chr11_12590	A1	0.28566107153892517
shendure	observed	shendure_obs_zinb	Cdk5r1_chr11_12590	A2	0.9270302653312683
shendure	observed	shendure_obs_zinb	Cdk5r1_chr11_12590	B1	0.6442756652832031
shendure	observed	shendure_obs_zinb	Cdk5r1_chr11_12590	B2	0.4857024550437927
shendure	observed	shendure_obs_zinb	Bend5_chr4_8179	2B1	0.15099988877773285
shendure	observed	shendure_obs_zinb	Bend5_chr4_8179	2B2	0.2739642262458801
shendure	observed	shendure_obs_zinb	Bend5_chr4_8179	A1	0.4594593346118927
shendure	observed	shendure_obs_zinb	Bend5_chr4_8179	A2	0.4777015745639801
shendure	observed	shendure_obs_zinb	Bend5_chr4_8179	B1	0.19352173805236816
shendure	observed	shendure_obs_zinb	Bend5_chr4_8179	B2	0.38189172744750977
shendure	observed	shendure_obs_zinb	Foxa2_chr2_13835	2B1	0.6445204615592957
shendure	observed	shendure_obs_zinb	Foxa2_chr2_13835	2B2	0.4838287830352783
shendure	observed	shendure_obs_zinb	Foxa2_chr2_13835	A1	0.6731112003326416
shendure	observed	shendure_obs_zinb	Foxa2_chr2_13835	A2	0.2822524607181549
shendure	observed	shendure_obs_zinb	Foxa2_chr2_13835	B1	0.5188095569610596
shendure	observed	shendure_obs_zinb	Foxa2_chr2_13835	B2	0.4021682143211365
shendure	observed	shendure_obs_zinb	Lama1_chr17_7788	2B1	0.23264318704605103
shendure	observed	shendure_obs_zinb	Lama1_chr17_7788	2B2	0.7045795917510986
shendure	observed	shendure_obs_zinb	Lama1_chr17_7788	A1	0.45202240347862244
shendure	observed	shendure_obs_zinb	Lama1_chr17_7788	A2	0.592064619064331
shendure	observed	shendure_obs_zinb	Lama1_chr17_7788	B1	0.19254349172115326
shendure	observed	shendure_obs_zinb	Lama1_chr17_7788	B2	0.23339197039604187
shendure	observed	shendure_obs_zinb	Bend5_chr4_8168	2B1	0.5632993578910828
shendure	observed	shendure_obs_zinb	Bend5_chr4_8168	2B2	0.35772404074668884
shendure	observed	shendure_obs_zinb	Bend5_chr4_8168	A1	0.5655198693275452
shendure	observed	shendure_obs_zinb	Bend5_chr4_8168	A2	0.6965110898017883
shendure	observed	shendure_obs_zinb	Bend5_chr4_8168	B1	0.3127357065677643
shendure	observed	shendure_obs_zinb	Bend5_chr4_8168	B2	0.7049168348312378
shendure	observed	shendure_obs_zinb	Sox2_chr3_2008	2B1	0.23727212846279144
shendure	observed	shendure_obs_zinb	Sox2_chr3_2008	2B2	0.5583022832870483
shendure	observed	shendure_obs_zinb	Sox2_chr3_2008	A1	0.6716988682746887
shendure	observed	shendure_obs_zinb	Sox2_chr3_2008	A2	0.52043217420578
shendure	observed	shendure_obs_zinb	Sox2_chr3_2008	B1	0.5561367869377136
shendure	observed	shendure_obs_zinb	Sox2_chr3_2008	B2	0.4497922360897064
shendure	observed	shendure_obs_zinb	Lamb1_chr12_2189	2B1	0.7486701607704163
shendure	observed	shendure_obs_zinb	Lamb1_chr12_2189	2B2	0.5948055386543274
shendure	observed	shendure_obs_zinb	Lamb1_chr12_2189	A1	0.620158314704895
shendure	observed	shendure_obs_zinb	Lamb1_chr12_2189	A2	0.8182308077812195
shendure	observed	shendure_obs_zinb	Lamb1_chr12_2189	B1	0.3468760550022125
shendure	observed	shendure_obs_zinb	Lamb1_chr12_2189	B2	0.5114539861679077
shendure	observed	shendure_obs_zinb	Txndc12_chr4_7975	2B1	0.4871927797794342
shendure	observed	shendure_obs_zinb	Txndc12_chr4_7975	2B2	0.6939221024513245
shendure	observed	shendure_obs_zinb	Txndc12_chr4_7975	A1	0.7480351328849792
shendure	observed	shendure_obs_zinb	Txndc12_chr4_7975	A2	0.5986036062240601
shendure	observed	shendure_obs_zinb	Txndc12_chr4_7975	B1	0.615630567073822
shendure	observed	shendure_obs_zinb	Txndc12_chr4_7975	B2	0.34602561593055725
shendure	observed	shendure_obs_zinb	Col5a1_chr2_2571	2B1	0.47098851203918457
shendure	observed	shendure_obs_zinb	Col5a1_chr2_2571	2B2	0.29292288422584534
shendure	observed	shendure_obs_zinb	Col5a1_chr2_2571	A1	0.35919007658958435
shendure	observed	shendure_obs_zinb	Col5a1_chr2_2571	A2	0.5053130984306335
shendure	observed	shendure_obs_zinb	Col5a1_chr2_2571	B1	0.6548225283622742
shendure	observed	shendure_obs_zinb	Col5a1_chr2_2571	B2	0.4358183443546295
shendure	observed	shendure_obs_zinb	Klf4_chr4_3958	2B1	0.4039072096347809
shendure	observed	shendure_obs_zinb	Klf4_chr4_3958	2B2	0.8281369209289551
shendure	observed	shendure_obs_zinb	Klf4_chr4_3958	A1	0.7901201844215393
shendure	observed	shendure_obs_zinb	Klf4_chr4_3958	A2	0.48577627539634705
shendure	observed	shendure_obs_zinb	Klf4_chr4_3958	B1	0.12309221178293228
shendure	observed	shendure_obs_zinb	Klf4_chr4_3958	B2	0.2335953414440155
shendure	observed	shendure_obs_zinb	Sparc_chr11_7243	2B1	0.5936217308044434
shendure	observed	shendure_obs_zinb	Sparc_chr11_7243	2B2	0.7049990892410278
shendure	observed	shendure_obs_zinb	Sparc_chr11_7243	A1	0.42167556285858154
shendure	observed	shendure_obs_zinb	Sparc_chr11_7243	A2	0.2881689965724945
shendure	observed	shendure_obs_zinb	Sparc_chr11_7243	B1	0.33054953813552856
shendure	observed	shendure_obs_zinb	Sparc_chr11_7243	B2	0.4812382459640503
shendure	observed	shendure_obs_zinb	Cited2_chr10_1253	2B1	0.46821221709251404
shendure	observed	shendure_obs_zinb	Cited2_chr10_1253	2B2	0.30209022760391235
shendure	observed	shendure_obs_zinb	Cited2_chr10_1253	A1	0.4744974374771118
shendure	observed	shendure_obs_zinb	Cited2_chr10_1253	A2	0.6197293400764465
shendure	observed	shendure_obs_zinb	Cited2_chr10_1253	B1	0.5040392875671387
shendure	observed	shendure_obs_zinb	Cited2_chr10_1253	B2	0.46993958950042725
shendure	observed	shendure_obs_zinb	Lamb1_chr12_2196	2B1	0.32659825682640076
shendure	observed	shendure_obs_zinb	Lamb1_chr12_2196	2B2	0.36710771918296814
shendure	observed	shendure_obs_zinb	Lamb1_chr12_2196	A1	0.31667497754096985
shendure	observed	shendure_obs_zinb	Lamb1_chr12_2196	A2	0.6722521185874939
shendure	observed	shendure_obs_zinb	Lamb1_chr12_2196	B1	0.5628283619880676
shendure	observed	shendure_obs_zinb	Lamb1_chr12_2196	B2	0.5315812230110168
shendure	observed	shendure_obs_zinb	Map1b_chr13_9436	2B1	0.5059874057769775
shendure	observed	shendure_obs_zinb	Map1b_chr13_9436	2B2	0.6270480155944824
shendure	observed	shendure_obs_zinb	Map1b_chr13_9436	A1	0.3785237669944763
shendure	observed	shendure_obs_zinb	Map1b_chr13_9436	A2	0.6454490423202515
shendure	observed	shendure_obs_zinb	Map1b_chr13_9436	B1	0.3720813989639282
shendure	observed	shendure_obs_zinb	Map1b_chr13_9436	B2	0.39821678400039673
shendure	observed	shendure_obs_zinb	Sox17_chr1_78	2B1	0.8308859467506409
shendure	observed	shendure_obs_zinb	Sox17_chr1_78	2B2	0.7630692720413208
shendure	observed	shendure_obs_zinb	Sox17_chr1_78	A1	0.62630295753479
shendure	observed	shendure_obs_zinb	Sox17_chr1_78	A2	0.32668712735176086
shendure	observed	shendure_obs_zinb	Sox17_chr1_78	B1	0.4899595379829407
shendure	observed	shendure_obs_zinb	Sox17_chr1_78	B2	0.5155097842216492
shendure	observed	shendure_obs_zinb	Col1a2_chr6_72	2B1	0.6397231221199036
shendure	observed	shendure_obs_zinb	Col1a2_chr6_72	2B2	0.7717748880386353
shendure	observed	shendure_obs_zinb	Col1a2_chr6_72	A1	0.3798690140247345
shendure	observed	shendure_obs_zinb	Col1a2_chr6_72	A2	0.34780165553092957
shendure	observed	shendure_obs_zinb	Col1a2_chr6_72	B1	0.37615686655044556
shendure	observed	shendure_obs_zinb	Col1a2_chr6_72	B2	0.4040449261665344
shendure	observed	shendure_obs_zinb	Col5a1_chr2_2586	2B1	0.3400401473045349
shendure	observed	shendure_obs_zinb	Col5a1_chr2_2586	2B2	0.6584485173225403
shendure	observed	shendure_obs_zinb	Col5a1_chr2_2586	A1	0.40921586751937866
shendure	observed	shendure_obs_zinb	Col5a1_chr2_2586	A2	0.8271178603172302
shendure	observed	shendure_obs_zinb	Col5a1_chr2_2586	B1	0.6364519596099854
shendure	observed	shendure_obs_zinb	Col5a1_chr2_2586	B2	0.7974123954772949
shendure	observed	shendure_obs_zinb	Epas1_chr17_10063	2B1	0.14048048853874207
shendure	observed	shendure_obs_zinb	Epas1_chr17_10063	2B2	0.29363417625427246
shendure	observed	shendure_obs_zinb	Epas1_chr17_10063	A1	0.16882063448429108
shendure	observed	shendure_obs_zinb	Epas1_chr17_10063	A2	0.4489486813545227
shendure	observed	shendure_obs_zinb	Epas1_chr17_10063	B1	0.04828394576907158
shendure	observed	shendure_obs_zinb	Epas1_chr17_10063	B2	0.09156756848096848
shendure	observed	shendure_obs_zinb	Sox17_chr1_65	2B1	0.5930452346801758
shendure	observed	shendure_obs_zinb	Sox17_chr1_65	2B2	0.6492530703544617
shendure	observed	shendure_obs_zinb	Sox17_chr1_65	A1	0.46610555052757263
shendure	observed	shendure_obs_zinb	Sox17_chr1_65	A2	0.15059658885002136
shendure	observed	shendure_obs_zinb	Sox17_chr1_65	B1	0.4166707992553711
shendure	observed	shendure_obs_zinb	Sox17_chr1_65	B2	0.5235878229141235
shendure	observed	shendure_obs_zinb	Foxa2_chr2_13858	2B1	0.13155071437358856
shendure	observed	shendure_obs_zinb	Foxa2_chr2_13858	2B2	0.3555259704589844
shendure	observed	shendure_obs_zinb	Foxa2_chr2_13858	A1	0.13189756870269775
shendure	observed	shendure_obs_zinb	Foxa2_chr2_13858	A2	0.43529489636421204
shendure	observed	shendure_obs_zinb	Foxa2_chr2_13858	B1	0.39584672451019287
shendure	observed	shendure_obs_zinb	Foxa2_chr2_13858	B2	0.3136295676231384
shendure	observed	shendure_obs_zinb	Gata4_chr14_5779	2B1	0.6794382333755493
shendure	observed	shendure_obs_zinb	Gata4_chr14_5779	2B2	0.668712317943573
shendure	observed	shendure_obs_zinb	Gata4_chr14_5779	A1	0.7722315192222595
shendure	observed	shendure_obs_zinb	Gata4_chr14_5779	A2	0.8802909851074219
shendure	observed	shendure_obs_zinb	Gata4_chr14_5779	B1	0.5532926917076111
shendure	observed	shendure_obs_zinb	Gata4_chr14_5779	B2	0.22916948795318604
shendure	observed	shendure_obs_zinb	Sparc_chr11_7199	2B1	0.14683762192726135
shendure	observed	shendure_obs_zinb	Sparc_chr11_7199	2B2	0.7328656315803528
shendure	observed	shendure_obs_zinb	Sparc_chr11_7199	A1	0.5340360999107361
shendure	observed	shendure_obs_zinb	Sparc_chr11_7199	A2	0.62281733751297
shendure	observed	shendure_obs_zinb	Sparc_chr11_7199	B1	0.752204954624176
shendure	observed	shendure_obs_zinb	Sparc_chr11_7199	B2	0.8976133465766907
shendure	observed	shendure_obs_zinb	Klf4_chr4_3952	2B1	0.8391566872596741
shendure	observed	shendure_obs_zinb	Klf4_chr4_3952	2B2	0.4157409369945526
shendure	observed	shendure_obs_zinb	Klf4_chr4_3952	A1	0.13606177270412445
shendure	observed	shendure_obs_zinb	Klf4_chr4_3952	A2	0.7232558727264404
shendure	observed	shendure_obs_zinb	Klf4_chr4_3952	B1	0.4030146598815918
shendure	observed	shendure_obs_zinb	Klf4_chr4_3952	B2	0.41511207818984985
shendure	observed	shendure_obs_zinb	Bend5_chr4_8172	2B1	0.6973706483840942
shendure	observed	shendure_obs_zinb	Bend5_chr4_8172	2B2	0.13188965618610382
shendure	observed	shendure_obs_zinb	Bend5_chr4_8172	A1	0.4727298319339752
shendure	observed	shendure_obs_zinb	Bend5_chr4_8172	A2	0.7769971489906311
shendure	observed	shendure_obs_zinb	Bend5_chr4_8172	B1	0.4905569851398468
shendure	observed	shendure_obs_zinb	Bend5_chr4_8172	B2	0.2566600441932678
shendure	observed	shendure_obs_zinb	Tgfbi_chr13_5701	2B1	0.8536316752433777
shendure	observed	shendure_obs_zinb	Tgfbi_chr13_5701	2B2	0.7858371734619141
shendure	observed	shendure_obs_zinb	Tgfbi_chr13_5701	A1	0.9130647778511047
shendure	observed	shendure_obs_zinb	Tgfbi_chr13_5701	A2	0.7738535404205322
shendure	observed	shendure_obs_zinb	Tgfbi_chr13_5701	B1	0.6934300065040588
shendure	observed	shendure_obs_zinb	Tgfbi_chr13_5701	B2	0.1066795289516449
shendure	observed	shendure_obs_zinb	Foxa2_chr2_13820	2B1	0.2869440019130707
shendure	observed	shendure_obs_zinb	Foxa2_chr2_13820	2B2	0.09172996133565903
shendure	observed	shendure_obs_zinb	Foxa2_chr2_13820	A1	0.7063743472099304
shendure	observed	shendure_obs_zinb	Foxa2_chr2_13820	A2	0.6698708534240723
shendure	observed	shendure_obs_zinb	Foxa2_chr2_13820	B1	0.16992971301078796
shendure	observed	shendure_obs_zinb	Foxa2_chr2_13820	B2	0.17933380603790283
shendure	observed	shendure_obs_zinb	Gata4_chr14_5729	2B1	0.6011155843734741
shendure	observed	shendure_obs_zinb	Gata4_chr14_5729	2B2	0.12633585929870605
shendure	observed	shendure_obs_zinb	Gata4_chr14_5729	A1	0.042338259518146515
shendure	observed	shendure_obs_zinb	Gata4_chr14_5729	A2	0.10582209378480911
shendure	observed	shendure_obs_zinb	Gata4_chr14_5729	B1	0.15619978308677673
shendure	observed	shendure_obs_zinb	Gata4_chr14_5729	B2	0.0998929813504219
shendure	observed	shendure_obs_zinb	Btg1_chr10_9572	2B1	0.6943565607070923
shendure	observed	shendure_obs_zinb	Btg1_chr10_9572	2B2	0.5754570960998535
shendure	observed	shendure_obs_zinb	Btg1_chr10_9572	A1	0.8420011401176453
shendure	observed	shendure_obs_zinb	Btg1_chr10_9572	A2	0.8619250655174255
shendure	observed	shendure_obs_zinb	Btg1_chr10_9572	B1	0.2179413139820099
shendure	observed	shendure_obs_zinb	Btg1_chr10_9572	B2	0.7857239246368408
shendure	observed	shendure_obs_zinb	Cdk5r1_chr11_12595	2B1	0.47637975215911865
shendure	observed	shendure_obs_zinb	Cdk5r1_chr11_12595	2B2	0.6956940293312073
shendure	observed	shendure_obs_zinb	Cdk5r1_chr11_12595	A1	0.1991519033908844
shendure	observed	shendure_obs_zinb	Cdk5r1_chr11_12595	A2	0.1857749968767166
shendure	observed	shendure_obs_zinb	Cdk5r1_chr11_12595	B1	0.8070765137672424
shendure	observed	shendure_obs_zinb	Cdk5r1_chr11_12595	B2	0.6761788725852966
shendure	observed	shendure_obs_zinb	Gata4_chr14_5762	2B1	0.1612028032541275
shendure	observed	shendure_obs_zinb	Gata4_chr14_5762	2B2	0.5675352215766907
shendure	observed	shendure_obs_zinb	Gata4_chr14_5762	A1	0.7323862910270691
shendure	observed	shendure_obs_zinb	Gata4_chr14_5762	A2	0.4324028193950653
shendure	observed	shendure_obs_zinb	Gata4_chr14_5762	B1	0.39922770857810974
shendure	observed	shendure_obs_zinb	Gata4_chr14_5762	B2	0.4160712957382202
shendure	observed	shendure_obs_zinb	Bend5_chr4_8170	2B1	0.12241587042808533
shendure	observed	shendure_obs_zinb	Bend5_chr4_8170	2B2	0.12412450462579727
shendure	observed	shendure_obs_zinb	Bend5_chr4_8170	A1	0.415482759475708
shendure	observed	shendure_obs_zinb	Bend5_chr4_8170	A2	0.7590811848640442
shendure	observed	shendure_obs_zinb	Bend5_chr4_8170	B1	0.8117644786834717
shendure	observed	shendure_obs_zinb	Bend5_chr4_8170	B2	0.9408751726150513
shendure	observed	shendure_obs_zinb	Cited2_chr10_1248	2B1	0.6964998245239258
shendure	observed	shendure_obs_zinb	Cited2_chr10_1248	2B2	0.32435718178749084
shendure	observed	shendure_obs_zinb	Cited2_chr10_1248	A1	0.5835068821907043
shendure	observed	shendure_obs_zinb	Cited2_chr10_1248	A2	0.762864351272583
shendure	observed	shendure_obs_zinb	Cited2_chr10_1248	B1	0.6978038549423218
shendure	observed	shendure_obs_zinb	Cited2_chr10_1248	B2	0.631530225276947
shendure	observed	shendure_obs_zinb	Lamb1_chr12_2215	2B1	0.23261062800884247
shendure	observed	shendure_obs_zinb	Lamb1_chr12_2215	2B2	0.5323078632354736
shendure	observed	shendure_obs_zinb	Lamb1_chr12_2215	A1	0.783187210559845
shendure	observed	shendure_obs_zinb	Lamb1_chr12_2215	A2	0.4909053444862366
shendure	observed	shendure_obs_zinb	Lamb1_chr12_2215	B1	0.6663787961006165
shendure	observed	shendure_obs_zinb	Lamb1_chr12_2215	B2	0.5195410251617432
shendure	observed	shendure_obs_zinb	Sox17_chr1_73	2B1	0.34288498759269714
shendure	observed	shendure_obs_zinb	Sox17_chr1_73	2B2	0.16065259277820587
shendure	observed	shendure_obs_zinb	Sox17_chr1_73	A1	0.6737693548202515
shendure	observed	shendure_obs_zinb	Sox17_chr1_73	A2	0.5701231360435486
shendure	observed	shendure_obs_zinb	Sox17_chr1_73	B1	0.5434896945953369
shendure	observed	shendure_obs_zinb	Sox17_chr1_73	B2	0.4031689167022705
shendure	observed	shendure_obs_zinb	Lamb1_chr12_2182	2B1	0.20391225814819336
shendure	observed	shendure_obs_zinb	Lamb1_chr12_2182	2B2	0.803576648235321
shendure	observed	shendure_obs_zinb	Lamb1_chr12_2182	A1	0.8576704859733582
shendure	observed	shendure_obs_zinb	Lamb1_chr12_2182	A2	0.5722313523292542
shendure	observed	shendure_obs_zinb	Lamb1_chr12_2182	B1	0.7122619152069092
shendure	observed	shendure_obs_zinb	Lamb1_chr12_2182	B2	0.770526647567749
shendure	observed	shendure_obs_zinb	Sparc_chr11_7213	2B1	0.593835175037384
shendure	observed	shendure_obs_zinb	Sparc_chr11_7213	2B2	0.8558908104896545
shendure	observed	shendure_obs_zinb	Sparc_chr11_7213	A1	0.8754574656486511
shendure	observed	shendure_obs_zinb	Sparc_chr11_7213	A2	0.8653366565704346
shendure	observed	shendure_obs_zinb	Sparc_chr11_7213	B1	0.2632100284099579
shendure	observed	shendure_obs_zinb	Sparc_chr11_7213	B2	0.46134060621261597
shendure	observed	shendure_obs_zinb	Lamc1_chr1_12127	2B1	0.5163654088973999
shendure	observed	shendure_obs_zinb	Lamc1_chr1_12127	2B2	0.9034139513969421
shendure	observed	shendure_obs_zinb	Lamc1_chr1_12127	A1	0.866083562374115
shendure	observed	shendure_obs_zinb	Lamc1_chr1_12127	A2	0.5290378928184509
shendure	observed	shendure_obs_zinb	Lamc1_chr1_12127	B1	0.05811336264014244
shendure	observed	shendure_obs_zinb	Lamc1_chr1_12127	B2	0.5607779026031494
shendure	observed	shendure_obs_zinb	Btg1_chr10_9578	2B1	0.007458987645804882
shendure	observed	shendure_obs_zinb	Btg1_chr10_9578	2B2	0.0032482275273650885
shendure	observed	shendure_obs_zinb	Btg1_chr10_9578	A1	0.10806611180305481
shendure	observed	shendure_obs_zinb	Btg1_chr10_9578	A2	0.021071596071124077
shendure	observed	shendure_obs_zinb	Btg1_chr10_9578	B1	0.002866158029064536
shendure	observed	shendure_obs_zinb	Btg1_chr10_9578	B2	0.12093138694763184
shendure	observed	shendure_obs_zinb	Lamb1_chr12_2207	2B1	0.6323890686035156
shendure	observed	shendure_obs_zinb	Lamb1_chr12_2207	2B2	0.47860416769981384
shendure	observed	shendure_obs_zinb	Lamb1_chr12_2207	A1	0.4641885757446289
shendure	observed	shendure_obs_zinb	Lamb1_chr12_2207	A2	0.33953312039375305
shendure	observed	shendure_obs_zinb	Lamb1_chr12_2207	B1	0.6363306045532227
shendure	observed	shendure_obs_zinb	Lamb1_chr12_2207	B2	0.2342117875814438
shendure	observed	shendure_obs_zinb	Sparc_chr11_7207	2B1	0.7470714449882507
shendure	observed	shendure_obs_zinb	Sparc_chr11_7207	2B2	0.4474664628505707
shendure	observed	shendure_obs_zinb	Sparc_chr11_7207	A1	0.5575541257858276
shendure	observed	shendure_obs_zinb	Sparc_chr11_7207	A2	0.6834079027175903
shendure	observed	shendure_obs_zinb	Sparc_chr11_7207	B1	0.3369029760360718
shendure	observed	shendure_obs_zinb	Sparc_chr11_7207	B2	0.27950790524482727
shendure	observed	shendure_obs_zinb	Foxa2_chr2_13856	2B1	0.6135885119438171
shendure	observed	shendure_obs_zinb	Foxa2_chr2_13856	2B2	0.22409147024154663
shendure	observed	shendure_obs_zinb	Foxa2_chr2_13856	A1	0.23896390199661255
shendure	observed	shendure_obs_zinb	Foxa2_chr2_13856	A2	0.7111735343933105
shendure	observed	shendure_obs_zinb	Foxa2_chr2_13856	B1	0.6277554631233215
shendure	observed	shendure_obs_zinb	Foxa2_chr2_13856	B2	0.5045082569122314
shendure	observed	shendure_obs_zinb	Lama1_chr17_7874	2B1	0.6757029891014099
shendure	observed	shendure_obs_zinb	Lama1_chr17_7874	2B2	0.21679061651229858
shendure	observed	shendure_obs_zinb	Lama1_chr17_7874	A1	0.27904465794563293
shendure	observed	shendure_obs_zinb	Lama1_chr17_7874	A2	0.23175004124641418
shendure	observed	shendure_obs_zinb	Lama1_chr17_7874	B1	0.4757624864578247
shendure	observed	shendure_obs_zinb	Lama1_chr17_7874	B2	0.6843437552452087
shendure	observed	shendure_obs_zinb	Gata4_chr14_5677	2B1	0.023206625133752823
shendure	observed	shendure_obs_zinb	Gata4_chr14_5677	2B2	0.020467005670070648
shendure	observed	shendure_obs_zinb	Gata4_chr14_5677	A1	0.019652297720313072
shendure	observed	shendure_obs_zinb	Gata4_chr14_5677	A2	0.011339651420712471
shendure	observed	shendure_obs_zinb	Gata4_chr14_5677	B1	0.03886314481496811
shendure	observed	shendure_obs_zinb	Gata4_chr14_5677	B2	0.011244925670325756
shendure	observed	shendure_obs_zinb	Col1a1_chr11_15301	2B1	0.44175976514816284
shendure	observed	shendure_obs_zinb	Col1a1_chr11_15301	2B2	0.21525228023529053
shendure	observed	shendure_obs_zinb	Col1a1_chr11_15301	A1	0.284151166677475
shendure	observed	shendure_obs_zinb	Col1a1_chr11_15301	A2	0.15916955471038818
shendure	observed	shendure_obs_zinb	Col1a1_chr11_15301	B1	0.6153629422187805
shendure	observed	shendure_obs_zinb	Col1a1_chr11_15301	B2	0.5682975053787231
shendure	observed	shendure_obs_zinb	Sparc_chr11_7233	2B1	0.7771348357200623
shendure	observed	shendure_obs_zinb	Sparc_chr11_7233	2B2	0.8932649493217468
shendure	observed	shendure_obs_zinb	Sparc_chr11_7233	A1	0.7806540727615356
shendure	observed	shendure_obs_zinb	Sparc_chr11_7233	A2	0.6907952427864075
shendure	observed	shendure_obs_zinb	Sparc_chr11_7233	B1	0.13890983164310455
shendure	observed	shendure_obs_zinb	Sparc_chr11_7233	B2	0.6165993213653564
shendure	observed	shendure_obs_zinb	Lamb1_chr12_2203	2B1	0.33854812383651733
shendure	observed	shendure_obs_zinb	Lamb1_chr12_2203	2B2	0.6033533215522766
shendure	observed	shendure_obs_zinb	Lamb1_chr12_2203	A1	0.5903921127319336
shendure	observed	shendure_obs_zinb	Lamb1_chr12_2203	A2	0.6841884255409241
shendure	observed	shendure_obs_zinb	Lamb1_chr12_2203	B1	0.40978243947029114
shendure	observed	shendure_obs_zinb	Lamb1_chr12_2203	B2	0.4745583236217499
shendure	observed	shendure_obs_zinb	Klf4_chr4_3936	2B1	0.1640949845314026
shendure	observed	shendure_obs_zinb	Klf4_chr4_3936	2B2	0.8573209047317505
shendure	observed	shendure_obs_zinb	Klf4_chr4_3936	A1	0.26753151416778564
shendure	observed	shendure_obs_zinb	Klf4_chr4_3936	A2	0.36774709820747375
shendure	observed	shendure_obs_zinb	Klf4_chr4_3936	B1	0.32514825463294983
shendure	observed	shendure_obs_zinb	Klf4_chr4_3936	B2	0.6014170050621033
shendure	observed	shendure_obs_zinb	Lama1_chr17_7791	2B1	0.2168317288160324
shendure	observed	shendure_obs_zinb	Lama1_chr17_7791	2B2	0.09204806387424469
shendure	observed	shendure_obs_zinb	Lama1_chr17_7791	A1	0.7017167210578918
shendure	observed	shendure_obs_zinb	Lama1_chr17_7791	A2	0.5618187785148621
shendure	observed	shendure_obs_zinb	Lama1_chr17_7791	B1	0.7908855080604553
shendure	observed	shendure_obs_zinb	Lama1_chr17_7791	B2	0.6688446402549744
shendure	observed	shendure_obs_zinb	Lamc1_chr1_12188	2B1	0.2350447177886963
shendure	observed	shendure_obs_zinb	Lamc1_chr1_12188	2B2	0.26006579399108887
shendure	observed	shendure_obs_zinb	Lamc1_chr1_12188	A1	0.5296138525009155
shendure	observed	shendure_obs_zinb	Lamc1_chr1_12188	A2	0.5064020156860352
shendure	observed	shendure_obs_zinb	Lamc1_chr1_12188	B1	0.7261143326759338
shendure	observed	shendure_obs_zinb	Lamc1_chr1_12188	B2	0.9004934430122375
shendure	observed	shendure_obs_zinb	Col1a2_chr6_93	2B1	0.264091432094574
shendure	observed	shendure_obs_zinb	Col1a2_chr6_93	2B2	0.1790732890367508
shendure	observed	shendure_obs_zinb	Col1a2_chr6_93	A1	0.07388313859701157
shendure	observed	shendure_obs_zinb	Col1a2_chr6_93	A2	0.046196773648262024
shendure	observed	shendure_obs_zinb	Col1a2_chr6_93	B1	0.04770578444004059
shendure	observed	shendure_obs_zinb	Col1a2_chr6_93	B2	0.069880411028862
shendure	observed	shendure_obs_zinb	Igfbp4_chr11_16694	2B1	0.15898951888084412
shendure	observed	shendure_obs_zinb	Igfbp4_chr11_16694	2B2	0.4384079873561859
shendure	observed	shendure_obs_zinb	Igfbp4_chr11_16694	A1	0.30206355452537537
shendure	observed	shendure_obs_zinb	Igfbp4_chr11_16694	A2	0.5189729332923889
shendure	observed	shendure_obs_zinb	Igfbp4_chr11_16694	B1	0.6654478907585144
shendure	observed	shendure_obs_zinb	Igfbp4_chr11_16694	B2	0.6126232743263245
shendure	observed	shendure_obs_zinb	Foxa2_chr2_13806	2B1	0.922684371471405
shendure	observed	shendure_obs_zinb	Foxa2_chr2_13806	2B2	0.9021651744842529
shendure	observed	shendure_obs_zinb	Foxa2_chr2_13806	A1	0.4285122752189636
shendure	observed	shendure_obs_zinb	Foxa2_chr2_13806	A2	0.7786068916320801
shendure	observed	shendure_obs_zinb	Foxa2_chr2_13806	B1	0.6838723421096802
shendure	observed	shendure_obs_zinb	Foxa2_chr2_13806	B2	0.18710802495479584
shendure	observed	shendure_obs_zinb	Lamb1_chr12_2206	2B1	0.6066329479217529
shendure	observed	shendure_obs_zinb	Lamb1_chr12_2206	2B2	0.802154004573822
shendure	observed	shendure_obs_zinb	Lamb1_chr12_2206	A1	0.759041428565979
shendure	observed	shendure_obs_zinb	Lamb1_chr12_2206	A2	0.7625494003295898
shendure	observed	shendure_obs_zinb	Lamb1_chr12_2206	B1	0.9039256572723389
shendure	observed	shendure_obs_zinb	Lamb1_chr12_2206	B2	0.05697912350296974
shendure	observed	shendure_obs_zinb	Btg1_chr10_9613	2B1	0.8097475171089172
shendure	observed	shendure_obs_zinb	Btg1_chr10_9613	2B2	0.46111977100372314
shendure	observed	shendure_obs_zinb	Btg1_chr10_9613	A1	0.8677570223808289
shendure	observed	shendure_obs_zinb	Btg1_chr10_9613	A2	0.7717005014419556
shendure	observed	shendure_obs_zinb	Btg1_chr10_9613	B1	0.7417008876800537
shendure	observed	shendure_obs_zinb	Btg1_chr10_9613	B2	0.09093648940324783
shendure	observed	shendure_obs_zinb	Tgfbi_chr13_5711	2B1	0.22663794457912445
shendure	observed	shendure_obs_zinb	Tgfbi_chr13_5711	2B2	0.16033902764320374
shendure	observed	shendure_obs_zinb	Tgfbi_chr13_5711	A1	0.5278753638267517
shendure	observed	shendure_obs_zinb	Tgfbi_chr13_5711	A2	0.5139598250389099
shendure	observed	shendure_obs_zinb	Tgfbi_chr13_5711	B1	0.7596685886383057
shendure	observed	shendure_obs_zinb	Tgfbi_chr13_5711	B2	0.5911327600479126
shendure	observed	shendure_obs_zinb	Epas1_chr17_10064	2B1	0.8032367825508118
shendure	observed	shendure_obs_zinb	Epas1_chr17_10064	2B2	0.5884661674499512
shendure	observed	shendure_obs_zinb	Epas1_chr17_10064	A1	0.6351284980773926
shendure	observed	shendure_obs_zinb	Epas1_chr17_10064	A2	0.5345122218132019
shendure	observed	shendure_obs_zinb	Epas1_chr17_10064	B1	0.7093923091888428
shendure	observed	shendure_obs_zinb	Epas1_chr17_10064	B2	0.2606983482837677
shendure	observed	shendure_obs_zinb	Lama1_chr17_7892	2B1	0.2388274073600769
shendure	observed	shendure_obs_zinb	Lama1_chr17_7892	2B2	0.2750321924686432
shendure	observed	shendure_obs_zinb	Lama1_chr17_7892	A1	0.8362133502960205
shendure	observed	shendure_obs_zinb	Lama1_chr17_7892	A2	0.25410738587379456
shendure	observed	shendure_obs_zinb	Lama1_chr17_7892	B1	0.5536555051803589
shendure	observed	shendure_obs_zinb	Lama1_chr17_7892	B2	0.5236771702766418
shendure	observed	shendure_obs_zinb	Lama1_chr17_7787	2B1	0.5232723355293274
shendure	observed	shendure_obs_zinb	Lama1_chr17_7787	2B2	0.3469400405883789
shendure	observed	shendure_obs_zinb	Lama1_chr17_7787	A1	0.8853916525840759
shendure	observed	shendure_obs_zinb	Lama1_chr17_7787	A2	0.13530293107032776
shendure	observed	shendure_obs_zinb	Lama1_chr17_7787	B1	0.34342047572135925
shendure	observed	shendure_obs_zinb	Lama1_chr17_7787	B2	0.5825450420379639
shendure	observed	shendure_obs_zinb	Lamc1_chr1_12183	2B1	0.6787084937095642
shendure	observed	shendure_obs_zinb	Lamc1_chr1_12183	2B2	0.9512861967086792
shendure	observed	shendure_obs_zinb	Lamc1_chr1_12183	A1	0.9208617210388184
shendure	observed	shendure_obs_zinb	Lamc1_chr1_12183	A2	0.04656316712498665
shendure	observed	shendure_obs_zinb	Lamc1_chr1_12183	B1	0.2351653277873993
shendure	observed	shendure_obs_zinb	Lamc1_chr1_12183	B2	0.6608524322509766
shendure	observed	shendure_obs_zinb	Lama1_chr17_7907	2B1	0.2895888388156891
shendure	observed	shendure_obs_zinb	Lama1_chr17_7907	2B2	0.12722896039485931
shendure	observed	shendure_obs_zinb	Lama1_chr17_7907	A1	0.9146468639373779
shendure	observed	shendure_obs_zinb	Lama1_chr17_7907	A2	0.6715753078460693
shendure	observed	shendure_obs_zinb	Lama1_chr17_7907	B1	0.7033484578132629
shendure	observed	shendure_obs_zinb	Lama1_chr17_7907	B2	0.5143080353736877
shendure	observed	shendure_obs_zinb	Cited2_chr10_1246	2B1	0.8328040838241577
shendure	observed	shendure_obs_zinb	Cited2_chr10_1246	2B2	0.7413438558578491
shendure	observed	shendure_obs_zinb	Cited2_chr10_1246	A1	0.8336491584777832
shendure	observed	shendure_obs_zinb	Cited2_chr10_1246	A2	0.9493846297264099
shendure	observed	shendure_obs_zinb	Cited2_chr10_1246	B1	0.6404784917831421
shendure	observed	shendure_obs_zinb	Cited2_chr10_1246	B2	0.07588736712932587
shendure	observed	shendure_obs_zinb	Sparc_chr11_7182	2B1	0.9555870890617371
shendure	observed	shendure_obs_zinb	Sparc_chr11_7182	2B2	0.8627790212631226
shendure	observed	shendure_obs_zinb	Sparc_chr11_7182	A1	0.06897823512554169
shendure	observed	shendure_obs_zinb	Sparc_chr11_7182	A2	0.7478171586990356
shendure	observed	shendure_obs_zinb	Sparc_chr11_7182	B1	0.7877426147460938
shendure	observed	shendure_obs_zinb	Sparc_chr11_7182	B2	0.4604201316833496
shendure	observed	shendure_obs_zinb	Sox17_chr1_68	2B1	0.128242626786232
shendure	observed	shendure_obs_zinb	Sox17_chr1_68	2B2	0.557697594165802
shendure	observed	shendure_obs_zinb	Sox17_chr1_68	A1	0.7058473825454712
shendure	observed	shendure_obs_zinb	Sox17_chr1_68	A2	0.6390491724014282
shendure	observed	shendure_obs_zinb	Sox17_chr1_68	B1	0.18933424353599548
shendure	observed	shendure_obs_zinb	Sox17_chr1_68	B2	0.902701735496521
shendure	observed	shendure_obs_zinb	Cited2_chr10_1239	2B1	0.533074676990509
shendure	observed	shendure_obs_zinb	Cited2_chr10_1239	2B2	0.7756187319755554
shendure	observed	shendure_obs_zinb	Cited2_chr10_1239	A1	0.24687868356704712
shendure	observed	shendure_obs_zinb	Cited2_chr10_1239	A2	0.17249013483524323
shendure	observed	shendure_obs_zinb	Cited2_chr10_1239	B1	0.4812392294406891
shendure	observed	shendure_obs_zinb	Cited2_chr10_1239	B2	0.33397263288497925
shendure	observed	shendure_obs_zinb	Cited2_chr10_1270	2B1	0.5534780025482178
shendure	observed	shendure_obs_zinb	Cited2_chr10_1270	2B2	0.918769896030426
shendure	observed	shendure_obs_zinb	Cited2_chr10_1270	A1	0.11878050118684769
shendure	observed	shendure_obs_zinb	Cited2_chr10_1270	A2	0.24153736233711243
shendure	observed	shendure_obs_zinb	Cited2_chr10_1270	B1	0.3259994685649872
shendure	observed	shendure_obs_zinb	Cited2_chr10_1270	B2	0.11846988648176193
shendure	observed	shendure_obs_zinb	Txndc12_chr4_7969	2B1	0.20812353491783142
shendure	observed	shendure_obs_zinb	Txndc12_chr4_7969	2B2	0.06315873563289642
shendure	observed	shendure_obs_zinb	Txndc12_chr4_7969	A1	0.9529243111610413
shendure	observed	shendure_obs_zinb	Txndc12_chr4_7969	A2	0.6244530081748962
shendure	observed	shendure_obs_zinb	Txndc12_chr4_7969	B1	0.6226530075073242
shendure	observed	shendure_obs_zinb	Txndc12_chr4_7969	B2	0.11401550471782684
shendure	consider missing	shendure_cm_zinb_phantom	reference	2B1	0.3088160455226898
shendure	consider missing	shendure_cm_zinb_phantom	reference	2B2	0.3567110300064087
shendure	consider missing	shendure_cm_zinb_phantom	reference	A1	0.6965705752372742
shendure	consider missing	shendure_cm_zinb_phantom	reference	A2	0.7358137965202332
shendure	consider missing	shendure_cm_zinb_phantom	reference	B1	0.5322708487510681
shendure	consider missing	shendure_cm_zinb_phantom	reference	B2	0.5587062239646912
shendure	consider missing	shendure_cm_zinb_phantom	pgk1P	2B1	0.20950686931610107
shendure	consider missing	shendure_cm_zinb_phantom	pgk1P	2B2	0.25571390986442566
shendure	consider missing	shendure_cm_zinb_phantom	pgk1P	A1	0.5626673102378845
shendure	consider missing	shendure_cm_zinb_phantom	pgk1P	A2	0.593265950679779
shendure	consider missing	shendure_cm_zinb_phantom	pgk1P	B1	0.5282955765724182
shendure	consider missing	shendure_cm_zinb_phantom	pgk1P	B2	0.5352708101272583
shendure	consider missing	shendure_cm_zinb_phantom	Lamc1_chr1_12152	2B1	0.1791447103023529
shendure	consider missing	shendure_cm_zinb_phantom	Lamc1_chr1_12152	2B2	0.2702861428260803
shendure	consider missing	shendure_cm_zinb_phantom	Lamc1_chr1_12152	A1	0.7885844707489014
shendure	consider missing	shendure_cm_zinb_phantom	Lamc1_chr1_12152	A2	0.7749934196472168
shendure	consider missing	shendure_cm_zinb_phantom	Lamc1_chr1_12152	B1	0.6421763896942139
shendure	consider missing	shendure_cm_zinb_phantom	Lamc1_chr1_12152	B2	0.6576148271560669
shendure	consider missing	shendure_cm_zinb_phantom	ubcP	2B1	0.2837347984313965
shendure	consider missing	shendure_cm_zinb_phantom	ubcP	2B2	0.32345059514045715
shendure	consider missing	shendure_cm_zinb_phantom	ubcP	A1	0.656888484954834
shendure	consider missing	shendure_cm_zinb_phantom	ubcP	A2	0.6632999777793884
shendure	consider missing	shendure_cm_zinb_phantom	ubcP	B1	0.5864740610122681
shendure	consider missing	shendure_cm_zinb_phantom	ubcP	B2	0.5973814129829407
shendure	consider missing	shendure_cm_zinb_phantom	eef1aP	2B1	0.3317699134349823
shendure	consider missing	shendure_cm_zinb_phantom	eef1aP	2B2	0.3456730246543884
shendure	consider missing	shendure_cm_zinb_phantom	eef1aP	A1	0.6579651236534119
shendure	consider missing	shendure_cm_zinb_phantom	eef1aP	A2	0.683455765247345
shendure	consider missing	shendure_cm_zinb_phantom	eef1aP	B1	0.69673752784729
shendure	consider missing	shendure_cm_zinb_phantom	eef1aP	B2	0.6953783631324768
shendure	consider missing	shendure_cm_zinb_phantom	Sparc_chr11_7195	2B1	0.10971756279468536
shendure	consider missing	shendure_cm_zinb_phantom	Sparc_chr11_7195	2B2	0.14158937335014343
shendure	consider missing	shendure_cm_zinb_phantom	Sparc_chr11_7195	A1	0.7874634265899658
shendure	consider missing	shendure_cm_zinb_phantom	Sparc_chr11_7195	A2	0.8367261290550232
shendure	consider missing	shendure_cm_zinb_phantom	Sparc_chr11_7195	B1	0.7215712666511536
shendure	consider missing	shendure_cm_zinb_phantom	Sparc_chr11_7195	B2	0.7371061444282532
shendure	consider missing	shendure_cm_zinb_phantom	Cdk5r1_chr11_12559	2B1	0.28450700640678406
shendure	consider missing	shendure_cm_zinb_phantom	Cdk5r1_chr11_12559	2B2	0.2595955729484558
shendure	consider missing	shendure_cm_zinb_phantom	Cdk5r1_chr11_12559	A1	0.6752169728279114
shendure	consider missing	shendure_cm_zinb_phantom	Cdk5r1_chr11_12559	A2	0.6679506897926331
shendure	consider missing	shendure_cm_zinb_phantom	Cdk5r1_chr11_12559	B1	0.6598118543624878
shendure	consider missing	shendure_cm_zinb_phantom	Cdk5r1_chr11_12559	B2	0.7018227577209473
shendure	consider missing	shendure_cm_zinb_phantom	Lamb1_chr12_2183	2B1	0.21202746033668518
shendure	consider missing	shendure_cm_zinb_phantom	Lamb1_chr12_2183	2B2	0.12734577059745789
shendure	consider missing	shendure_cm_zinb_phantom	Lamb1_chr12_2183	A1	0.8214820027351379
shendure	consider missing	shendure_cm_zinb_phantom	Lamb1_chr12_2183	A2	0.8299314975738525
shendure	consider missing	shendure_cm_zinb_phantom	Lamb1_chr12_2183	B1	0.8344179391860962
shendure	consider missing	shendure_cm_zinb_phantom	Lamb1_chr12_2183	B2	0.8271961808204651
shendure	consider missing	shendure_cm_zinb_phantom	Sox2_chr3_2009	2B1	0.18374671041965485
shendure	consider missing	shendure_cm_zinb_phantom	Sox2_chr3_2009	2B2	0.17555253207683563
shendure	consider missing	shendure_cm_zinb_phantom	Sox2_chr3_2009	A1	0.7656234502792358
shendure	consider missing	shendure_cm_zinb_phantom	Sox2_chr3_2009	A2	0.7652646899223328
shendure	consider missing	shendure_cm_zinb_phantom	Sox2_chr3_2009	B1	0.649712860584259
shendure	consider missing	shendure_cm_zinb_phantom	Sox2_chr3_2009	B2	0.6944372653961182
shendure	consider missing	shendure_cm_zinb_phantom	Sox17_chr1_82	2B1	0.08762488514184952
shendure	consider missing	shendure_cm_zinb_phantom	Sox17_chr1_82	2B2	0.20053818821907043
shendure	consider missing	shendure_cm_zinb_phantom	Sox17_chr1_82	A1	0.8380158543586731
shendure	consider missing	shendure_cm_zinb_phantom	Sox17_chr1_82	A2	0.8238356113433838
shendure	consider missing	shendure_cm_zinb_phantom	Sox17_chr1_82	B1	0.7761812806129456
shendure	consider missing	shendure_cm_zinb_phantom	Sox17_chr1_82	B2	0.6915947198867798
shendure	consider missing	shendure_cm_zinb_phantom	Tubb2b_chr13_2576	2B1	0.1608790010213852
shendure	consider missing	shendure_cm_zinb_phantom	Tubb2b_chr13_2576	2B2	0.38461554050445557
shendure	consider missing	shendure_cm_zinb_phantom	Tubb2b_chr13_2576	A1	0.8069133162498474
shendure	consider missing	shendure_cm_zinb_phantom	Tubb2b_chr13_2576	A2	0.8135824799537659
shendure	consider missing	shendure_cm_zinb_phantom	Tubb2b_chr13_2576	B1	0.7917880415916443
shendure	consider missing	shendure_cm_zinb_phantom	Tubb2b_chr13_2576	B2	0.760824978351593
shendure	consider missing	shendure_cm_zinb_phantom	Col5a1_chr2_2558	2B1	0.39526817202568054
shendure	consider missing	shendure_cm_zinb_phantom	Col5a1_chr2_2558	2B2	0.23627182841300964
shendure	consider missing	shendure_cm_zinb_phantom	Col5a1_chr2_2558	A1	0.5963796973228455
shendure	consider missing	shendure_cm_zinb_phantom	Col5a1_chr2_2558	A2	0.6833065748214722
shendure	consider missing	shendure_cm_zinb_phantom	Col5a1_chr2_2558	B1	0.6751493811607361
shendure	consider missing	shendure_cm_zinb_phantom	Col5a1_chr2_2558	B2	0.6704883575439453
shendure	consider missing	shendure_cm_zinb_phantom	Klf4_chr4_3946	2B1	0.20560583472251892
shendure	consider missing	shendure_cm_zinb_phantom	Klf4_chr4_3946	2B2	0.13573934137821198
shendure	consider missing	shendure_cm_zinb_phantom	Klf4_chr4_3946	A1	0.6203445196151733
shendure	consider missing	shendure_cm_zinb_phantom	Klf4_chr4_3946	A2	0.7642900943756104
shendure	consider missing	shendure_cm_zinb_phantom	Klf4_chr4_3946	B1	0.5571902394294739
shendure	consider missing	shendure_cm_zinb_phantom	Klf4_chr4_3946	B2	0.5690693259239197
shendure	consider missing	shendure_cm_zinb_phantom	Col1a2_chr6_77	2B1	0.2784612476825714
shendure	consider missing	shendure_cm_zinb_phantom	Col1a2_chr6_77	2B2	0.35111677646636963
shendure	consider missing	shendure_cm_zinb_phantom	Col1a2_chr6_77	A1	0.8088754415512085
shendure	consider missing	shendure_cm_zinb_phantom	Col1a2_chr6_77	A2	0.810413658618927
shendure	consider missing	shendure_cm_zinb_phantom	Col1a2_chr6_77	B1	0.8014647960662842
shendure	consider missing	shendure_cm_zinb_phantom	Col1a2_chr6_77	B2	0.8105136752128601
shendure	consider missing	shendure_cm_zinb_phantom	Txndc12_chr4_7951	2B1	0.23198938369750977
shendure	consider missing	shendure_cm_zinb_phantom	Txndc12_chr4_7951	2B2	0.2761778235435486
shendure	consider missing	shendure_cm_zinb_phantom	Txndc12_chr4_7951	A1	0.6953587532043457
shendure	consider missing	shendure_cm_zinb_phantom	Txndc12_chr4_7951	A2	0.6732502579689026
shendure	consider missing	shendure_cm_zinb_phantom	Txndc12_chr4_7951	B1	0.7295804023742676
shendure	consider missing	shendure_cm_zinb_phantom	Txndc12_chr4_7951	B2	0.6833570003509521
shendure	consider missing	shendure_cm_zinb_phantom	Igfbp4_chr11_16740	2B1	0.18807627260684967
shendure	consider missing	shendure_cm_zinb_phantom	Igfbp4_chr11_16740	2B2	0.3757719099521637
shendure	consider missing	shendure_cm_zinb_phantom	Igfbp4_chr11_16740	A1	0.7882217168807983
shendure	consider missing	shendure_cm_zinb_phantom	Igfbp4_chr11_16740	A2	0.8105680346488953
shendure	consider missing	shendure_cm_zinb_phantom	Igfbp4_chr11_16740	B1	0.7753827571868896
shendure	consider missing	shendure_cm_zinb_phantom	Igfbp4_chr11_16740	B2	0.7696016430854797
shendure	consider missing	shendure_cm_zinb_phantom	Igfbp4_chr11_16743	2B1	0.026606237515807152
shendure	consider missing	shendure_cm_zinb_phantom	Igfbp4_chr11_16743	2B2	0.05294870212674141
shendure	consider missing	shendure_cm_zinb_phantom	Igfbp4_chr11_16743	A1	0.9658021926879883
shendure	consider missing	shendure_cm_zinb_phantom	Igfbp4_chr11_16743	A2	0.9713747501373291
shendure	consider missing	shendure_cm_zinb_phantom	Igfbp4_chr11_16743	B1	0.8923983573913574
shendure	consider missing	shendure_cm_zinb_phantom	Igfbp4_chr11_16743	B2	0.927381694316864
shendure	consider missing	shendure_cm_zinb_phantom	Tubb2b_chr13_2568	2B1	0.13720101118087769
shendure	consider missing	shendure_cm_zinb_phantom	Tubb2b_chr13_2568	2B2	0.31170496344566345
shendure	consider missing	shendure_cm_zinb_phantom	Tubb2b_chr13_2568	A1	0.7793771028518677
shendure	consider missing	shendure_cm_zinb_phantom	Tubb2b_chr13_2568	A2	0.8051669001579285
shendure	consider missing	shendure_cm_zinb_phantom	Tubb2b_chr13_2568	B1	0.7470254898071289
shendure	consider missing	shendure_cm_zinb_phantom	Tubb2b_chr13_2568	B2	0.7473649382591248
shendure	consider missing	shendure_cm_zinb_phantom	Map1b_chr13_9447	2B1	0.3117603063583374
shendure	consider missing	shendure_cm_zinb_phantom	Map1b_chr13_9447	2B2	0.3562937378883362
shendure	consider missing	shendure_cm_zinb_phantom	Map1b_chr13_9447	A1	0.6530181169509888
shendure	consider missing	shendure_cm_zinb_phantom	Map1b_chr13_9447	A2	0.6942239999771118
shendure	consider missing	shendure_cm_zinb_phantom	Map1b_chr13_9447	B1	0.6778045892715454
shendure	consider missing	shendure_cm_zinb_phantom	Map1b_chr13_9447	B2	0.6972193717956543
shendure	consider missing	shendure_cm_zinb_phantom	Sox2_chr3_2007	2B1	0.13407689332962036
shendure	consider missing	shendure_cm_zinb_phantom	Sox2_chr3_2007	2B2	0.17316541075706482
shendure	consider missing	shendure_cm_zinb_phantom	Sox2_chr3_2007	A1	0.8572298884391785
shendure	consider missing	shendure_cm_zinb_phantom	Sox2_chr3_2007	A2	0.8663881421089172
shendure	consider missing	shendure_cm_zinb_phantom	Sox2_chr3_2007	B1	0.8491696119308472
shendure	consider missing	shendure_cm_zinb_phantom	Sox2_chr3_2007	B2	0.8803017735481262
shendure	consider missing	shendure_cm_zinb_phantom	Lamc1_chr1_12185	2B1	0.13919582962989807
shendure	consider missing	shendure_cm_zinb_phantom	Lamc1_chr1_12185	2B2	0.04284266382455826
shendure	consider missing	shendure_cm_zinb_phantom	Lamc1_chr1_12185	A1	0.9311520457267761
shendure	consider missing	shendure_cm_zinb_phantom	Lamc1_chr1_12185	A2	0.9021827578544617
shendure	consider missing	shendure_cm_zinb_phantom	Lamc1_chr1_12185	B1	0.9197370409965515
shendure	consider missing	shendure_cm_zinb_phantom	Lamc1_chr1_12185	B2	0.9230419397354126
shendure	consider missing	shendure_cm_zinb_phantom	Cdk5r1_chr11_12575	2B1	0.3854977786540985
shendure	consider missing	shendure_cm_zinb_phantom	Cdk5r1_chr11_12575	2B2	0.17238184809684753
shendure	consider missing	shendure_cm_zinb_phantom	Cdk5r1_chr11_12575	A1	0.7503283619880676
shendure	consider missing	shendure_cm_zinb_phantom	Cdk5r1_chr11_12575	A2	0.6571255326271057
shendure	consider missing	shendure_cm_zinb_phantom	Cdk5r1_chr11_12575	B1	0.6482136845588684
shendure	consider missing	shendure_cm_zinb_phantom	Cdk5r1_chr11_12575	B2	0.652936577796936
shendure	consider missing	shendure_cm_zinb_phantom	Bend5_chr4_8174	2B1	0.39979350566864014
shendure	consider missing	shendure_cm_zinb_phantom	Bend5_chr4_8174	2B2	0.38133856654167175
shendure	consider missing	shendure_cm_zinb_phantom	Bend5_chr4_8174	A1	0.7769979238510132
shendure	consider missing	shendure_cm_zinb_phantom	Bend5_chr4_8174	A2	0.741891086101532
shendure	consider missing	shendure_cm_zinb_phantom	Bend5_chr4_8174	B1	0.4906340539455414
shendure	consider missing	shendure_cm_zinb_phantom	Bend5_chr4_8174	B2	0.2685713768005371
shendure	consider missing	shendure_cm_zinb_phantom	Txndc12_chr4_7978	2B1	0.1985844075679779
shendure	consider missing	shendure_cm_zinb_phantom	Txndc12_chr4_7978	2B2	0.34573957324028015
shendure	consider missing	shendure_cm_zinb_phantom	Txndc12_chr4_7978	A1	0.8333428502082825
shendure	consider missing	shendure_cm_zinb_phantom	Txndc12_chr4_7978	A2	0.8446884751319885
shendure	consider missing	shendure_cm_zinb_phantom	Txndc12_chr4_7978	B1	0.8126776218414307
shendure	consider missing	shendure_cm_zinb_phantom	Txndc12_chr4_7978	B2	0.8266738653182983
shendure	consider missing	shendure_cm_zinb_phantom	Foxa2_chr2_13841	2B1	0.16852642595767975
shendure	consider missing	shendure_cm_zinb_phantom	Foxa2_chr2_13841	2B2	0.11897355318069458
shendure	consider missing	shendure_cm_zinb_phantom	Foxa2_chr2_13841	A1	0.7419686317443848
shendure	consider missing	shendure_cm_zinb_phantom	Foxa2_chr2_13841	A2	0.7616422176361084
shendure	consider missing	shendure_cm_zinb_phantom	Foxa2_chr2_13841	B1	0.6797016859054565
shendure	consider missing	shendure_cm_zinb_phantom	Foxa2_chr2_13841	B2	0.6696054339408875
shendure	consider missing	shendure_cm_zinb_phantom	Igfbp4_chr11_16710	2B1	0.29308924078941345
shendure	consider missing	shendure_cm_zinb_phantom	Igfbp4_chr11_16710	2B2	0.2566429376602173
shendure	consider missing	shendure_cm_zinb_phantom	Igfbp4_chr11_16710	A1	0.6747082471847534
shendure	consider missing	shendure_cm_zinb_phantom	Igfbp4_chr11_16710	A2	0.7498348355293274
shendure	consider missing	shendure_cm_zinb_phantom	Igfbp4_chr11_16710	B1	0.6365411877632141
shendure	consider missing	shendure_cm_zinb_phantom	Igfbp4_chr11_16710	B2	0.6768259406089783
shendure	consider missing	shendure_cm_zinb_phantom	Sox4_chr13_2054	2B1	0.1823970079421997
shendure	consider missing	shendure_cm_zinb_phantom	Sox4_chr13_2054	2B2	0.19916678965091705
shendure	consider missing	shendure_cm_zinb_phantom	Sox4_chr13_2054	A1	0.7277370691299438
shendure	consider missing	shendure_cm_zinb_phantom	Sox4_chr13_2054	A2	0.7469592690467834
shendure	consider missing	shendure_cm_zinb_phantom	Sox4_chr13_2054	B1	0.5523427724838257
shendure	consider missing	shendure_cm_zinb_phantom	Sox4_chr13_2054	B2	0.632900059223175
shendure	consider missing	shendure_cm_zinb_phantom	Bend5_chr4_8199	2B1	0.193919375538826
shendure	consider missing	shendure_cm_zinb_phantom	Bend5_chr4_8199	2B2	0.5061591267585754
shendure	consider missing	shendure_cm_zinb_phantom	Bend5_chr4_8199	A1	0.743712842464447
shendure	consider missing	shendure_cm_zinb_phantom	Bend5_chr4_8199	A2	0.7435459494590759
shendure	consider missing	shendure_cm_zinb_phantom	Bend5_chr4_8199	B1	0.6724873185157776
shendure	consider missing	shendure_cm_zinb_phantom	Bend5_chr4_8199	B2	0.5989745855331421
shendure	consider missing	shendure_cm_zinb_phantom	Bend5_chr4_8201	2B1	0.15034571290016174
shendure	consider missing	shendure_cm_zinb_phantom	Bend5_chr4_8201	2B2	0.25400683283805847
shendure	consider missing	shendure_cm_zinb_phantom	Bend5_chr4_8201	A1	0.7325682044029236
shendure	consider missing	shendure_cm_zinb_phantom	Bend5_chr4_8201	A2	0.827844500541687
shendure	consider missing	shendure_cm_zinb_phantom	Bend5_chr4_8201	B1	0.8703665137290955
shendure	consider missing	shendure_cm_zinb_phantom	Bend5_chr4_8201	B2	0.8387154340744019
shendure	consider missing	shendure_cm_zinb_phantom	Epas1_chr17_10061	2B1	0.33175069093704224
shendure	consider missing	shendure_cm_zinb_phantom	Epas1_chr17_10061	2B2	0.19285911321640015
shendure	consider missing	shendure_cm_zinb_phantom	Epas1_chr17_10061	A1	0.7130491137504578
shendure	consider missing	shendure_cm_zinb_phantom	Epas1_chr17_10061	A2	0.8192298412322998
shendure	consider missing	shendure_cm_zinb_phantom	Epas1_chr17_10061	B1	0.6415224671363831
shendure	consider missing	shendure_cm_zinb_phantom	Epas1_chr17_10061	B2	0.7155665159225464
shendure	consider missing	shendure_cm_zinb_phantom	Cdk5r1_chr11_12582	2B1	0.11187376081943512
shendure	consider missing	shendure_cm_zinb_phantom	Cdk5r1_chr11_12582	2B2	0.3049223721027374
shendure	consider missing	shendure_cm_zinb_phantom	Cdk5r1_chr11_12582	A1	0.8569117188453674
shendure	consider missing	shendure_cm_zinb_phantom	Cdk5r1_chr11_12582	A2	0.8211264610290527
shendure	consider missing	shendure_cm_zinb_phantom	Cdk5r1_chr11_12582	B1	0.8238797187805176
shendure	consider missing	shendure_cm_zinb_phantom	Cdk5r1_chr11_12582	B2	0.8439580798149109
shendure	consider missing	shendure_cm_zinb_phantom	Col1a1_chr11_15307	2B1	0.1835005283355713
shendure	consider missing	shendure_cm_zinb_phantom	Col1a1_chr11_15307	2B2	0.2908026874065399
shendure	consider missing	shendure_cm_zinb_phantom	Col1a1_chr11_15307	A1	0.8271659016609192
shendure	consider missing	shendure_cm_zinb_phantom	Col1a1_chr11_15307	A2	0.798919677734375
shendure	consider missing	shendure_cm_zinb_phantom	Col1a1_chr11_15307	B1	0.7242754697799683
shendure	consider missing	shendure_cm_zinb_phantom	Col1a1_chr11_15307	B2	0.7847430109977722
shendure	consider missing	shendure_cm_zinb_phantom	Col5a1_chr2_2565	2B1	0.21120570600032806
shendure	consider missing	shendure_cm_zinb_phantom	Col5a1_chr2_2565	2B2	0.1676401048898697
shendure	consider missing	shendure_cm_zinb_phantom	Col5a1_chr2_2565	A1	0.8977932929992676
shendure	consider missing	shendure_cm_zinb_phantom	Col5a1_chr2_2565	A2	0.8450274467468262
shendure	consider missing	shendure_cm_zinb_phantom	Col5a1_chr2_2565	B1	0.8144761919975281
shendure	consider missing	shendure_cm_zinb_phantom	Col5a1_chr2_2565	B2	0.8319552540779114
shendure	consider missing	shendure_cm_zinb_phantom	Col5a1_chr2_2575	2B1	0.15523558855056763
shendure	consider missing	shendure_cm_zinb_phantom	Col5a1_chr2_2575	2B2	0.4113103151321411
shendure	consider missing	shendure_cm_zinb_phantom	Col5a1_chr2_2575	A1	0.6422092318534851
shendure	consider missing	shendure_cm_zinb_phantom	Col5a1_chr2_2575	A2	0.6481907963752747
shendure	consider missing	shendure_cm_zinb_phantom	Col5a1_chr2_2575	B1	0.6325752139091492
shendure	consider missing	shendure_cm_zinb_phantom	Col5a1_chr2_2575	B2	0.660487174987793
shendure	consider missing	shendure_cm_zinb_phantom	Map1b_chr13_9429	2B1	0.17794443666934967
shendure	consider missing	shendure_cm_zinb_phantom	Map1b_chr13_9429	2B2	0.2959808111190796
shendure	consider missing	shendure_cm_zinb_phantom	Map1b_chr13_9429	A1	0.7489696145057678
shendure	consider missing	shendure_cm_zinb_phantom	Map1b_chr13_9429	A2	0.6961178779602051
shendure	consider missing	shendure_cm_zinb_phantom	Map1b_chr13_9429	B1	0.6860036849975586
shendure	consider missing	shendure_cm_zinb_phantom	Map1b_chr13_9429	B2	0.6822999119758606
shendure	consider missing	shendure_cm_zinb_phantom	Tgfbi_chr13_5705	2B1	0.1832030713558197
shendure	consider missing	shendure_cm_zinb_phantom	Tgfbi_chr13_5705	2B2	0.16443391144275665
shendure	consider missing	shendure_cm_zinb_phantom	Tgfbi_chr13_5705	A1	0.835769534111023
shendure	consider missing	shendure_cm_zinb_phantom	Tgfbi_chr13_5705	A2	0.8491625785827637
shendure	consider missing	shendure_cm_zinb_phantom	Tgfbi_chr13_5705	B1	0.8275949358940125
shendure	consider missing	shendure_cm_zinb_phantom	Tgfbi_chr13_5705	B2	0.826947808265686
shendure	consider missing	shendure_cm_zinb_phantom	Klf4_chr4_3934	2B1	0.11411213874816895
shendure	consider missing	shendure_cm_zinb_phantom	Klf4_chr4_3934	2B2	0.07422126084566116
shendure	consider missing	shendure_cm_zinb_phantom	Klf4_chr4_3934	A1	0.8788942694664001
shendure	consider missing	shendure_cm_zinb_phantom	Klf4_chr4_3934	A2	0.8655702471733093
shendure	consider missing	shendure_cm_zinb_phantom	Klf4_chr4_3934	B1	0.7375087738037109
shendure	consider missing	shendure_cm_zinb_phantom	Klf4_chr4_3934	B2	0.7806336283683777
shendure	consider missing	shendure_cm_zinb_phantom	Bend5_chr4_8175	2B1	0.1885535567998886
shendure	consider missing	shendure_cm_zinb_phantom	Bend5_chr4_8175	2B2	0.26462897658348083
shendure	consider missing	shendure_cm_zinb_phantom	Bend5_chr4_8175	A1	0.7746288180351257
shendure	consider missing	shendure_cm_zinb_phantom	Bend5_chr4_8175	A2	0.7819050550460815
shendure	consider missing	shendure_cm_zinb_phantom	Bend5_chr4_8175	B1	0.7682787775993347
shendure	consider missing	shendure_cm_zinb_phantom	Bend5_chr4_8175	B2	0.739719569683075
shendure	consider missing	shendure_cm_zinb_phantom	Cited2_chr10_1267	2B1	0.15434108674526215
shendure	consider missing	shendure_cm_zinb_phantom	Cited2_chr10_1267	2B2	0.190508633852005
shendure	consider missing	shendure_cm_zinb_phantom	Cited2_chr10_1267	A1	0.7697324156761169
shendure	consider missing	shendure_cm_zinb_phantom	Cited2_chr10_1267	A2	0.7984683513641357
shendure	consider missing	shendure_cm_zinb_phantom	Cited2_chr10_1267	B1	0.5735377669334412
shendure	consider missing	shendure_cm_zinb_phantom	Cited2_chr10_1267	B2	0.3493193984031677
shendure	consider missing	shendure_cm_zinb_phantom	Gata4_chr14_5749	2B1	0.13547654449939728
shendure	consider missing	shendure_cm_zinb_phantom	Gata4_chr14_5749	2B2	0.14006954431533813
shendure	consider missing	shendure_cm_zinb_phantom	Gata4_chr14_5749	A1	0.779144823551178
shendure	consider missing	shendure_cm_zinb_phantom	Gata4_chr14_5749	A2	0.7555537223815918
shendure	consider missing	shendure_cm_zinb_phantom	Gata4_chr14_5749	B1	0.7243672013282776
shendure	consider missing	shendure_cm_zinb_phantom	Gata4_chr14_5749	B2	0.7897493839263916
shendure	consider missing	shendure_cm_zinb_phantom	Epas1_chr17_10056	2B1	0.29762986302375793
shendure	consider missing	shendure_cm_zinb_phantom	Epas1_chr17_10056	2B2	0.24176783859729767
shendure	consider missing	shendure_cm_zinb_phantom	Epas1_chr17_10056	A1	0.515409529209137
shendure	consider missing	shendure_cm_zinb_phantom	Epas1_chr17_10056	A2	0.3295312821865082
shendure	consider missing	shendure_cm_zinb_phantom	Epas1_chr17_10056	B1	0.6335178017616272
shendure	consider missing	shendure_cm_zinb_phantom	Epas1_chr17_10056	B2	0.5619449019432068
shendure	consider missing	shendure_cm_zinb_phantom	Map1b_chr13_9445	2B1	0.1021210104227066
shendure	consider missing	shendure_cm_zinb_phantom	Map1b_chr13_9445	2B2	0.07711374759674072
shendure	consider missing	shendure_cm_zinb_phantom	Map1b_chr13_9445	A1	0.777753472328186
shendure	consider missing	shendure_cm_zinb_phantom	Map1b_chr13_9445	A2	0.8555765151977539
shendure	consider missing	shendure_cm_zinb_phantom	Map1b_chr13_9445	B1	0.7856460809707642
shendure	consider missing	shendure_cm_zinb_phantom	Map1b_chr13_9445	B2	0.8820343613624573
shendure	consider missing	shendure_cm_zinb_phantom	Lamb1_chr12_2296	2B1	0.19596800208091736
shendure	consider missing	shendure_cm_zinb_phantom	Lamb1_chr12_2296	2B2	0.23928886651992798
shendure	consider missing	shendure_cm_zinb_phantom	Lamb1_chr12_2296	A1	0.6957204341888428
shendure	consider missing	shendure_cm_zinb_phantom	Lamb1_chr12_2296	A2	0.7327023148536682
shendure	consider missing	shendure_cm_zinb_phantom	Lamb1_chr12_2296	B1	0.5439271926879883
shendure	consider missing	shendure_cm_zinb_phantom	Lamb1_chr12_2296	B2	0.5404852628707886
shendure	consider missing	shendure_cm_zinb_phantom	Tubb2b_chr13_2557	2B1	0.12511850893497467
shendure	consider missing	shendure_cm_zinb_phantom	Tubb2b_chr13_2557	2B2	0.48802390694618225
shendure	consider missing	shendure_cm_zinb_phantom	Tubb2b_chr13_2557	A1	0.9060382843017578
shendure	consider missing	shendure_cm_zinb_phantom	Tubb2b_chr13_2557	A2	0.9202159643173218
shendure	consider missing	shendure_cm_zinb_phantom	Tubb2b_chr13_2557	B1	0.8486838340759277
shendure	consider missing	shendure_cm_zinb_phantom	Tubb2b_chr13_2557	B2	0.8680731058120728
shendure	consider missing	shendure_cm_zinb_phantom	Col1a1_chr11_15259	2B1	0.14388339221477509
shendure	consider missing	shendure_cm_zinb_phantom	Col1a1_chr11_15259	2B2	0.07550985366106033
shendure	consider missing	shendure_cm_zinb_phantom	Col1a1_chr11_15259	A1	0.8889069557189941
shendure	consider missing	shendure_cm_zinb_phantom	Col1a1_chr11_15259	A2	0.7543350458145142
shendure	consider missing	shendure_cm_zinb_phantom	Col1a1_chr11_15259	B1	0.7817560434341431
shendure	consider missing	shendure_cm_zinb_phantom	Col1a1_chr11_15259	B2	0.7588940262794495
shendure	consider missing	shendure_cm_zinb_phantom	Btg1_chr10_9593	2B1	0.24342384934425354
shendure	consider missing	shendure_cm_zinb_phantom	Btg1_chr10_9593	2B2	0.3984718322753906
shendure	consider missing	shendure_cm_zinb_phantom	Btg1_chr10_9593	A1	0.7655132412910461
shendure	consider missing	shendure_cm_zinb_phantom	Btg1_chr10_9593	A2	0.7686713337898254
shendure	consider missing	shendure_cm_zinb_phantom	Btg1_chr10_9593	B1	0.481360524892807
shendure	consider missing	shendure_cm_zinb_phantom	Btg1_chr10_9593	B2	0.4199289083480835
shendure	consider missing	shendure_cm_zinb_phantom	Lamb1_chr12_2216	2B1	0.15141910314559937
shendure	consider missing	shendure_cm_zinb_phantom	Lamb1_chr12_2216	2B2	0.2905341386795044
shendure	consider missing	shendure_cm_zinb_phantom	Lamb1_chr12_2216	A1	0.6878514885902405
shendure	consider missing	shendure_cm_zinb_phantom	Lamb1_chr12_2216	A2	0.7378522157669067
shendure	consider missing	shendure_cm_zinb_phantom	Lamb1_chr12_2216	B1	0.7130879759788513
shendure	consider missing	shendure_cm_zinb_phantom	Lamb1_chr12_2216	B2	0.7598746418952942
shendure	consider missing	shendure_cm_zinb_phantom	Gata4_chr14_5742	2B1	0.1377653330564499
shendure	consider missing	shendure_cm_zinb_phantom	Gata4_chr14_5742	2B2	0.15312951803207397
shendure	consider missing	shendure_cm_zinb_phantom	Gata4_chr14_5742	A1	0.7225794792175293
shendure	consider missing	shendure_cm_zinb_phantom	Gata4_chr14_5742	A2	0.7383097410202026
shendure	consider missing	shendure_cm_zinb_phantom	Gata4_chr14_5742	B1	0.7487836480140686
shendure	consider missing	shendure_cm_zinb_phantom	Gata4_chr14_5742	B2	0.7833263874053955
shendure	consider missing	shendure_cm_zinb_phantom	Foxa2_chr2_13840	2B1	0.13135097920894623
shendure	consider missing	shendure_cm_zinb_phantom	Foxa2_chr2_13840	2B2	0.23268255591392517
shendure	consider missing	shendure_cm_zinb_phantom	Foxa2_chr2_13840	A1	0.7738629579544067
shendure	consider missing	shendure_cm_zinb_phantom	Foxa2_chr2_13840	A2	0.7087615728378296
shendure	consider missing	shendure_cm_zinb_phantom	Foxa2_chr2_13840	B1	0.7241644859313965
shendure	consider missing	shendure_cm_zinb_phantom	Foxa2_chr2_13840	B2	0.7564437985420227
shendure	consider missing	shendure_cm_zinb_phantom	Col5a1_chr2_2576	2B1	0.10506995767354965
shendure	consider missing	shendure_cm_zinb_phantom	Col5a1_chr2_2576	2B2	0.3904496729373932
shendure	consider missing	shendure_cm_zinb_phantom	Col5a1_chr2_2576	A1	0.7122148275375366
shendure	consider missing	shendure_cm_zinb_phantom	Col5a1_chr2_2576	A2	0.7793689370155334
shendure	consider missing	shendure_cm_zinb_phantom	Col5a1_chr2_2576	B1	0.6555761694908142
shendure	consider missing	shendure_cm_zinb_phantom	Col5a1_chr2_2576	B2	0.7544623017311096
shendure	consider missing	shendure_cm_zinb_phantom	Tgfbi_chr13_5735	2B1	0.2345091998577118
shendure	consider missing	shendure_cm_zinb_phantom	Tgfbi_chr13_5735	2B2	0.12205210328102112
shendure	consider missing	shendure_cm_zinb_phantom	Tgfbi_chr13_5735	A1	0.6357938647270203
shendure	consider missing	shendure_cm_zinb_phantom	Tgfbi_chr13_5735	A2	0.7993378043174744
shendure	consider missing	shendure_cm_zinb_phantom	Tgfbi_chr13_5735	B1	0.8198946714401245
shendure	consider missing	shendure_cm_zinb_phantom	Tgfbi_chr13_5735	B2	0.7183027863502502
shendure	consider missing	shendure_cm_zinb_phantom	Sox4_chr13_2057	2B1	0.202011376619339
shendure	consider missing	shendure_cm_zinb_phantom	Sox4_chr13_2057	2B2	0.18470865488052368
shendure	consider missing	shendure_cm_zinb_phantom	Sox4_chr13_2057	A1	0.6780841946601868
shendure	consider missing	shendure_cm_zinb_phantom	Sox4_chr13_2057	A2	0.7281410098075867
shendure	consider missing	shendure_cm_zinb_phantom	Sox4_chr13_2057	B1	0.42677974700927734
shendure	consider missing	shendure_cm_zinb_phantom	Sox4_chr13_2057	B2	0.6275798082351685
shendure	consider missing	shendure_cm_zinb_phantom	Foxa2_chr2_13861	2B1	0.15983997285366058
shendure	consider missing	shendure_cm_zinb_phantom	Foxa2_chr2_13861	2B2	0.3468511700630188
shendure	consider missing	shendure_cm_zinb_phantom	Foxa2_chr2_13861	A1	0.8852971792221069
shendure	consider missing	shendure_cm_zinb_phantom	Foxa2_chr2_13861	A2	0.49485817551612854
shendure	consider missing	shendure_cm_zinb_phantom	Foxa2_chr2_13861	B1	0.5744658708572388
shendure	consider missing	shendure_cm_zinb_phantom	Foxa2_chr2_13861	B2	0.47487232089042664
shendure	consider missing	shendure_cm_zinb_phantom	Epas1_chr17_10070	2B1	0.0978904739022255
shendure	consider missing	shendure_cm_zinb_phantom	Epas1_chr17_10070	2B2	0.34293481707572937
shendure	consider missing	shendure_cm_zinb_phantom	Epas1_chr17_10070	A1	0.8336578011512756
shendure	consider missing	shendure_cm_zinb_phantom	Epas1_chr17_10070	A2	0.8476864099502563
shendure	consider missing	shendure_cm_zinb_phantom	Epas1_chr17_10070	B1	0.6967405080795288
shendure	consider missing	shendure_cm_zinb_phantom	Epas1_chr17_10070	B2	0.727349579334259
shendure	consider missing	shendure_cm_zinb_phantom	Lama1_chr17_7814	2B1	0.28695034980773926
shendure	consider missing	shendure_cm_zinb_phantom	Lama1_chr17_7814	2B2	0.2992278039455414
shendure	consider missing	shendure_cm_zinb_phantom	Lama1_chr17_7814	A1	0.7836040258407593
shendure	consider missing	shendure_cm_zinb_phantom	Lama1_chr17_7814	A2	0.8209826946258545
shendure	consider missing	shendure_cm_zinb_phantom	Lama1_chr17_7814	B1	0.7183339595794678
shendure	consider missing	shendure_cm_zinb_phantom	Lama1_chr17_7814	B2	0.757614254951477
shendure	consider missing	shendure_cm_zinb_phantom	Gata4_chr14_5763	2B1	0.18549855053424835
shendure	consider missing	shendure_cm_zinb_phantom	Gata4_chr14_5763	2B2	0.49192574620246887
shendure	consider missing	shendure_cm_zinb_phantom	Gata4_chr14_5763	A1	0.727979838848114
shendure	consider missing	shendure_cm_zinb_phantom	Gata4_chr14_5763	A2	0.7159598469734192
shendure	consider missing	shendure_cm_zinb_phantom	Gata4_chr14_5763	B1	0.4188879430294037
shendure	consider missing	shendure_cm_zinb_phantom	Gata4_chr14_5763	B2	0.31517159938812256
shendure	consider missing	shendure_cm_zinb_phantom	Sparc_chr11_7205	2B1	0.22167663276195526
shendure	consider missing	shendure_cm_zinb_phantom	Sparc_chr11_7205	2B2	0.1934618353843689
shendure	consider missing	shendure_cm_zinb_phantom	Sparc_chr11_7205	A1	0.6353329420089722
shendure	consider missing	shendure_cm_zinb_phantom	Sparc_chr11_7205	A2	0.6944446563720703
shendure	consider missing	shendure_cm_zinb_phantom	Sparc_chr11_7205	B1	0.630757749080658
shendure	consider missing	shendure_cm_zinb_phantom	Sparc_chr11_7205	B2	0.6979988813400269
shendure	consider missing	shendure_cm_zinb_phantom	Epas1_chr17_10066	2B1	0.1399417221546173
shendure	consider missing	shendure_cm_zinb_phantom	Epas1_chr17_10066	2B2	0.6149564981460571
shendure	consider missing	shendure_cm_zinb_phantom	Epas1_chr17_10066	A1	0.8584303259849548
shendure	consider missing	shendure_cm_zinb_phantom	Epas1_chr17_10066	A2	0.820935845375061
shendure	consider missing	shendure_cm_zinb_phantom	Epas1_chr17_10066	B1	0.8285694718360901
shendure	consider missing	shendure_cm_zinb_phantom	Epas1_chr17_10066	B2	0.75306236743927
shendure	consider missing	shendure_cm_zinb_phantom	Tubb2b_chr13_2580	2B1	0.1055905744433403
shendure	consider missing	shendure_cm_zinb_phantom	Tubb2b_chr13_2580	2B2	0.07443664968013763
shendure	consider missing	shendure_cm_zinb_phantom	Tubb2b_chr13_2580	A1	0.8404543995857239
shendure	consider missing	shendure_cm_zinb_phantom	Tubb2b_chr13_2580	A2	0.832108736038208
shendure	consider missing	shendure_cm_zinb_phantom	Tubb2b_chr13_2580	B1	0.8562817573547363
shendure	consider missing	shendure_cm_zinb_phantom	Tubb2b_chr13_2580	B2	0.8715289235115051
shendure	consider missing	shendure_cm_zinb_phantom	Col1a1_chr11_15258	2B1	0.2516302168369293
shendure	consider missing	shendure_cm_zinb_phantom	Col1a1_chr11_15258	2B2	0.21227242052555084
shendure	consider missing	shendure_cm_zinb_phantom	Col1a1_chr11_15258	A1	0.6272901296615601
shendure	consider missing	shendure_cm_zinb_phantom	Col1a1_chr11_15258	A2	0.7623701691627502
shendure	consider missing	shendure_cm_zinb_phantom	Col1a1_chr11_15258	B1	0.6860798597335815
shendure	consider missing	shendure_cm_zinb_phantom	Col1a1_chr11_15258	B2	0.684052586555481
shendure	consider missing	shendure_cm_zinb_phantom	Lama1_chr17_7793	2B1	0.07666628807783127
shendure	consider missing	shendure_cm_zinb_phantom	Lama1_chr17_7793	2B2	0.6200292110443115
shendure	consider missing	shendure_cm_zinb_phantom	Lama1_chr17_7793	A1	0.6126973032951355
shendure	consider missing	shendure_cm_zinb_phantom	Lama1_chr17_7793	A2	0.7038149237632751
shendure	consider missing	shendure_cm_zinb_phantom	Lama1_chr17_7793	B1	0.7714540958404541
shendure	consider missing	shendure_cm_zinb_phantom	Lama1_chr17_7793	B2	0.7766190767288208
shendure	consider missing	shendure_cm_zinb_phantom	Igfbp4_chr11_16711	2B1	0.13781461119651794
shendure	consider missing	shendure_cm_zinb_phantom	Igfbp4_chr11_16711	2B2	0.262292742729187
shendure	consider missing	shendure_cm_zinb_phantom	Igfbp4_chr11_16711	A1	0.8021411895751953
shendure	consider missing	shendure_cm_zinb_phantom	Igfbp4_chr11_16711	A2	0.7416022419929504
shendure	consider missing	shendure_cm_zinb_phantom	Igfbp4_chr11_16711	B1	0.7456109523773193
shendure	consider missing	shendure_cm_zinb_phantom	Igfbp4_chr11_16711	B2	0.7490807175636292
shendure	consider missing	shendure_cm_zinb_phantom	Klf4_chr4_3949	2B1	0.20962487161159515
shendure	consider missing	shendure_cm_zinb_phantom	Klf4_chr4_3949	2B2	0.2285972386598587
shendure	consider missing	shendure_cm_zinb_phantom	Klf4_chr4_3949	A1	0.7526402473449707
shendure	consider missing	shendure_cm_zinb_phantom	Klf4_chr4_3949	A2	0.7233349680900574
shendure	consider missing	shendure_cm_zinb_phantom	Klf4_chr4_3949	B1	0.7193253040313721
shendure	consider missing	shendure_cm_zinb_phantom	Klf4_chr4_3949	B2	0.6719558835029602
shendure	consider missing	shendure_cm_zinb_phantom	Col1a1_chr11_15275	2B1	0.4391697645187378
shendure	consider missing	shendure_cm_zinb_phantom	Col1a1_chr11_15275	2B2	0.28040996193885803
shendure	consider missing	shendure_cm_zinb_phantom	Col1a1_chr11_15275	A1	0.7777347564697266
shendure	consider missing	shendure_cm_zinb_phantom	Col1a1_chr11_15275	A2	0.7047087550163269
shendure	consider missing	shendure_cm_zinb_phantom	Col1a1_chr11_15275	B1	0.6830069422721863
shendure	consider missing	shendure_cm_zinb_phantom	Col1a1_chr11_15275	B2	0.6971625089645386
shendure	consider missing	shendure_cm_zinb_phantom	Tgfbi_chr13_5724	2B1	0.3468012809753418
shendure	consider missing	shendure_cm_zinb_phantom	Tgfbi_chr13_5724	2B2	0.10865101963281631
shendure	consider missing	shendure_cm_zinb_phantom	Tgfbi_chr13_5724	A1	0.7341506481170654
shendure	consider missing	shendure_cm_zinb_phantom	Tgfbi_chr13_5724	A2	0.7518408298492432
shendure	consider missing	shendure_cm_zinb_phantom	Tgfbi_chr13_5724	B1	0.5757127404212952
shendure	consider missing	shendure_cm_zinb_phantom	Tgfbi_chr13_5724	B2	0.5587902069091797
shendure	consider missing	shendure_cm_zinb_phantom	Cited2_chr10_1254	2B1	0.16784119606018066
shendure	consider missing	shendure_cm_zinb_phantom	Cited2_chr10_1254	2B2	0.4460141956806183
shendure	consider missing	shendure_cm_zinb_phantom	Cited2_chr10_1254	A1	0.7569134831428528
shendure	consider missing	shendure_cm_zinb_phantom	Cited2_chr10_1254	A2	0.7653157711029053
shendure	consider missing	shendure_cm_zinb_phantom	Cited2_chr10_1254	B1	0.7388243079185486
shendure	consider missing	shendure_cm_zinb_phantom	Cited2_chr10_1254	B2	0.7632051110267639
shendure	consider missing	shendure_cm_zinb_phantom	Sox17_chr1_59	2B1	0.30516234040260315
shendure	consider missing	shendure_cm_zinb_phantom	Sox17_chr1_59	2B2	0.2350793480873108
shendure	consider missing	shendure_cm_zinb_phantom	Sox17_chr1_59	A1	0.6516136527061462
shendure	consider missing	shendure_cm_zinb_phantom	Sox17_chr1_59	A2	0.6829715967178345
shendure	consider missing	shendure_cm_zinb_phantom	Sox17_chr1_59	B1	0.758804202079773
shendure	consider missing	shendure_cm_zinb_phantom	Sox17_chr1_59	B2	0.5441442728042603
shendure	consider missing	shendure_cm_zinb_phantom	Sparc_chr11_7235	2B1	0.19480000436306
shendure	consider missing	shendure_cm_zinb_phantom	Sparc_chr11_7235	2B2	0.4765206277370453
shendure	consider missing	shendure_cm_zinb_phantom	Sparc_chr11_7235	A1	0.7351542115211487
shendure	consider missing	shendure_cm_zinb_phantom	Sparc_chr11_7235	A2	0.7261360287666321
shendure	consider missing	shendure_cm_zinb_phantom	Sparc_chr11_7235	B1	0.7683257460594177
shendure	consider missing	shendure_cm_zinb_phantom	Sparc_chr11_7235	B2	0.7866307497024536
shendure	consider missing	shendure_cm_zinb_phantom	Sox4_chr13_2055	2B1	0.37395748496055603
shendure	consider missing	shendure_cm_zinb_phantom	Sox4_chr13_2055	2B2	0.29327771067619324
shendure	consider missing	shendure_cm_zinb_phantom	Sox4_chr13_2055	A1	0.6755494475364685
shendure	consider missing	shendure_cm_zinb_phantom	Sox4_chr13_2055	A2	0.6196504831314087
shendure	consider missing	shendure_cm_zinb_phantom	Sox4_chr13_2055	B1	0.24964335560798645
shendure	consider missing	shendure_cm_zinb_phantom	Sox4_chr13_2055	B2	0.24464452266693115
shendure	consider missing	shendure_cm_zinb_phantom	Sparc_chr11_7180	2B1	0.5177506804466248
shendure	consider missing	shendure_cm_zinb_phantom	Sparc_chr11_7180	2B2	0.32517683506011963
shendure	consider missing	shendure_cm_zinb_phantom	Sparc_chr11_7180	A1	0.8570593595504761
shendure	consider missing	shendure_cm_zinb_phantom	Sparc_chr11_7180	A2	0.6384626626968384
shendure	consider missing	shendure_cm_zinb_phantom	Sparc_chr11_7180	B1	0.25339460372924805
shendure	consider missing	shendure_cm_zinb_phantom	Sparc_chr11_7180	B2	0.7453646659851074
shendure	consider missing	shendure_cm_zinb_phantom	Tgfbi_chr13_5741	2B1	0.20197898149490356
shendure	consider missing	shendure_cm_zinb_phantom	Tgfbi_chr13_5741	2B2	0.2657519578933716
shendure	consider missing	shendure_cm_zinb_phantom	Tgfbi_chr13_5741	A1	0.7520456314086914
shendure	consider missing	shendure_cm_zinb_phantom	Tgfbi_chr13_5741	A2	0.8029350638389587
shendure	consider missing	shendure_cm_zinb_phantom	Tgfbi_chr13_5741	B1	0.7517186999320984
shendure	consider missing	shendure_cm_zinb_phantom	Tgfbi_chr13_5741	B2	0.765368640422821
shendure	consider missing	shendure_cm_zinb_phantom	Lamb1_chr12_2239	2B1	0.19926869869232178
shendure	consider missing	shendure_cm_zinb_phantom	Lamb1_chr12_2239	2B2	0.3277665674686432
shendure	consider missing	shendure_cm_zinb_phantom	Lamb1_chr12_2239	A1	0.8597455024719238
shendure	consider missing	shendure_cm_zinb_phantom	Lamb1_chr12_2239	A2	0.8489817380905151
shendure	consider missing	shendure_cm_zinb_phantom	Lamb1_chr12_2239	B1	0.7511328458786011
shendure	consider missing	shendure_cm_zinb_phantom	Lamb1_chr12_2239	B2	0.7621205449104309
shendure	consider missing	shendure_cm_zinb_phantom	Cdk5r1_chr11_12562	2B1	0.12141069769859314
shendure	consider missing	shendure_cm_zinb_phantom	Cdk5r1_chr11_12562	2B2	0.23762178421020508
shendure	consider missing	shendure_cm_zinb_phantom	Cdk5r1_chr11_12562	A1	0.7934499979019165
shendure	consider missing	shendure_cm_zinb_phantom	Cdk5r1_chr11_12562	A2	0.8516361117362976
shendure	consider missing	shendure_cm_zinb_phantom	Cdk5r1_chr11_12562	B1	0.8290150165557861
shendure	consider missing	shendure_cm_zinb_phantom	Cdk5r1_chr11_12562	B2	0.825895369052887
shendure	consider missing	shendure_cm_zinb_phantom	Klf4_chr4_3951	2B1	0.20205256342887878
shendure	consider missing	shendure_cm_zinb_phantom	Klf4_chr4_3951	2B2	0.1966167688369751
shendure	consider missing	shendure_cm_zinb_phantom	Klf4_chr4_3951	A1	0.5903618335723877
shendure	consider missing	shendure_cm_zinb_phantom	Klf4_chr4_3951	A2	0.730289876461029
shendure	consider missing	shendure_cm_zinb_phantom	Klf4_chr4_3951	B1	0.6262545585632324
shendure	consider missing	shendure_cm_zinb_phantom	Klf4_chr4_3951	B2	0.5560799837112427
shendure	consider missing	shendure_cm_zinb_phantom	Col1a1_chr11_15322	2B1	0.238719642162323
shendure	consider missing	shendure_cm_zinb_phantom	Col1a1_chr11_15322	2B2	0.23612231016159058
shendure	consider missing	shendure_cm_zinb_phantom	Col1a1_chr11_15322	A1	0.6293042302131653
shendure	consider missing	shendure_cm_zinb_phantom	Col1a1_chr11_15322	A2	0.6331104040145874
shendure	consider missing	shendure_cm_zinb_phantom	Col1a1_chr11_15322	B1	0.6580612659454346
shendure	consider missing	shendure_cm_zinb_phantom	Col1a1_chr11_15322	B2	0.7368998527526855
shendure	consider missing	shendure_cm_zinb_phantom	Tubb2b_chr13_2577	2B1	0.502043604850769
shendure	consider missing	shendure_cm_zinb_phantom	Tubb2b_chr13_2577	2B2	0.22113025188446045
shendure	consider missing	shendure_cm_zinb_phantom	Tubb2b_chr13_2577	A1	0.805976390838623
shendure	consider missing	shendure_cm_zinb_phantom	Tubb2b_chr13_2577	A2	0.8394471406936646
shendure	consider missing	shendure_cm_zinb_phantom	Tubb2b_chr13_2577	B1	0.7782396674156189
shendure	consider missing	shendure_cm_zinb_phantom	Tubb2b_chr13_2577	B2	0.7970709204673767
shendure	consider missing	shendure_cm_zinb_phantom	Gata4_chr14_5752	2B1	0.3212561011314392
shendure	consider missing	shendure_cm_zinb_phantom	Gata4_chr14_5752	2B2	0.3232801854610443
shendure	consider missing	shendure_cm_zinb_phantom	Gata4_chr14_5752	A1	0.22520169615745544
shendure	consider missing	shendure_cm_zinb_phantom	Gata4_chr14_5752	A2	0.619937539100647
shendure	consider missing	shendure_cm_zinb_phantom	Gata4_chr14_5752	B1	0.4242194592952728
shendure	consider missing	shendure_cm_zinb_phantom	Gata4_chr14_5752	B2	0.4489187002182007
shendure	consider missing	shendure_cm_zinb_phantom	Igfbp4_chr11_16728	2B1	0.36075663566589355
shendure	consider missing	shendure_cm_zinb_phantom	Igfbp4_chr11_16728	2B2	0.30048245191574097
shendure	consider missing	shendure_cm_zinb_phantom	Igfbp4_chr11_16728	A1	0.7370346188545227
shendure	consider missing	shendure_cm_zinb_phantom	Igfbp4_chr11_16728	A2	0.7182751893997192
shendure	consider missing	shendure_cm_zinb_phantom	Igfbp4_chr11_16728	B1	0.7280158996582031
shendure	consider missing	shendure_cm_zinb_phantom	Igfbp4_chr11_16728	B2	0.6883622407913208
shendure	consider missing	shendure_cm_zinb_phantom	Gata4_chr14_5710	2B1	0.15465456247329712
shendure	consider missing	shendure_cm_zinb_phantom	Gata4_chr14_5710	2B2	0.14828936755657196
shendure	consider missing	shendure_cm_zinb_phantom	Gata4_chr14_5710	A1	0.8793649673461914
shendure	consider missing	shendure_cm_zinb_phantom	Gata4_chr14_5710	A2	0.7287756204605103
shendure	consider missing	shendure_cm_zinb_phantom	Gata4_chr14_5710	B1	0.7167550921440125
shendure	consider missing	shendure_cm_zinb_phantom	Gata4_chr14_5710	B2	0.7445905804634094
shendure	consider missing	shendure_cm_zinb_phantom	Sparc_chr11_7210	2B1	0.179042786359787
shendure	consider missing	shendure_cm_zinb_phantom	Sparc_chr11_7210	2B2	0.29936036467552185
shendure	consider missing	shendure_cm_zinb_phantom	Sparc_chr11_7210	A1	0.76984703540802
shendure	consider missing	shendure_cm_zinb_phantom	Sparc_chr11_7210	A2	0.7449095249176025
shendure	consider missing	shendure_cm_zinb_phantom	Sparc_chr11_7210	B1	0.5997642278671265
shendure	consider missing	shendure_cm_zinb_phantom	Sparc_chr11_7210	B2	0.802273154258728
shendure	consider missing	shendure_cm_zinb_phantom	Sox17_chr1_69	2B1	0.25687214732170105
shendure	consider missing	shendure_cm_zinb_phantom	Sox17_chr1_69	2B2	0.3179622292518616
shendure	consider missing	shendure_cm_zinb_phantom	Sox17_chr1_69	A1	0.8180187344551086
shendure	consider missing	shendure_cm_zinb_phantom	Sox17_chr1_69	A2	0.7987232208251953
shendure	consider missing	shendure_cm_zinb_phantom	Sox17_chr1_69	B1	0.7132098078727722
shendure	consider missing	shendure_cm_zinb_phantom	Sox17_chr1_69	B2	0.7086835503578186
shendure	consider missing	shendure_cm_zinb_phantom	Bend5_chr4_8192	2B1	0.38547176122665405
shendure	consider missing	shendure_cm_zinb_phantom	Bend5_chr4_8192	2B2	0.6705867052078247
shendure	consider missing	shendure_cm_zinb_phantom	Bend5_chr4_8192	A1	0.6648096442222595
shendure	consider missing	shendure_cm_zinb_phantom	Bend5_chr4_8192	A2	0.48269280791282654
shendure	consider missing	shendure_cm_zinb_phantom	Bend5_chr4_8192	B1	0.33998799324035645
shendure	consider missing	shendure_cm_zinb_phantom	Bend5_chr4_8192	B2	0.4038134813308716
shendure	consider missing	shendure_cm_zinb_phantom	Igfbp4_chr11_16716	2B1	0.2041497528553009
shendure	consider missing	shendure_cm_zinb_phantom	Igfbp4_chr11_16716	2B2	0.2615291476249695
shendure	consider missing	shendure_cm_zinb_phantom	Igfbp4_chr11_16716	A1	0.7147414684295654
shendure	consider missing	shendure_cm_zinb_phantom	Igfbp4_chr11_16716	A2	0.7611660957336426
shendure	consider missing	shendure_cm_zinb_phantom	Igfbp4_chr11_16716	B1	0.9272864460945129
shendure	consider missing	shendure_cm_zinb_phantom	Igfbp4_chr11_16716	B2	0.8237742185592651
shendure	consider missing	shendure_cm_zinb_phantom	Sparc_chr11_7211	2B1	0.20459908246994019
shendure	consider missing	shendure_cm_zinb_phantom	Sparc_chr11_7211	2B2	0.21598294377326965
shendure	consider missing	shendure_cm_zinb_phantom	Sparc_chr11_7211	A1	0.7120026350021362
shendure	consider missing	shendure_cm_zinb_phantom	Sparc_chr11_7211	A2	0.747849702835083
shendure	consider missing	shendure_cm_zinb_phantom	Sparc_chr11_7211	B1	0.6902257204055786
shendure	consider missing	shendure_cm_zinb_phantom	Sparc_chr11_7211	B2	0.6261593699455261
shendure	consider missing	shendure_cm_zinb_phantom	Sox4_chr13_2052	2B1	0.19938215613365173
shendure	consider missing	shendure_cm_zinb_phantom	Sox4_chr13_2052	2B2	0.2136131227016449
shendure	consider missing	shendure_cm_zinb_phantom	Sox4_chr13_2052	A1	0.7494556903839111
shendure	consider missing	shendure_cm_zinb_phantom	Sox4_chr13_2052	A2	0.7334431409835815
shendure	consider missing	shendure_cm_zinb_phantom	Sox4_chr13_2052	B1	0.750599205493927
shendure	consider missing	shendure_cm_zinb_phantom	Sox4_chr13_2052	B2	0.8013758063316345
shendure	consider missing	shendure_cm_zinb_phantom	Sox2_chr3_2005	2B1	0.19541190564632416
shendure	consider missing	shendure_cm_zinb_phantom	Sox2_chr3_2005	2B2	0.2656770646572113
shendure	consider missing	shendure_cm_zinb_phantom	Sox2_chr3_2005	A1	0.7834151387214661
shendure	consider missing	shendure_cm_zinb_phantom	Sox2_chr3_2005	A2	0.8694348335266113
shendure	consider missing	shendure_cm_zinb_phantom	Sox2_chr3_2005	B1	0.7966124415397644
shendure	consider missing	shendure_cm_zinb_phantom	Sox2_chr3_2005	B2	0.8266955018043518
shendure	consider missing	shendure_cm_zinb_phantom	Tgfbi_chr13_5692	2B1	0.24994660913944244
shendure	consider missing	shendure_cm_zinb_phantom	Tgfbi_chr13_5692	2B2	0.3037494421005249
shendure	consider missing	shendure_cm_zinb_phantom	Tgfbi_chr13_5692	A1	0.8387222290039062
shendure	consider missing	shendure_cm_zinb_phantom	Tgfbi_chr13_5692	A2	0.8204188346862793
shendure	consider missing	shendure_cm_zinb_phantom	Tgfbi_chr13_5692	B1	0.8252074718475342
shendure	consider missing	shendure_cm_zinb_phantom	Tgfbi_chr13_5692	B2	0.8738119006156921
shendure	consider missing	shendure_cm_zinb_phantom	Tubb2b_chr13_2578	2B1	0.28795838356018066
shendure	consider missing	shendure_cm_zinb_phantom	Tubb2b_chr13_2578	2B2	0.6461576819419861
shendure	consider missing	shendure_cm_zinb_phantom	Tubb2b_chr13_2578	A1	0.6026824116706848
shendure	consider missing	shendure_cm_zinb_phantom	Tubb2b_chr13_2578	A2	0.7629029750823975
shendure	consider missing	shendure_cm_zinb_phantom	Tubb2b_chr13_2578	B1	0.6509720683097839
shendure	consider missing	shendure_cm_zinb_phantom	Tubb2b_chr13_2578	B2	0.6840745806694031
shendure	consider missing	shendure_cm_zinb_phantom	Lama1_chr17_7799	2B1	0.19433943927288055
shendure	consider missing	shendure_cm_zinb_phantom	Lama1_chr17_7799	2B2	0.06690182536840439
shendure	consider missing	shendure_cm_zinb_phantom	Lama1_chr17_7799	A1	0.7772407531738281
shendure	consider missing	shendure_cm_zinb_phantom	Lama1_chr17_7799	A2	0.8440343737602234
shendure	consider missing	shendure_cm_zinb_phantom	Lama1_chr17_7799	B1	0.83573317527771
shendure	consider missing	shendure_cm_zinb_phantom	Lama1_chr17_7799	B2	0.8336315751075745
shendure	consider missing	shendure_cm_zinb_phantom	Txndc12_chr4_7961	2B1	0.16080671548843384
shendure	consider missing	shendure_cm_zinb_phantom	Txndc12_chr4_7961	2B2	0.38889598846435547
shendure	consider missing	shendure_cm_zinb_phantom	Txndc12_chr4_7961	A1	0.6644229292869568
shendure	consider missing	shendure_cm_zinb_phantom	Txndc12_chr4_7961	A2	0.6654343008995056
shendure	consider missing	shendure_cm_zinb_phantom	Txndc12_chr4_7961	B1	0.5984636545181274
shendure	consider missing	shendure_cm_zinb_phantom	Txndc12_chr4_7961	B2	0.5860368609428406
shendure	consider missing	shendure_cm_zinb_phantom	Sox17_chr1_58	2B1	0.16798639297485352
shendure	consider missing	shendure_cm_zinb_phantom	Sox17_chr1_58	2B2	0.39674192667007446
shendure	consider missing	shendure_cm_zinb_phantom	Sox17_chr1_58	A1	0.47311076521873474
shendure	consider missing	shendure_cm_zinb_phantom	Sox17_chr1_58	A2	0.6529653668403625
shendure	consider missing	shendure_cm_zinb_phantom	Sox17_chr1_58	B1	0.5321963429450989
shendure	consider missing	shendure_cm_zinb_phantom	Sox17_chr1_58	B2	0.4890352189540863
shendure	consider missing	shendure_cm_zinb_phantom	Txndc12_chr4_7973	2B1	0.1962946504354477
shendure	consider missing	shendure_cm_zinb_phantom	Txndc12_chr4_7973	2B2	0.2765791118144989
shendure	consider missing	shendure_cm_zinb_phantom	Txndc12_chr4_7973	A1	0.5993971228599548
shendure	consider missing	shendure_cm_zinb_phantom	Txndc12_chr4_7973	A2	0.625706672668457
shendure	consider missing	shendure_cm_zinb_phantom	Txndc12_chr4_7973	B1	0.5675519704818726
shendure	consider missing	shendure_cm_zinb_phantom	Txndc12_chr4_7973	B2	0.5456053018569946
shendure	consider missing	shendure_cm_zinb_phantom	Sparc_chr11_7234	2B1	0.21576151251792908
shendure	consider missing	shendure_cm_zinb_phantom	Sparc_chr11_7234	2B2	0.30426838994026184
shendure	consider missing	shendure_cm_zinb_phantom	Sparc_chr11_7234	A1	0.6722124814987183
shendure	consider missing	shendure_cm_zinb_phantom	Sparc_chr11_7234	A2	0.6788256764411926
shendure	consider missing	shendure_cm_zinb_phantom	Sparc_chr11_7234	B1	0.6080530881881714
shendure	consider missing	shendure_cm_zinb_phantom	Sparc_chr11_7234	B2	0.6204174757003784
shendure	consider missing	shendure_cm_zinb_phantom	Epas1_chr17_10071	2B1	0.08041239529848099
shendure	consider missing	shendure_cm_zinb_phantom	Epas1_chr17_10071	2B2	0.11915343999862671
shendure	consider missing	shendure_cm_zinb_phantom	Epas1_chr17_10071	A1	0.9081515669822693
shendure	consider missing	shendure_cm_zinb_phantom	Epas1_chr17_10071	A2	0.918389081954956
shendure	consider missing	shendure_cm_zinb_phantom	Epas1_chr17_10071	B1	0.8310689330101013
shendure	consider missing	shendure_cm_zinb_phantom	Epas1_chr17_10071	B2	0.871541440486908
shendure	consider missing	shendure_cm_zinb_phantom	Col1a1_chr11_15276	2B1	0.0834391638636589
shendure	consider missing	shendure_cm_zinb_phantom	Col1a1_chr11_15276	2B2	0.2948252558708191
shendure	consider missing	shendure_cm_zinb_phantom	Col1a1_chr11_15276	A1	0.91281658411026
shendure	consider missing	shendure_cm_zinb_phantom	Col1a1_chr11_15276	A2	0.9078296422958374
shendure	consider missing	shendure_cm_zinb_phantom	Col1a1_chr11_15276	B1	0.8747251629829407
shendure	consider missing	shendure_cm_zinb_phantom	Col1a1_chr11_15276	B2	0.875223696231842
shendure	consider missing	shendure_cm_zinb_phantom	Lamb1_chr12_2186	2B1	0.3330508768558502
shendure	consider missing	shendure_cm_zinb_phantom	Lamb1_chr12_2186	2B2	0.4292167127132416
shendure	consider missing	shendure_cm_zinb_phantom	Lamb1_chr12_2186	A1	0.819431483745575
shendure	consider missing	shendure_cm_zinb_phantom	Lamb1_chr12_2186	A2	0.7494574785232544
shendure	consider missing	shendure_cm_zinb_phantom	Lamb1_chr12_2186	B1	0.5024181008338928
shendure	consider missing	shendure_cm_zinb_phantom	Lamb1_chr12_2186	B2	0.2690114676952362
shendure	consider missing	shendure_cm_zinb_phantom	Lamb1_chr12_2210	2B1	0.09009889513254166
shendure	consider missing	shendure_cm_zinb_phantom	Lamb1_chr12_2210	2B2	0.30578726530075073
shendure	consider missing	shendure_cm_zinb_phantom	Lamb1_chr12_2210	A1	0.7595546245574951
shendure	consider missing	shendure_cm_zinb_phantom	Lamb1_chr12_2210	A2	0.7595582604408264
shendure	consider missing	shendure_cm_zinb_phantom	Lamb1_chr12_2210	B1	0.8145151734352112
shendure	consider missing	shendure_cm_zinb_phantom	Lamb1_chr12_2210	B2	0.7759937644004822
shendure	consider missing	shendure_cm_zinb_phantom	Btg1_chr10_9588	2B1	0.3399859368801117
shendure	consider missing	shendure_cm_zinb_phantom	Btg1_chr10_9588	2B2	0.6309658288955688
shendure	consider missing	shendure_cm_zinb_phantom	Btg1_chr10_9588	A1	0.6156391501426697
shendure	consider missing	shendure_cm_zinb_phantom	Btg1_chr10_9588	A2	0.5253563523292542
shendure	consider missing	shendure_cm_zinb_phantom	Btg1_chr10_9588	B1	0.662270188331604
shendure	consider missing	shendure_cm_zinb_phantom	Btg1_chr10_9588	B2	0.6976863145828247
shendure	consider missing	shendure_cm_zinb_phantom	Lamc1_chr1_12189	2B1	0.2109633833169937
shendure	consider missing	shendure_cm_zinb_phantom	Lamc1_chr1_12189	2B2	0.2079152762889862
shendure	consider missing	shendure_cm_zinb_phantom	Lamc1_chr1_12189	A1	0.8033205270767212
shendure	consider missing	shendure_cm_zinb_phantom	Lamc1_chr1_12189	A2	0.8839498162269592
shendure	consider missing	shendure_cm_zinb_phantom	Lamc1_chr1_12189	B1	0.9002419710159302
shendure	consider missing	shendure_cm_zinb_phantom	Lamc1_chr1_12189	B2	0.8803909420967102
shendure	consider missing	shendure_cm_zinb_phantom	Foxa2_chr2_13808	2B1	0.19125857949256897
shendure	consider missing	shendure_cm_zinb_phantom	Foxa2_chr2_13808	2B2	0.17983263731002808
shendure	consider missing	shendure_cm_zinb_phantom	Foxa2_chr2_13808	A1	0.15601414442062378
shendure	consider missing	shendure_cm_zinb_phantom	Foxa2_chr2_13808	A2	0.4254581928253174
shendure	consider missing	shendure_cm_zinb_phantom	Foxa2_chr2_13808	B1	0.6175602078437805
shendure	consider missing	shendure_cm_zinb_phantom	Foxa2_chr2_13808	B2	0.6675142645835876
shendure	consider missing	shendure_cm_zinb_phantom	Sox17_chr1_67	2B1	0.3447970449924469
shendure	consider missing	shendure_cm_zinb_phantom	Sox17_chr1_67	2B2	0.42333656549453735
shendure	consider missing	shendure_cm_zinb_phantom	Sox17_chr1_67	A1	0.551496684551239
shendure	consider missing	shendure_cm_zinb_phantom	Sox17_chr1_67	A2	0.5787362456321716
shendure	consider missing	shendure_cm_zinb_phantom	Sox17_chr1_67	B1	0.45479872822761536
shendure	consider missing	shendure_cm_zinb_phantom	Sox17_chr1_67	B2	0.3423733413219452
shendure	consider missing	shendure_cm_zinb_phantom	Lama1_chr17_7784	2B1	0.4969552755355835
shendure	consider missing	shendure_cm_zinb_phantom	Lama1_chr17_7784	2B2	0.21510367095470428
shendure	consider missing	shendure_cm_zinb_phantom	Lama1_chr17_7784	A1	0.7901142835617065
shendure	consider missing	shendure_cm_zinb_phantom	Lama1_chr17_7784	A2	0.7707125544548035
shendure	consider missing	shendure_cm_zinb_phantom	Lama1_chr17_7784	B1	0.3171030879020691
shendure	consider missing	shendure_cm_zinb_phantom	Lama1_chr17_7784	B2	0.2642016112804413
shendure	consider missing	shendure_cm_zinb_phantom	Col1a2_chr6_73	2B1	0.20348183810710907
shendure	consider missing	shendure_cm_zinb_phantom	Col1a2_chr6_73	2B2	0.14775533974170685
shendure	consider missing	shendure_cm_zinb_phantom	Col1a2_chr6_73	A1	0.7779213190078735
shendure	consider missing	shendure_cm_zinb_phantom	Col1a2_chr6_73	A2	0.8154272437095642
shendure	consider missing	shendure_cm_zinb_phantom	Col1a2_chr6_73	B1	0.815617024898529
shendure	consider missing	shendure_cm_zinb_phantom	Col1a2_chr6_73	B2	0.7915822267532349
shendure	consider missing	shendure_cm_zinb_phantom	Tubb2b_chr13_2572	2B1	0.41006284952163696
shendure	consider missing	shendure_cm_zinb_phantom	Tubb2b_chr13_2572	2B2	0.29139891266822815
shendure	consider missing	shendure_cm_zinb_phantom	Tubb2b_chr13_2572	A1	0.5936868190765381
shendure	consider missing	shendure_cm_zinb_phantom	Tubb2b_chr13_2572	A2	0.6477917432785034
shendure	consider missing	shendure_cm_zinb_phantom	Tubb2b_chr13_2572	B1	0.7586776614189148
shendure	consider missing	shendure_cm_zinb_phantom	Tubb2b_chr13_2572	B2	0.4811810255050659
shendure	consider missing	shendure_cm_zinb_phantom	Foxa2_chr2_13812	2B1	0.27236104011535645
shendure	consider missing	shendure_cm_zinb_phantom	Foxa2_chr2_13812	2B2	0.40109047293663025
shendure	consider missing	shendure_cm_zinb_phantom	Foxa2_chr2_13812	A1	0.6735218167304993
shendure	consider missing	shendure_cm_zinb_phantom	Foxa2_chr2_13812	A2	0.7852623462677002
shendure	consider missing	shendure_cm_zinb_phantom	Foxa2_chr2_13812	B1	0.6006116271018982
shendure	consider missing	shendure_cm_zinb_phantom	Foxa2_chr2_13812	B2	0.6612164378166199
shendure	consider missing	shendure_cm_zinb_phantom	Lamc1_chr1_12175	2B1	0.18915501236915588
shendure	consider missing	shendure_cm_zinb_phantom	Lamc1_chr1_12175	2B2	0.3202378749847412
shendure	consider missing	shendure_cm_zinb_phantom	Lamc1_chr1_12175	A1	0.5291947722434998
shendure	consider missing	shendure_cm_zinb_phantom	Lamc1_chr1_12175	A2	0.5361617803573608
shendure	consider missing	shendure_cm_zinb_phantom	Lamc1_chr1_12175	B1	0.4069926142692566
shendure	consider missing	shendure_cm_zinb_phantom	Lamc1_chr1_12175	B2	0.43257951736450195
shendure	consider missing	shendure_cm_zinb_phantom	Foxa2_chr2_13818	2B1	0.36107224225997925
shendure	consider missing	shendure_cm_zinb_phantom	Foxa2_chr2_13818	2B2	0.22540733218193054
shendure	consider missing	shendure_cm_zinb_phantom	Foxa2_chr2_13818	A1	0.6423208117485046
shendure	consider missing	shendure_cm_zinb_phantom	Foxa2_chr2_13818	A2	0.4239443838596344
shendure	consider missing	shendure_cm_zinb_phantom	Foxa2_chr2_13818	B1	0.3920901119709015
shendure	consider missing	shendure_cm_zinb_phantom	Foxa2_chr2_13818	B2	0.41788315773010254
shendure	consider missing	shendure_cm_zinb_phantom	Col1a1_chr11_15316	2B1	0.2174796313047409
shendure	consider missing	shendure_cm_zinb_phantom	Col1a1_chr11_15316	2B2	0.2050338089466095
shendure	consider missing	shendure_cm_zinb_phantom	Col1a1_chr11_15316	A1	0.4947480857372284
shendure	consider missing	shendure_cm_zinb_phantom	Col1a1_chr11_15316	A2	0.7691125273704529
shendure	consider missing	shendure_cm_zinb_phantom	Col1a1_chr11_15316	B1	0.7377049326896667
shendure	consider missing	shendure_cm_zinb_phantom	Col1a1_chr11_15316	B2	0.8236758708953857
shendure	consider missing	shendure_cm_zinb_phantom	Sparc_chr11_7230	2B1	0.3650708496570587
shendure	consider missing	shendure_cm_zinb_phantom	Sparc_chr11_7230	2B2	0.23620779812335968
shendure	consider missing	shendure_cm_zinb_phantom	Sparc_chr11_7230	A1	0.6137377619743347
shendure	consider missing	shendure_cm_zinb_phantom	Sparc_chr11_7230	A2	0.6683248281478882
shendure	consider missing	shendure_cm_zinb_phantom	Sparc_chr11_7230	B1	0.5491121411323547
shendure	consider missing	shendure_cm_zinb_phantom	Sparc_chr11_7230	B2	0.5045660734176636
shendure	consider missing	shendure_cm_zinb_phantom	Klf4_chr4_3948	2B1	0.45485758781433105
shendure	consider missing	shendure_cm_zinb_phantom	Klf4_chr4_3948	2B2	0.2587832808494568
shendure	consider missing	shendure_cm_zinb_phantom	Klf4_chr4_3948	A1	0.6879775524139404
shendure	consider missing	shendure_cm_zinb_phantom	Klf4_chr4_3948	A2	0.7051578164100647
shendure	consider missing	shendure_cm_zinb_phantom	Klf4_chr4_3948	B1	0.6135794520378113
shendure	consider missing	shendure_cm_zinb_phantom	Klf4_chr4_3948	B2	0.6453325152397156
shendure	consider missing	shendure_cm_zinb_phantom	Sox17_chr1_60	2B1	0.2760114073753357
shendure	consider missing	shendure_cm_zinb_phantom	Sox17_chr1_60	2B2	0.07816385477781296
shendure	consider missing	shendure_cm_zinb_phantom	Sox17_chr1_60	A1	0.8187425136566162
shendure	consider missing	shendure_cm_zinb_phantom	Sox17_chr1_60	A2	0.8424180150032043
shendure	consider missing	shendure_cm_zinb_phantom	Sox17_chr1_60	B1	0.7006577253341675
shendure	consider missing	shendure_cm_zinb_phantom	Sox17_chr1_60	B2	0.7530044913291931
shendure	consider missing	shendure_cm_zinb_phantom	Lamb1_chr12_2238	2B1	0.33015498518943787
shendure	consider missing	shendure_cm_zinb_phantom	Lamb1_chr12_2238	2B2	0.1226058229804039
shendure	consider missing	shendure_cm_zinb_phantom	Lamb1_chr12_2238	A1	0.7979248762130737
shendure	consider missing	shendure_cm_zinb_phantom	Lamb1_chr12_2238	A2	0.8691309094429016
shendure	consider missing	shendure_cm_zinb_phantom	Lamb1_chr12_2238	B1	0.7576267719268799
shendure	consider missing	shendure_cm_zinb_phantom	Lamb1_chr12_2238	B2	0.7012729048728943
shendure	consider missing	shendure_cm_zinb_phantom	Gata4_chr14_5760	2B1	0.33989375829696655
shendure	consider missing	shendure_cm_zinb_phantom	Gata4_chr14_5760	2B2	0.4161017835140228
shendure	consider missing	shendure_cm_zinb_phantom	Gata4_chr14_5760	A1	0.53420490026474
shendure	consider missing	shendure_cm_zinb_phantom	Gata4_chr14_5760	A2	0.5025573372840881
shendure	consider missing	shendure_cm_zinb_phantom	Gata4_chr14_5760	B1	0.5919969081878662
shendure	consider missing	shendure_cm_zinb_phantom	Gata4_chr14_5760	B2	0.6252542734146118
shendure	consider missing	shendure_cm_zinb_phantom	Igfbp4_chr11_16738	2B1	0.09582769870758057
shendure	consider missing	shendure_cm_zinb_phantom	Igfbp4_chr11_16738	2B2	0.6116407513618469
shendure	consider missing	shendure_cm_zinb_phantom	Igfbp4_chr11_16738	A1	0.8423516750335693
shendure	consider missing	shendure_cm_zinb_phantom	Igfbp4_chr11_16738	A2	0.8232472538948059
shendure	consider missing	shendure_cm_zinb_phantom	Igfbp4_chr11_16738	B1	0.9039309024810791
shendure	consider missing	shendure_cm_zinb_phantom	Igfbp4_chr11_16738	B2	0.8238738179206848
shendure	consider missing	shendure_cm_zinb_phantom	Txndc12_chr4_7971	2B1	0.5368671417236328
shendure	consider missing	shendure_cm_zinb_phantom	Txndc12_chr4_7971	2B2	0.43628737330436707
shendure	consider missing	shendure_cm_zinb_phantom	Txndc12_chr4_7971	A1	0.5160714983940125
shendure	consider missing	shendure_cm_zinb_phantom	Txndc12_chr4_7971	A2	0.5713822245597839
shendure	consider missing	shendure_cm_zinb_phantom	Txndc12_chr4_7971	B1	0.18403488397598267
shendure	consider missing	shendure_cm_zinb_phantom	Txndc12_chr4_7971	B2	0.3466034233570099
shendure	consider missing	shendure_cm_zinb_phantom	Cdk5r1_chr11_12574	2B1	0.09317979216575623
shendure	consider missing	shendure_cm_zinb_phantom	Cdk5r1_chr11_12574	2B2	0.30764150619506836
shendure	consider missing	shendure_cm_zinb_phantom	Cdk5r1_chr11_12574	A1	0.6760410666465759
shendure	consider missing	shendure_cm_zinb_phantom	Cdk5r1_chr11_12574	A2	0.7120844125747681
shendure	consider missing	shendure_cm_zinb_phantom	Cdk5r1_chr11_12574	B1	0.6228903532028198
shendure	consider missing	shendure_cm_zinb_phantom	Cdk5r1_chr11_12574	B2	0.6144745945930481
shendure	consider missing	shendure_cm_zinb_phantom	Igfbp4_chr11_16784	2B1	0.1974065601825714
shendure	consider missing	shendure_cm_zinb_phantom	Igfbp4_chr11_16784	2B2	0.27244865894317627
shendure	consider missing	shendure_cm_zinb_phantom	Igfbp4_chr11_16784	A1	0.7616705298423767
shendure	consider missing	shendure_cm_zinb_phantom	Igfbp4_chr11_16784	A2	0.7571036219596863
shendure	consider missing	shendure_cm_zinb_phantom	Igfbp4_chr11_16784	B1	0.6639778017997742
shendure	consider missing	shendure_cm_zinb_phantom	Igfbp4_chr11_16784	B2	0.6394293904304504
shendure	consider missing	shendure_cm_zinb_phantom	Col1a1_chr11_15273	2B1	0.24881397187709808
shendure	consider missing	shendure_cm_zinb_phantom	Col1a1_chr11_15273	2B2	0.3185075521469116
shendure	consider missing	shendure_cm_zinb_phantom	Col1a1_chr11_15273	A1	0.4586947560310364
shendure	consider missing	shendure_cm_zinb_phantom	Col1a1_chr11_15273	A2	0.4313555657863617
shendure	consider missing	shendure_cm_zinb_phantom	Col1a1_chr11_15273	B1	0.610830545425415
shendure	consider missing	shendure_cm_zinb_phantom	Col1a1_chr11_15273	B2	0.4246560335159302
shendure	consider missing	shendure_cm_zinb_phantom	Txndc12_chr4_7962	2B1	0.041370831429958344
shendure	consider missing	shendure_cm_zinb_phantom	Txndc12_chr4_7962	2B2	0.24244391918182373
shendure	consider missing	shendure_cm_zinb_phantom	Txndc12_chr4_7962	A1	0.795763373374939
shendure	consider missing	shendure_cm_zinb_phantom	Txndc12_chr4_7962	A2	0.7856552004814148
shendure	consider missing	shendure_cm_zinb_phantom	Txndc12_chr4_7962	B1	0.8098040819168091
shendure	consider missing	shendure_cm_zinb_phantom	Txndc12_chr4_7962	B2	0.8679227828979492
shendure	consider missing	shendure_cm_zinb_phantom	Epas1_chr17_10057	2B1	0.5915231704711914
shendure	consider missing	shendure_cm_zinb_phantom	Epas1_chr17_10057	2B2	0.2793571949005127
shendure	consider missing	shendure_cm_zinb_phantom	Epas1_chr17_10057	A1	0.5675169229507446
shendure	consider missing	shendure_cm_zinb_phantom	Epas1_chr17_10057	A2	0.7777267098426819
shendure	consider missing	shendure_cm_zinb_phantom	Epas1_chr17_10057	B1	0.31952980160713196
shendure	consider missing	shendure_cm_zinb_phantom	Epas1_chr17_10057	B2	0.565846860408783
shendure	consider missing	shendure_cm_zinb_phantom	Sparc_chr11_7198	2B1	0.22406144440174103
shendure	consider missing	shendure_cm_zinb_phantom	Sparc_chr11_7198	2B2	0.05462246388196945
shendure	consider missing	shendure_cm_zinb_phantom	Sparc_chr11_7198	A1	0.833040177822113
shendure	consider missing	shendure_cm_zinb_phantom	Sparc_chr11_7198	A2	0.8875833749771118
shendure	consider missing	shendure_cm_zinb_phantom	Sparc_chr11_7198	B1	0.7095406651496887
shendure	consider missing	shendure_cm_zinb_phantom	Sparc_chr11_7198	B2	0.76588374376297
shendure	consider missing	shendure_cm_zinb_phantom	Lamc1_chr1_12201	2B1	0.29065021872520447
shendure	consider missing	shendure_cm_zinb_phantom	Lamc1_chr1_12201	2B2	0.3966743052005768
shendure	consider missing	shendure_cm_zinb_phantom	Lamc1_chr1_12201	A1	0.47631797194480896
shendure	consider missing	shendure_cm_zinb_phantom	Lamc1_chr1_12201	A2	0.6868177652359009
shendure	consider missing	shendure_cm_zinb_phantom	Lamc1_chr1_12201	B1	0.36547139286994934
shendure	consider missing	shendure_cm_zinb_phantom	Lamc1_chr1_12201	B2	0.29865536093711853
shendure	consider missing	shendure_cm_zinb_phantom	Gata4_chr14_5776	2B1	0.16411054134368896
shendure	consider missing	shendure_cm_zinb_phantom	Gata4_chr14_5776	2B2	0.17174896597862244
shendure	consider missing	shendure_cm_zinb_phantom	Gata4_chr14_5776	A1	0.8110895752906799
shendure	consider missing	shendure_cm_zinb_phantom	Gata4_chr14_5776	A2	0.7207926511764526
shendure	consider missing	shendure_cm_zinb_phantom	Gata4_chr14_5776	B1	0.7070621252059937
shendure	consider missing	shendure_cm_zinb_phantom	Gata4_chr14_5776	B2	0.7858596444129944
shendure	consider missing	shendure_cm_zinb_phantom	Btg1_chr10_9612	2B1	0.38950634002685547
shendure	consider missing	shendure_cm_zinb_phantom	Btg1_chr10_9612	2B2	0.4293801784515381
shendure	consider missing	shendure_cm_zinb_phantom	Btg1_chr10_9612	A1	0.7517503499984741
shendure	consider missing	shendure_cm_zinb_phantom	Btg1_chr10_9612	A2	0.3325728178024292
shendure	consider missing	shendure_cm_zinb_phantom	Btg1_chr10_9612	B1	0.5655326843261719
shendure	consider missing	shendure_cm_zinb_phantom	Btg1_chr10_9612	B2	0.7073572874069214
shendure	consider missing	shendure_cm_zinb_phantom	Gata4_chr14_5693	2B1	0.2952014207839966
shendure	consider missing	shendure_cm_zinb_phantom	Gata4_chr14_5693	2B2	0.23332174122333527
shendure	consider missing	shendure_cm_zinb_phantom	Gata4_chr14_5693	A1	0.771702766418457
shendure	consider missing	shendure_cm_zinb_phantom	Gata4_chr14_5693	A2	0.6970739960670471
shendure	consider missing	shendure_cm_zinb_phantom	Gata4_chr14_5693	B1	0.7188988327980042
shendure	consider missing	shendure_cm_zinb_phantom	Gata4_chr14_5693	B2	0.7498900890350342
shendure	consider missing	shendure_cm_zinb_phantom	Col1a2_chr6_88	2B1	0.14688192307949066
shendure	consider missing	shendure_cm_zinb_phantom	Col1a2_chr6_88	2B2	0.10190553963184357
shendure	consider missing	shendure_cm_zinb_phantom	Col1a2_chr6_88	A1	0.8147176504135132
shendure	consider missing	shendure_cm_zinb_phantom	Col1a2_chr6_88	A2	0.74431973695755
shendure	consider missing	shendure_cm_zinb_phantom	Col1a2_chr6_88	B1	0.6620644330978394
shendure	consider missing	shendure_cm_zinb_phantom	Col1a2_chr6_88	B2	0.799681544303894
shendure	consider missing	shendure_cm_zinb_phantom	Lamb1_chr12_2288	2B1	0.19690172374248505
shendure	consider missing	shendure_cm_zinb_phantom	Lamb1_chr12_2288	2B2	0.20049117505550385
shendure	consider missing	shendure_cm_zinb_phantom	Lamb1_chr12_2288	A1	0.8278394341468811
shendure	consider missing	shendure_cm_zinb_phantom	Lamb1_chr12_2288	A2	0.9131455421447754
shendure	consider missing	shendure_cm_zinb_phantom	Lamb1_chr12_2288	B1	0.48647964000701904
shendure	consider missing	shendure_cm_zinb_phantom	Lamb1_chr12_2288	B2	0.7817738652229309
shendure	consider missing	shendure_cm_zinb_phantom	Lamb1_chr12_2289	2B1	0.08235343545675278
shendure	consider missing	shendure_cm_zinb_phantom	Lamb1_chr12_2289	2B2	0.6441289186477661
shendure	consider missing	shendure_cm_zinb_phantom	Lamb1_chr12_2289	A1	0.7508865594863892
shendure	consider missing	shendure_cm_zinb_phantom	Lamb1_chr12_2289	A2	0.8454210162162781
shendure	consider missing	shendure_cm_zinb_phantom	Lamb1_chr12_2289	B1	0.7235852479934692
shendure	consider missing	shendure_cm_zinb_phantom	Lamb1_chr12_2289	B2	0.8369476199150085
shendure	consider missing	shendure_cm_zinb_phantom	Foxa2_chr2_13830	2B1	0.1739269196987152
shendure	consider missing	shendure_cm_zinb_phantom	Foxa2_chr2_13830	2B2	0.2043645828962326
shendure	consider missing	shendure_cm_zinb_phantom	Foxa2_chr2_13830	A1	0.8016629219055176
shendure	consider missing	shendure_cm_zinb_phantom	Foxa2_chr2_13830	A2	0.589518666267395
shendure	consider missing	shendure_cm_zinb_phantom	Foxa2_chr2_13830	B1	0.6436963081359863
shendure	consider missing	shendure_cm_zinb_phantom	Foxa2_chr2_13830	B2	0.7683932185173035
shendure	consider missing	shendure_cm_zinb_phantom	Tubb2b_chr13_2590	2B1	0.36762967705726624
shendure	consider missing	shendure_cm_zinb_phantom	Tubb2b_chr13_2590	2B2	0.3013347387313843
shendure	consider missing	shendure_cm_zinb_phantom	Tubb2b_chr13_2590	A1	0.6602640151977539
shendure	consider missing	shendure_cm_zinb_phantom	Tubb2b_chr13_2590	A2	0.6871936321258545
shendure	consider missing	shendure_cm_zinb_phantom	Tubb2b_chr13_2590	B1	0.6485788822174072
shendure	consider missing	shendure_cm_zinb_phantom	Tubb2b_chr13_2590	B2	0.5878031253814697
shendure	consider missing	shendure_cm_zinb_phantom	Igfbp4_chr11_16735	2B1	0.3005863130092621
shendure	consider missing	shendure_cm_zinb_phantom	Igfbp4_chr11_16735	2B2	0.26430949568748474
shendure	consider missing	shendure_cm_zinb_phantom	Igfbp4_chr11_16735	A1	0.7073193192481995
shendure	consider missing	shendure_cm_zinb_phantom	Igfbp4_chr11_16735	A2	0.7280934453010559
shendure	consider missing	shendure_cm_zinb_phantom	Igfbp4_chr11_16735	B1	0.44038155674934387
shendure	consider missing	shendure_cm_zinb_phantom	Igfbp4_chr11_16735	B2	0.3902180790901184
shendure	consider missing	shendure_cm_zinb_phantom	Col1a1_chr11_15269	2B1	0.31569725275039673
shendure	consider missing	shendure_cm_zinb_phantom	Col1a1_chr11_15269	2B2	0.30319926142692566
shendure	consider missing	shendure_cm_zinb_phantom	Col1a1_chr11_15269	A1	0.7662804126739502
shendure	consider missing	shendure_cm_zinb_phantom	Col1a1_chr11_15269	A2	0.7789308428764343
shendure	consider missing	shendure_cm_zinb_phantom	Col1a1_chr11_15269	B1	0.7007931470870972
shendure	consider missing	shendure_cm_zinb_phantom	Col1a1_chr11_15269	B2	0.34710559248924255
shendure	consider missing	shendure_cm_zinb_phantom	Epas1_chr17_10116	2B1	0.22591376304626465
shendure	consider missing	shendure_cm_zinb_phantom	Epas1_chr17_10116	2B2	0.24721796810626984
shendure	consider missing	shendure_cm_zinb_phantom	Epas1_chr17_10116	A1	0.3580404818058014
shendure	consider missing	shendure_cm_zinb_phantom	Epas1_chr17_10116	A2	0.7659608125686646
shendure	consider missing	shendure_cm_zinb_phantom	Epas1_chr17_10116	B1	0.6580255031585693
shendure	consider missing	shendure_cm_zinb_phantom	Epas1_chr17_10116	B2	0.7732467651367188
shendure	consider missing	shendure_cm_zinb_phantom	Sox17_chr1_83	2B1	0.32903870940208435
shendure	consider missing	shendure_cm_zinb_phantom	Sox17_chr1_83	2B2	0.38006457686424255
shendure	consider missing	shendure_cm_zinb_phantom	Sox17_chr1_83	A1	0.5108052492141724
shendure	consider missing	shendure_cm_zinb_phantom	Sox17_chr1_83	A2	0.3780798017978668
shendure	consider missing	shendure_cm_zinb_phantom	Sox17_chr1_83	B1	0.491926372051239
shendure	consider missing	shendure_cm_zinb_phantom	Sox17_chr1_83	B2	0.4744236469268799
shendure	consider missing	shendure_cm_zinb_phantom	Lamc1_chr1_12193	2B1	0.12013830244541168
shendure	consider missing	shendure_cm_zinb_phantom	Lamc1_chr1_12193	2B2	0.29187875986099243
shendure	consider missing	shendure_cm_zinb_phantom	Lamc1_chr1_12193	A1	0.8562681078910828
shendure	consider missing	shendure_cm_zinb_phantom	Lamc1_chr1_12193	A2	0.8735005259513855
shendure	consider missing	shendure_cm_zinb_phantom	Lamc1_chr1_12193	B1	0.8032257556915283
shendure	consider missing	shendure_cm_zinb_phantom	Lamc1_chr1_12193	B2	0.9292963743209839
shendure	consider missing	shendure_cm_zinb_phantom	Sox17_chr1_77	2B1	0.09624915570020676
shendure	consider missing	shendure_cm_zinb_phantom	Sox17_chr1_77	2B2	0.41503480076789856
shendure	consider missing	shendure_cm_zinb_phantom	Sox17_chr1_77	A1	0.8255032300949097
shendure	consider missing	shendure_cm_zinb_phantom	Sox17_chr1_77	A2	0.8479478359222412
shendure	consider missing	shendure_cm_zinb_phantom	Sox17_chr1_77	B1	0.7449371218681335
shendure	consider missing	shendure_cm_zinb_phantom	Sox17_chr1_77	B2	0.6592600345611572
shendure	consider missing	shendure_cm_zinb_phantom	Sparc_chr11_7203	2B1	0.06928811967372894
shendure	consider missing	shendure_cm_zinb_phantom	Sparc_chr11_7203	2B2	0.46489766240119934
shendure	consider missing	shendure_cm_zinb_phantom	Sparc_chr11_7203	A1	0.785602331161499
shendure	consider missing	shendure_cm_zinb_phantom	Sparc_chr11_7203	A2	0.8142797946929932
shendure	consider missing	shendure_cm_zinb_phantom	Sparc_chr11_7203	B1	0.7140359282493591
shendure	consider missing	shendure_cm_zinb_phantom	Sparc_chr11_7203	B2	0.8367029428482056
shendure	consider missing	shendure_cm_zinb_phantom	Col1a1_chr11_15270	2B1	0.3596067428588867
shendure	consider missing	shendure_cm_zinb_phantom	Col1a1_chr11_15270	2B2	0.3609883785247803
shendure	consider missing	shendure_cm_zinb_phantom	Col1a1_chr11_15270	A1	0.3603582978248596
shendure	consider missing	shendure_cm_zinb_phantom	Col1a1_chr11_15270	A2	0.5945977568626404
shendure	consider missing	shendure_cm_zinb_phantom	Col1a1_chr11_15270	B1	0.4081880450248718
shendure	consider missing	shendure_cm_zinb_phantom	Col1a1_chr11_15270	B2	0.5521130561828613
shendure	consider missing	shendure_cm_zinb_phantom	Tubb2b_chr13_2583	2B1	0.5359505414962769
shendure	consider missing	shendure_cm_zinb_phantom	Tubb2b_chr13_2583	2B2	0.3669630289077759
shendure	consider missing	shendure_cm_zinb_phantom	Tubb2b_chr13_2583	A1	0.7578966021537781
shendure	consider missing	shendure_cm_zinb_phantom	Tubb2b_chr13_2583	A2	0.7041565775871277
shendure	consider missing	shendure_cm_zinb_phantom	Tubb2b_chr13_2583	B1	0.5243198275566101
shendure	consider missing	shendure_cm_zinb_phantom	Tubb2b_chr13_2583	B2	0.4861612915992737
shendure	consider missing	shendure_cm_zinb_phantom	Foxa2_chr2_13862	2B1	0.11971047520637512
shendure	consider missing	shendure_cm_zinb_phantom	Foxa2_chr2_13862	2B2	0.13649356365203857
shendure	consider missing	shendure_cm_zinb_phantom	Foxa2_chr2_13862	A1	0.9084441661834717
shendure	consider missing	shendure_cm_zinb_phantom	Foxa2_chr2_13862	A2	0.8681831359863281
shendure	consider missing	shendure_cm_zinb_phantom	Foxa2_chr2_13862	B1	0.5245270729064941
shendure	consider missing	shendure_cm_zinb_phantom	Foxa2_chr2_13862	B2	0.609984278678894
shendure	consider missing	shendure_cm_zinb_phantom	Gata4_chr14_5714	2B1	0.12186286598443985
shendure	consider missing	shendure_cm_zinb_phantom	Gata4_chr14_5714	2B2	0.4442685544490814
shendure	consider missing	shendure_cm_zinb_phantom	Gata4_chr14_5714	A1	0.6386576294898987
shendure	consider missing	shendure_cm_zinb_phantom	Gata4_chr14_5714	A2	0.49378108978271484
shendure	consider missing	shendure_cm_zinb_phantom	Gata4_chr14_5714	B1	0.4203454554080963
shendure	consider missing	shendure_cm_zinb_phantom	Gata4_chr14_5714	B2	0.8265478610992432
shendure	consider missing	shendure_cm_zinb_phantom	Col5a1_chr2_2562	2B1	0.4120097756385803
shendure	consider missing	shendure_cm_zinb_phantom	Col5a1_chr2_2562	2B2	0.5031660199165344
shendure	consider missing	shendure_cm_zinb_phantom	Col5a1_chr2_2562	A1	0.7045391798019409
shendure	consider missing	shendure_cm_zinb_phantom	Col5a1_chr2_2562	A2	0.23713551461696625
shendure	consider missing	shendure_cm_zinb_phantom	Col5a1_chr2_2562	B1	0.3843904733657837
shendure	consider missing	shendure_cm_zinb_phantom	Col5a1_chr2_2562	B2	0.4145877957344055
shendure	consider missing	shendure_cm_zinb_phantom	Cdk5r1_chr11_12590	2B1	0.19921153783798218
shendure	consider missing	shendure_cm_zinb_phantom	Cdk5r1_chr11_12590	2B2	0.34900733828544617
shendure	consider missing	shendure_cm_zinb_phantom	Cdk5r1_chr11_12590	A1	0.31320247054100037
shendure	consider missing	shendure_cm_zinb_phantom	Cdk5r1_chr11_12590	A2	0.8846794962882996
shendure	consider missing	shendure_cm_zinb_phantom	Cdk5r1_chr11_12590	B1	0.636476457118988
shendure	consider missing	shendure_cm_zinb_phantom	Cdk5r1_chr11_12590	B2	0.4472790062427521
shendure	consider missing	shendure_cm_zinb_phantom	Bend5_chr4_8179	2B1	0.1263810098171234
shendure	consider missing	shendure_cm_zinb_phantom	Bend5_chr4_8179	2B2	0.3067221939563751
shendure	consider missing	shendure_cm_zinb_phantom	Bend5_chr4_8179	A1	0.6492829918861389
shendure	consider missing	shendure_cm_zinb_phantom	Bend5_chr4_8179	A2	0.6701040863990784
shendure	consider missing	shendure_cm_zinb_phantom	Bend5_chr4_8179	B1	0.4258382320404053
shendure	consider missing	shendure_cm_zinb_phantom	Bend5_chr4_8179	B2	0.5970682501792908
shendure	consider missing	shendure_cm_zinb_phantom	Foxa2_chr2_13835	2B1	0.23774780333042145
shendure	consider missing	shendure_cm_zinb_phantom	Foxa2_chr2_13835	2B2	0.20770244300365448
shendure	consider missing	shendure_cm_zinb_phantom	Foxa2_chr2_13835	A1	0.5996208190917969
shendure	consider missing	shendure_cm_zinb_phantom	Foxa2_chr2_13835	A2	0.3692430555820465
shendure	consider missing	shendure_cm_zinb_phantom	Foxa2_chr2_13835	B1	0.4764350354671478
shendure	consider missing	shendure_cm_zinb_phantom	Foxa2_chr2_13835	B2	0.35987430810928345
shendure	consider missing	shendure_cm_zinb_phantom	Lama1_chr17_7788	2B1	0.24361857771873474
shendure	consider missing	shendure_cm_zinb_phantom	Lama1_chr17_7788	2B2	0.6339803338050842
shendure	consider missing	shendure_cm_zinb_phantom	Lama1_chr17_7788	A1	0.6027725338935852
shendure	consider missing	shendure_cm_zinb_phantom	Lama1_chr17_7788	A2	0.6957452297210693
shendure	consider missing	shendure_cm_zinb_phantom	Lama1_chr17_7788	B1	0.38566726446151733
shendure	consider missing	shendure_cm_zinb_phantom	Lama1_chr17_7788	B2	0.44612690806388855
shendure	consider missing	shendure_cm_zinb_phantom	Bend5_chr4_8168	2B1	0.26831963658332825
shendure	consider missing	shendure_cm_zinb_phantom	Bend5_chr4_8168	2B2	0.3426201641559601
shendure	consider missing	shendure_cm_zinb_phantom	Bend5_chr4_8168	A1	0.6888310313224792
shendure	consider missing	shendure_cm_zinb_phantom	Bend5_chr4_8168	A2	0.7426355481147766
shendure	consider missing	shendure_cm_zinb_phantom	Bend5_chr4_8168	B1	0.47858041524887085
shendure	consider missing	shendure_cm_zinb_phantom	Bend5_chr4_8168	B2	0.7576101422309875
shendure	consider missing	shendure_cm_zinb_phantom	Sox2_chr3_2008	2B1	0.25439393520355225
shendure	consider missing	shendure_cm_zinb_phantom	Sox2_chr3_2008	2B2	0.6112047433853149
shendure	consider missing	shendure_cm_zinb_phantom	Sox2_chr3_2008	A1	0.7821605205535889
shendure	consider missing	shendure_cm_zinb_phantom	Sox2_chr3_2008	A2	0.6762470602989197
shendure	consider missing	shendure_cm_zinb_phantom	Sox2_chr3_2008	B1	0.7331377863883972
shendure	consider missing	shendure_cm_zinb_phantom	Sox2_chr3_2008	B2	0.6659097671508789
shendure	consider missing	shendure_cm_zinb_phantom	Lamb1_chr12_2189	2B1	0.24665626883506775
shendure	consider missing	shendure_cm_zinb_phantom	Lamb1_chr12_2189	2B2	0.11652491241693497
shendure	consider missing	shendure_cm_zinb_phantom	Lamb1_chr12_2189	A1	0.8006554245948792
shendure	consider missing	shendure_cm_zinb_phantom	Lamb1_chr12_2189	A2	0.9152554273605347
shendure	consider missing	shendure_cm_zinb_phantom	Lamb1_chr12_2189	B1	0.5528802275657654
shendure	consider missing	shendure_cm_zinb_phantom	Lamb1_chr12_2189	B2	0.6627672910690308
shendure	consider missing	shendure_cm_zinb_phantom	Txndc12_chr4_7975	2B1	0.08694540709257126
shendure	consider missing	shendure_cm_zinb_phantom	Txndc12_chr4_7975	2B2	0.6173983812332153
shendure	consider missing	shendure_cm_zinb_phantom	Txndc12_chr4_7975	A1	0.8444408774375916
shendure	consider missing	shendure_cm_zinb_phantom	Txndc12_chr4_7975	A2	0.8366374373435974
shendure	consider missing	shendure_cm_zinb_phantom	Txndc12_chr4_7975	B1	0.8055194616317749
shendure	consider missing	shendure_cm_zinb_phantom	Txndc12_chr4_7975	B2	0.7072327733039856
shendure	consider missing	shendure_cm_zinb_phantom	Col5a1_chr2_2571	2B1	0.16839911043643951
shendure	consider missing	shendure_cm_zinb_phantom	Col5a1_chr2_2571	2B2	0.11974131315946579
shendure	consider missing	shendure_cm_zinb_phantom	Col5a1_chr2_2571	A1	0.5572455525398254
shendure	consider missing	shendure_cm_zinb_phantom	Col5a1_chr2_2571	A2	0.6772609353065491
shendure	consider missing	shendure_cm_zinb_phantom	Col5a1_chr2_2571	B1	0.7489445209503174
shendure	consider missing	shendure_cm_zinb_phantom	Col5a1_chr2_2571	B2	0.5564338564872742
shendure	consider missing	shendure_cm_zinb_phantom	Klf4_chr4_3958	2B1	0.13937199115753174
shendure	consider missing	shendure_cm_zinb_phantom	Klf4_chr4_3958	2B2	0.709473192691803
shendure	consider missing	shendure_cm_zinb_phantom	Klf4_chr4_3958	A1	0.7644011974334717
shendure	consider missing	shendure_cm_zinb_phantom	Klf4_chr4_3958	A2	0.6417722702026367
shendure	consider missing	shendure_cm_zinb_phantom	Klf4_chr4_3958	B1	0.24766480922698975
shendure	consider missing	shendure_cm_zinb_phantom	Klf4_chr4_3958	B2	0.38601934909820557
shendure	consider missing	shendure_cm_zinb_phantom	Sparc_chr11_7243	2B1	0.3078005611896515
shendure	consider missing	shendure_cm_zinb_phantom	Sparc_chr11_7243	2B2	0.423583984375
shendure	consider missing	shendure_cm_zinb_phantom	Sparc_chr11_7243	A1	0.33311593532562256
shendure	consider missing	shendure_cm_zinb_phantom	Sparc_chr11_7243	A2	0.38493916392326355
shendure	consider missing	shendure_cm_zinb_phantom	Sparc_chr11_7243	B1	0.4572363495826721
shendure	consider missing	shendure_cm_zinb_phantom	Sparc_chr11_7243	B2	0.5121777653694153
shendure	consider missing	shendure_cm_zinb_phantom	Cited2_chr10_1253	2B1	0.37323442101478577
shendure	consider missing	shendure_cm_zinb_phantom	Cited2_chr10_1253	2B2	0.11607427150011063
shendure	consider missing	shendure_cm_zinb_phantom	Cited2_chr10_1253	A1	0.7612603306770325
shendure	consider missing	shendure_cm_zinb_phantom	Cited2_chr10_1253	A2	0.8677510023117065
shendure	consider missing	shendure_cm_zinb_phantom	Cited2_chr10_1253	B1	0.677687406539917
shendure	consider missing	shendure_cm_zinb_phantom	Cited2_chr10_1253	B2	0.7015316486358643
shendure	consider missing	shendure_cm_zinb_phantom	Lamb1_chr12_2196	2B1	0.38839009404182434
shendure	consider missing	shendure_cm_zinb_phantom	Lamb1_chr12_2196	2B2	0.24134522676467896
shendure	consider missing	shendure_cm_zinb_phantom	Lamb1_chr12_2196	A1	0.4490296244621277
shendure	consider missing	shendure_cm_zinb_phantom	Lamb1_chr12_2196	A2	0.779707133769989
shendure	consider missing	shendure_cm_zinb_phantom	Lamb1_chr12_2196	B1	0.5663814544677734
shendure	consider missing	shendure_cm_zinb_phantom	Lamb1_chr12_2196	B2	0.6036946177482605
shendure	consider missing	shendure_cm_zinb_phantom	Map1b_chr13_9436	2B1	0.2259218841791153
shendure	consider missing	shendure_cm_zinb_phantom	Map1b_chr13_9436	2B2	0.3984665274620056
shendure	consider missing	shendure_cm_zinb_phantom	Map1b_chr13_9436	A1	0.716090977191925
shendure	consider missing	shendure_cm_zinb_phantom	Map1b_chr13_9436	A2	0.8128987550735474
shendure	consider missing	shendure_cm_zinb_phantom	Map1b_chr13_9436	B1	0.7297772765159607
shendure	consider missing	shendure_cm_zinb_phantom	Map1b_chr13_9436	B2	0.7489437460899353
shendure	consider missing	shendure_cm_zinb_phantom	Sox17_chr1_78	2B1	0.3539835214614868
shendure	consider missing	shendure_cm_zinb_phantom	Sox17_chr1_78	2B2	0.32155850529670715
shendure	consider missing	shendure_cm_zinb_phantom	Sox17_chr1_78	A1	0.5540342926979065
shendure	consider missing	shendure_cm_zinb_phantom	Sox17_chr1_78	A2	0.23912641406059265
shendure	consider missing	shendure_cm_zinb_phantom	Sox17_chr1_78	B1	0.4898318350315094
shendure	consider missing	shendure_cm_zinb_phantom	Sox17_chr1_78	B2	0.5865201950073242
shendure	consider missing	shendure_cm_zinb_phantom	Col1a2_chr6_72	2B1	0.357925683259964
shendure	consider missing	shendure_cm_zinb_phantom	Col1a2_chr6_72	2B2	0.6149162650108337
shendure	consider missing	shendure_cm_zinb_phantom	Col1a2_chr6_72	A1	0.48536235094070435
shendure	consider missing	shendure_cm_zinb_phantom	Col1a2_chr6_72	A2	0.4557062089443207
shendure	consider missing	shendure_cm_zinb_phantom	Col1a2_chr6_72	B1	0.42964547872543335
shendure	consider missing	shendure_cm_zinb_phantom	Col1a2_chr6_72	B2	0.47608694434165955
shendure	consider missing	shendure_cm_zinb_phantom	Col5a1_chr2_2586	2B1	0.33010420203208923
shendure	consider missing	shendure_cm_zinb_phantom	Col5a1_chr2_2586	2B2	0.404796838760376
shendure	consider missing	shendure_cm_zinb_phantom	Col5a1_chr2_2586	A1	0.46228379011154175
shendure	consider missing	shendure_cm_zinb_phantom	Col5a1_chr2_2586	A2	0.6935965418815613
shendure	consider missing	shendure_cm_zinb_phantom	Col5a1_chr2_2586	B1	0.5516787171363831
shendure	consider missing	shendure_cm_zinb_phantom	Col5a1_chr2_2586	B2	0.6099622845649719
shendure	consider missing	shendure_cm_zinb_phantom	Epas1_chr17_10063	2B1	0.28732526302337646
shendure	consider missing	shendure_cm_zinb_phantom	Epas1_chr17_10063	2B2	0.5883011817932129
shendure	consider missing	shendure_cm_zinb_phantom	Epas1_chr17_10063	A1	0.8301541209220886
shendure	consider missing	shendure_cm_zinb_phantom	Epas1_chr17_10063	A2	0.8317043781280518
shendure	consider missing	shendure_cm_zinb_phantom	Epas1_chr17_10063	B1	0.6641924381256104
shendure	consider missing	shendure_cm_zinb_phantom	Epas1_chr17_10063	B2	0.7128293514251709
shendure	consider missing	shendure_cm_zinb_phantom	Sox17_chr1_65	2B1	0.33112001419067383
shendure	consider missing	shendure_cm_zinb_phantom	Sox17_chr1_65	2B2	0.4850742220878601
shendure	consider missing	shendure_cm_zinb_phantom	Sox17_chr1_65	A1	0.5709996819496155
shendure	consider missing	shendure_cm_zinb_phantom	Sox17_chr1_65	A2	0.3380486071109772
shendure	consider missing	shendure_cm_zinb_phantom	Sox17_chr1_65	B1	0.4390348494052887
shendure	consider missing	shendure_cm_zinb_phantom	Sox17_chr1_65	B2	0.42192602157592773
shendure	consider missing	shendure_cm_zinb_phantom	Foxa2_chr2_13858	2B1	0.2787131071090698
shendure	consider missing	shendure_cm_zinb_phantom	Foxa2_chr2_13858	2B2	0.5443711876869202
shendure	consider missing	shendure_cm_zinb_phantom	Foxa2_chr2_13858	A1	0.41006532311439514
shendure	consider missing	shendure_cm_zinb_phantom	Foxa2_chr2_13858	A2	0.8014920353889465
shendure	consider missing	shendure_cm_zinb_phantom	Foxa2_chr2_13858	B1	0.6620751023292542
shendure	consider missing	shendure_cm_zinb_phantom	Foxa2_chr2_13858	B2	0.6620279550552368
shendure	consider missing	shendure_cm_zinb_phantom	Gata4_chr14_5779	2B1	0.3002891540527344
shendure	consider missing	shendure_cm_zinb_phantom	Gata4_chr14_5779	2B2	0.21064434945583344
shendure	consider missing	shendure_cm_zinb_phantom	Gata4_chr14_5779	A1	0.7150478959083557
shendure	consider missing	shendure_cm_zinb_phantom	Gata4_chr14_5779	A2	0.74180006980896
shendure	consider missing	shendure_cm_zinb_phantom	Gata4_chr14_5779	B1	0.4243301451206207
shendure	consider missing	shendure_cm_zinb_phantom	Gata4_chr14_5779	B2	0.1654532551765442
shendure	consider missing	shendure_cm_zinb_phantom	Sparc_chr11_7199	2B1	0.0444861464202404
shendure	consider missing	shendure_cm_zinb_phantom	Sparc_chr11_7199	2B2	0.5150885581970215
shendure	consider missing	shendure_cm_zinb_phantom	Sparc_chr11_7199	A1	0.8804792165756226
shendure	consider missing	shendure_cm_zinb_phantom	Sparc_chr11_7199	A2	0.8836019039154053
shendure	consider missing	shendure_cm_zinb_phantom	Sparc_chr11_7199	B1	0.8789880275726318
shendure	consider missing	shendure_cm_zinb_phantom	Sparc_chr11_7199	B2	0.9346235394477844
shendure	consider missing	shendure_cm_zinb_phantom	Klf4_chr4_3952	2B1	0.6912099123001099
shendure	consider missing	shendure_cm_zinb_phantom	Klf4_chr4_3952	2B2	0.19481579959392548
shendure	consider missing	shendure_cm_zinb_phantom	Klf4_chr4_3952	A1	0.3714389503002167
shendure	consider missing	shendure_cm_zinb_phantom	Klf4_chr4_3952	A2	0.8017128705978394
shendure	consider missing	shendure_cm_zinb_phantom	Klf4_chr4_3952	B1	0.5652082562446594
shendure	consider missing	shendure_cm_zinb_phantom	Klf4_chr4_3952	B2	0.6094335913658142
shendure	consider missing	shendure_cm_zinb_phantom	Bend5_chr4_8172	2B1	0.4539719521999359
shendure	consider missing	shendure_cm_zinb_phantom	Bend5_chr4_8172	2B2	0.12466754764318466
shendure	consider missing	shendure_cm_zinb_phantom	Bend5_chr4_8172	A1	0.5533443093299866
shendure	consider missing	shendure_cm_zinb_phantom	Bend5_chr4_8172	A2	0.6888044476509094
shendure	consider missing	shendure_cm_zinb_phantom	Bend5_chr4_8172	B1	0.5661413073539734
shendure	consider missing	shendure_cm_zinb_phantom	Bend5_chr4_8172	B2	0.29077205061912537
shendure	consider missing	shendure_cm_zinb_phantom	Tgfbi_chr13_5701	2B1	0.3928963840007782
shendure	consider missing	shendure_cm_zinb_phantom	Tgfbi_chr13_5701	2B2	0.07315385341644287
shendure	consider missing	shendure_cm_zinb_phantom	Tgfbi_chr13_5701	A1	0.8240669965744019
shendure	consider missing	shendure_cm_zinb_phantom	Tgfbi_chr13_5701	A2	0.7946040034294128
shendure	consider missing	shendure_cm_zinb_phantom	Tgfbi_chr13_5701	B1	0.6917785406112671
shendure	consider missing	shendure_cm_zinb_phantom	Tgfbi_chr13_5701	B2	0.12343142181634903
shendure	consider missing	shendure_cm_zinb_phantom	Foxa2_chr2_13820	2B1	0.49447324872016907
shendure	consider missing	shendure_cm_zinb_phantom	Foxa2_chr2_13820	2B2	0.2436831146478653
shendure	consider missing	shendure_cm_zinb_phantom	Foxa2_chr2_13820	A1	0.895234227180481
shendure	consider missing	shendure_cm_zinb_phantom	Foxa2_chr2_13820	A2	0.9032278060913086
shendure	consider missing	shendure_cm_zinb_phantom	Foxa2_chr2_13820	B1	0.6247947812080383
shendure	consider missing	shendure_cm_zinb_phantom	Foxa2_chr2_13820	B2	0.6307655572891235
shendure	consider missing	shendure_cm_zinb_phantom	Gata4_chr14_5729	2B1	0.6236119270324707
shendure	consider missing	shendure_cm_zinb_phantom	Gata4_chr14_5729	2B2	0.21929870545864105
shendure	consider missing	shendure_cm_zinb_phantom	Gata4_chr14_5729	A1	0.5952221155166626
shendure	consider missing	shendure_cm_zinb_phantom	Gata4_chr14_5729	A2	0.6900054812431335
shendure	consider missing	shendure_cm_zinb_phantom	Gata4_chr14_5729	B1	0.5590941309928894
shendure	consider missing	shendure_cm_zinb_phantom	Gata4_chr14_5729	B2	0.5930604934692383
shendure	consider missing	shendure_cm_zinb_phantom	Btg1_chr10_9572	2B1	0.20644783973693848
shendure	consider missing	shendure_cm_zinb_phantom	Btg1_chr10_9572	2B2	0.051811665296554565
shendure	consider missing	shendure_cm_zinb_phantom	Btg1_chr10_9572	A1	0.8925578594207764
shendure	consider missing	shendure_cm_zinb_phantom	Btg1_chr10_9572	A2	0.886498212814331
shendure	consider missing	shendure_cm_zinb_phantom	Btg1_chr10_9572	B1	0.6227127313613892
shendure	consider missing	shendure_cm_zinb_phantom	Btg1_chr10_9572	B2	0.9038980007171631
shendure	consider missing	shendure_cm_zinb_phantom	Cdk5r1_chr11_12595	2B1	0.19030210375785828
shendure	consider missing	shendure_cm_zinb_phantom	Cdk5r1_chr11_12595	2B2	0.40712907910346985
shendure	consider missing	shendure_cm_zinb_phantom	Cdk5r1_chr11_12595	A1	0.411785751581192
shendure	consider missing	shendure_cm_zinb_phantom	Cdk5r1_chr11_12595	A2	0.4964837431907654
shendure	consider missing	shendure_cm_zinb_phantom	Cdk5r1_chr11_12595	B1	0.5749712586402893
shendure	consider missing	shendure_cm_zinb_phantom	Cdk5r1_chr11_12595	B2	0.6647365689277649
shendure	consider missing	shendure_cm_zinb_phantom	Gata4_chr14_5762	2B1	0.3005110025405884
shendure	consider missing	shendure_cm_zinb_phantom	Gata4_chr14_5762	2B2	0.3959873616695404
shendure	consider missing	shendure_cm_zinb_phantom	Gata4_chr14_5762	A1	0.7884060740470886
shendure	consider missing	shendure_cm_zinb_phantom	Gata4_chr14_5762	A2	0.6016299724578857
shendure	consider missing	shendure_cm_zinb_phantom	Gata4_chr14_5762	B1	0.6626772284507751
shendure	consider missing	shendure_cm_zinb_phantom	Gata4_chr14_5762	B2	0.5797914266586304
shendure	consider missing	shendure_cm_zinb_phantom	Bend5_chr4_8170	2B1	0.07416938245296478
shendure	consider missing	shendure_cm_zinb_phantom	Bend5_chr4_8170	2B2	0.30897465348243713
shendure	consider missing	shendure_cm_zinb_phantom	Bend5_chr4_8170	A1	0.8700687885284424
shendure	consider missing	shendure_cm_zinb_phantom	Bend5_chr4_8170	A2	0.9482356309890747
shendure	consider missing	shendure_cm_zinb_phantom	Bend5_chr4_8170	B1	0.9355464577674866
shendure	consider missing	shendure_cm_zinb_phantom	Bend5_chr4_8170	B2	0.9638512134552002
shendure	consider missing	shendure_cm_zinb_phantom	Cited2_chr10_1248	2B1	0.26969948410987854
shendure	consider missing	shendure_cm_zinb_phantom	Cited2_chr10_1248	2B2	0.09556379169225693
shendure	consider missing	shendure_cm_zinb_phantom	Cited2_chr10_1248	A1	0.7181004285812378
shendure	consider missing	shendure_cm_zinb_phantom	Cited2_chr10_1248	A2	0.8601834774017334
shendure	consider missing	shendure_cm_zinb_phantom	Cited2_chr10_1248	B1	0.7722771763801575
shendure	consider missing	shendure_cm_zinb_phantom	Cited2_chr10_1248	B2	0.7350895404815674
shendure	consider missing	shendure_cm_zinb_phantom	Lamb1_chr12_2215	2B1	0.16403543949127197
shendure	consider missing	shendure_cm_zinb_phantom	Lamb1_chr12_2215	2B2	0.19956542551517487
shendure	consider missing	shendure_cm_zinb_phantom	Lamb1_chr12_2215	A1	0.8016111850738525
shendure	consider missing	shendure_cm_zinb_phantom	Lamb1_chr12_2215	A2	0.7012101411819458
shendure	consider missing	shendure_cm_zinb_phantom	Lamb1_chr12_2215	B1	0.7660842537879944
shendure	consider missing	shendure_cm_zinb_phantom	Lamb1_chr12_2215	B2	0.7483072876930237
shendure	consider missing	shendure_cm_zinb_phantom	Sox17_chr1_73	2B1	0.2849276661872864
shendure	consider missing	shendure_cm_zinb_phantom	Sox17_chr1_73	2B2	0.20836640894412994
shendure	consider missing	shendure_cm_zinb_phantom	Sox17_chr1_73	A1	0.8111821413040161
shendure	consider missing	shendure_cm_zinb_phantom	Sox17_chr1_73	A2	0.828536331653595
shendure	consider missing	shendure_cm_zinb_phantom	Sox17_chr1_73	B1	0.8342835307121277
shendure	consider missing	shendure_cm_zinb_phantom	Sox17_chr1_73	B2	0.7847360372543335
shendure	consider missing	shendure_cm_zinb_phantom	Lamb1_chr12_2182	2B1	0.06098054721951485
shendure	consider missing	shendure_cm_zinb_phantom	Lamb1_chr12_2182	2B2	0.7881993055343628
shendure	consider missing	shendure_cm_zinb_phantom	Lamb1_chr12_2182	A1	0.9270718693733215
shendure	consider missing	shendure_cm_zinb_phantom	Lamb1_chr12_2182	A2	0.8375226259231567
shendure	consider missing	shendure_cm_zinb_phantom	Lamb1_chr12_2182	B1	0.8499816060066223
shendure	consider missing	shendure_cm_zinb_phantom	Lamb1_chr12_2182	B2	0.8755139112472534
shendure	consider missing	shendure_cm_zinb_phantom	Sparc_chr11_7213	2B1	0.3577910363674164
shendure	consider missing	shendure_cm_zinb_phantom	Sparc_chr11_7213	2B2	0.724252462387085
shendure	consider missing	shendure_cm_zinb_phantom	Sparc_chr11_7213	A1	0.8068519830703735
shendure	consider missing	shendure_cm_zinb_phantom	Sparc_chr11_7213	A2	0.8880336880683899
shendure	consider missing	shendure_cm_zinb_phantom	Sparc_chr11_7213	B1	0.06953452527523041
shendure	consider missing	shendure_cm_zinb_phantom	Sparc_chr11_7213	B2	0.11352834850549698
shendure	consider missing	shendure_cm_zinb_phantom	Lamc1_chr1_12127	2B1	0.07819691300392151
shendure	consider missing	shendure_cm_zinb_phantom	Lamc1_chr1_12127	2B2	0.803884744644165
shendure	consider missing	shendure_cm_zinb_phantom	Lamc1_chr1_12127	A1	0.8547661900520325
shendure	consider missing	shendure_cm_zinb_phantom	Lamc1_chr1_12127	A2	0.8274308443069458
shendure	consider missing	shendure_cm_zinb_phantom	Lamc1_chr1_12127	B1	0.6270415186882019
shendure	consider missing	shendure_cm_zinb_phantom	Lamc1_chr1_12127	B2	0.8523470759391785
shendure	consider missing	shendure_cm_zinb_phantom	Btg1_chr10_9578	2B1	0.15453247725963593
shendure	consider missing	shendure_cm_zinb_phantom	Btg1_chr10_9578	2B2	0.23780669271945953
shendure	consider missing	shendure_cm_zinb_phantom	Btg1_chr10_9578	A1	0.6798192858695984
shendure	consider missing	shendure_cm_zinb_phantom	Btg1_chr10_9578	A2	0.6835532188415527
shendure	consider missing	shendure_cm_zinb_phantom	Btg1_chr10_9578	B1	0.6105209589004517
shendure	consider missing	shendure_cm_zinb_phantom	Btg1_chr10_9578	B2	0.6884260773658752
shendure	consider missing	shendure_cm_zinb_phantom	Lamb1_chr12_2207	2B1	0.5086519718170166
shendure	consider missing	shendure_cm_zinb_phantom	Lamb1_chr12_2207	2B2	0.4342038333415985
shendure	consider missing	shendure_cm_zinb_phantom	Lamb1_chr12_2207	A1	0.6040694713592529
shendure	consider missing	shendure_cm_zinb_phantom	Lamb1_chr12_2207	A2	0.4774787724018097
shendure	consider missing	shendure_cm_zinb_phantom	Lamb1_chr12_2207	B1	0.7168432474136353
shendure	consider missing	shendure_cm_zinb_phantom	Lamb1_chr12_2207	B2	0.4529027044773102
shendure	consider missing	shendure_cm_zinb_phantom	Sparc_chr11_7207	2B1	0.6462317109107971
shendure	consider missing	shendure_cm_zinb_phantom	Sparc_chr11_7207	2B2	0.26872751116752625
shendure	consider missing	shendure_cm_zinb_phantom	Sparc_chr11_7207	A1	0.630079984664917
shendure	consider missing	shendure_cm_zinb_phantom	Sparc_chr11_7207	A2	0.655078113079071
shendure	consider missing	shendure_cm_zinb_phantom	Sparc_chr11_7207	B1	0.5168531537055969
shendure	consider missing	shendure_cm_zinb_phantom	Sparc_chr11_7207	B2	0.363861620426178
shendure	consider missing	shendure_cm_zinb_phantom	Foxa2_chr2_13856	2B1	0.5522947311401367
shendure	consider missing	shendure_cm_zinb_phantom	Foxa2_chr2_13856	2B2	0.20050600171089172
shendure	consider missing	shendure_cm_zinb_phantom	Foxa2_chr2_13856	A1	0.740199863910675
shendure	consider missing	shendure_cm_zinb_phantom	Foxa2_chr2_13856	A2	0.9023078680038452
shendure	consider missing	shendure_cm_zinb_phantom	Foxa2_chr2_13856	B1	0.8219179511070251
shendure	consider missing	shendure_cm_zinb_phantom	Foxa2_chr2_13856	B2	0.7611736059188843
shendure	consider missing	shendure_cm_zinb_phantom	Lama1_chr17_7874	2B1	0.6773788928985596
shendure	consider missing	shendure_cm_zinb_phantom	Lama1_chr17_7874	2B2	0.2660163342952728
shendure	consider missing	shendure_cm_zinb_phantom	Lama1_chr17_7874	A1	0.697170615196228
shendure	consider missing	shendure_cm_zinb_phantom	Lama1_chr17_7874	A2	0.697318971157074
shendure	consider missing	shendure_cm_zinb_phantom	Lama1_chr17_7874	B1	0.6504690051078796
shendure	consider missing	shendure_cm_zinb_phantom	Lama1_chr17_7874	B2	0.8130768537521362
shendure	consider missing	shendure_cm_zinb_phantom	Gata4_chr14_5677	2B1	0.286642849445343
shendure	consider missing	shendure_cm_zinb_phantom	Gata4_chr14_5677	2B2	0.15099963545799255
shendure	consider missing	shendure_cm_zinb_phantom	Gata4_chr14_5677	A1	0.6496478319168091
shendure	consider missing	shendure_cm_zinb_phantom	Gata4_chr14_5677	A2	0.6662587523460388
shendure	consider missing	shendure_cm_zinb_phantom	Gata4_chr14_5677	B1	0.7014504671096802
shendure	consider missing	shendure_cm_zinb_phantom	Gata4_chr14_5677	B2	0.6032307744026184
shendure	consider missing	shendure_cm_zinb_phantom	Col1a1_chr11_15301	2B1	0.37327802181243896
shendure	consider missing	shendure_cm_zinb_phantom	Col1a1_chr11_15301	2B2	0.3728157579898834
shendure	consider missing	shendure_cm_zinb_phantom	Col1a1_chr11_15301	A1	0.6005802750587463
shendure	consider missing	shendure_cm_zinb_phantom	Col1a1_chr11_15301	A2	0.592255711555481
shendure	consider missing	shendure_cm_zinb_phantom	Col1a1_chr11_15301	B1	0.8387715816497803
shendure	consider missing	shendure_cm_zinb_phantom	Col1a1_chr11_15301	B2	0.869857132434845
shendure	consider missing	shendure_cm_zinb_phantom	Sparc_chr11_7233	2B1	0.2822900116443634
shendure	consider missing	shendure_cm_zinb_phantom	Sparc_chr11_7233	2B2	0.5195490717887878
shendure	consider missing	shendure_cm_zinb_phantom	Sparc_chr11_7233	A1	0.4973194897174835
shendure	consider missing	shendure_cm_zinb_phantom	Sparc_chr11_7233	A2	0.655630886554718
shendure	consider missing	shendure_cm_zinb_phantom	Sparc_chr11_7233	B1	0.21372559666633606
shendure	consider missing	shendure_cm_zinb_phantom	Sparc_chr11_7233	B2	0.5450766682624817
shendure	consider missing	shendure_cm_zinb_phantom	Lamb1_chr12_2203	2B1	0.2298598438501358
shendure	consider missing	shendure_cm_zinb_phantom	Lamb1_chr12_2203	2B2	0.4909578561782837
shendure	consider missing	shendure_cm_zinb_phantom	Lamb1_chr12_2203	A1	0.5429387092590332
shendure	consider missing	shendure_cm_zinb_phantom	Lamb1_chr12_2203	A2	0.38840922713279724
shendure	consider missing	shendure_cm_zinb_phantom	Lamb1_chr12_2203	B1	0.3872191905975342
shendure	consider missing	shendure_cm_zinb_phantom	Lamb1_chr12_2203	B2	0.29897889494895935
shendure	consider missing	shendure_cm_zinb_phantom	Klf4_chr4_3936	2B1	0.26031631231307983
shendure	consider missing	shendure_cm_zinb_phantom	Klf4_chr4_3936	2B2	0.7112816572189331
shendure	consider missing	shendure_cm_zinb_phantom	Klf4_chr4_3936	A1	0.23738934099674225
shendure	consider missing	shendure_cm_zinb_phantom	Klf4_chr4_3936	A2	0.3356740474700928
shendure	consider missing	shendure_cm_zinb_phantom	Klf4_chr4_3936	B1	0.4363439977169037
shendure	consider missing	shendure_cm_zinb_phantom	Klf4_chr4_3936	B2	0.582658052444458
shendure	consider missing	shendure_cm_zinb_phantom	Lama1_chr17_7791	2B1	0.2547898590564728
shendure	consider missing	shendure_cm_zinb_phantom	Lama1_chr17_7791	2B2	0.10336881875991821
shendure	consider missing	shendure_cm_zinb_phantom	Lama1_chr17_7791	A1	0.9008524417877197
shendure	consider missing	shendure_cm_zinb_phantom	Lama1_chr17_7791	A2	0.8835879564285278
shendure	consider missing	shendure_cm_zinb_phantom	Lama1_chr17_7791	B1	0.9360018968582153
shendure	consider missing	shendure_cm_zinb_phantom	Lama1_chr17_7791	B2	0.8858481049537659
shendure	consider missing	shendure_cm_zinb_phantom	Lamc1_chr1_12188	2B1	0.06946519762277603
shendure	consider missing	shendure_cm_zinb_phantom	Lamc1_chr1_12188	2B2	0.08982662111520767
shendure	consider missing	shendure_cm_zinb_phantom	Lamc1_chr1_12188	A1	0.9355875253677368
shendure	consider missing	shendure_cm_zinb_phantom	Lamc1_chr1_12188	A2	0.9270152449607849
shendure	consider missing	shendure_cm_zinb_phantom	Lamc1_chr1_12188	B1	0.9523977637290955
shendure	consider missing	shendure_cm_zinb_phantom	Lamc1_chr1_12188	B2	0.956476092338562
shendure	consider missing	shendure_cm_zinb_phantom	Col1a2_chr6_93	2B1	0.44637325406074524
shendure	consider missing	shendure_cm_zinb_phantom	Col1a2_chr6_93	2B2	0.21390482783317566
shendure	consider missing	shendure_cm_zinb_phantom	Col1a2_chr6_93	A1	0.7393044233322144
shendure	consider missing	shendure_cm_zinb_phantom	Col1a2_chr6_93	A2	0.8266339898109436
shendure	consider missing	shendure_cm_zinb_phantom	Col1a2_chr6_93	B1	0.721942663192749
shendure	consider missing	shendure_cm_zinb_phantom	Col1a2_chr6_93	B2	0.6398963928222656
shendure	consider missing	shendure_cm_zinb_phantom	Igfbp4_chr11_16694	2B1	0.20111411809921265
shendure	consider missing	shendure_cm_zinb_phantom	Igfbp4_chr11_16694	2B2	0.5393362045288086
shendure	consider missing	shendure_cm_zinb_phantom	Igfbp4_chr11_16694	A1	0.7827612161636353
shendure	consider missing	shendure_cm_zinb_phantom	Igfbp4_chr11_16694	A2	0.8448834419250488
shendure	consider missing	shendure_cm_zinb_phantom	Igfbp4_chr11_16694	B1	0.8688351511955261
shendure	consider missing	shendure_cm_zinb_phantom	Igfbp4_chr11_16694	B2	0.8081037998199463
shendure	consider missing	shendure_cm_zinb_phantom	Foxa2_chr2_13806	2B1	0.5669992566108704
shendure	consider missing	shendure_cm_zinb_phantom	Foxa2_chr2_13806	2B2	0.6583774089813232
shendure	consider missing	shendure_cm_zinb_phantom	Foxa2_chr2_13806	A1	0.29503288865089417
shendure	consider missing	shendure_cm_zinb_phantom	Foxa2_chr2_13806	A2	0.7370430827140808
shendure	consider missing	shendure_cm_zinb_phantom	Foxa2_chr2_13806	B1	0.5226154327392578
shendure	consider missing	shendure_cm_zinb_phantom	Foxa2_chr2_13806	B2	0.2771681845188141
shendure	consider missing	shendure_cm_zinb_phantom	Lamb1_chr12_2206	2B1	0.3034971356391907
shendure	consider missing	shendure_cm_zinb_phantom	Lamb1_chr12_2206	2B2	0.6197724938392639
shendure	consider missing	shendure_cm_zinb_phantom	Lamb1_chr12_2206	A1	0.7549898624420166
shendure	consider missing	shendure_cm_zinb_phantom	Lamb1_chr12_2206	A2	0.8326496481895447
shendure	consider missing	shendure_cm_zinb_phantom	Lamb1_chr12_2206	B1	0.8978955745697021
shendure	consider missing	shendure_cm_zinb_phantom	Lamb1_chr12_2206	B2	0.2532202899456024
shendure	consider missing	shendure_cm_zinb_phantom	Btg1_chr10_9613	2B1	0.5012403130531311
shendure	consider missing	shendure_cm_zinb_phantom	Btg1_chr10_9613	2B2	0.1316765695810318
shendure	consider missing	shendure_cm_zinb_phantom	Btg1_chr10_9613	A1	0.7566937804222107
shendure	consider missing	shendure_cm_zinb_phantom	Btg1_chr10_9613	A2	0.6109853982925415
shendure	consider missing	shendure_cm_zinb_phantom	Btg1_chr10_9613	B1	0.6405121088027954
shendure	consider missing	shendure_cm_zinb_phantom	Btg1_chr10_9613	B2	0.2359800934791565
shendure	consider missing	shendure_cm_zinb_phantom	Tgfbi_chr13_5711	2B1	0.17374710738658905
shendure	consider missing	shendure_cm_zinb_phantom	Tgfbi_chr13_5711	2B2	0.11906396597623825
shendure	consider missing	shendure_cm_zinb_phantom	Tgfbi_chr13_5711	A1	0.8688536882400513
shendure	consider missing	shendure_cm_zinb_phantom	Tgfbi_chr13_5711	A2	0.8446646332740784
shendure	consider missing	shendure_cm_zinb_phantom	Tgfbi_chr13_5711	B1	0.8946279883384705
shendure	consider missing	shendure_cm_zinb_phantom	Tgfbi_chr13_5711	B2	0.8783154487609863
shendure	consider missing	shendure_cm_zinb_phantom	Epas1_chr17_10064	2B1	0.4305911362171173
shendure	consider missing	shendure_cm_zinb_phantom	Epas1_chr17_10064	2B2	0.2251347154378891
shendure	consider missing	shendure_cm_zinb_phantom	Epas1_chr17_10064	A1	0.4838736653327942
shendure	consider missing	shendure_cm_zinb_phantom	Epas1_chr17_10064	A2	0.34878015518188477
shendure	consider missing	shendure_cm_zinb_phantom	Epas1_chr17_10064	B1	0.44730663299560547
shendure	consider missing	shendure_cm_zinb_phantom	Epas1_chr17_10064	B2	0.23242560029029846
shendure	consider missing	shendure_cm_zinb_phantom	Lama1_chr17_7892	2B1	0.42753663659095764
shendure	consider missing	shendure_cm_zinb_phantom	Lama1_chr17_7892	2B2	0.2781265377998352
shendure	consider missing	shendure_cm_zinb_phantom	Lama1_chr17_7892	A1	0.40989452600479126
shendure	consider missing	shendure_cm_zinb_phantom	Lama1_chr17_7892	A2	0.3623849153518677
shendure	consider missing	shendure_cm_zinb_phantom	Lama1_chr17_7892	B1	0.305804967880249
shendure	consider missing	shendure_cm_zinb_phantom	Lama1_chr17_7892	B2	0.3311922252178192
shendure	consider missing	shendure_cm_zinb_phantom	Lama1_chr17_7787	2B1	0.32907360792160034
shendure	consider missing	shendure_cm_zinb_phantom	Lama1_chr17_7787	2B2	0.28775835037231445
shendure	consider missing	shendure_cm_zinb_phantom	Lama1_chr17_7787	A1	0.8157737255096436
shendure	consider missing	shendure_cm_zinb_phantom	Lama1_chr17_7787	A2	0.5862651467323303
shendure	consider missing	shendure_cm_zinb_phantom	Lama1_chr17_7787	B1	0.4833327531814575
shendure	consider missing	shendure_cm_zinb_phantom	Lama1_chr17_7787	B2	0.7437630295753479
shendure	consider missing	shendure_cm_zinb_phantom	Lamc1_chr1_12183	2B1	0.2638918161392212
shendure	consider missing	shendure_cm_zinb_phantom	Lamc1_chr1_12183	2B2	0.7529295086860657
shendure	consider missing	shendure_cm_zinb_phantom	Lamc1_chr1_12183	A1	0.7824234366416931
shendure	consider missing	shendure_cm_zinb_phantom	Lamc1_chr1_12183	A2	0.4036511778831482
shendure	consider missing	shendure_cm_zinb_phantom	Lamc1_chr1_12183	B1	0.3716108500957489
shendure	consider missing	shendure_cm_zinb_phantom	Lamc1_chr1_12183	B2	0.5320315957069397
shendure	consider missing	shendure_cm_zinb_phantom	Lama1_chr17_7907	2B1	0.20924784243106842
shendure	consider missing	shendure_cm_zinb_phantom	Lama1_chr17_7907	2B2	0.23818400502204895
shendure	consider missing	shendure_cm_zinb_phantom	Lama1_chr17_7907	A1	0.7782336473464966
shendure	consider missing	shendure_cm_zinb_phantom	Lama1_chr17_7907	A2	0.751738429069519
shendure	consider missing	shendure_cm_zinb_phantom	Lama1_chr17_7907	B1	0.7464413642883301
shendure	consider missing	shendure_cm_zinb_phantom	Lama1_chr17_7907	B2	0.5355432629585266
shendure	consider missing	shendure_cm_zinb_phantom	Cited2_chr10_1246	2B1	0.4482470452785492
shendure	consider missing	shendure_cm_zinb_phantom	Cited2_chr10_1246	2B2	0.4073631763458252
shendure	consider missing	shendure_cm_zinb_phantom	Cited2_chr10_1246	A1	0.7277221083641052
shendure	consider missing	shendure_cm_zinb_phantom	Cited2_chr10_1246	A2	0.6890900135040283
shendure	consider missing	shendure_cm_zinb_phantom	Cited2_chr10_1246	B1	0.4922378957271576
shendure	consider missing	shendure_cm_zinb_phantom	Cited2_chr10_1246	B2	0.13262473046779633
shendure	consider missing	shendure_cm_zinb_phantom	Sparc_chr11_7182	2B1	0.8550739288330078
shendure	consider missing	shendure_cm_zinb_phantom	Sparc_chr11_7182	2B2	0.6231951713562012
shendure	consider missing	shendure_cm_zinb_phantom	Sparc_chr11_7182	A1	0.17609138786792755
shendure	consider missing	shendure_cm_zinb_phantom	Sparc_chr11_7182	A2	0.6802888512611389
shendure	consider missing	shendure_cm_zinb_phantom	Sparc_chr11_7182	B1	0.7912874221801758
shendure	consider missing	shendure_cm_zinb_phantom	Sparc_chr11_7182	B2	0.546090841293335
shendure	consider missing	shendure_cm_zinb_phantom	Sox17_chr1_68	2B1	0.1213947981595993
shendure	consider missing	shendure_cm_zinb_phantom	Sox17_chr1_68	2B2	0.6405461430549622
shendure	consider missing	shendure_cm_zinb_phantom	Sox17_chr1_68	A1	0.904058039188385
shendure	consider missing	shendure_cm_zinb_phantom	Sox17_chr1_68	A2	0.8354024291038513
shendure	consider missing	shendure_cm_zinb_phantom	Sox17_chr1_68	B1	0.7021042108535767
shendure	consider missing	shendure_cm_zinb_phantom	Sox17_chr1_68	B2	0.914383053779602
shendure	consider missing	shendure_cm_zinb_phantom	Cited2_chr10_1239	2B1	0.5729360580444336
shendure	consider missing	shendure_cm_zinb_phantom	Cited2_chr10_1239	2B2	0.6695294380187988
shendure	consider missing	shendure_cm_zinb_phantom	Cited2_chr10_1239	A1	0.4262044131755829
shendure	consider missing	shendure_cm_zinb_phantom	Cited2_chr10_1239	A2	0.49490195512771606
shendure	consider missing	shendure_cm_zinb_phantom	Cited2_chr10_1239	B1	0.44880956411361694
shendure	consider missing	shendure_cm_zinb_phantom	Cited2_chr10_1239	B2	0.4468926787376404
shendure	consider missing	shendure_cm_zinb_phantom	Cited2_chr10_1270	2B1	0.4476299583911896
shendure	consider missing	shendure_cm_zinb_phantom	Cited2_chr10_1270	2B2	0.7708741426467896
shendure	consider missing	shendure_cm_zinb_phantom	Cited2_chr10_1270	A1	0.3947273790836334
shendure	consider missing	shendure_cm_zinb_phantom	Cited2_chr10_1270	A2	0.41388043761253357
shendure	consider missing	shendure_cm_zinb_phantom	Cited2_chr10_1270	B1	0.38717371225357056
shendure	consider missing	shendure_cm_zinb_phantom	Cited2_chr10_1270	B2	0.35103118419647217
shendure	consider missing	shendure_cm_zinb_phantom	Txndc12_chr4_7969	2B1	0.11885754764080048
shendure	consider missing	shendure_cm_zinb_phantom	Txndc12_chr4_7969	2B2	0.13030178844928741
shendure	consider missing	shendure_cm_zinb_phantom	Txndc12_chr4_7969	A1	0.841191828250885
shendure	consider missing	shendure_cm_zinb_phantom	Txndc12_chr4_7969	A2	0.7555791139602661
shendure	consider missing	shendure_cm_zinb_phantom	Txndc12_chr4_7969	B1	0.5433539748191833
shendure	consider missing	shendure_cm_zinb_phantom	Txndc12_chr4_7969	B2	0.20253297686576843
seelig	consider missing + MOI	seelig_cm_moib_zinb_phantom	TAGGATGAGTCATCGGAAGGGCGAGAAAGCGGAAGTGACTTCCTCCAATAGGCTTATAGGATGAGTCATCAGCTTATAAGGAAAGCGGAAGTCACATCCGGAAGATAAGATAGCGTGACTTCCTCCAATAGGATGACTCATCGGA	R1	0.0002387471467955038
seelig	consider missing + MOI	seelig_cm_moib_zinb_phantom	AGGAAAGAGTTACGTTATATCTTGCGTGTCTGACTGGCGGTGAGTCATAGGAAAGAGCGGCGTGATATCTTGTGAGTCATAGAAGGGGAAGGAAGGGCTTCCAGATAAGGAAATGAGTTGTGAGTCATAGGAAAGGAAGGGCGGT	R1	0.00023448946012649685
seelig	consider missing + MOI	seelig_cm_moib_zinb_phantom	TCCGCCAATTGGATGAGTCATCGGAAGGGCGAGAAAGCGGAAGTGACTTCCTATGACTCATCGGAAGTCACTTCCTATGACTCATCGGAAGGGCGAGAAAGCGGAAGTGACTTCCTCCAATTGGATGACTCATCGGCCTATAAGG	R1	0.0002718734904192388
seelig	consider missing + MOI	seelig_cm_moib_zinb_phantom	CTTACTTCCTGGAAGGGGGGGTTTCTCGCAGATACGCTTTCTTATAGGCCTATAGCGGTTGTGAGTCACTTCCTTTTTCGCTGGATGACTCATATCTTTGCTTATAGGATGTAACTCACTCTTCCTCGCCGATAGCGTCTGTGGG	R1	0.0002234257262898609
seelig	consider missing + MOI	seelig_cm_moib_zinb_phantom	ACAGGGGACATGTCCGGGCTTGTTTGGGGTTGTACAGAGGTGAGGTGAGCAGGGGACATGCCCGGGCATGTTTGCTGCTGTACAAAGGTCCGTTGTTTAGACTTGTTAGTTATGTAACCGAGCTTTGAACGTGACAGGGAGGGGG	R1	0.0002467517333570868
seelig	consider missing + MOI	seelig_cm_moib_zinb_phantom	AAGGGCGGTGAGTCATAAGGAAGTGCGTGTAGATAAGGAAATAGGCGGATAGGCGGTGAGTCATCCTTCCAGATAAGGAAAAGGAAGGAAAGGGGGTGAGTCATCCAAGTGTAGGAAAGAGTTGCGTTATAACTTGCGTGTCTTA	R1	0.00025233704946003854
seelig	consider missing + MOI	seelig_cm_moib_zinb_phantom	CAGTTGAACAAAGGTCAAACAGACTTTGGTCCCTGTTTAAACATGTCCGGGGTGAAGGCAGTTGTCCTGTTTGGTGTTTGACTAAAGGAATTATGTAAGCATGTTTGTAGCTGGGCTCAAAGCAGTGGGCATGCCCGGGCATGTT	R1	0.0002713814319577068
seelig	consider missing + MOI	seelig_cm_moib_zinb_phantom	CTATACCTGTTATGTATTCATCCGAGTTTTGAACTAGGGACATGCCCGGGCATGTTTGCTGCTGACAGTCGACCGTTGTGTACAAAGGTCAAAGGGATTACGGGCATGTTTAGGTAACCTGTTAGTTATGTAACCGAGCTTTGAA	R1	0.0002424823906039819
seelig	consider missing + MOI	seelig_cm_moib_zinb_phantom	TTAATTTCTCTCAACATTACGTAATGTATAATCAATAGAGATTGGTCTTTTAGTTATTGTAACTTTGCACAAGGGGCATAGTATACGGACATTGGGATTTGGAGCGAAAGCGCACTGGACATGCCCGGGCATGTCTGGTGCTGAA	R1	0.0002794218307826668
seelig	consider missing + MOI	seelig_cm_moib_zinb_phantom	TCCGCCAATAAGCTTATAGGATGAGTCATCAGCATATAAGGAAGTTAAGAAGGTAAGAAAGAGGGCGGGACTTCCTCCAATTGGATGAGTCATCGGAAGTCACTTCCTATAACTTATCGGAAGGGCGAGAAAGCGGAAGTCACTT	R1	0.0002440263342577964
seelig	consider missing + MOI	seelig_cm_moib_zinb_phantom	CTTGACCTGTTAGTTATGTAACCGAGCTTTGAACTACGGTCAGGTTTGTACAAAGGTCAATGGACTATCACTGTTAGGGAGAGGGGGGCATGCTGAGCTTTGTACATGCCCGGGCATGTTTGCTGCTGTCATGCTTGTTATGTAA	R1	0.0003119447792414576
seelig	consider missing + MOI	seelig_cm_moib_zinb_phantom	AGCTTGCGTTAGGCAGCATGCAGTGCACCAACCAGCGAACGTTGTCAGGGACATGCTCAGGGCATGCCCGGACATGTCCGCCAGCATTGTTTGTGAATGTTTGTACAGTGGCCAATGAACGTAAACATTACGTAATCAAGCCACT	R1	0.00024379100068472326
seelig	consider missing + MOI	seelig_cm_moib_zinb_phantom	CAAGAAAGAAGGGCGGTGAGTCATAAGGAAGTGCGTGTGGATAGGCGTATATCTTGCGTGTCATAGGAAGAAAAGGAAGTGCTTCCGGATAAGGAAGTGACTTTATATCTTGCGTGTCTGACTGGCGGTGAGTCATCCAAGTGTG	R1	0.0002584577305242419
seelig	consider missing + MOI	seelig_cm_moib_zinb_phantom	ACTAGGGACATGCCCGGGCATGTTTGCGTCTGTACAAAGGTCAAAGGAGCAGGGGACATGCCCGGGCATGTTTGCTGCTGACAGTCGGTCGGTCGACTAGACTTGTTAGTTATGTAACCGAGCTTTGAACGTGACAGGGGGGGTG	R1	0.0002642290201038122
seelig	consider missing + MOI	seelig_cm_moib_zinb_phantom	GGACATGTCCCGGCATGTTTGCCGGCCGTCGCATTCATTTTGTTTGTTTGTTTGTTTGACATGTCCCGGCATGTTTGTTCAAACATTGCGTAATGTCCGGTCATGTTTTGTTCTTTTGTCCATAGTGCAAACATGCCCGGGCATG	R1	0.0003365958109498024
seelig	consider missing + MOI	seelig_cm_moib_zinb_phantom	CATGTCCGGGCAAGCCCTGTTTACGTAACTTCTGGTCTAGTTTGCCTTTGAACTTTGGACTTCCGGCCGGTAGGTCATTGGATCGTGACTAAACAAACGTAAATACCGGCGGCCTTAGTGCTGTGAACTTACTTTGACCTGAGCG	R1	0.00027306535048410296
seelig	consider missing + MOI	seelig_cm_moib_zinb_phantom	ACCTGGGGACCATTGTTTGTGTAAACATGGGAGACATGCCGGGGGGGTTTGTGTAAAAATCAACTCAACGAATGACCGGAGGCATGGAGTGCAGCAGTGCACCGGACATGCCCGGGCAAGTTCGGTCAAACTTTGAACCTTTGCA	R1	0.0002937333192676306
seelig	consider missing + MOI	seelig_cm_moib_zinb_phantom	GTAAAGTTCAAAGTTTGTATTATGCATGCGGGCATGCTGGGGAAAGTACATTGGATTGTTTGTTTAAACATTTTGTTTGTTTGACTTTCTGTGGAATGTTTGTACAAACATTCTGTTTGATTTTCAGGGGAAAGTTCAAAGGTTG	R1	0.00027714725001715124
seelig	consider missing + MOI	seelig_cm_moib_zinb_phantom	TCACAAACGGGTGGCGGGGCCCGCTTCCTTCTCTTCTAAGAAGCAGTTATCTTATAACACGCATATGCGTCATGTGGCTTATCTGTCAGCAACTGCTTCTTAAGATGACGCCGCTTCCGCGTTCTAATGAGTCAGCGAGATAAAG	R1	0.000287588540231809
seelig	consider missing + MOI	seelig_cm_moib_zinb_phantom	GGTGGGGGAGAGTAAGGGGGCATGTTTAGACATGTACGGACGGTAGTTTGAACTTTCGGTCAAAGGTTAAATAACAATTGCGGACATGCTCGGGCATGTTCGGTCGATCAAAGGTAGTAGGGAGCTGAGAGGGTTGTATAATGAT	R1	0.00028685707366093993
seelig	consider missing + MOI	seelig_cm_moib_zinb_phantom	GAGGGGGACATGTCTAGGCATGCTGTCAGTTATGTAACCGAGCTTTGAACTTCTGAGGGGGTGAGCGGGGGACATGCCCGGGCATGTTTGCTGCTGGGGGGTTAGTTATGTAACCTTTGAACAAAGGACTGTGAGGTCAAAGTAC	R1	0.00029662266024388373
seelig	consider missing + MOI	seelig_cm_moib_zinb_phantom	GGAATAAAAGAATGGGTACTCTGTAGACAGAACAGCAGCATGGGCTGCTTGACTGAGTATACTTAAAGCTATTTCTGGATCATATGCTAACAAGGGGTGGATTACTCATGAGTCTTCTGGGAAGGGGGTGGGGATTTCCTGGAAC	R1	0.00029143202118575573
seelig	consider missing + MOI	seelig_cm_moib_zinb_phantom	TGAGTCATAGAAGCGGTGAGTCATAGAAAGATAAGGAAGTGCGTGTAGATAAGGGAAAGGAAGGGCTTCCAGATAAGGAAGTGAGGAAATAGGGTTATATCTTGCGAGTCATAGGAAAGAGTTGCGTTATATCTTGCGTGTCTTA	R1	0.00030655707814730704
seelig	consider missing + MOI	seelig_cm_moib_zinb_phantom	TCCGCCAATAGGATGAGTCATCGGAAGGGCGAGAAAGCGGAAGTCACTTCCTGAAAATAACTTATAAGCTTTTAGGATGAGTCATCAGCATATAAGGAAGTTAAGAAAGAGGAAGTGACTTCCTCCAATAGGCTTATAAGATAAG	R1	0.00030314186005853117
seelig	consider missing + MOI	seelig_cm_moib_zinb_phantom	CATGCTGGGGAGAGTACATTGGATTGTTTGTTTAAACATTCTGTGGAATGTTTGTGCATGCTGGCATGCTGGGGAGTGTGGATTTTTATTGTGTAATGTTTGGACATGCTGTGTAATGTTCAAAGGTTGTATTTGTTTTACATTC	R1	0.0003092241531703621
seelig	consider missing + MOI	seelig_cm_moib_zinb_phantom	CAATGATTTAAGCAGTTATGTAACCGGTTATGTAAGTGTCCGGTGGTTTGTCTGGTGATCTAGGTGGTTATGTAACGGGTTATGTAAGCGGTGATGTAACGGGTAATGTAATGGTCCAGTGATCTAAGCGGTGGTCCGGTCGGTT	R1	0.000380973651772365
seelig	consider missing + MOI	seelig_cm_moib_zinb_phantom	GGGTTCAAAGCAATAGAGTGTTTAAACAACGTGACCTAGGCTTGACATTGTCACACAGGTCACCAGTTGAGCTCGCGCTGACGTAATGTTTACCGTGGGATGATGGTCGGACATGTCCGGGCAAGCACCCAGGGAGGCTTGTGCA	R1	0.0003029234358109534
seelig	consider missing + MOI	seelig_cm_moib_zinb_phantom	TAGGATGAGTCATCAGCATATAAGGAAGGAGGGCGGGACTTCGTCATATAAGGAAGATATATCTTCCTCCAATTGGATGAGTCATCGGCCTATAGGGAGGGTGAGAAAGCGGAAGTCACATCCTGAAGATAACTTATAAGATAAC	R1	0.00031948613468557596
seelig	consider missing + MOI	seelig_cm_moib_zinb_phantom	AAAGTCGACCGGAATTGTTTGTTGGGGGTTTGTACAAAGGTCAAAGGGGTTGGTGGGGGGGTGAGCTGTGTACATGCCCGGGCATGTTTGCTTCGTTCTGACCTGTTAGTTATGTAACCGAGCTTTGAACGTCGCAGGGGGGGAG	R1	0.00033656854066066444
seelig	consider missing + MOI	seelig_cm_moib_zinb_phantom	GAAATCGGAAGGGCGAGAAAGCGGAAGTCACTTCCTGAAAATAACTTATAAGCTTATAGGATGAGTCATCAGCTTATAAGGAAGATGACTTAGAGGGCGGGACTTCCTCCAATAGGATGAGTCATCAGCATATAAGGAAGTTAAC	R1	0.0003184701199643314
seelig	consider missing + MOI	seelig_cm_moib_zinb_phantom	GAGGTATGCCTGGGCAAGCTCGGTACTCAGATTACGTAATAGTTACACAGAGTTTGACTATTGTACAAAATTCGGTCGATTGTCTTGTTCTGACGTAAACATGCCCGGACATGTCCAGGCAAGCTCGGTGGCCCGAGAGTCGTCC	R1	0.0003339142131153494
seelig	consider missing + MOI	seelig_cm_moib_zinb_phantom	AGTTCATTCAATAAACGGTGAACTTTGGATCATTACATAAACATGCCTGGACATGCCCTTGTATAAAACGGGGGTTTGCCACTGTGGACATGCCCAGGCATGTTACCCATTTTGGTCCATTTACCGTTGAAGTTTGATTATGTAA	R1	0.00036778091453015804
seelig	consider missing + MOI	seelig_cm_moib_zinb_phantom	CGGACATGCTCAGACATGTTCGGTCGGTAGTTTGAACTTTCGGTCAAAGGTAGTAGAGAGTAAGGGGGCATGTTTAGACATGTTCGGTTTGAATGGAGAGTGGGAGAGCAGAGATTGTTGTACAAAGATTATGTAATGATCGTGA	R1	0.0003298651718068868
seelig	consider missing + MOI	seelig_cm_moib_zinb_phantom	CCTATAGGCTTATAGGCGGGGTTTCTCGCAGATACGCTTTCTTATAGGCCTATAGCGTTTGTGAGTCACTTCCTTTTTCTCTGGATGACTCATATCCTGGATGCGGGTCTTCGAGATATCGTCACTTCCAGGAAGTGACTCACGC	R1	0.00032613216899335384
seelig	consider missing + MOI	seelig_cm_moib_zinb_phantom	CTTGACCTGTTAGTTATGTAACCGGGGGGGTGTACAAAGGTCAAAGGAGCAAGGGACATGCCCGGGCATGTTTGCTGCTGTAGAAAGGTCGGTCGACTAGACTTGTTAGTTATGTAACCGAGCTTTGAACGTGACAGGGGGGGAG	R1	0.0003790666232816875
seelig	consider missing + MOI	seelig_cm_moib_zinb_phantom	GAATTCTAAGTAATCTACTGGGTGACCCAGGAAACGTTCCTTGTGTGTTTGATTACATTCCGGTCATGTAATGGTTCAAAGTCCGTGACGCAATGGTAAACTACGGCCGCAGACATGCCCGGGCATGTCTGTAGGTCTGAAGTAC	R1	0.0003432618686929345
seelig	consider missing + MOI	seelig_cm_moib_zinb_phantom	AGCAACCGGGAGGAGCCGCATGAGATGACTCATCCGTCTGAGGCGATACGCCCCCCCGTATAGGTTATGAGTCATTGGCGCTGCGCGTGACGAAGTTACGTCCTATAAGACACGTAATCGGTAGGGCGAGCTTATCCCGGAAGAC	R1	0.0003360399859957397
seelig	consider missing + MOI	seelig_cm_moib_zinb_phantom	TATCGCAGAAGATATAAGCATATAAGCATATACGCGCGCCTATGAGTCAGCGCGAGGCGATGAGTCACGCAGGAAGAGGAAGCATATAAGGATATAACGATGAGTCACCCTCCGCGAGAGGCACCGCCTATCGCAGAAGATATAA	R1	0.00035853643203154206
seelig	consider missing + MOI	seelig_cm_moib_zinb_phantom	TGACGTTACTTGCGGCGTAAGATATCGTCATCCGCCAATGACGCGTCATAAAGATGCGGCGGAAGCGACTACTCGTGCGGCGCCGCCGGTTCGTCTGAGTGACTGACTTATCGTATGCGAGTTATAGGACAGATAAGCGATGCGC	R1	0.0003332571650389582
seelig	consider missing + MOI	seelig_cm_moib_zinb_phantom	GATGAGGTGAGGTAATTATTAACCGGTAGGTAATTATTAACCGTGACAACCGGTAATTATTAACCGTGGTAATTATTAACCGTAGCCATCGGTAATTATTAACCGGTAATTATTAACCCCCTACCCATGGTAATTATTAACCTTC	R1	0.0003388544137123972
seelig	consider missing + MOI	seelig_cm_moib_zinb_phantom	CAAAGCCGCAGTGGACAACCGGACTTTGTCCATTGATCAAACCGGCTGGGTGACTGCATGACGTCGCCCGGGCATGTCCCGGCATGTTTGACGGTGAACGGAGGCAAACAGGAGGTGGGCTAAAGTTCGTACACTGCTTCCCGTG	R1	0.00037443346809595823
seelig	consider missing + MOI	seelig_cm_moib_zinb_phantom	ATTTGAACATCCCCTGTTACGTAATGAACGAAAGGAGCAGACCCGGCGGCGGTTCGGTTCAAAGGACGCTTGCCTCACCACACCCAGAGGACATGCCCGGGCATGTCGACCGAAGGGCTTTGCCTAGTTTCGGTTTGTTTGACAC	R1	0.00035990658216178417
seelig	consider missing + MOI	seelig_cm_moib_zinb_phantom	TGACAATGAACAATGCATAGACAGGGTGACGTCACAACATTGACCTTTGGTCTAAAACCTAGACATGCCCGGGCATGTTTGGACCTTTACTTATGTAAGCCTGTCCAGGGCAAGAGTGAACAAGGCCCTGATATTCACCTGGTTG	R1	0.0003594610025174916
seelig	consider missing + MOI	seelig_cm_moib_zinb_phantom	CAGGTAACCGGTGGTTTGGGCAGTGGTCTAAGTGTCCGTTGGTTTGTGCGGTCGGTTATGTAACCGGTGATGTAAGCGGTGATGTAAGTGTCCGTTTGTTTGGTTGTCGGTCCGGTTATGTAATGGTTTATGTAACCGTCGATCA	R1	0.00038452731678262353
seelig	consider missing + MOI	seelig_cm_moib_zinb_phantom	GATAGCGTTTTCGCGAAACGATGAGTCATCCTACGATATCGTCTTATAAGATATGATTTGTAATTGCGGCTCTGATTAGCCGTTCCGCGTCATTAGGCGGCGCCATATTCTGCTAATAAGAAAACGTATGTCACTTCCGGGAGTC	R1	0.00035633021616376936
seelig	consider missing + MOI	seelig_cm_moib_zinb_phantom	TTATGTAATGGTAGTTTGAACTTTCGGTCTAGCGAGCAGGGGTGCAAAGGTAGTGGGGAGCTGAGAGGCTTGTATAAACATTATGTAATGATCGGGAGGGAGAGAGAGTAAGGGGGCATGTTTAGACATGTTCGGTATGAATTGA	R1	0.00036392195033840835
seelig	consider missing + MOI	seelig_cm_moib_zinb_phantom	AAGGAAGTGGGTGAGGATATCTTGCAAGAAATAGGAAAGAGTTGCGTTATATCTTGCGTGTCTGACTGGCGGTGAGTCATAAGGAAGTGCGTGTGGATAGGGGGAAGGGCGGTGAGTCATCGAAGGATAAGGAAGGGTGGGGAGA	R1	0.00035275224945507944
seelig	consider missing + MOI	seelig_cm_moib_zinb_phantom	TCCGCCAATAGGCTTATAGGATGAGTCATCAGCATATAAGGAAGGAGGGCGGGACTTCCTCTTATAGGCCAATTGGATGACTCATCAGGAAGTTAAGATATCGGAAGGGCGAGAAAGCGGAAGTCACTTCCTGAAGATAAGAAGC	R1	0.0003607369726523757
seelig	consider missing + MOI	seelig_cm_moib_zinb_phantom	TCCGCCTATAAGCTTATAAGCTTTTAGGATGAGTCATCGGCCTATAGGGCGGGACTTCCTCCAATAGGCTTATAAGATAAGAGGATGAGTCATCAGCATATAAGGAAGTTAAGATATCGGAAGGGCGAGAAAGCGGAAGTGACTT	R1	0.0003542017366271466
seelig	consider missing + MOI	seelig_cm_moib_zinb_phantom	TTGGGTCAAACATGCCGGGGGACTTGACAGGAGTGGATCAAAGGTTCAAACATTGATTGTGTAAACATGGCCTGACAGGAGTGGAACAAAGGTGGAGTGCACCGGACATGCCCGGGCAAGTCCGGTGGACAGGAGTGTGGAACAA	R1	0.0003525691572576761
seelig	consider missing + MOI	seelig_cm_moib_zinb_phantom	TGGGTAATTATTAACCGGCTACCGCAGCGCGCTGAAAGGTAATTATTAACCCCCATGTTCCGTCTCCCGGGGGTAATTATTAACCTCATTGGGTAATTATTAACCCAGGTAATTATTAACCCTGTGGGTGTGGTAATTATTAACC	R1	0.00034368233173154294
seelig	consider missing + MOI	seelig_cm_moib_zinb_phantom	TTCCGAGAAAGCCCCGCCCATTTGCTGATTTCATCCGCCCGATGACTCATCACTTCCTTATCTCTTCCCTTCCTTATTTCTCGGAAGCGCCGCCCATTGGAAGGAAGCGCCGCCCCCAGAGGGCGCGGCCTATAGGACGATATAA	R1	0.00038594251964241266
seelig	consider missing + MOI	seelig_cm_moib_zinb_phantom	ATGACGTCATGTTAAGAGGGTTTAGACTGGATAGGTTCAACGGTCCAAAGGTTGTACAATCTATGTGACAGAACTCCCGGCATGCCGAGGCATGTATCTAGCGAGGTTCCCCTGTTTTGAACTTCGCTCTTTACATGCGTTGTAC	R1	0.00037075698492117226
seelig	consider missing + MOI	seelig_cm_moib_zinb_phantom	CGGTGATGTAAGCGGTTGTTTATGCAATGATCTAAGCGTCCGTCGGTTTGTTTGTCCGTTGATGCAATGGTCCAGTGGTTTGTGTAATGGGTTATGTAAGCGGCCGGTTGTGTAACGGTTGGTTTGGGTAAGCAGTGATCTAGGT	R1	0.00039664306677877903
seelig	consider missing + MOI	seelig_cm_moib_zinb_phantom	CATTGGTCAAACATTCCGTAATGTCCGGGAATGTTCAAAGTTCTTTTTGTTTCTTTTGACCTTTTGACATGTTCCGGCATGTTCACGTCCCGGCACCAAGGTTGCAGAGGGGCAAAGTGCAAACATGCCCGGGCATGTTTTGTCA	R1	0.00036483292933553457
seelig	consider missing + MOI	seelig_cm_moib_zinb_phantom	CAAAATTGCATAGTGTAAACATGCCTGGGCATGTTCACCGGACGGGACCAAAGTTCCAAAGTTCAAACATTTCCGGTCATGTTCATGTCCGGGCATGTTCACAGTTGTTTTTGGACATGTTCCGGCATGTTCAAAGGGATTTTTG	R1	0.00039422258851118386
seelig	consider missing + MOI	seelig_cm_moib_zinb_phantom	GTTAATTCCCGGACATGTCTACGTTGGTCTAACGTCCACTGCGGACATGTCCGGACATGTCTATGTTTGTAGTTATGTTGGTCGAACATGACGTGACTACATCGTTGGACGTTGGTCGAATGACCGACGTGCGGAGTTCACTTCA	R1	0.000384579790988937
seelig	consider missing + MOI	seelig_cm_moib_zinb_phantom	AAAATTAAACACTCGGGACTTGTCCGGGCATGCTGGCTGACTTGGCTGAACTTTGGCTGTTGGTATGGTGACGTGACATAGCTTTGCAACGTACTGTCTGTAACCTTGGACTTTGCACAAACGTACAAAGCATGCCGGAGGGGAA	R1	0.00039755538455210626
seelig	consider missing + MOI	seelig_cm_moib_zinb_phantom	CGGTCGACGTCAGTGGCCTAAGTGCAGTGAACTTTACTCCCATTACCAATGAACTTTGTCCAAAGCAAACATTGTCGCGTCGGACGTCACAACTCAAAGGTTGTTGTTTGTTTGAGGGGACATGCGGTGACATGCCTGGGCATGC	R1	0.00041082443203777075
seelig	consider missing + MOI	seelig_cm_moib_zinb_phantom	AACAGGAGCACGGTAGACAAACATAATTGCCTGCGGAAGTTGGACCTTTGTACTTTTGTACCGGGCTTGCCTGGGCAAGTTCCTAGCTTACGTAATCAACCAAGGTCTGTGTAACGAACGTCCGGGGGAAAGTGCTGACGTCAAG	R1	0.00038574208156205714
seelig	consider missing + MOI	seelig_cm_moib_zinb_phantom	GGAAGTTCAACATTCCCGGTTATGTAACCTTGGCTGCACTTTGGCTTTGCTGGCGCGTATGCTTGATTAGTGCTTCTCCGTTGGATCAAACATTGCTCGCATCCCCACGAGCGGCGTATGTGTGAACATGCCCGGGCATGTCACC	R1	0.0003986415104009211
seelig	consider missing + MOI	seelig_cm_moib_zinb_phantom	CCTCAGCGTTCTCCTGCGGAACCTTTGAACGGGGTACTCGAGCCCACAGGGGAAGAGCAGCGGAAGGGGCCTTTCGGAACGATTTGGAACGAAAGGAAGTGGAAGAAACGCGGAACCATGGCCGCTGTGGTTGCTGTTTGCGGTG	R1	0.0004054340533912182
seelig	consider missing + MOI	seelig_cm_moib_zinb_phantom	GTCTTTAGAAGAAAGACATAAGAGGAAGCGCCACATCGTTATCTGATTCGTCGAAGCGTAGCGCGCAATCGCATGATGACGCGCCACTTCCGGGTAGGAAGGGGGGGGGGCGGCGTAGGATGAGTCACGCGCTTTTCCGATAAGT	R1	0.00041826421511359513
seelig	consider missing + MOI	seelig_cm_moib_zinb_phantom	CTAGACCTGTTAGTTATGTAACCGAGCTTTGAACGTGACAGTGGGTGAGCTGTGTACATGCCCGGGCATGTTTGCTGCTGACCATTGGTCAAAGGACTGTAAGGTCAAAGTGGTTGGTGGGGGGGTGAGCGGTGGACATGCCCGG	R1	0.0004153806949034333
seelig	consider missing + MOI	seelig_cm_moib_zinb_phantom	AGCTGCTGTTACGGATTCTTTCTGTAAAGTGGACATTTCGGCCGCTTAGTGAGGCGGGCACGGGATGGTGGCAATGATCAAAGGTCCTACCTGTGGGCCGAACACTAGACATGCCCGGGCATGTCCGTAGCTCTCGTCAACAAAC	R1	0.00041357878944836557
seelig	consider missing + MOI	seelig_cm_moib_zinb_phantom	TCCAGTTACATAACGGCGGGAGTTTGAACACCAGGGATTTGGACTGTTGGTGTTGCTGCGAGCTCGGGTGGTTAAGCAAGCCGGGAGACATGCCCGGGCATGTTTTTAATGTTGAACCTTAGCCCTGCTACACAAAGCTTGGTGG	R1	0.0004320365551393479
seelig	consider missing + MOI	seelig_cm_moib_zinb_phantom	AGGAAGCGGATGGAGACGCGGTTTCTTATGAGTTATCGCGATATAGGACGCGGTTTCTTTTTTTCGCGGTTTCTTTTGAGTTATCGCGGAAGCGCGTTATCGCGGAAGCGCGATATATTTCTTATAAGGATGCGGAAGTTATTTC	R1	0.00042024155845865607
seelig	consider missing + MOI	seelig_cm_moib_zinb_phantom	CGTGTCTGAAAGGCGGTGAGTCATCCAAGTGTAGAAAAATAAGGAAGTGCGTGAGGATAGGCTTATAACTTGCGAGTCATAGGAAAAGAAGAAAATAAGGAAGTGCTTCCGGATAAGGAAGTGACTTTATATCTTGCGTGTCTTA	R1	0.00041489588329568505
seelig	consider missing + MOI	seelig_cm_moib_zinb_phantom	CAAATTTCGAACCAACGTAATTTTGACTAAATGTGAATCCGGTGGCCGAGTAGTGGAAAGGTGGCAAAACCGAGGCTCTAACGTTTGAACATGCCCGGGCATGTCCGCAGGGTTCTTTTGCTATGACGTTTTGTCTGAGTAAGAG	R1	0.0004049288108944893
seelig	consider missing + MOI	seelig_cm_moib_zinb_phantom	TTTGTTGAGCTGCTTCTACCTTTTCCGGGAAGTTGCAGCGGGTTTCGCGAGATAAGGAAGTGACTTATCTCATCCTCATTGGGCGATGTCAGTTCAGAGTAGTAACGCGCCTCCCCCCCATATAAGGACGCGCCAATTCGCGGAT	R1	0.0004325894406065345
seelig	consider missing + MOI	seelig_cm_moib_zinb_phantom	GGGGACATGTCCGGGCATGTACATGCCCGGGCATGTCCGCTGTCCCCGGGTTGTTTGTTTGGTCATGTCGGTTCACTGTGGGTTGTTTGGACCTTTGGACCTTGGTAGACATGCCGGGGCATGTCTCCGGACTTTGTGTGACGTG	R1	0.0004201125993859023
seelig	consider missing + MOI	seelig_cm_moib_zinb_phantom	TCATCATTCTGGGAAAAGGTGGTTCACGAGAAAGCACAGTCATGTGTCAATTAACAGTGCAGATGCATTCTGAGAAATGCGTTGTTAGGTGATTTCATCATCCTGCAACATCAGAGTGTGCCCCGCGCTCATGGATGAGACAGCC	R1	0.0004523324314504862
seelig	consider missing + MOI	seelig_cm_moib_zinb_phantom	GTGGAATATTCCAAATGATTGGGCACCGAGGTCGTTCGGTTTGCCGTGGGCATGTCCGAACATGCCCTCTGTACAAAGCCAGCTTGTGTTCATTCGATGCCGGTCGGGTGACAATTCCGTCATACGTAATGTGGCCGTTGAGCGA	R1	0.0004232711798977107
seelig	consider missing + MOI	seelig_cm_moib_zinb_phantom	AAAGTGGCCAGTTATGTAACGGGTAATGTAAGTGGTTGTCCGGTGATGTAAGCGGTGGTTTGTCCAGTGATCCGACGGTTGGTCCAATGATCTAAGTAACGGGTTATGTAAGCGGCGGGTTATGTAACGGTCCGGTTATGTAATG	R1	0.00045738261542283
seelig	consider missing + MOI	seelig_cm_moib_zinb_phantom	GTTTGGACATGCCCGGACATGTCGGCATGTTTGGTTGTGGGGGTGTACATGCCCGGGCATGTTTGTACAGACATGCCCCGGCATGTTTGTACAGTGGTGGTGATGTCGACAGGTCCACACATGCCCGGACATGTCCCCTGTGGGG	R1	0.0004536886408459395
seelig	consider missing + MOI	seelig_cm_moib_zinb_phantom	GAAGGGAGGAGATGACTCACCCTATCGCCCCCAGGGCGGCACCAAAAGGAGATAAGGAAGCGGAAGGATGAGTCAGCGTATGGGCCGGACGATAACTCAGCGTATATCCGCGGAAGGACGCGCCCCCCAGCGCCGCACCCAATCA	R1	0.0004535943444352597
seelig	consider missing + MOI	seelig_cm_moib_zinb_phantom	CTAGACCTGTTAGTTATGTAACCGAGCTTTGAACTAGGGACATGCCCGGGCATGTTTGCTGCGGGCAGGGGGCAGTTGTGTACAAAGGTCAAAGGACTATCCCTGTTATGTAACCTTTGATCAAAGGACTGTGAGGTCAAAGTAC	R1	0.00044965589768253267
seelig	consider missing + MOI	seelig_cm_moib_zinb_phantom	ATAAGACCCGCGCCTTCCTGCGAGAAAAAAAGATGTCGCTTCCGGTTCCGCGGAAGAAGAAGAGATATCGTCATAAGACCCGCCCAATGAGTCACTTCCGGTTCCTTCGGAGAAGTAACTTCCTCCTTATTAGATCCGCGGAAGT	R1	0.00044507303391583264
seelig	consider missing + MOI	seelig_cm_moib_zinb_phantom	GATGTGATTGTCCAGTTATGTAAGCAGTGATGTAATGATTTATGCAATGAGTTATGTAAGCAATGATCTAAGCGGTCGGTTGTTTGACCGTCGGTTTGTTTGTCCGGTGGTCTGGTTGTGTAATGGTCCGGTCAATGGTCCAGTG	R1	0.0004726822953671217
seelig	consider missing + MOI	seelig_cm_moib_zinb_phantom	ATATGAGCATGAAGTGGACATGACGTAGTTTGCCACTGTACAATTCCGGACGTTTGACCGGAAGTTCTGACATCACGGTGTCAATCCAAAACATTCTGTGTACAGTTGCGGTCGTGTTCCGGCATGGTCGAAAGCTTAAACAAAA	R1	0.00044202464050613344
seelig	consider missing + MOI	seelig_cm_moib_zinb_phantom	GGTCTGTTTCTCCCCGGGGGTTGTGTATTGGTTCAGGGGCACTTTGGTTCAGACATGCCGGGACATGTCCCCTTTGACATGTTTGGACATGGACATGCCCGGGCATGTCCACTTTTGTTGGGACCTCCGGACTTTGTTACACATT	R1	0.0004884852678515017
seelig	consider missing + MOI	seelig_cm_moib_zinb_phantom	GGAAAGTTCAAAGTTTGTATTAGGCATGCGGGCATGCTGGGGAAAGTACATTGGATTGTTTGTTTAAACATTCTGGGGATTTTTTTTTTTGTGTAATGTTTGTACAAACATGCTGGGGAATGTGCAGGGGAGAGTTCAAAGGTTG	R1	0.0004624906578101218
seelig	consider missing + MOI	seelig_cm_moib_zinb_phantom	CGCGGTTTCTTATGAGTTATCTCGGAAGCGCTTTATCTTTCTTGGAAGTTATCTTTCTCGGATACGGATGAGTTATCGTTATATCTTTCTTAGAAACGCGGATGCGGAAGCGATATCTTGGAGACGCGTTATCTTTCTTATAAGT	R1	0.0004748994833789766
seelig	consider missing + MOI	seelig_cm_moib_zinb_phantom	CGGGAGACATGCCCGGGCATGTTTGGACCTTGGGACATTGGGAGTGACCTTTGTGCAGTGTGGCCGGGGTACATGCCGGGGTTTGTGTCTTTGTGCATTCCGTTTGGGTGACCTTTGGACATGCCCCGGCATGTCTCTTGGTTGG	R1	0.00048194683040492237
seelig	consider missing + MOI	seelig_cm_moib_zinb_phantom	GCCGGAACTGCCTTCGCCTACTTCCTCGAATCGCGACCCGCTCCTCCGACTGCGACTAAGAGATACGACCTACTTCCGATGACTCATTGTCGGAAGCGTCCTCACTGTTCTTCTTATCTCTCAATTGGGGCTGAGGGGCGGGGCG	R1	0.00045852287439629436
seelig	consider missing + MOI	seelig_cm_moib_zinb_phantom	CCGCTGGACCATTGTTTGTACAATTGTTTGTACAAAGGACATGCCCGGGCATGCCAGCATTGCACTTTGGCCAAACAGGGGCTTTGTTTGTACAATGGTTAACTCAGGTGACATGACCAGGCATGCCCAGGCATGTCCGGTGATT	R1	0.0004674521624110639
seelig	consider missing + MOI	seelig_cm_moib_zinb_phantom	TCCGCCAATTGGATGAGTCATCAGCTTATAAGGAAGGAGGAAGTGACTTCCTCTTATAAGGAGGAAGTGACTTCCTCCAATTGGCTTTTAGGATGAGTCATCGGAAGGGCGAGAAAGCGGAAGTGACTTCCTCCAAAAAAATAAG	R1	0.0004853445861954242
seelig	consider missing + MOI	seelig_cm_moib_zinb_phantom	ATTACGTACCGGTCAAGCTGGGAGATTCCGGGTGGCTAAAGTTCAAAGATTACGTAATGCCGGCATGCGGACATGCCCAGGCACGTTCGAAGGTTCAAACAATCCCTGGCTAATTGTGTACCGGCCTACTGCCCGGCGGACTGCA	R1	0.000491093029268086
seelig	consider missing + MOI	seelig_cm_moib_zinb_phantom	TTATGTAATAATCGGGAGAGCGGAGGTGCAAGGGAGCATGCGGGGGGTTGAACTTGCTCGGGCATGTTCGGTCGGTAGTTTGAACTTTCGGTCTAGCGAGCAGGGGTGCAGAGGTTGTTGTACAAAGATTATGTAATGATCGAAA	R1	0.0004783232288900763
seelig	consider missing + MOI	seelig_cm_moib_zinb_phantom	GCCGCCTATGACTCAGCACAGGGATGACTCAGCAGGCTCTCTTTTATGACTCAGCACACTCCGAAATGACTCAGCAATGATGACTCAGCATCGCGTGTCTGGGAAATCGGTCATCATGATGACTCAGCAAGATGACTCAGCAGAA	R1	0.0005349153652787209
seelig	consider missing + MOI	seelig_cm_moib_zinb_phantom	TTATGTAATAGTCGAGCGAGCTTGCGGTCAAGCGGACATGTTTAGACATGTTCGGTAGGGAGAGCGAGCTGGCGAGCTGGGGAGCGGGGGTGCAGAGGTTGTTACATAATGGTTGTAGTGCGGACGTTTGAACTTTCGGTCGTTT	R1	0.0005097538232803345
seelig	consider missing + MOI	seelig_cm_moib_zinb_phantom	AGTTACGGGTAGTCACTCGCGGATGTGACTCATATCTCGCAATAACTTATCTGCGAGACCCGCTCTTCTAGGAATAGGAACGGGTGCGGCGCCTTGTGGGAGTGAGACTAAGATAGCGCCCGCCTCATGAGTCATCGGAGGGGGA	R1	0.000507270626258105
seelig	consider missing + MOI	seelig_cm_moib_zinb_phantom	ACGATGAGTCAGCGCCTATCGGAGAAAGCGGAAGCGCATCCAAAAGAAACAATGAGGGCCCACCCATAAGAAAACGCATCCGCGTATCCGAGAGAAACGATGAGTCAGTCAGGAACTGAGTCACCGCCTATAAGAAACGATATCA	R1	0.0005165922921150923
seelig	consider missing + MOI	seelig_cm_moib_zinb_phantom	GCAGCCCGATAAGACGACGCGTCTTTTCCCTGATCAGCTTATGACGCATTAGCGGTCCGCGGACGCGGAAGTGGCGGTTACTTTCGCTTCCGCGACTTCCTATTTCTTAAAACGTCGTAGACCGCGTCGCTTCTTAGAAGGGCGG	R1	0.0005046312580816448
seelig	consider missing + MOI	seelig_cm_moib_zinb_phantom	CCGTGGGACATTACGGTCACGTGAAATGTTCGGTACAAAGTTCAAACGTAAGGCTGACGTTAGAAAGTCCGCCGGCATGTCTTGCGTAAACATGTCAGACTTTACGTACATTGGTGGCATGCCTGGGCATGTTCACCTGGCAAAA	R1	0.00047827677917666733
seelig	consider missing + MOI	seelig_cm_moib_zinb_phantom	CTGTTTGTTTGATTTACTGTGGAATGTTTGTACAAACATTCTGTTTGTTTTACAGTCATGCGGGCATGCTGGGGAATGTACATTGGTTTGTTTATGCATGCGGGCATGCTGGGGAAAGTTCAAAGTTTGTATTAGTTTTACATTC	R1	0.0004941970109939575
seelig	consider missing + MOI	seelig_cm_moib_zinb_phantom	ACTCTCTGTTTGTGTTTGACCCCTGTAATGTTTGTTCCCTGGGAACATGCCGGGGCACGTGACCTCTGTCCGGTAATGTTTGTTCAAAGGTTCACAGGGAACATGCCTGGGCATGTCCTTTGAACAAAGCAAACATTACACAAAG	R1	0.0005035083158873022
seelig	consider missing + MOI	seelig_cm_moib_zinb_phantom	AAAGGGTCATTATGTAATTGTGTAATGCCCAGGCAAGTTGGCAAGGTAATTACGTAGGTGGGTAATGCCGGCAAAAGTGCACAGGTTCAAAGTCTCCCGGGCTACTTGGGACATGCCCAGGCAAGTACGCAAGTTCAAACAAACA	R1	0.000495971878990531
seelig	consider missing + MOI	seelig_cm_moib_zinb_phantom	ACAGTCGACCGGAATGTACAAAGGTCAAAGGAGCAAGGGACATGCCCGGGCATGTTTGCTGCGGACAGTCGACCGGAATGTACAAAGGTCAAAGGACTAGCCCTGTTAGTTATGTAACCGAGCTTTGAACGTGGGGCATGTCTGG	R1	0.0005279117031022906
seelig	consider missing + MOI	seelig_cm_moib_zinb_phantom	AGTTACATCCGCGTGATGAGTCATCGGAAGGGCGCGATGAGGCGGAGTTACTCCTACATGATGATATAATATGACTTCCTGAAGCGGCGCCGCTTCCTAAGAAGCGCTTCATCGTGACTTACCGCCAATAAGACTTATATCTTAT	R1	0.0005187035421840847
seelig	consider missing + MOI	seelig_cm_moib_zinb_phantom	CTATGAATAGAAAAGCTGAGGTGTTTGTACTTCCGGTCGGCATGCCCGGACATGTTCGCTGCCGACTGGGATCAAAAGCTTGGCACAATGACCTAAGGTCTTTGTACCTAAGGGAAACATTCCCTGCGAATCGATCGTGTCAAAC	R1	0.0005329669802449644
seelig	consider missing + MOI	seelig_cm_moib_zinb_phantom	TGCCTTCACCGGAAATTCTTACATAATTGCCGGTTGTGTACACACTCCGCTCAAACCGGTCGGGAGAGTGCCTTTGTCCCGTCATGGGTGCAAAGTTCCCGGACATGTTCGGGCAAAGTTCCTGTGGGAGTTTGTACAGTAGTGA	R1	0.0005185458576306701
seelig	consider missing + MOI	seelig_cm_moib_zinb_phantom	AGCTTTCACCCTCGGTTGCCAGTCGGCTTCGTTTCCTACAACACCGACCGGAAGTGTTTCTGTCGGCCGCGTTCCGAATGAGCACCGCCGGAAGTTTCTGCCGCGGCTTTGCGGGGACGGGGGAGTGGTAGTGGGGGCTGCAGCT	R1	0.0005367642734199762
seelig	consider missing + MOI	seelig_cm_moib_zinb_phantom	TATGTAATGGTCCGGTTATGTAACCGGTTAGGTAATTGTCCAGTGATCTAAGTAGGTATGCGACGGTTTGTCTAACCGGTTATGTAATGATCTATGCAGTCGGTTATGTAACCGGTTATGTAAGCGGCAAGGCAGCAATGTAAGT	R1	0.0005084934527985752
seelig	consider missing + MOI	seelig_cm_moib_zinb_phantom	AAACCGTCCGGCCGGTGGTTTATGTAATGGTTTATGTAACCGGTGATCTAACCGGTGGTCCAATGGTTTGTCCGTTGATCTAAGCGGTAATGTAAGCGTTTGTGCAATGGTTAATGCAACGGGTTATGTAAGCGGTGATGTAATG	R1	0.000530163524672389
seelig	consider missing + MOI	seelig_cm_moib_zinb_phantom	GCTTCCGGATAAGGAAGTGACTTTATAACTTGCGTGTCTGACTGGCGGTGAGTCATCGAAGGATAAGGAAGTGCGTGAAGATAAGGGAAAGGAAATAAGGGCGGTGAGTTATAAGGAAGTGCGTGTGGATAACTTGCAAGAAATA	R1	0.0005257060984149575
seelig	consider missing + MOI	seelig_cm_moib_zinb_phantom	GAATTCCCTCTGGCTCCACCCACTTCCCCCCATGTGCATATCAGGATCCAGTCAGTTATGGGCATGCCCAGACAAGCCCTGGGCAGGTTCCCTCTGTGCAAAAGTATCTGATGTAAACACTTGTGGGGCAGGTTGGAGATTCTCT	R1	0.0005130466306582093
seelig	consider missing + MOI	seelig_cm_moib_zinb_phantom	CAGTTGCGCGATATCTCGCGGATGCGATAAGTTTCTTAAGGAGGGTGTGGGTGGGTGTGGGTGGGGCTTAAGAAGTTTCTTATTGGCTGGGTTGGTGAGTCGCGCGATATCTTGTGGATGAGATAGCGTTTTTAAGAAGTTTCTT	R1	0.0005337292095646262
seelig	consider missing + MOI	seelig_cm_moib_zinb_phantom	GCGGCACTTCCTCCAATTGGCTTATAGGATGAGTCATCAGCATATAAGGATATCGGAAGGGCGAGAAAGCGGAAGTGACTTCCTCCAATAGGATGAGTCATCAGCATATAAGGAAGTTAACTTATAGGGCGAGATAGCGTGACTT	R1	0.000551392906345427
seelig	consider missing + MOI	seelig_cm_moib_zinb_phantom	GGAGGGTTGTTTGGACATGCCCCGGCATGTTGGGACTGACCTTCCCGGGCATGTCGGGGTGTTTGTACAGACACTCCGGGGGGTGGGCCGGTGGACATGCCCGGGCATGTCCCCTGTTGCATGCCCGGGCATGTTTGGAGTGGGG	R1	0.0005258992896415293
seelig	consider missing + MOI	seelig_cm_moib_zinb_phantom	ACTTGTCACGTGACCGTAGGGATTGCATCAACTTTGGACATGTCCGGTCATGTCACCAGAGCATGTTTGTTCATACAAACTCTGTTGATCTGCTGAACTCCTGCCTCACAATGGCTCAGCAGGTTTGCACAGGAGCAATGGTCCG	R1	0.000536335923243314
seelig	consider missing + MOI	seelig_cm_moib_zinb_phantom	CAACGTCCGACGACGACGTCTGCTTTGTTGTTTGTTGTTTAATGTCCGTTGAACGTCGACTACGTATGTCCACATTGGTGGTGTCAACCGTGGACGTCGACTGCGGTCGACTGTCCGGCGGACATGTCCAGACATGTCCAGACAC	R1	0.0005451446631923318
seelig	consider missing + MOI	seelig_cm_moib_zinb_phantom	GCAAAGAGGGAATGTACAAACATGCCGGGAGAGCAATGGACAAACATGACGGAAGAGCAGAGAGGCAAAGAACCAATGTACAAACATGCCGGGGCATGTCCAAAGGACAGAGGGGGGAGAGGGACATGTCCGGGCATGCCGGGAG	R1	0.0005642203614115715
seelig	consider missing + MOI	seelig_cm_moib_zinb_phantom	TGACAGGAGAGGACTTTGACCCCTGCTGAGTGGATACATGCCGGGGGCCAAAGGTCACACAGTACAAAGGTCACACTACTGAGGTGTTTGTCCCGTGCACAATCGATCCAGGCCGGCATGCCCAGACATGTCCGGAGAGGAGTTT	R1	0.0005386940320022404
seelig	consider missing + MOI	seelig_cm_moib_zinb_phantom	GTCCCAGTAGTAAAATTTCCGGTGTTACGTCATGCCGACAGAATAAAGGTGGCCGAGGGCTTGTCCGGACAAGAACTTTGTATAATGTAATGGCCGGTAAACATGGTGGTTATATAAAGTAGCACAGTACAATGAACATGCCGAG	R1	0.0005454348865896463
seelig	consider missing + MOI	seelig_cm_moib_zinb_phantom	GTCAAGAGAAAAGGAAGGAATTCTTGATATGAATCCCACTAAGTCACTGTGAGTCACAGAAATGGCCAGGCCACTCCTGCTTATCTGCTAATAACAGCTGCAGCCACTTCCAACTGAAGAGCAGGAGCCTTCCTGCCCACCAAAC	R1	0.0005637024878524244
seelig	consider missing + MOI	seelig_cm_moib_zinb_phantom	TTGAATGACCAGCCGCCTGCCCGCCGGCAGACTTCCGGTCGAAAGTTCCATTCATTACGTACGGAATGTTTAGACAGGCGCACGCGACATGCCCGGGCATGACTCTGCTTGCTCCAATCATGTCACCGAACAACAGCGCTCAAAG	R1	0.0005593519890680909
seelig	consider missing + MOI	seelig_cm_moib_zinb_phantom	CGGCATACAAGCCCGACTTAGTCACTAGCGAATCTACTTATGTTTGTTCATTGGCCCTTTGTTTTGTAATGCCACCGAACAAACATTCCGGCTTGTTTGGAATGGTTTACATGTCTAGGCATGCCCAGAGATAATCAGGTCAAAC	R1	0.000582981389015913
seelig	consider missing + MOI	seelig_cm_moib_zinb_phantom	TGTATAAACATGCCCGGGCATGTGACCGGAAGGGAGGAGGGGGGGGAGAGGGAGAGTGCAAAGATCAATGAATGAATAAGGAGAGAGAGAGAGAGGGGAGAGTGACCAAGGATGTATAGACCAGCGGACATGCCCGGGCATGTAA	R1	0.0005549356574192643
seelig	consider missing + MOI	seelig_cm_moib_zinb_phantom	AGAGAATCTCCAACCTGCCCCACAAGTGTTTACATCAGATACTTTTGCACAGAGGGAACCTGCCCAGGGCTTGTCTGGGCATGCCCATAACTGACTGGATCCTGATATGCACATGGGGGGAAGTGGGTGGAGCCAGAGGGAATTC	R1	0.0005946116871200502
seelig	consider missing + MOI	seelig_cm_moib_zinb_phantom	GATGACTAATACAGTGACCTTCTGAGCTTGCGTCGAGTCAGGGTGTGGAATGCATGAAATGTATAAGGTGAACGGCTGGCTTTGTGAGTCACATCCCAGGTCAAGGACTCAGCATGGTGGGCAGGTCATCACCATCACAAATCTG	R1	0.0005748264957219362
seelig	consider missing + MOI	seelig_cm_moib_zinb_phantom	GTTTGGTGGGCAGGAAGGCTCCTGCTCTTCAGTTGGAAGTGGCTGCAGCTGTTATTAGCAGATAAGCAGGAGTGGCCTGGCCATTTCTGTGACTCACAGTGACTTAGTGGGATTCATATCAAGAATTCCTTCCTTTTCTCTTGAC	R1	0.000567572598811239
seelig	consider missing + MOI	seelig_cm_moib_zinb_phantom	GGTCTAAGCAGTGATGTAACCAGGTAGTTAGGTAAGTGTCCGGTTATGTAACCGGTTATGTAATGGTCTGTCCGTCGGTTTATGTAATGGTCTAAGTGTCCAGCGGTCTAGGTGGTTGTCCGTCCGTGTGGTTATGTAAGCGGTA	R1	0.0005732342833653092
seelig	consider missing + MOI	seelig_cm_moib_zinb_phantom	GCCAACAAGACTACCGGAAGTTGTACAAAGGTTACACCGTATGTCTACTCTCGAATATTACGTAATGTCCAGCGGCCTTTGACTGCTTGGTGTCACTACAACGGGACTTGTCCGGGCATGCCCGCTTTGTACGCCGGCATGGATT	R1	0.0005907478625886142
seelig	consider missing + MOI	seelig_cm_moib_zinb_phantom	ATTATGTAATGCCCAGGCACAAGCCCGGGCAAGTTCAAAAGTTCAAACATTACGTAATGGGGACATGCCGGCATGCCTAGGCACGTACAAACCCAGGCAAGTTCAAAGGGTAATGCCCAGGGGACCAGGCAAGTTCAAAATGTGA	R1	0.0005922946729697287
seelig	consider missing + MOI	seelig_cm_moib_zinb_phantom	TTTACTGATGTAACAACCTTGGTGTGCCGTGGCTAAGCCACACTCCACCCCTGACCTGCGGGGGATGAGTCAAACGGTCAGACTTGCCTGGGCTTGTTCCACGCTCCCCTGGCTAGACAGGCGTCTACACATTCTCAGTTAGGGG	R1	0.0005848427535966039
seelig	consider missing + MOI	seelig_cm_moib_zinb_phantom	TGACATGTCCGGGAATGTACAAAGGGAAGTGCAAACATTCAGACATGCCCGGGCATGTTCAAAGGGCTCCCGGGACCTTTAAACATGCCCGGGCATGTTTGGTTTGAACTTTAGACATGCCCGGGCATGTCTCCCGGGTTTGTTC	R1	0.0006005744216963649
seelig	consider missing + MOI	seelig_cm_moib_zinb_phantom	GTATGAGTCACCGGGCCATGCCGTGGAGAGAGGAGCAGTAGGGAAAGGAGGTTCCTTGGTGAGGTCAGTGGACCATAAAGTGATATGTTTATCACCACGGCTCAGACTGCACTGAGCAAGCTTCATCCCCCACTTCCCAGAATCC	R1	0.000572644523344934
seelig	consider missing + MOI	seelig_cm_moib_zinb_phantom	GTGGAACAAACATTGATTGTGTAAACATCAACTGACCGAATGACCGGAGGCATGCCGGGGGAGTGTGGAACAAAGTTGGGGACATGGAGTGCAGCTGTGCACCGGACATGCCCGGGCACGTTCGGTAGACATGACCTGACAGGAG	R1	0.0005924800643697381
seelig	consider missing + MOI	seelig_cm_moib_zinb_phantom	AGGCACTCAGCGCCCCACGCTGACTCACCCCAAGGAGGAGGAAGCGTATCTGCGTATCAGGGCGGAAGGAAGCGGAAAAGGATATGACTCACCCGCAGCGGCGGGCGAGAAGTCAGCGTATCGGCGTATCAGGAAGCGCCACCCT	R1	0.0006109544192440808
seelig	consider missing + MOI	seelig_cm_moib_zinb_phantom	GACCAATCAACTGTGGCCAGGGGCACAGATGCTTTACAGAGGCAGGCCTGTGTCGTGTGACCACCACATGACCTGCGTCATGTGATGGGTGGAGGAGAGGGTGGGCATGCTGTGATTGGCAGCCTCCTTCCCGTGGGTGGAGACC	R1	0.0005816859193146229
seelig	consider missing + MOI	seelig_cm_moib_zinb_phantom	GGAAAGTTCAAAGTTTGTATTAGTTTTACGGGCATGCTGGGGAAAGTACATTGGAATGTTTGTACATTGGATTGTTTGTTTAAACATTCTGTTTGATTTACGGGCATGCTGGGGAATGTACAAACTTTCTGTGGAATGTGCAGGG	R1	0.0005857514915987849
seelig	consider missing + MOI	seelig_cm_moib_zinb_phantom	TTATGTAATAATCGGGAGAGCAAAAGGGAATGCGGACATGCTCGGGCATGTTCGGTTGAACTGGGGAGCAAAGGTGCAAGGGGGCATGTTTAAACATTATGTAATGGTCGAGCGAGCAAAAGGGAAAGGGGGCATGTTTAAACAT	R1	0.000598908809479326
seelig	consider missing + MOI	seelig_cm_moib_zinb_phantom	CCAGTTTTTGATCTGTTGCAGGAGGCGCGTAATGAGTCATCTCCCCTAAATCGCGCAACTGACTCCACCGGCTGATGAGATATCGTTTCTTTTCTCGGAAGGAAACCGCGGGGTTTCAAGAGGGTGATGACTTCACGTACTTCCT	R1	0.0006008567288517952
seelig	consider missing + MOI	seelig_cm_moib_zinb_phantom	CTGAGTTGGACCGATGGTATTTTGGTGGCAACTGTATGAGCTCACCGGTGAAACAGTTAGCACAACGGGAGGCATGCCCGGACATGTACAAAGGGCCCTCTGCCCCATTATGGATCAAGTCTATTTACGTCAGGAACGTCAAATT	R1	0.0006114848656579852
seelig	consider missing + MOI	seelig_cm_moib_zinb_phantom	TCCGCGTGAGGATAAGAAGATAAGGAAGTAGATCCGGATGAGTCAGCCCGCGCCGATCCCGATATCGCGAAGAAGAACCCCCTCCGCCCCCCCGCGCCTATCGGCGCCGATGAGTCAGCGCCTATATCAGTCTCCGGAAGCGGGA	R1	0.0006110680405981839
seelig	consider missing + MOI	seelig_cm_moib_zinb_phantom	TTATGTAATGAACTAAGGTGAAAGAGAGAAAGGGGGCATGCTGGGGGTTGAACTTACGGTAGTTTGAACTTGCGGTCGTTTGAACTTGCTCGGGCATGTTCGGTAGTACAAAAGTTAGAGAGAGTAAGGGGGCATGTTTAGACAT	R1	0.000595695455558598
seelig	consider missing + MOI	seelig_cm_moib_zinb_phantom	AGGATGCGCTTTCCTGAGTCACCGATGATGCAATTGCATCAGATGTAAGCGCCTATAGCTTCCTCAAAAGGCGCCGCCCTTCCAAGAATCTAACTAAGGGGAAGAATGACTACTTATAGGACGAGATTTCAGAATATGATCACGC	R1	0.0006360399420373142
seelig	consider missing + MOI	seelig_cm_moib_zinb_phantom	ACCCGCGTTATTGGCGGCTTATAAGTCCCGCCCCCATTGGAGGAGATAAGGAAGTGATGCGGCAGCGCCTTTCCGGAAGACGAATGCGCTATCTCGAATAAGTGGCTAGCGATGAGGCTGATGACTCATTAGCGGTTGCGTTATC	R1	0.0006282560061663389
seelig	consider missing + MOI	seelig_cm_moib_zinb_phantom	CCGGAAGTACCAACTAAGCTTTAACCATTACGTAACCATGGCCGGAGATCGTTCAGAGGTCTAACGGAAAGTACAAGTCCGGGCATGTTTGTACATGACCTGCGCGGGAATGTTCAACGTTCCCGGGCACGTACAAAACACCCAC	R1	0.0006066015921533108
seelig	consider missing + MOI	seelig_cm_moib_zinb_phantom	TATCACTCACTATCCTCGAAGCACGACACTGACGTCGCTGTCGCTTATCATAAGTCGCATCCGCCCGCGAACGCGTCATAAGATAGCGCGCGCCTCGCGCCGCGACGCGTGGGTGGGGGTTTCTTATATGGGGGGACTAATTCTA	R1	0.0005868342122994363
seelig	consider missing + MOI	seelig_cm_moib_zinb_phantom	ATTGGGTCATGCCCAGGCACGTTGGAACAATGATGGTAGCCGGGGTTAATGCCGGGAGACAAGCCCGGGCAAGTTCAATGCCGGTCTACTTGGGGCATGCCGGCATGCCTGCAAAGGTACAAAGGTTGGCACAAACATTACGTAA	R1	0.0006355379009619355
seelig	consider missing + MOI	seelig_cm_moib_zinb_phantom	ACAAACAACCTTTGAACGCAGTCGGTATGTTTGGTCATGTCCGGTTTTGTCTTGCGGCAGTTAATGTTTACGTCCCGCGGGAACATGATCGTGACCTTTGGTCGGCATTACGTAACGGCAAAGGTAGCCACCGTGGTAATTTTGC	R1	0.0006236828048713505
seelig	consider missing + MOI	seelig_cm_moib_zinb_phantom	ATAACCAAGATGGCTGCTAGTGACTAATGGGCCAAGGTTCTGGGAGCATCTACAGTGTGGATATGCTGGACAAAGGGATGATTCACATCCCGGGCAGGAGTGAGCAGGATGACATGAGATTTCATCACACTACTCAGAACAGCAT	R1	0.0006150960107333958
seelig	consider missing + MOI	seelig_cm_moib_zinb_phantom	ACCATTGATTGTGTAAACATCAACTCAACTAATGACCGGAGGCATGGTGTGCACCGGACATGCCCGGGCAAGTTCGCTGGACATCAACTGACCGGAGGCATGGTGTGGAACAAAGGTTGAACCTTGGTGGCATGGAGTGGAACAA	R1	0.0006218739436008036
seelig	consider missing + MOI	seelig_cm_moib_zinb_phantom	TGCCCGACATAAATTGGGGAATGTTTAAACATTCCAAAGTTCATACCCGCTTTGTATCCGCCCGGATTGAAGGAATTAATTGCGGATTGGTCCCTGGGCCGCAGGGGACATGACTGTACATGCCCGGTGACGTGACCGGACTTGG	R1	0.0006175696034915745
seelig	consider missing + MOI	seelig_cm_moib_zinb_phantom	CGCCCCCTCGGCCCTTTGTTTAGGGGCCACAGTCCACTGTGGACATGTCTAGGCATGTCCGGTGCGTAATGCGTGGCTCAATGACTTTGTGTGCAGGTTACACTAGGTCAAAGATCAAAGGTGACCTTTGCACCTGGGAATTAAG	R1	0.0006329197785817087
seelig	consider missing + MOI	seelig_cm_moib_zinb_phantom	GAACCTAGATCAAACAAACAATGCATCGAATTTCGGTCGGCATGAAGTGCACCTGACATGCCCGGGCATGTCCCCCAGACTGAGTGTATGTACAGACCGGGCGACCCTGCTGGGCCTTTGTACTGAATGCGCACAGAGAGAAGAA	R1	0.0006010259967297316
seelig	consider missing + MOI	seelig_cm_moib_zinb_phantom	GTTCAATGATTATGGGAGGCAAGCCGGGGCACATGCCCGGGCAAGTGCAAAGGTTCAAACAAACATTACGTAATGGTCGACCGACTGACCTACGTAATGCTGAAGTTCAAACATTGTCTCCCGGTCGCCTTGGCTACCGGCCTAC	R1	0.0006229752325452864
seelig	consider missing + MOI	seelig_cm_moib_zinb_phantom	ACAGGGGGGACATGCCGGGGCACGTGACCGGAGTGGGACAAACATTGGTTGTGTACACAACAACTGACCGGAGGCATGGTGGCATGGAGTGCAGCTGTGCACCGGACATGCCCGGGCAAGTTCGGTCGACCTTTGAACCATGGTG	R1	0.0006284068804234266
seelig	consider missing + MOI	seelig_cm_moib_zinb_phantom	CTTCCTTATCGGATGTAAGATATCGTCACTCCCCGGAACCGTTTGTGAGTCACTTCCTTTCAGATAGGATGACTCATATCCTGGATGTGACTCTTCCTTATAGGCCGGAAGGGGGGGTTTCTCGCAGATACGCTTTCTTATAGGC	R1	0.0006069986848160625
seelig	consider missing + MOI	seelig_cm_moib_zinb_phantom	TCGGGGGCATGTTCGGACATGGACGGGATACGTAAGCTTGACACTGGACATTGGAGGATTCGTATTACGTAATGTCACCATTTCATGTCAAACGAACTTCCGGTGGTCAGATCACCGGCGGTAGTATACGTACAACGGAAAGTCG	R1	0.000621129700448364
seelig	consider missing + MOI	seelig_cm_moib_zinb_phantom	GGCGTGCTGGCTTGACCGGGATCATTGTTTACAGGTCTACATTACGTAGTCAGACTTTGTTTGTTTTGTGCCGGCATGCCAGGGGTCATGTTCGGACATGTGACCGAGGTTTTGTTTTTGCTCATGCTGGCAAGTCGGCATTACA	R1	0.0006423796294257045
seelig	consider missing + MOI	seelig_cm_moib_zinb_phantom	ACAAAGGATGTATAGACCTGCGGACATGCCCGGGCATGTGACCAAAGATGAAAAGATCAAAGAATGAATAGGGAGGGGAGGAGGGGAATGTATAAACATGCCGGGGGACGTAGACATGTGACCGGAAGGGAGGAGAGCAGTGAAC	R1	0.0006154513685032725
seelig	consider missing + MOI	seelig_cm_moib_zinb_phantom	TTATGTAATGAACGGGAGAGAGGGAGAGCAAAGGTAAAAAAACAATTGCGGACATGCTCAGACATGTTCGGTATGAAAAGAAAAAGAGAAAGTAAGGGGGCATGTTTAAACATTATGTAATGGTCGAGCGAGCTGGGGTGCAAAG	R1	0.0006211294094100595
seelig	consider missing + MOI	seelig_cm_moib_zinb_phantom	GATCATGGCGCTCCAGGACTGGTAATTATTAACCTTCAGTCGATACCCCTGGCCCCACGGTAATTATTAACCCTGGTAATTATTAACCGAAGCTACCGACTCGAGGTAATTATTAACCCGTCATCAAAACCTATGAGGTTTACGC	R1	0.0006302951951511204
seelig	consider missing + MOI	seelig_cm_moib_zinb_phantom	AAACATTCCGGGGGGTAGACATGTCCGGGCATGTTTGCCGGCCGGCAGCAAAGTACAAACATTGCATAATGCCGGGGTTTGTACATGCCCGGGGGCAAACATGCCCGGGCATGTTCAAAGTTCGCAATGTTCAAAGGGACCTTTG	R1	0.0006293101469054818
seelig	consider missing + MOI	seelig_cm_moib_zinb_phantom	CGTCCCAACATGGCAACATTTGTGCACAGGTGAAAGTCTAACTTGGCACGTGAACTTTGACTGTAATGTTGACCCAAAGGACTTGCCCGGGCATGCAGTACTATCCCACAATTTATGTATGCAGGCATTCTACCGGCATCATGAC	R1	0.0006347993621602654
seelig	consider missing + MOI	seelig_cm_moib_zinb_phantom	GTGCACCGGACATGCCCGGGCAAGTTCGGTCGACCATTGATTGTGTAAACAGGGGGGACATGCCGGGGGAGTTTGGGTCAAACTTTGGTCCCCTACTCACCGGAGGCATGCCGGGGGACTTGACAGGAGTGGATCAAAGTTTGGA	R1	0.0005928741302341223
seelig	consider missing + MOI	seelig_cm_moib_zinb_phantom	CAACATGCCAGCGGACATGTCCGGGCATGCCTCACCATGTCGGCATGTCCGGTGAACCAACAAAGCATTGTTTGTACAAAGCTTGCCACCATTGAACTTTGGACATGCCCGGGCATGCCCAGACATGTCCGGTGAACTTTTGAAT	R1	0.0006095582502894104
seelig	consider missing + MOI	seelig_cm_moib_zinb_phantom	GGGGCATGTTTAAACATTATGTAATGAACTGGGGAGTGGGGGTGCAAAGGTTAAATAACAATTGCGGACATGTTTAGACATGTTCGGAATGGAGTTTGGACTTTCGGTCAAAGGTAAAAGAGAGAATGGGGGCATGTATAATGAT	R1	0.0006059402949176729
seelig	consider missing + MOI	seelig_cm_moib_zinb_phantom	AACAAGCCCGGGCATGTCCCCCGAGACATGACCGAACAGAGGGGGAAAGGTGCAAAGGTCACTGAACAAACAACAAACCCCAGAGGTCGACCGGTCGACATGCCCGGACATGTACAAACCCAGGCAAGGGTGCAGAGGTCACAGA	R1	0.0006335618672892451
seelig	consider missing + MOI	seelig_cm_moib_zinb_phantom	GCAGGGAGCAAACATGCCGGGGCATGCCGGGAGCAATGGACAAACATGACAAAAGGGCAATGTACAAACATGCCGGGGCATGTCCAAAGCACAAAGGGAGGAGGGGGACATGTCCGGGCATGCCCGGAGGGGAGAGAGGGGGAGG	R1	0.0006316828075796366
seelig	consider missing + MOI	seelig_cm_moib_zinb_phantom	TGTTTTGGGGGTTTGTGGCTTAGATGCTGGGATGAGAGAAGCCACCTAAATCCAAAGGAAGGAGTTTGCAGCGTGTTGCATCAGCCAGCCAGCAGACACCCAGCTGTCATTTGCATTCTCAGCAACAAAAGCCTTGGCCCCTCAT	R1	0.0006302620749920607
seelig	consider missing + MOI	seelig_cm_moib_zinb_phantom	ACCCGGAGGGCACCGGCAGTTTCCGGAAAACGCGGGTGTTACGCGGAAGTGGCACTGTGTCGCTTCCGAGATATCGTCATTCGTAAATGCAGGAAGTATAGTGACTTATAACTCTACCGGCGCGGGCGGCGCGACACCCGTAACT	R1	0.0005922680720686913
seelig	consider missing + MOI	seelig_cm_moib_zinb_phantom	TCGGTGTCCTTTTGTCCGGTGGTCAAACATGCCCGGGCATGTTCAAAGGTCTGAATGTTCAAAGGGACCTTTGGACATTCCGGAGGTTTGTTTTTTGGACATGTCCGGGCATGTTTGCTGCATTGGTGCAAAATTGCATTGGGCA	R1	0.0006150066037662327
seelig	consider missing + MOI	seelig_cm_moib_zinb_phantom	TAGGGAGACGTGAGACATCAATCAATACCTGTAAGATGTACATTGGTCTCGTCAGGGAAGGCGGGACATCTTGGGTGGGAGGGCGTCCAGGGCATTGGTGGATTCAAATATTTCACGATTGGTGATTGGTTGAAAGAGTTTATCT	R1	0.0006110668182373047
seelig	consider missing + MOI	seelig_cm_moib_zinb_phantom	GGCTCATCGTACCACTAGGCTGACATGCCCGGGCATGCGACGTAGGGGTGGTCGGGGCACTGCTTCGAAGTCGCTACATGCCCGGGCATGCTTGCGAAAGCCTGTTCTGTCCGAGATAATCCGCAACCGAATTCAGAGGGCGCCA	R1	0.0006200788775458932
seelig	consider missing + MOI	seelig_cm_moib_zinb_phantom	CCCTTTTTGTCGCTTCCTATGACTTATGAGTAAGCGCATTTCTCTTCCGACACTTACGGCGCCGCGCCGCCCCGATCGGCGGAATAAGTTATTAGCGTGATGCGATTTCTCGGAATCCGCAACCGGTGGTGAGTTAAGATATCGT	R1	0.0006391393835656345
seelig	consider missing + MOI	seelig_cm_moib_zinb_phantom	GAAGTGGACGTTTGTACTCTGGCCTGGACATGTCGACATGCCCAGACATGCCTGGATTATGCAACATTCAATGGTCGAGTGACTACCGGCGTACAAAACCCGGGGAAGTGACGGGGCAAGGTCCAATGCGCATTCCACCGGAAGT	R1	0.0006260760128498077
seelig	consider missing + MOI	seelig_cm_moib_zinb_phantom	ACTTGAGGGCGACGCATCGAGGAAGTGCGTCAGACTTCGCGGCTAGCGCGTCATATGCGAGATACGCCTTCTTAAGGAAGTATCACACCCGCATCGCGAAACAACTGGTCTTCGCGGATAGCGCGGCTCTTACTCGTTATCAGGA	R1	0.0006012133089825511
seelig	consider missing + MOI	seelig_cm_moib_zinb_phantom	TTGATTAGACAGACTCCCCCTTGACTGGAGGTCAGCCGGCCCAGCATGACCCCAGGAGAATAAACAAACACCAGAAGGAACAAAGGTTTGGTCTTTGTTCACAATGATTATGTAACCATTGAAACATGCCCGGACATGTCCGGTC	R1	0.0006374427466653287
seelig	consider missing + MOI	seelig_cm_moib_zinb_phantom	ATAAGATCCGACTGATTAGAAAAGATATCGTCATATCCTCATAAGACCCGCCCAATGAGTCACTTCCGGAAGATATCGCTTCCGGTTTCGCGGACCCGCGCCTTCCTCCGATGAGTCACTTCCGGTTCCGCGCCTTTTTAAGAGA	R1	0.0006353483768180013
seelig	consider missing + MOI	seelig_cm_moib_zinb_phantom	TTAATTTCCAATTACGTAACCTCGGTTGATTACTTTGTGACATGCCCAGGCATGTTGCTACGCCTGAGCTTGTTAGCAGCGGACATTCCCGGGCATGTCCAACGTTCAGCGCCCAGGCATGCCTGGGGCTGTATATTATGCTCAG	R1	0.0006133157876320183
seelig	consider missing + MOI	seelig_cm_moib_zinb_phantom	ATAGAGTGTCTGGCGTGGCGCGAAGGGTTTCTCCGGCTAGTGGATCCGGCTTATAGGAAGTTACTTCCGCGAAGCCTCATGAGATATCGCGTAACCCTCCGTTTGGCGGGCGGATATAACTCATCAGCGATGCCGAGAAGATACG	R1	0.0006246447446756065
seelig	consider missing + MOI	seelig_cm_moib_zinb_phantom	GCGCCGCGTATTGCGGGACGCCGCGCCCTATGATGAGATAACGCGTGGCTACTACTACGTAACGCTGACTCACCAATCAGAAAAAGGAAGCCATACGTCGTTTCCGTTTCACTGCGATATCGCCTAATAAGATGACGCGGAACCG	R1	0.0005561647121794522
seelig	consider missing + MOI	seelig_cm_moib_zinb_phantom	ACCTTGGTGTGCCGTGGCTAAGCCACACTCCACCCCTGACCTGCGGGGGATGAGTCAAACGGTCAGACTTGCCTGGGCTTGTTCCACGCTCCCCTGGCTAGACAGGCGTCTACACATTCTCAGTTAGGGGCTGGACAGGGGCAGC	R1	0.0006284179398790002
seelig	consider missing + MOI	seelig_cm_moib_zinb_phantom	ACAGGGAATGTATAGACATGCCGGGGGACGTAGACATGTGACCAAAAATGAAAGAGTGCAAAGATCAATGAATATATAAGGGGGGAGAGAGAGAGAGAGAGAGACCAGCGAACATGCCCGGGCATGTAACGGGGGGAGAGGAGAG	R1	0.0006385855958797038
seelig	consider missing + MOI	seelig_cm_moib_zinb_phantom	TTATCGTTAGTTAGCGGGTGGTTTCTTTTTTTCTTATAAGAAGATGAGGAAGCGGGAAGATGAGTTATCGGAAGGAAACGGGCGGTTACTCATAAGGATACGCTATATCTTGGAAGCGCGGAAGTGAGGTATCGCGTTATCGGGG	R1	0.000564850983209908
seelig	consider missing + MOI	seelig_cm_moib_zinb_phantom	CATGTGATCCTGACCGCGAGGGGCTTGCCCGGACATGTCCATGATAGGTGGCCCTAGGAAGGCCGGAGGTGTACCTTAGATCACTGGACATGACGCAATGTTTGAACAAAGGGTCAAAGGGCCGGGAGTGAGCACAGAATCCCCT	R1	0.0006106275250203907
seelig	consider missing + MOI	seelig_cm_moib_zinb_phantom	ACCCGGATTAGAAATGGTGGGGAATGTAAATAGGGGACATGCCCCGGCATGCCCGCTACGTTTGAGCAATGGTCACTTAAGGTAACCTACCGACCGGATTTGTGTTGACCGCGGTAGACAGGACTTTGTTTGCCACCTTGTAAGG	R1	0.0006415866664610803
seelig	consider missing + MOI	seelig_cm_moib_zinb_phantom	TTTACTGCCCAGGTTACAGGATGAACATTGCAAAGGTGGACATGTACGGACATGCCCGGGTACATTACGTAACCGAAAGTCCAAAGACTCCGTTAGACTCCCGACTAAATGACTTTCGGCCGCAAAGGTTCCGGGGCAAACTCAC	R1	0.0006174480658955872
seelig	consider missing + MOI	seelig_cm_moib_zinb_phantom	GATAGGGGTGGATCTAACCCGGAACAGGATACAGTCTTCGCAACATAAGGGTGAGTCGCGCGCTGATGAGTCATCCGTCCTTATCTGCGTGTAAACACTCGGACGTACCTTATAGGCTGCGCCGATAAGATATAACTTTGATGTC	R1	0.0005978111876174808
seelig	consider missing + MOI	seelig_cm_moib_zinb_phantom	GAGAGAGATGTACAGACATGCCGGGGGACGTAGACATGTGACCAAAGATCAATGAATCAATGAGGGGGGAGAGAGAGAGAGAGGGGAATGTATAGACCTGCGGACATGCCCGGGCATGTGACCGGAAAGGGGGGAGAGAGAGAGA	R1	0.0006029388750903308
seelig	consider missing + MOI	seelig_cm_moib_zinb_phantom	TAGTGGACTTGGTACATAGACCATTTTACGTCACTACTGTCCGCTTGAGTTTAGCCAGTTTTGATAGGTCAATGGACATGTCCGGGCATGCCTTGAGGCCTTCAGGTCAACAGTCCGGTATAGTCCAGAGGACATTGATTGTTCC	R1	0.0006291424506343901
seelig	consider missing + MOI	seelig_cm_moib_zinb_phantom	CAACACTTTTCTTATCTTGCAAGCAAAAACGAACGATACCGTGTCTCACGCATCGGAACTGACGTATGGGAGGGCCCTTCCGGGATGGAGGTTCCGCGAATATGCAGAACGCGGATTGAGTCATCCTTAAGCTCTGGAAGTAATA	R1	0.0005888408632017672
seelig	consider missing + MOI	seelig_cm_moib_zinb_phantom	GGGGGTTTCTCGCAGATACGCTTTCTGGATGTAAGATATCGTCACTCCCCGATAGCGCTTGTGACTCACTTCCGGATTCGCTGGATGACTCATATCCTGGATGAGTCACTTCCAGGAAGTTACTCACCCTTCCTTTCCTATAGGC	R1	0.0006544299540109932
seelig	consider missing + MOI	seelig_cm_moib_zinb_phantom	CAAGAAAGAAGGAAGGAAGGAAGGGCTTCCAGATAAGGAAATAACTTGAAAGAAATAAGGGCGGTGAGTCATAGGGAAGAGTTACGGTATATCTTGCGTGTCTGACTGGCGGTGAGTCATCGAAGGATAAGGAAGTGGGTGGAGA	R1	0.0006189767736941576
seelig	consider missing + MOI	seelig_cm_moib_zinb_phantom	AGCATAAGGCAGGCCAGATCTGAGTCAGAGGAAGCGTGAGTCACGCCATATCGCGGAGGGAGGAAGGATGAGGCGGCGCCTATCGCCAGATCAGGAAGCGCATCCGCGAAAGACGATGAGTCCGCATCCGCGAAAAACGGCGCCT	R1	0.0005983139853924513
seelig	consider missing + MOI	seelig_cm_moib_zinb_phantom	CATGCTGGCGAGAGTGGAAAAGTACATTGGATTTTTTTGTTTGTGTATTGAAAGTTCAAAGGTTGTATTATGCATGCTGGCATGCTGGGGAATGTACATTGGATTGTTTGTACATTGGATTGTTTGTTTAAACATTCTGGGGAAT	R1	0.0006597588653676212
seelig	consider missing + MOI	seelig_cm_moib_zinb_phantom	GTGCCACCAAGGAGCATGAGCGACCTTTGTACAAAGGTAGGTTTCACACTCTGGAGTGACAGAGAGCAGCAGAGGGGAACAAAGGCCAACGTTCATTGAACTTTGAACATTCCGGCATGTCTGGGCATGCCCGGACATGTCCCAG	R1	0.0006271817837841809
seelig	consider missing + MOI	seelig_cm_moib_zinb_phantom	GCTCCAGGCCGGCATGCCCAGACATGTCCGGTGGGGACTTTGACCCCAGCTAAGGGCAAAACTGCAGACATGCCGGGGCATGTCCCCAGCAGAATGGATCCATGCCGGGGGCCAAAGGTCACACTACATAACAGAGGAGGAGTTT	R1	0.0006418306729756296
seelig	consider missing + MOI	seelig_cm_moib_zinb_phantom	CAGACGTTTTGATCCCGGGAGCTTTGAACATGCCCGGTCATGTCTATAGATGACGTAATCATGTCCGAACATGCGCTCAAACGCCCGTAGTGACTAGGTAATGCGAAGGGGTCAATGCACACTGGACCACGCGCTGGCACCTTTG	R1	0.0006265192059800029
seelig	consider missing + MOI	seelig_cm_moib_zinb_phantom	GCATGCCCGGACTTCCGGTCAGGTTTGCCTCTTTGCCTCAGCTGACCTTTGTACAAACAGGGACATGTCCAGGCATGTCTGGACTTCCGGTGGGGATTGTCTAAGCTCGCCATTATACAAACAGGGGCATGTCTAGGCATGCCTG	R1	0.0006361957639455795
seelig	consider missing + MOI	seelig_cm_moib_zinb_phantom	TTCTATTCAAAGGGCCTTTAGTATAGCTCAGCATGCCATTCGGCTGAGTGCAGTGGACAATGAACTCTGCCTCTGTTCATGATCGTACAATCATTACCGGTATTCCAGCGGGCTTGGATCATGCCCAGGCATGCCCGTTATACGG	R1	0.0006029385840520263
seelig	consider missing + MOI	seelig_cm_moib_zinb_phantom	CTTTGTGCACCGGGCTTTGCACCGTGGGGGACATGCCCGGGCATGTACATTCCGCTTTGGTCACAGGCCGGCATGCCCAGGCATGTCTACCGGTTGGGGGTGACCGGTGGACATGCCCGGGCATGTCGGGGCAGGCATTCCGTGG	R1	0.0006249651196412742
seelig	consider missing + MOI	seelig_cm_moib_zinb_phantom	TGTCCTCACCCAAATTTCATCTTGAATTGTACTCCCATAATTCCCACGTGTTGTGGGAGGGACCCGGTGGGAGAGAATTGGATCACGGGGGCAGGTTTCCCCCATACTGTTCTCGTGGTGGTGAATAAGTCTCACGAGATCTGAC	R1	0.0005805676919408143
seelig	consider missing + MOI	seelig_cm_moib_zinb_phantom	CACGTCATCTTACGTCATCCGGACACTAATGGACTTTGTTTGAACTCTACATGTCCGACGACCGGTCTACATGTCCAAACGTCCAGGCATGTCCAGACATGTCTAGGCAAGTCTGACCGTTGCATGGTCGCCAGGTCAAACGCGA	R1	0.0006291430909186602
seelig	consider missing + MOI	seelig_cm_moib_zinb_phantom	GAGCCCAGGACATGTCTGAGCATGTTCACAGCGACCACCTTTGGACATTCCCAAAGGTCAACGGCATTACAAAGGCCTGTGTACTGTCAGGTAGGTTGGCATTGCCATCATGCCAGCGTGCGTGCAGACGTGGGTTGCCCGCGTG	R1	0.0006124145584180951
seelig	consider missing + MOI	seelig_cm_moib_zinb_phantom	GCTTCCGGATAAGGGGTAAGAGATAGGAAAGAGTTACGTTATATCTTGCGTGTCTTAGGAAAAGAAGGAAATAAGGAAGTGCTTCAAGATAAGGAAGTGACTTTATATCTTGCGTGTCTGACTGGCGGTGAGTCATCGAAGTGTG	R1	0.0006340088439173996
seelig	consider missing + MOI	seelig_cm_moib_zinb_phantom	TCCGCGTATCTCCGCGGAAGGATGAGTCAGCCCCCCCGCGGAAGGATGAGTCAGCGGAAGTAAGAAGATAAGGAAGGATGAGTCAGCCCGCGCGGATCCGGATGAGTCACCCCCCGCGGATCCGGATACGGCGATATCTGCGGGA	R1	0.0006441422156058252
seelig	consider missing + MOI	seelig_cm_moib_zinb_phantom	CAAGTTACAAGCCCGGAGAGGTTAATGGACTTTGGCCTGTGGTGACTCAACAAGGGTTAACTTTGTGGCGGGCTTTGGGTGGACATGCCGGGGCAAAAACACACAGGTCTCAGTTCACTGAATGCATTACCGGACAAAAAACCCT	R1	0.0006609102711081505
seelig	consider missing + MOI	seelig_cm_moib_zinb_phantom	CGTGGATGAGATATCTTATTGGCGGAGGGGCGAGATATCGCGCGGATGCGATAAGGTTTTTAGGAAGTTTCTTATTGGCTGGGTGTGGGTTTCTCTGAGTTGCGCGATATCTCGCGGATGCGATAAGTTACTTGCTGGTTGGCTG	R1	0.0006174810114316642
seelig	consider missing + MOI	seelig_cm_moib_zinb_phantom	ACCGGAAGTCCGGACATGCCCAGGCATGTCCGCTAGGTTATTGATTGTTCGCACTTGTCTTTGCGTCACCATTATGCAACCAAAGATCGCAGTTCGCATAGCCCGTCGGAAGTTCCGCCGCTAACATGGGCGGCTTCTGGTGTCC	R1	0.000630559807177633
seelig	consider missing + MOI	seelig_cm_moib_zinb_phantom	TTGCTTTTGTACAAAACTAACGGAGGAATGTACCTGGGACATGTCTGGACATGCCCCCTGGCTGACCGGTAGTGTTTAGACTTTCCGGGCATGACCCCCGGTAGACAAAGTTCGTACAGCAAGCCGGCCGACGAAAGCACTGTGC	R1	0.0006567949312739074
seelig	consider missing + MOI	seelig_cm_moib_zinb_phantom	GCGGATACAGCCGGAACCTGGCTATAGTGCCACGGAACTACAGCTCACTCACCATCTTGGGCGGCGGGAGGAGAGAGAAAGGAAAGGGAATTGTGGGTAATATGTATGCGGCCTCGGAGATCGCGAGAGTTGATACCGGCACGGG	R1	0.000627873232588172
seelig	consider missing + MOI	seelig_cm_moib_zinb_phantom	AGACAGCCACTATGATATTGAGTCAGTTGTTTGATAACTGAGCAGGCTACTAAGTGATGGGCGGTAGCGTAGACAGTGTGGATCTGCTAGATAAAGAGGTGATTCACATCCTGGGTGGGATGGTGCAGGATTTCATCACGCTACT	R1	0.0006481202435679734
seelig	consider missing + MOI	seelig_cm_moib_zinb_phantom	GGAGAATGACCAAGAGTGCAAAGATCAATGAATGTATAAACATGCCCGGGCATGTGACCGGGAGAGAGGAGACCAGCGAACATGCCCGGGCATGTGACCGGAGGCCTGCGGACATGCCGGTGCAAAGATCAAAGAGGGGAGAGAG	R1	0.0006677302881143987
seelig	consider missing + MOI	seelig_cm_moib_zinb_phantom	CACAAACAAACAATGGCCAGGCATTGTACAATGCATGCCTGCAATGAACTTTTGAATGTTTGAACTTTGGACATGTCCGGGCTTGCCAGCAAGCCCAAACATGTCAGGGGACATGCCGGGGCCAAAGCCGGCAGGTTGAACAAGG	R1	0.0007195837097242475
seelig	consider missing + MOI	seelig_cm_moib_zinb_phantom	TGGGCAAAGGCCAAACAACTTCGGACGGGTTTGTTTTGGACATGTCTACATGTCTAATGGTCGACGTTCGACAATGGACCAAAGCGGTCAACCACTGTAATGGGCATGTTACAGACATGTCCAGGCATGTTACGTAACCATTGTC	R1	0.0006689471192657948
seelig	consider missing + MOI	seelig_cm_moib_zinb_phantom	CTTCCTTATAGGATGTAAGTCACGCGTTTTCGCTGGATGACTCATATCCTGGATGCGGGTCTTCCAGGAAGTGACTCTTCCTTATTTTCCTATAGGCCGGAACCGTGTGTGAGTCACTTCCAGGAAGTAAGTCACGCTGTGTCGG	R1	0.0006389140035025775
seelig	consider missing + MOI	seelig_cm_moib_zinb_phantom	TGTTTATGCATGCGGGCATGCTGGGGAAAGTACATTGGATTGTTTGTACTTTGGATTGTTTGTTCAAACATTCTGGGGAATGTTTGTTCAGGCTGGCATGCTGGGGAGTGTGGATTTTTATTGTGTAATGTTTGTACAAAGGTTG	R1	0.0007473581936210394
seelig	consider missing + MOI	seelig_cm_moib_zinb_phantom	AAGAAAGCGATAACTCTTCCAAGAAAGCGCCGCCCACTTCCTTCCCGATTTCGCGGAAGTCACACCCACTTCCTTATCTGTTTCGCGGAAGCCCCGCCCATTGGCCGATATAAGGAAAGCGATGACTCATCCGCCCGATGACTCA	R1	0.0006417346885427833
seelig	consider missing + MOI	seelig_cm_moib_zinb_phantom	GTGCACCGGACATGCCCGGGCAAGTCCGCTGGGCAGGGGAGTGGAACAAACATTGATTGTGTAAACATGACCTGACAGGAGTGGAACAAAATCAACTCAACTAATGACCGGAGGCATGCCGGGGGGGTTTGTGTAAAAATCAACT	R1	0.0006918318686075509
seelig	consider missing + MOI	seelig_cm_moib_zinb_phantom	GAGAGAGACCAGCGAACATGCCCGGGCATGTGACCGGAAATGTATAGGCCTGCGGACATGCCCGGGCATGTAGAGAGGTGACCAAGAGTGCAAAGGTGCAAAGATCAATGAATGTATAGAGAGAGGGAGAGGGGGAGAGAGAGAG	R1	0.00069264299236238
seelig	consider missing + MOI	seelig_cm_moib_zinb_phantom	GCATGCCCGGACTTCCGGTCAGGTTTGCCTCAGCTAGCCATTATACAAACAGGGACATGTGGACATGCCCAGGCATGTCTGGACTTCAGCTGACTTTGGTTCAAACTGGGTCATGTCTAGGCATGTCAGGTGACCTTTGTACAAA	R1	0.0007145528215914965
seelig	consider missing + MOI	seelig_cm_moib_zinb_phantom	GGGGACATGCCCGGGCATGTCCGTTTTGGTGTGCTGGGTCATGTACATGTCCGGGCATGCCTCTGGACCTTTGGTGACATGCCCGGGCATGTCCCCATGTTTGTTCATTCATTCCGGGGGCCCGGGACATGTACATTCCGGTGGA	R1	0.0006707150605507195
seelig	consider missing + MOI	seelig_cm_moib_zinb_phantom	GCGCTATCTTATCGCGCGTCTTATAAGTTAGTAAGGAAGTGCCTCTTCCTAGAAATAAGTTAGCGCCGCTTCCGCGAAAGGCTCCGCGGTTTCGCGGATCCGCGAATCCGATAAGTCTTTCGCGGAAGACGCTTTCTTATAAGCC	R1	0.0006313659250736237
seelig	consider missing + MOI	seelig_cm_moib_zinb_phantom	GTGCACCGGACATGCCCGGGCAAGTTCGGTCGACCTTGGGACCATGGTTTGGGTAAAAATCAACTCAACGAATGACCGGAGGCATGGAGTGCTGGAGTGCACCGGGCATGCCACCATTGTTTGTGTAAACATGACCTGACAGGAG	R1	0.0007692038780078292
seelig	consider missing + MOI	seelig_cm_moib_zinb_phantom	AAGGGAGACCAGCGGACATGCCCGGGCATGTAGAGAGGTGACCGGAAAGGGAGAGAGAGAGAGACATGCCCGGGCATGTGACCAAAGGTGCAAAGATCAAAGAATGGATAAGTGGGGAGAGAGACCGGGGAGTGAACATGCCCGG	R1	0.0006830335478298366
seelig	consider missing + MOI	seelig_cm_moib_zinb_phantom	GCAAAGAGGGAATGTACAAACATGCCGGGAGGTGGACATGTCCGGGCATGTCCAAAGCACAAAGCCGGGAGAGCAATGGACAAACATGCCGGGAGAACAGCAGAGCAAAGAGGGGACATGCCGGGGCATGTCCACAGGGGGGGAG	R1	0.0007004833896644413
seelig	consider missing + MOI	seelig_cm_moib_zinb_phantom	CCAACAGCCTATGCACGTCCGGTCGCCTTACGTACCTGGATTGTGTACACTTGGGCTTGTGTACAAAGGTCCCAGAGCAAGCCCGGGCATGTCCATAGTTTGAACCTGGACTTTTACCCACTGAATTCAGACCGTAGTGTCCAGG	R1	0.000710001855622977
seelig	consider missing + MOI	seelig_cm_moib_zinb_phantom	CGATATCGCGCGGATGCGATAAGTCGATAAGGGGGTGGGTGTGGGTGGGGCTTTAGGAGGATGGGGCTTAAGAAGTTTCTTATTGGCTGGGTGGGTCAGTCGCGCGATATCTTGCGGATGAGATAGCGTTTTTAAGAAGTTGCTT	R1	0.000633137533441186
seelig	consider missing + MOI	seelig_cm_moib_zinb_phantom	ACAGGACTTGACAGGAGTGCACCGGACATGCCCGGGCAAGTCCGGTCGACCATGGTTTGTGTAAAAATCAAGTCAACTACTGACCGGAGGCATGGAGTGGAACAAAGGTTGAACCTTTGCACCATGCCGGGAGAGTGTGGAACAA	R1	0.0007294355309568346
seelig	consider missing + MOI	seelig_cm_moib_zinb_phantom	GCTCAGCATTACCTCAGCTGACCTTTGTACAAAGGTTCAAACTCCGCCATGTGGACATGCCCAGGCATGTCAGCAGGGGATTGTCTAAACAAGCCCGGAATTCCGGTGGGGATTGCCTCAGCTGACCTTTGGACTTTGGTTCAAA	R1	0.0006822034483775496
seelig	consider missing + MOI	seelig_cm_moib_zinb_phantom	CCGCGAGTTTTCACATTATGTAATGTTTATACATTATATTTTTCCGGTCCAACGTACAAACATTGAACGGTGGTTTTACACTAGCGGACTTGCCTGGGCATGTCCGGGCATGCTCACGGGAACCTGAACTTTTGACCGTAAACGT	R1	0.0007024752558209002
seelig	consider missing + MOI	seelig_cm_moib_zinb_phantom	GCGAAACCGCCGCCGGTGATTGACCGTACATGTCTACAGTGCACGTTGACCTAATGGCGTGGATTTTGTACAAAGGTCGACGACCAAAGTCCAACGCTGAGACATGTCCAGACATGCCCAACAAACATAGCGTCGCCGGAAGTAC	R1	0.000648588000331074
seelig	consider missing + MOI	seelig_cm_moib_zinb_phantom	GCCGATTGGGGGGGGCCGTTATCGCTTCGCCGATGTAGCTCTTCCGCGGGGGGGGCGGCTTCCGAGTTATCTTCCGATTGGGCGCGTCGCGGATGTCGCCGCCCGCCGATTGCGTCATCTTCCGATTGGGGGATGCGGCTTCCTT	R1	0.0006196590838953853
seelig	consider missing + MOI	seelig_cm_moib_zinb_phantom	AAGAAGATAAGGAAGTGCTTCCGGATAGGCGGATAAGTTGTGAGTTATAGGAAAGAGTTGCGTTATATCTTGCGTGTCTTACTGAAGGAAGGAAGGGCTTCCAGATAAGGGAAAGGGCGGTGAGTCATAGAAGGAAAAGGAAGGG	R1	0.0005800228682346642
seelig	consider missing + MOI	seelig_cm_moib_zinb_phantom	CAAGGGATCAAGCTGACCGGTTGTGCACCGGACATGCCTGGGCATGTTTGGAGCTTCGGTCATGTGGCCTGCGGTACGCATGCCCGACCCACTACAGTGCGGAGGTTCGGACAACGAACGCAATGGGCCAAAGGGAATGCTGTCA	R1	0.0007095621549524367
seelig	consider missing + MOI	seelig_cm_moib_zinb_phantom	GGGGAGAGTGGAGAGCAGGAGACATGCCTGGGCATGCCCCCAGGAGCCCCTGAGAGCAGGGCGGCATGCCGGCCGGAGTGCAGAGGTGAACGAAGGTCGCAGTGAACAAAGGCCCCAGAGCATGCCCCGGCATGTCCACCGGGAG	R1	0.0007054760935716331
seelig	consider missing + MOI	seelig_cm_moib_zinb_phantom	CAGGGGACATGCCGGGGCATGCCAACCAGCTTTGTTTCTTTGTTTGAACTTTGGACATGTCCGGGCATGCCCAGGCATGTCCGGTGCACCCACCTTTGAATGTTTGTACAAACTTTGCCCCAGGGGACATGCCCGGGCATGCCGT	R1	0.0007088582497090101
seelig	consider missing + MOI	seelig_cm_moib_zinb_phantom	AGCCAGATGATGAATATTCACTGAATTCCTGCTGCATTAGTCAGAGTCCCCTAAGGAGACAGATGGCAAACTCAGATTAGGAAAAGGGTTATGACAAGCAGAATGTTTTCCTGGGTGGAGTCGGGGCATGTGAGAGAACCACAGG	R1	0.0006282631657086313
seelig	consider missing + MOI	seelig_cm_moib_zinb_phantom	ACAAGGAAGGCCATACTCCTGCAGCAAAAGTAAATTATTAAACTCCAGCGTGTTAGCAGTGTCCCTTCCCTCTGAAGCAAGAACAAAAGGAGTGACATGCCTCTGCATGTCAAGAAGCAAGGCTCTGTCAGGCGGAAATGGAATG	R1	0.0007473190198652446
seelig	consider missing + MOI	seelig_cm_moib_zinb_phantom	AAGAGAAGGGAAGATGAGTCAGCGGAAGCGCGCCTATATCCGCAGATAACGCGAAGGAAGCGTATCCGCGGGAGGAACGGAAGATAAGAAACCGCCCCCACCGATCCGCGGATCCGCGAGGAAGGATGAGTCACCGGAAGCGGCA	R1	0.0006148263928480446
seelig	consider missing + MOI	seelig_cm_moib_zinb_phantom	GGCGGAGGGCGCGACTTCGCGATAGGACGCGCGATTTAATTACTTTTATTCCCGATATAGCGTTTCTCCTGCTCCGACAGCGTTTATGACTCATCAGCACTGTGCGCATATATCGGTTCCGGGAAAAAGAGGATGAGTCACGCGC	R1	0.0006427292828448117
seelig	consider missing + MOI	seelig_cm_moib_zinb_phantom	GTCAAACCTGCGGAATGTTCAAGCTGGGTAATGTTTGGTCTTTGGACCAAAGTCCTTTGCCCGGACATGTCAAACACCCGCCCGGAGCAAAGTCCTTTGTACACTGCCGGGCTTGCCCGGGCATGTTCAAAGGTCAAACACCGGA	R1	0.0007037027389742434
seelig	consider missing + MOI	seelig_cm_moib_zinb_phantom	CGAGCTTGCAGCGCCCATAAAGCTTGCCCGGGCATGTCCCCCCTGCTGTCAAACCCCGGGAGCAAAGAACAAACATCCGGTCCGTAGATGACTGGACAAGTCCGGTGGACATTACGTAACAGGGATTGCTCATTGGTTGACTAAA	R1	0.0007227908936329186
seelig	consider missing + MOI	seelig_cm_moib_zinb_phantom	GGGCGATGACTCATAAGTAGGCGCTTCCTGAGTCTACGAGAAATAGGAAGCGAACTCCGTGTAACGGGATGACGCATCGGCGCTTGAGGATTCGTTAGAAGAAAGATGCGTCCTCGATATAAGGCGCGCGCCTATTGCGAAAAAG	R1	0.0005984140443615615
seelig	consider missing + MOI	seelig_cm_moib_zinb_phantom	AGTTCCTATAACTGATTGGGAAGATCGATAAGCCTTCGCGGAAGCGTAAGCGCGTATTTCGCTGGGCCTTATGAGATAACGTCATCCGTGTATTGAGTAACGAGAAGTGTGCGGCGTATCGTATCTTAAGAACGCGATACTTCCA	R1	0.0006035497644916177
seelig	consider missing + MOI	seelig_cm_moib_zinb_phantom	CCCGGCATGTTTGTGCAAACATTCCGTCATGCCCGGGCATGTCCCTTTGGACATGTCCCGGCATGTTGGGACAAACATTGCATAGGTTTGACCTTTGTACATGCTCCGGAATGTTTACCGGTCTCTTTGTTCATTCCTGTTGGCA	R1	0.0007105735130608082
seelig	consider missing + MOI	seelig_cm_moib_zinb_phantom	CCGACCTATACGTCGCAGACTGATGTCTTCCTCCACTTCCTTATAGTTCCGCCATTTAGATGAGTCATAGTTGCGCGATATCGCGGAAGTCATGCTTATTTCTCAGATAGAAACAGTTGGCGCGGTTTCGCGGAAAGCGCGGCCC	R1	0.000599951425101608
seelig	consider missing + MOI	seelig_cm_moib_zinb_phantom	GAAGGAAGTTCCTTATCACAAAGTAACTGATTCGTCGATAAGCGACGATCAGTAAGCGTCACCAATGCGTCATCCGCTTACGACGAATTCTTTCTTTTTATGACTCATAAAATCCCATATATCCTATGCGTCGCTTTATCGGTGA	R1	0.0006134844734333456
seelig	consider missing + MOI	seelig_cm_moib_zinb_phantom	GGACCTACATCATCAGCGACTCCGAGACGCGTAATAAGAACATGTCGTCTGCTCTTATAAGAACTGCCGCTTACTAAGCGTGACTCATAGAGATAACGCGTGTCCTTATGAGTCAGATACATGGGTGGCGCTTCCGCGAATAGAA	R1	0.00063576694810763
seelig	consider missing + MOI	seelig_cm_moib_zinb_phantom	GTTGAGTATGAGTCACCGGGCCATGCCGTGGAGAGAGGAGCAGTAGGGAAAGGAGGTTCCTTGGTGAGGTCAGTGGACCATAAAGTGATATGTTTATCACCACGGCTCAGACTGCACTGAGCAAGCTTCATCCCCCACTTCCCAG	R1	0.0006092825788073242
seelig	consider missing + MOI	seelig_cm_moib_zinb_phantom	GACATTGGCCGTCAATGATCACTAATGTACGCATCGGTCGACTATGTCCACTGTGGACTTTGGTCGTCGGTCGACATGTCCAGACATGCGTCGGTGACCTTTGTTCGTTGGTGGTCCGGTGAACATTGGACCATTGGACTTTGGA	R1	0.0007471146527677774
seelig	consider missing + MOI	seelig_cm_moib_zinb_phantom	TCCCAGTGACCGAAGGTCGAGGGCAGCGGGCAGGGGAGGGGGGAGAGCAGGAGACATGCCTGGGCATGCCCCCAGGAGAGCATGGCGGAATGCCGGCCGGAGAGCAGGGGTGAACAAAGGCCGCAGAGCATGCCCCGGCATGTCC	R1	0.0007715241517871618
seelig	consider missing + MOI	seelig_cm_moib_zinb_phantom	ACAAAGGATGTATAGACCTGCGGACATGCCCGGGCATGTGACCGGAAGGGGGGAGAGAGAGAGAGGGGTAAACATGCCGGCATGCCTGGACATGTGACCAAAGGTGCAAAGATCAATGAATGTATAAGGAGGGGGAGAGGGAGAG	R1	0.0007007895619608462
seelig	consider missing + MOI	seelig_cm_moib_zinb_phantom	GTTTAAAGGAAGTGATGGGAAACCAGGGGGCCCAGTCTGCTAGGCGGGAGAGATGCCTTTAAGTTCTTATCTCTGGCCACCAGCTTGAGCCATTTGGGCGTGGTGTTTCACTTCTAATTCCCAGGCAACAACCTTTACTGTGTTG	R1	0.0005873666377738118
seelig	consider missing + MOI	seelig_cm_moib_zinb_phantom	TGCAAAGATCAATGAATGTATAGAGAGAGAGAGAGAGAGAGCAGCGAACATGCCCGGGCATGTGACCAAAGATCAAAGAATGTATAGACATGCCGGGGGACGTAGACATGTGACCGGAAGGGAGGGAGGGAGAGAGAGAGAGAGA	R1	0.0006294924532994628
seelig	consider missing + MOI	seelig_cm_moib_zinb_phantom	CTGGGTCTCTTGGTGATATAATTAGCTGTTTTCTTCCAGTGGTGAGTGGGTGGCTCACTCTTCTGGCACCCTGCAAGGCCGCATGATGATGCAACAATGCAACAAAAGACAAGCCCGGGCAAGGCCAGCGGGAGCTCTGCCGGCC	R1	0.0007729952340014279
seelig	consider missing + MOI	seelig_cm_moib_zinb_phantom	CCCTCGCCCCGCCCACTTTGGGTTTCGAAATGTTCGCTGGCTGTTCCGAGAATCAGTCCGGGTCACGTTGGTGCCTCTCCTTTCCTGTTCTGATTGGTTGCTTACGTGAGCGTGACTACTTTCTTGCCTCATGATTGGCTGAAAT	R1	0.0006037249113433063
seelig	consider missing + MOI	seelig_cm_moib_zinb_phantom	CATGCCGCCCTGAGAGCATGCCCCGGCATGTCCACAGCGGAATGCCGGCCGGAGAGCAGGGGTGAACAAAGGCCGCAGTCCGCAGGCAGGGGAAGGTCGCAGTGAACAAAGGCCGCAGTCAGCAGACATGCCTGGGCATGCCCCC	R1	0.0007640785770490766
seelig	consider missing + MOI	seelig_cm_moib_zinb_phantom	TGTGCAAAGGTCACTGGACATGACCGGACATGTACAAAACCGGGCAAGACCCGGTGAACATGCCCGGGCATGTCACACAGAACATGCCCGGGCATGTGTGCAAAGGTCACAGACCAAACAAAGGCCACTACCGAGAGGGGGGTGA	R1	0.0007559669902548194
seelig	consider missing + MOI	seelig_cm_moib_zinb_phantom	TACTCTCAGGTAGTTTTGCCATGACGGAACAGTGCAAACGTGACCGACCTACCAGCCGGGGAATGTTCGAAATTCCCAACATGCCCGGGCATGTTCTTAGAGTTTGACTGTACAATGGTCATTCTCAGTCTTTCTTTTTGCACCG	R1	0.0007876825402490795
seelig	consider missing + MOI	seelig_cm_moib_zinb_phantom	AGATAACCTATTTCTCGGAAGCGGTATCTAGGCGTTCGAGATAGCGGGTCATGGGGATTGGGTGGGGAAGATATCTCGCGAATGGCGGGTGACTTCCTCGAAGCGCGCGCCTCCCTCGAAGATAGCGTCTTAAAAAAGTGGTCTG	R1	0.0006379541591741145
seelig	consider missing + MOI	seelig_cm_moib_zinb_phantom	GAGTATCTTATTGGCTGGGTGTGGGGCTTAAGAAGTTTCTTATTGGCTGAGTTGCGCGATATCTCGCGGATGCGATAAGTTACTTACTGGTTGGCTGGGGGTGGGGCTTTAGGAGGATGGGTCTTAAGAAGTTGCTTATTGGCTG	R1	0.000617298879660666
seelig	consider missing + MOI	seelig_cm_moib_zinb_phantom	GAACGATACGCGTTTCTTGGAAAAGAAATAAGGAAGCGCCGTTATAACTTAAGGAAGTTATGAGATAGGGCGGGTCCACGGGGACACGGAAGCGCGGACCCATGGGTGGGTCCGCGAATGGTAGCATAGATATGACTTAAGGAAG	R1	0.000656155520118773
seelig	consider missing + MOI	seelig_cm_moib_zinb_phantom	GACCGGGAGACATGACCAACCCACCGGGAATGTCCCCAGAGACCTGACACAGACCACAGGCATGAACATGCCCGGGCATGTCCCCAGAGACATGCCCGGACATGGGTGCAAAGGTGCAAAGGTCACTGGACATGCCCGGGCATGT	R1	0.0007304041646420956
seelig	consider missing + MOI	seelig_cm_moib_zinb_phantom	TGAGGCAGGGGAATCATTGAACCCAAGGTGCAAAGGTTGCAGTGAGTTGAGATCACGCCACTTCACCCCAGCTAATCAGGAGGCTAAAGCAGAATGGCATGAAGCCGGGAGGTGGAGCTTGCAGTGAGCTGAGATCATGCCACTG	R1	0.0006785981240682304
seelig	consider missing + MOI	seelig_cm_moib_zinb_phantom	CAAAGGACAAACATTCCGTAGTGTTTGGTCATGTTCCCCGTTCGTGGGCAGTGGGCAAACATGCCCGGGCATGTTCACCCGCCGGCATGTTTGTTTGGACATGCCCCGGAATGTCCAAAGGGACATGCCCGGGCATGTTTGCACA	R1	0.0007820786559022963
seelig	consider missing + MOI	seelig_cm_moib_zinb_phantom	TTCAGCACAGCGTGTGACATGCCCGGGCATGGCGCGAGGAGACATGCCCGGGCATGCACAGGGCGAACATGCCCGGGCATGCAGGGACATGCCCGGGCATGCACATGCCCGGGCATGGATGGAGGACATGCCCGGGCATGATGTA	R1	0.0006903713219799101
seelig	consider missing + MOI	seelig_cm_moib_zinb_phantom	TCTTATATGACTCATATGACCCACGCCGTTTCCGGGAAGTGACGCGCCGCTTATTGGGTGACTCATCATCATGACGCGCCGCAAGATCGGCGCGCCCACATCCGGAATAAGCAGTTAATAGCCAATCGGCCGGATGCGTCGCTCG	R1	0.0005836549680680037
seelig	consider missing + MOI	seelig_cm_moib_zinb_phantom	GGGCAGTGGTGGTGACCGGGAGGTTTGCCGGCATTCCGGTTTGCCTTTGGTCCTTTGGACAGGGGCATGTTTGTTGGGACATGCCCGGGCATGTCTACCGACATTCCGTGACCTTTGTACATTCCCATTCCGTGACAGGGGTGCA	R1	0.0007606195285916328
seelig	consider missing + MOI	seelig_cm_moib_zinb_phantom	TTGAGTGCTCACGAAGCGGTTAACCTATCGTGAAGTGGTGATCACTATTGCAGTTGGTAGTTACAAATGGAAAAGAATGCGGCGATGGTCACATGTCGAGATTGCATAATATCCTTTCGTGACGCACAGGCCGGGTCAATATTGG	R1	0.0007606941508129239
seelig	consider missing + MOI	seelig_cm_moib_zinb_phantom	CACTCCACCCCTGACCTGCGGGGGATGAGTCAAACGGTCAGACTTGCCTGGGCTTGTTCCACGCTCCCCTGGCTAGACAGGCGTCTACACATTCTCAGTTAGGGGCTGGACAGGGGCAGCTGCTAGACAGGTCCTATTCTGGGCC	R1	0.0007646959857083857
seelig	consider missing + MOI	seelig_cm_moib_zinb_phantom	TAGAAAAGATATCGCTTCCGGAAGATAAGACCCGCGCCTTCCTGCGAGATATCATCCGACTGATGAGTCACTTCCGGAAGATATCGTCATAAGACCCGCCCAATGAGTCACTTCCGCTTTCGCGGATCCGCGCCTTCCTGCGAGA	R1	0.0006380955455824733
seelig	consider missing + MOI	seelig_cm_moib_zinb_phantom	TGGACGTTAGTCTAAAGGTCCAAGGTTTGAACACGTAGGCTCCGGGCATGCCCGGACATGTCCACTGCGGCCCAGTGGAGTCGCCCGGGCTCCGGCTGTATAATGTTTAGGTGCAGTAGACAAGCCCCCGGCCGTGTGGAGTCAT	R1	0.0008334915619343519
seelig	consider missing + MOI	seelig_cm_moib_zinb_phantom	CTGCGTCCAGGGGGCAGAGTGTGATGACATCACCCACATGCACAGGAACGATAAGGCTTTCTTAAAAAACGATCTTTTCTCAACAGCTCCTCAAAAGGAGCTGAGGCAATGCATAGCCCTGCAGGAAGAGACTGGAAATGGTCTT	R1	0.0006080753519199789
seelig	consider missing + MOI	seelig_cm_moib_zinb_phantom	CTCATCAGTGCCTAGCCACTGGTCACTAGCATGTTTTCATTTTTCTCCAGCTCCCTCCACCCTTCATGAACGGGGGCTGGAAAATGTGGTCTGCTCTGATAAGGATTTGCGTCAGGCTACTGGCTACTCAGCAGCCGAGAAGAGC	R1	0.0006148326210677624
seelig	consider missing + MOI	seelig_cm_moib_zinb_phantom	TTTGCTTACTGTGCAGTCGACGCAGGGCATGCCCGGACATGTCCAGTGGGCTCACTCTAAGGGAACATTCCGGGGCAAAGTCCGTTGTACAATGCTGTGACAATCACGTGGCCCGCTGTACAGTAGTAACCATCGACTGTGGCTC	R1	0.0007866972009651363
seelig	consider missing + MOI	seelig_cm_moib_zinb_phantom	GAGGTAAGGATGAGGACGCGGTTTCTTGGAAACGCGGAAGGAGACGCGTTATCTTTCTTATGAGGAATCGCTTTATCGTGGAAGCGGGAAGGGAGGGGCGGTTTCTTTTGCGGATAAGCGATTTCTTTCTTATGAGTTATCGGAC	R1	0.0006072995602153242
seelig	consider missing + MOI	seelig_cm_moib_zinb_phantom	CCAGGAGCAAAGGTCAAATGGACTTTTACATTCCGGAGTTGCCAAAGCGACCTGGCATGTTTATGTAACGACATGCCTGGGCTTGTTTAGTCATGTCACCTCTGCACCAAAGTCCGGAGGTAGATAAATGCATTAGTAAATAGGT	R1	0.0008228554506786168
seelig	consider missing + MOI	seelig_cm_moib_zinb_phantom	CCTATAGCGCGGATGAGTCACTTCCTTATAGGCCGGAACCGGGTGTGAGTCACTTCCTTTAAGATACGCTTCCAGGAAGTAACTCACGCTTCCTCGCTGGATGACTCATAGGCTGGATGAGGCGCTTCCAGGAAGTTACTCACCC	R1	0.0006505771889351308
seelig	consider missing + MOI	seelig_cm_moib_zinb_phantom	AACGGGGGCGCGGGGGCTGGAGTTGGCAGAGCTCTGCATGTCCCGGCATGTCTGAGCAGGAGGAATTCCGGGCGGCCAAAGGGTTTTATGTAGATTGCTTTTGGACACTCGCCCAGGAGTCAGGAGTTGATTTTTATCTCACTTC	R1	0.000811610312666744
seelig	consider missing + MOI	seelig_cm_moib_zinb_phantom	GCGTAGGATTTCCTGATTGGGCGGATCCGCCAACCGCAGATGACTCATTACCACATCTTTACTTCCGAGGAAGGAGCCGCGCCTCTTGGAAGAAGACGCCCACCGTGGCCGTTTTCGCGATATAACTTATTTCTTAGATTGGGTT	R1	0.0006112261326052248
seelig	consider missing + MOI	seelig_cm_moib_zinb_phantom	GATATATTTATATCTCTCGAGCTGCGTCATCTGCTGACTCATGCGTCTTAAAAAACTTTTCTAGGAAGACACTTCCCTTACTATGACTTATAAGATGCGTCTTCTTTTACTTATTGGTAAGGAACTATTGGGAGATGCGTCATCG	R1	0.0006086496287025511
seelig	consider missing + MOI	seelig_cm_moib_zinb_phantom	ACAAACAAGGGAGCAAGGGGGAACAAACACACAAACAACCGGAATGTGACCAGAGCGGTAGAACAAACACACAAACAAAGCAAGGACAGGACGGCATGCCCGGGCATGCCCCCCGGCAGGCATGCCGGCCGGCAGGACAAGACCG	R1	0.0008284733630716801
seelig	consider missing + MOI	seelig_cm_moib_zinb_phantom	GGTGCATAAGCTCGCGACATTAATCACTACTTTACACAACCGGCGGAGATTCAATGTTTGCCCGACCATGCAGCCGGAATACTTCCGAGCCAAATTCCTGCGGACATGCCCGGGCATGTCCGGTGATGTAATTAGGTTATACCGC	R1	0.0007874239236116409
seelig	consider missing + MOI	seelig_cm_moib_zinb_phantom	ACAAAAGAGCAATGGACAAACAAGCCGAAAGGGGAATGTACAAACATGCCGGGAGGGGACCAAAGCAAAAAAAAAAAAAAAAAAAGAGGGAGAGAGCAAACATGCCGGGGCATGTCCACAGGGACATGTCCGGGCATGCCGGGAG	R1	0.0007944911485537887
seelig	consider missing + MOI	seelig_cm_moib_zinb_phantom	ATGAATGCGACCTTTGTACAAAGGTCGCGGGCAGGGGGATTGCGGCGGACATGCCCCGGCATGTCGGACAGTTCACTTTGATCAAAGCCACCTTTGTGTGCCGGCATTGGACTACGGTCAAAGCATTCCGGCAGAACCACTACGT	R1	0.000789186276961118
seelig	consider missing + MOI	seelig_cm_moib_zinb_phantom	AATAGTTGCTCTGAGCCAGGTTATGAGCCTTCCCATGTTATGGCTACATAGCTGTGATTATGTAATAAGTGGAGTTACGCTCCTGCGCTCCAAACTCGCTGAGTCACACAGGATGTTTACCTTGGCCTATGCCTGCCTGGCTGCA	R1	0.0011444482952356339
seelig	consider missing + MOI	seelig_cm_moib_zinb_phantom	ATCGAACTCTTTAATGACTCAGCACATGACTCAGCATAAGATGACTCAGCAGGGGCGGTGCCCGGCATTACGTGCTGGAGGCCATGACTCAGCAGGTGGCGAGTTATGACTCAGCAGATGGGCCAATGACTCAGCATTTCCCAGA	R1	0.0006527910591103137
seelig	consider missing + MOI	seelig_cm_moib_zinb_phantom	AAGATATCGTTACTTCCAGGAAGTGACTCACCCTTATAGGCTGGATGTAACTCTTTCTTCCTCGCCTATAGCGTTTGTGAGTCACTTCCTTTTTCGCTGGATGACTCATATCCTTGATGCGGGTCTTCCAGGAAGTTACGCTTCC	R1	0.0006492661777883768
seelig	consider missing + MOI	seelig_cm_moib_zinb_phantom	CGTCGAGTCAGGGTGTGGAATGCATGAAATGTATAAGGTGAACGGCTGGCTTTGTGAGTCACATCCCAGGTCAAGGACTCAGCATGGTGGGCAGGTCATCACCATCACAAATCTGGCCCTGTCCAGTCTGTTTGTACTGCCATCA	R1	0.0008088986505754292
seelig	consider missing + MOI	seelig_cm_moib_zinb_phantom	GGACCGCGCTACCGGAAATGACGCGCCCTCCGGAGGATGAAGAACCGTTTACGCTTCTTAAATTGCCTTATCTCTCCAGTGAGCATATATCGGATGCGTCAGTGTAAGAGGCGTACTGAGAAGCGTTTCCTCGAAGTAAATGTCG	R1	0.0015006933826953173
seelig	consider missing + MOI	seelig_cm_moib_zinb_phantom	GTAACTTCCGTGTTGCAAGACGCGGATGACTCATAAGACGCGCGCCTTCCGCGAATGTGCGGGCAGTTACGATATCTCGTGAAAGATACGTCCTAATTTAATCGGCGCCAACGGAAGCGTAACGCGCCTGTTTATCTCGCTTCTT	R1	0.0005954715306870639
seelig	consider missing + MOI	seelig_cm_moib_zinb_phantom	AGGGGGACATGCCCAGGCATGTCTGGACTTCCGGTCAGGATTGCCTCAGCTGACGTTTGGACTTTGGTTCAAAGTCCCTTTGGTTCAAAGGGGGACATGCCTACGCTCGCCATTATACAAACAGGGGCATGTCCAGGCATGTCTG	R1	0.0008116115350276232
seelig	consider missing + MOI	seelig_cm_moib_zinb_phantom	GACCGCGCCCCTATAGGCTGATCAGATAAGTCATATGCGTATAAGCCGCGCGCATCGTTTCACTTCCGGTTCCGCTACGCGAATTCGCGGAAGTGGCGCGCCCAGCACGCTGTAACAAGCTGATGAGTCATCCCTGGGGTGCGGT	R1	0.00062185077695176
seelig	consider missing + MOI	seelig_cm_moib_zinb_phantom	GCCCCCTAGGAGATGACGCATCCGGTTCCAATAGGTCGTCACGTTGTGCTTATTAGAAAAGCGCGCCCCCCAAACAAATTCTGATGAGTCATCGCCACAACTTCCTGGTGGGGCGGCTATCGCGGAAGCGGCGTGCGGATTGGCC	R1	0.0005907014128752053
seelig	consider missing + MOI	seelig_cm_moib_zinb_phantom	TATCCGCCCGATAAAAAGTCGTAAGTGGCTTATGCTTCCGGATCACACTGTTACGGCGAGTCATCAGGAACAGCGCGCCGCTCCGAGTAGTCGTCGGCTTATCTGGATGACGCAGCCGCGACGCGGAGATAAGTCATGAAATCGG	R1	0.0005903066485188901
seelig	consider missing + MOI	seelig_cm_moib_zinb_phantom	CTGGGGAATGTGCAGGGGAGAGTTCAAAGTTTGTATTATGCATGCGGGCATGCTGGGGAATGTACAAACATTCTGTGGATTGTTTGTACAAACATTCTGTTTGTTTTACAGGCATGCTGGGGAGTGTGGATTTTTTTTGTGTAAT	R1	0.0008265052456408739
seelig	consider missing + MOI	seelig_cm_moib_zinb_phantom	CCGGTCGCCTTAGTTAATAGTCTACCGGTCAAGTTGGTAGGTTCAAACATTACGTAATGCCGGCATGCCTGCAAAGGTACAAAGGTACAAAGGGAGGCACGGACATTACGTACCGGTGGACTTGGGGCATGCCCAGGCAAGTGCA	R1	0.0008292521233670413
seelig	consider missing + MOI	seelig_cm_moib_zinb_phantom	CTTTGTACATGCCGGGGCATGTTTGGACCTTTGGACATTTGGACAGTTTTGGACCTTTGCTCACCGGGCGGCATGCCCGGGCATGTTGGGACATTTGGTCAGACATGCCGGGGTTTGTCTACCGGGATTCCGTGACCTTTGTACA	R1	0.000791325350292027
seelig	consider missing + MOI	seelig_cm_moib_zinb_phantom	GTTGTGCAGACTCATCAGTGCCTAGCCACTGGTCACTAGCATGTTTTCATTTTTCTCCAGCTCCCTCCACCCTTCATGAACGGGGGCTGGAAAATGTGGTCTGCTCTGATAAGGATTTGCGTCAGGCTACTGGCTACTCAGCAGC	R1	0.0006377905956469476
seelig	consider missing + MOI	seelig_cm_moib_zinb_phantom	ATAGGAGCGGCCTCTTGCGCGGTATCGCGCCCTCGCTTCCGAGAACACACCGATGGGTGCTGAAACCGTTTCTAGGAAAAGATAAGGATGCGACGGAAGCGACTTCCTCTTCCTTATCTGACGACTCCTCGTAGTGGTGTGGGGT	R1	0.0006071962416172028
seelig	consider missing + MOI	seelig_cm_moib_zinb_phantom	ATGCCCCTTTGGTGACCGGGGTGCATGCCCGGGCATGTTTGGACCTTTGGACATACATGCCGGGGCATGTTTGTACAGTGGGGCAGGCATGCCGGGGCATGTCTCTTTGGACATGCCCGGGCATGTTTGGTCCTTGGTGGACATT	R1	0.0008366825059056282
seelig	consider missing + MOI	seelig_cm_moib_zinb_phantom	GACCAAAGATCGCGGCCTGAGTCCTGTGAACTTTGCCACCGTTTGTTTTTCGGCCGGCAATGATGTCAGTGGTTGTTCCGTCATGGTCAGGGCAAGCGGGGAGCATGCCCACTTCCGGTCGCCGGACTTGCGCGGGCTTGTTTAA	R1	0.001891406485810876
seelig	consider missing + MOI	seelig_cm_moib_zinb_phantom	CTTTGATCATGCCCGGACATGTTCCGTTGTGCCACCATTGAATGTACAAAGTTCGGTCATGTTCAGAGACCTGACGCAAAGGATGAGCGGGTCAGGTGGCAAACATTCCTGGTCAACTCAAGGCACCCAGGGGGTGGGGAAGCAA	R1	0.0008437357610091567
seelig	consider missing + MOI	seelig_cm_moib_zinb_phantom	AAGAGCTGTTGCGACAGGAGGGGTAATTCGCAGAATGGGTTAGCATATGTGGTCTTTGCAGATAAGGACTGGCGGGAAAGTTGTTTACTGAAACTAAGACAGGGAGGCATAAGGGATAAGGAAGTTGGTTTGGGCTTGAAGTAGG	R1	0.0006370258051902056
seelig	consider missing + MOI	seelig_cm_moib_zinb_phantom	AGCCGATGTCGCTTCATCATAATGAGTCAGCCCTTGTTAGTTTATCTGCTTCGCGAAACGCGCGTCACGCGACACAAGGATGTGTCGCGCGCATGATGCGCCGTAAGAGAACTATACTTCCTTATCGGTTCTGCGAGATAAGGAA	R1	0.000611820025369525
seelig	consider missing + MOI	seelig_cm_moib_zinb_phantom	CGCGACGCATAAGGAGGAGGTGCGATTCGCTAAGTTGATTCTGCGTTTTGCTTCCGCATCCGTTTCTTCGAATTAAGACGACGCGCCGCTCGTAGCTTCCTTTTCTTAGCACGAGGAATCGCTATCGGGCGGCGACTTATCGCCC	R1	0.0006317496299743652
seelig	consider missing + MOI	seelig_cm_moib_zinb_phantom	CCGGTCGCCGGGGTGGTGGAGTTGGAACAAAAATTACGGCATGCCGGGACAGGTTCAAAACCTACCGCCGGGGCACGAACATGCCCAGGCAAGTTGGCACAAACATTACGTAATGGTCGCCGGAGTGCATGCCCAGGCAAGTAGT	R1	0.0008241706527769566
seelig	consider missing + MOI	seelig_cm_moib_zinb_phantom	GAGAGAGGCCTGCGGACATGCCCGGGCATGTAGCAGTGAACATGCCCGGGCATGTGACCGGAAAGGGGGGAGAGAGAGTGACCAAAGGTGCAAAGGTGCAAAGGTGCAAAGATCAATGAGTGTATAAGGAGGGAGAGAGGGAGAC	R1	0.0008218211005441844
seelig	consider missing + MOI	seelig_cm_moib_zinb_phantom	AACGGCATCATTCGGATTGTTTAACCACCGACAAGCTGGGTCAGGTGTGTTGCACTTTTGACATGACAGAACAAACAGGGTGAATGTCCCGGCATGTTTGACCTTTGTTCAAAGGTGCATTGCGCAGCGAACATGCCGGGGCAAG	R1	0.0010836098808795214
seelig	consider missing + MOI	seelig_cm_moib_zinb_phantom	AGCACAGGCTGGTGTTCCCACTGGGGGCAGCATGGAGGATCTGCGTCCAGGGGGCAGAGTGTGATGACATCACCCACATGCACAGGAACGATAAGGCTTTCTTAAAAAACGATCTTTTCTCAACAGCTCCTCAAAAGGAGCTGAG	R1	0.0006368861068040133
seelig	consider missing + MOI	seelig_cm_moib_zinb_phantom	ACTTTGTTTTTATTACTCCTTATGATTCAGCCCTTACTTAGCTTACAAGGACTTCCTCATGTCTGAGCTCTAGCCATAATAGCTGACTGTTGGATGAGTCATCGGGGGGAGGTTCTTCTTCAGGCTGCAGATTGGCGGTCAGCCC	R1	0.000637002638541162
seelig	consider missing + MOI	seelig_cm_moib_zinb_phantom	GCAGGAGAGCAGTGGACAAACAACCCGGAGAGGGGACAAGCCCAGGCATGCCGGGAGGGGACGGTGACAGGGGGGACAAGCCCAGGCATGCCCCCAGAAGTACACAACCAACCCCAGGCATGCCAGGGGGAGAGAGAGAGAGAGA	R1	0.0008118864498101175
seelig	consider missing + MOI	seelig_cm_moib_zinb_phantom	AAGCGGGTGTAGATGGGGTGCATTGTTTGCACCAGATGGAACTAGGCAGAAACTTCCGGTCAAATGAGGTCAAGCGAGAGCGCCCTTTACATGTCCTGGCATGCCGCGGTCGTAGTGAGCAACCTGTCACACCTGAAGGGCCTCC	R1	0.0013532470911741257
seelig	consider missing + MOI	seelig_cm_moib_zinb_phantom	AAGGAAGACGCGTCATATTTCGAAGATAAGCGCGAATCGGAGCTTCCGTTATCTCGCGGAAGTGGCTTCTAACTAAGGAAGAAGTAACTTACTTTCGCGGAGCCGGCTGATTGAAACGGCGTATCCGATAGGGCGTCGCGCTTCC	R1	0.0006236418266780674
seelig	consider missing + MOI	seelig_cm_moib_zinb_phantom	TTTGAGGAGCTGTTGAGAAAAGATCGTTTTTTAAGAAAGCCTTATCGTTCCTGTGCATGTGGGTGATGTCATCACACTCTGCCCCCTGGACGCAGATCCTCCATGCTGCCCCCAGTGGGAACACCAGCCTGTGCTCAGTGCTGCA	R1	0.0006494895787909627
seelig	consider missing + MOI	seelig_cm_moib_zinb_phantom	GTGGATCAAAGTTTGCACCTTTGTTTGTGTACTCAACACCTGACAGGATTGTGTAAAAATCAACTCAACTAATGACCGGAGGCATGGAGTGGAACAAAGGTGGAGTGCACCTGTGCACCGGACATGCCCGGGCACGTCCGCTGGG	R1	0.0008362321532331407
seelig	consider missing + MOI	seelig_cm_moib_zinb_phantom	CCGATGGGCCAATAGGGGGGGGGGAAGCGCCACATCCGGAAGAAGCGGAAGCGCGATATCGGCCCGCGCGACTCAGAGGAAGGAAGAGAAGATAACAGAAAAGCGGCGTAACTCACGCCGCATCTGCGCCGCCCCGCCTATAGGG	R1	0.0006956705474294722
seelig	consider missing + MOI	seelig_cm_moib_zinb_phantom	TTCGTCATGTTTTCCTGTTGGGTCCAAAGTTCAAACATGCCCGGGCATGTTCACAGTTCGTGGGCAGTGGGCAAACATTCCGGTTGTTTGACATGCCCCGGCATGTTTGCCCCCCGGCATGTTTGCTCCGTAATTCCGTTGTTTA	R1	0.0008372885058633983
seelig	consider missing + MOI	seelig_cm_moib_zinb_phantom	GGTAATTATTAACCTGGGGTAATTATTAACCTGCGTTGGAGGGCACCCAAAGAAGGCCCGTGTCAAGGGGTAATTATTAACCGTGCCGTGCACGTTGCTCCTGGTAATTATTAACCTCCGGGTAATTATTAACCCGCGTGTCGCG	R1	0.0008302747737616301
seelig	consider missing + MOI	seelig_cm_moib_zinb_phantom	GTATCGTTATCGGTCTCGCCCATGAGGATGTATCCATACTGACGATAGGGCGCGCCATTTGCGGAGACTGACGACACTCGCGGCTCCTGGAAAAAAGGCGTAGCTTATATGTATGTTTCTAGGAATGTGAATCAGGCTCGCATAC	R1	0.0005792651791125536
seelig	consider missing + MOI	seelig_cm_moib_zinb_phantom	TAGAAAAGATAAGATCCGCCCAATGAGTCACCCGCGCCTTCCTCCGATGAGTCACTTCCGGTTCCGAGTTCTTATAAAAGATATCGCTTCCGGTTCCGCGTCTTATAACTCCCGTCCAATGAGTCACTTCCGCTTCCGCGGAAGT	R1	0.0006305018323473632
seelig	consider missing + MOI	seelig_cm_moib_zinb_phantom	AGAAGAGTCGTCTCGCGCTTCCAGGAAGAGTCGCAATCGCAAGTAAATTCCAATAGATCGCGGAAGTGACACTTCCTGATTCATCAGATGACGCCTCATCTGTGATGAGTCATCAGACCACGTTATCCGTAAGGCGCCGTGTGGG	R1	0.00060939701506868
seelig	consider missing + MOI	seelig_cm_moib_zinb_phantom	CAGGGGACATGACCTTTGTACAAAGCTTTGGACTTTTGAACAGGGGACATGTCCGGGCATGCCCAGGCATGTCCGGGGCACACAAACTCGGCATGTCAGGGGACATGTCCTTTGTACAAATGGACCTTTGTTCAATGGTTGCCCA	R1	0.0008443497936241329
seelig	consider missing + MOI	seelig_cm_moib_zinb_phantom	CCTATAGGCTGGATGAGGCTCTTCCAGGAAGATACGCTTCCTTCCTTCCCTATAGGCGGTTTCGCTGGATGACTCATATCCTGGATGTGAGTCATCCTTCCTTATCGGATGGAAGATATCGTTACTTCCAGGAAGCGGCGCACGC	R1	0.0006346337031573057
seelig	consider missing + MOI	seelig_cm_moib_zinb_phantom	TATAAAAGAAATATATCATGACTCATCCTATTGGGGCGGCGCTTCCGCGAAATCGGCCGCGCGATAAGATTTCACGAAGCCGCGCGGTCCAATGAAATTTCACATCGCACCACACTTATGACTCAACTGTGAAGGTATTATATAG	R1	0.0006214316235855222
seelig	consider missing + MOI	seelig_cm_moib_zinb_phantom	TGCAGCCAGGCAGGCATAGGCCAAGGTAAACATCCTGTGTGACTCAGCGAGTTTGGAGCGCAGGAGCGTAACTCCACTTATTACATAATCACAGCTATGTAGCCATAACATGGGAAGGCTCATAACCTGGCTCAGAGCAACTATT	R1	0.0008223298937082291
seelig	consider missing + MOI	seelig_cm_moib_zinb_phantom	AAACCATATCTTAGTAGCTTATTATTACGACAGAAAACAGAACCGGCGCGTCACTTCCGGGTTCCGCGAATTACATTTTCTAGCAAACGGAGACGCGTCGTCGATAAGCCGATGCTTATTCGTAAATTGCAGTCTCCCTAGCGGA	R1	0.0014506943989545107
seelig	consider missing + MOI	seelig_cm_moib_zinb_phantom	TTCACTTGCGTATGTTATTATTCGTTATCTGGCTGATGAGATATCGTTTTTTGGATGGGTGGGGGGGGCGCGTTCTCTTGCTGATGAGATAAGGATGTGGGGGGGGGGCGCGCGCATGAGATATCGCGATATCGTGTTTATTGGC	R1	0.0006549902609549463
seelig	consider missing + MOI	seelig_cm_moib_zinb_phantom	ACAACAAAACAAAAAAAAAAAAAAAAAGAAAGGGGACATGTCCGGGCATGTCGACATGACCAAAGAAACATGCCGGGGCATGTCCAAAGCACAAAAGCAATGGACAAACATGACGGAAGGCAAACAAAACAAAGAGAGAGAGAGG	R1	0.0008943207794800401
seelig	consider missing + MOI	seelig_cm_moib_zinb_phantom	ACCGGAATGTCAACCAACCGGAATGTGACCTGGTTTGTTCAAAGTCCTTTGAACACTGCTGATTGTGTCCGGACATGTCCAAAGGTCAAAACAGCAAACAGAGCTTTGGATTGTTTAGGCTTTTGTTCAAAGGTCAAAGACCGGG	R1	0.0009511766256764531
seelig	consider missing + MOI	seelig_cm_moib_zinb_phantom	GAAGGAGAGGGACATGTCCGGGCATGCCGGGAGCAATGGACAAACATGCCGGGAGGGCAGGGGAGCAATGAACCAATGTACAAACATAACAAAAAGAGAGAGAGAAAAAGAGGGAGAGAACAAACATGCCGGGGCATGTCCAGAG	R1	0.0008556563407182693
seelig	consider missing + MOI	seelig_cm_moib_zinb_phantom	TTATCAGTATCTTCTTGAGGACGCGCCTCCTAAGGAGGATATAACTCATTAATGCCGATGATGAATCAGCTTATTTGATGGAACCGTCACTTCCAAGATATCGCTTATATCCGTTAAAATATATTGAACGCGATAATCACATCCG	R1	0.000646784610580653
seelig	consider missing + MOI	seelig_cm_moib_zinb_phantom	CATACGCGCCGATAAGCACTTGCATCATCTGCGAGATATATGATGACTCATAAGTCGGCGGCGCTTCACGAGGCGCCGCCTCTCTCTTCCAGGAAAAGAGCCCGTCCGATGAGATAACGTCACTCACATCTGCTTATCGCGGGTA	R1	0.0006471983506344259
seelig	consider missing + MOI	seelig_cm_moib_zinb_phantom	GAGACTATTAGGTCTGTGGACAGTACAAAGCATGCCCGGACAAGCCACCGTAAGTTCACGTAACAGGGAAAGTAAAAGCGACCATTAATATTTCTGGGCACAGGTCACGGAATAGCTTTGAATTTTGGGTTGGTTGCTGTAAAGC	R1	0.0009083785116672516
seelig	consider missing + MOI	seelig_cm_moib_zinb_phantom	CATGCCCGGGCATGTTCAGGCCAGTATGGAGTGGGGCCGTGGACGTCAACCTTTGTTCAGTGACCTGGTTGTATACACTCGGGACTCGGTGACGGTGGCCAAACATCCCCGGATGTTTGCTGACACTGCAAAGTCGGTAGGTGGT	R1	0.0009146964875981212
seelig	consider missing + MOI	seelig_cm_moib_zinb_phantom	GATGCCAGTTTGGAGTGAACTTGCCCGGGCATGTCCCCTTCGGTTCAACCGAGGTTCCATAGCACGCTCGGTTAAAGATCAAACCATTAAACACAGGAGGTAGGAATTTTATAAAATCAGTTGTTCAACCACCGGAAATTAAAAC	R1	0.000863641151227057
seelig	consider missing + MOI	seelig_cm_moib_zinb_phantom	CAAACAACCCCGGGCATGCCAGGGAGAGAGAGAGAGAGAGGGGACAAGCCCAGGCATGCCCCCAGAAGGAGAGCAGTGGACAAACAACCCGGGGCATGCCGGGAGGGGACCATGACCCCAGAGGGAGAGAGGTGAACAAAGACCA	R1	0.0008736277231946588
seelig	consider missing + MOI	seelig_cm_moib_zinb_phantom	AACTTGCCCGGGCATGTTGGCGTTCAAAGTTGGACTGTGGGCTGCACATGCCCGGCAAGTTTTGGTCGTGTACACATGCCGGAGCCCATGACCATGTTTTGACATTGTACTCATGCCCTGACACGATCAGGTCAGCAGGCCAGGG	R1	0.0009411128703504801
seelig	consider missing + MOI	seelig_cm_moib_zinb_phantom	ATGAGTCACCCGCGCGGCGCGCGGTTCCGAGAGGCCGTTCTCGCGTATCGCGTATCCAGGAAGAGGTATGATAACGAGATATGGTCTTGAAGCCTCATAAGTTTGCGTCATCTTTTATCGGATGCGACTTATAAGTAAGAAGTCC	R1	0.0006696459022350609
seelig	consider missing + MOI	seelig_cm_moib_zinb_phantom	CGGCCGGTTATGTAATGGTCTATGTGATCGGTGGTCTAAGCGGTTATGCAACGGTTTATGTAAGCGGTGATCTAACGGTTGGTCCAGTGATGCAATGGTCCAGTTGTGTAATGGTTTGGTGGTTTGTCCAGTCAGTTATGTAACC	R1	0.0008312801364809275
seelig	consider missing + MOI	seelig_cm_moib_zinb_phantom	TTTACAGGCATGCTGGGTAATGTTCAAACTTGCTGGGGAATGTGCAGGGGGGAGTTCAAAGTTTGTATTATGCATGCTGGCATGCTGGGGAAAGTACATTGGATTGTTTGTGCTGTGGAATGTTTGTACAAACATTCTGTTTGTT	R1	0.0009415335371159017
seelig	consider missing + MOI	seelig_cm_moib_zinb_phantom	TTACGGCTCAATCCGATCACTTCCCCCAATCTGAGTCACAGTAGCGCTCGTTCCGCGAAATAGCGCTACGCCCCCCGTTCCGGCTCATGAGTCATAACTAACGCCATATTTCGCGGAAGTCGCGTCCGAGTAATAAGATATCTTA	R1	0.0006073088152334094
seelig	consider missing + MOI	seelig_cm_moib_zinb_phantom	GGACTGGTCGAATGGCTCAGGATTCCGCCGGCATTACCGATTGATCGATGGTCGGACATGCCCGGGCATGTCCACCGGCCTCGAGCCATGTGCCACACTGTGTGCGCTTTCCCCATTACGTAATGGGAATTCCGCAGTTGCCTTT	R1	0.0008281884947791696
seelig	consider missing + MOI	seelig_cm_moib_zinb_phantom	TGACCTCTGATCGAGAGCCTTTGGTCAATCAGCACTATGTACATAATGGGTTCCATGGTTAATTCCGGTGGCAAATGTCCTCCGGGCATGCCCAGGCACGATTCCCTCGCGTTACACAAACAGAACCAAGCAGGGCGCAGTACAA	R1	0.0008953097276389599
seelig	consider missing + MOI	seelig_cm_moib_zinb_phantom	ATGTTACTTTCTTAAAAGAAGCGATACGTCATATAAGGAACCCGCGTCTAGCGATGAGTCATCGGCCTAGGCCGCGCCTACCCGCGATTAAATCACATCCGCCCCCGCCCTTCCGTGATAAAGGAGGCGTCGCTTCTCGGAAGGC	R1	0.000652057642582804
seelig	consider missing + MOI	seelig_cm_moib_zinb_phantom	ATCCTTAGACGCTGCCTCGCCAATAAGATGATATCTTATAAGACGCGGCGCTTCCTTGTGATGTGAGTCATCGTAAGTGCTTCTCCCTCTCTTTAGCTGACGCGTTTCACTAGGAAAAGATGGGTGGGGCTGGAGGAGGAGATAA	R1	0.0006117593729868531
seelig	consider missing + MOI	seelig_cm_moib_zinb_phantom	CTGGTGGGGACAGATAAGTGGCCACGGTACGGCTGGTGGGGACAGATAAGCGTCCTGGTGGGGACAGATAAGCTTACTGGTGGGGACAGATAAGGTACTCTGGTGGGGACAGATAAGCGAGCATCTGGTGGGGACAGATAAGCAG	R1	0.0006545702926814556
seelig	consider missing + MOI	seelig_cm_moib_zinb_phantom	CGGGAGAGCAGGGGGGAACAAAGGCCGCAGTCCGCAGACCAGGAGACATGCCTGGGCATGCCCCCAGGAGAGCAGGGGGGAACAAAGGCCGCAGTCCGGAGGTGACCGAAGGCCCCAGAGCATGCCCCGGCATGTCCACAGGGGA	R1	0.0009134915308095515
seelig	consider missing + MOI	seelig_cm_moib_zinb_phantom	ATAAGATATCGCTTCCTGGACCGGGTGATAGACGTAGGGAGAGCCACTGGCGGATGTAGCGATAAGCCGCGCGTTTTCGCGATATCTTATCACTCTTCAAGAACCGTGAGTGATGACACCGCGCCGCCGATGGGGCGATCCGGTT	R1	0.0007980037480592728
seelig	consider missing + MOI	seelig_cm_moib_zinb_phantom	GAGTCGCGCGGGGGCGCGATATCTTGCGGATGAGATATCTTATTGGCTGGGTGTGGGTCTTAAGAAGTTTCTTATTGGCTGAGTTGCGCGATATCTCGCGGATGCGATATGTTATTTGCGGGTTGGCTGTGGGTGGGGCTTTAGG	R1	0.000688921136315912
seelig	consider missing + MOI	seelig_cm_moib_zinb_phantom	ACAATCTAAGCTAGACCCGATTGGCTAAACATTTAGGGGAAGGGGTCGTCTGCGGCGAGCTAGAGAGTCAGTCTTTTCTCAAATAAGGAAAGGAATGTGAGCTGGTGCTGTGGCATGCCTGGGCGTGTAGGAAAAGCAGAAGGAA	R1	0.0009349260944873095
seelig	consider missing + MOI	seelig_cm_moib_zinb_phantom	CCGGTAGCCCCTGGACCGTGTTGCACTCCTTTGTCCGTTATGTAACGAAGGTCTCCGGTTATGTATCAAAAGTGGCACAACATTCATGTCCGAACATGCCTGGGCATGTTTGGTTGACAATACACTCCCACTGCCTTATATCAAC	R1	0.0008569684578105807
seelig	consider missing + MOI	seelig_cm_moib_zinb_phantom	TAAGATTGAGGGTGGGGCTTCGGCGATGCGACGCAAGAAGATAAGTGAAATCGTACTTGGATAACACGCACTGTAATTGGGCGCCATAAATCCGCCCATGGACGATACGCCTTATCCTGAAGCACCAACGAGTTATCTCGCAAAT	R1	0.0008216500864364207
seelig	consider missing + MOI	seelig_cm_moib_zinb_phantom	TCATTACAGGGAACATGCCACGGCAAGCTCGCTATTCATTTTATGCCGGGACATGTTTAGGCTTGCTGTGGGTTCAATGTTTGAACATTCCACTACTGACAAACACTCCAGTTCAAAGGCGAAGTTCATTGTTTTTGTTGCGCAT	R1	0.0009229167480953038
seelig	consider missing + MOI	seelig_cm_moib_zinb_phantom	CATACTGCAGGGTGAATTTCCATATCCCTGCCTCAAAGCCTGTTGGGGTGGGGAGGGGGAGAGGTCATTTGAAATTCAAATGAGGATGATTAAGGTTTTCTTGAGGAGGGAAGCGTGGACAAAAGGGGTTAAGCCTGCTGGCAAA	R1	0.0018033294472843409
seelig	consider missing + MOI	seelig_cm_moib_zinb_phantom	CTGATTGGCTGAGTTGAGTCAAGTGGCCTCAGCCCGGCCCAATCAGCTGGGACTGGGGGAGGGCTGCCGTGGAGAACTAGCTGCCTTCCTGGCTGGGGAGAAGGAAGCAATGACTAGCATAGCAAACTCTGGGGGTAGTGACTTC	R1	0.0015284285182133317
seelig	consider missing + MOI	seelig_cm_moib_zinb_phantom	CCCCTAACTGAGAATGTGTAGACGCCTGTCTAGCCAGGGGAGCGTGGAACAAGCCCAGGCAAGTCTGACCGTTTGACTCATCCCCCGCAGGTCAGGGGTGGAGTGTGGCTTAGCCACGGCACACCAAGGTTGTTACATCAGTAAA	R1	0.0009224802488461137
seelig	consider missing + MOI	seelig_cm_moib_zinb_phantom	CCGATACCCGTGACGCGTCGCGCCGCCGAATCGGGGGGGCGCGCTCCTATCTAAGAAAAACCGTTTCTCTCGCGCGACGAAAACGACGCGCAGCGATTACTCATTAGGGGAAGTCACTTCCTGATTATACCGATTCTCGAATCGG	R1	0.0014618425630033016
seelig	consider missing + MOI	seelig_cm_moib_zinb_phantom	CCCTGCGCTGAGAGATAAGGATGAGTGTGATGTTATCTAATAGGATGACTCATCCTATAGGAGGAGGGCGCGTCTTTTATGAAAACGACGTCCTGGTTTCGCTATATCTGAGTCGTCTTATGATTCACCACCCGCTTCCTTCGTC	R1	0.0006552799604833126
seelig	consider missing + MOI	seelig_cm_moib_zinb_phantom	CGCGGACGCGATATCTTGCGGATGAGATAGCGTTTTTTAGGAGGGTGGGGCTTAAGAAGTTTCTTATTGGCTGAGGGGCGCGATATCGCGCGGATGCGATAAGTCGATAAGTGGTGGTGGGGCTTTAGGAGGAGCTTATTGGGTG	R1	0.0006901627639308572
seelig	consider missing + MOI	seelig_cm_moib_zinb_phantom	TGTGTGGTCAACGGTAGCAATTCCGGTGGGTTGACCGGAAACCTTGCGGGCATGCGTGCATTACCTCACCTCCTGTCATCTTAACGACATGTCCGGACATGTACACAGGCCAATGTCAACCTGCTTTGAGACTTAGGTTGCACAC	R1	0.0008738870383240283
seelig	consider missing + MOI	seelig_cm_moib_zinb_phantom	CACAATTAAATAACCCACGTTTGAACGTTGGCATGTACCAAGCGAACGTACATGTACTGTACAATCTCCGGTCAAACACAAAGGCCGGCATGCCTAGGCATGTCGGCTGCCAACGTAACTGCGGAGTGCGTTGAACTCTCCCCTC	R1	0.0009037149720825255
seelig	consider missing + MOI	seelig_cm_moib_zinb_phantom	GCCCCACACAGGGAAGTAGCTTCTGGGAAGCGCATCCGTGAATCACGCTTTGCGACGCTCTTTCATCAGCCTCAAGAGTCATCGCTTCGCGATAAGCAAGTGAAGGCTGATGCGACACGCGGGTAGCGTCTTCTAAGAGAGAGGG	R1	0.000657675031106919
seelig	consider missing + MOI	seelig_cm_moib_zinb_phantom	ATGTTTGTTCATTGCCTCCGTTGTGCATTGGGTTAGACATGCCGGGGCATGTCCCCCTGTTCATGCCCGGGCATGTACATGCCCGGGCATGTCCGGGGGCTTGTGTTGACAGGGTTGTTTGGTCACCGGTGGTCGTGCATGGTCC	R1	0.0009066067868843675
seelig	consider missing + MOI	seelig_cm_moib_zinb_phantom	GGGTGCCCTGGCTCCTTGCAGCAGGGCTGGGCCTGCGAGACCCAAGGCTCACTGCAGCGCGCTCCTGACCCCTCCCTGCAGGGGCTACGTTAGCAGCCCAGCACATAGCTTGCCTAATGGCTTTCACTTTCTCTTTTGTTTTAAA	R1	0.002544424729421735
seelig	consider missing + MOI	seelig_cm_moib_zinb_phantom	GGGGGGCATGCCTGGGCATGCCCCGGCATGTCCACAGCGGCATGCCGGCCGGAGTCCGGAGGTGACCGAAAGTGGAGAGCAGGGGACATGCCTGGGCATGCCCCCCTGCCAGCAGGGGTGAACAAAGGCCGCAGTCCGCCGGCAG	R1	0.0009259260259568691
seelig	consider missing + MOI	seelig_cm_moib_zinb_phantom	GCGGAGAGCAGGGGTGAACAAAGGCCGCAGAGCATGCCCCGGCATGTCCACAGGGGACCGAAAATGCAGACCAGGAGACATGCCTGGGCATGCCCCCAGGAGTCCGGAGGTGACCGAAGGTCGCAGTGAACAAAGGCCGCAGTCC	R1	0.0009059233125299215
seelig	consider missing + MOI	seelig_cm_moib_zinb_phantom	GCTGGGGGCAAACATGCCGGGGGCCAAAGGTCAAACAGTACAAACATGACGGGGGTTGACCCCAGCTAGGGGCAAACATGCCGGGGCATGTCCGGTGCACAATGGATCCAGGCCGGCATGCAGGGGGCACACTACATAACAGAGG	R1	0.0009054046822711825
seelig	consider missing + MOI	seelig_cm_moib_zinb_phantom	GCTGTGTACTCTCGCCGGGATGGTTACATCCCAGGGCACGATTCCCGGGCAAAACACCATAGCCTGTCGACATGTCCGGACATGCACTGGGTTGTGATCTGACCGAAGTGCATACGTAACGCACTCCGGTCAAAGTTTGTTCCAC	R1	0.000950204732362181
seelig	consider missing + MOI	seelig_cm_moib_zinb_phantom	TGGCATTAAACAAACGGTCAAACTTTGAGCTCGGTGGGCGCGTTTACGTAATGGTTGCACCAAGGCATGCGTCGGCATGTCCGGAGGGCTTTGCGGACATGCCGGGACATGACCTGAAGTTCGCATTGCACGTCCCCGCTCCCCT	R1	0.0009094007546082139
seelig	consider missing + MOI	seelig_cm_moib_zinb_phantom	AACAAAACCAACCCCCCGGGCAGAGGTGCAAAGGTCACACAACAAAGAACAAGGAGCCCCGGGGAACATGCCCGGGCATGTCACCAGAGGTCCAGAGAGCGGTAGACATGACCGGACATGGACCTGTGAACAAGCACAGGCAAAA	R1	0.0009391508065164089
seelig	consider missing + MOI	seelig_cm_moib_zinb_phantom	TCCGCGCGATGTGGTTTCTTATCTCTTCGGCGAGTCATCTTCCGCGTCGCCGATTGGGCGGGGCCGTCGCCGATGTATCGCGTTATCGGCGTATGTCTTCGCGGATGCGCCGCGTCGGCGAGTTATCGCGTTATCTTCTTATTGG	R1	0.002184658544138074
seelig	consider missing + MOI	seelig_cm_moib_zinb_phantom	TTTTTGTTTGACCCCTGTAATGTTTGTTCCCAGGGAACATGCCGGGGCACGTGACCTCTGTCCGGTAATGTTTGAACAAAGGTCACATGCCTGGGCATGTCCTTTGAACAAAGCGAACATTACATAAACGTTCACAGGTCACCTG	R1	0.0008968269103206694
seelig	consider missing + MOI	seelig_cm_moib_zinb_phantom	TGGCCACATTACATACCCGGACATGTCCGGGCATGCCCGCAGGGCAGCCAAGATCCCACTGTTGAACCAAAATGGCGGTCAACGTCCCAAGGTCGAATTACGTAATAGGGAAACTACGGTCGCGTTGATCAAAGTTGACATTAAG	R1	0.0009014141978695989
seelig	consider missing + MOI	seelig_cm_moib_zinb_phantom	GAGTTGCGCGATATCTTGCGGATGCGATAAGTTTCTTATTGGTGGGTTGGGGGGGTGTGGGTGGGGCTTAAGAAGTTTCTTATTGGGTGTGGGTGGGAGGAGCTTTTGGATGAGATATCTTTTGGATGAGATATCTTATTGGGGG	R1	0.001452619326300919
seelig	consider missing + MOI	seelig_cm_moib_zinb_phantom	AAGTCGAACAATGGTTGTTGCGTAATGTTGAACTTACGGTCGAAAGGTTAAACATGCGAGGATTGTTACATAAGGGGATTGTTGCGGAATGTCGAACTGGCGGAAAGTCGAACAGGGAATGTTGCGGAATGTCGGAAAGTTGAAC	R1	0.0010805272031575441
seelig	consider missing + MOI	seelig_cm_moib_zinb_phantom	CATATGCTATGTGCATGTTTACTTAGGGATGGCGGGGCCTTGTCCGGACGTGTTTACTTAGGCGCTAGTCTCTTTGGCTCATGAATGGCACCTTCCTTGTTTACTTAGGTTGTTTACTTAGGAATCTGTTTACTTAGGCACATCA	R1	0.0009839170379564166
seelig	consider missing + MOI	seelig_cm_moib_zinb_phantom	GCATGCCCGGACTTCCGGTGGGGATTGTCTAAACAAGCCATGAGATAAACTGACCTTTGTACAAAGGTTCAAACTCCCCTTTGTACAAACAGGGGCATGTGGACATGCCCCGGCATGTCCGGACTTCCGGTCAGCATGACTTGAC	R1	0.0009241715888492763
seelig	consider missing + MOI	seelig_cm_moib_zinb_phantom	ATCCGTGTTTACTTAGGTATTATAGAGTAAAGTGTGTTTACTTAGGTCAGGAGTTTTGTTTACTTAGGCAGTGTTTACTTAGGGTAAGAAAATAAGTGTGCTACCCCGGAGGGTCATTGTTTACTTAGGAAATGTTTACTTAGGG	R1	0.000907851499505341
seelig	consider missing + MOI	seelig_cm_moib_zinb_phantom	CATTCCATTTCCGCCTGACAGAGCCTTGCTTCTTGACATGCAGAGGCATGTCACTCCTTTTGTTCTTGCTTCAGAGGGAAGGGACACTGCTAACACGCTGGAGTTTAATAATTTACTTTTGCTGCAGGAGTATGGCCTTCCTTGT	R1	0.0009610297274775803
seelig	consider missing + MOI	seelig_cm_moib_zinb_phantom	GAGTCTTCAACTGACCTGCGCACTGGGAGGAGTGTGCACTAAGAGGAATAGGCACTGGGGTGGAGCCACAGAACTTTGCCACGTGTTTGCAGCAGGGAGGAGCCTGGCCCCTCCTGGGTGGAAGCCGGAATTCAATCTGTGAGGT	R1	0.0007927744300104678
seelig	consider missing + MOI	seelig_cm_moib_zinb_phantom	GGCTGTCTCATCCATGAGCGCGGGGCACACTCTGATGTTGCAGGATGATGAAATCACCTAACAACGCATTTCTCAGAATGCATCTGCACTGTTAATTGACACATGACTGTGCTTTCTCGTGAACCACCTTTTCCCAGAATGATGA	R1	0.0006492977845482528
seelig	consider missing + MOI	seelig_cm_moib_zinb_phantom	TGTTTGAACTTTGGACATGTCCGGGCATGCCCATGCCGGGGCAGTGATCAAAGGCCAAACATGAAACAAAGCATGCCAGCAACCAGGGTGAACAAAGTTTGCCCAAACATGTCCGGTGCAAACATGCACTTTTGAACAGGGGACA	R1	0.0009061192395165563
seelig	consider missing + MOI	seelig_cm_moib_zinb_phantom	TGTGTGTTTTTATTAGATATCGTTTTCGCGCTTTAAGGATGTGGGGGGGGCGCTTGCTGATGAGTTATCTGGCTGATGAGATATCGTTTTTATTGGCTATATATGGGTGGGGGGGGCGCGCGCATGAGATATCGCGATATCGTTT	R1	0.0008617981802672148
seelig	consider missing + MOI	seelig_cm_moib_zinb_phantom	AAGGCGCGTTAAATGTGATGTTACGCGCGCCCGAGGGGCGATACGTTATAAGAAGGATAAGACATTGTCGTTATTTCTCGGAAGTGAGACTCGCGGATTAGCTTACTCATTGTCGGATGACGCGTCTCCTTAGGAGCAGCCTCCT	R1	0.0009157974855042994
seelig	consider missing + MOI	seelig_cm_moib_zinb_phantom	GGCCCAGAATAGGACCTGTCTAGCAGCTGCCCCTGTCCAGCCCCTAACTGAGAATGTGTAGACGCCTGTCTAGCCAGGGGAGCGTGGAACAAGCCCAGGCAAGTCTGACCGTTTGACTCATCCCCCGCAGGTCAGGGGTGGAGTG	R1	0.0009542969637550414
seelig	consider missing + MOI	seelig_cm_moib_zinb_phantom	GCGATATATCGCGCGGACGATATATCTGAATCAGGAAATATCTGCGTATGGGGGAGGAGATAAATAAGGAAGGAAGCGCGGATCCGCGGAAGGAAGGAAGCGTAAGCGCCTCACGATGACTCACCCCCGGGGGGCGGAAGCATAT	R1	0.0009028594940900803
seelig	consider missing + MOI	seelig_cm_moib_zinb_phantom	GGAAACATGCCTGGGAATGTTCAAACAGCTGGGGCGCAGTACATGTCCAGACATGTCTCCCGGGCTGCTCCAAGCCTGACTACAACGCATCCACTGCCTGCGCCTTGATTACGTAATCCCTCTGGGCTTTGTTCTGTGACCTATG	R1	0.0009633738081902266
seelig	consider missing + MOI	seelig_cm_moib_zinb_phantom	ATTGGCCGATAAGCGCGTATCGCGTCATCAGCGTGAGATATCGCTATCTGAGGAGGGAGCGGACGTATTTCATTTACGCTTTCTCAGTTCCGCGAATCACGCCGCCAATCGCGCTGACTCGCGCGGCGTAAAATAAGGCAATTGG	R1	0.0009581990307196975
seelig	consider missing + MOI	seelig_cm_moib_zinb_phantom	CCGCTGATAACAACGATGACGTGCCCGGGCATGTTTGTTTGGACATTCCAAAAGTCTGTGCACAAAACTCAGGGCAAGGGTAATGGAACCCTGGCCGCCTTTCTGCTAAGCCCCCTGTGACGTAGGTACAAAGTTGCTAAAAAAG	R1	0.001476190984249115
seelig	consider missing + MOI	seelig_cm_moib_zinb_phantom	TGGGTAAACTTCAAACATTACGTAAGGCAAGCCGGGGCAAGTTCAAACAATGTCTACTTGGGACATGCCGGGGCAAGTTCAAAGGTACATTACGGCAAAAGTGCATGCCCAGGCAAGTTCAAAGGGTAATGGTGAAGTTGGGACA	R1	0.0009839601116254926
seelig	consider missing + MOI	seelig_cm_moib_zinb_phantom	GGGACATGTCCGGGCATGTCGACATGACCAAAGGACCAAAACAAAAAAAAAAAAAAACAAAAAGGGAATGTACAAACAAAACAAAAAGGGAAAAAAGCAATGTACAAACATGCCGGGGCATGTCCAAAACACAAAGAGAGAGAGA	R1	0.0009334739297628403
seelig	consider missing + MOI	seelig_cm_moib_zinb_phantom	GACGTGACTCCGCCGGTAATGTTCATGTTTGTACGTACGTCCGGGCTTTGACCTGGTGCACAACCAATGGACTCAGGGTCCAAAGTCCATTCCTGCCCGGCCATGTTTAAGCATGCCCGGTCATGGACTTTTGTTTACGTCAGCC	R1	0.0009782786946743727
seelig	consider missing + MOI	seelig_cm_moib_zinb_phantom	TCACAGTTCCACATGGCTGGGGAGGCCTCACAATCACGGCAGAAGACGAAGCAGGAGCAAAGAACGTTTACATGGCGGCAGGCGAGAGCTTGTACAGGGAAAACTACGCTTTATAAAACCGTCAGATCTCGTGATACTTACTCAC	R1	0.0006618885672651231
seelig	consider missing + MOI	seelig_cm_moib_zinb_phantom	CGCGCCTTATAACTTCCGACTGATTAGAAAAGATGTCGCTTCCGGAAGATAAGATCCGCGCCTTCCTGCGAGATATCGCTTCCGGAAGATGTCGCTTCCGGTTCCGCGTCTTATAAGACCCGCCCAATGAGTCACTTCCTCTTTC	R1	0.0007383053307421505
seelig	consider missing + MOI	seelig_cm_moib_zinb_phantom	CAGAGACGACGCACCACACAGAGCGCGAGAAAGGATGACGCACTCTGCCGATAAGTCACTTCCGCTCCACTTGCGGGTCGCGCGATATCGTAAATATGAAAGCGCGTTATCACTCAGCAGAGAAGGGGAGCGACTAGTCCTTATG	R1	0.0007701647700741887
seelig	consider missing + MOI	seelig_cm_moib_zinb_phantom	ACTGGTGGGGACAGATAAGTACTGTGCTGGTGGGGACAGATAAGGGACTCCCCTGGTGGGGACAGATAAGGACAGAAGAGTCCAATCGTAAGATCTGGTGGGGACAGATAAGGACGCCCACAAACCTGGTGGGGACAGATAAGCA	R1	0.0008443925180472434
seelig	consider missing + MOI	seelig_cm_moib_zinb_phantom	GGTGTTTTGTACCGCGGGGGACATGTCCGGACATGTCCACTGCCCTCCGGACTTCTGTACCCCGGGGGACATGCCCGGGCATGTCCCCTGCCCTTTGTTCGTCGGGACCTTTGGACTTTGGGGGCGGGGGGGTTGTTCATTCCCT	R1	0.000927598390262574
seelig	consider missing + MOI	seelig_cm_moib_zinb_phantom	TTGACTCCATCTTTTGTAGTCATAGCTGGTCACACGACTCCGGCCCAGCCAATGGGAACACAGGAGATTGTCTCACACGAGTCATGTGACCTGAAATGGACCAATGAGACCCAGCTCTGGGACTTCGGGCAGAACTGTGTTAAAG	R1	0.0010404869681224227
seelig	consider missing + MOI	seelig_cm_moib_zinb_phantom	GCTGCTGAGTAGCCAGTAGCCTGACGCAAATCCTTATCAGAGCAGACCACATTTTCCAGCCCCCGTTCATGAAGGGTGGAGGGAGCTGGAGAAAAATGAAAACATGCTAGTGACCAGTGGCTAGGCACTGATGAGTCTGCACAAC	R1	0.0009598968899808824
seelig	consider missing + MOI	seelig_cm_moib_zinb_phantom	GGAGGAACGCAGGGCGCGCGCCGCGCGGAGGAATATTTGCATATGGCGCGGCGTTTCTTCGGAGGCTTGTGATTGGTTGCTGACTGCGGCGCGAAGCGCAGTTGACTTGCGCCGCGCTCGGCGAATCGCAGCCTGTCTTGCTCGC	R1	0.0009504270856268704
seelig	consider missing + MOI	seelig_cm_moib_zinb_phantom	GTCAAACAAACATCATGTCAACAATCCACCGGAAATGTGCTTGCCCCCTCTGGACTTTGTCCGGTCATGTCAAACAAGGCTTGCCCGGACATGTTCAAAGTTCAAACAAGGGACATGTCCAAAGGTTCAAACAAGCTGGCAGGCT	R1	0.0009982278570532799
seelig	consider missing + MOI	seelig_cm_moib_zinb_phantom	TCCCCCCCCCCGAACCCAGCACAACGGTGCAGCCAGCTTTGGTTTGTTTGACCTTTGTACCAGCCTCCGTAATGTAATAGGGACTTCTGTGCAAAAACCGGAATTCCCAGAAACGAGAGAGCTGCGAACATGCCCGGGCATGTCT	R1	0.0009499721345491707
seelig	consider missing + MOI	seelig_cm_moib_zinb_phantom	GAACCTCCAACCCATGTTTTGTGCAGATAAGGGAACGTGCACAGGGAGCTTGTCTAAACATGTCCCTAGTGGACGAAGGTCCCACATACGCACTGGGGGAGGGCGGTGGAGCCACCAGGAATTCATGCCTTATACGAACAGGGAA	R1	0.002582959830760956
seelig	consider missing + MOI	seelig_cm_moib_zinb_phantom	CGGGAGACATGCCCGGGCATGTACATGCCCGGGCATGTTTGTTCCTTTGGTTCTTTGTTCCGGCCGGGGGACATGCCGGGGCAGGCCGGCATGTCTGCCGGGCGCCCGGGTTGTTTGTGCAGTGGGGTTGGGTGACCTTTGGACA	R1	0.0010520281502977014
seelig	consider missing + MOI	seelig_cm_moib_zinb_phantom	TACCAGTGACCAAAATGACAAACCCAGTGCAGAAATGTTTGTTCGGAATTTTGGTCATGCCCAGGCATGTTCCCCGGTACGTCATATCAAGGTTGCCTTGCCATGACGGCATAATAATTTTGATTGTTTGACCTCTGCCGTACTG	R1	0.0009352391352877021
seelig	consider missing + MOI	seelig_cm_moib_zinb_phantom	GATATGCGTTATCTTTAAGACGCGGATGGTTTCGCGGAAGCGCGGATGGAGAGATAAGTTATTACGCGGATAAGGATGAGTTATCGGAAGGAAGCGATATAGGGGAGACGCGTTATCGGAAGGATGAGGATGCGCGTTATCGGGG	R1	0.0007271122303791344
seelig	consider missing + MOI	seelig_cm_moib_zinb_phantom	GAGATGAGTTATCGGTCGCGGTTTCTCATAAGGATAAGTAAGTTATTTCTTTTTTTCGCGGAAACGCGGAAGGAGAAGCGTAGGAGGACTGATAAGGATACGCTTTATCTTTCTTATGAGGATGAGGACGCGGTTTCGCGGAAGT	R1	0.00079612887930125
seelig	consider missing + MOI	seelig_cm_moib_zinb_phantom	ATATGCATTTACGGTTTCCTCCTGGGAGCTGCCTGAGCATATCCCAGTGGCTCTGTTTGCTGACTGTGGGAAGAGAATCAGATTTCACAGGCTGTGGCCCCAGATGGCTCTGTTCATTAAGAACTGTGAAGAGAGAGGGAAACTT	R1	0.0014093797653913498
seelig	consider missing + MOI	seelig_cm_moib_zinb_phantom	TGTCAAAGCAAGGCAGACACCATGACTCAGCAGTCGCATTAAGGTACATCCCCGGACGCCCAGTCCATGACTCAGCAGACAAATTCCCCATGACTCAGCACTGTTCGGATGACTCAGCACTGATGACTCAGCAAAGCTTCGGATT	R1	0.0010430430993437767
seelig	consider missing + MOI	seelig_cm_moib_zinb_phantom	CCCTTATTACTATCCGCGAAATAGGCCGAGAAATCGCGCGTCGTTATTGGTGACGCAATATGACTGATACGCTCCACCCTGATGAGTCACTTCGTTATGATGCATTAGGATGTCGCCGATCCCTATATCTCGCATACGTCGTAAC	R1	0.0016458238242194057
seelig	consider missing + MOI	seelig_cm_moib_zinb_phantom	CTTTTGGCCCCGGTGCATGCCCGGGCATGCCGGCATTGACCTTTGTTCCTTTGGACATGCCCGGGCATGTTTGGACCTTTGGACAGGGGGAGGGCGGGCGGCCGGCATGCCGGCATGGCTGTTTGGACATGCCGGGGCATGTCCA	R1	0.0009761350811459124
seelig	consider missing + MOI	seelig_cm_moib_zinb_phantom	TCACACGACCAAAGTCACCGCAGGTGTACGGTGACATGGTGCATTGGTTTGTTGAGCGGTGAACTTTGTTTGTTTGTTTGCACCATGACGTAGGCCGTGGCTTGTTTGAACGACTTACCTAGGTCGGGTTGTTTGACCTGTGTAT	R1	0.0017876013880595565
seelig	consider missing + MOI	seelig_cm_moib_zinb_phantom	GGGGAGAGCAGGGGTGAACAAAGGCCGCAGAGCATGCCCCGGCATGTCGGCCGGTGACCGAAGGTCGCTGGGCATGCCCCGGCATGTCCGCAGAGCAGGCGAGCAGGAGACATGCCTGGGCATGCCCCCAGAAGAGCATGGCGGC	R1	0.0009561599581502378
seelig	consider missing + MOI	seelig_cm_moib_zinb_phantom	GTCAAGCAAGGTCGCTTGACGCCGGAATTTTGGACGTAGTTTGTACAGTAAAGGGGAAAAATGGAGCCAGACTGGAACCAAGGTTTGTAGTGCGCATGTTCAAACATGCCCGGTATGGAATGTGTGCGCAGGCCTGCCGGTAGTG	R1	0.0021913687232881784
seelig	consider missing + MOI	seelig_cm_moib_zinb_phantom	CAAAGGTCAAAGTCCAAACCAACAGACATGCCCGGGCATGTCCGCTGGCAAAGGTCAAACACAGCAAAGGTCAAACTCCCCAGGGGTGTTTGGATTGTGGCACCAAACAATCACAAAAAGGTCAGGGGAACAGGACTTTGGACTG	R1	0.000990430940873921
seelig	consider missing + MOI	seelig_cm_moib_zinb_phantom	TCGACCTGTACAACCAAAGTCCGTAGTTTGCCACCTGGCATGGCCTGTAGCGGCCTGTTGGCAGTGTTTGTTCAAACATTCTGGCATTGTTCAAACAATGCCAGTACGGTCACCATGACCGGCAGGCATGCCCGGACATGTCGCC	R1	0.0010173212504014373
seelig	consider missing + MOI	seelig_cm_moib_zinb_phantom	GGAGTTGGGCTTATAATGACTCAGCAACACACCCAGACGCGTCTAATTATGCTGGTGTCGGACCTATGACATGCAATGACTCAGCACTATAAAACCTGTCGTGCCGCTTCTCGGTTATCGGAATGACTCAGCAAAGTCAGGCCTC	R1	0.0009353830828331411
seelig	consider missing + MOI	seelig_cm_moib_zinb_phantom	TGAACAAAGGTCTCCTAGTGTACATGGCTAAACATTCAATGTACTTTGGTCACTACTGGTTATGGCATGCCCGGACATGTCTGGGGCATGTAACTTTGACCTTGCCTGGAAATTACGTCAGCCACTCCAAACTTGTCACATAGTC	R1	0.0010296680266037583
seelig	consider missing + MOI	seelig_cm_moib_zinb_phantom	CTGTTATGCATGCGGGCATGCTGGGGAAAGTACATTGGATTGTTTGTTCAAACATTCTGTTTGTTTGATTTTTTGTTTGTTTGTTTGATTTTGTATTGAAAGTTCAAAGTTTGTAATGTTCAAACTTGCTGGGGATGTTTTGTTC	R1	0.0010110470466315746
seelig	consider missing + MOI	seelig_cm_moib_zinb_phantom	GCTTATCACACTTCTCTTTCTTCCGCGTTATCTTATTTCTTAGGATATGAAGAGGGGCGGTTCCCCATCTGACGATGACGCATCACTTTCTGAGGTTGGCTCCGCTTTCGGCTCCGATAGAGCGGGAGAGCCGCGTTACGCGGAA	R1	0.000888159847818315
seelig	consider missing + MOI	seelig_cm_moib_zinb_phantom	CTAACCTGCCCAGGGCTTCCTGTGACTCGGGTGAAGCAGTGCCTCCTGGTGGTGAGAAGGCAGAACTACTGGTATAAACTGGTCGTAACGTGCAGACTGGGTGTGAATGTGGGGCCAGGACAATGTGTGTCGTGGGGTTGACTAG	R1	0.0011296580778434873
seelig	consider missing + MOI	seelig_cm_moib_zinb_phantom	TAATTTCTTATTTCGCGGATCTCGCAAGCGGTTGCGCGATATAACGCCTCTTAAGGCGGGCCCGATGCCGTCGACGACTGATGAGTCATCAGTCCCGCGGATCCTCCTCCAATGGCGCGGACTTCCGAGAAACACCTTCCTTTTT	R1	0.0010346160270273685
seelig	consider missing + MOI	seelig_cm_moib_zinb_phantom	AACCCGTGTGTGTCTTCAAGAAGTAAAAGCGTATTATAGTCGCGAAAGCCCAGCCGATGAGTAAGTTATCGTGAAGTCACATCCGTTTTCGCGGGTAGCCACGCGAGGACCCTTCTAAGAAGAGTTACTTCGCTGAACCGCTTCC	R1	0.0009618262411095202
seelig	consider missing + MOI	seelig_cm_moib_zinb_phantom	GGGAGCGCTAACAGGAAGTTTTATCGAGCGTTTCCTTATCGGTATTTAGAAATATGAAACTTCCTTATCGTCAAATCGCAATTACGTCGTATCGGGCGCCGCCCCTTCCTGAAACGTACGAGGCGCCGCTTCTTTTTTAATTGTT	R1	0.003173298202455044
seelig	consider missing + MOI	seelig_cm_moib_zinb_phantom	GCAACCATTACGTTTGCACAGAAGGTACAAAGTCCACAAAGGTTACGTAAACCTACCCTTTAACTAAAGACCACCGGACATGCCCAGGCATGTCCACAATCGACTTTCCGTCGGTCTTTTGACCGTCCGTTGAGCTTGCCCTAAA	R1	0.0010640869149938226
seelig	consider missing + MOI	seelig_cm_moib_zinb_phantom	ATCCGGCCGATGACTCATCACTTCCTTATCTCTCGCAAGGAAGCGCCGCCCATTGGCTGATATAAGGAAAGCGATGACTCATCCGCCCCGCGCCGATTTCGCGGAAGTCACGCCCCCCCACCGCGCGGCCTATTGGAAGTAAGCG	R1	0.0009483831818215549
seelig	consider missing + MOI	seelig_cm_moib_zinb_phantom	TGTAGCCTTGTTCCGTCAGAAGTCGGTAGGTCAAACGACCATTACCGCTGTACGGACATTGCCCCGGCATGCCCGGAAACGTTCCCGGCATGTTTGGACATGTACAGAACGAACTTGGCCCTTTTGTGCAGTAGTGGTTCAGTAA	R1	0.0010309652425348759
seelig	consider missing + MOI	seelig_cm_moib_zinb_phantom	CTGACGGCGGCATGCCAGGGGGCCAGAGGGCTTTGTTTTGTTCATGTCAGGGGTAATGTTCGGACATTCTACCGGGATCAATGTTGACAGTACGTAGTCTGTCATGTTCGGACATGTGACCGAGGTCTTTGTTTGTTTCGTGCTG	R1	0.0022569806315004826
seelig	consider missing + MOI	seelig_cm_moib_zinb_phantom	GTCCCTGGTGACATAAAGAACAAAGTCGGCTTTGTTCCTGTTATGGTTATGCATTACCGTTGTTTAAACAAAGAGTGTCACGAGAGAATGGACTGGGAATGTTCACCGGACGTTTTGCCGGAACATGCCCCCATCGGAATTCCAG	R1	0.001354378298856318
seelig	consider missing + MOI	seelig_cm_moib_zinb_phantom	TGTTCGACCGGGATCAATGTTTACAGTACGTAGTCTGTCATGTTCGGACATGTGACCGAGGTTTTGTTTTTGTTTGTTTGTTCATGCTGGCATGCTGGCATGCTGGCATGCCAGGGATCATTGTTTACAGGTCTACATTACGTAG	R1	0.0010646528098732233
seelig	consider missing + MOI	seelig_cm_moib_zinb_phantom	GGAAGTTGGTACAAACAAGGTCGCCGGCAAGCCGGGAATACTTGGGTAATGGTCTGCCGGTCAGGGACAAAGGTTATGTAATGGTCGCCGGGGTGCATGCCGGCATGCCTGGGCACGTTCGAAGGTAGAAACAAGCCTGGGTTCA	R1	0.002104534301906824
seelig	consider missing + MOI	seelig_cm_moib_zinb_phantom	AGTCTTCCGACGGTAATGATGGCGGTAAAGTTCGGTGAACTTCGACTTACTTTGGTTACTTCAGTCAACAGTTTGACGCGAGGTAAACTTTGTAACCTAGGTTGTTTGCAGGTCAACTTTGCTCCGGCCGACATGCGTAGTCAAC	R1	0.0010321277659386396
seelig	consider missing + MOI	seelig_cm_moib_zinb_phantom	CGCGGTTTCTCGCAGATACGCTTCCAGGAAGTTACTCTTCCTTATAGGCCTATAGCGCTGATGAGTCACTTCCTTTTTCGCTGGATGACTCATATCCCGGATGCGGGTCTTCCTTATAGGCTGGATGTGGGTGTTTCTTACATCT	R1	0.0009753421181812882
seelig	consider missing + MOI	seelig_cm_moib_zinb_phantom	GGCCATGGGTTTAAGATATCGCAGATGACTCATACGCATGAGTCGCGCCCTCTAGGGGTGGCGCGTAGTAATTCTTCGAAGAACGCGTTTCGCTTATCAGTCATTCGTTAGTCGGCGACGCTTTTTCCCGAAAGATAAGTAACGA	R1	0.0010478227632120252
seelig	consider missing + MOI	seelig_cm_moib_zinb_phantom	CGCGAGGAGCACGCGTCACTTCCTGATAAGAACGCGGATGAAACTTATGAGTCGTCGCGCGAGAAAGGCGCCGCCCCGAGATATCGCCTCCTCGTAAGCGTCATCCAGCGACTTCTTAGGCGCCGGAAGCGGCTTCTGGAGGAAG	R1	0.0010345741175115108
seelig	consider missing + MOI	seelig_cm_moib_zinb_phantom	TTATCTGGCTGATGAGATATCGCTTTATCGTGATATCGTTTTCGCGCTTTAAGGATGGGTGGCGCGCGTGTTTTTGCGCGATATCGTTATCAGGATGGGTGGGGGGGGCGCGCGCATGAGATATCGCGATATCGTTATCGCGCTT	R1	0.0012036700500175357
seelig	consider missing + MOI	seelig_cm_moib_zinb_phantom	CGGATGGACCGGCGGTGCACGTTTAAAGGCCAGTGATGCGCATGCGCGTTATGGAGACCGGAAGAGGAGCTGGTGTCCGTGGGTGGTGGAGTCAAACCGGCACTCCCCCGCAGACCTCAACCAGGTCGCTAGCCCCGCACCAGTG	R1	0.0029083052650094032
seelig	consider missing + MOI	seelig_cm_moib_zinb_phantom	GAGGGAGAGGAAGCGGGAAGGAAAGGGGGAGGAGGAAGCTGGGGAAAGGGGCGGAATGGAGTTTGGATCTCCCACGTGAAATAGCACCCTATGCAACAGACAAACTATGTCTGGAATTTCCTGCCTGCTGAGCAACACCATTGAA	R1	0.0011736551532521844
seelig	consider missing + MOI	seelig_cm_moib_zinb_phantom	CATGCAGAACAAACGAGGGAGAACAAGCACACAAAGGACATGCCCGGGCATGCCCCGGTCGACCTCACCGGGCATGCCCCCCGGCATGCCCGGGCATGTCGCCAGGGGGCAAACAAACCAGGTATGTGACCAGAGGACCGGGAAT	R1	0.00109071412589401
seelig	consider missing + MOI	seelig_cm_moib_zinb_phantom	CGGGGTAATTATTAACCCAGAACCGCGCAGCCCGAGTGTGGTAATTATTAACCGTATGGCCGAGGGTTGGTAATTATTAACCAATGCAACGATGAAGGAGTTGCACGCAGTGTTCGGGACGGCTGTCCTGCGTGAATAGCAGAAC	R1	0.0009744124254211783
seelig	consider missing + MOI	seelig_cm_moib_zinb_phantom	CCGGAAGCGGCGCTTCCCTATAGGGGGTTACGCTGGATGACTCACATCCTTTCTTATAGGATGTAACTCTCTCTTCCTCGCCTATAGCGTTTGTGAGTCACTTCCTTGAAGATACGCTTCCAGGAACCGTGGATGACTCATATCC	R1	0.0012580652255564928
seelig	consider missing + MOI	seelig_cm_moib_zinb_phantom	CAACACAGTAAAGGTTGTTGCCTGGGAATTAGAAGTGAAACACCACGCCCAAATGGCTCAAGCTGGTGGCCAGAGATAAGAACTTAAAGGCATCTCTCCCGCCTAGCAGACTGGGCCCCCTGGTTTCCCATCACTTCCTTTAAAC	R1	0.0011105503654107451
seelig	consider missing + MOI	seelig_cm_moib_zinb_phantom	TCGCCATTCGATCAGGCGACCGGAAGTGCCCGGTTACAAAGGCTTCGTGTTTGGGCATGCTCCCTGTCGACATGTCCGATGGTTACGTAATTGACTGTTGCAACAACTTCGGTCGTTTGTGCCGACGTGCGCAAGGCCAAAAGTC	R1	0.00230051064863801
seelig	consider missing + MOI	seelig_cm_moib_zinb_phantom	TAATGCTCCGCGTGTCGCAGTGTAACCTTTGATCAAAGGTTCAATGACCGCTGTGACTGTACAACCACCGGAATGTTTGCCATGACCGGACATGTTGGGTAAACATGCCGGGGCACGTACTGCATGCCTGGTGGCAAGTTTTGAT	R1	0.0017345959786325693
seelig	consider missing + MOI	seelig_cm_moib_zinb_phantom	CATTCTACCGGGATCAATGTTGACAGTACGTAGTCTGAATTTGTTTGTTTTGTTTGTTTGTTTGTTTGTTCGGGCATGCTGGCAAGCTGGCATGCCAGGGATCATTGTTTACAGGTCTACATTACGTAGTCTGTCATGTTCGGAC	R1	0.0010529692517593503
seelig	consider missing + MOI	seelig_cm_moib_zinb_phantom	CGCTTATAACCACACACTGACGATGACTCATAAGCCATACACCCGCTGAATAAGTTACGCGTTATCTGGGTGGCGCTTCGCGATATCGCGTAATCATCTGGCGGCGCGACTTCCACAAATATGCAGACGTAACTATAAGTTACTT	R1	0.001334632863290608
seelig	consider missing + MOI	seelig_cm_moib_zinb_phantom	CTCCTCACCGGACATGCCTGGGCATGTCCGCAGTTCGACCGCAGTTTATAGTTCACTATCTATTTCACAATTATGGTCTGCTGTATACAAGGGTCTAGGTGAATCAAACTTGACGTTGACCGCGATCTTTGTACAAAGGCGCGGC	R1	0.0014128272887319326
seelig	consider missing + MOI	seelig_cm_moib_zinb_phantom	AGAACTTCTCGTACCATCGGGTTATGATAGTGTCGCGAGAGCCCTCAAGGTGTTTAACAGAGGACTAGTACAACATACTTATGGGCCAGGGAAATAAGAATCCTATCATGCGCTAAGGATTCACTGACATGCCCGGGCATGGCGA	R1	0.0012845001183450222
seelig	consider missing + MOI	seelig_cm_moib_zinb_phantom	CTTGCTTTGTTACCAATAAGATTGGCTCTGGAGAGCATGCGCAGACAATGGGCCTCCTGATGTTGACCACCAGGATTGGGCAGACCACCATCCAGCCACAAGGGGCGCTAGAAAGCTGCTGCCCTTGCCTTCACTGCCAGGGCTA	R1	0.0024314136244356632
seelig	consider missing + MOI	seelig_cm_moib_zinb_phantom	CTATATCGCGCGGATGCGATAGGGCGATATCTCGCGGATGAGATAGCGTTTTTTAGGAGGGTGGGGCTTAAGAAGTTTCTTATTGGCGGTCTTAAGGAGGAGCTTATTGGCTGAGTTGCGCGATATCTCGCGGATGCGATAAGTT	R1	0.0013901183847337961
seelig	consider missing + MOI	seelig_cm_moib_zinb_phantom	TGACCAAAGGTCACAGAACATGCCCGGGCATGTACATGCCCGGGCATGTCCAAACAAAAGACAGAACAGGGGGACATGCCCGGGCATGTCACCCACGGACCAAAGGTGCAGAGGTGACTGGACATGACCAACTCACCGGGCATGT	R1	0.00104608666151762
seelig	consider missing + MOI	seelig_cm_moib_zinb_phantom	TAAACATGCGGGGAGAAGGTCGAACAATGGTTGTTGCGTAAGGGGATTGTTGCGGAATGTCGAACAGAAGGGGGGGGGGGGGGAGGTTTAAACATGCGGGGATTGTTACATAAAGTTGAACTTTTGAACTTACGGTTGTACAAGC	R1	0.0018061889568343759
seelig	consider missing + MOI	seelig_cm_moib_zinb_phantom	CGGGGAGTCCAAAAACAATCGTATTTTGACCGAACCTTTATACAAAGCCCGGTTGTCTTAGTGGCGCCATCAGAAATTCCGCTCTGGACTTTTGCATTACCTACTACCAAGAGTGGACATGCCCGGGCATGTCTACAACCCAATC	R1	0.0010534327011555433
seelig	consider missing + MOI	seelig_cm_moib_zinb_phantom	GCGGGCAAGCATTACATAATGGTGAACATCGGGTGGATTGGGTTTGTGCAACCGGGCGATGTACTCAAGCTCGCAGGCACTACCGGTTCGCTTTGTACAGACGCAATTCCGGTCGCGTTTGCGCATGCCCGCACAAGACCCCGTT	R1	0.0032805651426315308
seelig	consider missing + MOI	seelig_cm_moib_zinb_phantom	GTGAAGAATAACTAAAGCAGACAACTGGCATGCAACGGAAATTTCCAGCGGCCTTTGTTCACTAATGTTACGAAAGTTTACCGTGGCGAAAGTTAACCTCCTCTAAGCTCGGGACATGCCCGGGCATGTCCGGTCATGTACAATG	R1	0.001050276798196137
seelig	consider missing + MOI	seelig_cm_moib_zinb_phantom	GGGTCCATGTACTACTGGTGGGGACAGATAAGCTACCCTCACCTGGTGGGGACAGATAAGGCCCACCTTCGACGGTAACGGAGATGTTACCGCCCTGGTGGGGACAGATAAGGCTCCTCTGGTGGGGACAGATAAGAACGATGCC	R1	0.0012321807444095612
seelig	consider missing + MOI	seelig_cm_moib_zinb_phantom	ATTTCAGCCAATCATGAGGCAAGAAAGTAGTCACGCTCACGTAAGCAACCAATCAGAACAGGAAAGGAGAGGCACCAACGTGACCCGGACTGATTCTCGGAACAGCCAGCGAACATTTCGAAACCCAAAGTGGGCGGGGCGAGGG	R1	0.0012471498921513557
seelig	consider missing + MOI	seelig_cm_moib_zinb_phantom	TCGGACGGCATGCCGGCCGGAGAGCATGCCGGCCGGAGTCCGGAGACCAGGGGACATGCCTGGGCATGCCCCCAGGAGAGCATGGCGGCATGCCGGCCGGAGAGCAGGGGTGAACAAAGGCCGCAGAGCATGCCCCGGCATGTCC	R1	0.0010455501032993197
seelig	consider missing + MOI	seelig_cm_moib_zinb_phantom	CAGGGGACATGCCCGGGCCAGACACCCAGCCCAGACATGTCCGGTGAACTTTGGAACAGGGGACATGCCGGGGCATGCCCAGGCATGCCCGGTGAACTTTTGTTTGTACAATGGTTGCCAACATTGAAGTTTGGACATGTCCGGG	R1	0.0010683144209906459
seelig	consider missing + MOI	seelig_cm_moib_zinb_phantom	GTGGGTGTGTGGGGGGGGGGGGCGCGATATCTTGCGGATGAGATATCGTTTTTTAGGAGGGTGGGGCTTAAGAAGTTTCTTATTGGCTGAGTTGCGCGATATCTTGCGGATGCGATAAGTTTCTTAAGGAGGGTGTGTGGGGGTG	R1	0.0013331578811630607
seelig	consider missing + MOI	seelig_cm_moib_zinb_phantom	GGAGAAACGCGGAGCGCGGATGAGTCAGAGACGCGGAAACGCGGAGGGCGGGGCGATAAGAGGCGCGATGAGTAAGAGGGCGGGTCCGCGGGGCCATCCGCGAATAACGCGGAAGCGCCACCCACGACTCAGAAACGCCGTGCGC	R1	0.0022148769348859787
seelig	consider missing + MOI	seelig_cm_moib_zinb_phantom	GGACAGGTCCATTGGGGTGACGTGACATGATCAATACGCACTCCAAGGCAAAGGTCAACCATCTGATCTCAACCTCTGATCTACCGGTGAACGGTGGACATGCCCGGGCATGTACAAAACTCCCTCGTAGCTTTGGTCTTTGTTC	R1	0.0010632448829710484
seelig	consider missing + MOI	seelig_cm_moib_zinb_phantom	CAAACATGACGGGGGTTGACCCCAGCACAATGGATCCATGCCGGGGGCCAAAGGTCACACTACATAACAGGAGAGAACTTTGACCCCTGCTCAATCGATCCAGGCCGGCATGCCCAGACATGTCCGGTGGGGACTTTGACCCCTG	R1	0.0010479200864210725
seelig	consider missing + MOI	seelig_cm_moib_zinb_phantom	GGATGAGTCATCACGATGTTACGTCGTCCGGCCCCCGCGCGGCACCGGCCCCCAGGCCATAAGAGCAAACGGAAGCGTCTTATAAGAAAGACGCGGGTTTCGCGTACGCCGCCGCGCGCGCGGGAAGGCTTACGCGTTAGAAACC	R1	0.0015034325188025832
seelig	consider missing + MOI	seelig_cm_moib_zinb_phantom	TAGAAAAGATATCGTCATATCCTTATAAGACCCGCGCCTTCCTCCGATGAGTCACTTCCGGTTTCGCGGATCCGCCCAATGACTCATCCGCGCCTTCCTGCGAGATATCGCTTCCGGAAGATAAGATCCGCGCCTTCCTGCGAGA	R1	0.0017653374234214425
seelig	consider missing + MOI	seelig_cm_moib_zinb_phantom	TAGGCAAGCGAGGTTGGTTACATAAGGGGAATGTAACGGAAAGTCGAACAATGTTTGTTGCGTAATGTTGAACTTACGGTCATAAGGGGGGGGGGGGGGAGGTTTAAACATGCGGGGATTGTAGGGGAATGTCGGAAAGTTGAAC	R1	0.002672334900125861
seelig	consider missing + MOI	seelig_cm_moib_zinb_phantom	CACTCTCTGTGACCTTGGTCGCTCACGAGCTTCGGAATGTTTACCCTCCGGAATGTTTGACCTTTGAACAAACACTGCAAACATGCCAGAGTGAACAATCCCCATCATGTCAGGCACTGCTGACATTCCGGAATGTTTAAACTAG	R1	0.002078276826068759
seelig	consider missing + MOI	seelig_cm_moib_zinb_phantom	GAAGAGCGGGCGGAAGTATGCGATAAGCGAGCGAAGACGCCTCCACCCTCTCTCCCGCCAGAAGTGACGTCAGTCACGTGGGAGGACAATGGTGAGAAGAGGGAACCTAAGAATTCCTGGACTCTGACTGGGCGTGAGAAATGGC	R1	0.0014718454331159592
seelig	consider missing + MOI	seelig_cm_moib_zinb_phantom	CATCGTACTTCTTCGTCCTTATATTGACGATATCAGGCTCCGGGTTTCGAGGAAGCGCCACGCGCATCCGAGGGCTTATAAGACTGATAAGTCGTTTTGGGGGTGTGACGAATCTGCAAAGACGCGGGGATTCAGGAAAGTGTGA	R1	0.0010581475216895342
seelig	consider missing + MOI	seelig_cm_moib_zinb_phantom	CTTCCGCTTTCGCGTGTGTTATCGCGTTATCGAGTTATCTCTTCCGTTTCCGATTGGGCGCGCCCTTCCGCGATGTAGCTTCCTATTTCTTCGGCGAGTTATGTCTTCTCTCGCCGATCGGCGGGTGTTCCTCTTGGCGGATCGG	R1	0.0018047539051622152
seelig	consider missing + MOI	seelig_cm_moib_zinb_phantom	TGGCAAGCCAGCGAACGTGCAGAGCGTCGGCACAAGTCCCGGGGTTACATGTCCGGGCCTGTTAGACGTCCGTAATCATGACGGAAAATTGAACGCTGACAGTGTCAAGAGTCCAAAGCACTCTAGCCTTGTCACAACAGGTTAG	R1	0.0010739890858530998
seelig	consider missing + MOI	seelig_cm_moib_zinb_phantom	CGTGAGTGCAATGATCAGTGGCCTTTGTCCTTTGTTCTAGTGGTCACGTTACATAACCGGCCCGGGTTACATCATGTGTACAGACATGCCCAGGGTTCAAAGTGAACATTGGACATGTCCGGACATGTCCCCTGTGCTCGAACCT	R1	0.0011290545808151364
seelig	consider missing + MOI	seelig_cm_moib_zinb_phantom	TGTCCAGAGAGGTGACCGGGCCAAGGGGCATGGGTGACAGTACAAACAACAAACCACAAAGGTGAACATGCCCGGGCATGTCCCCAGGAACATGGCCCCCGGTAGACATGCCCGGGCATGTCAGCCAGTGACCAAAGGTCACAGA	R1	0.0010750223882496357
seelig	consider missing + MOI	seelig_cm_moib_zinb_phantom	GGAGGAGAGCAGTGGACAAACAACCCGGGGGGGAGGTGGACAAAGGCCTCCGGGCATGCCCCCAGCAGTACACAACCAACCCGGGGCATGCCAGGGGGGAGGAGGGGACAAGCCCAGGCATGCCCCCAGCAGTACACAACCACCA	R1	0.001080421730875969
seelig	consider missing + MOI	seelig_cm_moib_zinb_phantom	CCCGCGTCCCCGGTTACGTAATGGGCAAAGGTCAGGTCTCTGAACTTGACCACTGGAGGCCAGCGTGCGTAAACAAAACCGATGATGTAACACAGCGGAAGGGTAACCGGGCTTTGAACTTTCGGTTGTTTGACCGCAGGTTGTA	R1	0.0015342392725870013
seelig	consider missing + MOI	seelig_cm_moib_zinb_phantom	CGAATATGGTGTACCTAAGTTCAAAGCGACGTAAACTATCAACCCGGTGCCAATGATACCAACCAAGGAGTTGTGCAGAGGGCATGCCCCGACATGCCGTCCGGCATGTTTAACCTTTGAACGAAGGTTTTTCAAGTGATCTACA	R1	0.0011282063787803054
seelig	consider missing + MOI	seelig_cm_moib_zinb_phantom	CGCCTATGCTGTTTACTTAGGGGTGTTTACTTAGGATGTTTACTTAGGCACATCTAAGGGCCCCAAGGGTGTTTACTTAGGGTTGAGCACTCTGTTTACTTAGGAGGGCTATGTTTACTTAGGAAACATAGTTGTTTACTTAGGT	R1	0.001382557675242424
seelig	consider missing + MOI	seelig_cm_moib_zinb_phantom	CGACTTCCGGATGACGCATCCCGATTGGGCGATAACGAATTATTAAATCATTTTAACTTGCTTATTAAGAAGTAAGCTCCTCCGGGGAGCGGAAGTGACTTAAAACCCCCGCCCCATCCGGCGCGTCGTCCTATTACTAGAAATA	R1	0.0028040476609021425
seelig	consider missing + MOI	seelig_cm_moib_zinb_phantom	TGTGATCATTGTTTACAGGTCTACATTACGTAGTCAGAATTTTTTTTTTTTTTTTTTTGTTTGGTTCGTGCCGGCATGCCAGGGGTCATTGTTGGGCATGTGACCGGGATCAATGTTTACAGTACGTAGTCTGTCATGTTCGAAC	R1	0.0011319827754050493
seelig	consider missing + MOI	seelig_cm_moib_zinb_phantom	CCGAAGTTCAAAGCAGGTGACCTATTAGTCCAAAATCCGGACTCGCTCTGTGCACTTCTGCTCACCTGACTCCGGACTTTGTTCATTGAACCGTGGACATGTCCGGGCATGCCCGGAGGAATTTCTGCACTCCTGCATTACATAA	R1	0.0010739946737885475
seelig	consider missing + MOI	seelig_cm_moib_zinb_phantom	GCTGGGGGCAAACATGCCGGGGGTCAAAGGTCACACAGTACAAAGGTCAAACTCTGCAGGCATGCCCAGACATGTCCGGTGCACAATGGATCCAGGGCGGCATGCCCAGACATGTCCCCTGGGGACTTTGACCCCTGCTGTGCAG	R1	0.001117893261834979
seelig	consider missing + MOI	seelig_cm_moib_zinb_phantom	TATATCGGCGGGGGGCGCAGGAAGTCACTTCCGGGAAGCGCCGCCCCAAGAGGATGAGTCATCCGCGGGGGGCGGACGCAAGAGGATGAGTCATCCTATATCGGCGGGGAGCCCAGCCTATAGGCCGGGAGGCCCCGGGGGGGGG	R1	0.00233952677808702
seelig	consider missing + MOI	seelig_cm_moib_zinb_phantom	CGGGCATGCCTGCTGCCCAGGTAGGCCAGGGGCAAAGGACTTTGGACTGTGGCACCAAACACTGACCGGAAGGTCAGGGGCAAAGGGCTTTGTATTGTTGCACAAAACAAACACCGGACGGACATGCCCGGGCATGTCCCCTGGC	R1	0.0011123991571366787
seelig	consider missing + MOI	seelig_cm_moib_zinb_phantom	TCCTTCAGGAAGTTACGCTTTCTTATCTTCCGGAAGATACGATATCTCGCAAATAGGATGACTCATAAGTGTTCTCGCGGATTCGCGGGACGCCCCCCCCTTATCGGCTTGCGATTTCTTGCAGATAAGATATCTTATAAGCGTT	R1	0.0019395892741158605
seelig	consider missing + MOI	seelig_cm_moib_zinb_phantom	TCCGATAAATCGGATCCGCCTCATGCGTCGCTTCTTCTTATCACTTCGCGGAGGCGTCGGAGGAGAAGCGGAAGTAGATAACGATTTGATGACGCGTCTCTTCTAAATCTGACGCGCCGTATGAGTCGTCCCTCGACTGATTAGA	R1	0.002168800914660096
seelig	consider missing + MOI	seelig_cm_moib_zinb_phantom	TTATCTGGCTGATGAGATATCGCTTTATCTTGCTGATGAGATATCGCGATATCGTTATCGCGCTTTAAGGATGGGTGGGGGGCGCGCGTTATCTTGCTGATGAGATATCGTTTTTATTGGATAGATGTGGGTGGGGCGCGCGCAT	R1	0.0013819225132465363
seelig	consider missing + MOI	seelig_cm_moib_zinb_phantom	GCTCTTCTCGGCTGCTGAGTAGCCAGTAGCCTGACGCAAATCCTTATCAGAGCAGACCACATTTTCCAGCCCCCGTTCATGAAGGGTGGAGGGAGCTGGAGAAAAATGAAAACATGCTAGTGACCAGTGGCTAGGCACTGATGAG	R1	0.0012401308631524444
seelig	consider missing + MOI	seelig_cm_moib_zinb_phantom	CGGGTACGTCATGTTTGTACAAACATTGGTCATTCATCCCGTTAATGTTACTGTCGAGTTCCCTAGGCATGCCCGGACATGTCGATAGTACCGGGCAATATGCCCCATTGTGTTACATAACCAAACAAGCTTCCGGAAGTGTGTC	R1	0.0010968121932819486
seelig	consider missing + MOI	seelig_cm_moib_zinb_phantom	CGCCATTCAAGTATCGAACATGCCAGAGAAAGTCCGGTGGACTTTGACCTATAAAAAGAAACAAAGCCCGACGAGCTTGCCCGGGCATGCTCTGTTTGTACATTGCCTACGATCATTGTACAATTATGATTGGTGTCCTACCTCC	R1	0.0012835169909521937
seelig	consider missing + MOI	seelig_cm_moib_zinb_phantom	GCTCACCAGGACATGTTTGCCTGTTTGGCCCTTTGGACCTTTGGACTTTGGTTCAAAGGGGGACATGTGGCCCTGTGGACATGCCCAGGCATGTCCGGACTTCCGCTGGGGATTGTCTAAACAAGCCATTATACAAACAGGGGCA	R1	0.001067444565705955
seelig	consider missing + MOI	seelig_cm_moib_zinb_phantom	CCGGTGACATGCCCGGGCATGTTTGTACAGAGGGGGGGTTGTTTGGACATGCCCGGGCATGTCCCCTGTTCGGCGGCCCGGCATGTTTGTACCCACATGCCCGGGCATGTTTGGACACCCCCTGACCGGTCCACACATGCCCGGA	R1	0.001164527959190309
seelig	consider missing + MOI	seelig_cm_moib_zinb_phantom	TCTTGCGGGTGGGGCCGCGGTGCCTCGTCAGCTTCTGGACCAGCACTAGCTGGTGGGGACAGATAAGAGCCTGGTGGGGACAGATAAGGTGTCGACACCCTGGTGGGGACAGATAAGAATCCGGAGTCCGGGTGTTGCGTAGTTC	R1	0.001533311908133328
seelig	consider missing + MOI	seelig_cm_moib_zinb_phantom	TGCAGCACTGAGCACAGGCTGGTGTTCCCACTGGGGGCAGCATGGAGGATCTGCGTCCAGGGGGCAGAGTGTGATGACATCACCCACATGCACAGGAACGATAAGGCTTTCTTAAAAAACGATCTTTTCTCAACAGCTCCTCAAA	R1	0.0017085936851799488
seelig	consider missing + MOI	seelig_cm_moib_zinb_phantom	CGATAACGTTACTTCCTTATCGTTCGCGAAATAAGCTATCTTATCGCGCATCCTATAAGGCAGCGCCGCTTTCGCGGATTCGCGGAAGCGCCTTCCTTATCGCGCGTCTTATAAGTCTTTCGCGGAAGCGATAATTCGCGGAAGC	R1	0.0018880589632317424
seelig	consider missing + MOI	seelig_cm_moib_zinb_phantom	GCGCCTGCCAGGTGAACCTACCAGACATGCCTTGACATGTCCGTTACAAAGGCCAACCATGCCGGGGCGACTGAAGGTGACCGAAATTTCAGCGAGCTGGACTTTGAGCCCTCGGGGCTTTGTACAAAGACGGAATGAAGACTAC	R1	0.0011615909170359373
seelig	consider missing + MOI	seelig_cm_moib_zinb_phantom	GATAAGGAAGTTATCACGCGGTTTCGCGGTTTCGCGGAAGAAGATGAGGAAGCGCGTTATCGCGGAAGTGAGGAAGTGCGTTATCGGACTGATGAGGAAGCGCTTTATCGGGAAGGGAGACGCGGAAACGGATGAGTTATCTGGG	R1	0.0031189140863716602
seelig	consider missing + MOI	seelig_cm_moib_zinb_phantom	GAGACCTCAGGTTCACTTGGTGTTTGTTCACCGGACCTAGACTGTAACGTTGGTCATGTACGAACAAACATGACGTGACTAAAGTGGTGGAGCCACTATTGTACATGCCCGGGCAAGCCCGCTGGCCGCTGTGCACCGGACCCAG	R1	0.0011702190386131406
seelig	consider missing + MOI	seelig_cm_moib_zinb_phantom	ATGAGGGGCCAAGGCTTTTGTTGCTGAGAATGCAAATGACAGCTGGGTGTCTGCTGGCTGGCTGATGCAACACGCTGCAAACTCCTTCCTTTGGATTTAGGTGGCTTCTCTCATCCCAGCATCTAAGCCACAAACCCCCAAAACA	R1	0.0029380889609456062
seelig	consider missing + MOI	seelig_cm_moib_zinb_phantom	AAGTCACTTCCTTTTCCGCGTCTTATAAGACCCGCCCAATGAGTCACTTCCGGAAGATAACATCCGCGGATCCGCGTCTTATAAGACCCGCCCAATGAGTCACTTCCGCTTTCGCGGAAGATATCATCCGCGCCTTCCTGCGAGA	R1	0.0023506327997893095
seelig	consider missing + MOI	seelig_cm_moib_zinb_phantom	ACGAAACGCTAGCGGAAGCTATTGGTCGCGTCATCGGATTTCAGGACGGCGCTTCCGCGTAAGACGCGGCTTTAGGAGCTAATGAGTCATCAGCGCTATCTTAGCATACTAACGCCTTATACCGGATTTTATGCGGAGTATGACA	R1	0.0024383049458265305
seelig	consider missing + MOI	seelig_cm_moib_zinb_phantom	AGAAAATTCCTGGATGACGCGGAAGTTATCGCTTCCGCGTCCGTGCTTAAGATATAAGACGATATCTTAACTTCCGTTTTATCTCGCACACCATGGGGGCGGGACGTCATTGGAGGGCGGTTCTCGGATACGACATCCACAGGTG	R1	0.002310342388227582
seelig	consider missing + MOI	seelig_cm_moib_zinb_phantom	AATACGCACTTATTAGTCGGAGCCGCTATCGCTCTTCGTCGCGCTTCCGGAAGTGGCGCTGCGTCACGCGACCAACGAAATGAGGCCGCATCCTTATAAGGACGCGCGAGTCACCGCTTGTCTCACACGATAGTTACGCCGATAC	R1	0.003384148236364126
seelig	consider missing + MOI	seelig_cm_moib_zinb_phantom	CTGAGTCATAGAAGCGACAGCAGGAGCCGCGCGCTGCTACGAGTTAATAAGCAGGAAGCGCCGCCTCTTTTTCCGGCGTTGCGTCCGCGCGCGGCGTATCCTAGGGATAAGAAACTTCCTTATCATCCGATAAGGAAGTTCCTCG	R1	0.003133981954306364
seelig	consider missing + MOI	seelig_cm_moib_zinb_phantom	GTCAGATCTCGTGAGACTTATTCACCACCACGAGAACAGTATGGGGGAAACCTGCCCCCGTGATCCAATTCTCTCCCACCGGGTCCCTCCCACAACACGTGGGAATTATGGGAGTACAATTCAAGATGAAATTTGGGTGAGGACA	R1	0.003168184543028474
seelig	consider missing + MOI	seelig_cm_moib_zinb_phantom	TCCGAGGGCGGGGCTAGAGATAAGGAAGAAGGAAGCGATATCTCCCACGAAAGGGGCGGAGGGAGGAGACGGAAGCGATATCTCGAAGAACCGCACCCACGGGAGAGATAAGAAAGTGAGACAGCGTATCTGCGAGAAAGCGTAT	R1	0.00265911384485662
seelig	consider missing + MOI	seelig_cm_moib_zinb_phantom	GGCATGCCAGGGGGTTTTGTTTGTTTTGATCATTGTTTGCTTTGCTCTGGGTGGTTTTGTTTGTTTTGTGCCGGCATGCCAGGGGTCATTGTTTGACATTTGACCGGGATCAATGTTGACAGTACGTAGTCTGTCATGTTCGGAC	R1	0.0025900553446263075
seelig	consider missing + MOI	seelig_cm_moib_zinb_phantom	GCTCAGGTTTGGACTTTGGTTCAAACTCCCCCGGACTTCCGGTCAGCATTGTACAAAGGTTCAAACTCCCTTTGGTTCAAACTGGGTCATGTGGACATGCCCAGGCATGTCAGGAGGGGATTGTCTAAACAAGCCGGGACATGAC	R1	0.0014563867589458823
seelig	consider missing + MOI	seelig_cm_moib_zinb_phantom	GAAGTCTATGATGAACTTGCAAACTAAGGTATCTTGGATAAAATGAAGGGAACTGTGTCTGCTGTGGGCAGATTATCTGCGAATGAGAGGATTCAGGGCTGAGATATCAGCAGGCCAGTGCTGGGTCTGTTGTAGAAGGTCTATG	R1	0.0029770880937576294
seelig	consider missing + MOI	seelig_cm_moib_zinb_phantom	TGGGGGCGCGTCAGTATCTCGGCGCATCCGTCTCTCCGAGGAAGTGAGTCACCCCCAGGGCCTCACCGCCTATCGGCCGCGCCCTAGGAAGATAAGGAAGTAACTCAGCGTATAGGCGAGTCAGCGGGACGATAACTCACGCGCG	R1	0.003699305932968855
seelig	consider missing + MOI	seelig_cm_moib_zinb_phantom	GTTCAAAGTCCACCGGAATCACTGCGGACGTTGTTCAAAGTTCAAACTTCCGGTGGTTTGTTTGAACAAGCGTACAAACATGCCGGGGCATGTAATGGGCTCAGTACAGGTGACTCTCCGAGGCCTGGAGCCGTCGCGTGGCGAG	R1	0.0022878958843648434
seelig	consider missing + MOI	seelig_cm_moib_zinb_phantom	AGTCACAGGGTGACTCAGCCTCGTTACGATGAAACAGTAACTTCCTACTACCTAGAAATCGCAGCCAGGGCCAGACCGGTGTTTGTCCTAAGTCGGAACTTGATTGGGCTGAGAAATCACATTGTGACTATTCCACGACTTGAAC	R1	0.003865918843075633
seelig	consider missing + MOI	seelig_cm_moib_zinb_phantom	GGAATGCCGGACTGTGAACAACAAGGTCGACCTAGGGGCATGTCCACCGGGAGACCGGTCGAACCATGGACATGCCCGGGCATGCCCCGGACCATCAAACGACCGGAATGACTGGGGACATGCCCGGGCATGCCCCCAGGCACCG	R1	0.0015685337129980326
seelig	consider missing + MOI	seelig_cm_moib_zinb_phantom	GTTGTCCGGTCATGTGAACAGGGCAAACTCCCCCCGGCAGGCCAGGGGCAAAGGACTTTGGACTGTGGCACCAAACAATCAACCAAAGGTCAGGGGCAAAGGTCAAAGTCCCACCGGACGGTCATGCCCGGGCATGTCCCCTGGC	R1	0.001401966088451445
seelig	consider missing + MOI	seelig_cm_moib_zinb_phantom	CACATTTCATGAGTCTTTCTTATCGTGAGTCTTACTTCCTTAGAAAGAAAACGCGCATGAGTCATCCATAGAAAGAGTTTTTCCTCGATAACGCTTTTTTCCGCGTCCTCTTGCGCGCCTTATCGCGATAACGCGATATCGCGCG	R1	0.002635815180838108
seelig	consider missing + MOI	seelig_cm_moib_zinb_phantom	TGTGAGTACATGCCCGGGCATGCGACCTCCCGAATCAACTCGATGACATGCCCGGGCATGGATGCGCACATGCCCGGGCATGTGAACATGCCCGGGCATGCTATACAGTCCACATGCCCGGGCATGTGCTTAGTCCTGCGGGGCT	R1	0.0015306496061384678
seelig	consider missing + MOI	seelig_cm_moib_zinb_phantom	TACGGTCTCCCCTGGACTTGCAGACTACAAGGTCGGGCTGGTGGGGACAGATAAGGACTGGTGGGGACAGATAAGCGCGGCGGGTAGTTGGCATTTTGCCCGAATATATCAGCCGGGTTCGGCGGAAATAAGCGAGAGGGACACG	R1	0.0036987471394240856
seelig	consider missing + MOI	seelig_cm_moib_zinb_phantom	CCAATTCAGGTTCAAAGGTCACCCGAAGAAGATAGTTTACAGATGCTAACAGGTTCAAAGGTCACTGCGTGGCTGGTGATGCGACCCGGTGAACACGTAAGGTTCAAAGGTCAGTTAGTGAGGTTCAAAGGTCATCGACGGCCGA	R1	0.002304535359144211
seelig	consider missing + MOI	seelig_cm_moib_zinb_phantom	GAAGGACGCGCCCCTATCGCGCCGCGCCACCCACGATATATCGCGCCGGGCCCGTATCTCCCCGGAAGGATAAGGATAAGTCAGCGTATCGCGGCGGAAGTAAGGAAGTGACTCACCGCCCGGATGACTCACCCCCACGAAACGC	R1	0.00373081979341805
seelig	consider missing + MOI	seelig_cm_moib_zinb_phantom	ACCTCGTGATCCACCCACCTCGGCCTCCCACAGTGCTGGGATGATGGGCCTGAGCCACCGCGCCCGGCCGGAAATGAGTCTTAAGCAACTGCTGGTAGTGATGCCTCTGAAGTGGACTAACGGAAAACAGCGCGTGACAGAGGAC	R1	0.0031686422880738974
seelig	consider missing + MOI	seelig_cm_moib_zinb_phantom	TTGACGCGGGGCCACGGAGACACGGAAGCGCGGACCCATGGAGCGATACGCGTTTCTTGGAACAGAAGGGCGGACCGATACGTGGGTCCGCGAACGGACCCGCAGACCCATGGAACCGTCCTTATATCTTAAGGAAGTGACGCCG	R1	0.0035727929789572954
seelig	consider missing + MOI	seelig_cm_moib_zinb_phantom	TAACAGGAAGGATAACTCGGAGGAAGGATATAAGCATATAACGAAAGAAGGGGGGGGCCGCATCCGCGAAAGGCGGCGCCTATAAGAAACGATGAGTCACCCCGTATCCGTCCGCGAAAGGCGGCGCCTATCGGAGAAGGAGGAA	R1	0.0036868122406303883
seelig	consider missing + MOI	seelig_cm_moib_zinb_phantom	CTGATGAGATGACGCGATATCGTTTTTATTGGCTAGATATGGGTGGGGCGCGCGCTTTATCTGGCTGATGAGATAAGGGTGGGTGTGGCTAGATGTGGGTGGGGGGGGCGCGCGCATGAGATATCGCGATATCGTTTTTATGAGT	R1	0.003685937961563468
seelig	consider missing + MOI	seelig_cm_moib_zinb_phantom	CTTTGGACTTTGGTGACCCCAGGTACAAAGGACCTTTGACCGTAATACAGCATGCAGTGCGCAAGCCAGGACAGGATTGCAAGTGAACATGCCCGGGCATGTGACCAGGGACTCTGCAATCAAAGCTCTGTACGGGCAAGCCATG	R1	0.001511709881015122
seelig	consider missing + MOI	seelig_cm_moib_zinb_phantom	CGATATCTTACGGCGCGCCTTATCAGGAAGTAACGTTATCGCGCAACTATAATGAGTCATCGGATCGGCCTTACGCGGATCCAACCGGGGATCTGCGCGGAGGATTCGCTTCCTGGAGATAAGTCGCGCTTTCGGATGGGGTTTG	R1	0.003526086453348398
seelig	consider missing + MOI	seelig_cm_moib_zinb_phantom	CTGTGGACATGCCCGGGCATGCAACATGCCCGGGCATGCCTCTACATGCCCGGGCATGCGTCACCATACATGCCCGGGCATGGCAGACCGGGAAACACATGCCCGGGCATGGACATGCCCGGGCATGAAACATGCCCGGGCATGT	R1	0.0018202351639047265
seelig	consider missing + MOI	seelig_cm_moib_zinb_phantom	GAACGGAACGACAACGGATGGTGATGGACGTTGATTGATCTTTGTCCATTGTTGTTTGTTTGTCCAGTTCGGTGACCGACGTTCACACCGGCCGTCTTCATTGGTCTGTCGGCATGTTTGCCCAGACATGCCCCGGAAGTCACGA	R1	0.0028271269984543324
seelig	consider missing + MOI	seelig_cm_moib_zinb_phantom	GTGAACATGCCCGGACATGTCCGGCGGCCGGTGAGTATGCCGCTAGTCTTCGTTCCGTTGTTCGTTGCGGACATGTCGAACCAAGCCGCGACATGTCCCGGCATGCCCGAAAGTACAAACATTGCAGCCTGTCTCTATTTCATCA	R1	0.0017582871951162815
seelig	consider missing + MOI	seelig_cm_moib_zinb_phantom	GCCAGGTCGAAACCTTAAGTTTGCCCCCAGTAGACATGTCCGGACATGTTACGTAAGCTCGCCGGCATGACACGTCCACTGAAGCCTGAGTCCTCCGCCGCAAGTCAAACTCCCAAGGTCTTTTGGCCATGATGGAATAGTCCAA	R1	0.0021120873279869556
seelig	consider missing + MOI	seelig_cm_moib_zinb_phantom	TAAGCATGCGGGGAGAGTTACATAAGGGGATTGTTGGGGAATGTCGGAAAGTCGAACAATGGTTGTTGCGTAATGTTGAACTTACGGTCATAAGGGGGGAGGTTTAAACATGCGGGGAGATGTACATAAGGGGAATGTAACAGAA	R1	0.0024022439029067755
seelig	consider missing + MOI	seelig_cm_moib_zinb_phantom	AAATTCCTGTCACCCAGCAAACATGCCCGGACATCCACTTTACATAATGTTTGTCCCCTGGCCATTCCCTTTTACATAATGTCCCCATTACATAATGTTTGTTCAAACCAAAGTTCAAACAACTCCCTGTCAGCTAGTTTAAACA	R1	0.0019074431620538235
seelig	consider missing + MOI	seelig_cm_moib_zinb_phantom	TGTTGGACAATCCAATGCACCTGGGCTTACGCTCGTGACATGCCCAGGCATGAACGTCCCCTGGACCTTTGATCATGCCAGCATGGCGACTATGGCATTCCATAATTCCTGATCGCCTTGATTACACAAACTTGGTTCCTACTGG	R1	0.002465983619913459
seelig	consider missing + MOI	seelig_cm_moib_zinb_phantom	TGTCGTAAGAACGCGTTTCTCGCATACAAGAAGATACTCCAATCGGTTGATAAGGAAGCGCCACACGCTTCCTCGATTTACTTCGCTGTAGGCGCGGCCTTATCTCCCAGATGCTGATGGAAATGCGTCATATCCTGCTTATTGG	R1	0.00410487549379468
seelig	consider missing + MOI	seelig_cm_moib_zinb_phantom	TTTCGTGAAATCCCCTTACGATAAATAAGACACGGTTTCTTGCATCCTCACTCCGCCAAATAGCGCAGCGAAACGCGGAAGCGCGAGACGCTTTGAACACGGAGATAAGTTCCGCTTCCGTTTCGAGAAAGAAACATCTTATCTT	R1	0.0029593755025416613
seelig	consider missing + MOI	seelig_cm_moib_zinb_phantom	GTGTGGGGGGGGCGCGCGCATGAGTTATCTCGATATCGTGATATCGTTTTTATTTGCGTTTTCTTTATCTTGCTGATGAGATATCGTTATCGCGCGATAAGGATGGGTGGGGCTATATGTGGGTGGGGGGGGCGCGCGCATGTGT	R1	0.0031748656183481216
seelig	consider missing + MOI	seelig_cm_moib_zinb_phantom	TCCGGCCTATAGGCGCGGCTTCCTCGACCCGGGGGGTGAGTCATCCGGCGGCGCCGATTGTCAGTTATCGCTTCCTAGATATAGGGGGGCGGCGCTTCCGAGGGAGGGGCGGGCTCTCAGTTATCGCCCCGCGCCGATAGGCGCG	R1	0.003683379152789712
seelig	consider missing + MOI	seelig_cm_moib_zinb_phantom	CAGAGTTATCGGATGAAAAAAATCTGATTAGGCGCGGGGCGCCCCTTCCGAGAAAGACGCATCCTTAGGAAGTTACGAGATATATTTCATGAGTCGCGCCGCATGACGCGGCTTATTTCTCATACGTGTGGCGCCGCATCATAGA	R1	0.0035141189582645893
seelig	consider missing + MOI	seelig_cm_moib_zinb_phantom	TGCTTTATGAATGGAGCCGGGGAAGGCTGCTGACTCAGCAGGCAGTAAGGCTTTGAGGCCGGAAGCGTCTGGAAAGGAAGTGGCTGCTCAGGGCTTCCCCACTGTAGACAGCTGGGAGAGAAGGGGGGCTGGCCAGGATGCACAT	R1	0.0027331733144819736
seelig	consider missing + MOI	seelig_cm_moib_zinb_phantom	TTATCGGGGAGGGAGACGCAGTTACTCATAAGGATGCGGAAGTTATCGGAGGGATGAGGAAGCGTTATCTTTCTTAGAAGCGCTATTTCTTTATCGCGCGGTTTCTTTTGAGGATGCGCGATATAGGTAGTTATTTCGCGGAAGC	R1	0.004366690292954445
seelig	consider missing + MOI	seelig_cm_moib_zinb_phantom	AAGACCATTTCCAGTCTCTTCCTGCAGGGCTATGCATTGCCTCAGCTCCTTTTGAGGAGCTGTTGAGAAAAGATCGTTTTTTAAGAAAGCCTTATCGTTCCTGTGCATGTGGGTGATGTCATCACACTCTGCCCCCTGGACGCAG	R1	0.003377188229933381
seelig	consider missing + MOI	seelig_cm_moib_zinb_phantom	CCCACACGCGCCGCCTATCGCGGAAGCGGAAGCTGATGACTCATCCGCGTGGGGGCGGCGCGTCCCTCTAACGATTTGTGAGTTTTATTATATCTTCATCTTCCTGCGCTTTTCTGAGAGGCCCCTCCAATGGCTGATAAAGAAA	R1	0.004011666867882013
seelig	consider missing + MOI	seelig_cm_moib_zinb_phantom	AGTCCGCGACTTCCGGTTACTTATATGTCGTCGGGGCGGCGCTTTCGGGTAACTCACTTCCCCGATGGCGGAAGTTTATCTGCGAAATCCGTAGCTCTTACGCGATAAGTAGATGACGTAACTCATTCGGCGTATAAGATCCGCG	R1	0.004728252999484539
seelig	consider missing + MOI	seelig_cm_moib_zinb_phantom	TTGTTACCGACTTGCCGCCCTGCCTGCCACTTTGAGGCACAGTTGCAGCGCCTCTGTTTACATTTTTGGAGGACACGTGGACAAGCCCAGGCAAAGCCGAACAGCACACGGTACATCAATCACACAAGGAACATCTGCTGATTCC	R1	0.0021132805850356817
seelig	consider missing + MOI	seelig_cm_moib_zinb_phantom	CGATTGTGACCTGGTGGGGACAGATAAGAGTGGCTGGTGGGGACAGATAAGCCCCTGGTGGGGACAGATAAGTGCCACTTATCAGCTGGTGGGGACAGATAAGGCTGGTGGGGACAGATAAGTACTGGTGGGGACAGATAAGCGT	R1	0.003997845109552145
seelig	consider missing + MOI	seelig_cm_moib_zinb_phantom	GTCACATGTTTACTTAGGTCGAGTTACGCGAATCCTCAGAGGACCTGGGTCTGGGCAGGAAGAAAGGTGCGACCTGTTCTGTTTACTTAGGGTGGTGCCCCGGTTCTCTACATTACACCGGTTTGTTTACTTAGGGACTATTCTT	R1	0.004732048604637384
seelig	consider missing + MOI	seelig_cm_moib_zinb_phantom	CGGCAAAGTGCAAAGTCCGTCGGAACAAGTGGACAAAGGTCTTTGCAACCTACGGCGACGTTTGGACTTGTCTACGTAGGCGCGGTGAGCTTGTCGGGACATGAGCCGTGGACGTTGACTGCTTGTTTGAGCGGTCGTGACTTGC	R1	0.002237569773569703
seelig	consider missing + MOI	seelig_cm_moib_zinb_phantom	GGGCTGACCGCCAATCTGCAGCCTGAAGAAGAACCTCCCCCCGATGACTCATCCAACAGTCAGCTATTATGGCTAGAGCTCAGACATGAGGAAGTCCTTGTAAGCTAAGTAAGGGCTGAATCATAAGGAGTAATAAAAACAAAGT	R1	0.004262179136276245
seelig	consider missing + MOI	seelig_cm_moib_zinb_phantom	ACATCCTGCAATTGCCAGATCTCTGCGGTTGACTGAGTTATCGCTTTCTAGGAAGCGTACGCGCCATATGAGGACGGACCGATAACGGCGCGCCACCCCCTAAGGACCGATAAGTCATCCCGTCCCATGGGTGTGGGCGGGGCGT	R1	0.003907612059265375
seelig	consider missing + MOI	seelig_cm_moib_zinb_phantom	ACAAGCCCGGACTTCCGGTCGCCATTACATAAACTGACCTTTGGACTTTGGTTCAAAGGGGGACATGTGGACATGCCCCGGCATGTCTGGACGCCCGGACTTCCGGTCAGGTTTGCCTCAGCTGACCTTGGTTCAAACAGGGGCA	R1	0.002267254050821066
seelig	consider missing + MOI	seelig_cm_moib_zinb_phantom	GAGATAAGAAAGTGAGACAGCGTATCTGGGGGAAGAGATATCTCGAAGAGCCGCACCCACAGACCCCAAGGGCGGGGGGAGGAGGCGGAAGCGATATCTCGCAAGAAAGGGGCGGGGCGATGCGAGAGAAGAGATATCTCGCAGA	R1	0.004014933481812477
seelig	consider missing + MOI	seelig_cm_moib_zinb_phantom	CTAAGGTTTAAACATGCGGGGAGATGTACATAAGGGGAATGTAGGGGAAAGTCGAACAATGATTGTTGCGGAATGTTGAACTTTCGGTTGAGCAAGCGGGGAGAAGGTCGAACAATGGTTGTTACATAAGGGGAATGTAGGGGAA	R1	0.003689561504870653
seelig	consider missing + MOI	seelig_cm_moib_zinb_phantom	TACACAACCGGAACGCTGCAGCTGAGTGACGTCAGACATTTCCGCGCATGCCCGGTCAAGCTTTGGTCCCGCGGTACACAACCCGGAATGTCCTAAGTTTCCGCCCTGTTTGCACTGGCCCGTTAGGTCGCCATTGTTCAAACGC	R1	0.004843223374336958
seelig	consider missing + MOI	seelig_cm_moib_zinb_phantom	CGGACATGCCGGGGCATGTCCGCTGCGGACTACTTAATGTACGAACAATAAATACAAACAAAGTTTTCCTCTCTTTGATTGTAGAGGGGACACAGGCTACCGCTGTTTTTGTCTACTGTCACTCTGAACAGTATCACTTAGATTA	R1	0.0022400901652872562
seelig	consider missing + MOI	seelig_cm_moib_zinb_phantom	TTCCCTGTTCGTATAAGGCATGAATTCCTGGTGGCTCCACCGCCCTCCCCCAGTGCGTATGTGGGACCTTCGTCCACTAGGGACATGTTTAGACAAGCTCCCTGTGCACGTTCCCTTATCTGCACAAAACATGGGTTGGAGGTTC	R1	0.0038219119887799025
seelig	consider missing + MOI	seelig_cm_moib_zinb_phantom	CATAGCCAAAAACCTGCTGATCGGACTTTGAGCTGAGTTGGTACAGACTGAACATGCCCGCAGGCTTGTTCTGTGGCAACTTTGACCCCAGCTTGTCACCGTGGTTTCGTTGGGTACATCTTTGGACATGCCGGGACATGTCAAC	R1	0.002615382894873619
seelig	consider missing + MOI	seelig_cm_moib_zinb_phantom	GGCCCATCTTTCGCGTGAGGATACGCGCGATAACGCGTATACTAGGAAGATATTAGGCAGCGAAACTTACACTGTCTTTTCTATATCTGAAGAATAGCTTGAGTCGCAAGTTGACGACTTATCGCGCATACGCGGAGTTGCGGGA	R1	0.003215212607756257
seelig	consider missing + MOI	seelig_cm_moib_zinb_phantom	AGGGGTCATTGTTGGACATTCGACCGGGATCAATGTTGACCGAACGTTCGCAATCATTGTTTACAGGTCTACATTACGTAGTCAGACTTTGTTTGTTTTGTGCCGGCATGCCAGGGGGCATTGTCTACCTGACGGCGGCATGCCA	R1	0.0033493998926132917
seelig	consider missing + MOI	seelig_cm_moib_zinb_phantom	CGATGTTTACTTAGGGTTTAATACGTGACAAGTTTCACTAGCTTGTTTACTTAGGTAGTCGCAATTTGGAATCACCAGGTCTGTTTACTTAGGGCTGTTTACTTAGGCCGCCGCGTAGAGTGAGAAATCCTGCGTGCTAGCTATC	R1	0.004012004006654024
seelig	consider missing + MOI	seelig_cm_moib_zinb_phantom	GGATTCTGGGAAGTGGGGGATGAAGCTTGCTCAGTGCAGTCTGAGCCGTGGTGATAAACATATCACTTTATGGTCCACTGACCTCACCAAGGAACCTCCTTTCCCTACTGCTCCTCTCTCCACGGCATGGCCCGGTGACTCATAC	R1	0.004531694110482931
seelig	consider missing + MOI	seelig_cm_moib_zinb_phantom	AACAGGTTCAAAGGTCATTGTCCCAGGTTCAAAGGTCAGCGAGGTTCAAAGGTCATATGCAGGTTCAAAGGTCAGAAACGAGGTTCAAAGGTCAGGTGGAGGTACTAGGTTCAAAGGTCAGAGTATGGGAGGTTCAAAGGTCATC	R1	0.004557366017252207
seelig	consider missing + MOI	seelig_cm_moib_zinb_phantom	AAGATAAGGAAGCGTATCCGCGGAAGGAGAAGAAGATAAGGAAGGAAGAAGATAAGAAGCCGCCCCCAGAAAGAAGGATGAGTCAGCGCCTATATCTGCGGATGAGTCAGTCCGCGCGCGGAACCGGCCGCGCGGACCCCTATCC	R1	0.004603937733918428
seelig	consider missing + MOI	seelig_cm_moib_zinb_phantom	TGTGCAGAGGGGGCAAGGTGCAAAGGTGACTGTACACAACCGGGCATGTCACGAGAGACCTGTGAACATGCCCGGGCATGTCCCCCCAGACCGGTAGACATGCCCGGGCATGTCACCCACAGACAAAAACAAAACACCACGGACA	R1	0.002670770976692438
seelig	consider missing + MOI	seelig_cm_moib_zinb_phantom	GCTCTGCATGTCCCGGCATGTCTGAGCAGGAGGAATTCCGGGCGGCCAAAGGGTTTTATGTAGATTGCTTTTGGACACTCGCCCAGGAGTCAGGAGTTGATTTTTATCTCACTTCCTGGTAACCTTGAACTTACCAGGCAGGGAT	R1	0.0027962811291217804
seelig	consider missing + MOI	seelig_cm_moib_zinb_phantom	GGAGGCGTAATGGTTGTCCGGCCATGCCGGCATGTCCGAACTTTGACCCTAGTTTATGTACCAGGTGAAAGAGCAAGCCCAGAGGTTTGGGTACAACAATGGTCATGCCCAGACATGTATGAAACATGCCATTGGAAGCCGACTA	R1	0.003558862954378128
seelig	consider missing + MOI	seelig_cm_moib_zinb_phantom	CGCGAAAAAGCGTGGGACGGCGCCTATCGGAAAAGATAGAAGGATGGGAGGGAGGAAGCGCATCCGCGAAAAGAAGAGGAAGCGCATCCGCGAAAAACGATGAGTCACGCCCAATCAGGAAGCGCATCCGCGAAAAGCGGCGTCC	R1	0.004466053564101458
seelig	consider missing + MOI	seelig_cm_moib_zinb_phantom	GTTTGGACATGACCAGGCTTGCCCAGACATGTCAGGGGACATGCCCGGGCATGCCTCCGGTGAACTTTGGACATGTCCGGGCTTGCCTTGACATGACAGGGGCCAAACAGGGGCAAGCCCAGCCATGACCTTTGCACAATGCAAT	R1	0.003788282163441181
seelig	consider missing + MOI	seelig_cm_moib_zinb_phantom	TATATCCTAAAAGATCTATGAACTAATCGGTTCCGCGAATTTCGTCTGATAACCTCACTCTGACTGGCCGATTGGCGCGACAACGATATCTCAAAGACACAGTTTGAGGATGTGTCATCCGCTGAAGGAGTTACCCAATCGGGGC	R1	0.00446130707859993
seelig	consider missing + MOI	seelig_cm_moib_zinb_phantom	TTGTAGCCTTGACCCAACCGGACTTTGTCCCCTCTGGTCAAACAACCAAACACCAACCAGGATTTTGTCCGGTCATGTTCACAGGACTGTTTGTTCAAACGGGCTTGCCCCGGCATGTCTGCTTGTGCAAAGGTCAAACAGTGCA	R1	0.003815798321738839
seelig	consider missing + MOI	seelig_cm_moib_zinb_phantom	GTGAGTAAGTATCACGAGATCTGACGGTTTTATAAAGCGTAGTTTTCCCTGTACAAGCTCTCGCCTGCCGCCATGTAAACGTTCTTTGCTCCTGCTTCGTCTTCTGCCGTGATTGTGAGGCCTCCCCAGCCATGTGGAACTGTGA	R1	0.005383041221648455
seelig	consider missing + MOI	seelig_cm_moib_zinb_phantom	TATCGCGAAAGCGTCTTACCGAGAAACCGCCACCCACATCTTTTTAGCGTCTCTTTTATCGCTTTTTCTCTAATGAGTCATCCTTAGAAACCGCGATATCGCGAAACCGCGTTATCGCGATAACTCGCGTGTTACTTCCTCTATA	R1	0.004899179097265005
seelig	consider missing + MOI	seelig_cm_moib_zinb_phantom	CTGTCAAACCATGTTGTGACAACATTCCGTTGGTGGACAAAGTTCACAGTCAAACTCCCGGGTACATTACGTAATAAGGCAGACACATCGACCCTCAGTGCATGCCTGGACATGTCCGGGCTTGTTGTTTGAACAAAGTCCCCTT	R1	0.0027666089590638876
seelig	consider missing + MOI	seelig_cm_moib_zinb_phantom	GAGGCATGCCGGGGCACAAAGGTCACAGTCCTTGACAGTACAAAGGTCAAACTCTGCAGACATGCCGGGGGCCAAAGGTCAAACAGTGCAAACATGCCCGGGCATGTCCGGAGAGGACTTTGACCCCTGCTGAATGGATCCATGC	R1	0.00410245917737484
seelig	consider missing + MOI	seelig_cm_moib_zinb_phantom	GGAATCAGCAGATGTTCCTTGTGTGATTGATGTACCGTGTGCTGTTCGGCTTTGCCTGGGCTTGTCCACGTGTCCTCCAAAAATGTAAACAGAGGCGCTGCAACTGTGCCTCAAAGTGGCAGGCAGGGCGGCAAGTCGGTAACAA	R1	0.0029814322479069233
seelig	consider missing + MOI	seelig_cm_moib_zinb_phantom	AAGTCTTTCGCGAAAGACGCTTCCTTATAAGGCGATAACGGTTTCGCCGATCCGATAACGCGGTGACTCATCCGATAGCGTTTTCGCGTATTCGCGGATCCGATAAGTCGTTCGAGTTATAAGTCATCGCTCCGATAACGCTTCC	R1	0.005037936847656965
seelig	consider missing + MOI	seelig_cm_moib_zinb_phantom	GAGGTGTTTGTCCCCAGCTAGGGTCAAAGGTCAAACAGTACAAAGGTCAAACTCCGCAGGCATGCCCAGACATGTCCGGTGAGGACTTTGACCGCTGAGGTGTTTGTCCCCAGCTAGGGGCAAACATGCCGGGGCATGTCCCCTG	R1	0.004042461514472961
seelig	consider missing + MOI	seelig_cm_moib_zinb_phantom	GACCAGTTCAAGGTTCTAATCTGGGACCTGCCCCTCAACTGGATAACCATGTGAGCGTTGCCACCAGAGGGCAGTGTGGGGCTGCTTTCTCGAGACGAAGGGGTGTGGCCTGGAGGAGGTTCAGTCCTTTATTGTTCCTGCCCCC	R1	0.005364573560655117
seelig	consider missing + MOI	seelig_cm_moib_zinb_phantom	AAGAGAGTGGTATATGAGGTTTGAGGCTTATCAGCAGCTGCAGCAGCACAGGCCACGTCGTAGCTGTGAGTCATAGACAAGCATGCACACTGTGGCTGCCTGAGGCCTCTGAGCTGCCTTCCTCAGTCCTTCCCTCTGCAGGGCT	R1	0.004853760823607445
seelig	consider missing + MOI	seelig_cm_moib_zinb_phantom	TGTTGAACTTTGCTAGCCTTGGTTACATCACTGCATAATTCACTCCGGACATGTCCGGACATGCCCGGAATTGTAGAGTCTCTGGTTTGAACCTAGGTCACTGTCCGCGGACATTGACCAAAGGTCACTCGGTCAGGTCATGTTT	R1	0.003362381597980857
seelig	consider missing + MOI	seelig_cm_moib_zinb_phantom	AAGCATGAGTGAAAGAGCTGAGGCCAGGGGGCTGAAGTAGGGGAGGGAAGGGAAGAGAGTGACCTTGGGTTGAGGCTGGAAAGCAGGAAGGGAGCCGATGACGCAGGACCCCGTAGGCTGCTGGGAGGAGTGTGGATTGTCCTCT	R1	0.005003300495445728
seelig	consider missing + MOI	seelig_cm_moib_zinb_phantom	CAAACAACCCCGGGCATGCCGGGAGGGGACCATGACCCCAGAGAGAGAGCAGGGGAGCAGTGGACAAACACCCCAGGAGAGCAGGGGACCAGTGAACAAAGACCTGAGAGAGGGGACAAGCCCAGGCATGCCAGGGGGAGAGAGA	R1	0.003597478847950697
seelig	consider missing + MOI	seelig_cm_moib_zinb_phantom	GCTCTTCCGTTTCGCGCGTCTTATAAGTCGTCGCTCCGCCTTACTTATAAGGAAGTAACGCAGCGCCGCGATAACGCGTCGCCGCGTCCGCGATTCGCGCTTCCTTATCTTTCGCGGAATAAGTTATCTTACTGATAAGTTATCT	R1	0.004254380706697702
seelig	consider missing + MOI	seelig_cm_moib_zinb_phantom	ACACCCTACCAACATCCGGCGGGTAGCCTAAAATCCCAGCGTGTTGAATTGGTGACCAAAGTCTACAGACCAACTTTAAACATGCCCCGGCATGTCTACAGCCCGGCTTTGTACTTTGATCAAAGCAATGAACATAGCTGACAGC	R1	0.0034350762143731117
seelig	consider missing + MOI	seelig_cm_moib_zinb_phantom	AGGGTGAACAAGTCCGGTCGACATGCCCATGAATATATAGTGCTCTGGATGTCCTGTCGGTTAAAGTGGTGTACAATGGCAAACGGGCATGCCTCCGGCATTATACAAGGTTGCAGTGCAGATCTGTGTACGGCATGAATGCCAA	R1	0.004918284714221954
seelig	consider missing + MOI	seelig_cm_moib_zinb_phantom	AGATGACTCAGCTAAAGCTTCAGTTTCCTTATCTGCACAGTAGGGATAACAGGGCTGTTGAGAAGAAGGAATGAGATTATGCGTGGTAAGCACCCAGCCCAGCACAATGTCTGGCACACAGCAAGTGTTCAATACACGTTCGTGT	R1	0.004860730841755867
seelig	consider missing + MOI	seelig_cm_moib_zinb_phantom	CCTCCGATGAGTCACTTCCGGAAGATATCGCTTCCGGTTCCGCGTCTTATAAGACCCGCCCAATGAGTCATCCTCCTGATAAGAAACGATATCTTCCGCGCCTTCCTCCAATGACTCACCCTTCCGATGAGTCACTTCCGCTTCC	R1	0.004875185899436474
seelig	consider missing + MOI	seelig_cm_moib_zinb_phantom	TAGGCATGCGGGGAGAAGGTCGAACAATGGTTGTTACGTAAGGGGAATGTAACGGAAAGGCAAGCGGGGAGAAGGTCGAACAGGGAATGTTGCGGAATGTCGGAAAGTTGAACTTACGGTCATAAGGGGGGAGGTTTAAACATGC	R1	0.004837940447032452
seelig	consider missing + MOI	seelig_cm_moib_zinb_phantom	GGACCTTTTGAACTTTGGAATTTTTGACATGCCCGGGCATGTACATGCCCGGGCATGTCCCAAGGTACAAAGGCCGGAATGTCTACCGGACTGAACAAACATTGCATAATGCCCGGGCATGTACAAGCCCCGTCATGTTTGGTCA	R1	0.004555724561214447
seelig	consider missing + MOI	seelig_cm_moib_zinb_phantom	GACGCTATCTTCGCGGAAGCGCCATTTAGGGCGCGACAGCATCTTACGCGGGATCTCATGCGCGCGGAAGTAAGAGAGGGCCGCATCCGGCTCGAGACAGATGCCTTATAAGAAGTTCTTATCGGATCCGGCACTGAAACGGCGT	R1	0.004921168088912964
seelig	consider missing + MOI	seelig_cm_moib_zinb_phantom	AAACAGGTCGGGGGTTAATCCATACACACGCTGGGGTTTTGCCCAGGCAGGCCGGAATGGTCAACCTTTGGTCTTTGTACCGTCATGTTGACCTCGTCTGGACGGTTGAACTTTGCCCGTGTGCATTGGTACACTCGGTATGTAC	R1	0.004890902899205685
seelig	consider missing + MOI	seelig_cm_moib_zinb_phantom	CAAAGGTCAAACTCCTGACCGGCAAACATGCCCGGGCATGTCCCCTGGCAAAGGTCTTTGTATTGTTGCACAAAACAATGACCGGACGGTCATGCCCGGGCATGCCTGCTGCCCCAGACGGTCAGGGGAACAGGACTTTGGACTT	R1	0.0035622683353722095
seelig	consider missing + MOI	seelig_cm_moib_zinb_phantom	GGGGTGAGTGCGCCATGTTTAGACATGCCCCGGCATGTTGGTCCACACAGGGAGGTGGGCAGGCCCGTGGACATGCCCGGGCATGTCCCCTGGTGCATGCCCGGGCATGGCCCCAGTCCTGTTTGGCCCCTGTGAGGTCCACACA	R1	0.004689968656748533
seelig	consider missing + MOI	seelig_cm_moib_zinb_phantom	CATATGCGCGGATAGGGCGGGCCCTATCGGGGCGGGTGACAAGGAAGAAAGCGCTATATCGCGCAGCGTGACTGAAAGAAAAGAAAGGAGGATGACTCACTCCGCCGATAACGCGGAAGCGGCGCGCGCGGACCCGCGGCCGCGC	R1	0.004890805575996637
seelig	consider missing + MOI	seelig_cm_moib_zinb_phantom	ATATCTGCTGCGAGAGATATGCGTCTTCCAAGAAGCGTGGGGCGCGCCCGTTACTTCCTCGAGCCGCGAAACCGGCTTCTAACGCTGAGTCTCATCAGTGCGGCGCGCGATTCGCGGAACGAGTCTTATCGGCCCGAAGTTATCG	R1	0.004865701775997877
seelig	consider missing + MOI	seelig_cm_moib_zinb_phantom	TTGCCGGTGCGCAATGATGCAAACATGCCGGGACATGTCCCTTGGTCAACATTGTATTCCCTTCACCCTCGCTCTTAGCGAGCTTGGTTTAACGGAAAGTTCCTCCCAGGTCACGTTATGTAAAACCGGCTTACCGGACTCCTCC	R1	0.004700283985584974
seelig	consider missing + MOI	seelig_cm_moib_zinb_phantom	CTTTATTGATTTATTGGCGCTTCTTTTTTCTTATTTATCGGCGCCTCCTTTCTCGCTCGCTTTTTTTTATTGACCGATTGGCTTATCCGCTCCCGCCCCCCCTTTTTTATTTATCCCCGCCCCTTTCTCTTTTCTGATTTATCGC	R1	0.004864134360104799
seelig	consider missing + MOI	seelig_cm_moib_zinb_phantom	CGTGGTTGTAGCCCCTGACATGTCCGGACATGTCCAAAGGACCAAAAACGGTTGCTACAAACACTTAACAGAGAGTTGAGCGCTTGCCCGGCCTCCCGTTTTACATGACAGGGAGTGCATAATCCCCCGGGCTCCTGGTTGTTTA	R1	0.0045116618275642395
seelig	consider missing + MOI	seelig_cm_moib_zinb_phantom	CATGCCGCCGTTCACCATCACGTAACAGTGGGTCAAACAACCGGGTCTACACGAAAGGTGCACAGTTCCGTTCACGCGAGACTTCCGGACATGTCCAGGCATGCCGTAGGTTTGGGTCAAAGGTCCATTGGTGCATTCCCGCCTA	R1	0.00481110205873847
seelig	consider missing + MOI	seelig_cm_moib_zinb_phantom	GCGAGCCCTCCCGTTTACTTTTGGGCGTGTCTCTTATATCAAGAAGCGCGCTATCGATGACTCATTTATCAGAAAGAGACTTTTTCTTCCAATAACGATAAAGCTAATTAAAAATATCCAATCCGCTCTGCGTAAAGCGCTTCCT	R1	0.0056942240335047245
seelig	consider missing + MOI	seelig_cm_moib_zinb_phantom	CCGATAAGGAAGCGCCCCTCCCCGCCGATAAGGAAGGAAGAAAATATCAGTCCCCGCCTCCGCCCGCGCGTATCCGCGTGAGTCCGCGGAGATAAGGAAGGATGAGTCACTGACTCTAAGAAGCCGGATCCGCGGATCCGGCTGA	R1	0.004655415192246437
seelig	consider missing + MOI	seelig_cm_moib_zinb_phantom	CGCCACAGCGACCTGTAGCCACCGCCGAGACTATTTCCGGGACTCAACCACAACATGCCCGGGCATGTGACGACGACGAAGTATGATAGCAGAACTGGGCGGACATGCCCGGGCATGCCCACGAGTACATGCCCGGGCATGGTGG	R1	0.004479111172258854
seelig	consider missing + MOI	seelig_cm_moib_zinb_phantom	GATAACCTTATCGGGAATGGCCCCGCGTTTCTTCCAAGTAAGGCCCGCCCGCGGATCTTATTGGCCTTCCCATCCGGATGTGATTTGCGAGATATGGCTGACTGACGGGCCGCGCTTTCCGATAAGTCCGAAGCGATATCATTTC	R1	0.004737299866974354
seelig	consider missing + MOI	seelig_cm_moib_zinb_phantom	GGAGGAAGGAAGTAAATCAGCGTATAGGGAAGGAAGGCGCACGATGAGTCACCCCCAGGGAGCCAGCGCCTATCGCCCTCACCCAGCCACGAAGTCTCAGGAAGCGTCACCCTATCCGTATCTCCGACTCACGCGGCCGATAACT	R1	0.005531572736799717
seelig	consider missing + MOI	seelig_cm_moib_zinb_phantom	CAATCGCCCCGCTAATTCGTTATAAGATAACGGAAGACGCAGTATCAATTAGCGATACGATTTATGAGTAAGCGCCGCTTCCGATATCTCATCTTCCGGATGGGGAAGTCTCATTCGCGCGACGCAAGGAGGCGTAACTTTGAGG	R1	0.004858715459704399
seelig	consider missing + MOI	seelig_cm_moib_zinb_phantom	GGGGCGTGGGACCTTTGTACACTGGTTGACATGCCCGGGCATGTCCATTCCGGTGGACTGTGGCATGGTTGTGTATACATTCCGGGGCATGCCTTTGTACCTTGGTTGACATTCCGACATGCCGGGGCATGTCCCCCTGCCCCCT	R1	0.00505733722820878
seelig	consider missing + MOI	seelig_cm_moib_zinb_phantom	TCAACTCAGCATGGGGCCCTTTTGAAGAACTACCCAGGACACATGTCCACGTAGTCCAGCCCTGGCGGTGGGATTATCTCTGGAATGAATGCTCTCTAATCTTCTCTGTGGCTTTGTTTAGTCAGTGCTGAAGTTCATGGTGAGC	R1	0.005625768564641476
seelig	consider missing + MOI	seelig_cm_moib_zinb_phantom	AAGGTTCAAAGGTCATGGACGCGCGCCGCGGGTACGACCAGTAGAAACCCGGTGCCGTACTCGCCGTGAGAGGTTCAAAGGTCAATCTTTGTGACTTCCTTAGGACTCCGTAGAAAGATTAGACTCTGCGGGCTGGTAATCCTTA	R1	0.004340640269219875
seelig	consider missing + MOI	seelig_cm_moib_zinb_phantom	CCCACCGACCTTGTTTGAACATTCCCGAACTACCGACCAAGTCTGTTTACACTACTAAACATGACCGAACAAGTCCCAATGTTTCCTCCTCTGTTTGTTTGTTTGTTTGTTTAAATGTCCAAACATGCCTGAACATGTCCAAACC	R1	0.0050329226069152355
seelig	consider missing + MOI	seelig_cm_moib_zinb_phantom	ACATCCGAGATAAGCCGCGCTTCCAATCGATATCTCCGAATGAGTCATTATCTGAGTCGCGCGAGTTACGCGTCTCTTGGAAGCGCTACTCCCCCGGAGGAGCCGCTTACTCAACGCTAATCGAAACTGCGTTATCAGGAAGTAA	R1	0.005540044046938419
seelig	consider missing + MOI	seelig_cm_moib_zinb_phantom	TAGAGGAACCATTTCTTATACGTCGTCCGCGCCTTATAAAGGAAGATAAGTCATCGGACCCGCCCCAAGGGCGGCGCTACGTCGTCTCTAGGAAGAAGATAAGAGCGATATCACGCGAATCCATATGACTCATCAGCGTCTTATG	R1	0.005742914509028196
seelig	consider missing + MOI	seelig_cm_moib_zinb_phantom	ATCAATAATCCCGTCTATCATTATATTTAGACCACAGTACCGATCCCGGCATGCCGGGGCATGTATAGAGCGTAGGGTCTTTGTCCAAACAATGTTTGACCTTAGTCCGTCCCGGGAACCGAGCGCGCTCGGACATTCCCTTCTA	R1	0.004990498535335064
seelig	consider missing + MOI	seelig_cm_moib_zinb_phantom	GTGTGGGGGGGGCGCGCGCATGAGATATCGCGATATCGTTATCGCGCTTTTAGGAGGGGTGTGTGGGTGGGTGTGGGTGGGGCGCTTGCGTTATATGGGTGGGTGTGGGTGTGTCTCTGGCTGATGAGATATCGCTTTTATTGGC	R1	0.005399051122367382
seelig	consider missing + MOI	seelig_cm_moib_zinb_phantom	GAGATAAGAAAGTGAGGCAGCGTATCTGCGGGAAGAGATATCTCGAAGAGCCGCACCCACAGGGAAGAGATATCTCCCAAGGAAGGGGCGGGCCAATCCGAGAAGAGATAAGGAAGAAGGAAGCGATATCTCGAGGAACCGCTCT	R1	0.0050272950902581215
seelig	consider missing + MOI	seelig_cm_moib_zinb_phantom	CCCACCCATCCACACTTCCTCCTAATGAGTCATTCTTAGAAACCGCTTTTTCGCGATATCGCGAAACCGCTTTCCTCAGAAAGCGCCACCCACAGAAACCGTTTCTTCGATCTAACTCGCATGAGTCATCCTCATAATGAAACTT	R1	0.0056283967569470406
seelig	consider missing + MOI	seelig_cm_moib_zinb_phantom	TTTCGCGATGTAACGGGTGGGCGCGCCCTCAAGAGACGCTTCCTTATATCCTTCTGCAGGATAAGATCCGCGATAAGACCTTATCCGAGTTGTTTAGTGTAGAATGAGTTGTTTTAGGAGCTGCGTTTCGCGGAAGTGGGAAACC	R1	0.004477272275835276
seelig	consider missing + MOI	seelig_cm_moib_zinb_phantom	ACATGTCTAGGCATGCCAGGTCTTTGATCGAGCTTGAACCCGGCATGCCAACAGTCCGGCGGACATTATGTGGCACTGTTGTATAAACGACCAGCGGCCATCCCTTCACTGAGGTTTCCCTCGGGTAATGTTCAAAGGTTGCTAT	R1	0.004850657191127539
seelig	consider missing + MOI	seelig_cm_moib_zinb_phantom	GGAATGCGGATGTAGGTTCAAAGGTCACCGCATCCTGAGGTTCAAAGGTCAACAGGTTCAAAGGTCAGGCAGGTTCAAAGGTCAAGAGGTTCAAAGGTCAGGTCCCGAGGTTCAAAGGTCATCTGGCAAAGTTTGGCATAGAATG	R1	0.004623011685907841
seelig	consider missing + MOI	seelig_cm_moib_zinb_phantom	ACAAGAGAGCAATGTACAAACATGCCGGGAGGGGAGGAGGGAAACATGCCGGGGCATGCCGGGAGCAATGAACAAAAAAAAAAAAAAAAAAAAAAAAAAAAAAAAAAAAGAGGGAGGAGAGGGACATGTCCGGGCATGTCCACAG	R1	0.0048973448574543
seelig	consider missing + MOI	seelig_cm_moib_zinb_phantom	ACAAGCCCGGACTTCCGGTCAGGTTTGCCTCAGCTGACCTTTGGACTTTGGTTCAAAGGGGGACATGTCTACCTGCGGACATGCCCCGGCATGTCCGGACTTCCGGTCGGGTTTGCCTCAGCTCGCCATTATACAAACAGGCCTT	R1	0.004786498378962278
seelig	consider missing + MOI	seelig_cm_moib_zinb_phantom	TCCCTGCCTCCAGGCAATCACCAGTTTTTACCAGGAGTGCCTCAGACCTGCCCGGACATGTCCAAGTCCCCTAGAAGCAGGGAGGGGTGGGTGAGGCTGTCACCTCTCCCTTCCCTGTATGGTGCTGATAAGGGCGTGGGGAGGC	R1	0.00567894009873271
seelig	consider missing + MOI	seelig_cm_moib_zinb_phantom	CTTGTTGCACTCTTCGATCCTGCCGTAATTACCGTGTTTGTACAAAGATCGACGTCAAGGCCGTAGTGGGCAACCTACCGGCGGAAGCCCTGTAGACATGTCTGGGCATGTCCCGCGGGACGCAGTTCATGGTCGCCTTTCGTCC	R1	0.004706026986241341
seelig	consider missing + MOI	seelig_cm_moib_zinb_phantom	TGTTCTGTTTGGATCAATGTTGAACATTCTACCTGGCGCTGGCATGCCAGGGGTCATTGTTTGACATTTGACCGAACGTAGTCTTGACAGGGGTCATTGTTTGCCAGGTGCTGGCAAGCAGTGTTTACAGGTCTACATTACGTAG	R1	0.00499793142080307
seelig	consider missing + MOI	seelig_cm_moib_zinb_phantom	TTGACGCGGGGCCACAGATATGACTTAAGGAGGAGCGATACGCGGTTCTTGGAAAAGATATAAGGAAGCGCGGACCCATGGGGCGATACGCGTTTCTTAAAATCCTTATATCTTGAGGAAGTGATAAGGAAGCGCGGACCCATGG	R1	0.0053753843531012535
seelig	consider missing + MOI	seelig_cm_moib_zinb_phantom	AATGCGAAGAAGCTGTGCCTCTGCGGCACACAGATCAGAGCTGGTGTGGGGGGAAGGGAGAGGGAGCCTGTGGGAGGGGGAGGGCGCATCCATTATGCAGATTGTGTGGAGTGCCTTCCCTTCCCCAGCCAGGAAACGCCCTCCC	R1	0.0056521473452448845
seelig	consider missing + MOI	seelig_cm_moib_zinb_phantom	CTGTGTTTGTGTACAGGACTTTGGGACCATACCAGAGGCCTTGGGTTAATGTTCACCGGCCTGTAGTGTGAACGTGAACCAGGTGCACTGCATGCCGGCAGGCATGAAGATCAAAGCACGGTAGGACACGTAACAATGTCGGTGG	R1	0.0049530621618032455
seelig	consider missing + MOI	seelig_cm_moib_zinb_phantom	GAGCCGCGAGTAAGGAAACGCCGCGCCGATAAGATGACGCATCGCCTTCCAATTATAGGTTCGCGTTATCCTGCGCGTGACACCCACACTGTTTGTTAGGCGCTTCTTAAGAAGGAATACCCTTTCTTCATGAAGCTACTTCCGC	R1	0.005515333265066147
seelig	consider missing + MOI	seelig_cm_moib_zinb_phantom	GCGGGCATGCCGGGGCACGTGACCTCTGTCCGGTAATGTTTGACCCCTGCTCTGTTTGTTCCCAGTGAACTTTGAACAAAGCAAACATTACATAAACCACTGCTGCCGGCATGCCGGGGCACGTCACCTGCCCCCTGTAATGTTT	R1	0.004697534255683422
seelig	consider missing + MOI	seelig_cm_moib_zinb_phantom	AGTTAGTAACTCATATCATTACGGCTCCTTATGAGTGACTAATTCCGCGAATCGCCCCCCTATCTTACTGATGAGTCATATCTTCCTTAAGCGCCGCCTACTTATGCTATTCGCGATATATTCCGATAGCGTCTTAAGAAATCTA	R1	0.005771593656390905
seelig	consider missing + MOI	seelig_cm_moib_zinb_phantom	GGCGGCGCGTGAGATAACGCCTTTTTCGAAAACTGATGCGGGAAACGCGGAGCGGGTGACGCATCCGTATACTTCTTATTATAAGGCGAATGAGTCATCAGCCTTATAGGGCGGGCGCGGACCGCTAAGTGAGAGTCAGCGTATA	R1	0.0054077948443591595
seelig	consider missing + MOI	seelig_cm_moib_zinb_phantom	GTGGGGGTGTCTCTTGCTGATGAGATATCGCTGTGTGTGGGTGTGGGTGGGGGGGGCGCGCGCGTTATCTGGCTGATGAGATATCGCTTTATCTTGCTGATGAGTTATCGCGATAGCGTTATCGCGCTTTAAGGATGGGTGGGTG	R1	0.005544035695493221
seelig	consider missing + MOI	seelig_cm_moib_zinb_phantom	CAGCTTACCGAACTTGGCACGTTGGTATAACCATGGTTGTTCTCCGAACTAGACATGTCCGTACATGTTTAGTGTGTCGACTTTACACAAGCCCCTCTGTGTTTGTCCTTTGCAGCGGTAGTGCATACACGTAATGTCGGCACTA	R1	0.005209770984947681
seelig	consider missing + MOI	seelig_cm_moib_zinb_phantom	CTGTGGACATGCCCGGGCATGTTTGGACCGGGGCATGTTTGGACATTGGTGCAGCGGGCGACCGTGCGACCTTTGGACCTTTGCACCGGCATGCCGGGCGACCGGCATGGTGGTTTGTGCAGCGGCATTCCGTGATCTTTGGACA	R1	0.005086268298327923
seelig	consider missing + MOI	seelig_cm_moib_zinb_phantom	CCTCAGGCATTTCTCCACTACGCAACCACCTAGCCGAGGTCGCAGTAATTACCCACCGTTGAGACATGCCTGGACATGTCCCACACAAGCCCCGGCATGTTTACTGCGGACTTGCTGTAGATTGCAGAGGTCAAACTTCCGGTTA	R1	0.0054562026634812355
seelig	consider missing + MOI	seelig_cm_moib_zinb_phantom	GGCCCAGGGCGCCATGTTTATACAGATCACGTTTCCGAGGTGGATCCTTTGATCAAAATTCCGGTGACCTGAGGACAGTCCAAACATGCCTGGGCATGTCCCGGGCTGAACATAATGTCGAGCCGCTGCGGGTGTCAGAGTCGCC	R1	0.0047594779171049595
seelig	consider missing + MOI	seelig_cm_moib_zinb_phantom	TGATCAGTGCAGTGTCCGTTGACCAAAGTCCAACGTCCGACTTGTCGCGACATGTTTGCACACACGTCCAGACATGTCTAAACTTCCGTCGTATGCACAGTTCCGACCGGCGTTTGTCGACCGTCGTTACCGTTGACGTCACGCA	R1	0.004597408231347799
seelig	consider missing + MOI	seelig_cm_moib_zinb_phantom	GCGCGGCTTCGCGGGTCGGCGCGCGCGGATGCGGTTCTTCTTCGCGATTTGCGGCGCTTCGCGTCTCGTCATCGTCGGCGAGTCGTCGCGCGATATCTCGTCATCGCGATGCGTTTTCCGCGTCTTCGCGAGATATCGCGATACG	R1	0.005485797766596079
seelig	consider missing + MOI	seelig_cm_moib_zinb_phantom	CGATCGAGGGAATAACCAACCCTCGGGGTAACATGCCCGGGCATGTACATGCCCGGGCATGCGCAACCCATTCACATACATGCCCGGGCATGAAGCTCCAGTCCTAGCAAGGATTAGGGATCCGCAACATGCCCGGGCATGGAAT	R1	0.004813862964510918
seelig	consider missing + MOI	seelig_cm_moib_zinb_phantom	CCTACCGACCTACTGTACACATGCCTGTGTTTGTTTGTACAACCATTACCTAGTGTACATGACCAAACATGCCCGTACATGTCCAAACAACCATGACCTTACATGTTTAAACAACCATTAACTAACTACCTACCGTACTTTTGTA	R1	0.004793168976902962
seelig	consider missing + MOI	seelig_cm_moib_zinb_phantom	TTTTAACTGTCACCAAGGGCTGGGATAGCAAATATTGCATCAACTCTGCAAGGTGTTTCCTGGGTTTTGTGGACAGGGGGGTCGGGGGAGGTGCAATCTCCATTCTTGTGAAGGCCAGATAAAGACTTCTGCTGCAAGCCACTAT	R1	0.005143752787262201
seelig	consider missing + MOI	seelig_cm_moib_zinb_phantom	CGACGACTCATCGCGGAAGCGAAGTAGCGCGACACTAGGAGCCGCGTGCGGCGTAAGATATGCGCTATATCATGCTCCGCGCAACGGGTGTTACTAATCCGTTAGGCGCTGTAATATGAAGAAGCCTCATCATTCGAATAAGATA	R1	0.005988867953419685
seelig	consider missing + MOI	seelig_cm_moib_zinb_phantom	GGCACCGTACCAATAAGTCACTTCCGGATTAGGCGGCGCCGCCCATTGGGAGTTCCCGTTTCGATAGTATGTTATATTATATCTAATAAGATTTCGCGAATCCGCGCTCTGCGATATTCTAATCCGAGATAACGTATCGTTATAA	R1	0.0054007647559046745
seelig	consider missing + MOI	seelig_cm_moib_zinb_phantom	GGGTTATCGGAAGTCGCGTAATCGCGCGACGCGCCTTATTTTAAGATGCGCCGCCCCCTTTTTTTTTTATTATAAAAAAAATGAGGCGGCGCCTTCTTATAACGCGCCTCACAGAAGCGCCCCCCTTTATGTTTCGCGAAATTGG	R1	0.004615067038685083
seelig	consider missing + MOI	seelig_cm_moib_zinb_phantom	ATCTTCCTGGAAGTCGTTATCGGCTAATAAGGTTCCTTAAGGAAGTATGAGTCGTCTCCTTGGAAAGCGCGTCATCCTACTTATGAGTCGCCCTCGGCGTCGCGCTCTCAGTATCTCCCCCTTCCGATGACGCGCAAGATATAGC	R1	0.005486006382852793
seelig	consider missing + MOI	seelig_cm_moib_zinb_phantom	GCGTCAACAGTGGAAAGGTGGCCCTGTGTGTAGCAAGACGGGACATGTCCGGTCAAGTCAAGTTTGCATACAGAATTTCCGGGGGGCAGTGGAAAAAGTTTGAACAAAGCGTCATGCATGCCCCCGGCATGTCTCCGTTCGAGAA	R1	0.0049047586508095264
seelig	consider missing + MOI	seelig_cm_moib_zinb_phantom	ACATCAAACGTGAACCTCTTTGACATGCCCCAGCTGCCCGACGAAATTCTATCCAAGGATTATGTGGTCACATGCATGACTCAGCACGCCGTAAGAGCCAGGGATAAGTGAAAGTCTAGTGATGACTCAGCACAAGGTACAGCGC	R1	0.0058123329654335976
seelig	consider missing + MOI	seelig_cm_moib_zinb_phantom	TAGCCTATAAGATAAGTCGTATCTTATTAAGTCCCGTAGATATACGCGGATCCAATTGGCCGCGCGTCCGCGACGGAGAGAAGGTGTACGCGTTGACATCCTAGAAACGCGTATCGCTTCATGGAACCGCGCAACTGGCGACTGG	R1	0.005723472218960524
seelig	consider missing + MOI	seelig_cm_moib_zinb_phantom	GCAGCTGGAAAGGTCAGGGACAGCGGGTTTGTGTAAAGTAACTCGTGAGGGCAAGGGCCATTCCGTCGCTGGGATTCAGCTGCCCAGCCCCCTCCACCCCGGATGTATTTCCTGTCAGAAGGGGGTTCCGGTGGCCGTGTCCAGC	R1	0.005783865228295326
seelig	consider missing + MOI	seelig_cm_moib_zinb_phantom	GTTAAACCTGTGGACTTTGCCCAGGCATGTCCAAACAGGCTTGTGTGCAAAGGTCAAACATCATGTCAAACAAAAAGTCAAAAGTCCTTTGCCCCCTTTGGTCCAAACAGGCTTGGTCCCAAACATGCCCGGTCATGAACATGAA	R1	0.005678126588463783
seelig	consider missing + MOI	seelig_cm_moib_zinb_phantom	TTATCTGGCTGATGAGATATCGCTTTTTTTGGCTGATGAGATAAGGATGGGTGTGGCTAGATGTGGGTGGGTGTGGGTGGGGCGCTTGCGTTATATGGGTGGGGGGGGCGCGCGCATGAGATATCGCGATATCGTTATCGCGCGT	R1	0.00537008186802268
seelig	consider missing + MOI	seelig_cm_moib_zinb_phantom	CAGGTGACATGACCTTTGTACAAAGCTTTGAACTTTGGACATGCCCGGGCATGCCAGGTTTGAACTTTGGACATGGGCAAGTTTGCACAAACAGGACCTGGGCCATGCCAGCCAACATGCCAGGGGACATGTCCGGGCATGCCGT	R1	0.005017480347305536
seelig	consider missing + MOI	seelig_cm_moib_zinb_phantom	AACAAAGCCAAAAGTGACCTTTGAACTTCGGCTAGGTCGCTGTTTGTTTGTACTGGCAAGCCACTTGTCCGGACATGACCGTGACCAGGCATGCCGGGATTTCTGTACAATGACCTCAACTGTGAGTGTGCCTCCGGCCGTGTAG	R1	0.004829137586057186
seelig	consider missing + MOI	seelig_cm_moib_zinb_phantom	CGCGTTTCTTCGCGAGATATGGCGCCTCCCGCGCGCGGGTCGCTTCCTAGTCGCCGCGCGATATCTCGTCTCTTATGGGTGGTGCCTCTTATCGGCGCGCGGCTCCTCCCCGAGTCATCGCCACGGGTGGCGCTTCTTGTGGGTG	R1	0.005393137224018574
seelig	consider missing + MOI	seelig_cm_moib_zinb_phantom	CTATGTCCGTAAGTCCAAAATTCCGAAAGTCCGTAATTCCCTATGTTTGTATTTTTGTTCAACCCTGTACATGTTTAAACAAACAAACAAACATGACCGAACAAGTCCAAAAGTCCGTTTACACATGCCCGAACATGTCTCCTAC	R1	0.005653023719787598
seelig	consider missing + MOI	seelig_cm_moib_zinb_phantom	GTCACTTGCGTGATATGGGTGGGTGTGGGTGGGGGGCTCGCGCATGAGTTATCTGGCGTGAGTGATATCGTTTTTATTGGCTATATGTGGGTGGGGGGGGCGCGTTCTCTTGCTGATGAGATATCGCGATATCGTTATCGCGCTT	R1	0.00556263467296958
seelig	consider missing + MOI	seelig_cm_moib_zinb_phantom	AAGCGATATCTCGAAGAGCCGCACCCACAGACCCCAGGGGCGGGGGGAGGAGACGGAAGCGATATCTCGCAAGAAAGGGGCGGGCCGATCCGAGAAGGCACCACCCACGGGAGAGATAAGAAAGTGAGACAGCGTATCTGCGAGA	R1	0.006265111733227968
seelig	consider missing + MOI	seelig_cm_moib_zinb_phantom	AAGTTTGCACCATGGTGAGTCCACCGTCCAATGTACATTCCCCCGGCATTCCGTAATACCCTACTGTCCAAAGTCCGGGGCATGTTCCGAGTTTAAACATGACCTTTGTACATGCCTGGGCAAGTCTACCGGCTTTTGTAATGTG	R1	0.005421538837254047
seelig	consider missing + MOI	seelig_cm_moib_zinb_phantom	GATATTAATTTTATCACTGCGCGTATCGTTATCTGGAAGTGAATTGACCCGCCTAAATACGCGGGTTGCGCTTCCAGTTAATTTAATGGGTGTGGCCGGCGCTCAAATGGCGTAACTTAGATTTCATTACTCATAAGTAAAACAG	R1	0.005397781729698181
seelig	consider missing + MOI	seelig_cm_moib_zinb_phantom	AAGAGATACGACGCATATGCGGCGTATGGGCGCGGCTTCTCCCGCTGCGTCATCCGCCGGAAGATAACGCTCAGAATGGGACGCAGCCGCTTCATTTGCATCCGCTTCCGAAGGGGAGCGCGTCTTATCGCGGATGCGTCGCCGC	R1	0.006271476857364178
seelig	consider missing + MOI	seelig_cm_moib_zinb_phantom	GACGATTAGGCATGTTCAAAGTCCATGGACCTGTCCGGACATGACCTAACGACCGACTGACATGACTGCAACTTTGACCGTAGGCGACCCAGACATGTCTAGGTTTGTCCTTTGCTTGTTTACTCACCGGCGATGTAACCGAGTC	R1	0.0057758670300245285
seelig	consider missing + MOI	seelig_cm_moib_zinb_phantom	CTGATGACGCGGAAGGCGGGACCCTACTAACTCCGCGTGGTTACGCTTACATCGCGAAATATATTCTCTTCTTATCAGATAAGCCCACCCTATCGGAAGGGGCGGCGCGTCACGAGAAACAGTCCTCAAGGACTGATGACTCATC	R1	0.005702737253159285
seelig	consider missing + MOI	seelig_cm_moib_zinb_phantom	GTTAAACCAGCGGACTTTGTACAAAACAAGATTTGATCATGTCAAACGACCGGAATGTTTGTTCAAACATCAAACAAACCAAAGTCCACCCAACCCTCCGTAATGTCAAGGCTCTGTAATGTGCAGGCTTGCCCGGACATGTCCA	R1	0.00548367016017437
seelig	consider missing + MOI	seelig_cm_moib_zinb_phantom	TCAACCGACGGGCTATGTCGACCGTCGTCGAACGTCGGCCGATGAATGTCGGCCGATGTTCGAACGTCCGACGTTTGTTTGAACTTTGTCCGGACATGTCTACGTCCGTTGGTTGTCGTCTACGTCCGACGTAGACGTATGCGCA	R1	0.005469373427331448
seelig	consider missing + MOI	seelig_cm_moib_zinb_phantom	CCTGTGGTTCTCTCACATGCCCCGACTCCACCCAGGAAAACATTCTGCTTGTCATAACCCTTTTCCTAATCTGAGTTTGCCATCTGTCTCCTTAGGGGACTCTGACTAATGCAGCAGGAATTCAGTGAATATTCATCATCTGGCT	R1	0.00581912649795413
seelig	consider missing + MOI	seelig_cm_moib_zinb_phantom	ATAACGCGACGCAGCGGATGACGCGTCATCGCTGATCCGCGAAGCGGGATCCGCTTCTTCGTAAGGGCGCCGCGTTTCGCGAATCGCCGATAGAGATGCAACAGATACTGATTAGCAGATTACATTTTCCTATTGGCTGATAACG	R1	0.005848127417266369
seelig	consider missing + MOI	seelig_cm_moib_zinb_phantom	CCGTATGTTACGTATCGTAAAGCGCGTCTCGTAAGACGCTTCCTCATCCTAAATTTTTTTTTAGGAAGCGCCTTATAGTTAAATCGCGTTATAAGAAGACGCGCCCCTTTCTTAAGAAGACCCGCCCCCTTTATCTTATAAGTAC	R1	0.005922110751271248
seelig	consider missing + MOI	seelig_cm_moib_zinb_phantom	TCTCTTCACGACGTAGCGTTACTTCCTCGTAAGGCCCCGCCCATGCGCGTTTTCTAGGACTTCTCTGTCTTTCTGCCCTCACGCGCAGATACGCTGACTCATCCTTCTCTTCCCGCGCGCGGAGACGCGTTTTCTTCCAGATAAG	R1	0.005778262857347727
seelig	consider missing + MOI	seelig_cm_moib_zinb_phantom	GAGGGAGTATGACCTTGGTTCCACCCTCTTGGCAGAGGAAGTGTGTGGTTACAGGAATTGTCTGCGGCAGAGAGACTGGGCTTGGCAGATACCTCCAAATATGTCTGCGGCAGCAGCTGTAAGCATCTGCCTACAGAGATATTTT	R1	0.0056173186749219894
seelig	consider missing + MOI	seelig_cm_moib_zinb_phantom	AAAGCGGAAGCGCTTTCTTAATTCGCGCGGCGCCACTTCCGCTATCGAACTTCTTATAAGCCGCCGATAAAGGCGGGGCGCCTCCCCGAAATGGGGGGGCGCCATCTCTTTCGGCGATTTAATTCGACGTATGGCTTATCAGCTA	R1	0.005731678567826748
seelig	consider missing + MOI	seelig_cm_moib_zinb_phantom	GTGATAGGCCTGGGCAGTGTATATGCGTGTTATCGCGCGAGATACTTTTTTTATAAAAAATGAGTCTTTCGGGTGTGGCGCGCGCGGTATCTTATTTTTAAGAGATGTTACGCCCCATACGCGTCAGCTTATCTCTATTAGACTT	R1	0.005257674027234316
seelig	consider missing + MOI	seelig_cm_moib_zinb_phantom	GTGCCCCGCGCGGGCAGCAAGACCGAACGTTGATTGAACCTTGGTCGCAACAAGCATCTCGGAACAATCCCATTCCCGACATTACGTAACCTTCGGTCCACCTCCCTTTCGGGCATGTCTGGGCATGCCCGGAGGTTTACCCCAG	R1	0.005682492163032293
seelig	consider missing + MOI	seelig_cm_moib_zinb_phantom	CTTTAACACAGTTCTGCCCGAAGTCCCAGAGCTGGGTCTCATTGGTCCATTTCAGGTCACATGACTCGTGTGAGACAATCTCCTGTGTTCCCATTGGCTGGGCCGGAGTCGTGTGACCAGCTATGACTACAAAAGATGGAGTCAA	R1	0.005809713155031204
seelig	consider missing + MOI	seelig_cm_moib_zinb_phantom	ACCCGTGACGCAATTCCTAGAAAAGCACCGCCCAATATAGGGCGGGGCCTCCTCATATGGCGTCGCTTATCGCATCGCGCCCCCTCTAAATCCTAGTTCCAGATATCGCTTTTACGAGTCGTAAGCCGCTCCCGCGGCGTCTTGA	R1	0.0056784385815262794
seelig	consider missing + MOI	seelig_cm_moib_zinb_phantom	GTATGCCGCCGGCCGGCTATACATACCGAATTTCGACTATCTGATCGATGCTCACATCACAGTGAGCTAAGGTTCTTCTATATCAAATACCGGGCGAGCAGGGGGCATGTCCGGGCATGGTATGTCCGCGTTTGGTTGAAAACAA	R1	0.004903174005448818
seelig	consider missing + MOI	seelig_cm_moib_zinb_phantom	GCTCCCCACTACCACTGCAAACATGCCCGGACAAACTCCTGTCACCCAGCAAACATGCCCGGACATTTCCACTGCTGACATTCCCTATTACATAATGTTTGACCTACCGAAAGTTCAAACAAACCTATGTTCAACAAAACCTTTG	R1	0.005691371392458677
seelig	consider missing + MOI	seelig_cm_moib_zinb_phantom	GTTTGTTCACATGACCGTAATTTTGTCTGTCCGCATGTTCGAACATTACCGACCTTGTTTCCGCCTGACCATGTTTGTTTACCTTTGTACATGACTAAACATGACCGACCGACCTTGTCTACATGTCCAAACATGCCTGAACATT	R1	0.005432227160781622
seelig	consider missing + MOI	seelig_cm_moib_zinb_phantom	GCCTATATGACTTCGCGTTCTGACTACCGACGGCAGATAAGGCTGCGTTATCCGCGGTACGCATGACTTCGCGGAACCGCTCGCGCAGCAGATTCACCCATAACGAGTTATCGCTTCTTAGATATGGGGTGGGCACTTCCGGGAC	R1	0.005748499184846878
seelig	consider missing + MOI	seelig_cm_moib_zinb_phantom	GATTAGTCTTTCTAGGAAGCGTAGAAGCAGGTGGATCTTGCTTATGCGTTATCGCGCGTGACTCACGAGTGATGACTTACGACTCCTAACGCGTAGTAGCCCCTCCAAACGCGTAGTATCTCCAAGAGGCGCCGCCTCTTTTATC	R1	0.0057312194257974625
seelig	consider missing + MOI	seelig_cm_moib_zinb_phantom	GCTGCCCCTGTCCAGCCCCTAACTGAGAATGTGTAGACGCCTGTCTAGCCAGGGGAGCGTGGAACAAGCCCAGGCAAGTCTGACCGTTTGACTCATCCCCCGCAGGTCAGGGGTGGAGTGTGGCTTAGCCACGGCACACCAAGGT	R1	0.006220617331564426
seelig	consider missing + MOI	seelig_cm_moib_zinb_phantom	ACCGACCCTGCCCCCGGTGGTCATGTCCCCAGGTGCAGACATGCCCGGGCATGTCCCCTGAGACATGCCGGGGCATGTCCCCTGTCCTGTAGTGCCCCTGACCCCGGGAGACATGCCCGGGCATGTCCCCTGTTCTGTTTGGTGG	R1	0.005671781953424215
seelig	consider missing + MOI	seelig_cm_moib_zinb_phantom	AGATGTCTGTTTACATACCAAAGTTAAAAAGCTGGAATGTTACCAAGACTGCTTTCTTCTGCCCATAGACGGGGATGACTCAGCACTACCCCTCAACAGAGATGACTTTGATGACTCTGCCCCTCAGCAGGGCTTACTAAGCACT	R1	0.0062432619743049145
seelig	consider missing + MOI	seelig_cm_moib_zinb_phantom	GGCAGACATGCCTGGGCATGCCCCCCTGAGAGCATGCCCCGGCATGTCGGGCGACCAGGAGACATGCCTGGGCATGCCCCCAGGAGAGCAGGGGGGAACAAAGGCCGCAGTCCGGAGGTGACCGAAGGTCGCTGGGCATGCCCCG	R1	0.0058249556459486485
seelig	consider missing + MOI	seelig_cm_moib_zinb_phantom	CGCGCAGATAAGAAGCCGGATGGGCGGGGCGATAACGCCCCGCCCACCCGCATCCGCGGAGGGATAACGCGGAAGCGGCACCCACGACTCACTGAGTCACGCGGAAGCCACATCAGGAAGAAGCGCCATCCGCAGATAAGACACG	R1	0.0061773560009896755
seelig	consider missing + MOI	seelig_cm_moib_zinb_phantom	AAACATTCATGTCAGGGCATGTGGGCTTGTAACTTTGAACCCCTGCGCGATCAAACAAAGGTTGAGCGAAAATCCACCCGTGCAAACATGTCCGGGCATGCCTGCTGGCGAACGTGCGAACTCCGACCGGAGAGTTTGGCGCACG	R1	0.0054364874958992004
seelig	consider missing + MOI	seelig_cm_moib_zinb_phantom	TCTTCTTTTCGTTATCTATTTCTCTAAAACTCATGAATGCGTATCCGCGTATCTTCTCTTCTACACGCTTCTCTCCTAGAAAGCGCTTCTTCGAGATAACTCACGCGTCACTTCCTCATCATGAGTCATCCTCAGAAACCGCTTC	R1	0.0062669976614415646
seelig	consider missing + MOI	seelig_cm_moib_zinb_phantom	ATCTCCTCCTTCGGGTGAGTCACTTCCTTTTTCTTCCTCCCTCCTCCTTCCCCCCCCTGCGCCTTTCCGATTGGCCGCGCGCTCATGTGATTTCTTATCTCTCCCCTCCTGCGAGTTATCGGTTCTGCGCGCGAGTGACTTCTTA	R1	0.006290909834206104
seelig	consider missing + MOI	seelig_cm_moib_zinb_phantom	CCTTGGGAAATTGCGACCGGTAAACCAAGTGGCCAACTTCCGTTGCACACCAATGACCGACGACATGTCCCGGCATGTTCAGTCCAATGCACTGAACACCGTACGTCAGTACATTAGCCATGTTGAGTCCTGTTCACGTGACCAT	R1	0.005420872941613197
seelig	consider missing + MOI	seelig_cm_moib_zinb_phantom	TTCACTATCACCATTACGGAATGTTTAACCTTTGTACAAACATTGCAAACATGCCTGGTTGAACAATCCCCATCATGTCAGGGAATGTTTATACATGACCGCCTAGGAGCCTCTGAATGTTGACCTTCCGGAATGTTTGAACAAG	R1	0.005574450828135014
seelig	consider missing + MOI	seelig_cm_moib_zinb_phantom	ATAAGACCCGCGCCTTCCTGCGATGAGTCACTTCCGGAAGATATCATCCGCGGCTCCGCCCAATGAGTCACCCCCCGGATGAGTCACTTCCGGTTCCGCGCCTTCCTGCGAGATATCGCTTCCGGTTTCGCGGAAGATATCGTCC	R1	0.0062493206933140755
seelig	consider missing + MOI	seelig_cm_moib_zinb_phantom	TCAGTTCTTGGTGGTCGCATCAGCCTTCTTCAGTTTCAGGAAGCGCCCAATAAGTCATATCTTGGATATGAGTGGTCGGACCACTTCCTGATGACGCGCTTTTTCGAGGAGTAGCTTCCTATATGCGCGATGCGCCACGCGCGCG	R1	0.005333960521966219
seelig	consider missing + MOI	seelig_cm_moib_zinb_phantom	GGTCCAGGATCAGCCTGATGAAACAATTAGAAATGAGGCCCCGGCAGTGACTCATGCCTATAATCCTAGCACTTTGGGAGGCCAGGCGGGAGGATAGCTTGAGGCCAGGAGTTTGAGACCAGCCTGGGCAACAAAGTGAGACCCA	R1	0.00623844750225544
seelig	consider missing + MOI	seelig_cm_moib_zinb_phantom	CAAAGGACTTTGGACTGTGGCACCAAACAATCAAAAACAAAAAAAAAAGACCGGTGAACATGCCCGGGCATGTCTGCCGCTGAGGCCGGTCAGGGGCAAAGGTCAAAGTCCAAACCGACGGACATGCCCGGGCATGTCCCCTGCC	R1	0.005605042912065983
seelig	consider missing + MOI	seelig_cm_moib_zinb_phantom	GCAGTGGACAAACAACCCGGAGAGGGGACAAGCCCAGGCATGCCAGGGGGAGAGAGAGAGAGAGGGGAGAGAGAGGTGAACAAAGGCCTCCGGGCATGCCCCCAGCAGGAGAGCAGGAGAGCAGGGGGGCAGTGGACAAACAACC	R1	0.005468291696161032
seelig	consider missing + MOI	seelig_cm_moib_zinb_phantom	TGAGTCGCTGCGCGATATCTCGGGAGTTACCGCTTTATCAGGATGAGTGAGTCGTCGGATGGGTATCTCTTAAGGATCGGCGTCGCTTATAAGGGAGATAACTCCTCGAATCAGAGATGAGACGCGTCTCGAGGCGGATCCTAAA	R1	0.0057768626138567924
seelig	consider missing + MOI	seelig_cm_moib_zinb_phantom	AGCGGATCCGCGTAATCTGAAGGGATAGGAGATTTATGGACGATATATCCGCCACACGCACAGCGACACCGGTTTCTTGAATCCGAGAATATGGAAAAAGCTTATGAGTCGTCAGCGCCTCAAGAGGAGGTGTTGCTTTTTTAGG	R1	0.005716654472053051
seelig	consider missing + MOI	seelig_cm_moib_zinb_phantom	CCTCCGATATAAGAAATCACTATCCAGGAGTCGCGGATGTCCTCCACGCAGATCCTGAGAATCGCGCGGCGCTTCTTGGTTTTTATCTTATCTTTCGCGAAACGCCGATGAGTCATCCTAAGAATAAGGCGCGCACTCGCATCAA	R1	0.006252128165215254
seelig	consider missing + MOI	seelig_cm_moib_zinb_phantom	TGATCTGATGGAATGAGTCACAAAGATATCTGGGGAGAAATGCCAAGATCTTGCAGCAGCCAGGAGGCCGGGTGAGTGAGCTGGGCAGGAGTGTAGAAGACAAGGTCAAAGGGGCAACAGACAGTCTGTGTATGTGTGTGTGTGT	R1	0.005710362456738949
seelig	consider missing + MOI	seelig_cm_moib_zinb_phantom	CTTATAAGGATAGAAGGATAAGTAAGTTATTTCTCGGAAGAAGACGCGTTATCGGTCTTATAAGTATGGTTTCTCATAAGTTATCGGGGAGATAAGGATGCGCGATATCGCGGATGAGGAAGTAATTTCGCGGAAGGGCGGTTTC	R1	0.005618426948785782
seelig	consider missing + MOI	seelig_cm_moib_zinb_phantom	AGTCCGCGAAGCCACTCCCTCGATCATTTACGACGCGCCACTTAAATCGTAGCTTATCCTGCCTATGAGTCACTTACTCGACCTATGGGAACGTTTTATCCTGGAAGCGCCGTCTGATTGGAAGATAACGTTATCGTTCGGCGGT	R1	0.006245341617614031
seelig	consider missing + MOI	seelig_cm_moib_zinb_phantom	CTCCACCATGCATAGGTCACTTGGTTAAACAATCCTGTACTATTGTGTAATCTATATTCCGGTGGAAATTACAGCGAACAATGCACCTTTGGTCTGTACCTCCGCAGGCCCGGAATGCCGGCGGACATGCCCGGGCATGTCCAAC	R1	0.005711742676794529
seelig	consider missing + MOI	seelig_cm_moib_zinb_phantom	TGGGTCTCACTTTGTTGCCCAGGCTGGTCTCAAACTCCTGGCCTCAAGCTATCCTCCCGCCTGGCCTCCCAAAGTGCTAGGATTATAGGCATGAGTCACTGCCGGGGCCTCATTTCTAATTGTTTCATCAGGCTGATCCTGGACC	R1	0.0061148242093622684
seelig	consider missing + MOI	seelig_cm_moib_zinb_phantom	CGTAATGTTCGACCAGCGAGCCCTGGCATTCCGCCGTCGACCGGGTGTGTACAAAATCCCCAAACAATACTGAAGGGCGGTGAACTTGCCTGGACATTACCTGTTCGACCTGTGCAATCATGCCGCGGGCATGTCGAGGCATGTC	R1	0.00543339503929019
seelig	consider missing + MOI	seelig_cm_moib_zinb_phantom	AAATACACGGCGCTTCGCTATCTAGGATGCGCTATATCGCGCGACGCTTTAGAAGCACCTTCTTCTTCCGCGTGTGAGCGGCGCGAGGAGTTAACGAGTCATCACGCGTATCTATTCCGCGAAAGTAGCTTACTCAAAAGATAAG	R1	0.005778128281235695
seelig	consider missing + MOI	seelig_cm_moib_zinb_phantom	ACCTCGCTGTCCGTGACGCTCGCACGGGCAAGGCTGCGAAGCATGACTCAGCAATTGAATGACTCAGCAATGCGGAAAAGATGACTCAGCACATATGTCATCTTTGAACAGATATTATCATGACTCAGCACAATTCGACATGAGA	R1	0.005810864735394716
seelig	consider missing + MOI	seelig_cm_moib_zinb_phantom	GACCAACACCGAATCTTCGATAACTGGCGCGGATTAAATCGTAAGTCGTCCCGCAATGGGCGACGCGTTTTCAGGATAAGTCATCTCCTTCTCGGCCGATGACTCATGAGATAGTCGCGAAGCGGCGATTTCTACATCGTGATCT	R1	0.006301076151430607
seelig	consider missing + MOI	seelig_cm_moib_zinb_phantom	GAAGTCACTACCCCCAGAGTTTGCTATGCTAGTCATTGCTTCCTTCTCCCCAGCCAGGAAGGCAGCTAGTTCTCCACGGCAGCCCTCCCCCAGTCCCAGCTGATTGGGCCGGGCTGAGGCCACTTGACTCAACTCAGCCAATCAG	R1	0.006005055736750364
seelig	consider missing + MOI	seelig_cm_moib_zinb_phantom	AACGCATCCGCGAAAAACGATGAGGCCGCATCCAAAAGAAGACCCGCCCATAAGAAACCGCGTCCCCGGGCCTATCGGAGAATGAGGAAGCGTATAACGATATCGCGCACAAACGATGAGTCACCCCCTATCGCCCTATCGGGAA	R1	0.005741551052778959
seelig	consider missing + MOI	seelig_cm_moib_zinb_phantom	GGAACAACCCCAGGCATGCCAGGAGGGGAAAGTGGCAGAGGGGACAAGCCCAGGCATGCCCCCAGCAGTAGACAACGACCGGAGGAGGGCAGTGGACAAACAACCCCAGGCATGCCGGCATGCCAGGGTGGCAAGGGAGAGAGAA	R1	0.005832651164382696
seelig	consider missing + MOI	seelig_cm_moib_zinb_phantom	GAACGATACGTGGGTCCGCGAACGGACCCGCAGATATGACTTAAGGAAGAGGCGTAGAACGATACGCGGTTCCGCGAACCGTAGGATACGCGGTTCTTGGAAAAGATATAAAGAGATAAGGAAGCGCGGACCCATGGGTGGGTCC	R1	0.00625273585319519
seelig	consider missing + MOI	seelig_cm_moib_zinb_phantom	CTAACGGTTATACAAGCGGAGAGAAAGTCGAACAATGGTTGTTACGTAAGGGGAATGTTGGGAGCGAAAGTTTAAACATGCGGGGAGATGTACATAAAGGGATTGTTGCGGAATGTTGAACTTGCGGTGGAAAGTTTAAACATGC	R1	0.005740225315093994
seelig	consider missing + MOI	seelig_cm_moib_zinb_phantom	CTGGCTAATTTTTGTATTTTTCCGTACGCCACATTTCCCGCGCCCCACCGCGGGGCGGGGATTCGGCGCTGGGCTCTTCCCTGTTCACTCGCCATTACTGAGGGAATCCTGGTTAGTTTCTTTTCCTCCGCTGACAAATATGCTT	R1	0.005828327964991331
seelig	consider missing + MOI	seelig_cm_moib_zinb_phantom	TTTCCGATAAGTTATCTTATATGCTTAGAATCGCGCTTCGCGATAACGCGTTCCCGCGTCTTACTTATCAGTCGCGGAAGACGCCTTCCGCGTAACTTATCGCGCGTCTTATAAGTCTTCCGCGAATTCGCGGAAGTTACTTTCT	R1	0.005642933305352926
seelig	consider missing + MOI	seelig_cm_moib_zinb_phantom	TCATTACGCCCCATGGCCGAAAATCACAGCTTTTACTTTTAGGTTGCATTGCCATGAGAGGGGTATCAACGTTACTCTTTAAAGATTGGGCAGAAGCTAAAGTCCTTGCGCGGATGCTGCCTTATGTGTCCGGGGTGGTCTGCAG	R1	0.005914191249758005
seelig	consider missing + MOI	seelig_cm_moib_zinb_phantom	GAAGTGAGGAAGCGCGATATCTCGGAAGGATGCGCGGATGAGTTATTTCTTATAAGAAATAGGACGCGGTTTCTTATAAGTAAGCGCGGAAGCTTTCTTATGAGTTATCGCGGAAGGAAGGAGATAAGGAAGCGCTTTATCTTTC	R1	0.005895133130252361
seelig	consider missing + MOI	seelig_cm_moib_zinb_phantom	ACTTATTGGCGTATCGGCCTTTTTTTTCCCGCGCCCTTTCCCTCTCTTTTTTTTCCGCGCTTTGACTTATTGGCGTATCGGCGTATCGGCTTATTGGCCTATTGTTTTTCTCGCGCTTCCTTTTTTTTATTCTCGCGCGCTTCCT	R1	0.0061836703680455685
seelig	consider missing + MOI	seelig_cm_moib_zinb_phantom	TAGCTTATAAGAATTCGCGTAAAAGCCCTGCGTGTAAGGGGTGTGTCTTCCCGGTAAGGCGCGCCGCCGTATCGCTAATGGCTCAGCCCCCGCTTAACTATATGAGTTATCGCCCGATAAGAAAGATTTCTCTTATTATTGGTCA	R1	0.0061599272303283215
seelig	consider missing + MOI	seelig_cm_moib_zinb_phantom	CAAATAAGCAACGGGGTCCTAGACTGCGGGATCCGCAGATGCCTTATCACCCATCCGCGGAACGCAGATGACGCGTAATAACGATATCTCATATGAAGCGTGGAGGAACTACGTATGAGTCGCTCTCCGATTCGTAGAATTGGTC	R1	0.005841062869876623
seelig	consider missing + MOI	seelig_cm_moib_zinb_phantom	TTTTTTGTTTTGTTCAATGTTGAACATTCTACCGGGATCATTGTTTACAGGTCTACATTACGTAGTCTGACATTTTTGGTTTTTTGTTTTTTTTGTTTTGTGCCGGCATGCCAGGGGTCATGTTCGGACATGTGACCGAGGTTTT	R1	0.005841895937919617
seelig	consider missing + MOI	seelig_cm_moib_zinb_phantom	AGGGAGAGAGGACAAGCCCCGGCATGCCAGGGGGGACAAGCCCAGGCATGCCGGGAGGGGACCATGACCCCAGCGGGAGAGCAGGGGGGCAGTGGACAAACAACCCGGGGCATGCCCCCAGCAGGAGAGCAGTGGACAAACAACC	R1	0.005821248050779104
seelig	consider missing + MOI	seelig_cm_moib_zinb_phantom	TTTTTCTTACGCGGGTCATCACTCGTATGAAATGACTCACGCGACTTCTGATGAGTAATCACGCAATCGGTTCCGCGAAGTAAGATCTGCTATCGGACGCGGCGCTTCCTTCTTATATTGGGAAATCGCTTCATTAGTATGAGGC	R1	0.0060103354044258595
seelig	consider missing + MOI	seelig_cm_moib_zinb_phantom	ACGCACGCGACGGAAGTTCTCCGGGCATGTAGTCGACATGCAGCAGACATGTCTAAGGACTTTGCGGCAGGCCTGCCCAGGCAAACGTCGCGGAATGTTTACCTTTGACCGCAGGTCTACAGACCACTGGAGGTTGTAGTCACGG	R1	0.0059552621096372604
seelig	consider missing + MOI	seelig_cm_moib_zinb_phantom	CTCAGCTCCTTTTGAGGAGCTGTTGAGAAAAGATCGTTTTTTAAGAAAGCCTTATCGTTCCTGTGCATGTGGGTGATGTCATCACACTCTGCCCCCTGGACGCAGATCCTCCATGCTGCCCCCAGTGGGAACACCAGCCTGTGCT	R1	0.006235411856323481
seelig	consider missing + MOI	seelig_cm_moib_zinb_phantom	AATCGGAAACTATCGGCGCGGCGCAACGACGTGCGTCAGACGAAGGCGAAGCGCTTTCTTAGAAGCGCGTGCGCGCGCCATATGCTAAGGATGCGCGTCGTATATCTCGGCGTATCTCATGAGACTGATGAGTTGTTAATAAGAC	R1	0.006229853257536888
seelig	consider missing + MOI	seelig_cm_moib_zinb_phantom	AGATAAGGAAGAAGCGTCCTTATCCCACGAATGCGATTCGCCGTAGGGGCGGGCCAATTAGGAAGTGACTCATCGGGATTCGTTATCTCTCTTTCAGGAAGCGACTCCCCCGAGACGCCGCCCTTCCGCGAAGCGCCGCGCCACC	R1	0.006181180011481047
seelig	consider missing + MOI	seelig_cm_moib_zinb_phantom	GGAGGCGGAAGCGATATCTCCCACGAAAGGGGCGGGCCAATCCGGGAAGAGATAAGAAAGTGAGGAAGCGAGACAGCGTATATGCGGGAAGATAAGGCAGCGTATCAGGCGGAAGCGATATCTCGAAGAGCCGCACCCACAGGCG	R1	0.006169922184199095
seelig	consider missing + MOI	seelig_cm_moib_zinb_phantom	GGATCCGTCGTAACTTCCTCAATTCGCGGAAGATATCGTGCGGCCGCGAGAGTCCGCGTATTTAAGAAACGGCGAAGAAGGGCGCTTCCTTATCTGCGTGGCCGTATCTCGGAAGCCGGTCGCAGACTCAGGATAACACATGCGC	R1	0.00612823897972703
seelig	consider missing + MOI	seelig_cm_moib_zinb_phantom	CCTTTTTTTTTGATGGGCGCCCCCCCCTCCTTATTTATCCCCCCCCGCCCTTTTTTATTTATTGGCTTATTGGCTTATCTCTTTATTTTTTTATTGGCCCCCGCGCGCTTCTTTTTATCCCTTCCCGCCTCTTTTGACTTATCGG	R1	0.005741703789681196
seelig	consider missing + MOI	seelig_cm_moib_zinb_phantom	ATAACGCAGATATGACTTAAGGAAGTGATAAGGAAGCGCGGACCCATGGAGCGATACGCGTTTCTTGGAAAAGATATAAGGAACCGTCCTTATAACTTAAGGAAGTGACATGGAAGCGCGGACCCATGCGTGGGTCCGCGAAACG	R1	0.0061276694759726524
seelig	consider missing + MOI	seelig_cm_moib_zinb_phantom	TATCTTACTTCCCTAGCAGGACGTCACTTCCAAGATATAAGCGTGAGATAGGTCTTCATTAGGACTCGCCCCGCGCGTAAGATAAGATAACGACTCATCCACGATTCGCGTATCGCCTAACGGTGCGCGGTGCGGGTGGGGGTCC	R1	0.006190273445099592
seelig	consider missing + MOI	seelig_cm_moib_zinb_phantom	TGAGGCTTTCATTTCAGCTTCTTCCTGGGCTTTGAAGGAAGGGAGGTAGAAGCTCTCCAGGGAGCTCCACAAAGGAGGCATGACTGGCCTCCTTCCTGCAAAACTGTCCCTGATCTGCTAACGTTGGGGTGAAGAAATCCAGGAA	R1	0.006185868289321661
seelig	consider missing + MOI	seelig_cm_moib_zinb_phantom	GGAGACGGAAGCGATATCTCCCACGAAAGGGGCGGGCCAATCAGAGAAGACGAGGGCGGGCCAATCGGAGAAGACGAGGACAGATAAGAAAGTGAGACAGCGTATATGCGGGAAGCGATATCTCGAAGAGCCGCACCCACAGGCG	R1	0.006173999048769474
seelig	consider missing + MOI	seelig_cm_moib_zinb_phantom	ACGATGAGTCACCCCATATCGCCGTATCAGGAAGCGCATCCGAGAAAAAAGATAACGCGCCATCCGCGAAAGGAAGGGCGGAACGGAGGGCGCATCCGCGAAAGGAGCCGCCTATAGGAAACGGGGGGGCCCCGCCTATAAGAAA	R1	0.006022571120411158
seelig	consider missing + MOI	seelig_cm_moib_zinb_phantom	AGCTGCAGCCCCCACTACCACTCCCCCGTCCCCGCAAAGCCGCGGCAGAAACTTCCGGCGGTGCTCATTCGGAACGCGGCCGACAGAAACACTTCCGGTCGGTGTTGTAGGAAACGAAGCCGACTGGCAACCGAGGGTGAAAGCT	R1	0.006226798985153437
seelig	consider missing + MOI	seelig_cm_moib_zinb_phantom	GGTAGACCGGTAGAACAAACACACAAGGCATGCCGGTGCATGCCCAGGCACCGAACAAACACCCGGTCGACCTGAGCATGCCCCGGGGCAGGCAACCATGACAAAGAAACCCGGTAGACATGTCCGGGCATGCCGGCAGGCCAGA	R1	0.005649079568684101
seelig	consider missing + MOI	seelig_cm_moib_zinb_phantom	CATTCTACCGGGATCAATGTTGACAGTACGTAGTCTGATTTTGTTTGTTTCGTGCTGGCATGCCGGCAAGCTGGCATGCCAGGGATCATTGTTTACAGGTCTACATTACGTAGTCTGTCATTTTTGGGCATTCGACCGGGATCAA	R1	0.005738369654864073
seelig	consider missing + MOI	seelig_cm_moib_zinb_phantom	TCCGAGGGCGGGCCAATCGGAGAAGACAAAGGCGGCGAGAGAGATAAGAAAGTGAGACAGCGTATCTGCGAAGAAGCCGGAAGCGATATCTCGAGGAAGCGATATCTCGAAGAGCCGCACCCACAGACGACAGGGGCGGGGAGAG	R1	0.006668125744909048
seelig	consider missing + MOI	seelig_cm_moib_zinb_phantom	GTTCGGCCGAACTTTATACATAGGCCGCTGTTCACATTACATTACGTAATCCAAAATCAAACAGGGGTGCATGGCATGCTCCGGCATGTTTGTACAACCCAACGTGCCAAGGCACGGGAATAATCCTGGGCATGTTAGACTCTAC	R1	0.005640274379402399
seelig	consider missing + MOI	seelig_cm_moib_zinb_phantom	TTAGTCCGGTCATGTCACCGGACATGTACAATTTCCGGTGGGCTGTATGACTGAACAAGTCCCCTTTGTACAAAAATGGTGACCCCTCTGAACTTTGATCAAGTTGGTTCCGGGGCGGTATAAATTCATTTGATCAAAGGTCAAG	R1	0.005646841134876013
seelig	consider missing + MOI	seelig_cm_moib_zinb_phantom	TCGGGCTTGCAGTCCACCATGCATGCCTGGTGTAATGTAGTCCAGCTTGCTGGGAGATTGCCAATCTACACAAAACATGCCCGGGCATGACCGGAATTGACTCCATTAGTGTCCCACTGCATGCCAGTCCGGAATTTGCCATGTA	R1	0.0062325382605195045
seelig	consider missing + MOI	seelig_cm_moib_zinb_phantom	GCGTATCTTTTTATTGGCTTATCCGCGTTTCTTTTTATTGGTTTTCGCGCGCTTCTTTTTTCGCGCGCCTCTTTTTTTTTTTTCTCGCGCGCTTCTTTTCTCGCATGCTCTTTTTCTCGCCTCTTTTTTTTTTCGCGCCCCTCTT	R1	0.0058157541789114475
seelig	consider missing + MOI	seelig_cm_moib_zinb_phantom	TAGCCCTGGCAGTGAAGGCAAGGGCAGCAGCTTTCTAGCGCCCCTTGTGGCTGGATGGTGGTCTGCCCAATCCTGGTGGTCAACATCAGGAGGCCCATTGTCTGCGCATGCTCTCCAGAGCCAATCTTATTGGTAACAAAGCAAG	R1	0.006305335089564323
seelig	consider missing + MOI	seelig_cm_moib_zinb_phantom	GGAGAAGCGACGCTCACCGTTTAGTTTGGTCCTCAGGACAAAGATAAAGTGATAGAAAGAGGCAATCCAGGCGAGCTGTGATGCATGTCGCTACGGTAATTATTAACCCTTAATATTGAGTATAACGCATTAGCGAACTCCCATG	R1	0.006200501695275307
seelig	consider missing + MOI	seelig_cm_moib_zinb_phantom	TGCATTATTCAAGATCCACATAACCGGACGTCCGACTGCTTGTTCACCGATATTTGATCTTTTACCGTTGGTTGACAGGGAGTAGTGGGCAACATGACTAAACAATTCAATGTTCGTGTGCATACCTCGCTTGCCTTTGGCCTTT	R1	0.006230609491467476
seelig	consider missing + MOI	seelig_cm_moib_zinb_phantom	CGAGCACTCCAGAATGTGCCTGCGCAGAGGCGAAAGGTACAAAGGGCAAACTTTACACAACCGGAAATGTATAGTGGATCTCCGGACATGCCGGGGTATGTTCGGTGGCGAAGCAACCATCGAAGGGCACTCTCCTCCGCTCTTC	R1	0.005647655110806227
seelig	consider missing + MOI	seelig_cm_moib_zinb_phantom	GCGCCCCCCCTTTTTTATCTATGCGCGCCCTTTTTTATCGGTGCCCGCCCCCCCTTTTCCCCTTTTTTTTCTTTTTATTTATTTTTCTTTTTCCGCCTCTTTTTATTGATTCGCCCCCGCCCCTTTTTATTTTTCTTTTTATTTG	R1	0.005639220587909222
seelig	consider missing + MOI	seelig_cm_moib_zinb_phantom	AAGAAAGCGCCGCCCATTTCGAGGAAGTCACCCCCGCGCCGATGACTCATCCGCCCCGCGCACCCCCGCCCCGCGCGCGATTTCTCGGAAGTCACACCCATTGGCCGATTTAATCAGGCCGATGACTCATCACTTCCTTATCTCT	R1	0.005967412609606981
seelig	consider missing + MOI	seelig_cm_moib_zinb_phantom	GGGGTTGGGTTGTGGGGGGGTGGTGTAGACATGCCCGGGCATGTCCCCTGTTGTTTGTTTGGTCATGTCCCCTGCCCTCCGGACTTTGGTTGACATTCAGACATTCCGGGCCCTCTTTGTGTTTGGACATGTCCCCCTCCCCCCT	R1	0.006280431989580393
seelig	consider missing + MOI	seelig_cm_moib_zinb_phantom	TTACATAAGCTTTGGCCTGTGGTCACACATGCCGGCTTGGCCACTGAACAATGCCGGAACACATGGGTTTGATCATGTGGTAGTGTGCCCAGGGTCCAGGCACGTCTGACTGTTGTGCCAATGCCCCGGCATGCCCGGACATGAA	R1	0.005907041486352682
seelig	consider missing + MOI	seelig_cm_moib_zinb_phantom	CAACGGTCGACATGCCCGGGCATGTGTGCCAGTGACCAGAGACATGACCGGACATGGGTGCAGAGGTCAAAAGACCACTGAACATGCCCGGGCATGTCCACAGGACACACAAACAAAACAACAGACAAACCAAACACAGGCCAAA	R1	0.006239754147827625
seelig	consider missing + MOI	seelig_cm_moib_zinb_phantom	AAGGGAATGTAGCGGAAAGTTGAACTTGCGGTGGAAAGTTTAAACATGCGGGGAGATGTACATAAGGGGAATGTTGGGGAATGTCGGAAAGTTGAACTTACGGAAAGTCGAACGATGTTTGTTACGTAAGGGGAATGTTGGGAGA	R1	0.005560814868658781
seelig	consider missing + MOI	seelig_cm_moib_zinb_phantom	GATCTTCCTTATCGCGCGTCTTATAAGTTATCGCTCCGCGTTTCTTCGCGTCCGTTCGCGATATAAGGAAGTGACGCGTCGCTCCGCCTTATCGCGCTTCTTATAAGTCTTCCGCGAAATGAGTCGTCGCTCCGCGGATCTTATA	R1	0.006105111911892891
seelig	consider missing + MOI	seelig_cm_moib_zinb_phantom	AAAATTAGCCGGGCGTGGTAGCAGGCGCCTGTAGTCCCAGCTACTCTGGAGGCTGAGGCAGGAAAATGGCGGGAACCCGAGAGGCGGAGCTTGCAGTGAGCCGATATCGCGCCACTGAACTCCAGCCCGGACAACAGAGCGAGAC	R1	0.006253707688301802
seelig	consider missing + MOI	seelig_cm_moib_zinb_phantom	GAGAAAGTGGTGATTCTGGCGGTGAGGGAGAAGCCCCAGAGGCCTGGGGGAGGTAGGCCACGTGGAGCTGGGTTCCCAGCCACGCCTCCGCTTCAAATTCAATGACAGAGCACGTGATTTCCCAGGAAACGGAGGCTTGCAGCTC	R1	0.005965387914329767
seelig	consider missing + MOI	seelig_cm_moib_zinb_phantom	TCCGAGGGCGGGGCGATGAGGCGGAAGCGATATCTCGAAGAACCGCACCCGCGGGAGAGATAAGAAACGATATCTCGAGGAAGAGAAGGAAGAAGGAAGCGATATCTCCCACGAAAGGGGCGGGCCAATCCGAGAAGACAGAGAG	R1	0.006001919973641634
seelig	consider missing + MOI	seelig_cm_moib_zinb_phantom	AGCTTCCTTATGAGTCGCTTCCCCTCGCTGTGTGACAAGAAGATGCTATATCCCGATAACGATGATTCGTCACTTCCGCGCAATTCGTGATAAATGATTTGGATGCGCGCCGCGTATCGAAGCGCCACCCACAGCGTAGATGCGT	R1	0.006591953802853823
seelig	consider missing + MOI	seelig_cm_moib_zinb_phantom	ATGCTGTTCTGAGTAGTGTGATGAAATCTCATGTCATCCTGCTCACTCCTGCCCGGGATGTGAATCATCCCTTTGTCCAGCATATCCACACTGTAGATGCTCCCAGAACCTTGGCCCATTAGTCACTAGCAGCCATCTTGGTTAT	R1	0.006119845435023308
seelig	consider missing + MOI	seelig_cm_moib_zinb_phantom	AAAACAAATGACTCACAACAACGATAACTCGCAAGAAAGCGCAGTCGCGGAAGCGCCGCCCACATCCAACCCACAACAAAAAAACCAATAACTCAACACCCACATCCAACAAACCAACCAACGAAAGAGGAAGCGACACCCACAT	R1	0.006592890247702599
seelig	consider missing + MOI	seelig_cm_moib_zinb_phantom	CAGACGATTCCGCGTAACTTAGACGCGCGGCGCGCGGACCAATAAGATAAGTTACTTATGGGTGGGGATATCGCGAAACCAGAGGGCGACGTCATCTTTTGCAATCGATAAATCTTAATTAACTTACTTCTCGGAAGCGCCTCCC	R1	0.006226710043847561
seelig	consider missing + MOI	seelig_cm_moib_zinb_phantom	CATGATTATACATGCTTGCCTCGGAATGTCCGGTCACGAGCCCACCGTACATAAATCTCAGCATGGCTCAATCCACGACATGTTTGTTACGTAAACCCCACGAGAATGGAAAAAAACACTGGAAACATGCCGGGACATGACCGTT	R1	0.006210332736372948
seelig	consider missing + MOI	seelig_cm_moib_zinb_phantom	CCCGCGCCGATGACTCATCACTTCCTTATCTCTCGCGCCGCCTATTGGAAGAAAGCGATGACTCTTCCGAGAAACCCACGCCCGCCCCCTTCGCGATTTCGCGGAAGGAAGCGCCGCCCACCCACCCGCCTATTGGCCGATATAA	R1	0.006649516522884369
seelig	consider missing + MOI	seelig_cm_moib_zinb_phantom	GGTCGCGATTCGACGATTCGCGGAAGTGACTTATCACTCCGCGCGCGTGTGACTCATGCGTCAATTCCGCTTAATAAGTCGCGATAACTTACGACTTATTGGCGGACGAAGTCGCTTCCTCGACGCACGACGCGCCACCATTGGT	R1	0.006097573321312666
seelig	consider missing + MOI	seelig_cm_moib_zinb_phantom	CTTCATGCGATTTCTTATCTCCTCTTTCGCGTGAGTCACTTCCTTTCCCTGCGTCTTTCCGATTAGCCCCGCCCCTTATCTCTTCCTCCTTCGGGTGAGTCACTTCCTTATCAGCTCCTCCTTCGGGTGAGTCACTTCCTTTTCT	R1	0.006210938096046448
seelig	consider missing + MOI	seelig_cm_moib_zinb_phantom	CGTAAGCGCAGTGGCCAACATGCCCGGGCATGTCCCGTGTTCCGCACTTCCTTTCCCGCTACGGGTATCGGCGGCGCGCCGGCCTTGGTGTCCAACTTCCCGTGACGTAATATTGAACGTTCACCGGGCATGCTCTGTACAAACA	R1	0.005993184633553028
seelig	consider missing + MOI	seelig_cm_moib_zinb_phantom	GTTCAAGTCGTGGAATAGTCACAATGTGATTTCTCAGCCCAATCAAGTTCCGACTTAGGACAAACACCGGTCTGGCCCTGGCTGCGATTTCTAGGTAGTAGGAAGTTACTGTTTCATCGTAACGAGGCTGAGTCACCCTGTGACT	R1	0.0062032234854996204
seelig	consider missing + MOI	seelig_cm_moib_zinb_phantom	CAATAACGTTTTCACTTCCCCTTAAGACTGATGAGTCATCGGATAGCGCATCCGATAGCGCGAATTGGTGGAAGTCGCGTCAGCGTCTTCGAGGAATGAATACATGATAGCGCGTCCTACATATAAGCATCCTCCACGAATAGGC	R1	0.006618808954954147
seelig	consider missing + MOI	seelig_cm_moib_zinb_phantom	TCCTTCCTTCCTATAGGAAGTTACGCTTTCTTATATTTAGGAAGTTACGCTTTCTTATCTTTCTTCCCGCATCGGCGCGGGACGCCCCCTCTTTAGGAAGTTACGATTTCTCGCAGATACGATGACTCATAAGTGGTTTCGCGGT	R1	0.0066327317617833614
seelig	consider missing + MOI	seelig_cm_moib_zinb_phantom	GGTCTTTTGGACCCCCGGTGCCATGTCCGGACATGTCCCCTGTCCCAGGTTGACATGCCCGGGCATGTTGCCCTGTTTGTTCATTGCCCCCTGGACATGTACATTCCGTCATTCCGGTGGACTTGGGCATGTTTGCCCTTTCCTT	R1	0.006205096375197172
seelig	consider missing + MOI	seelig_cm_moib_zinb_phantom	GCTCTCCTGCCGGCATGCCTGGGCAATCTCCTGTAATGTTTGAACAAAGGTCACATGCCTGGGCATGTCCTTTGTTCAAAGCGAACATTACACAAAGGACTACGGCCGGCATGCCGGGGCACGTGACCTCTCTGTTTGTCCCCTG	R1	0.006197093985974789
seelig	consider missing + MOI	seelig_cm_moib_zinb_phantom	ATGTTTAGTCAGGGTGCCACCGGAACATGCCCAGGCTTGCTCGTTGCCCATTCCCCCCTTCAACCCGAGTCCAAAGGTCATTGAACCTTGGTAGAATGCCTGACGTCAAGTCGATCGTCCGTTAGTCACTGGACTATGTAACCAG	R1	0.006208178121596575
seelig	consider missing + MOI	seelig_cm_moib_zinb_phantom	GAGTGTCTGCCGGAGACGTCTGTGAGAGATGACCTTTTGACCTAGGAAGGAATGCTGTGAAGGTGGGAATGTACTCTCAGCCCTGGCCCAGGAGAGAACGTTGAAAACAGCCCCAGCTTCTCTGCTCACAGGATCTAGCTTGGTT	R1	0.006359016057103872
seelig	consider missing + MOI	seelig_cm_moib_zinb_phantom	TCAGCACATCCGCAGATAAGAAACGCCCGGCCCGCGCCGATAAGAAGGAAGCCACATCAGTGACTCACTGACGGGGAGGCGCGATAGGCGGAGCCACCCGGCGATAACCCGATAACGCGGAACCGCCACCCACGACTGAGAAACG	R1	0.006643491797149181
seelig	consider missing + MOI	seelig_cm_moib_zinb_phantom	CGGTTGGAATAAAGTGAACCTCACAGATATACGGTTTGAGAAAAATGAATCACGAAGTATGAATGTTGCGATGACTCAGCATTGGTACGTCGAGATACTGTGCGGACCGGGCGTTGTCTTTGCCATCCTCACACCCACATCCCCC	R1	0.00623287120833993
seelig	consider missing + MOI	seelig_cm_moib_zinb_phantom	CGGATGACGCTTCCTTATCTCGGGGGCGGGAAGTCACGGAAGCGCTGAGTCACGATGGGGCGTCACTTCCTTATCTCTCCCCCCCCTTTCCAGGAAGTCACGATACGCCGTTCGCGGGGGCCCCCCCGCCGATGACGCTTCCTTA	R1	0.006636228412389755
seelig	consider missing + MOI	seelig_cm_moib_zinb_phantom	GGGGGCAGGAACAATAAAGGACTGAACCTCCTCCAGGCCACACCCCTTCGTCTCGAGAAAGCAGCCCCACACTGCCCTCTGGTGGCAACGCTCACATGGTTATCCAGTTGAGGGGCAGGTCCCAGATTAGAACCTTGAACTGGTC	R1	0.0062292953953146935
seelig	consider missing + MOI	seelig_cm_moib_zinb_phantom	TGAAACTACCTCCTTCAGGTGTCAGTCTCCACCCTTATTGACTTCTTGGGTGGAGCAGGGACCCCGGCAAGCCCATTGGCTGCGACATTTCTCACTCATATTGATTGGCGTCGAGTTGAGCCTATGACACACAATAATGTGTTTG	R1	0.006210661958903074
seelig	consider missing + MOI	seelig_cm_moib_zinb_phantom	GGCTTCCTCGACCCCGCGGGTGAGTCACCCGGATCCGCCTATAGGCGCGGCTTCCTCGACCCGGCGGGTGAGTCATCCGGCGGGTGAGTCATCCCGATATCGCTTCTCAGATATAGGGGGGCGGCGCTTCCGAGGGCGGGGCCGT	R1	0.006692302878946066
seelig	consider missing + MOI	seelig_cm_moib_zinb_phantom	GGGATCCGCACCTTTTTTATAGATGCGAGGCGCCGCGTCTTATAAGAAGCGCCGCCCCTTTTTTTTTATAAGAAGCGAAGTAAAGGGTAGTTATTTCGCGATATCGCAAGAAGCGCCTTCCGCTATCGCATATGCGCTTTCTTTA	R1	0.006204952020198107
seelig	consider missing + MOI	seelig_cm_moib_zinb_phantom	ATTTCATCCTTCCGCGATAACACGCATATAGGAGGAGGCGATTCATCGCCCTCGCGGAGAGATAAGTTCCGCGCCAATTGGGCTTCATTAGGCGGCGCTTACTGAGTATTACTCAGTCTCATGCTTCTAAGAAGTAGCGGAAAGG	R1	0.006019680295139551
seelig	consider missing + MOI	seelig_cm_moib_zinb_phantom	GTGTTTCGGGCCGCAGCCAGCTTGACGTCCATGCAATGTGTGTTTGTGTGTACCTGCCCGGGGTCTGGGTGCACTGCCGACCAGGTTAATGACCTGAACTGTGCAACATTCCAGCTTTGATCAGTGTTTGGTACACCGCATGCCT	R1	0.006195170804858208
seelig	consider missing + MOI	seelig_cm_moib_zinb_phantom	TTGTCAGCTTTTGTTCAAACATCACCGGTCATGTCAAACCAAAGGTCCAAAGTCCTTTGTCCGCTTTTGTTCTCTGGACTTTGCACAAAACAGTCCAAACTGGCTTGCCCGGGCATGTCCAAAGGTTCAAAGGTCAAAGATCATG	R1	0.0062213777564466
seelig	consider missing + MOI	seelig_cm_moib_zinb_phantom	GGAACCGGTGAGCGCGAGTCGTCGAGGATACGCAGGGTGTTATCACGCGAATCTACGCGGTTTACATAATTGTGAGTTATCACTTCCAACACTGACGATGAGTTATCGCTTCAAGATAAAGAAGATATAAGCGAATCGACGTACG	R1	0.006136573851108551
seelig	consider missing + MOI	seelig_cm_moib_zinb_phantom	ATTCCGTTGAATGTCAACCGACCGTACAAACGTAATCCATTACAGGTGCAACATTCAATGTTCATACAGCCGACGGTAGGACCGTGGGCTTAATTCCGTAATTCTGGCAGGCATGCCTGGACAAGACCGTAGCAAAAGTGCATGA	R1	0.006174586713314056
seelig	consider missing + MOI	seelig_cm_moib_zinb_phantom	ACGATGAGTCACCCCCGATCGCCATATCTCCATATCGCGGAAGATATAAGCATATAGCCCCACCCATAGGCAGATCTGGGGGGGTGGGGGGGAGGAAGCGCATCCGCGAGGGGCGGGGCCTATAAGGAAGCGTATCCCGGAAAAA	R1	0.006559332367032766
seelig	consider missing + MOI	seelig_cm_moib_zinb_phantom	AGCTGGGAGGCAAGGCCCAGTCCGTGGCTGTGTCAGGCGGGGCCTAGTGCTGGGACGCGGGGCCGAAGTCTGTGGGTGTGTCCGAGGGGCGGGGACTAGCCTGGAAGGCGGGGCTGAGGTCTGGCGCGGGGCTGAGAAGGAAGGT	R1	0.005813032854348421
seelig	consider missing + MOI	seelig_cm_moib_zinb_phantom	TTCTTTGGTCGTTGGTCGACCATTGACCGACGACGGCCGTTCGTGTGACCAATGGTGGTTGTTTGGACATGTCTACAGACATGTCCGAAGACCACTTTGGACGTAAGGTAAGTGAACGTTGACCGTTCGGCACATGTCCGGACAT	R1	0.0061030094511806965
seelig	consider missing + MOI	seelig_cm_moib_zinb_phantom	CGGCGCGCGATTTCTTGAAGATAAGATATCTCGCAGATACGATGACTCATAAGTGGTTTCGCGGTTTCGCGGTTTCGCGGATTCGCGGGACGCCCCCCCTATAGGAAGTTACGCTTTCTTATCTTCCTTCACGCATCTGCGCGGG	R1	0.006043771747499704
seelig	consider missing + MOI	seelig_cm_moib_zinb_phantom	GGATGAGTCAGCGAACCGGCTAGTGATAACTCCTCATGATGAGGCGGAGCGGCAGCTCCTCCGGCGATAGCAGTTCCTCGAAGAAGATAACGGATCATACGCGCCGCCTATCGCGGCAGCGCGCCCTTATAAGCAGAATATAATC	R1	0.006603817455470562
seelig	consider missing + MOI	seelig_cm_moib_zinb_phantom	GGTTCCGCGACTGGCGCCGCCCCCATGGGCCACGCTGGTCCTGGAAGATGAGAAAGACGCTTCCTTATCTTGCAACGCCCCTCCCGCAGTACTATATTGGAGCTGGAAGCGGCGTTTCGCGTTGAAGATAAGCGATAAGGTCCTC	R1	0.006235991604626179
seelig	consider missing + MOI	seelig_cm_moib_zinb_phantom	AAGAGTTATCGCAGCCTGATTCTTATAAGCCCTCAAGCGCATGCGCGCGAGGTCCCGCCGTTGGGGCTGTCCTTATCTCCGACAGCGCTTCTTCGAAGCCTCATGAGTCGGATGCGATACGATGTCTTCAAGAACAGATAAGGTA	R1	0.005937119945883751
seelig	consider missing + MOI	seelig_cm_moib_zinb_phantom	GTTCCGAGAAGCCGCGCCTATTGAGGAATACGGATGCGTCTTATAAGAACGCGATAAGAAATTACTTTATGATATTCTTATCACTAACTTCCTCAAGCGACTCCTTATTCATCAGACCTTGAGGAAGCGACTCCTAGATATCGTT	R1	0.005980165675282478
seelig	consider missing + MOI	seelig_cm_moib_zinb_phantom	GGAACCATGGTCACCTGGGCACAAGTCCAGTGCAAAACATGCCCGGGCATGTTCGCGGTCGACCATAGGTTGGTGGCATGTTCACCCCTGACCACCTTCGGTCAAATTGCATAATGTCGAAACAACCAATGTTTGTACAGTAGAC	R1	0.006212916690856218
seelig	consider missing + MOI	seelig_cm_moib_zinb_phantom	AGCCCCTATCCGCCCCACGATGACTCACCCGCGGGGGGCGGACCCCTATCTGCGAGTAACCCCCACCCCGTATCTCCCTATAGGGCGGGCGATAACTCAGGATATGGATAACTCAGCCTATCGGCGGGGGAGGGCGCGCCACCCT	R1	0.006251538638025522
seelig	consider missing + MOI	seelig_cm_moib_zinb_phantom	AAGACAGATAACGCGGAAGCGCGGCGCGCCGCTGACTCAAGAAGCGACACACCGCACCGATACGCCGATGAAGAAGCGACACCCACAGAAGCAAGATAACGCGGAAGCGCCCACCCGAGAAAGCGCCGCGCCCACACGCGCCGAT	R1	0.006167901214212179
seelig	consider missing + MOI	seelig_cm_moib_zinb_phantom	CCCACAGTCATGTCGGCAGTTGACGTCCGAAGGTCCAAACGTACGTTGGTTGTTTGTTTGAACGAACGTCCAATGACCAAAGTCCGTTGGACGAACGTCGGATGTTTGTTTAACCGGACATGTTTGCCTAAGGGCCATGCGCAAG	R1	0.005983707029372454
seelig	consider missing + MOI	seelig_cm_moib_zinb_phantom	GGGTCGCTAGCTTGGGCCTTTCTATAGCAGGAACAGGTTCAAAGGTCATTAAGCGCGGTGGGTCAGGTTCAAAGGTCAGCAGGTAAAGGTTCAAAGGTCAGACGCCCCAGGTTCAAAGGTCAAACAGGTTCAAAGGTCATCCGTA	R1	0.006001092027872801
seelig	consider missing + MOI	seelig_cm_moib_zinb_phantom	AACCCTCCTTAGAGAAGAGAAATAGCGGTTCTCGTATCTGCGGATTACTCAATAGGATGAGTCGCATCGTCTGAGTCGTCCAAGCGCGGGGCGGCGCGTCATTACTTTTTTAAGTAACGCTTTTCACGGAAGCGATTTCCGCTAA	R1	0.005908303894102573
seelig	consider missing + MOI	seelig_cm_moib_zinb_phantom	CGTAACGTTATATCGCGTATCGCGCGTTTTGATATATATGGAACGCGCCCTTATTTATAAGAAGCCGCGCTATAAATAAATTTGTATCGCGCAACCCTTTTCTTATAAGGAAGCGCCCCCCCCTTTTTAGATATCCCTTATTTGG	R1	0.006201491691172123
seelig	consider missing + MOI	seelig_cm_moib_zinb_phantom	CTGCGTCAAGAATGGGTCTGATAACGCGTCTTATGAGTTACATGCGTTATATCTCCTTAGGAAGCGCCTCATCGATACTACGCTTCCCGTCCTCTTATTGGAGCCATATGCGGCGAAAAGATACGGCGCTTCCAGGAACTCACTA	R1	0.006050337105989456
seelig	consider missing + MOI	seelig_cm_moib_zinb_phantom	TTGACGCGGGGCCACAGATATGACTTAAAAACTTAAAAAAGAGATAAGGAAGCGCGGACCGATACGTGGGTCCGCGATTCCGCGAAAAGATATAAGGAACCGTCCTTATAACTTAAGGAAGTGACGAGGACCCATGGGGCGATAC	R1	0.005981552414596081
seelig	consider missing + MOI	seelig_cm_moib_zinb_phantom	GTATGTTTATGTATTACGTCACCAATGAACTCAAGCAAACAACAGTCGACATGTCTGGCCATGTAAAGTGGCAAAATTCCGGCTTTTTGAACAAAGCGCAAAGTCCTTTGCCTTTGAACTATGGCCCTATTCCCTCTCCGGTCAA	R1	0.00567416800186038
seelig	consider missing + MOI	seelig_cm_moib_zinb_phantom	TGGCATCTGCTGACACCCTTGCCCAGATTCCTGACTCCTGCATTTTTTTCTTTTCCAGTTTAAGCGGCTGCAGGGCAAGAGGAACCGAGGGAGAGAAGAAATCAACTTTGTGGAGATCAAAGGTGATGACCAGCTCAGTGGGGCC	R1	0.005862036254256964
seelig	consider missing + MOI	seelig_cm_moib_zinb_phantom	TGATTTTATTATAATTGAGTTTTAATCTTATCTCGTCATCAGATATAGATAGGCAGACCCCAAAAGCTAAAAACCGCCCTTAGGGGCGGCTCTTCCGGTTTATAAGAAGCGCCGTTTCCCGGCTCTCTATAAGATGTGGTTTCTT	R1	0.005998154636472464
seelig	consider missing + MOI	seelig_cm_moib_zinb_phantom	GTGCAAAGGACAAAGATCACGCAACATGCCCGGACATGGAAGGTGGCGTGTACAGCAGAGCACCAGACGGTCAGCATTACATTCGACCAGTTTACCACTGTAATGATGGTCAGGGGTTGAACGTACGGTGGACAAGCCCAGGCCT	R1	0.006043413653969765
seelig	consider missing + MOI	seelig_cm_moib_zinb_phantom	GAGTAACTTCCGGAAGATATCGCTTCCGGTTCCGCGTCTTATAACTCCCGCCCAATGAGTCACTTCCGCTTTCGCGGAAGATATCATCCGCGGCTGATAAGACCCGCGCCTTCCTGCGAGATATCGTGATATCTTCCGCCTTCTT	R1	0.006669231224805117
seelig	consider missing + MOI	seelig_cm_moib_zinb_phantom	ATTCAAAGCGCCCAAATCATGTTAAACATTTACCTTTGTACAATCCCCTTCAGAGCTTGAGCTGGTGCACTACGGGCATGTTTATACATAATTGGTCGGTCGGGCATGCCCGGCGACCTAAGCTTATCTATTTGCTGTAATATTA	R1	0.006209961138665676
seelig	consider missing + MOI	seelig_cm_moib_zinb_phantom	CCGTAAGATATCGCGGATGCGACTTATAAGAAACTACGGATCGCACCGCGGGGCGGAGCCGTTCGCGGACTGCGTTTCCTGACGTTATATCTTATAAGGAAGTCACTTCCGCGAAATCTGGCGAAGGGCCGCGCAACTTACTGTA	R1	0.005977805238217115
seelig	consider missing + MOI	seelig_cm_moib_zinb_phantom	CGTATATCTTAAGGAAGATATGACTTAAGGAGGAGCGATACGCGTTTCTTGGAAAAGATATAAGGACCCATGGGCGGTTCCTCGATACCTTATATCTTGAGGAAGTGATGAGATAGGGCGGAACGATACGTGGGTCCGCGAAAGG	R1	0.006593992933630943
seelig	consider missing + MOI	seelig_cm_moib_zinb_phantom	AAACTTCCCTTTGTTCAAACATGCCCGAGTTTGTACAAAAGTCCACATTACCGAACAAACATGCCCGAACATGTTTACTCCCGACCTTGTTACCGACCGATTTTGTTTGTTTACATACATGACCAAACTTCTACAATTCTTTGAC	R1	0.006178664043545723
seelig	consider missing + MOI	seelig_cm_moib_zinb_phantom	GTAAACATTCTGTGGCTCCCAGCAGAATTCTGTTCACTGTTACCACGGAAGAAGTGATCAAAGAGAAGGGGCTCTGTTGGGTGCATGCCAGGGCAGAGGTCAAGGAAAAGCCACGGATAGGGACAAAGAACAGCTTGACAAAGGC	R1	0.0062823183834552765
seelig	consider missing + MOI	seelig_cm_moib_zinb_phantom	GCCGCGAGGCGCGTTCTCACGAATGGCTCAGTGGCGGGTAACAGCCAGGTTCAAAGGTCAGTACGAATAGGTTCAAAGGTCATCTCTGCGAACTATGCTCAACGACCGGTCGTCGTAACTCAGGAGTAGTAAGGTTCAAAGGTCA	R1	0.005941621493548155
seelig	consider missing + MOI	seelig_cm_moib_zinb_phantom	TGATGAGTCATTTCCGATATCTATTCTCGCGCATATCTTTAAGATACGACGCTTTCTCAACCGCGTAGTAAGTGATACGACTCGCGCGGCGCTTCCTAGAAACCCCGATATAAATGCATACGCGTGATAACGTAACCCCCGCAAA	R1	0.005888740066438913
seelig	consider missing + MOI	seelig_cm_moib_zinb_phantom	GACTTGCTGTTTTCTGGGTCCCATGAATTGGCAACCCCAGTCCCGAAATAGAAAGTTTAGGATGGAGTCATTTCTGTGTGTCAGGTGTCAGCCTTGAAGTGCTGATTGTGGCAAACAAGGGCAGACCGTGCTTTAGGAAGACCGT	R1	0.005968424957245588
seelig	consider missing + MOI	seelig_cm_moib_zinb_phantom	TTTTTGTTTGTACAAAGCTCTGTTTGACCCCTGCGGGCATGCCGGGGCACGTGACCTCTGTCCGGTAATGTTTGAACAAAGCGAACATTACATGAACCTCTGCTGCTCTCTCTGTTTGAACATTCAAAGCGAACATTACATAAAC	R1	0.006104600615799427
seelig	consider missing + MOI	seelig_cm_moib_zinb_phantom	CCGAACCAAAATTGCGTCCGGTGGGTTGATCCTGTTTGGAGTACATACCCCGGTATGGATTATGTAAAGATCACTGGACATTCCAGGCGTGGTGGCAAGGGACAAGACCGAGGCCAGGTGGTTAGGTGGACGTGACTAGTTTGGC	R1	0.00611505564302206
seelig	consider missing + MOI	seelig_cm_moib_zinb_phantom	GTCAACCATTACGTAATTGTGTAAACATGCCCAAACAAACTCCCCTTTGAACTTTCGCTCCACAGCATGTTACCCACCCTGTTAGTTCCAAAGTTCAAACTTCCGCTCTCATGTCAAACATCAAAACAAACAACCATTACGTAAT	R1	0.0059722717851400375
seelig	consider missing + MOI	seelig_cm_moib_zinb_phantom	GGCTTCCAGGACGCGCGTTTTCTTCCAGATAAGGCTTCCGCGAGATAAGGTTACTTCCTCGTAAGGCCCCGCCCATGCGCTTTCTTATCTGTCTTCCCTCCCTGAGTCAGCGCCTCCGATAGGCGCTGACTCATCCTTCTCTTCC	R1	0.006611852440983057
seelig	consider missing + MOI	seelig_cm_moib_zinb_phantom	GTTCACCCCTACCTACTCTCCCACCTCCGGAATGTTTGTACTTTGGTCTCCTGTACTGCCGTCACCTCGCTCTTGTACCAACATGCCCGGGCATGCCGGCCTGCCTGCATGAATACAGAATCTTCCACCTCTCTAATGTTTGTCT	R1	0.006062723696231842
seelig	consider missing + MOI	seelig_cm_moib_zinb_phantom	TGAGACGTAAGTGGGACCAGCAAATGGTTGCTGTTCTGTTTCTGTAGACTGACTAGAACAAGGCTAGAGAGGAAACAGAGACTGGCATTCATTCAGTGCCATTTGCAATGTGGAATGACTCATGCTTGCCTGGCCCCTGGTGAGT	R1	0.006598626263439655
seelig	consider missing + MOI	seelig_cm_moib_zinb_phantom	GGAATGAATGTGCATGCCCCCATGCCGGGGCCTGTGGACATGCCCGGGCATGCCCCGGAACGTGACCCTGTGACCAGGCCGGAATGGAACAAAACATGTCCAGCCAGGCATGCCCCCCGGCAGGCCCCCCGGCATGCCGGTGAAT	R1	0.006102881394326687
seelig	consider missing + MOI	seelig_cm_moib_zinb_phantom	GTTAAACAAAACCTTTGTTCAACACTATCACTGCAAACATGCCCGGACATTTCCACTGCTGACATTCCCTATTACATAATGTTTGTACAAACCAAAGTTCAAACAAACCAAAGTTCAAACAACTCCCTGTCAGCTAGTTGAAACA	R1	0.006656414829194546
seelig	consider missing + MOI	seelig_cm_moib_zinb_phantom	CCCGTGCAGCGCTTTCTTCGAAGGAGCGATAACTCGTGCTGAAGAAAGCGTCAACCTAGATAAACTTATCATTCCGCGAAGCCCCGCCAATGGAGATGATTCGTCAGTTCCGCTTCTCGCGATGAGTCACTGACTGGAGGAGCGT	R1	0.005955121014267206
seelig	consider missing + MOI	seelig_cm_moib_zinb_phantom	GCTGACCTTTGTACAAAGGTTCAAAGGTGGACATGCCCCGGCATGTCCGGACTTCCGGTCGTCCGCTGGGGATTGTCTAAACAAGCCCGGACTTCCGGTCAGGATTGCCTCAGCTGACCTTTGTACAAACAGGGACATTCCGCCG	R1	0.0058945827186107635
seelig	consider missing + MOI	seelig_cm_moib_zinb_phantom	GCTTCCAGATATCGCGCCACCCCGCGAGTTACTCGCGCGGCGCTTCCGAGATATCGCGCTTCCGAGATATCGCTACGGGCGGTTCCATTTGCGGGTGTCGTTATCCGCGCGTGGCGCTATCGCTTCTTATATCGTGCGCTTTCTT	R1	0.006659060250967741
seelig	consider missing + MOI	seelig_cm_moib_zinb_phantom	CCCGTGCCGGTATCAACTCTCGCGATCTCCGAGGCCGCATACATATTACCCACAATTCCCTTTCCTTTCTCTCTCCTCCCGCCGCCCAAGATGGTGAGTGAGCTGTAGTTCCGTGGCACTATAGCCAGGTTCCGGCTGTATCCGC	R1	0.0065831830725073814
seelig	consider missing + MOI	seelig_cm_moib_zinb_phantom	CACGAAGTAGCGCTTTCTCGGAAGGAAGCCTCGGCGGATCGGAACGCCCATATCTCTCCCGCCCCCCCTCCAATAACGGCGCGGGCGGCGGGAAAGGCTTTGCGTGGCGGGGAAGAGTGATGAGTCATCCGAACCGATAAGATAA	R1	0.006619740277528763
seelig	consider missing + MOI	seelig_cm_moib_zinb_phantom	CTGGGAAGTGGGGGATGAAGCTTGCTCAGTGCAGTCTGAGCCGTGGTGATAAACATATCACTTTATGGTCCACTGACCTCACCAAGGAACCTCCTTTCCCTACTGCTCCTCTCTCCACGGCATGGCCCGGTGACTCATACTCAAC	R1	0.006665356922894716
seelig	consider missing + MOI	seelig_cm_moib_zinb_phantom	CGCACATGTCCGTCAAGAACGTTCACTTAGGACACATGTCCTCTCAAGGTATTGCTCCATATACATGTCGTGCACATGTCCAGCGGGTCGATCGATCCTGTTCGTAATGTCTTGAAGACATGTCCGACACATGTCTCTGGTTTTA	R1	0.006204766687005758
seelig	consider missing + MOI	seelig_cm_moib_zinb_phantom	CGATAAGGCGCGGATCCGATAACGTTTCTTCGTTATCTTTCGCGGAAGACGCTTCCTTATCGCGGATCCGCGGATTCGCGGATCCGTTCGCGTTATAAGTCATTCGCGGATCCTCGTAACTTATTGCGTTTCCGATAAGTTAGTA	R1	0.006564566865563393
seelig	consider missing + MOI	seelig_cm_moib_zinb_phantom	CACTGGTGCGGGGCTAGCGACCTGGTTGAGGTCTGCGGGGGAGTGCCGGTTTGACTCCACCACCCACGGACACCAGCTCCTCTTCCGGTCTCCATAACGCGCATGCGCATCACTGGCCTTTAAACGTGCACCGCCGGTCCATCCG	R1	0.006764363497495651
seelig	consider missing + MOI	seelig_cm_moib_zinb_phantom	GCAGCCTCATCCTACGGGGCCCCGGAAGCGTAGCGCATATAAGAGTCATCCAGCTCCTCCCTCATAAGATTCGGCCTATTCGGATGACTCATAATTTTATCTTGCAGGACGCATCCTAATCTTATTAGCGCGTATCGCTAGGATA	R1	0.005947250872850418
seelig	consider missing + MOI	seelig_cm_moib_zinb_phantom	TCAGAGGGAAGGAGGGCGGATGACGCGGAGCGCGGACCGATAACGCGATAAGCCGGAAGCGCCCCCCACAGATGAGTGACTCAGTGGGCGGGGCCACCCGCGGGCGGAGCCACCCGCGCATCCGCGACTGAGAACCCGCATCCGC	R1	0.006667244713753462
seelig	consider missing + MOI	seelig_cm_moib_zinb_phantom	GCATATCCTCCACGGCGCTAATCGGCGTATCGCTTCCGCGGGCGATATACGACGATCCGCCCATTCTTAGAATCCAATAAGGAAATAACGTTACTTCCTCTGCGTCAGATCTTGATATCGTAACACCCGCCAATTGTAACTTATC	R1	0.006051796954125166
seelig	consider missing + MOI	seelig_cm_moib_zinb_phantom	CAACAAAGGACATGCCCGGTCATGTTTGACACTAGGGTCGCTTTACGGTGGAACATGACTAACCTAACCGAGCTTGTATGGGTGCTCGACCGGAATACAGGGTCACAATGATCCCGTGTGCTGCGGCCTCCGACCATAACACTCC	R1	0.00597017677500844
seelig	consider missing + MOI	seelig_cm_moib_zinb_phantom	TGCCCAGAACAAAACCGGAATGAATGCCCGGGCATGCCGGCATGCCCAGGTAGACATGCCCGGGCATGCCCCGGACCGTGCACCGACAGGAATGTGACCGGGCATGCCGGGCCAGCCAGGCATGGACATGCCTGGACGTGCATGC	R1	0.006565415766090155
seelig	consider missing + MOI	seelig_cm_moib_zinb_phantom	CATGCCCCGGCATGTCCACAGCGGCATGCCGGCCGGAGTCCAGAGGTGAACAAAGGCCGCAGTCCGGAGGTGACCGAAAGTCCAGAGCAGGAGACATGCCTGGGCATGCCCCCCTGCCCCCCTGAGAGCAGGGGTGAACAAAGGC	R1	0.005970847327262163
seelig	consider missing + MOI	seelig_cm_moib_zinb_phantom	GAGAGGCACTTACGCGTAAGTAGCGCTTCTTATACGTGAGACGTCGTGGGAGCGATACTTCCTTATAATAGGATACGCTATTCTAAAAAAGCGCGACGCGCGCTTCTCTCTCGCGGAATAACGGTGTGGGGCGTCGCGCTTTTCT	R1	0.006142241880297661
seelig	consider missing + MOI	seelig_cm_moib_zinb_phantom	TATTTACGAGATACGCCCTATCGTATTGGTCCGTCCAATAAGGAAGAGGAAGACGTTTCGCGCTACTAATAATTCTTATATGCGGCGCTCCGCGATATCCGACGCATCGGCAGGCCGCGACAGATATAGCAATTGGCTGCTAGAC	R1	0.006724851671606302
seelig	consider missing + MOI	seelig_cm_moib_zinb_phantom	GATCGGGGGGGGAGGAAGCATATAAGCACATCCAAGAAAAACGACATCCGCGAAAAGCCGCGCCTATAAGGAAGCATATAAGGATAACGCGGCGCCTATCGCCATATCTGACTCACGCGGACGATATAAGGATGAGTCACGCCCG	R1	0.006590355187654495
seelig	consider missing + MOI	seelig_cm_moib_zinb_phantom	TCAAATCACAGCGCCAACCAGAGGGTATGACAAAATCACAGCAAATCACAGCTAAAAGGTAGCTTACGCAATGGTGAGATCGGAAAATCACAGCTCTGGATCTGGTACAAAATCTTCCCCAAATCACAGCGTGCGCATTCGGGAC	R1	0.005972599610686302
seelig	consider missing + MOI	seelig_cm_moib_zinb_phantom	GAATTACGTTAATCGCGCGTATCTTATCGGCGGAAAGTCGGGGGGTCGAGACGCTTACTCATCGCCGGACGGGCCGATAAGAAACGCTGACTCGCAAGATCGCATAGGTTCCGATTTGTCGGATGAAATCCCGCAAAACTTCGGG	R1	0.00594789395108819
seelig	consider missing + MOI	seelig_cm_moib_zinb_phantom	TATTTGGAGGAGTTATATGCTAATTATGAGTCATCGGGTGGGGCGTCTTATAAGTCTTCTAGCGGATCAAATCCGCGGAGCGACGCGCTGCGCCAGCGGGAGGCGCCGCCTCCTGCGGATAACGTTATTTCGCGTAATCTTATAT	R1	0.0066795749589800835
seelig	consider missing + MOI	seelig_cm_moib_zinb_phantom	GGTCTCTGTTAGACATGCCCGGGCATGTCTCCGGACTTGTTTATACATTCCGGTTTGCTGGGACATGTCCATTCCGGTGGCCCTTGCCTGCCGTCCGGACTTTGGTTCACATGTTTGGACGTGGACATGTCCGGGCATGTCCCCT	R1	0.0065829455852508545
seelig	consider missing + MOI	seelig_cm_moib_zinb_phantom	TCTGGACATCCCCGGGCTTGTAGTGCAAAGCTCTGTCACATTCCATCTATGAACTTAGGTTGACAGTACGGAGTGAACGTCGGCATGACAGGACTTTGATTGTGACATGGTCGCTAGGAACAAGCCCCTGACCGCCATGCCACCG	R1	0.0058948262594640255
seelig	consider missing + MOI	seelig_cm_moib_zinb_phantom	TGTTGCCCGAAACACCCGTAACGCACGGCGTACCGTGTATCAAAGTACTCGGACGCGGGTTTGGTAATTATTAACCTAGAATCCTATAACTTAGGTAATTATTAACCCAAAGGCTCCGTTCAGTGTCACTACGATACCACCTCAA	R1	0.0065867411904037
seelig	consider missing + MOI	seelig_cm_moib_zinb_phantom	CGCCCCTCATACGCATAAAGTCATAACCCTCACGTTCTTATTGCGTCATCCGCGAGGCTAAGGAGCGCCCATCCCTTATCTGACGACTCTTAAGAGAAGCCGCATCCATCGGCGTCGGAGATAAGATATCTCTTAGAAACTGCCT	R1	0.006551698781549931
seelig	consider missing + MOI	seelig_cm_moib_zinb_phantom	GATCACGCTACTTAAATCCGCGGAAGAGATCCTTACTACTCCGATAAGGAAGCACACGCGTCTTTCTTAGAAGAGCCGCCCGCTATAGTAGGAGATGAATGGGTGACACACGGATGGCGCGATACCGCTTTCGCGAAATGAGGAT	R1	0.006720731966197491
seelig	consider missing + MOI	seelig_cm_moib_zinb_phantom	GGGGCTTATCGGAAGTCGCGCCCCTTTTTATATTTTGCGTAAGGCGCGCCACTTTATCGAGAAAGCGCCTTTCTTGAAAAATATCGGGATGTGACGCTTTCGAAGACTCATACGCCTCCTCTTTCTTATATCGCGTAACTTTTTC	R1	0.006055323872715235
seelig	consider missing + MOI	seelig_cm_moib_zinb_phantom	TGCAGCTCACGAACTCCGGAATGTTTGTCCATGACCGCCATGACGTCAACATTCCAGTGCACAAACCTCTCTGTGACCATGACCCCCATCATGTCTGGCACTGTCACCATTACGGAATGTTTAACCTTGGTTGCCAAGGACTCTC	R1	0.006017113104462624
seelig	consider missing + MOI	seelig_cm_moib_zinb_phantom	AACAACCATTACGTAATTGTGTAAACATGCCCAAACAAACTTCCCCCAGCATGTTACCAAGTTTGAACTTTCAACCTCATGTCAAACCTAATGTTCAAACTTCCGCCCCCCAGCATGTTTGACCTACTGTCAACCATTACGTAAT	R1	0.006697341799736023
seelig	consider missing + MOI	seelig_cm_moib_zinb_phantom	CTGCATGACGGCCTCAACACAGAATGTTCCACCTCTCTAATGTTTGTCCTTCGGTCTCCCGTCAACATGCCCGGGCATGCCTCCGGAATGTTTGTACTTTGGTCTCTCTCCCTCCTCTACTGCTGTCACCTCGCTCTTGTACCAA	R1	0.0065550231374800205
seelig	consider missing + MOI	seelig_cm_moib_zinb_phantom	AGTAGCGTGATGAAATCCTGCACCATCCCACCCAGGATGTGAATCACCTCTTTATCTAGCAGATCCACACTGTCTACGCTACCGCCCATCACTTAGTAGCCTGCTCAGTTATCAAACAACTGACTCAATATCATAGTGGCTGTCT	R1	0.006541852373629808
seelig	consider missing + MOI	seelig_cm_moib_zinb_phantom	CTAAGGTTCAGTAAGCGAGTGACGCGTCATTAAGATATCGCGTCAGCTTTTCCGAGAAGCGCGGCCCCACGCGCGGGTCCGATCCGCCGATCGAGGAGATAACTCAGTTGGGCGTCTCGCTTCCTCATCCTTATCTAGTCTTTGG	R1	0.006592453923076391
seelig	consider missing + MOI	seelig_cm_moib_zinb_phantom	CGCTGACGATGTGAGGGATATCTGATTGGCGCGCCGCCGCGATATAAGGAAGCTAACTCCGCAGACTCAGACGCGGTAGCGCCGTCTGCTTCCTAAGGTTTCAGGGGGCGGGTTTCGCGGATCCTATAAGGCGAAGCGCCGCGTT	R1	0.0065541514195501804
seelig	consider missing + MOI	seelig_cm_moib_zinb_phantom	GCCCGCGGGGCGGCGCGTCTTCGGATGCGCTGTCTTATCGGTCCCGCGCGTCGCCGATGGGGCGGGGGCGCCTCCGATTGGGCGGGTGGCGGGTGGCGTCGCCGGCGGATCGCGTCATCGATGTATGTCTTCTCCGAGTTATCGT	R1	0.006688499823212624
seelig	consider missing + MOI	seelig_cm_moib_zinb_phantom	GGTCTCCACCCACGGGAAGGAGGCTGCCAATCACAGCATGCCCACCCTCTCCTCCACCCATCACATGACGCAGGTCATGTGGTGGTCACACGACACAGGCCTGCCTCTGTAAAGCATCTGTGCCCCTGGCCACAGTTGATTGGTC	R1	0.006603611167520285
seelig	consider missing + MOI	seelig_cm_moib_zinb_phantom	GCAGCATCTGCCCCCTTCTGGGCATCAGTCACAGCGCCTCTGCTCCCTCAAGCACCTGATCTTGTACCTACTTCTTCTAAAGATGAAAAGGACTTTCTCCAGGTAGAGGGAGGACAAGTGATGGAGGAAGGATGGATTCGGTTAC	R1	0.006564986426383257
seelig	consider missing + MOI	seelig_cm_moib_zinb_phantom	TTTGACCATGCACGTCCGTAATCGTAAAGTGATTGTGATCTACGCACAGGAGTCCGTAGGGTATAGTACAGAGAGCTATACAGCTCAGACAAACATTTCGGCCGTCATACTGTTTTACACAAACAACTCCGGGCATGTTTATTCA	R1	0.00659337779507041
seelig	consider missing + MOI	seelig_cm_moib_zinb_phantom	CAGTGTTGTGTGTACAGTACGGCTCTATGGACAAACTCTCTCGAGGTTGGTAGTCCAAACATGTCTGGGAATTTTGAACGCTGACTTTTGTGGTCGTGTCACGGGGCATGACCGAAACTGGACAAAGGGAAAAATTCCGGTACAG	R1	0.0067732371389865875
seelig	consider missing + MOI	seelig_cm_moib_zinb_phantom	GGCCACTTGTGGAAGCGGTTCCGCGATATCGCCGTGCCCAGCTCCAAGAGTATGGGCTTATCCGTATATCGCATATCGTACTCGGGAGTTGGGTCCCGGAAGAGAAGCGCTACTTCAGCGTGATGAGATATCTGCATCCATAAGC	R1	0.00654262350872159
seelig	consider missing + MOI	seelig_cm_moib_zinb_phantom	TTGTGAAAAATTCCGGTGATCGTTCAACAGGGTCGGCGACCAGGGCATGCCGACTTGATCCCAAAGATCTTTGACCTGAGTCCTTTCGTATACTGCAAGGGTTATGTTCGGTACAAGTCTCCGCAACTAGGTCTGGACTTGACTT	R1	0.005955798551440239
seelig	consider missing + MOI	seelig_cm_moib_zinb_phantom	CCTGGCCTTGTACACTTCTGCCCATGATTGGATCATGCGGCAGGTTCGCGGCTCGGTCGCAAGGTCACCGGACTTAGGCTGCCGGCATGTTGACTACATGTCCGGGCATGCCCGCCGGGTACTGTCCAACTTCCGGTGGTCTGCA	R1	0.0066023883409798145
seelig	consider missing + MOI	seelig_cm_moib_zinb_phantom	GCTGGCATGCCGGGGCACGTGACCTCTGTCCGGTAATGTTTGAACAAAGCTCTGTTTGTTTAAACATTCAAAGCGAACATTACACAAAGCTCTGTTTGACCCCTGTAATGTTTGTACAAAGCTCTCCGGCCGGCATGCCGGGGCA	R1	0.006584776099771261
seelig	consider missing + MOI	seelig_cm_moib_zinb_phantom	CCCACCTACTCACCTATACTCCTACCGACCAAGTCCGTTCAACTATGACCTATACCGTAAGTTTGTACACTCCTCTCCTACCCTCCGACCTTGTCCAAACATGCCTGACTGTACATGTCCAAACATGCCTGAACATGTTTACGCC	R1	0.006044997368007898
seelig	consider missing + MOI	seelig_cm_moib_zinb_phantom	TCTCTCCTGTAATGTTTGAACAAAGCAAACATTACATAAACGTTCGCTGTAATGTTTGACCCCTGCGAACATGCCGGGGCACGTGACCTCTGTCCGGTAATGTTTGAACAAAGCGAACATTACATAAACATTCAAAGCTCTCTGT	R1	0.005888522602617741
seelig	consider missing + MOI	seelig_cm_moib_zinb_phantom	AAGCGATATCTCCCACGGAAGGGGCGGGCCAATCGGAGAAGACGAAGGAAGATAAGGAAGGAGGAAGCGATATCTCGCAAGAAAGGGGCGGGGAGAGAGATAAGAAAGTGAGGCAGCGTATCTGCGAGAGCCGCACCCACAGGCG	R1	0.006573811639100313
seelig	consider missing + MOI	seelig_cm_moib_zinb_phantom	GTTTTAATGTTTACATTACCAAACAAACATGACCGAACATGTCTCCGCCTGACCTCGTTATTCCGTAATTTACCTACCGACCTAGTCCCCATGTTCGTAATTCCAAACTTCTACATGTCCAAACATGCCCGTGTTTGTTCATGAC	R1	0.006606574170291424
seelig	consider missing + MOI	seelig_cm_moib_zinb_phantom	AACCCCCATTATGTAATTGTGTAAACATGACTTTGTACAAACATGACCGCATGCCACCAACTTTGAACTTTCGACCTCCTGACTCCCCTAATGTACAAACCTACTCATGTTCAAACTTCCGCTCTACTGACTCCCCTCATGTCAA	R1	0.006574736442416906
seelig	consider missing + MOI	seelig_cm_moib_zinb_phantom	CTCATATCCAATAGGGCCGGCTCTTTGGAGAAGACGCAACCCGTTATAAGGAGGCGGAGAAGAAGTCGTGGCTTCGCCGATAGGCGCGTGGCGCTTACTCATTATCACGAAGTATCGTTTCGCGTCTTCCGTCAGATACGCGAAA	R1	0.006568084470927715
seelig	consider missing + MOI	seelig_cm_moib_zinb_phantom	AATAAATTCACTTCCTATAAGTCCACGCCTTTCATGAGCATGGCGATGACTCGTTATCGCTGCGCGGTGCGTTGAGATATCATGAGGAATATCGCGGAAGCGACACGCCGTATCTAAGACGCGCGAATAAAACAACGATACTGAC	R1	0.006611397955566645
seelig	consider missing + MOI	seelig_cm_moib_zinb_phantom	CAACTCCGAGAACCGTTGCGACGAGTCGCGTATCACATATACCTCGCTGCGCGATTTCTAATTCAGGGACTCCCTATGCCTTTTCTAAGAAAACGGATGGAACGCGGATCCGACTTATCGGATTATAAGGAAGCAATTGGCGGTT	R1	0.006562585476785898
seelig	consider missing + MOI	seelig_cm_moib_zinb_phantom	GCCCCTATCGATTTATTTATAGGATGTGGTTTCTCGAAATGATGACTTATCAGGCCACACCTAAACCTTATAGGGCGAGTCTTGCGGGTCCGAGGCAGCGCCGCTTATCTGACTCACCCTTATTTCTAATAACTCGTAACTCTGG	R1	0.006616517901420593
seelig	consider missing + MOI	seelig_cm_moib_zinb_phantom	AATCGCGAGTCGTCTCCATTCACAGCCAGACGGAATCCGGGTGCGGGGCCAATCGGCGTGTCGCTTCCCGGAAGTGACTTCCGCATGATTCCGCTCCGTGCGTGACGACACGTAACTGACTGATAACTTATCAGCCGATAAGGCG	R1	0.006676013581454754
seelig	consider missing + MOI	seelig_cm_moib_zinb_phantom	GTCTCCGGACGCTGATGCGGGCTCACCCGATATATCGTGCTTATCTGCCAGATCCGATGTCTTCGAGAAGGGGGAGGCGCGATACGCCGAATGGGCGACGTCATCCGCGATACGCGGAACCACGAATCCTATAGGATCGGCGTAT	R1	0.006561410613358021
seelig	consider missing + MOI	seelig_cm_moib_zinb_phantom	ACGATACAGCGGTTTTGCGTAGCTCTAGTAATTGAATCGCGCGGCTTAAGCAGCCTATATCTTATCTTAGCGTGTCGTTTTCCGCGGATGCAATTTCCTGAAACTGACATCGATTGGCGCCGCCTAAATACGCGGATACGCTAGC	R1	0.006592659745365381
seelig	consider missing + MOI	seelig_cm_moib_zinb_phantom	GTAATGTTCTTTCTGGGTTCAGCACCATCCTCCTCCTGTGCTTTGCAGATAACGTGCAGTTGCCATAAGCACGGGATGATGGGCGGAAGCAGTTGCCATAAGCACGGGATGATGGGCGGACCCACAGGCAGCAGTAAAGTTATGT	R1	0.006572769023478031
seelig	consider missing + MOI	seelig_cm_moib_zinb_phantom	CTAGCTCCAACTTTGAACCAAAGGTTTGTACACAACGAACATGTCTGGACATGTCCGGGCAAGTATCCCGGGCCGGCTGTTTACCCAACGCAAGACTGCCACTACAGAGGTAAACCCTAGCGCCCTGGAGATCTTTGATCGTTCG	R1	0.006641307845711708
seelig	consider missing + MOI	seelig_cm_moib_zinb_phantom	TGAAAAGGCACCAGGACATAGTGGACAGGCTCCATGGGGCTGCCTCTCCGCTGCTCCACAAGGTGGCGAGCCTGGATTTTGGCAGCGTTGATCTCCTCACCCATGCTGCCCGTGGTGTCCAGGACAAAGCTCAGGCTGGAGGCTG	R1	0.006647592410445213
seelig	consider missing + MOI	seelig_cm_moib_zinb_phantom	TCACGCGGTTTCGCGGAATTGCGCGACGCCCTGCAGATAAGATAACTTATCGCCCTTCCTTTATCGGGTTGCGATTTCTCGCAGATACGATGACTCATAAGTGGTCTCGCAGATTCGCGGGACGCGCCCCCTTCAGGAAGTTACG	R1	0.006641744635999203
seelig	consider missing + MOI	seelig_cm_moib_zinb_phantom	AACCCGCGCGCGCCGATGACTCAAGAGAGCGGCGCGCCGCTGACTCAAGAGAGCGGAGCAGAGCACACTGAAGCGATACGCCGATGACACAGCCCCACCCACGGAAGCAAAAAAGCAAGATAACGAGGAAGCGCCCACCCGAGAA	R1	0.006836796645075083
seelig	consider missing + MOI	seelig_cm_moib_zinb_phantom	AGCTTTATCTCCTGCCTCCGGTCCCAAGGAGGCACCGCCGATTTCGCGGAAGCGCCGCGCGCCCCCTAGGCCGCGAACGCTGATGAAATCGCGCCTTAGAAATAAGATATATCGCAACGCGTGCTTATAAGTTCATTATCTGGGG	R1	0.006824255455285311
seelig	consider missing + MOI	seelig_cm_moib_zinb_phantom	ATCCAAATTATCGGGAAGTGTCGCGCTAGTCAGAAGAGGCGCCGCTTTCTTATAATTAGGAAGGCGCGCTTCTAATAAATAGTTAACTGATGTAACTTCCCGCGTAAGCCCCACCCTTAATTGCGCCACCTAAAGCTAATTTTTA	R1	0.0070093427784740925
seelig	consider missing + MOI	seelig_cm_moib_zinb_phantom	TTATCGCTTCCTAGATATAGGCGCGCCTTCCTCGACCCGGGGGGTGAGTCATCCGGCGCCGCCGATTCGCCGATAGGCGCGGCTTCCTCGACGCGCGGCTTCCTTCAGCCGGCGGGTGAGTCATCCGGCGGCGCCGATTGGCCGA	R1	0.006810762919485569
seelig	consider missing + MOI	seelig_cm_moib_zinb_phantom	GCGCGCGCCTAAAGCGATTTAGTATGACGCGTCGCGCCGCGTAAAAGCTTATCTCGGAGGGTTTTTTATCTTATAGGTAAAAAAAGTGACGTATCGAGAAATGACTTCCCTCACTGAGGCCCCGCCCAACACTCGCGCACCCGTA	R1	0.0065409597009420395
seelig	consider missing + MOI	seelig_cm_moib_zinb_phantom	TCACGCGGTTTCGCGGATTCGCGGGACGCCCCCCCTTTAGGAAGTTACGATTTCTTTTCTTCCTTCACGCCTTATCGCATCGGCGCGGGACGCCCCGCCTATAAGATATCTCGCAGATACGATGACTCATAAGTGGTTTCGCGGG	R1	0.006659502163529396
seelig	consider missing + MOI	seelig_cm_moib_zinb_phantom	AGAGGATGAGTCATCGGCGGGGGGCGGGCCGATAAGGGCGGCGCTTCCAGGAAGTGACTCATGGGCGGGGGGCGGGCCCAAGAGGAAGTCACTTCCTATATCGGCGGGGGGCGCAGCCTATAGGCCCGCCCCCCCCCCCCCCTAT	R1	0.008659027516841888
seelig	consider missing + MOI	seelig_cm_moib_zinb_phantom	GCGCTTCGCGATAAGTCGCGGAAGTCGCTTCCTTATAAGGCGTCTCTCCGCGAAATAAGTTATCCTACTTATAAGTCATCCGCGTTATAAGTCATCGCCGCTTCTTCCTTCCTTATCCTTCGCGGAAGGCGCTTCGTTTCTTATA	R1	0.006636370904743671
seelig	consider missing + MOI	seelig_cm_moib_zinb_phantom	TTGTCGGCTTGCCCGGGCATGTTTAATTGTGCAAAGGTCAAACATCATGTCAAACAAACAGTCCAAAGTTCAAACCAGGCTTGCCCCGGCATGTTCAAAGTTCAAACAAGGGACATGTCCTCTGTACTGTGAACAAAACAAGGCT	R1	0.006573546677827835
seelig	consider missing + MOI	seelig_cm_moib_zinb_phantom	GTAACAGAAGCCTGTTCATTACTGGGCTGAGCTGTGGCTCGCCAGCCAACACTCAGCACTGGGTAATGAAGGAAATTGCTGTGTGGGCGGGCAGGCAGTAAAACGTGTCTGCGGGAAAGGCTGTGACTAAGTCTCCCCTAATCAG	R1	0.0065603479743003845
seelig	consider missing + MOI	seelig_cm_moib_zinb_phantom	AATTGACGGGGCGATTCTCACCCCGATACGCTGACTCACCGATTAAGTTAAGAATATCTTTCGCTTACTTAGGGGGCGGGTCTCACGGAAGCGAACCGCGAATGGTGAATGCTTATATCTCCTCCGCGTCAGCCGGTGAAGACCT	R1	0.006659559439867735
seelig	consider missing + MOI	seelig_cm_moib_zinb_phantom	GAGATGTTTGACCCCAGCTAGGGGCAAACATGCCGGGGGCCAAAGGTCACACAGTACAAAGGTCAAAGTCCGGAGGCATGCCCAGACATGTCACCCGGGGACTTTGACCCCTGCACAATGGATCCAGGCCGGCATGCCCAGACAT	R1	0.006622873712331057
seelig	consider missing + MOI	seelig_cm_moib_zinb_phantom	CTCACACTTATTTACTTCCTCCTCATGAGTCTTACATCCTTATAAAGAAATCGCTTACGCGTCTTTCTTCTAATGAGTCTTATCGCGAAAGCGTGATATCGCTAATGAGTCTTTCTTCGATATCGTGATATCGCGTTAACTCGCG	R1	0.0065624769777059555
seelig	consider missing + MOI	seelig_cm_moib_zinb_phantom	TTCCTGGATTTCTTCACCCCAACGTTAGCAGATCAGGGACAGTTTTGCAGGAAGGAGGCCAGTCATGCCTCCTTTGTGGAGCTCCCTGGAGAGCTTCTACCTCCCTTCCTTCAAAGCCCAGGAAGAAGCTGAAATGAAAGCCTCA	R1	0.005898266565054655
seelig	consider missing + MOI	seelig_cm_moib_zinb_phantom	TTGTCTGCACGTTGGGCCTTTCAATGATTTTACATCATCCTTGCGAGAGCCCTGCGGTGGTGTCACGCCCTCGCACCGCGGGTGGAGAAGCGTGTCTTTCAGACAGACCAAGCGATTTGCTCAAGGTCACAGGGCTCAGAGGACA	R1	0.006634399760514498
seelig	consider missing + MOI	seelig_cm_moib_zinb_phantom	CGATATCGCGCGAAGGCGAGAAGTTGGGGGTTGGGGGTGTGTGGGTGGGGCTTTAGGAGGATGGGTCTTAAGAAGTTTCTTATTGGCTGGGGGGCGCGATATCGCGCGGATGCGATAAGTCGCGGATTGGGGGGGTGTGGGTGGG	R1	0.006556216161698103
seelig	consider missing + MOI	seelig_cm_moib_zinb_phantom	TTATAGCTTCCTCGAATCCGCATACTGCGCTCCCTCCAATTGGCGCAGCGACGCTTCCTTAAGTCATATGCGGGTTATCGCGATAAGGAAGCCTCCTCCTTGGACGCGTTATAAGTTATCGCTTTCTTGGAAGACATAAAAAAAA	R1	0.007192329969257116
seelig	consider missing + MOI	seelig_cm_moib_zinb_phantom	AAGTGTGGGAGCGAATCCTAGAACAGATCCTCCAGACTGGTGACGACTCTTAAGACCCCCGCACCGCTTTCTTATGTGACTCAAGGGTGAGGAACCGCCTTTGTGGTCCGATAACGCGTCTCGGCTTATAAGAGCTAATTCTGCG	R1	0.006678091827780008
seelig	consider missing + MOI	seelig_cm_moib_zinb_phantom	GTCCGGACATGTCCGGTTATGTAACCGTTCCCGTGGTCGCTTGACTTGCCCTTGACCAAACCTTCGGGTCGCATTGGTCTAACGCTGCACAAAGCCATTCCGCTCCATGTTTAGACCGGAACTTGACGTGCGTAGGCATGTCGAA	R1	0.007118196692317724
seelig	consider missing + MOI	seelig_cm_moib_zinb_phantom	TTATCGGTATCGATGACTCATCCGGATGGCGCGTCTTTCGAGGAAGAAAGCGATGCGATATCTCGAAAGTCGCCCCACCCTTCCCCATACAGCTTCGACTTCCCGGATGCGCCACCCCTATAGTCAGCTTATCTTGCGGATTAAA	R1	0.006598918233066797
seelig	consider missing + MOI	seelig_cm_moib_zinb_phantom	TCAGTGAGTCACGCGAAAGCGCCCCCCCCAGATAACGCGGAAGCGCGATAACGCGGAAGCGCCATAAGAAACGCCATCCGCGGATGGGCGGGGCCATCCGCGACTGACGCGGAAGCGCCACCCACAGATCAGTGGGCGGATGACT	R1	0.006700562313199043
seelig	consider missing + MOI	seelig_cm_moib_zinb_phantom	CATTCAAAGCGAACATTACATAAACCTCTGCTGTAATGTTTGACCCCTGCTCTGTTTGTCCCCTGCGAACATGCCGGGGCACGTGACCTCTCTGTTTGACCCCTGTAATGTTTGAACAAAGGTCTCCTGCCGGCATGCCGGGGCA	R1	0.0060617635026574135
seelig	consider missing + MOI	seelig_cm_moib_zinb_phantom	TTGCCCTCAGGAGGCTTGTTCACAGATGCACTGATGTCTGGACATTGATCGAAGGTACTAGGATGAGTGCCCAGCTATTACTGTCGAACAGTCCGGTGGCAATGCACATTCCATTACATTACGGCGAACATCACGATTACCAGCT	R1	0.0059920684434473515
seelig	consider missing + MOI	seelig_cm_moib_zinb_phantom	GCTCACCATGAACTTCAGCACTGACTAAACAAAGCCACAGAGAAGATTAGAGAGCATTCATTCCAGAGATAATCCCACCGCCAGGGCTGGACTACGTGGACATGTGTCCTGGGTAGTTCTTCAAAAGGGCCCCATGCTGAGTTGA	R1	0.006695216055959463
seelig	consider missing + MOI	seelig_cm_moib_zinb_phantom	CGGCCGACGGTCGTGCGGACTTTTGTGCGACCGGACTTACGCGCCCGCGTTGGCAATGCCCTGTGACCCAAAGGAGCCTGCGCACTGAGGTCAAAGGTTCACGGGACATTCCGGGGCATGTCCGGGCATGTACCTTGACTGCGCC	R1	0.006605829577893019
seelig	consider missing + MOI	seelig_cm_moib_zinb_phantom	CACTTTCGTAATTTCGCGATAGCGGTTTCTTATCAGCGCAACGCGCCGCCGAAGTACGATACGACTCGTGCAAGATATGGGCGCGTAACTTATTTCGTGAATTATACGGGTTTCAGACGCTGATGAAATAGGAACGGTTTATGGT	R1	0.0065520708449184895
seelig	consider missing + MOI	seelig_cm_moib_zinb_phantom	CCGTCCTCTTAAGATACGCCGTTCCTCGAAGCCCCGCCCTATCGTTATCGCATAAGAACGATGAGTCCCCATCGGCGCAGCGCCTATCTCTGACTGATAAATCTAATAAGAGGAAGGAAGTCACTTCCTATTTCTCGGAAGCGGG	R1	0.006766026373952627
seelig	consider missing + MOI	seelig_cm_moib_zinb_phantom	GGCCGGCAGAGCTCCCGCTGGCCTTGCCCGGGCTTGTCTTTTGTTGCATTGTTGCATCATCATGCGGCCTTGCAGGGTGCCAGAAGAGTGAGCCACCCACTCACCACTGGAAGAAAACAGCTAATTATATCACCAAGAGACCCAG	R1	0.0066598872654139996
seelig	consider missing + MOI	seelig_cm_moib_zinb_phantom	CTTACCGCCTTTGTTTGAATGTTCAAACATGCCCGAACATGTCCAATTACATAACTACCCTACCGTGAGTTTACACAAGACCGACCTACCTACCGACCGAACATGTTTAATACCTACCCTGTTTGTTCAAACATGCCTGACCTTA	R1	0.0065465704537928104
seelig	consider missing + MOI	seelig_cm_moib_zinb_phantom	CCTCTGGAATTGTACACATGCCGTTGGACTAATGCCGGACTGACTACAGTGAGTTTCAAAGTACCCATTTAGTTTTGGGCCACTGACCTGAACTCGGTGAACTTGCCAGGCGACCAAACTTTGTACCAACATTCCGTAATGGTTA	R1	0.00659362506121397
seelig	consider missing + MOI	seelig_cm_moib_zinb_phantom	TCAAACATGTCCAGACAAACTCCTGTTAGACATTCCCTTTTACATAATGTTTGTACAAACCAAAGTCCACATTACATAATGTTTGTACACATCCCCTGCCCACTCCACCCCTGCCAGCATGCCCGGACATTCACTCTACCGACAA	R1	0.006563581060618162
seelig	consider missing + MOI	seelig_cm_moib_zinb_phantom	TCCAAACCAAAAAACAACAACAAATGACTCACAAAAACGATAACTCGCAAGAAAGCGCAGTCGCGGAAGCGCCGCCCACATCCACACATCCAAAAACAACCAAACAACCAAATGACTCACCACCCACATCCAACCAAAGATAGCG	R1	0.007041315082460642
seelig	consider missing + MOI	seelig_cm_moib_zinb_phantom	GTCTCGCAACTGGCGGTCCCTGATGCAAGTTATCTCAGACCCGCTTCTCCCCCACGCGTACCGCTTAGATACCGATAAAAACGAATTACACTATTCTCGAGGAGCGATACGCTTACTCAGTTCTTATTAAATTAAGGAAGTATTA	R1	0.006576203275471926
seelig	consider missing + MOI	seelig_cm_moib_zinb_phantom	GGTAGGAACAAAGAAGTGGAGTGACGCCCTTCTGGTGACCTTACATGAACATTAAGCCCAGACAGCAGCTCCACCCACCTGCGCAGCTGATCTAGCAGCCCCATCTGGCTAGGGAGCAGAGTCAGCAATTCTGCCAACCTGAGGT	R1	0.006563080474734306
seelig	consider missing + MOI	seelig_cm_moib_zinb_phantom	reference	R1	0.007020898163318634
seelig	consider missing + MOI	seelig_cm_moib_zinb_phantom	CTCTTCCAAGAGTCGTTATCGCGGATCGGATTATGATATGCGTCTTAGAAAAGTAATAAGGTGCTATTTCTTGCGAGAAAGCGGCGCCGCGTACTCACCCGTCGCGGAAGATACGCTTCACCCGACTCATGAGTCACTTGCTTAT	R1	0.006627919618040323
seelig	consider missing + MOI	seelig_cm_moib_zinb_phantom	GTTCCAGGAAATCCCCACCCCCTTCCCAGAAGACTCATGAGTAATCCACCCCTTGTTAGCATATGATCCAGAAATAGCTTTAAGTATACTCAGTCAAGCAGCCCATGCTGCTGTTCTGTCTACAGAGTACCCATTCTTTTATTCC	R1	0.0071464963257312775
seelig	consider missing + MOI	seelig_cm_moib_zinb_phantom	GGGTTTTATCGGGGCGCGCCCCTTTATTTTTTATAAGAAGCGCCGCTTCCTTTTCTCGAAAACGCCTTTTCTAAAAAGTAACGCTATTTCGCGTAAGCGGGCCCCGCCTTATATATAAGTACCGCGCTTCCTTATAAAACATGTC	R1	0.006575833074748516
seelig	consider missing + MOI	seelig_cm_moib_zinb_phantom	GTACAGACATGCCCCGGCATGGACATGCCCGGGCATGTCGGGGGGTTTGTACAGACATGCCCCTGTTTGGACATGCCCGGGCATGTTTGGACACATGTTTGGACATGCCCCGGCATGTTTGGACCCACCTTCCGGGGCATGTCCC	R1	0.006644699722528458
seelig	consider missing + MOI	seelig_cm_moib_zinb_phantom	TTGGACCTATGTCACAGCATGCTTTGCTGAAGGGGTGAAATGCGCCGAAAAGACGCGCGAGGCGCGCAATGAGAAAATCACAGCAAATCACAGCTGTATATGCTCAAATCACAGCTTGGTCGGGTGCCTGCACGGGGCACCACCA	R1	0.005968139041215181
seelig	consider missing + MOI	seelig_cm_moib_zinb_phantom	GGCGGATTCCGCGAATCATAAGCCGCACGCGGCTCTATTCGACAGAGGCGAGTTATCGGAGATAACGGATGAGATAAATTCTTACGATGCGCGGGAAGCGCGCCCCGCTTCTTAGAAGAGAGAAACGATTTTATCGCTCGAAATC	R1	0.00664557795971632
seelig	consider missing + MOI	seelig_cm_moib_zinb_phantom	ACATGCCCGGGCATGCCGCCGGAATGTTCCACCTCTCTACTCTCCCCCTTCTGTACTGCCGTCAACATGCCCCTGCATGCCTGCCTGTGTGCATTACTACAGAATGTTTGTACTTTGGTCTTTCTCCCTTGTACCAACATGCCCC	R1	0.006594039965420961
seelig	consider missing + MOI	seelig_cm_moib_zinb_phantom	GCATGTTTGCCACCCAGCATGTCACCAAGTTTGAACTTTCAACCTCCTGTCAAACCTCATGACCAACTCCCCTTATGTAATTGTGTAAACATGCCCGAACTTCCGCCCTCCTGTTAGTTCCAAAGTTCAAACTTCCGCTCTCTCC	R1	0.006641971413046122
seelig	consider missing + MOI	seelig_cm_moib_zinb_phantom	TCACCTTTGAACTTCGGTCGGGAGTTTGAGCTGTCTGTACAAACATTCCGACCTTTGTACTTTCCCTTCTTTTGTTGTTCAAAGGTCTCCCGGCATGCCCGGACATTCCCCCTGCTCCCCTCTCTGTTTGACCTTTGAACTTTGC	R1	0.006634880788624287
seelig	consider missing + MOI	seelig_cm_moib_zinb_phantom	GAGATCAGACAGGGGGAGGGCTGACGTGACTAGATCACGTTTCTCAGCAGCCTGACAGGTGTCTGAGTCACAAAGCTCTGAAGGGCAGCAACGGCTTGCAGTCTTTAGAGCCCCAGGATTTATCTTATCTATGGCTAGCAGAGAT	R1	0.007110226899385452
seelig	consider missing + MOI	seelig_cm_moib_zinb_phantom	GGGACTGGGCCACAAGGAGCCATTCATACTCAAAAGCCCTGTAACCGGCCGGGTGCGATGACTCATGCCTGTAATCCCAGCACTGTGGGAGGCCGACACGGGTGGATAACTTGAGCTCAGGAGTTCCGGACCACCCTGGGCCACA	R1	0.006602535489946604
seelig	consider missing + MOI	seelig_cm_moib_zinb_phantom	TTGTTATAAGTCGGCGCCGCTTCCTATAGCCGCGTGATTTCGCGGAAGTCCCACCCAATAGGATATATCGTAATCGGCATCTATTAATGACGCGCCCCCCCCTTCCGCGTTGCGCGTATCTCTTACTGATAAGAAGAGGGCGGTT	R1	0.006583197973668575
seelig	consider missing + MOI	seelig_cm_moib_zinb_phantom	GCCTATATACCTCCTTATATTCGACGGATAAGACGATAACTTACGCCTATAGGAGTGATCTGCCAGATAAGGGAAGTTATCACGCGAAGACGGTGTCTCGTTACAGGAAACCGCTTCCTTGTAGCGGGTCTCTGATAAGTAAGCT	R1	0.006645779591053724
seelig	consider missing + MOI	seelig_cm_moib_zinb_phantom	TCACGCGGTTTCGCGGATTCGCGGGACGCCCCCTCCTCAGGAAGTTACGCTTTCTTATCAGTATCGGCGCGCGATTTCTTGAAGATACGATGACTCATCGCCCGTCCTATAGGAAGATAAGATATCTCGCAGATACGATAACTTA	R1	0.007276012096554041
seelig	consider missing + MOI	seelig_cm_moib_zinb_phantom	CCCCCCCCCCCCCTCCCAAAGGACTTTGGACTGTGGCACCAAACAATGACCGGAAGGTCAGGTGAACAGGACTTTGGATTGTTGCACGGTCACGTGAACAGGGCAAAGTCCAAACCGACAGACATGCCCGGGCATGTCCCCTGGC	R1	0.0065555390901863575
seelig	consider missing + MOI	seelig_cm_moib_zinb_phantom	CGACGGAAACAGGTTAGACAGGATTGCTGGGCACGTGACCTTTGCACTCACGTCTGGTCCCTTCTCAACTAGTGTACCACCGCAGGCAGAATGCCCAGGCATGATCATTAAACATGCCGGCTACAGGGTTGCACAGGTGAGCTCG	R1	0.006565841380506754
seelig	consider missing + MOI	seelig_cm_moib_zinb_phantom	GAACGATACGTGGGTCCGCGAAAGGACCCGCAGATATAAGGAAGCGCGGAGCGATACGCGTTTCTTGGAAAAGATATAAGGAAGCGTCCTTATATCTTGAGGAAGTGATGAGGTAGGACGGAAGCGCGGACCCATGGGTGGGTCC	R1	0.006734146736562252
seelig	consider missing + MOI	seelig_cm_moib_zinb_phantom	TCTTCCCATCCACTCTTACATCTAATGAGTCATCCTTCGATATCGAGAAATCGCATCCGCGTCTTTCTCCGAATGCGTCACTCTGAGAAACCGCTTTTCTTAGATATCGTGAAATCGCGAAATCGTGATATCGCGAAAGCGCTTC	R1	0.006798629183322191
seelig	consider missing + MOI	seelig_cm_moib_zinb_phantom	TACAAGTCCGGAATATTCCCCTCAGGGAATCTCAGGGAACCCACGGCATGTCGCCAGTTCACTGACCGCAGGGATACAAAACATACCAAAGTTCATAGCACCGGGCATGCCAGGCGAGCCGGAGTGAGTTTTGGTTCAACAGGAA	R1	0.006566046737134457
seelig	consider missing + MOI	seelig_cm_moib_zinb_phantom	GGGGCCTTTCCGGAAAGGCGCGGTATCGCGCGTTATCGTATTTTTTTTATAAGACGCGCCGCACTTTATTTTTATTTAAAAAAAAGGCGCGCCACTCGTTATAATAAGCGGCGCCCTCCCCTCGCGCCTCGCTTATCTATATGTG	R1	0.006636819802224636
seelig	consider missing + MOI	seelig_cm_moib_zinb_phantom	AAACCAAATGACTCAACACCCACATCCAACAAAAAACAAATGACTCACAACAACGATAACTCAAAAGAAAGCGCAGTCGCGGAAGCGCCGCCCACATCCAAACCAAAAAACCAAAAAACCACAACCAATCCAACCAAAGATAGAG	R1	0.0067522767931222916
seelig	consider missing + MOI	seelig_cm_moib_zinb_phantom	TAAAAGGCACGGCCTATATCTTAAGGGGGAGTCATAAGAAAGAATACGCGTATAAGTTACGTTGTCTTTCTGAGGAAGCGATACCAATAGGCGGCGCGGATTTATTAAGGAGGCGCGTTTCGCGAAAAGCGTTATCTCGCGTATG	R1	0.006772550288587809
seelig	consider missing + MOI	seelig_cm_moib_zinb_phantom	CACAGGGCAAACACTGACCGGACGGTCATGCCCGGGCATGTCCCCTGGCAAAGGTCTTTGTATTGTTGCACAAAACAATGACCGGAAGGTCAGGGGCAAAGGTCAATGTACAAACCCCCCCCCCCTCCCAAAGGACTTTGGACTG	R1	0.006568551529198885
seelig	consider missing + MOI	seelig_cm_moib_zinb_phantom	ATTATGTAACCTACCAGGGGATGTTTGTCTAAAGTTTGGCTTTGTACAAAGCCCTTTTGTTATCCACCTGGCGTACAAGCGTCCGTAGGCTTCTTAGTTGCCCCGGCATGCCCGGTCATGTAATCAACTCATGCCGGGGCACAAC	R1	0.0065569328144192696
seelig	consider missing + MOI	seelig_cm_moib_zinb_phantom	TGCCGTTGTAACACATGTCGAAACATGTCTGGAAGGGCCAAGGTGTACATGTCACACAATGATTTTCTCCGCTCCCAATTGCAACATGTCAACGGTGTTACAACATGTCGCGGGTCCTCATGAAAGTGCACCAAATAGTTCTTGG	R1	0.006542952731251717
seelig	consider missing + MOI	seelig_cm_moib_zinb_phantom	GTGCATTCCTACAGAATCTTCCACCTCCGGAATGTTTGTACTTTGGTCTTTCTCCCCTACCTCCTGTTCCACCTTCGGTCTGTCTGCCTTGTACCAACATGCCCCTGCATGCCGGCCTGAACACAGAATCTTCCACCTCTCTAAT	R1	0.006605122704058886
seelig	consider missing + MOI	seelig_cm_moib_zinb_phantom	ACTCACCAGGGGCCAGGCAAGCATGAGTCATTCCACATTGCAAATGGCACTGAATGAATGCCAGTCTCTGTTTCCTCTCTAGCCTTGTTCTAGTCAGTCTACAGAAACAGAACAGCAACCATTTGCTGGTCCCACTTACGTCTCA	R1	0.006652651354670525
seelig	consider missing + MOI	seelig_cm_moib_zinb_phantom	GCGCGGGTCTTCCGCCGTCTTCCGCGTCGGCGATCCGCGGATGTATCTCTTCCTTCGCGGATCTGGCGGCGCGTCTTCCTTCTTATTTCGTTATCTCTCCTCCTTCCGATTGGGCGGGCCGCGCAGTCGCGGATTCGCGGATGGG	R1	0.006596933118999004
seelig	consider missing + MOI	seelig_cm_moib_zinb_phantom	ACACTATATTTTATCATTATTTCTAATGTCTTTATCTTGAGTCTATCCACGCATCACCCTAGATATATCTTCCTAGAATTAGAACACCTAACGCACTGCCAGATAAGGAGGCGCGCCGCGCGTATCTGCTGATAAGGACAGCGGG	R1	0.006572737358510494
seelig	consider missing + MOI	seelig_cm_moib_zinb_phantom	CTCATTTGCCTTTGCACGAGGTGCTGCTTTTGCTTTTGCCTGACACCCCAAGCAGTCTTGGGGTGAGGGGATGGGTACGGCCCAGAATCACAGGCCCACTTCTGAGGGCTTGCAGCTGCTGGAATGAGCACTTTCACATCAGTGC	R1	0.006684866733849049
seelig	consider missing + MOI	seelig_cm_moib_zinb_phantom	ACCTCAGGTTGGCAGAATTGCTGACTCTGCTCCCTAGCCAGATGGGGCTGCTAGATCAGCTGCGCAGGTGGGTGGAGCTGCTGTCTGGGCTTAATGTTCATGTAAGGTCACCAGAAGGGCGTCACTCCACTTCTTTGTTCCTACC	R1	0.005794840399175882
seelig	consider missing + MOI	seelig_cm_moib_zinb_phantom	CAGGGGCAAACCAGGCATGCCCGGTGAACAAACACAAACCAAACAGGCAACAAAGACCAAAGGTCAAAGCCACAAGTGAACTTTGGACATGTCCGGGCAAGCCCCGGCATGACCTTTGAACATTGCACTTGACCGGGCATGCCCA	R1	0.006636087317019701
seelig	consider missing + MOI	seelig_cm_moib_zinb_phantom	CCCACCGATAAGAAGATAGCGCCATCCGCAAGTAACGCGGAAGGAGGCCGCGTGCGCGGGGCCATCCGTGACTGAGAGACGCGATAGCGCGATACGCGGATGACTCGGAAGCCGCGCCCATAAGCGGGCGGAGCGATAAGAGGCC	R1	0.006916315294802189
seelig	consider missing + MOI	seelig_cm_moib_zinb_phantom	GCTCCCCACCACCACTGCAAACATGCCCGGACATTTCCCTGTTTGACATTCCCTATTACATAATGTTTGTCCAAACCAAAGTTCAAACAACTCCCTGCCAGCATGCCCGGACATTCACTCTACCGACTGTCTGTCAGCTGACTCA	R1	0.006557125598192215
seelig	consider missing + MOI	seelig_cm_moib_zinb_phantom	GTACAGACATTCCCCTGTTTGGACATTCCCGGGCATGTCGGCATGTTTGGACACCGGCATGTTTGTACAGACATGCCCGGGCATGTCCCCTGGGCGGCATGTACATGCCGGCATGCCGGGGCATGTTTGGACTGCCCCAGCCCTG	R1	0.006649957969784737
seelig	consider missing + MOI	seelig_cm_moib_zinb_phantom	CTTATATGCGGATACGATATCGTCACGCAAGTGCCGCCACCGGTTGCGCACACCCGCATATAGCGTATCGCAATAGCGCGCAAGTTATCTTCCGGCACTTCCTCCAAAAGCGAACCGCTCGGGTGATAACGCATCGGGGAGAAAA	R1	0.006570502649992704
seelig	consider missing + MOI	seelig_cm_moib_zinb_phantom	ATCCGTCCGCCCCACCCATATCTCTTAAAACCGATAACTCATCAATAAACACATAAAAACTCAAGAAATAACTTCCTCAAAACCGCAAGATATCTCATAAGTCAGATAACTCATAAGCCACACACACACACACACACATATATCG	R1	0.006708532106131315
seelig	consider missing + MOI	seelig_cm_moib_zinb_phantom	TTCCCTTCCTTATTTCTCGGAAGCGCGCGCGATTTCTCGGAAGTAAGCGCCGCCCGCTGATTTCTTCCAAGAAAGCCCCGCCCATTTGCTGATTTCATCCGCCCGATGACTCATGACTTCCTTATCTCTTCCGCGCCCCGCACGC	R1	0.006714886985719204
seelig	consider missing + MOI	seelig_cm_moib_zinb_phantom	CTTCTGTGCCAGGTTCTGTGCTGGGCCTTGGGATATAAGCAGCATGGCCCTCCCTTGTGGGGCGCGTGGGGAGAAGGATGTTAAATAATCTAAAAAAGGGGCCTAAAACTCAATCTTTGAAGGTGAGCTGCAGGGTGGTGTGGTC	R1	0.006730820517987013
seelig	consider missing + MOI	seelig_cm_moib_zinb_phantom	TTCCGATTAGCCGCGCGCGCAAGTGATTTCTTATTTCCTTTTTCGGGTGAGTTACTCTGCGTTTTTCTGATTAGCCCCGCCCCCATGCGGCTCCTTATCTCTTCTTTCGCGTGAGTCACTTCCTTATCAGCCCCGCCCCCTTTCT	R1	0.006657982710748911
seelig	consider missing + MOI	seelig_cm_moib_zinb_phantom	TTCCCAGTTCATTGATCAAACGACTGTACAACCGTAGGAACTTTGCCCGGTGGTCTTTGTCCATTCCGGCCTGAACAGTACAAGGGCAAACATTACAGTTGGGAACAAGTCCGGAATTGCCGTGAAATGTGAAAACCGGGACTCC	R1	0.006555669475346804
seelig	consider missing + MOI	seelig_cm_moib_zinb_phantom	TCTGCTAGTGTTCAAAGTCGACCTGAATGAGTAATTTCCCATCGGACATGTCCGGACATGCCCTGTGAACATCCCATGATTGTCTAACGAAAGTTTGTCGAAAAGCAAGGCTTCCGGCATTATTGACCGGTATTAGAAGTTCGTC	R1	0.006712412927299738
seelig	consider missing + MOI	seelig_cm_moib_zinb_phantom	GCGAGCAAGACAGGCTGCGATTCGCCGAGCGCGGCGCAAGTCAACTGCGCTTCGCGCCGCAGTCAGCAACCAATCACAAGCCTCCGAAGAAACGCCGCGCCATATGCAAATATTCCTCCGCGCGGCGCGCGCCCTGCGTTCCTCC	R1	0.006675432436168194
seelig	consider missing + MOI	seelig_cm_moib_zinb_phantom	TTTGTGCAGAGTGAATTTGAGCTGCTGTGTTGGGAGCATGTCTGAGGTCAAAGGGCACAGTCCCACACCCGAAAGTTGCAAGGCCAAGGCTGTACTCATCAAGCTATGTATGGGGAACAACCCACTCTCCTGTATGACAGCTCTT	R1	0.00668370770290494
seelig	consider missing + MOI	seelig_cm_moib_zinb_phantom	CCTTGACCGTAAGTCCGAAAGTTTAAACTACCCTAATTCTGTTTGTTTAAACAAACAACTTTGCCTTTGTTCAAACTTGTACATGTCCAAACATTCCCGAACATGTCCAAAAGTTCAAACTACCTAATGTTTTTTTACATGACTA	R1	0.006605378817766905
seelig	consider missing + MOI	seelig_cm_moib_zinb_phantom	ACCTCCCCCCTTCTCTTCCCGATTGGCCGCGCGCTCATGTGATTTCTTATCTCCTCTTTCGGGTGAGTCACTTCCTTATCAGCCCCGCCCCTTCCTTTCTTATTAGCCCCGCGCCCAAGCGGTTCCTCCAGTGACTCTTCCTCTT	R1	0.00674973800778389
seelig	consider missing + MOI	seelig_cm_moib_zinb_phantom	TAACGCGCGCGGCGCCGAACGCGTATGCGATTCCCCGATAGGAAAACGCGCCTCTTAAAAACGCGAGATCCGCCAATCTTGCGAGATAAAATCGCCCAATTCGGATGCGTCATCTTATCGCGCCCGATTGGCGATGTCACTTCCG	R1	0.007067822851240635
seelig	consider missing + MOI	seelig_cm_moib_zinb_phantom	GAGAAGCCATCTGCAGCAGGGCATGCGATTTCCCAGAGAGGGTGGCCCTGATCTCTGCAGGTGGCCACATAAGCCAGTCAGGAGAGCCCAGAAGGTGCATAAACCGGTTTGGGATCCCGACTGTTAGCACACTGTGGGATTGAGT	R1	0.006640596315264702
seelig	consider missing + MOI	seelig_cm_moib_zinb_phantom	CTATCCGCATTTCTCGGAAACGGCGCGCCCTCACGCTGTGGGGCGATATAAGTGTTATCTCCTTATCGGTGAGTGACCTCCTCCTTCTTAAAGCGTAACTAAAAGATTCGGAAGGCGCGTTCTCAGAGACAGCGACACCGAGGGG	R1	0.006633215118199587
seelig	consider missing + MOI	seelig_cm_moib_zinb_phantom	CGTGGGCATGCCCGGGCACGTCCCGAGCGGTTGTACATTCCGGTGGAGGTGTACAAAAGCCTGGGAGCATTGGTTACATACCAGCTCAATGATCGAACATTGGTACACGTAGCCATCAACCTGGCATGCCCCCTTGACTGGGGGG	R1	0.006589650176465511
seelig	consider missing + MOI	seelig_cm_moib_zinb_phantom	CTATGGCAAGCCGGGGGGTTTGAACCATGCCCGGACATGTCCGGGCTGGGGTGCAGGGGCAACCTTGGTGCCATGGTCTCTAGTCCAGCCAGCGTTCAGTACAAACAACGGTGGTATACCCCTGGGCGCCATCATTGCGGAGGGT	R1	0.006785084493458271
seelig	consider missing + MOI	seelig_cm_moib_zinb_phantom	AAGCGATAAGGTTAATAACTCCTCGATTCCAAGATGGGGGCGAAGCCTATTGGTTTCGCGGACTGACTTCGCGGATTCAGATTTCTTTTCAAACTTGTCATCAGTCTGATCTGGAACTTCCTCAAGTGGCGCCGCTTCCTCGATG	R1	0.006840358953922987
seelig	consider missing + MOI	seelig_cm_moib_zinb_phantom	TTGCCCCTCAGACATGTCCGGGCATGTACCTAGCCTCGCCGCCCCTCAATGGTTGCCCTTTGTACAGGGGTGTTTGAACGTTCGGTCTACTGAGTCATGTAGAGGTCAATCCAAAGCACCTTGCCGGCAACCGGAAGCTGAGCAA	R1	0.006696116179227829
seelig	consider missing + MOI	seelig_cm_moib_zinb_phantom	CACTTATCTTTTGCGGCTTACGGTGTATCCCGCAACCTTATGCTTCAAATGATATATTCGCGTAAGATATCGCCCTATAGGAAACGGAGGGGCGGTTCCTCATCCGATTCGCGGGATAACGCGTCTCCGAATCGTGGAATCACTA	R1	0.0061068423092365265
seelig	consider missing + MOI	seelig_cm_moib_zinb_phantom	GTCATGCCAACACAGTCGCAGGGTACAGTGGTAGGTGGCCAACCAACTGGGCCACTATGCACTTGACCTCTGGAATGTTGAAGTCTCAGTACGGTGACAGCACCGTGCCTGGGCATGTATTGAGCTAACCATTACAGCCGAAATT	R1	0.0065785967744886875
seelig	consider missing + MOI	seelig_cm_moib_zinb_phantom	TCCTCTTCATGAGTCATCCTCATAATGCGTCTTACCGAGAAATAAAGCAATAACTCTTATCCGCGTGTTACTTCCTTAGAAAGCGCCACCCATAGATATCGCCACCCATAGAAACCGCATCCGCGTCTTTCCTAGAAACAGTCTT	R1	0.006569892633706331
seelig	consider missing + MOI	seelig_cm_moib_zinb_phantom	ATCCTCGAAGCGCCGTTCCCTCTCGCGGATCGCCGCGTCTTTCGCGGGCGGCTTCGAGGACTAATGTCTTATCTGCCAATCACGTCGTCACTTCCGCCTTATAAGATACGATGACTCGTGCATTTGCGGGAGTCATGGGTCGGGC	R1	0.006634038407355547
seelig	consider missing + MOI	seelig_cm_moib_zinb_phantom	TCATGTAAACAAGCCAGCAAGTTTGAACTTTCACCTCACCTCCCTCATGTCAACCATTACGTAAAAACAAACTTCCCCCAGCATGTTCCAAAGTTCAAACTTCCGCTCCACTGCTTGTCACCAAGCCTTTGTACAAACATGACCT	R1	0.0065790945664048195
seelig	consider missing + MOI	seelig_cm_moib_zinb_phantom	TCACGCGGTTTCGCGTTATCGCATCGGGTTGCGATTTCTCGCAGATACGATGACTCATCACTCTTCCCGCATCGGCGCGGGACGCGCCCCCCTTATCGGCGTGCGATTTCTTGAAGATAAGATATCTCGCAGATACGATGACTCA	R1	0.006808049976825714
seelig	consider missing + MOI	seelig_cm_moib_zinb_phantom	TTATAAGTCGCGGAAGCTATCATCCGCGAAATAAGTTATCGCTCCGCGGATCCGATAACTCGTTGACCCGATATCGCTTCCGCGGAAGTTACTTCCTTTTCGCGTATCTGATGACTCATCCGCGAAACGCGCCGCGTTTCTTAGA	R1	0.006665593478828669
seelig	consider missing + MOI	seelig_cm_moib_zinb_phantom	GCTCCAGGCCGGCATGCCCAGACATGTCCGGAGAGGACTTTGACCCCAGCTAGGGGCAAACATGCCGGGGGCCAAAGGTCCAAAGGTCACAGACCTGAGGTGTTTGTCCCCAGCTAGGTTCAAAGGTCAAACTCTGCAGACATGA	R1	0.006641401909291744
seelig	consider missing + MOI	seelig_cm_moib_zinb_phantom	AAGTTTCCCTCTCTCTTCACAGTTCTTAATGAACAGAGCCATCTGGGGCCACAGCCTGTGAAATCTGATTCTCTTCCCACAGTCAGCAAACAGAGCCACTGGGATATGCTCAGGCAGCTCCCAGGAGGAAACCGTAAATGCATAT	R1	0.00655628414824605
seelig	consider missing + MOI	seelig_cm_moib_zinb_phantom	TGCGGCGACCAAGCCCCGGCATGTTTACAGGCCTTTGGACAAAGCCTAGGCGCCCGCAGTAAACATGCCGGCTGGCATAAATAAGGTTATTATAGTCGCTCGGAACTTTGCTAGACATATTGTTCAAAGGTCGCTCAACTATTAG	R1	0.007118755020201206
seelig	consider missing + MOI	seelig_cm_moib_zinb_phantom	GGGGTTGTGTACACATTCCGACATGCCCGGGCATGTCCCCTTTTCCACTCCTGTTGACTTTGCCATGGTTGTTCATTGTTCCCTGGTCCCTTTGCCCTCTTGGTCCATACATTCCCGGGCATGTCCCCTGGGCCTTGTTTGGGGA	R1	0.006598727311939001
seelig	consider missing + MOI	seelig_cm_moib_zinb_phantom	ATTCGCGGATAGCGCTTCCTTCCTCGACGCGGGGGCTGAGTCATCCCGTTATCGCTTCTTAGATATACGCGTATCTCGCCCCCCCCCGGGGCTGACTCATCCGGCCCCGCCGATTGGGGGGCGGCGCTTCCGAGGGAGGGGCGGG	R1	0.007051474880427122
seelig	consider missing + MOI	seelig_cm_moib_zinb_phantom	TACACAACCGGAAATGTACAAAACCGGACATGTCCACAGGACAAAACAAAGGCCAGACCCTGTGAACATGCCCGGGCATGTACACAGGACCATGGACCCATGCCCGGGCATGTCACACCAACAAACCAACGGACCAACAGACCAA	R1	0.006549138110131025
seelig	consider missing + MOI	seelig_cm_moib_zinb_phantom	TCGACTTCCTTATCTCTCGGAAGGGGGCGCGGCCTATAGGAAGTCACCCCCGCGCCGATGACTCATCACTTCCTTATCTCTTCCAAGAAAGCGCCGCCCATTGGCCGATTTAATCAGCGCGCCGCCGATTTCGCGGAAGTAACGC	R1	0.006950213108211756
seelig	consider missing + MOI	seelig_cm_moib_zinb_phantom	AATAAGAAACTGCAGTGACTAGAGGCGCGGAATCGAGACATGCGTATCGTTGCCCGAATACGAGGTAACGACGCTTCGTGAGACGCTTCTTCCTTCGAATACGCCACCGACGGGTCCTGACGCATAACTGTTCCTGAAAACGGTT	R1	0.00686331233009696
seelig	consider missing + MOI	seelig_cm_moib_zinb_phantom	TAGAGCCCTGCGAGATAAGGATGAGTCACTTCCAGGAAGTGGCGCGTACCGCGGATGCGCGGGCCACGTGCCTTTCGAGAAAGCCGCTTCCTTGCGGCTACTGGAGCTGTCTTATCGGACCCGCGAAGTCGCGTACTCAAGCCGG	R1	0.0068531339056789875
seelig	consider missing + MOI	seelig_cm_moib_zinb_phantom	ACTCAAGAAAGATCTTGTGGGCGCGGCTTATCTTACGGGTGGGGCTTCATGAGACCCCGACCCGTTCCGCGAAGACTGTGTAGAAACGCCACACCCTGGAAAATAGAAATCGTAAATAAAGTTATCTCACAGTGAAATATCTACA	R1	0.006616304162889719
seelig	consider missing + MOI	seelig_cm_moib_zinb_phantom	GAAAGAAGAGGAAGCCACTCCGCGGAACCGCGGGCAGATGAGTCAGCCCCTCCGCGCCGATATGAGTCACCCCCCATATCCGCCCCCCCGCGCGCCCGCGCGTCCGGCTAAGAAGATAAGGAAGCGGATCCGCGTGAGGAACCCC	R1	0.006757885683327913
seelig	consider missing + MOI	seelig_cm_moib_zinb_phantom	CCGTTTTTTTTTATTTTTTCCCGCCCCCTCTTCTTTTTTTTTTTATTGACGTATCTTTTCTCGCGCGCCCCCCTTTTTTTTTCTATTGGCGCCCGCCCCCCCGTTTTCTCGCCCGCTCTTATTTATCTTTTTTCTGGCGTATTGG	R1	0.006578359752893448
seelig	consider missing + MOI	seelig_cm_moib_zinb_phantom	CTGGCTGTAAGCTGACCTCACCCCCGAAGCGTTTGCACATGTCTCCATTGACATCCATTGAGGATGGTACAACGCTCGTAACATGTCTATCACGCGACTCTAGTGACCTTCGTAGTCTATTGTCACACGCCTAAGGAATATAGTG	R1	0.006684049963951111
seelig	consider missing + MOI	seelig_cm_moib_zinb_phantom	TAGTCCTACGAATCACGCCGCCAAATAAGGAGGTGGCGCCTCCTACGACGGATGCGTCATTTGCGTGATGCAACGCCGTATCGATGAGTTATCACGGTGTATGATAACTCCGCCTTCTGGCGGCGCTTCCCTCCGAGTGACGCTA	R1	0.007348737213760614
seelig	consider missing + MOI	seelig_cm_moib_zinb_phantom	ATCGTTCAGAACCCACTGTACAAAGATTGCCGCTAGAGTGCAAACTTTGCTCGCCGAAGGGCAGTGGACAATCCCGGGCATGTCCCGTCATGTTCGGCGGCCAAACTCTCCGGAAGTCGGAACTTTGCTTTGGGTAGTTTTGCAA	R1	0.006582247093319893
seelig	consider missing + MOI	seelig_cm_moib_zinb_phantom	TAACGACACGTAATTCGCGTATTAAATCGCGCTATCTCTTCCTCCGGCCGATAAGCTTGAAAAGTTATCATATTTCGAGAAACGCCCTACCGCTGTAGCACGCGAACTGCGTATATCATCAAGTGATGACGCTTCGCGGAACGGG	R1	0.006874037440866232
seelig	consider missing + MOI	seelig_cm_moib_zinb_phantom	CCGCCGATGACGCATATCGCGGGTCCGACGCGCCCTATAGGGGGCTTCCCCCATGCGAGGAAGTATCTTCCTCCGAAAGCGGTTTTAAGAATAAGAGGCGGTTCCGGATAGCGCGGTCGCTGGATGAGGGTCCGCGCGTAACGCG	R1	0.006655169650912285
seelig	consider missing + MOI	seelig_cm_moib_zinb_phantom	AACCGAGGTACAAAACTAGCTCTGACATGGCGCCGGGATTAAACATGCCTCGGGTTTTTGTACAATCTCCCGTCATGTTCGGCAACCCCGGCAGAAACTCGTTCGGTTTGTTTGCCTTTGCTCCCTTCCGTTTACCGAGATGGCG	R1	0.006607149727642536
seelig	consider missing + MOI	seelig_cm_moib_zinb_phantom	AGATAAACTCTTTCAACCAATCACCAATCGTGAAATATTTGAATCCACCAATGCCCTGGACGCCCTCCCACCCAAGATGTCCCGCCTTCCCTGACGAGACCAATGTACATCTTACAGGTATTGATTGATGTCTCACGTCTCCCTA	R1	0.006891030818223953
seelig	consider missing + MOI	seelig_cm_moib_zinb_phantom	ATGGGATGAACGCGAGTGAAATCACAGCTTATCAAATCACAGCTCGCATAGGATCGAAAATCACAGCTCAGACAAGGGCGGCAAATCACAGCGTAAAATCACAGCGCGAAAATCACAGCTAAGCGTGATAAATCACAGCGGTAGA	R1	0.006569049321115017
seelig	consider missing + MOI	seelig_cm_moib_zinb_phantom	GTTCCGCGATTCGACACATTTTAATCCGTGCAAACAGTAGCGGGACCCGCGTGGCGACGCATCTGCGAGGAATCGTTACGACAACTGCGTGTGCTGATTAGAATACGATCCTAAGAAAAGGAGGTCCCACACTTATATATCCATA	R1	0.006686250679194927
seelig	consider missing + MOI	seelig_cm_moib_zinb_phantom	AACCAAGCTAGATCCTGTGAGCAGAGAAGCTGGGGCTGTTTTCAACGTTCTCTCCTGGGCCAGGGCTGAGAGTACATTCCCACCTTCACAGCATTCCTTCCTAGGTCAAAAGGTCATCTCTCACAGACGTCTCCGGCAGACACTC	R1	0.006596764549612999
seelig	consider missing + MOI	seelig_cm_moib_zinb_phantom	TTCACTATTACATAATGTTTGTACACATCCCCTGCCAACTCAACCTTTGTTTGTTCAACCCAAAGTTCAAACAACTCTCTGTTCCACTCCATCACTGCAAACATGCCCGGACATTCACTCTACCGACATTCCCTATTACATAATG	R1	0.006786694284528494
seelig	consider missing + MOI	seelig_cm_moib_zinb_phantom	ACCCACCGATATCTTATAATCGGATAATCCAGATGTCAGGTAGCGCTATCCGCGTAAAAGCGCGCCGATTGACGATGCGTCGTCGTATAGTAAGGAAGCAACACGGAATAGAAGAAGCACCGTCACAAAAAGGTGATGACTCATG	R1	0.006693021859973669
seelig	consider missing + MOI	seelig_cm_moib_zinb_phantom	CCTCTTCTTATTTATCTTATCCTTATGAGTCTTACTTCGAATGAAAGATATCGCGAAAGAGTCATCCACATATATCGAGATATCGCATCCGCGTCTTATCGCGAAACCGCTTTCTTCAGATAACTCGAAACCGCCACCCACAAAA	R1	0.006728008855134249
seelig	consider missing + MOI	seelig_cm_moib_zinb_phantom	GTACAGACATGCCCGGGCATGTCCCCTGTCCTGTCCACCCTTGCCCCTGTTTGGACATTCCGGGGCATGTCCCCTGGTTTGTACAGACAGCGCCCTGTTTGGTGGGGGGGACATGCCCGGGCATGTCCCCTGTGCCCCTGAGGGG	R1	0.006629006937146187
seelig	consider missing + MOI	seelig_cm_moib_zinb_phantom	CAAAGGTCACACTACATAACAGAAGAGGACTTTGACCCCAGCTGAATGGATCCATGCCGGGGGCCAAAGGTCACAGACCTGAGGTGTTTGTCCCCTGCACAATGGATCCAGGCCGGCATGCCCAGACATGTCCCCTGCACAAGAG	R1	0.006627678405493498
seelig	consider missing + MOI	seelig_cm_moib_zinb_phantom	TGACCCCTGCTGGCATGCCGGGGCATGCCCTTTGCCCCCTGTAATGTTTGAACAAAGGTCTCCTGCCGGCATGCCGGGGCACGTGACCTCTGTCCGGTAATGTTTGAACAAAGCAAACATTACATAAACGTTCACAGCTCTCCGG	R1	0.006631986703723669
seelig	consider missing + MOI	seelig_cm_moib_zinb_phantom	TTGGGCATGTAGAGGGCAACCGACGGACGGCCGTAAACAACATGCGCAAGACTAAATGTACTGCGATGGACGACATAAACCACCGGTGTTTGTGGACTTTGGCTTAACGGGCGCGCAGTGGACAAACTCCCGGCCGGCGTAAGTT	R1	0.006718485150486231
seelig	consider missing + MOI	seelig_cm_moib_zinb_phantom	TGCACAACCCCTGAACATTCCCCATCATGTCAAGCACACAGACTCCCTCTGAATGTTTAACCTTTGTACAAACATTGCCAACATGACAGAGTGAACATTCCCCATCATGTCTGGCACTATCACCATTACGGAATGTTTAACCTAG	R1	0.006605564150959253
seelig	consider missing + MOI	seelig_cm_moib_zinb_phantom	TCTCGGTGTTTACTTAGGTTCTGGGGTCCGCCGTGGAGCCATTTGCAAGCGTGCGAAACGCGTCGTTGCCAACCCCCCACCTCGACTATCGGAGTCTACCGTTTCAGGGCTGTTTACTTAGGGGCCCAGTGGCGGCTAGTGTTTG	R1	0.007351934909820557
seelig	consider missing + MOI	seelig_cm_moib_zinb_phantom	TTGTGTAAACATGACCGCAAGATTGAACTTTCACCCCACATTCCCTTTGTACTTTCAACCTCCTGTCAAACCTCATGACCAACCACCATTACGTAAAAACAAACTTCCCCCTGACTCCCATTCCCTTTGAACTTTCGCTCCACAG	R1	0.006748232990503311
seelig	consider missing + MOI	seelig_cm_moib_zinb_phantom	GACTTTGATCGAAGAGTCCGCTGGACAAGCCCGGGTTTGTCTGGTGACATAACAAAAGTAGTTCTGGTCGCAAAGTTGAAAGTATGCATACCACGGTCACGTCTACCATCCTGTCCTGGCTCTCTGGACGTCACCAGTGAGCTCG	R1	0.006604508962482214
seelig	consider missing + MOI	seelig_cm_moib_zinb_phantom	CAAACAACCCCAGGCATGCCGGGAGGGGACCATGACCCCAGAGGGAGAGCGGGAGAGCAGGGGGGCAGTGGACAAACAACCCCGGGCATGCCCCCAGCAGGAGGGCAGTGGACAAACAACCCGGGGGGGAGGTGAACAAAGGCCT	R1	0.00665835477411747
seelig	consider missing + MOI	seelig_cm_moib_zinb_phantom	GTCCTCTGTCACGCGCTGTTTTCCGTTAGTCCACTTCAGAGGCATCACTACCAGCAGTTGCTTAAGACTCATTTCCGGCCGGGCGCGGTGGCTCAGGCCCATCATCCCAGCACTGTGGGAGGCCGAGGTGGGTGGATCACGAGGT	R1	0.006763511803001165
seelig	consider missing + MOI	seelig_cm_moib_zinb_phantom	GGCGTTTCTTATGGGTGGTTCCTCTTATCTGCGCGTGGCGCTTCGTCGCCTCCCCGCCAGATACGCTTCCATCCGCGCGTGGCGATACGCAGATACGCGTGGCTCTTCCGCGATATCTCGCCAGATATCGCGTCCTCCAGATGCG	R1	0.006615546531975269
seelig	consider missing + MOI	seelig_cm_moib_zinb_phantom	GCTTCCAGATATCGCTCCGCCCACTTATGGGTGGCGCCTTCCGCCGCGATATCGCGCGATTTATCTCGTCATCGCGATACGTCGTCATCGCTTCCTATCTGCCGCGTCTTCGAGTTATCGCCGCGCGTCGCGTTTCTCGGGTGCG	R1	0.011879360303282738
seelig	consider missing + MOI	seelig_cm_moib_zinb_phantom	TAATGTACCCAGCATGCTCAAAGTTCAAACCGAGGTTGCTGAACCTGACCAAAATTCACAGCTGACAGGACTTTGGTTCGCCATGACAGGCACCTTGCCCGATGCCCGGAGGCATGATTGATGCCAAGGGGGAATTTCGGACACG	R1	0.006722670514136553
seelig	consider missing + MOI	seelig_cm_moib_zinb_phantom	CACCCACAAACACCGATAACTCACCACCCACATCCAAAAAACCAACCAAACAACGATAACTCACAAAAACGATAACTCAAAAGAAAGCGCAGTCGCGGAAGCGCCGCCCACATCCAAAAAAAAACAAAAAACCAAATGACTCAAC	R1	0.0067138150334358215
seelig	consider missing + MOI	seelig_cm_moib_zinb_phantom	GGGCGCGGGCGGCGCTTCCGAGAGAGGGGCGGGCGCTGACTCATCCGGCGGCCCCGGGACTGAGTTATCGCTTCCTAGATATAGGGGGGCGGCGCCGCGGGCCGATAGGCGCGGCTTCCTTGAGCCGGCGGGTGAGTCATCCGGC	R1	0.007207511458545923
seelig	consider missing + MOI	seelig_cm_moib_zinb_phantom	ATGACTTTATCGCCCCACCACGTGCGACGGATGAGTGAGGGTCTCACTTCTTGGAAGCGACGCGCCGCCCGCTTATGATGAAAATCGCGCGTAGGCGGATAGGAGATAAGAAACTAGTGGCGGCTCCCGTAACTGGATGCTAGTG	R1	0.006917448714375496
seelig	consider missing + MOI	seelig_cm_moib_zinb_phantom	TCCAACAAAAGAAAGCGCAGTCGCGGAAGCGCCGCCCACATCCAAACCAAAAAACCAAAAAACCAAACAACCAAAAAACAACAACAAATGACTCACAACAACGATAACTCACAACAACACTCAAACAAGAAATCGCGGAAGCGCC	R1	0.006865208502858877
seelig	consider missing + MOI	seelig_cm_moib_zinb_phantom	GCCGGGAGGTTTGTACTGCACAAAAGCGCGTCGGTAGACCAAAAGGGTAGTGGTCCTGAAGTTCAATGCCAACTTACCTGGACATGTCCAGACACAAACGTTCTACGGTCCATTCCGGCGGCCTCATGCCAGGGTGCCAGGTTCC	R1	0.006619706284254789
seelig	consider missing + MOI	seelig_cm_moib_zinb_phantom	ACGGCATGCCCGCTGCCCCGGTAGGCCAGGGGCAAAGGACTTTGGACTGTGGCACCAAACAATGACCGGAAGGTCAGGTGAACAAAGCAAACAATGACCGGACGGTCATGCCCGGGCATGTCCCCTGGCAAAGGTCAAACACCAA	R1	0.0066491481848061085
seelig	consider missing + MOI	seelig_cm_moib_zinb_phantom	GGCAAGGTCTTTGACCTGACTGGAGTGCGACATGTACCAGTGGGCTTGCCGGAACATGTCCGGTTGAACTAAACACCAACGGACCAAACTGTCAGACATTCAGAACGTAAACCTCCGGACACTCTTTTGTCAAGTTTCAACCTTG	R1	0.006648865062743425
seelig	consider missing + MOI	seelig_cm_moib_zinb_phantom	CATGTCCAAACATGCCGGCATGCCCAGGGAATTCCGGTGGTCTTCGGGACAGGATGTTTGAACTTTGGTCACATGGCCCACAGGCTCTCCACTATACAGGTTACATTGCCGGCAACCAGGGACTTTGCTGGCCTTCGCTTAACTA	R1	0.0066618057899177074
seelig	consider missing + MOI	seelig_cm_moib_zinb_phantom	CGGCCTCTTTTTCCGATGAGTCATCAGTTTAAGAAGTACTTCCTCCCGAGAAGCGCCGCGTGGGGCTCATCCAATTCGCAGAAATAAGTATCTTTTCCGCGCCCTCCAATTGCTACGACGTCTACGACGCGTAAGGCCTTATCGG	R1	0.006937257945537567
seelig	consider missing + MOI	seelig_cm_moib_zinb_phantom	TCGCCTTGTCCGCTGCACGTCCCCCGGCATGTTTGCAGAGCGGAGAGGGGTGACGAACGTTTAACCGTAGAACATCCGGCGGCATGTCTAACTATTCAACCATTGTACTGATCTAAGCGTTGTTACATACCCCGGACTTACAAAA	R1	0.0065847476944327354
seelig	consider missing + MOI	seelig_cm_moib_zinb_phantom	CGAACATGTCTTTTGAGCCGGCAAGATAGGGGCTGACCGTGTAGCGGTTGTCTGTGCTGCCTCCGGGGTCGAAGTAACGTAGACCGAGACAAACCACATGTCTGGAGCGGTATTACACATGTCTATGACAGCGTTAATCGTTGAC	R1	0.006939114071428776
seelig	consider missing + MOI	seelig_cm_moib_zinb_phantom	AACACCAATAACTCAAAAGAAAGCGCAGTCGCGGAAGCGCCGCCCACATCCAACCCAAAAAACAACAACAAATGACTCAAACGATAGAGGAAGCGACACCCACAAAAACCGATAACTCACCACCCACATCCAACCCAACACCGAT	R1	0.00755391176789999
seelig	consider missing + MOI	seelig_cm_moib_zinb_phantom	CTGATTAGGGGAGACTTAGTCACAGCCTTTCCCGCAGACACGTTTTACTGCCTGCCCGCCCACACAGCAATTTCCTTCATTACCCAGTGCTGAGTGTTGGCTGGCGAGCCACAGCTCAGCCCAGTAATGAACAGGCTTCTGTTAC	R1	0.006607388146221638
seelig	consider missing + MOI	seelig_cm_moib_zinb_phantom	ACAAGGGTCCGTGCGCTTCCTCGAGGGTGCTGATGAGACTTCTAAGACACAGCGTTAACTAGGTCTTCAGGATGCGGCTTAATTCCTCCATGGACCAGAGCGGACCGATGACACCCGGGCCTATAAGGAAGTATCGTACCTTATC	R1	0.006753035355359316
seelig	consider missing + MOI	seelig_cm_moib_zinb_phantom	GGAATGTCAAACAAGCCCGCCGGGCATGCCGGCAGGCCGGCAGGCCACAAACACAAAGGGGACATGTCCCGGCATGCCGGCCGGCATGCCCCTGGCCATGCCACCAAGCATGCACCAAACGGACCATGACCAAAGCGGACCATGC	R1	0.006624357309192419
seelig	consider missing + MOI	seelig_cm_moib_zinb_phantom	CTACATGAGTGCATGCCTCCGGAATGTTTGTACTTTGGTCTTGTACCAACATGCCCCTGCATGCCGGCCTGTACACAGAATCTTCCACCTCTCTAATGTTCCACCTTCGGTCTGTTTGCCTTGTACCAACATGCCCCTGCATGAA	R1	0.0065543996170163155
seelig	consider missing + MOI	seelig_cm_moib_zinb_phantom	GGAACCCAGGGAACATGTCAATAAAGGCACTCTACTGTAGCGGCTCGTGCATGCAAAAGATTGTGCGAAGATGACCGAGGCGTAGGACTGGCGCACATGTCACAGCACATGTCGCCAGCGCTTAGACTCAATCACATGTCCACTC	R1	0.006593840196728706
seelig	consider missing + MOI	seelig_cm_moib_zinb_phantom	GCCCGCCGATAGCGCCGCCTTCCTCGACGCGGGGGCTGAGTCATCCGTCGGCGCGGGCTCTCAGTTATCGCTTCCTAGATATAGGGGGGCGGCGCTTCCGGCCTATAGGCGCGCCTTCCTCGCCCCGCGCCTTCCTCGACCCGCG	R1	0.007188150659203529
seelig	consider missing + MOI	seelig_cm_moib_zinb_phantom	AGCTGCTTCTGGCATTGATTCATTGGCTCAAAGGCATCAGAGCGAGTGTCTCTGCTATTCTCTTGGCCTTCCTTTTCCTCGTAGTAGCAAGGCAGTCACAGCTACCAACAGCACATCCGTAAGGCTGGAAGAGGCACGGAAGTTG	R1	0.006669028662145138
seelig	consider missing + MOI	seelig_cm_moib_zinb_phantom	GAGATGACCGAGCAGGAAATCGACACTCTGTGTTACCAGCTCCAGGTCTACCTGGGCCACGGCCTGGACACCTGCGGCTGGAAGATCCTCTCCCAGGTGCTCTTCACCGAGACCGATGATCCCGAGGAGTATTACGAAAGCCTCA	R1	0.006648200564086437
seelig	consider missing + MOI	seelig_cm_moib_zinb_phantom	TATCAGGAAGGGAGTGACGATATCGCGCCATCCAAGAAAAACGACATCCGCGAATCCGCGAATCCGCGCATCCAAGAAACCACGGGAGGGCGCGCCTATCGGAGGAACTGAGGGAGCGGCAGCGAGAAACGATGACTCACCCCCA	R1	0.00718721142038703
seelig	consider missing + MOI	seelig_cm_moib_zinb_phantom	GAACGATACGCGGTTCTTGGAAAAGATATAAAGAAGCGCGGACCCATGGATCGGTCCGCGTATCTTAAAAAAGATATGACTTAAGGAAGTTATGAGATAGGGCGGGTCCACGGGGACGCGGGGCCACGGAGACGCGGAACCGCGG	R1	0.007105959579348564
seelig	consider missing + MOI	seelig_cm_moib_zinb_phantom	AAGCGATATCTCGAAGAGCCGCACCCACAGGCTCCGAGGGCGGGCCTATCAGAGAAGACGAAGGAAGATAAGGAAGAAGGAAGAGATATCTCCCACGAAAGGGGCGGGGAGAGAGATAAGAAAGTGAGGCAGCGTAGATGCGAGA	R1	0.006913246586918831
seelig	consider missing + MOI	seelig_cm_moib_zinb_phantom	GAGTGCGTTACATAATCAATGAAAGCTACCCCGGTCATGTCACCTCGTATTGTATAGGTAGACAGCTGGAAGCATGCCCGGACATGTCCAGGCATGTCCACTGTTCCCCGTCGTTTAACCTTTGTTCAAAAACAAACAGCAACTC	R1	0.006658587139099836
seelig	consider missing + MOI	seelig_cm_moib_zinb_phantom	CGGCGGTGCGATTCGCGATATAACGAAAGGCCCCACCCTAGGCTGATAAGATATAAGTATTCGACAGTTCCTCCTGATGATTCGCGCGTATCTTCCGCAGACGCGCTGGCGGATAACTTCTTGGAAGTGATTAGCTCGGGTGGCG	R1	0.006746184546500444
seelig	consider missing + MOI	seelig_cm_moib_zinb_phantom	TGTTCCCGGTGTGCGGCCATAGGTTTGCCCTGGGGCCGCTGTGCAGAAGGCTTGCAGGGGAATGTCGAACTACCGGTCGTTCAACCCAGGCTGCAACCTGACCAACACTACCGTCATGACGTCAGCGGTCATGTCCGGACTTCCA	R1	0.006688873749226332
seelig	consider missing + MOI	seelig_cm_moib_zinb_phantom	GCATGTTTCAAAGTTCAAACTTCCGCTCTCATGTCAAACATTACATCAAACCAAACTTCCCCCAGCATGTTTGAACTTTCACCTCACCTCCCTCCTGTCAACCATTATGTAAAAACAAACTCCCCTTTGAACTTTCGCTCCACTG	R1	0.006723855622112751
seelig	consider missing + MOI	seelig_cm_moib_zinb_phantom	GTTGTTTGTTTGACATGACCGGACATTCCCTCCCTTCTTTTTTTGTTCAAAGCTCCCTCTCCCTGCACCTTTGAACTTCTGTCCGGAGTGTTCCCTTCACCTTTGAACTCCTGATGGTCGCCCGGCATGCCCGGACATTCCCTTT	R1	0.00669389683753252
seelig	consider missing + MOI	seelig_cm_moib_zinb_phantom	GAGTAAATCACAGCCCTTAAATCACAGCATTGTCCTCCTATTTTTTGGGATGTATCGAATTCGGCTACTGCGCGGGCGATCTCCTACAATATGGTTTGACCATGGCCACGGTGAATAGTAGATAGCTTAGTCGAAAAGATACGCC	R1	0.006761787924915552
seelig	consider missing + MOI	seelig_cm_moib_zinb_phantom	CCGATAGAACTGATGACTCATCACGCGGGTCCTAGAAGTAAGCAGCTTCGCGAGATGCAGTTGCTTCCTTAAGAGAACCCATGCAAGAGGGTACTCTGGCGCGCGGCCAATTGCGATGACGACCGCACTCCACACGGTATATCTT	R1	0.007109371479600668
seelig	consider missing + MOI	seelig_cm_moib_zinb_phantom	ACGGTCTTCCTAAAGCACGGTCTGCCCTTGTTTGCCACAATCAGCACTTCAAGGCTGACACCTGACACACAGAAATGACTCCATCCTAAACTTTCTATTTCGGGACTGGGGTTGCCAATTCATGGGACCCAGAAAACAGCAAGTC	R1	0.006703485269099474
seelig	consider missing + MOI	seelig_cm_moib_zinb_phantom	ATCTCTGCTAGCCATAGATAAGATAAATCCTGGGGCTCTAAAGACTGCAAGCCGTTGCTGCCCTTCAGAGCTTTGTGACTCAGACACCTGTCAGGCTGCTGAGAAACGTGATCTAGTCACGTCAGCCCTCCCCCTGTCTGATCTC	R1	0.006724941544234753
seelig	consider missing + MOI	seelig_cm_moib_zinb_phantom	TGCCTACATACGTACAGGGCAAAGGTCATTCCCGTCCGGACTTTTGACCTGTTCCGTCACAGCAACGGTCGTGGCCTGGTACACAGACCGTGGCAACAAACCCGGGCATGTCTGGGGACTTTGGACACTAGCCCCCGACAGTCGC	R1	0.006593150552362204
seelig	consider missing + MOI	seelig_cm_moib_zinb_phantom	TAACTCAAGAAAGCGGCGCCCACACGCACCGATGACTCAAGAGCGCGGCGCAGACCACACCCAAGAAGCAGATAACGAGGAAGCGCCCACCCGAGAAGCACCGATGACTCAAGAGAGCGGCGCACCGCTGACTCAAGAAACGCCT	R1	0.00782465748488903
seelig	consider missing + MOI	seelig_cm_moib_zinb_phantom	GCGACACGCCGATACGCCGATAACACACCCACACCGCCACACCCGCAGCACAGCGCTGACTCAAGAAGCAGATAACGAGGAAGCGCCGCGCCCACACGCGCCGATGACTCAAGAGAACGGCGCAGCGCTGACTCAAGAGAGCCCA	R1	0.009293495677411556
seelig	consider missing + MOI	seelig_cm_moib_zinb_phantom	TTGCCCGGACAGGTCCCCCGTCATGTTGGACTTTGTCCGGACATGTCCCCCGTAATGTCAAACCTCCGGAATTTGCCCGCTCTTGTTTGTTTGTTCAAAGGTCAAACAGTCCAAAGGTCAAAAGTTCAAAACAGGCTTGCCCCCT	R1	0.006979247555136681
seelig	consider missing + MOI	seelig_cm_moib_zinb_phantom	GAGGGGGGGGGACAAGCCCAGGCATGCCCCCAGCAGTACACAACCACCCCGGGGGGGCAGTGGACAAACAACCCCAGGCATGCCGGGAGAGGACCATGACCAGAGCAGTGGACAAACAACCCAGGAGGGCAGTGGACAAACAACC	R1	0.0067705754190683365
seelig	consider missing + MOI	seelig_cm_moib_zinb_phantom	AGATTGTCTTCCATGAAACTGGTCCCTGGTGCCAAAACGGTTGGGAACCGCTGCTTTATAGCACTCAAGATAAGCAAAGTGCCTGCAGCCAAGGATGTGAGTCACCAGAACTAGGTGGAAGAACCACTCTGAGAAAGAAACTGCT	R1	0.00663670664653182
seelig	consider missing + MOI	seelig_cm_moib_zinb_phantom	CTGAATATTTAACCTTGGTTGCTCAGGAGCTTCTGAATGTTTAACCTTTGTACAAACCCTAATTCTCTCTATCACTGCAAACATGCCAGGGCGAACATTCCCCATCATGTCTGGCACTACGACCACGACGGAATGTTTAACCTAG	R1	0.006692604161798954
seelig	consider missing + MOI	seelig_cm_moib_zinb_phantom	GTGACAAAAGAGCAAAGCTCCCGGAATGTGCTGGGTGCAGCTTTGGGTAATACATATGCCGAACCTTCTCTTTAAGGGTCCACGCGCAGCCTCGGGTGTGAATGAAGGAGAAGAGATCGTGTACCACACATGATGCTTACGGAGC	R1	0.006992747541517019
seelig	consider missing + MOI	seelig_cm_moib_zinb_phantom	AAGAGCTGTCATACAGGAGAGTGGGTTGTTCCCCATACATAGCTTGATGAGTACAGCCTTGGCCTTGCAACTTTCGGGTGTGGGACTGTGCCCTTTGACCTCAGACATGCTCCCAACACAGCAGCTCAAATTCACTCTGCACAAA	R1	0.00659785233438015
seelig	consider missing + MOI	seelig_cm_moib_zinb_phantom	ACATTCCAGTGACCTCACTTGCTCACGAGCTTCGGAATGTTGACATTCCGGAATGTTTAACCTTTGTACAAACCCTAATTCTCTCAACCTCTGAACATTCCCCATCATGTCAGGGAATGTTTGTCCATGACCGCCTTGACGTCAG	R1	0.007575691677629948
seelig	consider missing + MOI	seelig_cm_moib_zinb_phantom	CAGTGCAGAACCACGGAATTTTGAACCCAGCTCACATATGAACCTAGCGCAATCATTCCGGACGCGGTCACGTGTCCAGTGAACATACCCGGTCATGTCCGAAGGGATCTTTGTTGACTGCCACCGGGGGCATTACAGAACAAAG	R1	0.006684154272079468
seelig	consider missing + MOI	seelig_cm_moib_zinb_phantom	GGGGGAGGAGCGCCCGCCTATAGGCGAATCCGCATCTGCGCCGATAACGCGGAAGAAGGATAACTCACAACGCGGACGCGCGGATCCGCGGATCCGCCACGCCGCGTCCGCGCCGCCCCGCGGACGCGCCGATGGGGGCGGGTCT	R1	0.006770100444555283
seelig	consider missing + MOI	seelig_cm_moib_zinb_phantom	ATAAGTCACACCCACACACCCACACACACACAGATATAACTTCCTCAAAACCGCAACTCATATCGCACCACCCATATATCTCAAATCCGATAACTCATCAGTCCGCCCCTCCCATATCTCTTAAAACCGATAACTCATCCTAACG	R1	0.006649944465607405
seelig	consider missing + MOI	seelig_cm_moib_zinb_phantom	CCTACTTCAAGCCCAAACCAACTTCCTTATCCCTTATGCCTCCCTGTCTTAGTTTCAGTAAACAACTTTCCCGCCAGTCCTTATCTGCAAAGACCACATATGCTAACCCATTCTGCGAATTACCCCTCCTGTCGCAACAGCTCTT	R1	0.006989946588873863
seelig	consider missing + MOI	seelig_cm_moib_zinb_phantom	TGTTTGTACTTTGGTCTCCTGTACTGCCGTCAACATGCCCCTGCATGCCGCCGGCATGTTCCTACTTTGGTCTCTCTGCCTTGTACCAACATGCCCCTGCATGCCGGCCTGAACACAGAATGTTCCACCTCTCTAATGTTCCACC	R1	0.006665757391601801
seelig	consider missing + MOI	seelig_cm_moib_zinb_phantom	CGGAAAGTTCACGGCATGTTTGCCCGGGCATGTGTTTAACCATCGCGCAATCAATGCAAGCTCGGAGGTAGCACACCAATCATCCATCTTCAGCACATTGTTAAACTGGCCGCGTCCATTATGTTTAGGTGACCACAGTCCACTC	R1	0.006775772199034691
seelig	consider missing + MOI	seelig_cm_moib_zinb_phantom	GTTTGTACACATCCCCTGCAAACTCCACCCCAGCCAGCATGCCCGGACATTTCCACTGCTGACATTCCCTATTACATAATGTTTGTTCAAACCAAAGTTCAACACTCTCACTGCAAACATGCCCGGACATTTCCACTGCTGCCCA	R1	0.006790848448872566
seelig	consider missing + MOI	seelig_cm_moib_zinb_phantom	GTTTGGACATGCCCCGGCATGTCCCCAGACATGTACAGACATGCCCGGGCATGTCGGGGCCCACATGCCGGGGCATGTCCCCTGCCCGGCATGTTTGGACTGCCCCTGGGGTGCTTGTCCCCTGGGTTGTTTGGACATGCCCGCA	R1	0.006616894621402025
seelig	consider missing + MOI	seelig_cm_moib_zinb_phantom	CACTCTCTGTGACCTTGGTTGCTCAGGAGCTTCGGAATGTTTAACCTTTGCACAAACACTGCAAACATGCCAGAGAGCACACTCCCCTAGACGTCAACATGACCGTCTGAACATTCCCCATCATGTCAGGCACTGCCACCATTAC	R1	0.006745628546923399
seelig	consider missing + MOI	seelig_cm_moib_zinb_phantom	GGGTATGAACATGCCCCCTTACATTCCCGGACAATTTCCGGCATGCGACCAGGGCGGAGGCCAAACTCCCGGCATTACATCATGCGCGAGTGCAAAAGGCCGGAGGTCGACCATTGGACAATCCCGGTGAATGCCTGCGTGCAGT	R1	0.006878870073705912
seelig	consider missing + MOI	seelig_cm_moib_zinb_phantom	TTCCGCGAACGGCGCGGACCTATCTTATAAGGAAATTCCCGTTGTCGCTTAAGTACGCGCGGCCCACTGCTATCATCCGAAAGAACTTTACGATATACGCGTGATAAGATACTCATAACTCGTAACTCATTGGAAGATATGGGCT	R1	0.0066295587457716465
seelig	consider missing + MOI	seelig_cm_moib_zinb_phantom	GCTCCGTAAGCATCATGTGTGGTACACGATCTCTTCTCCTTCATTCACACCCGAGGCTGCGCGTGGACCCTTAAAGAGAAGGTTCGGCATATGTATTACCCAAAGCTGCACCCAGCACATTCCGGGAGCTTTGCTCTTTTGTCAC	R1	0.006666505243629217
seelig	consider missing + MOI	seelig_cm_moib_zinb_phantom	TTCTAAACGCCGCAACTTACATTGAGATAACTTCTATAAGTAGCATACTTCGCGGAGCGGACCTCACTAGAAATCCTATACGCATCTCCGAGAAACTGTCTAATCCGCGAAAGCGTTATCTCTTGAGTCTGATAACACATGGGCC	R1	0.006865097675472498
seelig	consider missing + MOI	seelig_cm_moib_zinb_phantom	CATAGACCTTCTACAACAGACCCAGCACTGGCCTGCTGATATCTCAGCCCTGAATCCTCTCATTCGCAGATAATCTGCCCACAGCAGACACAGTTCCCTTCATTTTATCCAAGATACCTTAGTTTGCAAGTTCATCATAGACTTC	R1	0.006672201678156853
seelig	consider missing + MOI	seelig_cm_moib_zinb_phantom	GCCATTTCTCACGCCCAGTCAGAGTCCAGGAATTCTTAGGTTCCCTCTTCTCACCATTGTCCTCCCACGTGACTGACGTCACTTCTGGCGGGAGAGAGGGTGGAGGCGTCTTCGCTCGCTTATCGCATACTTCCGCCCGCTCTTC	R1	0.007353789173066616
seelig	consider missing + MOI	seelig_cm_moib_zinb_phantom	CCCCCCCCCACCCAGAAGAGGATGAGTCATCCTATCGGGGCGGGTTCCAGGAAGTGACTCATCGGCGGGGGGCGGGCCCCCCCCCCCACAGGCAGATATATCGGCGGGGGGCCCAGCCTATCACTTCCGGGAAGGGCCCGCCCCC	R1	0.007479118648916483
seelig	consider missing + MOI	seelig_cm_moib_zinb_phantom	GCGGGGAGGGGCGCAGTGAGCTGAGACGGCCTGGGGGGAAGCCCAGGTGACACCCTACCCGCCTTGTCTTCCAGAGGCCCGAGTGTCCCCAAGACCCAGTCCTCGGCTTAGAACTGTCCCCAGCCCTTGGTCCCCTGGGCAACAG	R1	0.006683350540697575
seelig	consider missing + MOI	seelig_cm_moib_zinb_phantom	TGATGGCAGTACAAACAGACTGGACAGGGCCAGATTTGTGATGGTGATGACCTGCCCACCATGCTGAGTCCTTGACCTGGGATGTGACTCACAAAGCCAGCCGTTCACCTTATACATTTCATGCATTCCACACCCTGACTCGACG	R1	0.006924530491232872
seelig	consider missing + MOI	seelig_cm_moib_zinb_phantom	AAGCATATTTGTCAGCGGAGGAAAAGAAACTAACCAGGATTCCCTCAGTAATGGCGAGTGAACAGGGAAGAGCCCAGCGCCGAATCCCCGCCCCGCGGTGGGGCGCGGGAAATGTGGCGTACGGAAAAATACAAAAATTAGCCAG	R1	0.0067153326235711575
seelig	consider missing + MOI	seelig_cm_moib_zinb_phantom	CCGATAAGCGTTATCTCGCAGACTAATACGATTTCACTCATCGAAACAGCGAATCGGGCTGCTTCTCAGGGCGGAGAAACGGTCTTCTTAGAAAGCGGCGCCCCCTCCCGATACTCCGCGTTGCTTCCTCGAAAAGGAAGACTCG	R1	0.0066710226237773895
seelig	consider missing + MOI	seelig_cm_moib_zinb_phantom	TTTGCGTAGGGCACTGGTCTCAGGTCATTGGACTAAGAGAGACAGGCCAAGATGACGTCATAATACAATATATGTATCCTTCAACCAAACCGACAGACCAGTGGACATGCCCGGGCATGTCCGCTGGGGGACTTTGACCTTTGTA	R1	0.007039578631520271
seelig	consider missing + MOI	seelig_cm_moib_zinb_phantom	TTCAATGGTGTTGCTCAGCAGGCAGGAAATTCCAGACATAGTTTGTCTGTTGCATAGGGTGCTATTTCACGTGGGAGATCCAAACTCCATTCCGCCCCTTTCCCCAGCTTCCTCCTCCCCCTTTCCTTCCCGCTTCCTCTCCCTC	R1	0.007170720957219601
seelig	consider missing + MOI	seelig_cm_moib_zinb_phantom	CAGGCCACAATCCCCGTGTCTGCCTCACGATGGTGATGAGCTCCGGAGAGTATATCAGTCCATACCTCCGTACGACACGCTCAAGCCCAGACTGGTGGGGACAGATAAGAGGGGTGATCATGGCGACGGCCAGACCATGGTTGAT	R1	0.006769946310669184
seelig	consider missing + MOI	seelig_cm_moib_zinb_phantom	GACCCATGGAGCGATACGCGTTTCTTGGAAAAGATATAAGAAAGGGCGGAGCGATACGTGGGTCCGCGAAAGGACCCGCAGAGCCGCGGACCCATGGGCCGATGCATGGGTCCGCGTATCTTGAGGAAGTGATAAGAAAGCGCGG	R1	0.006886590737849474
seelig	consider missing + MOI	seelig_cm_moib_zinb_phantom	AGGTTATGTGAACGGGAATGTTCAAAGGTTCCCCAGGGGGAATTTCCGGTCAAGTGTACACCACCCAATATTTGATTTTGCACTCACAGCCGACCGAGTGTTTGGGTCTGCATGCCCAACTCCCGGTGCGCCAAATTCACAAGAA	R1	0.0068205296993255615
seelig	consider missing + MOI	seelig_cm_moib_zinb_phantom	AACCGCGGAAGCGCGATATCGGCATATCGCGCAAGATAACGCGATGAAAGAAAAGGAAGCGCCACATCCGCGCGGATGCGCCGATAAGTCACTCCCTCTCTCGCGCCGTGACGCGGAAGCGCCGCGCGCCGATAACTCAGACCCC	R1	0.007681430783122778
seelig	consider missing + MOI	seelig_cm_moib_zinb_phantom	TGCACAAACGTTCACAGGGAACATGCCGGGGCATGTGACCTCTGTCCGGTAATGTTTGAACAAAGCGAACATTACATAAACGACTCCTGCCGGCATGCCGGGGCATGTCCTTTGACCCCTGCTCTCTTTGTCCCCTGCTCACATG	R1	0.00687445979565382
seelig	consider missing + MOI	seelig_cm_moib_zinb_phantom	GGGCTGACTCATCCGTCCGCCCCGGGGCTGAGTCATCCGGCGCCGCCGATTCGCCGATATCGCCCCCCTCCTCCCCTCAGTCTGCGCTTCCTAGATATACGCGTATCGCCGCGCCCTCCTTGAGCCGGCGGCTGAGTCACCCCGA	R1	0.007424010895192623
seelig	consider missing + MOI	seelig_cm_moib_zinb_phantom	AGAGATCCACGCATATCGTCCTCCGCAAGGGGTTGTGTGGCAACAGGTTGCGCGACTTACGATATGCAAGTAAGCGCTATCGGCTTTCTCAAGCGGCGATGACTCATCCGTCGTAACTTATAACTTCCTCGTGCGTCCCCCCCCG	R1	0.006683980580419302
seelig	consider missing + MOI	seelig_cm_moib_zinb_phantom	GGCCGATGAGTCGTACCCACGCTAAAGTAGCAACGCCCCGTCCTTCTTAGACGACGCATCCGGATATAACGTCAAGTGCCGGTCAAGGCCGATTCACTATATATCGGCGTCTTTTCTTATAAGCATGTGAATCGCCCAACAGCTC	R1	0.006789057515561581
seelig	consider missing + MOI	seelig_cm_moib_zinb_phantom	CACCACTAAAAAACGTAACCTGGGTGTAAATCACAGCCGTACCATGTGGACGGGGAAATCACAGCGTGGGTCAAATCACAGCACGCGAAAATCACAGCCTACCGGTGAGTATAAATCACAGCGATCCCCCAAATCACAGCAGGAG	R1	0.006654387805610895
seelig	consider missing + MOI	seelig_cm_moib_zinb_phantom	CCGGCATGCCGGCTGCCCAGGCAGGCCAGGGGCAAAGGTCAAAGTACAAACCGACGGACATGCCCGGGCATGTCCGCTGCCAAAGGTCAAACAGGGCAAAGGACTTTGGACTGTGGCACCAAACAATCAAACCCTCCCCCCCCCC	R1	0.006941547151654959
seelig	consider missing + MOI	seelig_cm_moib_zinb_phantom	AGCGCGTATCTCCCTCAGCGCCCCACGGCGTATCTCGGCGCGTAAGACTCACCCTATATCCGACTCACCCCCAGGATGAGTCACCCCCTATCCGTATCGCGCCGCGCCACTCTCAGAGGAGAGATAAGAGGATGACTCACCCCCA	R1	0.007014119531959295
seelig	consider missing + MOI	seelig_cm_moib_zinb_phantom	TTTGTAGCCTCCGACTTACCGTAAAATGTGGGCAACAAACACTACCGGGCATGCCTGGGGAGTGCCCATTCTGAGACATGTTTGGTAACAACGCCCAGTTTGTTTAACCACAGAAACGCTCGCGAGTCCAAAATTGTCGACCTGA	R1	0.006785621400922537
seelig	consider missing + MOI	seelig_cm_moib_zinb_phantom	GTCAAACATTACATAAAAACAAACTTCCCCCAGCATGTTTGCCACCCAGCATGTTTGAACTTTCACCTCACCTCATCTCACCCAACCATCACGACTTTCAACCATTACGTAATTTTGTACCAAAGTTCAAACTTCCGCTCTCTCC	R1	0.007010793313384056
seelig	consider missing + MOI	seelig_cm_moib_zinb_phantom	GTGCGGAGAAATCACAGCTGTGGTGGAGTCTTTCCTGAAAAATGGGCCGAAAATCACAGCACGTTCGCACGGGCTTTAAATCACAGCGACCGCCGGCTTTCTTTCAAATCACAGCACTAGCCTCGGGTTTTCGACAGCAACGCTA	R1	0.006633356679230928
seelig	consider missing + MOI	seelig_cm_moib_zinb_phantom	CCTTCCCCTTCTGTTCAAACCTTTGAACTTCGGTCGGGAGTTTGAGCTGACCGGATTGTTCCCTTCACCTTTGAACTTCGGTCGGGAGTGTTCCCCTCTCCCTCTTTTGATCAAAGGTCTCCCGGCATGCCCGGACATTCCCTTT	R1	0.006680993363261223
seelig	consider missing + MOI	seelig_cm_moib_zinb_phantom	CCGATACGCCGATAACACACCCACACGGCACCACCCGCGGAAGCGCGGCGCGCCGATGACTCAAGAGGCAGATAACGAGGAAGCGCCCACCCGAGAAACAGCGCCAACTGAAGCGATACGCCGATAACTCACCCAAGAAGCGCCT	R1	0.006836437154561281
seelig	consider missing + MOI	seelig_cm_moib_zinb_phantom	CGGAGGTTGGTTCGCCTCAGCCCCGGCGAACTTGCTGCGGCATGTGCCGGCATGCATTCGGGCATGTCCCACCGAACCTGTGGCGTGACGTCACATTGCGTCCAGTGCCTCCAATCTTCCGGAAGTGTGGACAAACGCTCGGAAT	R1	0.006911715492606163
seelig	consider missing + MOI	seelig_cm_moib_zinb_phantom	CGGTAGTACAAAGGCCCCTGTACACAAGTTGACCCCAGGCGTTTGTTCGGAATGCATTAGGCAAAGTTCCCTGGCACAACAATGAACGGACATTCCGGCTGAACCTTTGCACATACATGCACCTGACTGGGCGACCCTGCCCGCG	R1	0.007535562850534916
seelig	consider missing + MOI	seelig_cm_moib_zinb_phantom	GTTTGAATGTTTAAACACCCTATTACACTACCGTAATTGTACATGACCAAACATGACCGAACTCCTGACCTACCTACTGTACATTTCTACATGACCGAACATGCCTGTGCATGACCAAACTTCCACAAGTCCAAACAACTATTAC	R1	0.00923865381628275
seelig	consider missing + MOI	seelig_cm_moib_zinb_phantom	GTGCATGCCTCCGGAATGTTTGTACTTTGGCCCTCTGTACTGCCGTCAACATGCCCCTGCATGCCTGCCTGTGTGCACCAATACAGAATGTTCCACCTCTCTAATGTTTGTACTTTGGTCTCCTGTACTGCTGTCAACTCGCTCT	R1	0.006953423377126455
seelig	consider missing + MOI	seelig_cm_moib_zinb_phantom	GTCTCGCTCTGTTGTCCGGGCTGGAGTTCAGTGGCGCGATATCGGCTCACTGCAAGCTCCGCCTCTCGGGTTCCCGCCATTTTCCTGCCTCAGCCTCCAGAGTAGCTGGGACTACAGGCGCCTGCTACCACGCCCGGCTAATTTT	R1	0.006867812946438789
seelig	consider missing + MOI	seelig_cm_moib_zinb_phantom	GGCCCCACTGAGCTGGTCATCACCTTTGATCTCCACAAAGTTGATTTCTTCTCTCCCTCGGTTCCTCTTGCCCTGCAGCCGCTTAAACTGGAAAAGAAAAAAATGCAGGAGTCAGGAATCTGGGCAAGGGTGTCAGCAGATGCCA	R1	0.007681116461753845
seelig	consider missing + MOI	seelig_cm_moib_zinb_phantom	CGAACTTGCGGTGGTTTGAACTTGCGCGGGCATGTTCGGACGGTAGGTTTGACGTTTGAACAAAGGTAAAAGAGAGAATGGGGGCATGTTTAAACATTATGTAATGATAAAAAAAAAAAAAAAAAAAAAAAAAAAAAACAATGGT	R1	0.007136140950024128
seelig	consider missing + MOI	seelig_cm_moib_zinb_phantom	TCCTTCCTTCCCGTATCGGGTTGCGATTTCTCGCAGATACGATGACTTATCGCTCTTCCTTCCTTCGCGCGGTTTCGCGGATTCGCGGGACGCCCCCTCCTTAGGAAGTTACGCTTTCTTATCATCCTCGACGTGCGTTTTCTTG	R1	0.006642349064350128
seelig	consider missing + MOI	seelig_cm_moib_zinb_phantom	CAAACGAATGAACTCTTGCTGGACACATCCACTCGGTATCTAATGAACGTCCTATTGGAGCGCCATTAACACCATGTCACAGTTCTCACGCAGCCCTAAAATTTTCTAAACAGCCGTGGCGCGCGCGCCTGATTGGCGTAAGTAG	R1	0.006763626355677843
seelig	consider missing + MOI	seelig_cm_moib_zinb_phantom	ATGATGCATCGTCGACGCGCGCGCCGTATAAGATACCGCATATCGCGCATATCGTGCCGGTAAGCGGTTCCTATAGGAGCCGGATGTAGCAAGTCCCTCCGTCAGTCGCGGAGCGCTTCCGATATCTGGCGCGGAACGCGTTATT	R1	0.006844355259090662
seelig	consider missing + MOI	seelig_cm_moib_zinb_phantom	CGGCCTATCGACGTAAGTCGCGCATATGACGATAAGATGTAATTGCTTTAATCGTACGTCCTCCAATAGCGCGGAGCGCCGATTCCTCGAAGGCGCGAGGTTTTTTCTCGGAGGGACGATAGCGAGAAGCTATTCGCGATATCGG	R1	0.006739516276866198
seelig	consider missing + MOI	seelig_cm_moib_zinb_phantom	ATGTGCATCCTGGCCAGCCCCCCTTCTCTCCCAGCTGTCTACAGTGGGGAAGCCCTGAGCAGCCACTTCCTTTCCAGACGCTTCCGGCCTCAAAGCCTTACTGCCTGCTGAGTCAGCAGCCTTCCCCGGCTCCATTCATAAAGCA	R1	0.006852150894701481
seelig	consider missing + MOI	seelig_cm_moib_zinb_phantom	TTTTATTGGTTTATCGGCCTATTGGCTTATTGGCCTATGCGCCCTTTTTTTTATTGGCGTATCGGCCTATTGGCTTATCCGCGCCCCCTTTTATCCCCCCCCTTTTCTATTGGCGCTTCCCTTTTTGCCTTCCCGTTTTTATCTT	R1	0.006648783106356859
seelig	consider missing + MOI	seelig_cm_moib_zinb_phantom	GCCTTTGTCAAGCTGTTCTTTGTCCCTATCCGTGGCTTTTCCTTGACCTCTGCCCTGGCATGCACCCAACAGAGCCCCTTCTCTTTGATCACTTCTTCCGTGGTAACAGTGAACAGAATTCTGCTGGGAGCCACAGAATGTTTAC	R1	0.006807276513427496
seelig	consider missing + MOI	seelig_cm_moib_zinb_phantom	CTGTGTGACCCCTGAGTCACCGTCTGCCTGCCTCACTGCTGTGAGTCAGCGGCATTCTTTGTGGCTGAGAGCAGCGCAGCTCAACCTCAGGGCCCTTCCCCTGTACCTTGGTGAGCCTGGCACATCCTCCAGCTAGGCTAGGAGT	R1	0.007060681935399771
seelig	consider missing + MOI	seelig_cm_moib_zinb_phantom	GATAACTTATAAGTCTTCCCGCAGCTTCGCGGGACGCGCCCTCCTTAGGAAGTTACGATTTCTCGCAGATACGATGACTCATAAGTGGTTTCGCGGGACGCGCCCCCCTTGCGATTTCTCGCAGATAAGATAACTTATCGCTCTT	R1	0.006938959937542677
seelig	consider missing + MOI	seelig_cm_moib_zinb_phantom	CCGGTTGCGATTTCTCGCAGATAAGATAACTTATAAGTGGTTTCGCGGATTCGCGGGACGCCCCCCCTTTAGGAAGTTACATTTTCCTGAAGATACGATGACTTATCGCTCTTCCTTCCTTCCCGCATCGGCGCGGGACGCGCCC	R1	0.0068125370889902115
seelig	consider missing + MOI	seelig_cm_moib_zinb_phantom	AAGATAGAGGAAGCGCCGCCCACATCCAACCCAAAAAACAACCAAACAACAACCAAAAAACCAATGACTCAAAAGAAAGCGCAGTCGCGGAAGCGCCGCCCCCCAAAACCGATAACTCAACACCCACATCCAACCCAAAACACAC	R1	0.007231788244098425
seelig	consider missing + MOI	seelig_cm_moib_zinb_phantom	AGATATACTTACAACAACGTAGCTCCGCGATATCGCTTCCTGAGTCGCGAAAGTCTAGGAAGTGACACTTTATCTGCGGAAGACCCCCACCCAAAGAAGCGACGCAATACGCGGATAAGTCTTATCAGTCCTGTGTAGGCGAGCA	R1	0.007188660558313131
seelig	consider missing + MOI	seelig_cm_moib_zinb_phantom	TTGAACATGCCCGGACATGTCCGGGCATGCTCAATGTATAGTGGTAAAGGTCCAACGGTCTCCCGTATTCCCCTTAGATTATAGAATAATGGTGACAAAACGAGAAATTATGGTTTGTTTAAACTCCGGACAAGCTCAAGCTCCC	R1	0.006771254353225231
seelig	consider missing + MOI	seelig_cm_moib_zinb_phantom	GGTAAGCTTTCTGGCGCGCGCGCCTGAGTATACTATGGAAGGGCATTCAGGGACTCGATCTATCCGGCCTCAGAAGCCCTGCACCTAGTGGTGTAGTGTGGCGCGCGCGCCTGACTTGAGCCCTCACGGTGTCGTGGTAGAAAAA	R1	0.006929077208042145
seelig	consider missing + MOI	seelig_cm_moib_zinb_phantom	TTGCTGTAAACATTACGGAATTTCCCACGGTTTGACCTGTTGGACTGGGTCCAATGTCCAAACATGCCGGGGCACGTCCGGTCGACGTGCCAGCACAAGTTCATGCGGGGGGGCATGACCGACGCAGGCAGAGACCTGTCGCCCC	R1	0.007143180817365646
seelig	consider missing + MOI	seelig_cm_moib_zinb_phantom	CTCCGGAATGTTTGTACTTTGGTCTCCTGTACTGCCGTCAACATGCCCCGGCATGCCTGCCTCTGTTCATTAATACAGAATGTTCCACCTCTCTAATGTTTGTCTCTCACACCTCCGGAATGTTTGTACTTTGGTCTTTCTCCCC	R1	0.007481671404093504
seelig	consider missing + MOI	seelig_cm_moib_zinb_phantom	GGAAGCGCAAAAACGCTAACGCGCCACCCACATCCAAACCAAACAACAACACCAAATGACTAAAACCACCAATGACTCAAAAGAAAGCGCAGTCGCGGAAGCGCCGCCCACAACAACCAAAAAACCGATAACTCACCACCCACAT	R1	0.0067037614062428474
seelig	consider missing + MOI	seelig_cm_moib_zinb_phantom	GGTTTTTTATAAGGCGCCGCCCTATCTTATTATAAGAAGCCGCGCCTCGAAATATGACTCATTGGCGGAAGCGCCCCTTCCTATAAAATTATGAGTTGCGCCGCCCCAAAAACGCCCTTTCGCGTATGACGCATCCTAATGTGCC	R1	0.0069428118877112865
seelig	consider missing + MOI	seelig_cm_moib_zinb_phantom	GTGCATTAATACAGAATGTTCCACCTCTCTAATGTTTGTACTTTGGTCTCCTGTACTGCCGTCAACATGCCCCTGCATGCCTGCCTCTGTGCATTAATACAGAATCTTCCACCTCCGGAATGTTCCACCTCTCTACTGTTCCACC	R1	0.00981630478054285
seelig	consider missing + MOI	seelig_cm_moib_zinb_phantom	CGCGTTACGCTTCCTTATCGCGCGCCACTCTTCGCGTTATCGAGATACGCTTTTTTTTGGCCTCTTGCGGGTCGCTCCTCTCGCGGGTCGCCCCTCTTGCGGCGCTTCCTCGCGCGTCAGATATCGCGTCACCCCGCTTCCTCGC	R1	0.007080238778144121
seelig	consider missing + MOI	seelig_cm_moib_zinb_phantom	GCCTCCCCACGCCCTTATCAGCACCATACAGGGAAGGGAGAGGTGACAGCCTCACCCACCCCTCCCTGCTTCTAGGGGACTTGGACATGTCCGGGCAGGTCTGAGGCACTCCTGGTAAAAACTGGTGATTGCCTGGAGGCAGGGA	R1	0.009437333792448044
seelig	consider missing + MOI	seelig_cm_moib_zinb_phantom	CCCTGGACCTTCGATTCGAGATAACGCGTCAGTCCCCCCACGCTGACTCATGGGCGGCCCCCCCGTTCCTACGATTTCATCGGCGCGGTACGATATCTTGAAGGTATCGTTTTCATCAGCGAGGGAAGTAACTTGCAGCATATCT	R1	0.0068924082443118095
seelig	consider missing + MOI	seelig_cm_moib_zinb_phantom	GTGACCAAAGCTCATGGGCACGTGAACTTTGGCCGCTCTGGTTGTACTCATTCCGGTCGCCGTTAGGTTCAAACCTGGGCATGATCGGAGGTTTTGTTCAACGGCCCGTTTACATCAACCGGTAAAGTGCAAAGGACGTCCGTCT	R1	0.006999329198151827
seelig	consider missing + MOI	seelig_cm_moib_zinb_phantom	CATCGGAGAAGCAATTGGCTTCCTCCTTCTTATCCTCCGATATCGACGACTCATCACATCCTCATCGCGAATCAGCATCTGGGGGTGGCGCACCCACGCGACGGCGCGTTATAAGTCGTCGAATTGGTGGATGACTCACGAAAAC	R1	0.006896256934851408
seelig	consider missing + MOI	seelig_cm_moib_zinb_phantom	CAGATTTGTGATGGTGATGACCTGCCCACCATGCTGAGTCCTTGACCTGGGATGTGACTCACAAAGCCAGCCGTTCACCTTATACATTTCATGCATTCCACACCCTGACTCGACGCAAGCTCAGAAGGTCACTGTATTAGTCATC	R1	0.006747967563569546
seelig	consider missing + MOI	seelig_cm_moib_zinb_phantom	TGCACAATCACTGCAAACATGACCGGCTGAACATTCCCCATCACGTCAACATTCCAGTGCACAAACATGACCGAGCGAACATTCCCCATCATGTCAGGCACTGCCACCATGACGGAATGTTTAACCTTTGTACAAACATTGCAAA	R1	0.006897456012666225
seelig	consider missing + MOI	seelig_cm_moib_zinb_phantom	CCCAGGCATGCCGGGAGATGTTCCCCACCACAGTAGGTTGGCTCCGTACTGAACGGGGTGAGTTCAACCACCTTTGTTCAAACAAAGGGAATTTGCACCACAACATACACTCCGGGCTGGGTCGACATTATGTAATGCATGCCAG	R1	0.00669977767392993
seelig	consider missing + MOI	seelig_cm_moib_zinb_phantom	TGGCATGCTCCGTTGACCTGTCTTGTCAATGTACATGCCAAGGCCATCATGGTCTCCAGATTCACTAGTGTCGTGTCCTGTGCAATGTTCAACTTTACCCAGGCAAGGTCCGTAGTTTCATAGGCCATTCCGGTATAAACCAAAC	R1	0.006648216862231493
seelig	consider missing + MOI	seelig_cm_moib_zinb_phantom	TGAAGTGGGGACAAAGCCGGTAGCCGGCAAGCCCGGGCAAGTTCAAACATTACGTAATTGTGTACCGGCCGAGTTAGGGCATGCCCAGGCAAGTAGTGGACTGGGGACAAGGCCGGCCGGGGGGAAGCCCGAGCAAGTTGGGTAA	R1	0.0070318737998604774
seelig	consider missing + MOI	seelig_cm_moib_zinb_phantom	GGCATGGAACAAACCAGGTAGGACCATGCCGGCATGCCCCTGACCAGAACAAACAAAGGAGCCCGGGCAATGCCGCCGGGCATGCCGAACGCGACCGGAATGAATGTGCCGGCATGCCGGCCGGCATGACCAGACCGGAATGAAT	R1	0.006739222444593906
seelig	consider missing + MOI	seelig_cm_moib_zinb_phantom	TCCTGGCATGCACCCGAGGTAGCCAAAACAGAGTCCATGGTTCTGTACATTCCGGTGTTCGAACTTTGGATCGAAGGTTTCATGCTTGGGTCAACCGGCAAGAGTTTATACCCAGCCTGAGTTCATAGTCAACAATAGTGGATCA	R1	0.007707420736551285
seelig	consider missing + MOI	seelig_cm_moib_zinb_phantom	TTGTTCACGAGGTCGCTGTACATGCCCTGGCATGTTTGCACACCTAAATGGGGACAAACACTTCTAAAAATCATAGCTCTGTACATGCGCAAAATTCCGATGGACTTTTGCCCTGTTGCCTAGGGACCCCGAGGTGAATTCACCA	R1	0.006678114179521799
seelig	consider missing + MOI	seelig_cm_moib_zinb_phantom	GCGATAACTCGGAAGCCGCGCCCACCCGCGACTCAGAAACGCGGTGGGCGGATCGGGGGAGCGATAACGCAGTAACTGAGTCGCGGGCGCGATGAGTCGGAGGCGGCGCAGGAAGGAAGCCGCCGCCCCACCCACATAAGCAGCC	R1	0.006793434731662273
seelig	consider missing + MOI	seelig_cm_moib_zinb_phantom	GGACAAACAAACCCGGCATGCCAGCAGGCATGCAGGGACATGTCCAGAACAAAAACGAACAACCGGACAATGACCACGGGCATGCCTGACCATGGCCAGGGACATGACGACCGGTATGCCTGGGCAACCATGCCACCCGGTGAGC	R1	0.006851453334093094
seelig	consider missing + MOI	seelig_cm_moib_zinb_phantom	ACTCCTAGCCTAGCTGGAGGATGTGCCAGGCTCACCAAGGTACAGGGGAAGGGCCCTGAGGTTGAGCTGCGCTGCTCTCAGCCACAAAGAATGCCGCTGACTCACAGCAGTGAGGCAGGCAGACGGTGACTCAGGGGTCACACAG	R1	0.0069440449588000774
seelig	consider missing + MOI	seelig_cm_moib_zinb_phantom	ATAGTCCGCTTCCGAGTACTCGGTGTGGGGCGCGTCCCCCGTATTATTCGCCTTCTAAACGCGTCGCGCCTGTCTTCTCGCCCTTCAACAGCCTCCGCCACTTGCTTATAAGAAATAAGTATCCTCAAGAGACTCTTCGAGTATA	R1	0.007164325099438429
seelig	consider missing + MOI	seelig_cm_moib_zinb_phantom	CCATATTCGCGGTATCGCTTCCTGATTCCTTATAGAATCCGAAAGAGCCGCTCCGCGAGTCATACGTCGTATCAGGAAGCTCCTTCAAGAAAGCGATACCGTTTCTTATTAGTCCGCCGATACGCGGATGATACACTATTATTGC	R1	0.0069502429105341434
seelig	consider missing + MOI	seelig_cm_moib_zinb_phantom	CCCATAGATGATAACACGCATTGGAGACTCAGCACAAAAGATATCGCGTGTCGTCCCGCGAACTAGCGTCTTATAGCGCGACGCGTTATCGGGCCCGGCCCATATCGTGAAGTAACTCTTCCAGATAAGGATGTTGCTTCCTCTT	R1	0.006916108541190624
seelig	consider missing + MOI	seelig_cm_moib_zinb_phantom	CAGTGGCATGATCTCAGCTCACTGCAAGCTCCACCTCCCGGCTTCATGCCATTCTGCTTTAGCCTCCTGATTAGCTGGGGTGAAGTGGCGTGATCTCAACTCACTGCAACCTTTGCACCTTGGGTTCAATGATTCCCCTGCCTCA	R1	0.006920632906258106
seelig	consider missing + MOI	seelig_cm_moib_zinb_phantom	GTAGGTCCATAGCGAACTTGCCAAGGCCTCTGTACATGACCGGACTTGACACGGGCAGTGTCCAAACACTCCGGGGTCAACCTCGATCATTGTCCACTGAACATCTCCCGGCATTGCCACTACACAATTCCGGGCATGTTGGGTC	R1	0.006847136188298464
seelig	consider missing + MOI	seelig_cm_moib_zinb_phantom	ACACGAACGTGTATTGAACACTTGCTGTGTGCCAGACATTGTGCTGGGCTGGGTGCTTACCACGCATAATCTCATTCCTTCTTCTCAACAGCCCTGTTATCCCTACTGTGCAGATAAGGAAACTGAAGCTTTAGCTGAGTCATCT	R1	0.006972248665988445
seelig	consider missing + MOI	seelig_cm_moib_zinb_phantom	GATAAAACTTCCTCAAAACCGCAAGATAACTCATCAGTCAGATAACTCATCAGTCCGCCCCTCCCATACACACTTATAACTCACCACCCATACACACATATATCGCCCCACCCATATCTCTTAAAACCGATAACTCATAAAAACA	R1	0.006798317190259695
seelig	consider missing + MOI	seelig_cm_moib_zinb_phantom	AAGCATACTGATTCTTACTTATCAGCGCCGACTGCGCGTAAGTCACATCGGATTCGCACTTCCAATGAGAAATAAGGCGCGTCGCTGGAGGGGGCTCCCCCACCCTAAGTAACGCTTATTACGAGTCGTCGCCTTATATCTTATC	R1	0.006734386086463928
seelig	consider missing + MOI	seelig_cm_moib_zinb_phantom	GGACAACTACCTTTCCCTTTCTTAGGATCCGCGATAAGCACCAATTGGCCCGAGGGGCGGATCTTATGAGATCGCGGATGCGTAAATTTCTGAAGAAAACGCTATCCGCGAAAACTGATGAGTCATCAAGCATATATCACTTTCT	R1	0.008261371403932571
seelig	consider missing + MOI	seelig_cm_moib_zinb_phantom	GTCTTGTGTTTTGTACAAACCTTTGTACTCCTGTCTGTACAAACATTCCGACTCCGGTCGGCATGCCCGGACATTCACCTGACCGGATTTTCAGCTGACCGGATTTTTGTACATTCCCTCTTTTGTTCAAAGGTCTCCCGGCATG	R1	0.0067944834008812904
seelig	consider missing + MOI	seelig_cm_moib_zinb_phantom	TCACCTTTGAACTCCTGTCCGGAGTTTGAGCTGACCGGATTTTTGTACAAAGCTCCCTCTCCCTCCACCTTTGAACTTTGGCCCTCTCCCTGACCTGATGGTCGCCCGGCATGCCCGGACATTCCCCCTGCTCCCCCCCCTCTTC	R1	0.006653237622231245
seelig	consider missing + MOI	seelig_cm_moib_zinb_phantom	ATCAGTCCGCCCCACCCATATCTCTTAAAACCGATAACTCATCAGTACGAAATAACTTCCTCAAAACCGCAAGATAACTCATCAGCCACACCCACACACACACACATATCTCACACACACACACACACATAAGCCACACCCACAC	R1	0.006724476348608732
seelig	consider missing + MOI	seelig_cm_moib_zinb_phantom	ATCAATATTGCGGCAAGCTCAAACAAGCTTGAGCATGGCCCCTGAATGTAATGCTCTGGGGTTTGCCCAACTAGCCGGCAGAGGCACCTAGGTCGCTTGTTAATGTTTAGGTATTCGCTATTCCGGTCGCCAGCGATCCAACATC	R1	0.006840453017503023
seelig	consider missing + MOI	seelig_cm_moib_zinb_phantom	ATAAGGATAGCGCGACTTCCCGATAAGTCGCTTCCTCATCTTTATTTATCATTTAGTAACCGCCTATTATTTTATCAGGAAGTTCCTCCTCCGAATTAGCATATATCGTATTTCTTACTCCAGGATCCGCCGCGCCGATAGGATA	R1	0.006674847099930048
seelig	consider missing + MOI	seelig_cm_moib_zinb_phantom	CGTTACTTCCTCGTAAGGCCCGCCCCTCCCCCACGTGCTGACTCAGCCCCGCCCATATACGGTGTCTCTTATAGGTCTTCACGCGCGCGGATGCGCTTTCTTATCTGTCTTCCCGCGCGCGGAGACGCGTCTTCGCGGACTTATC	R1	0.0067246039398014545
seelig	consider missing + MOI	seelig_cm_moib_zinb_phantom	TTTAAGAGCCACCCTCTCAGCCTTAACCGGTGTTCTGCAGGCCTACGTCTAGCGCGAGCCTCGGAGACCCACAGATAGCCAGACGGTTGAACGACTGCCCGCTAATTTCACGTGGTGTGAGGCACTCGCGCTGTTTACTTAGGTT	R1	0.00669434480369091
seelig	consider missing + MOI	seelig_cm_moib_zinb_phantom	TTTAAAACAAAAGAGAAAGTGAAAGCCATTAGGCAAGCTATGTGCTGGGCTGCTAACGTAGCCCCTGCAGGGAGGGGTCAGGAGCGCGCTGCAGTGAGCCTTGGGTCTCGCAGGCCCAGCCCTGCTGCAAGGAGCCAGGGCACCC	R1	0.006845518015325069
seelig	consider missing + MOI	seelig_cm_moib_zinb_phantom	AAAATATCTCTGTAGGCAGATGCTTACAGCTGCTGCCGCAGACATATTTGGAGGTATCTGCCAAGCCCAGTCTCTCTGCCGCAGACAATTCCTGTAACCACACACTTCCTCTGCCAAGAGGGTGGAACCAAGGTCATACTCCCTC	R1	0.006758080795407295
seelig	consider missing + MOI	seelig_cm_moib_zinb_phantom	TGTTTCACGGCTGCAAGTTGGGAATCCCCAGAGAGTTTGGCTTGGTATACCGGAGCTTGTACAAATACCGTTCGGGCAACCAAGGTGAAATTCTCGAACTTGTAGCAGTCCGTTGCACAACAGAACTGGACATGTTCGGTAAAGT	R1	0.006917789112776518
seelig	consider missing + MOI	seelig_cm_moib_zinb_phantom	CGACGAACGGTCCGTCGTTTGAACTTTGGACATATGTAGACATGTCCACCGACGTCCGTCGACGGTGGTTGTTGACCGTTGACCGTTGTTTGAACGTTGGTCGTTCATTGACCGAAGGTCCACAGAATGCCCGCTGCGGAAGTAC	R1	0.007061928976327181
seelig	consider missing + MOI	seelig_cm_moib_zinb_phantom	CCCCGGTCGCCGATATAACGATATCGTAGCGCTTCCATGAGTGACTTACTCGTCGTTATCGTCGGGCGGATGCGCTTCGCAGAAAAGCGCGGCCCGACCCTATGTGCCAATAAATCGTCATATCTAACCTATTGCTAGATTGGGC	R1	0.006750032771378756
seelig	consider missing + MOI	seelig_cm_moib_zinb_phantom	CTCCCCCACCCTCCCCTCCACTATTACATAATGTTTGTTCAAACCAAAGTTCACATTACCTAATGTTTGTACACATCCCCTGCAAACTCAACCTTTGTTCCACACTCCCACTGCAAACATGCCCGGACATTCACTCTACCGACCT	R1	0.006906346417963505
seelig	consider missing + MOI	seelig_cm_moib_zinb_phantom	CTGCACCGTAGACAAACAGGAGGTCCGTTTGATTGCCATGTTTTGTAATGTAGAGCTCAGGCCGACATAATACAAGCCCTTCGGCTCCCTTTTGTAGTGATCTCCGGACATGTTTAGGCATGCTCAACCGTACAAAGATCGCTCA	R1	0.007001915015280247
seelig	consider missing + MOI	seelig_cm_moib_zinb_phantom	GCCGAATGCAGGAGGAAGGGCATCCCCCAGGCTGTATACTGCAAGAATGGCTTCATAGACACCAGCGTGCGGCTTCTGGACAAGATTGAAAGGAACACTCTCACAAGGCAGAGTTCACTTCCCAAGGACAGAGGCAAACGGAGCA	R1	0.007397000212222338
seelig	consider missing + MOI	seelig_cm_moib_zinb_phantom	TAAAAACAGATAACTCATCAGTCCGCCCCTCCCATATATCGCCCCACCCTTATCTCTTAAAACCGATAACACATCCTAAAACCCATAAACACTCAAGAAATAACTTCCTCAAAACCGCAAGATATCTCATAAGTCACTTATATCG	R1	0.007064223289489746
seelig	consider missing + MOI	seelig_cm_moib_zinb_phantom	TCAGCTGCCCAGCCCCCTCCACCCCGGATGTATTTCCTGTCAGAAGGGGGTTCCGGTGGCCGTGTCCAGCCTGGTTTGGGGAGGCCCCTCTTTTGGATAAGCTCTCCCAGTGCTGGCGTAAGCTGTGAAGATCACACTGCCAGGA	R1	0.0073651461862027645
seelig	consider missing + MOI	seelig_cm_moib_zinb_phantom	GCGCTTCTTGGATGCGATATCGGCTTCTATGAGTCATCACTCTTCGGGGTAGCGCCGCCGATTGGAGAACCCGGATGTAACTCGCGGGAAGCGCCTCTCTCGGCCGATGAAACTTTATCATACGACGACAACCTATTAAACGTTA	R1	0.006820349488407373
seelig	consider missing + MOI	seelig_cm_moib_zinb_phantom	CCCGCCTCTTCTCGGTTCGCGGGTCCCTTCTGCGCGTTACGCTTCCTTATCGGGCGCCACCCTCTTGTGGCGCCTCCCTTTTCTCGCGATATGGGTCGCGCTTTCGCGATACGTCTTCATCGTCGCGCGTCGTCATCCGCGCGCG	R1	0.00813252478837967
seelig	consider missing + MOI	seelig_cm_moib_zinb_phantom	CGAGGGGGGCATGTTTGTATGGGCATGCCCGGGCATGTCCCCTGGGGCATGCCCGGGCATGTCCCCTGACCCCCTCCGGTGTTTGGCCCCTGACCGTGGGACACATGCCCCGGCATGTTTGTACACAGGGGGTCATGTACACAGT	R1	0.011316848918795586
seelig	consider missing + MOI	seelig_cm_moib_zinb_phantom	GGTTCCTTATATGGCTCCGCCCACTTATGGGTCCGCCCCGCCAGATATCGCGTTTCTGAGATACGCTTCCTCTCACCCGTGGGCGGCGCCCTATATCGCTTTCGCGAGATACGCTTTCTCTTGCGGGTCGCCCCGCGCTTATACG	R1	0.007034011650830507
seelig	consider missing + MOI	seelig_cm_moib_zinb_phantom	TTTGCCAGCAGGCTTAACCCCTTTTGTCCACGCTTCCCTCCTCAAGAAAACCTTAATCATCCTCATTTGAATTTCAAATGACCTCTCCCCCTCCCCACCCCAACAGGCTTTGAGGCAGGGATATGGAAATTCACCCTGCAGTATG	R1	0.006788854021579027
seelig	consider missing + MOI	seelig_cm_moib_zinb_phantom	CTGCGTCTTTCCGATTAGCCCCGCCCCCATGCGAGTTATCGGTTCCGCGAGTGACTCTTCCTTTTCTTTCCTTCCTTCTTTTCTTCTTTGTCGCGCGCGCAAGTGATTTCTTCCTCCTCCTTCTTATCAGCCCCGCCCCTTTTTT	R1	0.006631242576986551
seelig	consider missing + MOI	seelig_cm_moib_zinb_phantom	GCACTGATGTGAAAGTGCTCATTCCAGCAGCTGCAAGCCCTCAGAAGTGGGCCTGTGATTCTGGGCCGTACCCATCCCCTCACCCCAAGACTGCTTGGGGTGTCAGGCAAAAGCAAAAGCAGCACCTCGTGCAAAGGCAAATGAG	R1	0.007035959977656603
seelig	consider missing + MOI	seelig_cm_moib_zinb_phantom	CCCTCTTCGTGTTATCGCGCGTGATATCTTTTTTATCTCACCCACTTTAAGTTACTTCCTTCTCGCGCGTCTTATCGCGAAAGCGCCTCTCCGAGAAATCGCCACCCACATTTAGTCTTCGCGCGTCTTATCGCGAAAGCGTTTT	R1	0.00804863404482603
seelig	consider missing + MOI	seelig_cm_moib_zinb_phantom	GTCTTAGACGGACATGTCAACATGTCCTTACTTGACATGGACTACTTATCTCATGCACATGTCCGTGTCAGTTTGTACATGTAACATGTCCCACATGTCATGGGCCAGCTTCTGCGATGGCCGACATGTCAGCGACATGTCTTAC	R1	0.007128421682864428
seelig	consider missing + MOI	seelig_cm_moib_zinb_phantom	TGTGGCCCAGGGTGGTCCGGAACTCCTGAGCTCAAGTTATCCACCCGTGTCGGCCTCCCACAGTGCTGGGATTACAGGCATGAGTCATCGCACCCGGCCGGTTACAGGGCTTTTGAGTATGAATGGCTCCTTGTGGCCCAGTCCC	R1	0.006979237776249647
seelig	consider missing + MOI	seelig_cm_moib_zinb_phantom	CACCGCAAACAGCAACCACAGCGGCCATGGTTCCGCGTTTCTTCCACTTCCTTTCGTTCCAAATCGTTCCGAAAGGCCCCTTCCGCTGCTCTTCCCCTGTGGGCTCGAGTACCCCGTTCAAAGGTTCCGCAGGAGAACGCTGAGG	R1	0.0073722293600440025
seelig	consider missing + MOI	seelig_cm_moib_zinb_phantom	GACCGGATTGTTGAACATTCCCCCCTTCCCCTCCACCTTTGAACTTCGGTCTGTTGTGTTGTTCAAAGGTCTCCCGGCATGCCGGGACATTCACCTGACCGGATTGTTCCCCTGCTCCCCTTCTGTACAAAGCTTTGTACTCTGC	R1	0.006744669750332832
seelig	consider missing + MOI	seelig_cm_moib_zinb_phantom	CAAACACATTATTGTGTGTCATAGGCTCAACTCGACGCCAATCAATATGAGTGAGAAATGTCGCAGCCAATGGGCTTGCCGGGGTCCCTGCTCCACCCAAGAAGTCAATAAGGGTGGAGACTGACACCTGAAGGAGGTAGTTTCA	R1	0.006853756960481405
seelig	consider missing + MOI	seelig_cm_moib_zinb_phantom	ACCTCACAGATTGAATTCCGGCTTCCACCCAGGAGGGGCCAGGCTCCTCCCTGCTGCAAACACGTGGCAAAGTTCTGTGGCTCCACCCCAGTGCCTATTCCTCTTAGTGCACACTCCTCCCAGTGCGCAGGTCAGTTGAAGACTC	R1	0.007142697460949421
seelig	consider missing + MOI	seelig_cm_moib_zinb_phantom	TCCTGGCAGTGTGATCTTCACAGCTTACGCCAGCACTGGGAGAGCTTATCCAAAAGAGGGGCCTCCCCAAACCAGGCTGGACACGGCCACCGGAACCCCCTTCTGACAGGAAATACATCCGGGGTGGAGGGGGCTGGGCAGCTGA	R1	0.007079501636326313
seelig	consider missing + MOI	seelig_cm_moib_zinb_phantom	CACCCACATCCAAAAACACACACCAACACCGATAACTCACAAAAACGCTAACGCGCCACCCACATCCAACCAACAACAAATGACTCAAAAGAAAGCGCAGTCGCGGAAGCGCCGCCCCCACCACCAAATGACTCACCACCAACAA	R1	0.007008087821304798
seelig	consider missing + MOI	seelig_cm_moib_zinb_phantom	CTCCGACCTATCGGAAGAATCGTATCCGGATCCGCCAATTAACGCGTAACGCCTCAATAAATCAAGCGTTATCGGCGGGTGGCGCGTCGATCCTTATCAGACTCATCCGTAGGCGGCATCACCTCTTCTGAGGAAGATATCCGCA	R1	0.006796829868108034
seelig	consider missing + MOI	seelig_cm_moib_zinb_phantom	CAACTTCCGTGCCTCTTCCAGCCTTACGGATGTGCTGTTGGTAGCTGTGACTGCCTTGCTACTACGAGGAAAAGGAAGGCCAAGAGAATAGCAGAGACACTCGCTCTGATGCCTTTGAGCCAATGAATCAATGCCAGAAGCAGCT	R1	0.006829570513218641
seelig	consider missing + MOI	seelig_cm_moib_zinb_phantom	CTGCATCAACATGCCCCTGCATGCCGACCGCCTGTTCCCCTCTCCCACCTCCGGAATGTTTGTACTTCGGTCTTTCTCCCTTGTACCAACATGCCCCTGCATGCCGGCCTGTACACAGAATGTTCCACCTCTCTAATGTTCCACC	R1	0.008405613712966442
seelig	consider missing + MOI	seelig_cm_moib_zinb_phantom	ACTAACGGGGCGGCGCGCCTCTTTTTCGCATCCGAGAAATAGGTGTGGCGCGTTCCGATACGACGCGTGACTACTCCGAGAACACTCCCTCGAAGGATCGCGCCCCCCGCATCCAGAAATCGCATAGAGTCTCATAAGGAAGCGC	R1	0.007205772213637829
seelig	consider missing + MOI	seelig_cm_moib_zinb_phantom	GTAACCGAATCCATCCTTCCTCCATCACTTGTCCTCCCTCTACCTGGAGAAAGTCCTTTTCATCTTTAGAAGAAGTAGGTACAAGATCAGGTGCTTGAGGGAGCAGAGGCGCTGTGACTGATGCCCAGAAGGGGGCAGATGCTGC	R1	0.007209887262433767
seelig	consider missing + MOI	seelig_cm_moib_zinb_phantom	ATAGTGGCTTGCAGCAGAAGTCTTTATCTGGCCTTCACAAGAATGGAGATTGCACCTCCCCCGACCCCCCTGTCCACAAAACCCAGGAAACACCTTGCAGAGTTGATGCAATATTTGCTATCCCAGCCCTTGGTGACAGTTAAAA	R1	0.007353535853326321
seelig	consider missing + MOI	seelig_cm_moib_zinb_phantom	GCGGGCCTATAGGCGCGGCTTCCTCGAGCCGGCGGGTGAGTCATCCGCCCGCCCCGGCCCTCAGTTATCGCTTCCTAGATATAGGGGGGCGGCGCTTCCGAGGGCGGGGCCGGGGCTGAGTCACCCAGATATCGCTTTCTTCCCC	R1	0.007017072755843401
seelig	consider missing + MOI	seelig_cm_moib_zinb_phantom	AAAGACCCCCCCACCCTCGGAGCGCATCCGTATATCCGCGGAAGCAGGGCGATATCTCTCGCGGGAGAAATAAGGAAATATGGGGAAGCGCCACCCTATCCGCGGATGTGACTCACCCTATCGCCCGGGAGATAACTCACCCTAA	R1	0.006835608277469873
seelig	consider missing + MOI	seelig_cm_moib_zinb_phantom	GGGGGGGGGGCGGGAAGTCGCGGAAGCGCCCGCCCCCCCGCCCCCCCCCCGATGACGCGTCGTTATCTCGTTAGCAGGAAGTCACGATACGCCTTCCGCCCCCGCCGATGACGCTTCCGGCTGATGGGGGGGAGTCGCTTCCTTA	R1	0.006865848321467638
seelig	consider missing + MOI	seelig_cm_moib_zinb_phantom	GCCGGCATGTTTGCACACAGGTCGCTCCCCTGCTCTACTTCCTGTCATGTTTGTACCTTCCCCTTCTGCTCCTCCGCTGCTCTGCTGCCTCCTCCGCTCCTCCTCTCCTCTGCTCTGTACATACATCCCCCGGCATGTTTGTACA	R1	0.0071940976195037365
seelig	consider missing + MOI	seelig_cm_moib_zinb_phantom	TGTGCAAAGGTCACTGTGACCCCCCGGGCATGTACACAGGCCCCTGACCAACCCACCGGGCAGGGGTGCAAAGGTCACAGTACACAGAGCCCGGTAGACATGCCCGGGCATGTCACCCGCACCCTGTGAACATGACCCCCGGACC	R1	0.00698764668777585
seelig	consider missing + MOI	seelig_cm_moib_zinb_phantom	GGGGGGGGGGGGGGGGGGGAGGTTTAAACATGCGGGGAGATGTACATAAGGGGATTGTTTGGAACTTACGGAAAGGCAAGCGGGGAGAAGGTCGAACAATGGTTGTTGCGTAAGGGGAATGTTGCGGAATGTTGAACTTACGGAA	R1	0.00689982483163476
seelig	consider missing + MOI	seelig_cm_moib_zinb_phantom	ATAAGACACTCATCACGAAATAACTTCCTCAAAACCGCAAGATAACTCATCAGTCAGATAACTCATCAGTCCGCCCCTCCCATATATCCCAAAAACTCACAAACACACTCAAGAAATCACTTCCGCTACTCACATCCATATATCG	R1	0.006775361020117998
seelig	consider missing + MOI	seelig_cm_moib_zinb_phantom	GCCATAAGCAACGCGCGGCAGCGATATCGCGAAAACCCGCATATACGAAGAGCTCCCGCCTCTTACGAGGAAGCTCCACACTGTTAAATCATTAAGATATCTCGGAAGCTGCTGATGAGTCATCTCTTTTTTACACCAATCGGCT	R1	0.007084846496582031
seelig	consider missing + MOI	seelig_cm_moib_zinb_phantom	GATGACGCGTATCCTAATTCGGCGGCGCGGCGGATTCAATACTTATAAGACCCGCCCCATGACGCTTCGCCTTCCTTATCGCGAAAACGACGATGCGTGATAACAACATATTGCATCAGGAAGTCGCGCGCCCTATCCTACAACG	R1	0.008026490919291973
seelig	consider missing + MOI	seelig_cm_moib_zinb_phantom	CCGATACGCCGATAACTCACCCACACAGCCACACCCACAGAAGCAAGATAACGCGGAAGCGCCCACCCGAGAAGCGCACACGCGCCGATGACTCAAGAAAACGGCGCGCCGATGACTCAAGAGAAGCGCGCACACGCCGATAACT	R1	0.00744888000190258
seelig	consider missing + MOI	seelig_cm_moib_zinb_phantom	CCGATGACTCTTCCTTATCTCTCGCCGATGACGCTTCCTTATCGGCGGGGCGGGGCGGGGGGCCCCCCCCTTTCCAGGAAGTCGCGGAAGCGCTGAGTCACGATACGCCTTCCGCCCCCCCCGCTGTCTCTTCCGGCTGATGACT	R1	0.007454262115061283
seelig	consider missing + MOI	seelig_cm_moib_zinb_phantom	TTCTGCGTCTCGCACATCGTCGACCCGCGCATCTTAAGGACGACTCACGAGATATATACTGACTCATAAGGAGGAACCGGTTCCATCATATCGGACTGGGCGATGCGTCGTCGAAGCGCGCAGGCCGTTCCTAATTTTTCCTCCC	R1	0.011221246793866158
seelig	consider missing + MOI	seelig_cm_moib_zinb_phantom	AGAGGACAATCCACACTCCTCCCAGCAGCCTACGGGGTCCTGCGTCATCGGCTCCCTTCCTGCTTTCCAGCCTCAACCCAAGGTCACTCTCTTCCCTTCCCTCCCCTACTTCAGCCCCCTGGCCTCAGCTCTTTCACTCATGCTT	R1	0.006777010392397642
seelig	consider missing + MOI	seelig_cm_moib_zinb_phantom	TCCGCGTATCTGCGGGAAGAGAAGACTCAGCCCGCGCCGATAAGCGGATCCGCCTCCGCAGATACCTCCGCGGAAGCCTGAGTCAGCGGAAGCGCCCCCCCCGATCCGGATGAGTCAGCCCCCATATATCGGCCGATATGCGCCC	R1	0.007131401915103197
seelig	consider missing + MOI	seelig_cm_moib_zinb_phantom	TGGGGGCGGTTTCTCAAGAGTCGCCGCCCCGACCAAATGTAACACTACCATATCTCGTTATCGCGCTTCCGAGGATGAGGCATACCCGTGATGAGGACTAAGGATGCGCGACGCATCCGCCAATTGAAGCTTAACTCCGATATAT	R1	0.007061721757054329
seelig	consider missing + MOI	seelig_cm_moib_zinb_phantom	GAGTTACTTCTTATCTCTTCCTGCGATTTCTTATCTCTTCTTTCGCGTGAGTCACTTCCTTCTCTCCTTTCTCCTCCTGCGAGTTATCGGTTCCTCCAGCGACTCTGCGTCTTTCCGATTAGCCCCGCCCCCATGCGGCTCTTTA	R1	0.007483718451112509
seelig	consider missing + MOI	seelig_cm_moib_zinb_phantom	GAGCTGCAAGCCTCCGTTTCCTGGGAAATCACGTGCTCTGTCATTGAATTTGAAGCGGAGGCGTGGCTGGGAACCCAGCTCCACGTGGCCTACCTCCCCCAGGCCTCTGGGGCTTCTCCCTCACCGCCAGAATCACCACTTTCTC	R1	0.007278148550540209
seelig	consider missing + MOI	seelig_cm_moib_zinb_phantom	CCTATGGGTCGCGCCCCACCCCGATATCGCGCGGCGTGGAAGACGCGCGGCCCCGATGTCGGGGAAGCTGACTCACGCCCCCGATAAGGCGCTACGCGGATCGCGGCGCCTATATCGCGGAATCGCCGCCTATGAGTCACACGCG	R1	0.007456848863512278
seelig	consider missing + MOI	seelig_cm_moib_zinb_phantom	TGCTCCCCCTCTCCCTTCACCTTTGAACTTCTGTCCGGAGTTTGAGCTGACCGGATTTTTGTACAAAGCTCCCTCTCCCCCCTCCCTCCCTCAGCTGAAGGTCTCCCGGCATGCCCGGACATTCCCCTGTCTGTACAAACATTCC	R1	0.009795700199902058
seelig	consider missing + MOI	seelig_cm_moib_zinb_phantom	ACACACACACACACACACACACACACACACACACACACAAACACTCAAGAAATAACTTCCTCAAAACCGCAAGATAACTCATAAGTCAGATAACTCATCAGTCCGCCCCACCCATATCTCTTAAAACCGATAACTCATCAAACCG	R1	0.006767805200070143
seelig	consider missing + MOI	seelig_cm_moib_zinb_phantom	ACATAACTTTACTGCTGCCTGTGGGTCCGCCCATCATCCCGTGCTTATGGCAACTGCTTCCGCCCATCATCCCGTGCTTATGGCAACTGCACGTTATCTGCAAAGCACAGGAGGAGGATGGTGCTGAACCCAGAAAGAACATTAC	R1	0.009879403747618198
seelig	consider missing + MOI	seelig_cm_moib_zinb_phantom	AGCCACTTAATCAAACGGGCATGTTTGGTCACGTCCCCAGAATTCCGGTACATTTCACCTCCGGCCGGACTTCGGCCGCCATGCCCCCCGGCAACAATGCGCCGGCATGACCGCTGCTCACCTGTACATTACATTACATAACCAA	R1	0.007122973445802927
seelig	consider missing + MOI	seelig_cm_moib_zinb_phantom	TCACCTTTGCACTCCTGTCCGGAGTTTGAGCTGACCGGATTTTTGTACAAAGCTCCCTTTGTTCAAAGCTCCCTTCCCCTGAACCTCTCCCGGCATGCCCGGACATTCCCCTGTCTGTACAAACTCTCCTCTGGTCAAACATTCC	R1	0.007968004792928696
seelig	consider missing + MOI	seelig_cm_moib_zinb_phantom	TTCCTTCTGCTTTTCCTACACGCCCAGGCATGCCACAGCACCAGCTCACATTCCTTTCCTTATTTGAGAAAAGACTGACTCTCTAGCTCGCCGCAGACGACCCCTTCCCCTAAATGTTTAGCCAATCGGGTCTAGCTTAGATTGT	R1	0.006967179477214813
seelig	consider missing + MOI	seelig_cm_moib_zinb_phantom	GTCAACCATTACGTAAAAACAAACTTCCCTTTGAACTTTCGACCTCCTGTTAGTTCCAAAGTTCAAACTTCCGCTCTACCCACCCCCATTATGTAATTGTGTAAACATGACCGCATGCTTGCCCCCCAGCATGTCACCAACCACA	R1	0.006852766964584589
seelig	consider missing + MOI	seelig_cm_moib_zinb_phantom	ATCCCTGCCTGGTAAGTTCAAGGTTACCAGGAAGTGAGATAAAAATCAACTCCTGACTCCTGGGCGAGTGTCCAAAAGCAATCTACATAAAACCCTTTGGCCGCCCGGAATTCCTCCTGCTCAGACATGCCGGGACATGCAGAGC	R1	0.0068761082366108894
seelig	consider missing + MOI	seelig_cm_moib_zinb_phantom	AGTGCTTAGTAAGCCCTGCTGAGGGGCAGAGTCATCAAAGTCATCTCTGTTGAGGGGTAGTGCTGAGTCATCCCCGTCTATGGGCAGAAGAAAGCAGTCTTGGTAACATTCCAGCTTTTTAACTTTGGTATGTAAACAGACATCT	R1	0.006988126784563065
seelig	consider missing + MOI	seelig_cm_moib_zinb_phantom	AGGAGAGAGAGGTGAACAAAGGCCTCCGGGCATGCCCCCAGCAGTAGACCACGACCCCAGGGGGGCAGTGGACAAACAACCCCGGGCATGCCCCCAGCAGTACACAACCAACAGGAGAGAGAGAGAGAGAGGTGAACAAAGGCCA	R1	0.007041916251182556
seelig	consider missing + MOI	seelig_cm_moib_zinb_phantom	ATGTCAACGGGCCGGCCTTCGGAGATCTTAGGCCTAATTGCTTTGAACTACTGATGTACCCCAGGTAGCAGTGGACCGAACTTTGAACGGGATTGTTGACCTTGGCATGCCGGGGCATGTACCAAACGAAGCTCCCGTACTGTAA	R1	0.006913276854902506
seelig	consider missing + MOI	seelig_cm_moib_zinb_phantom	TGAGGCTTTCGTAATACTCCTCGGGATCATCGGTCTCGGTGAAGAGCACCTGGGAGAGGATCTTCCAGCCGCAGGTGTCCAGGCCGTGGCCCAGGTAGACCTGGAGCTGGTAACACAGAGTGTCGATTTCCTGCTCGGTCATCTC	R1	0.006982053630053997
seelig	consider missing + MOI	seelig_cm_moib_zinb_phantom	GACAACGAGCCTACCTTATCCACGATTCGCGGATCTTATAATAAGGATGCGCGTTTCTTCATCAAGATGACGCTTCATCCGCGGATGACTCGTCCTCGAGAGACGCGATATCTGTCTTATCTGCAACGAAAGCGATACGCAAGGC	R1	0.006713271141052246
seelig	consider missing + MOI	seelig_cm_moib_zinb_phantom	TTCCGATTGGCCGCGCGCGCAAGTGATCTCTTATCTCCCCCCGCGTGCGAGTTATCGGTTCTCCCTTCTTGCGATTTCTTATCTCCTCTTTCGGGTGAGTCACTTCCTTATCAGCCCCGCCCCTTATCTCTCCCCTCCTTTTCTT	R1	0.0071555390022695065
seelig	consider missing + MOI	seelig_cm_moib_zinb_phantom	GGGGGGGGGGGGCGCCTCTTCCTTATCAGGAAGTCACGATACGCCGTCGGCGGGGCGGGGCCCGCCCCCCTGTCTTCTCGCCCCCCCGCCGATGACGCGTCGTAAGCGGCGGGGCGGGCGGGGAAGTCACTTCCTTATCCGCCGG	R1	0.008513951674103737
seelig	consider missing + MOI	seelig_cm_moib_zinb_phantom	ACACTTTCTTCCGCTACTCACACCCACACACAGATATAACTTCCTCAAAACCGCAAGATAACTCATCAGTCAGATAACTCATCAGTCCGCCCCTCCCATATATCGCCCCACCCTTATCTCTTAAAACCGATAACTCATCAAAACA	R1	0.007209279574453831
seelig	consider missing + MOI	seelig_cm_moib_zinb_phantom	TCGCATCTTACGAATAAGAAATCGCCATCTGTGACTCGTAAGTGCGCTCCTACGGATGCGCGTGGCCTCGCGCTCCGATTTCTTTATCACGCAGCTGCCGACTCTTTCTTAACGGGTGATAAGAGTCGCGGAATCGAATTCCGCT	R1	0.0068517280742526054
seelig	consider missing + MOI	seelig_cm_moib_zinb_phantom	CCCGGGCGGCCGGCCGGCATGCCTTGCGACCTTTGCACCTTGCGTCATTTCGACCTTGGGTCATTCCGTGACCTTTTGACCTTTGTGCCGGGGGACATGCCCGGGCATGTACATGCCGGGGCATGTTCAGTGTGACCTTTGTCCA	R1	0.00666851457208395
seelig	consider missing + MOI	seelig_cm_moib_zinb_phantom	ACCCACAGAACCCACACGCGCCGATGACTCAAGAGCGCCCACCCGAGAACACCACACCGATACGCCGATAACACACCCAAGAAGCGACTCCCACGGAAGCGCCCACCCGCGGCGCGCCGATGACTCAAGAAGCAGATAACGAGGA	R1	0.007838217541575432
seelig	consider missing + MOI	seelig_cm_moib_zinb_phantom	GCTCCGCGTTTTCGCGCTTCCTCGCGGGAAATAAGCTATCTTATCATTCGCGGAAGACGCTTTCTTATCTTCCGATAAATGCGCTTCCTTATCGCGCGTCTTAGGATTCGCGGATCTTATAAGTCAGCGCCGCTTCCGAGGAAGC	R1	0.01029914990067482
seelig	consider missing + MOI	seelig_cm_moib_zinb_phantom	CTCACTATGTGACCTCCGGACTATGTGACCTTGGTTGCTCACGAGCTTCGGAATGTTTAACCTTTGTACAAACATTGCAAACATGACCGGCTGAACATTCCCCATCATGTCAGGGAATGTTTGTCCATGACCGCCAAGCACTCTG	R1	0.007330453488975763
seelig	consider missing + MOI	seelig_cm_moib_zinb_phantom	GGCTTCCAGGATACGCGTCTTCGAGGACGCGTCTTCTTATCTGTCCTCCTTCCTTGAGTCTGCTCTTCCTTGAGTCAGCCCCGCCCATATGCGCTGACTCATCCTTCTCTTCACGCGCGCGGAGACGCGTTTTCTTCCTCGTAAG	R1	0.008536041714251041
seelig	consider missing + MOI	seelig_cm_moib_zinb_phantom	GGTATCTGTTTCTCGATAAGTCGCGCCATTCTTATCTGAGAGAAGCGGAATTGGCTCGCCCCCGACTTATAAGAAGAGGCGCAATTGACTTATCAGAGACGCGCCCCCCTTATAAGGCGCCTCCCCCGACTCTTATCTTATATGT	R1	0.0067680939100682735
seelig	consider missing + MOI	seelig_cm_moib_zinb_phantom	CCTATAAGGAAGCGGATCTCCGCGGAAGCGCCTCCGCGTCCGCCGATAACTATAAGAAAGGATGACTCACTATCAGGATCCGCCCCCCCGCGCGGATGCGGATGAGTCACCCCCTCCGCCCCCCCCGATCCGCGTGAGTCAGCCC	R1	0.006982824299484491
seelig	consider missing + MOI	seelig_cm_moib_zinb_phantom	ACCCAGACCGACCTTGTACCAACATCCAGGCGACCTGTACAGTTCGGAGGCAATCTTTGTACAACCCGGAATGGTTAAACAATCCAACCTCCTCTACGGACTTCCGTCGGAAGGTTCTACTGTAAACAGGTCCCAATTGTATTGC	R1	0.00763572845607996
seelig	consider missing + MOI	seelig_cm_moib_zinb_phantom	CTTATAAGCCGCATGCGCATGAGTCGCTTCCTAAGACTGAGGAAGCGTCTCGGCCCGCCTAATAACATAGAGCCGCCTCGCGCCTATAGCTAGATATCGCGAGTCAGCTACGGGTGGGGCACCCGCTTCTAGTATCGCGAAAAGC	R1	0.012870955280959606
seelig	consider missing + MOI	seelig_cm_moib_zinb_phantom	GCGTTTTCGCGTATCTTCCTTCCTATACGCTTTCTCATCCGCCCTCTCCTTTTTCCGCGTATCTCCTTTCTTATGCGTCTTCCCGCGTATACGCTTTCTCATTTACACTTTCCTTTTTCCGCGTATCTCCCCCCCCATGCGTTTT	R1	0.007101742085069418
seelig	consider missing + MOI	seelig_cm_moib_zinb_phantom	GTTTGTACACATCCCCTGCCAACTCCCCCCCTCCTCCCCACCACCCCTGCAAACATGCCCGGACATTTCCCCTGTTGACCAACCCTTTGTTCAACATTCCCTATTACATAATGTTTGTCCAAACCAAAGTTCAAACAACTCTCTC	R1	0.007466892711818218
seelig	consider missing + MOI	seelig_cm_moib_zinb_phantom	TGTCCTCTGAGCCCTGTGACCTTGAGCAAATCGCTTGGTCTGTCTGAAAGACACGCTTCTCCACCCGCGGTGCGAGGGCGTGACACCACCGCAGGGCTCTCGCAAGGATGATGTAAAATCATTGAAAGGCCCAACGTGCAGACAA	R1	0.010519488714635372
seelig	consider missing + MOI	seelig_cm_moib_zinb_phantom	CTGAACGGGCACGGACCTGAATTCGGTCAGGTGGACTGCACAGCCGAGTGCCAAGGCACAACAACAAAGGTGACAGGACACCCGGCCAAGCCACCTTTGTTCAATGTCCGCTGGTATTCCTAGGGTGCACCGGACCACGCTCGCA	R1	0.011701581068336964
seelig	consider missing + MOI	seelig_cm_moib_zinb_phantom	CCCGCGCATCCGCGAATGAGTGGGCGGGGCGATAACGCGAAAGCCGCACCCATGGGCGGAGCCATAAGGCGGAAGCGCCATCAGCGAGAAGCGCCATCCGCCGCTGACTGAGTAGCGCCCCGCCCACCCACCCACACCCACGACT	R1	0.0067475843243300915
seelig	consider missing + MOI	seelig_cm_moib_zinb_phantom	GGCATTATTCTGCCACCATGGTTATGTAACCTGGCATGTCTACAGGTGAACCTACGGACAAGCCCACCGGACAGTGGGCCCTTTGTGCAAACGTAGACTGGAATGCTTCAACAATCAAGCACAATACCGTCGGACATTTTTGTTC	R1	0.012858335860073566
seelig	consider missing + MOI	seelig_cm_moib_zinb_phantom	CATGCCACCAAGCAACCCGGCATGCCCCCCGGCATGCACCGGAATGTGACCAAAGAACGAACAAAGGAACAAAAACAAACAAACAACCGGACCATGACCAGGGATGTCCGGGCATGCCCCGGGGGGCATGCCGGGACGTGCCCCT	R1	0.011528410948812962
seelig	consider missing + MOI	seelig_cm_moib_zinb_phantom	CAGCCTCCAGCCTGAGCTTTGTCCTGGACACCACGGGCAGCATGGGTGAGGAGATCAACGCTGCCAAAATCCAGGCTCGCCACCTTGTGGAGCAGCGGAGAGGCAGCCCCATGGAGCCTGTCCACTATGTCCTGGTGCCTTTTCA	R1	0.006919325795024633
seelig	consider missing + MOI	seelig_cm_moib_zinb_phantom	ACTCAATCCCACAGTGTGCTAACAGTCGGGATCCCAAACCGGTTTATGCACCTTCTGGGCTCTCCTGACTGGCTTATGTGGCCACCTGCAGAGATCAGGGCCACCCTCTCTGGGAAATCGCATGCCCTGCTGCAGATGGCTTCTC	R1	0.006986280437558889
seelig	consider missing + MOI	seelig_cm_moib_zinb_phantom	TGCTCCGTTTGCCTCTGTCCTTGGGAAGTGAACTCTGCCTTGTGAGAGTGTTCCTTTCAATCTTGTCCAGAAGCCGCACGCTGGTGTCTATGAAGCCATTCTTGCAGTATACAGCCTGGGGGATGCCCTTCCTCCTGCATTCGGC	R1	0.006776275113224983
seelig	consider missing + MOI	seelig_cm_moib_zinb_phantom	AGCCCTGCAGAGGGAAGGACTGAGGAAGGCAGCTCAGAGGCCTCAGGCAGCCACAGTGTGCATGCTTGTCTATGACTCACAGCTACGACGTGGCCTGTGCTGCTGCAGCTGCTGATAAGCCTCAAACCTCATATACCACTCTCTT	R1	0.0070785898715257645
seelig	consider missing + MOI	seelig_cm_moib_zinb_phantom	GGGACATGTCCGGGCATGTCCACATGACCAAAGCACAAAGAGGGAGAGAGGGGGGGAGGGGGGGGGGGGGGGGGGGGGGGGGGAGGGAGCAATGTACAAACATGCCGGGAGAGCAATGGACAAACATGCCGGGGCATGTCCAAAG	R1	0.007269009947776794
seelig	consider missing + MOI	seelig_cm_moib_zinb_phantom	GCGTATCTCCCCCCTTTCTCACTCATGCGTCTTCCTGCTTATATCTTCCCTCTCCCCTCTCCCCATACGTTTTCTTACTTATATCTTCCTTCTCTTCTTTCTTCTCTTCCGTTTCTATCCGCGTTTTCGCGTATCTCCCCGCCTA	R1	0.007515900768339634
seelig	consider missing + MOI	seelig_cm_moib_zinb_phantom	GGGAGGGCGTTTCCTGGCTGGGGAAGGGAAGGCACTCCACACAATCTGCATAATGGATGCGCCCTCCCCCTCCCACAGGCTCCCTCTCCCTTCCCCCCACACCAGCTCTGATCTGTGTGCCGCAGAGGCACAGCTTCTTCGCATT	R1	0.0067922091111540794
seelig	consider missing + MOI	seelig_cm_moib_zinb_phantom	TATATCGGCGGGGGGGGGGGGAAGTCACTTCCGGGAAGGGCGGGCCCCCCCGCCTATAGGCGGGCCCCCCCCCCGCTTCCAGGAAGTGACTCACGGGCGGGCCCCGCCCCCAAGAAGATGAGTCATCGGCGGGGGGCGGGCGGGC	R1	0.00871975626796484
seelig	consider missing + MOI	seelig_cm_moib_zinb_phantom	GATATGACTCACCCCCACGATGAGTCACCCCCACCCTGACTCACCGCAGATCCGCGGAAGCGACTCACCGAATAAGCGACTCACCCTATCGGCGAGGAAGCGTATCGCGCGGGAGATAACTCACCGTCAGGATGACTCACCCCCT	R1	0.007252996321767569
seelig	consider missing + MOI	seelig_cm_moib_zinb_phantom	CCAAAGTCCGCTGGAAAGTACCCAGGGAGCTTGGGGGCTTTGGTCAAACTTTGCACTGCAGGCCTAAAGTCTCTACTGTAATCCTTTCACGTTTATGCCAAGGTCCCTTGTATACAAAACCAAAGTTCAAAGCTCCAGTACACAA	R1	0.008300810120999813
seelig	consider missing + MOI	seelig_cm_moib_zinb_phantom	TCCTATCCGCGTTTTCGCGTATCTTCCTTCCTATACGCTTTCTCATTTACATCTTCCTTCTCCTCTTTCTTCTTTCCCGTTTCCATCCGCGTATATCTTCTCCCCCACGCTTTCTCACTCATGCGTCTTCCCGCGCTTCTGCTTA	R1	0.007255049422383308
seelig	consider missing + MOI	seelig_cm_moib_zinb_phantom	CCGATAAGCCAATAACGCGGAAGCGCCGCGCGCCGATAAGTCAGAAGCCGCGCGTCTGCCGCCCCACCCCTATATCTGAGGCGGGGCCAATCCCTATATCGCGGAAGCGCCCAACCCCTATATCGCGAAAGCGCCCCATCTGACT	R1	0.01012615766376257
seelig	consider missing + MOI	seelig_cm_moib_zinb_phantom	TACAACCCCAACACCCGGAATGTTAGTAATGTACAACACTCCGGACATGTCAACGTCCGCTCCAGTACAAATAGGTCTAAAAATTAGCCAACGGAATTCCGGTCGCCATGCCCGGGCATGCCTTGACGTAATAGGTCTTTGACCT	R1	0.009595293551683426
seelig	consider missing + MOI	seelig_cm_moib_zinb_phantom	CTAGTCAACCCCACGACACACATTGTCCTGGCCCCACATTCACACCCAGTCTGCACGTTACGACCAGTTTATACCAGTAGTTCTGCCTTCTCACCACCAGGAGGCACTGCTTCACCCGAGTCACAGGAAGCCCTGGGCAGGTTAG	R1	0.007140618748962879
seelig	consider missing + MOI	seelig_cm_moib_zinb_phantom	CCTGCTCTGTACATTCCCCGGCATGTTTGCACCTCCCCTGCTCCTCTGCTCTACTTCCTGTCATGTTTGTACACAGGTCGCTCTGTACATACATCCCCCGGCATGTCTACCGCTCTCTCCTCCGCTCCCCCTCTCGGTACATTCC	R1	0.007071562111377716
seelig	consider missing + MOI	seelig_cm_moib_zinb_phantom	TCATCCGGCGGGTGAGTCATCCGGCGCCGCCGGTGCGCGGGCGGCGCTTCCGAGGGAGGGGCGGGCCTTCCTCCACCCGGCGGGTGAGTCACCCAGTTATCGCTTCCTAGATATAGGCGCGCCCCCCTTCCCGCCTATAGGCGCG	R1	0.007991165854036808
seelig	consider missing + MOI	seelig_cm_moib_zinb_phantom	CTCCCCCTTCTTATTGGCCTATTGGCCCTCGCGCGCCCCCTCTTTTCTTTTCCCGCCCCCTCTTACTTATCGGCGTATCGGTTTACGCGCGCCTCCCCCTTTTGACTGATCGTTTCCCGCGCTTATCTTTTTATGTCTCCCCGCA	R1	0.007296983152627945
seelig	consider missing + MOI	seelig_cm_moib_zinb_phantom	CCGATAACTCACAGACGCGGAGCCGCCCCCCACATACGAGTCACGCCCCACCCCCACATCCGCGCGGATCGGCCGATAACGCGGAAGGAAGCGGCCCGCGCCGACAGATAAGGCGGGACCAATCGGCGCGGGGCGGAAGCGCCCA	R1	0.011627544648945332
seelig	consider missing + MOI	seelig_cm_moib_zinb_phantom	AAAGGTCTCCCGGCATGCCCGGACATTCCCTCTGCTCCCCCCTCTCCTGTCCGGAGTTTTGTACAAAGCTCCCTTGTCATGTTCCCTCTGTTCCCCTTCTGTTCAAACATTCCGACCTTTGTACACTCCCATTCCGGTCGGCATG	R1	0.007049241103231907
seelig	consider missing + MOI	seelig_cm_moib_zinb_phantom	GCCAGCATGCCCGGACATCCATTTTACATAATGTTTGTTCTACCGAAAGTTCAAACAACTCTCTGTTCCACTCCACCCCTGCAAACATGCCCGGACATTTCCCCTTCTGTACAAACACATTACATAATGTTTGTCCCCTGCCTTT	R1	0.00705332076177001
seelig	consider missing + MOI	seelig_cm_moib_zinb_phantom	GGTTGCTCACGAGCTTCGGAATGTTTAACCTTTGTACAACCCCTGAACATTCCCCATCATGTCAGGCACAACCACTGAACATTCCCCTTGACGTCAACATGACCGACCGAACATTCCCCTTGACGTCAACATTCCAGTGCACAAA	R1	0.007478070445358753
seelig	consider missing + MOI	seelig_cm_moib_zinb_phantom	ACACACACACACATACACAGACTGTCTGTTGCCCCTTTGACCTTGTCTTCTACACTCCTGCCCAGCTCACTCACCCGGCCTCCTGGCTGCTGCAAGATCTTGGCATTTCTCCCCAGATATCTTTGTGACTCATTCCATCAGATCA	R1	0.008953279815614223
seelig	consider missing + MOI	seelig_cm_moib_zinb_phantom	ATCCGCGGGCGGCGCTTCCGAGATATGGGCGGGGCTTCCTCGACCCCGCGGCTGAGTCACCCGGATCCGCCGATAGGCGCGGCTTCCTCGAGCCGGCGGGTGAGTCATCCCGATATCGCTTTCTTCCCCCACGCGTATCTTCCCC	R1	0.010544334538280964
seelig	consider missing + MOI	seelig_cm_moib_zinb_phantom	CCGATGACTCACGCGATAGCGCCCCGCCCACATCCGCAAATAACGCCACCCATGGGCGGAGCGATAACGCGATAAGAGACGCGGAGGGCGGGGCCACCGATGGGCGGAGCGATAGCGCCACCCACGGATGAGAAGGCGGATCCGC	R1	0.0073976172134280205
seelig	consider missing + MOI	seelig_cm_moib_zinb_phantom	GCCCAATCGGTTCCTTCCTTCTTCTTGCGCGTGAGTAAGCGGTTCCTCCCGCTCCTCTGCGCCTTTCCGATTAGCCGCGCGCGCTACTTCCTTATTAGCCCCGCCCCCTTCCTTCCTATTGGCCGCGCGCGCAAGTGATCTCTTA	R1	0.008486021310091019
seelig	consider missing + MOI	seelig_cm_moib_zinb_phantom	AGGTCATCCAACCGCTTGCCTGGCGCGCGCGCCTGATGAAGAGAGTGCGAAATCAAGTCGTATTGGCGCGCGCGCCTGAAGCCGAAGATGGCGCGCGCGCCTGATGGCGCGCGCGCCTGATGGGACAAGAACCGGTCGCCACGCG	R1	0.007219627965241671
seelig	consider missing + MOI	seelig_cm_moib_zinb_phantom	CACACACAGATAACTCATCAGTCCGCCCCACCCATATCTCTTAAAACCGATAACTCATCAATACACACATAAAAAACACAGATATAACTTCCTCAAAACCGTCCGCCCCTCCCATATCTCTCACAACCGATAACTCATCAAAACG	R1	0.006909760646522045
seelig	consider missing + MOI	seelig_cm_moib_zinb_phantom	CGCGCCGATGACTCAAGAGAGCGGCGCACCGATAACTCAGAAGCAAGATAACGAGGAAGCGCCCACCCGAGAAAGCGAGCTAACTCAAGAAAGCGGCGCGCCGATGACTCAAGAGCGCCCACCCGAGAAGCGCACGCCGATGACT	R1	0.007247308734804392
seelig	consider missing + MOI	seelig_cm_moib_zinb_phantom	GTAATTTTGGACCTTCGGTCAGCAGTATTCCAGCAGGTATTCGGTAAGTTTAAACATGCCGGGCCAAGGCTCCTGGGCAGTTACAGAATTTGCCGACCGGAATTTGATCACTGCACAGATCATGCCCTGGTGATCCATGTCCGTT	R1	0.006867740768939257
seelig	consider missing + MOI	seelig_cm_moib_zinb_phantom	TTAGTTTATTATAATATAGGGATGACGCAACTTCGTCATCCGCGGGACGCCGCCCCTCTATATATATCTGGCAGACCGCCTTATCTTATATGCCTCATCTTATTACGTCATCGCCTTATCAATAAGATATTTCGCGTAAATCGTT	R1	0.007052259519696236
seelig	consider missing + MOI	seelig_cm_moib_zinb_phantom	GGCTTCGAGGACTTATCTGTCGTGCGAGATAACGCTTCTGCGAGATAAGGTTACTTCCTCGTAAGGCCCCGCCCATGCGTTCTCTTGAGGACACGCTTTCTTATCTGTCCTCCCTCGCTGAGTCAGCCCCGCCCATAGGCGCTGA	R1	0.008171986788511276
seelig	consider missing + MOI	seelig_cm_moib_zinb_phantom	CGGGGGACATTCCGTTGTTTGTACATGCCCGGGCATGTCTGGCGGGCGGCTTTGCCCTTTGTGCCTTTGTACATGCCCCGGCATGTCGGCCGGCCGGCATGCCTGCCGGCGGGCATGCCGGGCGACCTTTGCACAGGGGGGGACA	R1	0.006738731171935797
seelig	consider missing + MOI	seelig_cm_moib_zinb_phantom	TTCCGAGGAGCGCTTCTCCCAATAAGTTATCTTCTTCCGATACCTCAGTTTCTTAGGAGGGCGCGCCTCATGGATAAGAAAACGCATTTCCCGGAAGCGCCATATGCGGGAGAAGCCACTTGCGATATCTTATCTTACTCATACT	R1	0.008668913505971432
seelig	consider missing + MOI	seelig_cm_moib_zinb_phantom	CCCGCGGGCTTATGAGTCATAAGTCGCGGAAGAGACCGATTATGACAAACCGCGACGATACGGAACTTTATCGGCGTAACCGGTGCCGATAACTTCGCGCGCCTATTCCGGAAACGCCCCGCCCATCGCAAAATTTCGCGGCGCT	R1	0.007628686260432005
seelig	consider missing + MOI	seelig_cm_moib_zinb_phantom	AATGCCCGTTCTGTATGAACAAACATTACGGCAGCATGACCATAAGCATGCCCGGGGATTTTGATCGTTGACCATTACAGGTAGCGGTGAAAGCCTGCCTCCAGTTTTGAATGTTGGACAAAATCCCCGGCATGCCGGGGCACGT	R1	0.006856818683445454
seelig	consider missing + MOI	seelig_cm_moib_zinb_phantom	AAGAGGCCTAAATGAGGGGGGCCACATATAACTCAGAAGCGGCGCGCGCCGACCTCTCACACGCGGCGCCTCAGGATAAGGAGGAAGCAGCCCCCGCCGATAAGTCAGAAGCGGCGCGTATATCGCGAAAGATAACACGAAGAAG	R1	0.007669782731682062
seelig	consider missing + MOI	seelig_cm_moib_zinb_phantom	GCCCATGCGGTTCCTCCAGTGACTCTGCGTTTTTCTGATTAGCCCCGCCCCCATGCGGCTCCTTATCTCCTCTTTCGCGTGAGTCACTTCCTTATCAGCCCCGCCCGCGCCTTTCCGATTAGCCCCGCCCCCTTCTTTCTTCCTT	R1	0.01004845555871725
seelig	consider missing + MOI	seelig_cm_moib_zinb_phantom	ATCCGTCCGCCCCACCCATATCTCTTAAAACCGATAACTCATCAATACGAAATAACTTCCTCAAAACCGCAAGATAACTCATCAGCCACACACACACACACACACACATCAAGAAATCACTTCCGCTACTCACACCCATATATCT	R1	0.007850397378206253
seelig	consider missing + MOI	seelig_cm_moib_zinb_phantom	CCTTCCTTCCTCGTAAGGCCCCGCCCCCTTATCTCCCGCCCCTCCCTCACGCGCAGATACGCTGACTCATCCTTCTCTTCCTTCCTTGAGTCAGCCCCGCCCATAGACGCTGTCTCTGGAGGACGCGCTTTCTTATCTGTCTTCC	R1	0.0075086369179189205
seelig	consider missing + MOI	seelig_cm_moib_zinb_phantom	GAAGTGAGATAAAAATCAACTCCTGACTCCTGGGCGAGTGTCCAAAAGCAATCTACATAAAACCCTTTGGCCGCCCGGAATTCCTCCTGCTCAGACATGCCGGGACATGCAGAGCTCTGCCAACTCCAGCCCCCGCGCCCCCGTT	R1	0.007965094409883022
seelig	consider missing + MOI	seelig_cm_moib_zinb_phantom	GTCTGGAGTTTTGTACAAAGCTCCCTTTCCCTTCACCTCCGCTCACCTGATGGTCGCCCGGCATGCCCGGACATTCACCTGACCGGAGTGTTCCCCTGCTCCCCTCCCTGTGCCATGGTCAAACATTCCGACCTTTGTACTCTGC	R1	0.007384427823126316
seelig	consider missing + MOI	seelig_cm_moib_zinb_phantom	AAGAGAGATGACTCAAGAAAGCGGCGCGCCGATGACTCAAGAGAGCGGCGCGCGCCACACCCAAAAGGCAGATAACGAGGAAGCGCCCACCCGAGAACCCCACACCGATACGCCGATAACACAGCCACACCCACGGAAGCGACCA	R1	0.012038054876029491
seelig	consider missing + MOI	seelig_cm_moib_zinb_phantom	CCTCTCCTCCCCTCCGCTCCTCCGCTCCTCCGCTCTACTTCCTCTTTGCTCTGTACATACATCCCCCGGCATGTTTGCACACAGGTCGCTCCCCTCCTCTCTTTCCTGTCATGTTTGTACCTTCCCTCCTCTCCTCCTCCCCTGC	R1	0.007126423995941877
seelig	consider missing + MOI	seelig_cm_moib_zinb_phantom	TCCGCCAAGAAGCGGATCCGCGCCCCCCCCCCCGCGCGGATCCGCCTATCTGCGGGAAGATATCCGCGCGGATAAGGATGAGTCACCGGAAGCGCGCGCCGATATCTGGAAGAAGATAAGACACCCAATAAGCGTATCTCCCCGA	R1	0.008008137345314026
seelig	consider missing + MOI	seelig_cm_moib_zinb_phantom	ACGTGCTTCCTCGTAAGGCCCCGCCCATGCGCGGCTTCGAGGACGCGTCTTTTCGAGGACGCGCCTTCTTATCTGCCCTCACGCGCTGACTCAGCCCCGCCCATATACGCTGACTCATCCTTCTCTTCCCGCGCTGACTCAGCGC	R1	0.00763856153935194
seelig	consider missing + MOI	seelig_cm_moib_zinb_phantom	AAGCAAGATAACGAGGAAGCGCCCACCCGAGAAGCACACCCAACTGCGCCGATACGCCGATAAAGAAGCGACACAGCCACACCGACAGAACCCACACGCGCCGATGACTCAAGAGCGCCCACCCGAGAAGCCCACACCGATGGCT	R1	0.007139618508517742
seelig	consider missing + MOI	seelig_cm_moib_zinb_phantom	GGGGATCCGCGCCGTCGCCGATTGGCGGATGTCTCTTCTCGCGGATGGGGCGCGCCGCCGATTGGGCGGCGCGGCGTCGTGGCGTCCCGCCCTGTTTCTTATTGGCGGATGCGTCTTCTCGCGGATGTCTTCCGCGCGTCCTTCG	R1	0.007566380314528942
seelig	consider missing + MOI	seelig_cm_moib_zinb_phantom	CCGCGCGTCGCGATATCGTTTCCGCGAGATACGCTTTCTCTTGCGGGTCGGCCCCGCGCGTCCGAGATATCGCGCTTCCTAGATATCGCGTCCCTCTTCGCCAGATTCGGGTGGCGCCACTTATCGGTCGGCGCGTCGTTTCCGC	R1	0.010945181362330914
seelig	consider missing + MOI	seelig_cm_moib_zinb_phantom	AGCAGTTTCTTTCTCAGAGTGGTTCTTCCACCTAGTTCTGGTGACTCACATCCTTGGCTGCAGGCACTTTGCTTATCTTGAGTGCTATAAAGCAGCGGTTCCCAACCGTTTTGGCACCAGGGACCAGTTTCATGGAAGACAATCT	R1	0.007294144481420517
seelig	consider missing + MOI	seelig_cm_moib_zinb_phantom	GCTCAACGACCGGAACGACCGACGGTATGTCCGGTGGTATGTTTGGCACCAGGGAGCTTGCCCAGGTATGTACTCAACCAAGCTTGCCTAAACATGGATTTTGTCTACCTTAGGGCTTGGCCGCAGGCCAGTTTCCGTTGGTATA	R1	0.007475466933101416
seelig	consider missing + MOI	seelig_cm_moib_zinb_phantom	CTCCCGCTTCCGCGTCTCCGCGTCTCCGATCCGCCGCGTCGCGGAGCCGCCGCGTCCTTCCTCTTTCTTCCGAGTTATCTCTCTTGCGAGTTATCTCTCTTCCGCGTTATCCGCGCCGCTTCCTATCTCTCCTCCCTCCGATTGG	R1	0.007254342548549175
seelig	consider missing + MOI	seelig_cm_moib_zinb_phantom	GTACATTCCCCGGCATGTTTGTACACAGGTCGCTCTCCGCCTCCCTGCCTCCTCCGCTCCTCTGCTCTCTGGTTACATCCCCCGGCATGCCCTCTGCTCCTCTGCTTTCTGCTCCGCTCCTCCCCTTTCCTGTCATGTTTGCACA	R1	0.01118921022862196
seelig	consider missing + MOI	seelig_cm_moib_zinb_phantom	ACCTATCCGCCCCCTTTCTTATCTTTTCTCTTACTTATTGGCTTATTGGCGTATCTTTTTTTGCGCGCCCGCCTTTTTTGACTGATTGGCGCTCGCCCCCTCGCTCGTTTTTTTTTACTGACTTATCGGCCCTCGCCCCCCCTTT	R1	0.008211499080061913
seelig	consider missing + MOI	seelig_cm_moib_zinb_phantom	TCGTCAAAAGCCGCTTACAGTGCTGTATGATAACTTCTAAGAGGGCGGCTCTTCTGGATACGCGACTTATATCCGCGATATGCGGGTGATGTATCAGATGACTCATCCGTCGAGGAAGCGCCGCCCTCTTAAAAGTAACTTATCT	R1	0.007203424349427223
seelig	consider missing + MOI	seelig_cm_moib_zinb_phantom	CTCTCTGCTCCTCTCCTCCGCTGGTTACATCCCCCGGCATGCCCTCCGCTCCTCTCCTCTCTGCTCCGCTCCTCCGCTCCTCCTCTCGGTACATTCCCCGGCATGTTTGCACACAGGTCGCTCTCTGCCTCCTCTGCTCCTCCTC	R1	0.006952901836484671
seelig	consider missing + MOI	seelig_cm_moib_zinb_phantom	CGCTTTCTCTTCCTCCACGTGCTTCCTCGTAAGGCCCCGCCCATACGCGTCTTCGAGGACTTATCTGTCTTCCTCCCCTCCTTCCTTGAGTCAGCCCTTCCTTGAGTTAGCCCCGCGCGCGGAGACGCGTCTTCTTCCAGATAAG	R1	0.007423609960824251
seelig	consider missing + MOI	seelig_cm_moib_zinb_phantom	CCCCCCCCCTGCGCCTTTCCGATTAGCCGCGCGCGCAAGTGATTTCTTATCTCCTTTTTCGCGTGAGTCACTTCCTTATCAGCCCCGCCCCCTTTTTCTTCCCTTCCTTTTTTCTCCCGCCCTTTCCTTCCTCCCTCTTTTCCTT	R1	0.007074066903442144
seelig	consider missing + MOI	seelig_cm_moib_zinb_phantom	CTCCTCCTCTCCTCCTCTCCTCCGCTCCTCTGCTCTCTCGGTACATTCCCCGGCATGTTTGCACACAGGTCGCTCTCCTGCTCCCTCCTCCGCTCCTCCGCTGGTTACATCCCCCGGCATGCCTACTGCTCCCTCCTCTCCTCTG	R1	0.007538249250501394
seelig	consider missing + MOI	seelig_cm_moib_zinb_phantom	CCGCGCGCGGATACGCGTTTTCTTCCTCGTAACGCCCGCCCCTCCCCCCCGCCCATATACGCTGACTCATCCTTCCTTATCTGTCCTTCCTCGTATCTCCCGCCCCCCTTCCCCACCCATAGGCGCTGACTCATCCTTCTCTTCC	R1	0.007149998564273119
seelig	consider missing + MOI	seelig_cm_moib_zinb_phantom	GACCACACCACCCTGCAGCTCACCTTCAAAGATTGAGTTTTAGGCCCCTTTTTTAGATTATTTAACATCCTTCTCCCCACGCGCCCCACAAGGGAGGGCCATGCTGCTTATATCCCAAGGCCCAGCACAGAACCTGGCACAGAAG	R1	0.007863441482186317
seelig	consider missing + MOI	seelig_cm_moib_zinb_phantom	ATCACTTCCTTATCTCTCGGAAGAGGGCGCGGCCTATTGGAAGTAACCTCCCCCCGCCCCCCCCCCCCCGCCGATGACTCATCACTTCCTTATCTCTCCGCCCGCCTATTTCTCGGAAGCGCCGCCCATTTCGCGGAAGTCACAC	R1	0.008643642999231815
seelig	consider missing + MOI	seelig_cm_moib_zinb_phantom	CCCCCCCTATATCTCCCCCCCCGCTCTCACTCATGCGTCTTCCCGCGTTTTTCTTTTTCTATCCGCGTTTTCGCGTATCTTCCTTCCTATACGCTTTCTCATCCGCCCTCTCCTTCTCTCTTCTCCGCGCCCTCCCCCGTTCTCG	R1	0.010794654488563538
seelig	consider missing + MOI	seelig_cm_moib_zinb_phantom	TTGTACAAACATGTCGAGTTTGGAATTTTCCGGTCATGCACTACAGGTAGGCTGCCATCTCCCAGCGGCAAACGAACATTACGATCAAAGCACCCAGCCGGTGGCAGTCATGTACCCGCCTCCAGTCATGTTCGGCTCCCAGGCC	R1	0.008735262788832188
seelig	consider missing + MOI	seelig_cm_moib_zinb_phantom	CCCCCCCATAACTTCCTATATCGGCGGGGGGGGAGGGGCGGGGCTTCCAGGAAGTGACTCATCGGGGCGGGGCGGGCCCCCCCCCCTATAGGCCCGCCCCCCCCCCCCTTCCCGGAAGCCCCGCCCCCAGAGGATGAGTCATCCG	R1	0.007028135471045971
seelig	consider missing + MOI	seelig_cm_moib_zinb_phantom	CGGGTGTCGCTTCCTTATCTCTGGGGCGGGAAGTCGCGGAAGCGCCCGCCCCCCCGCCGATGACGCGTCGTTATCGGCGGGGCGCGCTTCCAGGAAGTCACGATACGCCGTGGGCGGGGCGGGGGGGGGGGGGGGGGGGGGGGGG	R1	0.00744986766949296
seelig	consider missing + MOI	seelig_cm_moib_zinb_phantom	GGGGGCCCCGCCCAGAAGAGGATGAGTCATCCTATCGGGGCGGAGCCCCGGAGGAGTAACTTCCTATATCGGCGGGGAGGCCAGCCTATAGGCGGGGCCCCCCCCCGCTTCCAGGAAGTGACTCATGGGCGGGGGCCCCCCCCAC	R1	0.011365319602191448
seelig	consider missing + MOI	seelig_cm_moib_zinb_phantom	TCTCCCGTTTCTATCCGCGTTTTCGCGTATCTCCCCCCCCTTCTTCTTATATCTTCCCTCTCTCCTTTTTCCGCGTCTCTTCCTTCCTATACGCTTTCTCATCCGCCCTCTCCTTTTTCCGCCTTTCCGCGTATCTCCCCCCCCT	R1	0.007712203543633223
seelig	consider missing + MOI	seelig_cm_moib_zinb_phantom	GGAGCAAAGTACCAAAGCCCGGAGTCCATTGTACCGACCCTGTATCCATTCTCAACCTACCTCCCCGGGATTGTTGCTTTACCTTTGTCCGGACAAGGGCCAAAACTTCCACTGCAAGCTTACGTAATTGGGTCCGTAGTCTAGC	R1	0.007503252010792494
seelig	consider missing + MOI	seelig_cm_moib_zinb_phantom	CATCCGCGCGGATAACGCGGAAGAAGCGGCGCCCCGCCCCTCCCGCCACATCCGTATATCGCCCTATCGCGGAGGCGCCCCCTCTGACTCACAGGGAAGCGCGCTATCGGGCGGCGCCGATGTCGGGAAAGATAACTCACTGACT	R1	0.007460787892341614
seelig	consider missing + MOI	seelig_cm_moib_zinb_phantom	CCGCCCCCCCCCCCCCCCCCGCCGATCGGCGGGGGGCGGCTTCCAGATATCGCGGGGGGGGGCCCTGGGGGGGGGGCGCGTGAGTCACTCCGCGATACGCGGATCCGGCGGCTGAGTCATCTCGCGGGGGGGGCCTATCGGCGCG	R1	0.00716379564255476
seelig	consider missing + MOI	seelig_cm_moib_zinb_phantom	AATAGACTGGCGCGCGCGCCTGATGGCGCGCGCGCCTGATCAGGCTATACGTGTTGCGTTGTTGCAGCCCGTGGCGCGCGCGCCTGAACTGGCGCGCGCGCCTGATACCTCTGGGCTGTCACGCGGTGGCGCGCGCGCCTGAAGG	R1	0.007155647501349449
seelig	consider missing + MOI	seelig_cm_moib_zinb_phantom	GCGGATGGGGCGTCCCCTCTTCCTCTTCCGCTTTCTTCGGATGCGGCGCGTTATCGCTTTATCGCTCCCGCTTCTTATCGCTTCCGTCGCGGATGTCTCTTCCCGCGTATCCGTCTTCCTTCCGCGTCTCCGATCGGCCCCGCCG	R1	0.008430182933807373
seelig	consider missing + MOI	seelig_cm_moib_zinb_phantom	GCGTTTTCGCGTATCTTCCTTCCTATACGCTTTCTCATCTGCCCTCTCCTTTTTCCGCGTATCTCCCCCCCCTTCTGCTTATATCTTCCCTCTCTCCCGTTTCCCCCCGCGTTCTCACTCATGCGTCTCTCCCCGCTCCTTCTTA	R1	0.008813979104161263
seelig	consider missing + MOI	seelig_cm_moib_zinb_phantom	TCTCCCGTTTCCATCCGCGTTTTCGCGTATCTCCCCGCCTATATCTTCCCTTTCCCGCGCCTTCTCTTACTCATGCGTCTCTCCCCCCATACGCTTTCTCATTTACATCTTCCTTTTCCCGCGTCTCTCCCCCCCCCCCCCCTCT	R1	0.008179806172847748
seelig	consider missing + MOI	seelig_cm_moib_zinb_phantom	TCAGGATATCGCGATAACGCGATCCGCGCCTATCCGCGTATCTCCGGGAAGATAAGGAAGCGCCCCCCCCGCCGTCCGCGACTCTCCGCCGCCGGATCCGCGTGAGTCACCCCCCCCCCCCGCGCCTATACGCGTATCTCACCCC	R1	0.009444735944271088
seelig	consider missing + MOI	seelig_cm_moib_zinb_phantom	GTCTCCTCGCGGATGGGGCGCGCCGCCCGGCGAGGGATGCGTCTTCCGAGTTATCTCTTCCCCGAGTTATCTCGTCATTGGCGGATCGGCGGGGGTGGCGTCCCGCCGCGTTTCTTATCTCTTCCTCGCGTCGCGGATGTATCGG	R1	0.006805745419114828
seelig	consider missing + MOI	seelig_cm_moib_zinb_phantom	CTCTCCTGCTCTCTCGGTACATTCCCCGGCATGTTTGCTGCTTTCCCTTCCGCTCCTCCGCTCCTCTCCTGCCCTGCTTGCTCTGTACATACATCCCCCGGCATGTTTGCACACAGGTCGCTCCCCTGCTCTCTCCTCTCCTCCG	R1	0.013468427583575249
seelig	consider missing + MOI	seelig_cm_moib_zinb_phantom	TAACTCACAAAAACGCTAACGCGCCACCCAAACAACCACATCCAACAAACCACCAATGACTCAAAAGAAAGCGCAGTCGCGGAAGCGCCGCCCACATCCAACCCAAAAAACCAAACCAAACAACCAAATGACTCACCACCCCAAT	R1	0.00787393469363451
seelig	consider missing + MOI	seelig_cm_moib_zinb_phantom	CCCCCGGCTTCCAGATATCGCGGGGCCCCTGGGGGGGGCCCCCCCCCCCCCCCCAGCCCGAGGCTGAGTCACTCCGCGATACGCGGAGCCGGCGGGTGAGTCATCTGGGGGGGGCGGCCTATCCGCGCGGACCCGCGGACCCCGG	R1	0.011194782331585884
seelig	consider missing + MOI	seelig_cm_moib_zinb_phantom	GGGGGGGCCCGCCGCGTGACTCACTCCGAGATACGCGGATCCGGCGGGTGAGTCATCCCGCGATACCGCGCCTTCGAGATATCGCGGGGCCCCTGGGGGGCCCCCCCCAGCCTGAGTCATCTCGGGGGGCCGGCCTATCCGCGCG	R1	0.008686999790370464
seelig	consider missing + MOI	seelig_cm_moib_zinb_phantom	GTACATTCCCCGGCATGTTTGCCGCTCTCTCTTCCGCTCCTCCGCTCCTCTCCTGCCCTGCCTGCTCCTCCGCTCCTCTGCTCTACTTCCTGTCTTGTTTGTACATTCCCTGCTCTGTACATACATCCCCCGGCATGTTTGTACC	R1	0.007737753447145224
seelig	consider missing + MOI	seelig_cm_moib_zinb_phantom	CTCTTCTGCTCTCTCGGTACATTCCCCGGCATGTTTGTACCTTCCCCTCCCGCTCCTCTGCTCTTCCGCTGGTTACATCCCCCGGCATGCCTACCGCTCCTCTGCTTCCTCCTCTGCTCCTCCCCTCTCCTCTCCTGTTTGCACA	R1	0.007963686250150204
seelig	consider missing + MOI	seelig_cm_moib_zinb_phantom	CTGTTGCCCAGGGGACCAAGGGCTGGGGACAGTTCTAAGCCGAGGACTGGGTCTTGGGGACACTCGGGCCTCTGGAAGACAAGGCGGGTAGGGTGTCACCTGGGCTTCCCCCCAGGCCGTCTCAGCTCACTGCGCCCCTCCCCGC	R1	0.007115308661013842
seelig	consider missing + MOI	seelig_cm_moib_zinb_phantom	TCTTATCCTTCCCTCCCCCTTTTCGCGTATCTCCCCGCCTATATCTTCCTTCTTCCGCGTTTCCGCGTTTTCGCGTCTCTCCCCCCCTATACGCTTTCTCACTCATGCGTCTTCCCGCGTATACGCTTTCTTATCCGCCCTCTCC	R1	0.011287488974630833
seelig	consider missing + MOI	seelig_cm_moib_zinb_phantom	AGTCGCTGCGCGATATATCGTCCGCGAGATACGCTTCGCTCCGCCCGCGCTTCCTTCCGCGGAGTCGCGGGTCCTCGCCTCGCGCCTCTTATCGGTGCGCGGCGCTCTTTCGCGAGATATCGCCCCTTTTCGCGCGCTTCCTCGC	R1	0.008144441992044449
seelig	consider missing + MOI	seelig_cm_moib_zinb_phantom	TTGCATCTAATGAGTAAGACAGAACGGCTCTCGCGATATGCTTCTGCTGCAGCGCCGTTTCTTATCATAAGAAGCATCGAGGAGCGCGCGTCGCGGGAAGCGCCTCCAATTAACTCCACCAATCGCTTCACTCGCCGCGGCTCTG	R1	0.0077329836785793304
seelig	consider missing + MOI	seelig_cm_moib_zinb_phantom	TCGAGCTGGCGCGCGCGCCTGATAATGAACGCAATTTCTGAGCACCGTGGCGCGCGCGCCTGAGTGGCGCGCGCGCCTGATCGTCTAGTGGCGCGCGCGCCTGACTCATGGCGCGCGCGCCTGACCAGCTGGCGCGCGCGCCTGA	R1	0.007131641730666161
seelig	consider missing + MOI	seelig_cm_moib_zinb_phantom	TTTTTGTTGGCGCGCGCGCCTGAAGCGGGACTGCCAGGTGGCGCGCGCGCCTGAAGGCGATTATGGCGCGCGCGCCTGACACGGGGTATTGTCCTGGAGTTATGCGGCTACAGGAATGGGACGGCGCCACTGCGGGGTTTGCCGG	R1	0.010595178231596947
seelig	consider missing + MOI	seelig_cm_moib_zinb_phantom	AACCCACACCCACGAGTAACTGGGCGGGGCCATCCGCGACTGACGAGGAAGCGCCACCCATGAGTCACTGGGCGGGCCCACGCGTGGGCGGATGGCGCGATCCGCGGATCGGAAGCGCCACCCACAGATAAGACACGCGGAACCC	R1	0.007558049634099007
seelig	consider missing + MOI	seelig_cm_moib_zinb_phantom	CTCCCCTGCTCTGTACATACATCCCCCGGCATGTTTGCACACAGGTCGCTCCTCCGCTCCTCCGCTCCTCTGCTCTCCTCCCCTCTCCTCCGCTCCTCTGCTCCCCCTCTCGGTACATTCCCCGGCATGTTTGCACCTTCCCCTC	R1	0.007094742264598608
seelig	consider missing + MOI	seelig_cm_moib_zinb_phantom	CCCCCCCCCCCCAGCGTGAGTCACTCCGCGATACGCGGCTTCCGAGATATCGCGGTCCCGTGGCTGAGTCATCTCGCGGGGCCGGCCTATCCGCGCGGATCCGCGTGCCCCCACCCCCCGCCCCTGGCTGAGTCATCTCGCGGGG	R1	0.012124674394726753
seelig	consider missing + MOI	seelig_cm_moib_zinb_phantom	TGACTCACTCCGCGATACGCGGCTTCCGAGATATCGCGGTCCGGCGGGTGAGTCATATCGGCGCGGGTGGGGCTGGGGGGGCCGGCCTATCCGCGCGGATCCGCTTCCAGATATCGCGGGGCCCCCGGCGCGGGCCCCCCCCCCC	R1	0.009322701953351498
seelig	consider missing + MOI	seelig_cm_moib_zinb_phantom	GTCGCGGAAGCCCTCTCCCCCCTTTCCAGGAAGTCGCGGAAGCGCCCCCCCCCCTCCCCTCTCGCCCCCCCCCCGATGACTCGTCTCTCCCTCTCGCGGATGACGCTTCCTTATCGGGGGGGCGGGAAGTCACGATACGCCGGGG	R1	0.0075176190584897995
seelig	consider missing + MOI	seelig_cm_moib_zinb_phantom	CCCCCCCCCACCCACAAGAGGATGAGTCATCCGATCGGGGCGGGGCGGCGGAAGCCCCGCCCCCCCCCCCCCCCCCCCCACCAGGAAGTCACTTCCGGGAAGGGCGGGCCCCCCCGCCTATAGGCAGATATCGGCGGGGGGGGGC	R1	0.009220014326274395
seelig	consider missing + MOI	seelig_cm_moib_zinb_phantom	GCAGGAGAGCAATGGACAAACATGACGGGAGGAGAGGGGGGGGGGGGGGGGGGGGGGGGGGAGAGGGACATGTCCGGGCATGCCCGGAGGGGGAGGGCAATGAACCAATGTACAAACATGCCGGGGCATGTCCAAAGCAAAAAAG	R1	0.0075607397593557835
seelig	consider missing + MOI	seelig_cm_moib_zinb_phantom	CCCTGGCCCTGGGGGGGCCGGCCTATCGGCGCGGATGCGGCTGGGGGGGCCGGCCTATCCGCGCGGATCCGCTTCCAGATATCGCGGTGCGGCGGCTGAGTCATCTCGCGGGGCCGCGCTTCCGAGATACGCGGGGCCCCGCGCC	R1	0.011937475763261318
seelig	consider missing + MOI	seelig_cm_moib_zinb_phantom	GCTGGACACGGCCACCGGAACCCCCTTCTGACAGGAAATACATCCGGGGTGGAGGGGGCTGGGCAGCTGAATCCCAGCGACGGAATGGCCCTTGCCCTCACGAGTTACTTTACACAAACCCGCTGTCCCTGACCTTTCCAGCTGC	R1	0.011873692274093628
seelig	consider missing + MOI	seelig_cm_moib_zinb_phantom	CCCCCCTTTCCAGGAAGTCGCGGAAGCGCTGAGTCACGATACGCCCCGCCCCCCCGCCCCCCCCCCCCCCCGCCGATGACGCTTCCTTATCTCTCGCGGATGTCGCTTCCTTATCGGGGGGGCGGGAAGTCACGATACGCCTTTC	R1	0.011343181133270264
seelig	consider missing + MOI	seelig_cm_moib_zinb_phantom	CTCACCGAGGCGGCGCTTCGCGAGAAAACGCCCCGCCAATCACCCGTCTTACCCTATAAGATAACGCATCCGCCTCCGCTTTCGCGCCACTACCTTATGGGTCAGTACCGGTTCATGAGTCCTACGCCTCCTCGCGCGACGCCTA	R1	0.007768389768898487
seelig	consider missing + MOI	seelig_cm_moib_zinb_phantom	TGACTCATCTCGCGGGGCCGGCCTATCCGCGCGGATCCGCTTCCAGATATCGCGGGGCCCCTGGGGGGGGCCGGGCCCCCCCCGGGCCCCGCCCAGACCGCGCTTCCGAGATACGCGGATCCGGCGGCTGAGTCATATCGGCGTG	R1	0.01067868061363697
seelig	consider missing + MOI	seelig_cm_moib_zinb_phantom	CGGATGACGCTTCCTTATCTCGGGGGCGGGAAGTCACGATACGCCGGGGGCGGGGGGGGGAGTCACTTCCTTATCTGTAAGTCACGGAAGCGCCCCCCCCCCCCCCCCCCCCCCCCCCCGCCCCCCCGCCGATGACGCTTCCTTA	R1	0.006741850171238184
seelig	consider missing + MOI	seelig_cm_moib_zinb_phantom	CGTCATTCGCGGATCGCGTTATCCGCCGATCTCTCTTCTGAGTTATCTTCCGCGTCTCCGATTCGCCGATTCGCCCCGCCCTTCGCGGAGCCGCGTGTCGGCGTATCGGCGTGGCGGCGTATCTTCCCTCTTATCTTCCGATTGG	R1	0.01085718721151352
seelig	consider missing + MOI	seelig_cm_moib_zinb_phantom	GCCCTTCCGCGTTTTCGCGTATCTTCCTTCCTATACGCTTTCTCATCCGCCCTCCCCCCCCCCCCTCCCCCCCCCCCCGCTTTCCCGCGCCTATCCGCGTTTTCGCGTATCTCCCTCCCTATGCGTCTTCCCGCGTATACGCTTT	R1	0.013604349456727505
seelig	consider missing + MOI	seelig_cm_moib_zinb_phantom	ACGCGCTTCGAGATAAGGTTACTTCCTCGTAAGGCCCCGCCCATACGCGTCTTCGAGGACGCGTCTTCTTATCTGTCTTCCCGCGCGCGGAGACGCGTCTTCTTCCTCGTATCGCCCCGCCCATGCGTTCTCTTGAGGACTTCCC	R1	0.009399482049047947
seelig	consider missing + MOI	seelig_cm_moib_zinb_phantom	TTGGCGCGCGCGCCTGATTAGCCAGCGGAAGTATGGCGCGCGCGCCTGAGCTGGCGCGCGCGCCTGAGGCCATGGCGCGCGCGCCTGATGGCGCGCGCGCCTGATTGGCGCGCGCGCCTGACTTCTTGGCGCGCGCGCCTGAAGA	R1	0.008835654705762863
seelig	consider missing + MOI	seelig_cm_moib_zinb_phantom	TAGGGGCGGGGCTTCCCGGAAGCCCCGCCCCCCCCCGCTGACTCATCCCCCGGAAGTAACTTCCGGGAAGGGCGGCCCCCCCCGCCTATAGGCGGGCCCCCCCCCACCCAGAAGAGGATGAGTCATCCGATATCGGCGGGGGGCC	R1	0.008466145023703575
seelig	consider missing + MOI	seelig_cm_moib_zinb_phantom	ACCTTCCTTCTCAGCCCCGCGCCAGACCTCAGCCCCGCCTTCCAGGCTAGTCCCCGCCCCTCGGACACACCCACAGACTTCGGCCCCGCGTCCCAGCACTAGGCCCCGCCTGACACAGCCACGGACTGGGCCTTGCCTCCCAGCT	R1	0.010564485564827919
seelig	consider missing + MOI	seelig_cm_moib_zinb_phantom	CTGGGGGGGGGGGGCCCTGGGGGGGGGGCCCCCCCCCCCGCCCTTGGCTGAGTCATCTCGCGGGGGCGCGCTTCCGAGATACGCGGATCCGGGGGGCCCGGCCTATCGGCGCGGATCCGCTTCCAGATATCGCGGGGCGGCCGTC	R1	0.010844682343304157
seelig	consider missing + MOI	seelig_cm_moib_zinb_phantom	GCGTTTCCGCGTATCTCCCCCCCCTTCTTCTTATACGCTTTCTCATCCGCCCTCTCCTTTTTCCCTTCCTTCTTCTCCGTTTCCATCCGCGTATATCTTCCCTCCCCCCCCCCCCCCCTTTCTCACTCATGCGTCTTCCCGCGTA	R1	0.007859662175178528
seelig	consider missing + MOI	seelig_cm_moib_zinb_phantom	CCCCGCCTATCGGCGCGGATCCGCTTCGAGATATCGCGGGGCCCCCCGCGGCCCCGCCCTTGGCTGAGTCATCTCGCGGGGCCGGCCTATCGGCGCGGGTGGGGGGGGGGGGGGGGCGCTTCCGAGATACGCGGACCCCCGGGGC	R1	0.010634154081344604
seelig	consider missing + MOI	seelig_cm_moib_zinb_phantom	TCGACTTCCTTATCTCTCGGAAGAGGGCGCGGCCTATCGGAAGGAAGCGCCGCCCGCCCTCCCCCCCACACCCCCCCCGATTTCGCGGAAGTCACACCCATTGGCTGATTTAATCCGCCCGATGACTCATCCGCCCCCCGCCCAC	R1	0.011634880676865578
seelig	consider missing + MOI	seelig_cm_moib_zinb_phantom	GGCGGGGGGGGGAGTCACTTCCTTATCAGGAAGTCACGATACGCCGTGGGCGGGGCGGGCCCCGCCCCCCCCCCCCCTTGTCCTCCCCCCGATGACTCGTCTCTCCCTCTCGCGGATGACGCTTCCTTATCGGGGCGGCGGGGGG	R1	0.01088173408061266
seelig	consider missing + MOI	seelig_cm_moib_zinb_phantom	GGGGCCCCGCCCCGGGGCCCCCCCCCGCTTCCAGGAAGTGACTCATCCGCGGGGGGCGGGCCCCCCCCCCCCCACCCAGAAGAGGATGAGTCATCCTATATCGGCGGGGGGCCCAGCCTATAGGCCGGCCCCCCCCCCCCCCCCC	R1	0.014900455251336098
seelig	consider missing + MOI	seelig_cm_moib_zinb_phantom	GGGGGGGCCCCGCCTATAGGGGCGGCGCTTCCAGGAAGTGACTCATCGGGGGGGGGCGGGGGGGGCGGCCTATAGGGCCGGGGGGGGGGGACTTCCCGGAAGCGCCGCCCCAAGAGGATGAGTCATCCTATATCGGCGGAGGGCC	R1	0.014201655983924866
seelig	consider missing + MOI	seelig_cm_moib_zinb_phantom	AAGCGGCGCAGATAACGCGGAACCAATCGCTATATCTGACTCACACCCTCCCGCCCCAGATAAGGCGGAAGCGGCGGGCCCACCCCCACATATAGGGGGGGCCGACCCCCCGCCTATGAGTCACGCCACATCCGCGTCACGCCCC	R1	0.0062561179511249065
seelig	consider missing + MOI	seelig_cm_moib_zinb_phantom	GGGGGGGGGGGGGGGGGGGGGGGGGGGGGGGGGGGAGGTTTAAACATGCGGGGAGATTTACATAAGGGGAATGTTGGGAGCTGACGGAAAGTTGAACTAACGGAAAGTCGAACAATGGTTGTTGCGGAATGTCGGAAAGTTGAAC	R1	0.005662262439727783
seelig	consider missing + MOI	seelig_cm_moib_zinb_phantom	CCGTGGGCCTGGGGGGCCCCGCCTATCGGCGGGGGGCGGCTTCGAGATATCGCGATCCGGCGGCTGAGTCATATCGGCGTGGACCCGCGGACCCCGGGGGGGCCCTGGGGGGGCCGCGCTTCCGAGATACGGCGGCCCCCCCCCC	R1	0.00657655531540513
seelig	consider missing + MOI	seelig_cm_moib_zinb_phantom	GTGGCACAAAACAATGACCGGACGGACATGCCCGGGCATGTCTGCCGCCCAGGCATGCCAGGGGCAAAGGACTTTGGACTGTGGCACCAAACAATCAACCAACGGTCATGCCCGGGCATGCCCCCTGCCCCCCCCCCCCCCCCCC	R1	0.00657655531540513
seelig	consider missing	seelig_cm_zinb_phantom	TAGGATGAGTCATCGGAAGGGCGAGAAAGCGGAAGTGACTTCCTCCAATAGGCTTATAGGATGAGTCATCAGCTTATAAGGAAAGCGGAAGTCACATCCGGAAGATAAGATAGCGTGACTTCCTCCAATAGGATGACTCATCGGA	R1	0.005928789731115103
seelig	consider missing	seelig_cm_zinb_phantom	AGGAAAGAGTTACGTTATATCTTGCGTGTCTGACTGGCGGTGAGTCATAGGAAAGAGCGGCGTGATATCTTGTGAGTCATAGAAGGGGAAGGAAGGGCTTCCAGATAAGGAAATGAGTTGTGAGTCATAGGAAAGGAAGGGCGGT	R1	0.0059145111590623856
seelig	consider missing	seelig_cm_zinb_phantom	TCCGCCAATTGGATGAGTCATCGGAAGGGCGAGAAAGCGGAAGTGACTTCCTATGACTCATCGGAAGTCACTTCCTATGACTCATCGGAAGGGCGAGAAAGCGGAAGTGACTTCCTCCAATTGGATGACTCATCGGCCTATAAGG	R1	0.006407684646546841
seelig	consider missing	seelig_cm_zinb_phantom	CTTACTTCCTGGAAGGGGGGGTTTCTCGCAGATACGCTTTCTTATAGGCCTATAGCGGTTGTGAGTCACTTCCTTTTTCGCTGGATGACTCATATCTTTGCTTATAGGATGTAACTCACTCTTCCTCGCCGATAGCGTCTGTGGG	R1	0.006636524572968483
seelig	consider missing	seelig_cm_zinb_phantom	ACAGGGGACATGTCCGGGCTTGTTTGGGGTTGTACAGAGGTGAGGTGAGCAGGGGACATGCCCGGGCATGTTTGCTGCTGTACAAAGGTCCGTTGTTTAGACTTGTTAGTTATGTAACCGAGCTTTGAACGTGACAGGGAGGGGG	R1	0.006914883852005005
seelig	consider missing	seelig_cm_zinb_phantom	AAGGGCGGTGAGTCATAAGGAAGTGCGTGTAGATAAGGAAATAGGCGGATAGGCGGTGAGTCATCCTTCCAGATAAGGAAAAGGAAGGAAAGGGGGTGAGTCATCCAAGTGTAGGAAAGAGTTGCGTTATAACTTGCGTGTCTTA	R1	0.006523450370877981
seelig	consider missing	seelig_cm_zinb_phantom	CAGTTGAACAAAGGTCAAACAGACTTTGGTCCCTGTTTAAACATGTCCGGGGTGAAGGCAGTTGTCCTGTTTGGTGTTTGACTAAAGGAATTATGTAAGCATGTTTGTAGCTGGGCTCAAAGCAGTGGGCATGCCCGGGCATGTT	R1	0.006454022601246834
seelig	consider missing	seelig_cm_zinb_phantom	CTATACCTGTTATGTATTCATCCGAGTTTTGAACTAGGGACATGCCCGGGCATGTTTGCTGCTGACAGTCGACCGTTGTGTACAAAGGTCAAAGGGATTACGGGCATGTTTAGGTAACCTGTTAGTTATGTAACCGAGCTTTGAA	R1	0.006491153035312891
seelig	consider missing	seelig_cm_zinb_phantom	TTAATTTCTCTCAACATTACGTAATGTATAATCAATAGAGATTGGTCTTTTAGTTATTGTAACTTTGCACAAGGGGCATAGTATACGGACATTGGGATTTGGAGCGAAAGCGCACTGGACATGCCCGGGCATGTCTGGTGCTGAA	R1	0.00647169491276145
seelig	consider missing	seelig_cm_zinb_phantom	TCCGCCAATAAGCTTATAGGATGAGTCATCAGCATATAAGGAAGTTAAGAAGGTAAGAAAGAGGGCGGGACTTCCTCCAATTGGATGAGTCATCGGAAGTCACTTCCTATAACTTATCGGAAGGGCGAGAAAGCGGAAGTCACTT	R1	0.007042743265628815
seelig	consider missing	seelig_cm_zinb_phantom	CTTGACCTGTTAGTTATGTAACCGAGCTTTGAACTACGGTCAGGTTTGTACAAAGGTCAATGGACTATCACTGTTAGGGAGAGGGGGGCATGCTGAGCTTTGTACATGCCCGGGCATGTTTGCTGCTGTCATGCTTGTTATGTAA	R1	0.006570835132151842
seelig	consider missing	seelig_cm_zinb_phantom	AGCTTGCGTTAGGCAGCATGCAGTGCACCAACCAGCGAACGTTGTCAGGGACATGCTCAGGGCATGCCCGGACATGTCCGCCAGCATTGTTTGTGAATGTTTGTACAGTGGCCAATGAACGTAAACATTACGTAATCAAGCCACT	R1	0.006948673166334629
seelig	consider missing	seelig_cm_zinb_phantom	CAAGAAAGAAGGGCGGTGAGTCATAAGGAAGTGCGTGTGGATAGGCGTATATCTTGCGTGTCATAGGAAGAAAAGGAAGTGCTTCCGGATAAGGAAGTGACTTTATATCTTGCGTGTCTGACTGGCGGTGAGTCATCCAAGTGTG	R1	0.007073913235217333
seelig	consider missing	seelig_cm_zinb_phantom	ACTAGGGACATGCCCGGGCATGTTTGCGTCTGTACAAAGGTCAAAGGAGCAGGGGACATGCCCGGGCATGTTTGCTGCTGACAGTCGGTCGGTCGACTAGACTTGTTAGTTATGTAACCGAGCTTTGAACGTGACAGGGGGGGTG	R1	0.006424056366086006
seelig	consider missing	seelig_cm_zinb_phantom	GGACATGTCCCGGCATGTTTGCCGGCCGTCGCATTCATTTTGTTTGTTTGTTTGTTTGACATGTCCCGGCATGTTTGTTCAAACATTGCGTAATGTCCGGTCATGTTTTGTTCTTTTGTCCATAGTGCAAACATGCCCGGGCATG	R1	0.006872032769024372
seelig	consider missing	seelig_cm_zinb_phantom	CATGTCCGGGCAAGCCCTGTTTACGTAACTTCTGGTCTAGTTTGCCTTTGAACTTTGGACTTCCGGCCGGTAGGTCATTGGATCGTGACTAAACAAACGTAAATACCGGCGGCCTTAGTGCTGTGAACTTACTTTGACCTGAGCG	R1	0.00725052785128355
seelig	consider missing	seelig_cm_zinb_phantom	ACCTGGGGACCATTGTTTGTGTAAACATGGGAGACATGCCGGGGGGGTTTGTGTAAAAATCAACTCAACGAATGACCGGAGGCATGGAGTGCAGCAGTGCACCGGACATGCCCGGGCAAGTTCGGTCAAACTTTGAACCTTTGCA	R1	0.007004402112215757
seelig	consider missing	seelig_cm_zinb_phantom	GTAAAGTTCAAAGTTTGTATTATGCATGCGGGCATGCTGGGGAAAGTACATTGGATTGTTTGTTTAAACATTTTGTTTGTTTGACTTTCTGTGGAATGTTTGTACAAACATTCTGTTTGATTTTCAGGGGAAAGTTCAAAGGTTG	R1	0.007104173302650452
seelig	consider missing	seelig_cm_zinb_phantom	TCACAAACGGGTGGCGGGGCCCGCTTCCTTCTCTTCTAAGAAGCAGTTATCTTATAACACGCATATGCGTCATGTGGCTTATCTGTCAGCAACTGCTTCTTAAGATGACGCCGCTTCCGCGTTCTAATGAGTCAGCGAGATAAAG	R1	0.006971610710024834
seelig	consider missing	seelig_cm_zinb_phantom	GGTGGGGGAGAGTAAGGGGGCATGTTTAGACATGTACGGACGGTAGTTTGAACTTTCGGTCAAAGGTTAAATAACAATTGCGGACATGCTCGGGCATGTTCGGTCGATCAAAGGTAGTAGGGAGCTGAGAGGGTTGTATAATGAT	R1	0.007186660543084145
seelig	consider missing	seelig_cm_zinb_phantom	GAGGGGGACATGTCTAGGCATGCTGTCAGTTATGTAACCGAGCTTTGAACTTCTGAGGGGGTGAGCGGGGGACATGCCCGGGCATGTTTGCTGCTGGGGGGTTAGTTATGTAACCTTTGAACAAAGGACTGTGAGGTCAAAGTAC	R1	0.006830987986177206
seelig	consider missing	seelig_cm_zinb_phantom	GGAATAAAAGAATGGGTACTCTGTAGACAGAACAGCAGCATGGGCTGCTTGACTGAGTATACTTAAAGCTATTTCTGGATCATATGCTAACAAGGGGTGGATTACTCATGAGTCTTCTGGGAAGGGGGTGGGGATTTCCTGGAAC	R1	0.006805922836065292
seelig	consider missing	seelig_cm_zinb_phantom	TGAGTCATAGAAGCGGTGAGTCATAGAAAGATAAGGAAGTGCGTGTAGATAAGGGAAAGGAAGGGCTTCCAGATAAGGAAGTGAGGAAATAGGGTTATATCTTGCGAGTCATAGGAAAGAGTTGCGTTATATCTTGCGTGTCTTA	R1	0.006976780015975237
seelig	consider missing	seelig_cm_zinb_phantom	TCCGCCAATAGGATGAGTCATCGGAAGGGCGAGAAAGCGGAAGTCACTTCCTGAAAATAACTTATAAGCTTTTAGGATGAGTCATCAGCATATAAGGAAGTTAAGAAAGAGGAAGTGACTTCCTCCAATAGGCTTATAAGATAAG	R1	0.007031161338090897
seelig	consider missing	seelig_cm_zinb_phantom	CATGCTGGGGAGAGTACATTGGATTGTTTGTTTAAACATTCTGTGGAATGTTTGTGCATGCTGGCATGCTGGGGAGTGTGGATTTTTATTGTGTAATGTTTGGACATGCTGTGTAATGTTCAAAGGTTGTATTTGTTTTACATTC	R1	0.007851474918425083
seelig	consider missing	seelig_cm_zinb_phantom	CAATGATTTAAGCAGTTATGTAACCGGTTATGTAAGTGTCCGGTGGTTTGTCTGGTGATCTAGGTGGTTATGTAACGGGTTATGTAAGCGGTGATGTAACGGGTAATGTAATGGTCCAGTGATCTAAGCGGTGGTCCGGTCGGTT	R1	0.0067078908905386925
seelig	consider missing	seelig_cm_zinb_phantom	GGGTTCAAAGCAATAGAGTGTTTAAACAACGTGACCTAGGCTTGACATTGTCACACAGGTCACCAGTTGAGCTCGCGCTGACGTAATGTTTACCGTGGGATGATGGTCGGACATGTCCGGGCAAGCACCCAGGGAGGCTTGTGCA	R1	0.007671121507883072
seelig	consider missing	seelig_cm_zinb_phantom	TAGGATGAGTCATCAGCATATAAGGAAGGAGGGCGGGACTTCGTCATATAAGGAAGATATATCTTCCTCCAATTGGATGAGTCATCGGCCTATAGGGAGGGTGAGAAAGCGGAAGTCACATCCTGAAGATAACTTATAAGATAAC	R1	0.00711511354893446
seelig	consider missing	seelig_cm_zinb_phantom	AAAGTCGACCGGAATTGTTTGTTGGGGGTTTGTACAAAGGTCAAAGGGGTTGGTGGGGGGGTGAGCTGTGTACATGCCCGGGCATGTTTGCTTCGTTCTGACCTGTTAGTTATGTAACCGAGCTTTGAACGTCGCAGGGGGGGAG	R1	0.007743125315755606
seelig	consider missing	seelig_cm_zinb_phantom	GAAATCGGAAGGGCGAGAAAGCGGAAGTCACTTCCTGAAAATAACTTATAAGCTTATAGGATGAGTCATCAGCTTATAAGGAAGATGACTTAGAGGGCGGGACTTCCTCCAATAGGATGAGTCATCAGCATATAAGGAAGTTAAC	R1	0.007806502282619476
seelig	consider missing	seelig_cm_zinb_phantom	GAGGTATGCCTGGGCAAGCTCGGTACTCAGATTACGTAATAGTTACACAGAGTTTGACTATTGTACAAAATTCGGTCGATTGTCTTGTTCTGACGTAAACATGCCCGGACATGTCCAGGCAAGCTCGGTGGCCCGAGAGTCGTCC	R1	0.006833116058260202
seelig	consider missing	seelig_cm_zinb_phantom	AGTTCATTCAATAAACGGTGAACTTTGGATCATTACATAAACATGCCTGGACATGCCCTTGTATAAAACGGGGGTTTGCCACTGTGGACATGCCCAGGCATGTTACCCATTTTGGTCCATTTACCGTTGAAGTTTGATTATGTAA	R1	0.0070495326071977615
seelig	consider missing	seelig_cm_zinb_phantom	CGGACATGCTCAGACATGTTCGGTCGGTAGTTTGAACTTTCGGTCAAAGGTAGTAGAGAGTAAGGGGGCATGTTTAGACATGTTCGGTTTGAATGGAGAGTGGGAGAGCAGAGATTGTTGTACAAAGATTATGTAATGATCGTGA	R1	0.006757424678653479
seelig	consider missing	seelig_cm_zinb_phantom	CCTATAGGCTTATAGGCGGGGTTTCTCGCAGATACGCTTTCTTATAGGCCTATAGCGTTTGTGAGTCACTTCCTTTTTCTCTGGATGACTCATATCCTGGATGCGGGTCTTCGAGATATCGTCACTTCCAGGAAGTGACTCACGC	R1	0.007027650251984596
seelig	consider missing	seelig_cm_zinb_phantom	CTTGACCTGTTAGTTATGTAACCGGGGGGGTGTACAAAGGTCAAAGGAGCAAGGGACATGCCCGGGCATGTTTGCTGCTGTAGAAAGGTCGGTCGACTAGACTTGTTAGTTATGTAACCGAGCTTTGAACGTGACAGGGGGGGAG	R1	0.007017355412244797
seelig	consider missing	seelig_cm_zinb_phantom	GAATTCTAAGTAATCTACTGGGTGACCCAGGAAACGTTCCTTGTGTGTTTGATTACATTCCGGTCATGTAATGGTTCAAAGTCCGTGACGCAATGGTAAACTACGGCCGCAGACATGCCCGGGCATGTCTGTAGGTCTGAAGTAC	R1	0.007471746299415827
seelig	consider missing	seelig_cm_zinb_phantom	AGCAACCGGGAGGAGCCGCATGAGATGACTCATCCGTCTGAGGCGATACGCCCCCCCGTATAGGTTATGAGTCATTGGCGCTGCGCGTGACGAAGTTACGTCCTATAAGACACGTAATCGGTAGGGCGAGCTTATCCCGGAAGAC	R1	0.007842082530260086
seelig	consider missing	seelig_cm_zinb_phantom	TATCGCAGAAGATATAAGCATATAAGCATATACGCGCGCCTATGAGTCAGCGCGAGGCGATGAGTCACGCAGGAAGAGGAAGCATATAAGGATATAACGATGAGTCACCCTCCGCGAGAGGCACCGCCTATCGCAGAAGATATAA	R1	0.006913040764629841
seelig	consider missing	seelig_cm_zinb_phantom	TGACGTTACTTGCGGCGTAAGATATCGTCATCCGCCAATGACGCGTCATAAAGATGCGGCGGAAGCGACTACTCGTGCGGCGCCGCCGGTTCGTCTGAGTGACTGACTTATCGTATGCGAGTTATAGGACAGATAAGCGATGCGC	R1	0.008019913919270039
seelig	consider missing	seelig_cm_zinb_phantom	GATGAGGTGAGGTAATTATTAACCGGTAGGTAATTATTAACCGTGACAACCGGTAATTATTAACCGTGGTAATTATTAACCGTAGCCATCGGTAATTATTAACCGGTAATTATTAACCCCCTACCCATGGTAATTATTAACCTTC	R1	0.0077326432801783085
seelig	consider missing	seelig_cm_zinb_phantom	CAAAGCCGCAGTGGACAACCGGACTTTGTCCATTGATCAAACCGGCTGGGTGACTGCATGACGTCGCCCGGGCATGTCCCGGCATGTTTGACGGTGAACGGAGGCAAACAGGAGGTGGGCTAAAGTTCGTACACTGCTTCCCGTG	R1	0.007782767526805401
seelig	consider missing	seelig_cm_zinb_phantom	ATTTGAACATCCCCTGTTACGTAATGAACGAAAGGAGCAGACCCGGCGGCGGTTCGGTTCAAAGGACGCTTGCCTCACCACACCCAGAGGACATGCCCGGGCATGTCGACCGAAGGGCTTTGCCTAGTTTCGGTTTGTTTGACAC	R1	0.007086191792041063
seelig	consider missing	seelig_cm_zinb_phantom	TGACAATGAACAATGCATAGACAGGGTGACGTCACAACATTGACCTTTGGTCTAAAACCTAGACATGCCCGGGCATGTTTGGACCTTTACTTATGTAAGCCTGTCCAGGGCAAGAGTGAACAAGGCCCTGATATTCACCTGGTTG	R1	0.0069413818418979645
seelig	consider missing	seelig_cm_zinb_phantom	CAGGTAACCGGTGGTTTGGGCAGTGGTCTAAGTGTCCGTTGGTTTGTGCGGTCGGTTATGTAACCGGTGATGTAAGCGGTGATGTAAGTGTCCGTTTGTTTGGTTGTCGGTCCGGTTATGTAATGGTTTATGTAACCGTCGATCA	R1	0.007498594466596842
seelig	consider missing	seelig_cm_zinb_phantom	GATAGCGTTTTCGCGAAACGATGAGTCATCCTACGATATCGTCTTATAAGATATGATTTGTAATTGCGGCTCTGATTAGCCGTTCCGCGTCATTAGGCGGCGCCATATTCTGCTAATAAGAAAACGTATGTCACTTCCGGGAGTC	R1	0.0072376923635602
seelig	consider missing	seelig_cm_zinb_phantom	TTATGTAATGGTAGTTTGAACTTTCGGTCTAGCGAGCAGGGGTGCAAAGGTAGTGGGGAGCTGAGAGGCTTGTATAAACATTATGTAATGATCGGGAGGGAGAGAGAGTAAGGGGGCATGTTTAGACATGTTCGGTATGAATTGA	R1	0.006930852308869362
seelig	consider missing	seelig_cm_zinb_phantom	AAGGAAGTGGGTGAGGATATCTTGCAAGAAATAGGAAAGAGTTGCGTTATATCTTGCGTGTCTGACTGGCGGTGAGTCATAAGGAAGTGCGTGTGGATAGGGGGAAGGGCGGTGAGTCATCGAAGGATAAGGAAGGGTGGGGAGA	R1	0.007436932064592838
seelig	consider missing	seelig_cm_zinb_phantom	TCCGCCAATAGGCTTATAGGATGAGTCATCAGCATATAAGGAAGGAGGGCGGGACTTCCTCTTATAGGCCAATTGGATGACTCATCAGGAAGTTAAGATATCGGAAGGGCGAGAAAGCGGAAGTCACTTCCTGAAGATAAGAAGC	R1	0.007965652272105217
seelig	consider missing	seelig_cm_zinb_phantom	TCCGCCTATAAGCTTATAAGCTTTTAGGATGAGTCATCGGCCTATAGGGCGGGACTTCCTCCAATAGGCTTATAAGATAAGAGGATGAGTCATCAGCATATAAGGAAGTTAAGATATCGGAAGGGCGAGAAAGCGGAAGTGACTT	R1	0.007903892546892166
seelig	consider missing	seelig_cm_zinb_phantom	TTGGGTCAAACATGCCGGGGGACTTGACAGGAGTGGATCAAAGGTTCAAACATTGATTGTGTAAACATGGCCTGACAGGAGTGGAACAAAGGTGGAGTGCACCGGACATGCCCGGGCAAGTCCGGTGGACAGGAGTGTGGAACAA	R1	0.007691679522395134
seelig	consider missing	seelig_cm_zinb_phantom	TGGGTAATTATTAACCGGCTACCGCAGCGCGCTGAAAGGTAATTATTAACCCCCATGTTCCGTCTCCCGGGGGTAATTATTAACCTCATTGGGTAATTATTAACCCAGGTAATTATTAACCCTGTGGGTGTGGTAATTATTAACC	R1	0.007792026735842228
seelig	consider missing	seelig_cm_zinb_phantom	TTCCGAGAAAGCCCCGCCCATTTGCTGATTTCATCCGCCCGATGACTCATCACTTCCTTATCTCTTCCCTTCCTTATTTCTCGGAAGCGCCGCCCATTGGAAGGAAGCGCCGCCCCCAGAGGGCGCGGCCTATAGGACGATATAA	R1	0.008011512458324432
seelig	consider missing	seelig_cm_zinb_phantom	ATGACGTCATGTTAAGAGGGTTTAGACTGGATAGGTTCAACGGTCCAAAGGTTGTACAATCTATGTGACAGAACTCCCGGCATGCCGAGGCATGTATCTAGCGAGGTTCCCCTGTTTTGAACTTCGCTCTTTACATGCGTTGTAC	R1	0.007942373864352703
seelig	consider missing	seelig_cm_zinb_phantom	CGGTGATGTAAGCGGTTGTTTATGCAATGATCTAAGCGTCCGTCGGTTTGTTTGTCCGTTGATGCAATGGTCCAGTGGTTTGTGTAATGGGTTATGTAAGCGGCCGGTTGTGTAACGGTTGGTTTGGGTAAGCAGTGATCTAGGT	R1	0.007899184711277485
seelig	consider missing	seelig_cm_zinb_phantom	CATTGGTCAAACATTCCGTAATGTCCGGGAATGTTCAAAGTTCTTTTTGTTTCTTTTGACCTTTTGACATGTTCCGGCATGTTCACGTCCCGGCACCAAGGTTGCAGAGGGGCAAAGTGCAAACATGCCCGGGCATGTTTTGTCA	R1	0.0078081716783344746
seelig	consider missing	seelig_cm_zinb_phantom	CAAAATTGCATAGTGTAAACATGCCTGGGCATGTTCACCGGACGGGACCAAAGTTCCAAAGTTCAAACATTTCCGGTCATGTTCATGTCCGGGCATGTTCACAGTTGTTTTTGGACATGTTCCGGCATGTTCAAAGGGATTTTTG	R1	0.0077178627252578735
seelig	consider missing	seelig_cm_zinb_phantom	GTTAATTCCCGGACATGTCTACGTTGGTCTAACGTCCACTGCGGACATGTCCGGACATGTCTATGTTTGTAGTTATGTTGGTCGAACATGACGTGACTACATCGTTGGACGTTGGTCGAATGACCGACGTGCGGAGTTCACTTCA	R1	0.0076118577271699905
seelig	consider missing	seelig_cm_zinb_phantom	AAAATTAAACACTCGGGACTTGTCCGGGCATGCTGGCTGACTTGGCTGAACTTTGGCTGTTGGTATGGTGACGTGACATAGCTTTGCAACGTACTGTCTGTAACCTTGGACTTTGCACAAACGTACAAAGCATGCCGGAGGGGAA	R1	0.008095096796751022
seelig	consider missing	seelig_cm_zinb_phantom	CGGTCGACGTCAGTGGCCTAAGTGCAGTGAACTTTACTCCCATTACCAATGAACTTTGTCCAAAGCAAACATTGTCGCGTCGGACGTCACAACTCAAAGGTTGTTGTTTGTTTGAGGGGACATGCGGTGACATGCCTGGGCATGC	R1	0.007939338684082031
seelig	consider missing	seelig_cm_zinb_phantom	AACAGGAGCACGGTAGACAAACATAATTGCCTGCGGAAGTTGGACCTTTGTACTTTTGTACCGGGCTTGCCTGGGCAAGTTCCTAGCTTACGTAATCAACCAAGGTCTGTGTAACGAACGTCCGGGGGAAAGTGCTGACGTCAAG	R1	0.007910658605396748
seelig	consider missing	seelig_cm_zinb_phantom	GGAAGTTCAACATTCCCGGTTATGTAACCTTGGCTGCACTTTGGCTTTGCTGGCGCGTATGCTTGATTAGTGCTTCTCCGTTGGATCAAACATTGCTCGCATCCCCACGAGCGGCGTATGTGTGAACATGCCCGGGCATGTCACC	R1	0.007835166528820992
seelig	consider missing	seelig_cm_zinb_phantom	CCTCAGCGTTCTCCTGCGGAACCTTTGAACGGGGTACTCGAGCCCACAGGGGAAGAGCAGCGGAAGGGGCCTTTCGGAACGATTTGGAACGAAAGGAAGTGGAAGAAACGCGGAACCATGGCCGCTGTGGTTGCTGTTTGCGGTG	R1	0.008904749527573586
seelig	consider missing	seelig_cm_zinb_phantom	GTCTTTAGAAGAAAGACATAAGAGGAAGCGCCACATCGTTATCTGATTCGTCGAAGCGTAGCGCGCAATCGCATGATGACGCGCCACTTCCGGGTAGGAAGGGGGGGGGGCGGCGTAGGATGAGTCACGCGCTTTTCCGATAAGT	R1	0.008065923117101192
seelig	consider missing	seelig_cm_zinb_phantom	CTAGACCTGTTAGTTATGTAACCGAGCTTTGAACGTGACAGTGGGTGAGCTGTGTACATGCCCGGGCATGTTTGCTGCTGACCATTGGTCAAAGGACTGTAAGGTCAAAGTGGTTGGTGGGGGGGTGAGCGGTGGACATGCCCGG	R1	0.007862837985157967
seelig	consider missing	seelig_cm_zinb_phantom	AGCTGCTGTTACGGATTCTTTCTGTAAAGTGGACATTTCGGCCGCTTAGTGAGGCGGGCACGGGATGGTGGCAATGATCAAAGGTCCTACCTGTGGGCCGAACACTAGACATGCCCGGGCATGTCCGTAGCTCTCGTCAACAAAC	R1	0.007872870191931725
seelig	consider missing	seelig_cm_zinb_phantom	TCCAGTTACATAACGGCGGGAGTTTGAACACCAGGGATTTGGACTGTTGGTGTTGCTGCGAGCTCGGGTGGTTAAGCAAGCCGGGAGACATGCCCGGGCATGTTTTTAATGTTGAACCTTAGCCCTGCTACACAAAGCTTGGTGG	R1	0.00758729875087738
seelig	consider missing	seelig_cm_zinb_phantom	AGGAAGCGGATGGAGACGCGGTTTCTTATGAGTTATCGCGATATAGGACGCGGTTTCTTTTTTTCGCGGTTTCTTTTGAGTTATCGCGGAAGCGCGTTATCGCGGAAGCGCGATATATTTCTTATAAGGATGCGGAAGTTATTTC	R1	0.008023922331631184
seelig	consider missing	seelig_cm_zinb_phantom	CGTGTCTGAAAGGCGGTGAGTCATCCAAGTGTAGAAAAATAAGGAAGTGCGTGAGGATAGGCTTATAACTTGCGAGTCATAGGAAAAGAAGAAAATAAGGAAGTGCTTCCGGATAAGGAAGTGACTTTATATCTTGCGTGTCTTA	R1	0.008054349571466446
seelig	consider missing	seelig_cm_zinb_phantom	CAAATTTCGAACCAACGTAATTTTGACTAAATGTGAATCCGGTGGCCGAGTAGTGGAAAGGTGGCAAAACCGAGGCTCTAACGTTTGAACATGCCCGGGCATGTCCGCAGGGTTCTTTTGCTATGACGTTTTGTCTGAGTAAGAG	R1	0.007717197295278311
seelig	consider missing	seelig_cm_zinb_phantom	TTTGTTGAGCTGCTTCTACCTTTTCCGGGAAGTTGCAGCGGGTTTCGCGAGATAAGGAAGTGACTTATCTCATCCTCATTGGGCGATGTCAGTTCAGAGTAGTAACGCGCCTCCCCCCCATATAAGGACGCGCCAATTCGCGGAT	R1	0.007887113839387894
seelig	consider missing	seelig_cm_zinb_phantom	GGGGACATGTCCGGGCATGTACATGCCCGGGCATGTCCGCTGTCCCCGGGTTGTTTGTTTGGTCATGTCGGTTCACTGTGGGTTGTTTGGACCTTTGGACCTTGGTAGACATGCCGGGGCATGTCTCCGGACTTTGTGTGACGTG	R1	0.007875421084463596
seelig	consider missing	seelig_cm_zinb_phantom	TCATCATTCTGGGAAAAGGTGGTTCACGAGAAAGCACAGTCATGTGTCAATTAACAGTGCAGATGCATTCTGAGAAATGCGTTGTTAGGTGATTTCATCATCCTGCAACATCAGAGTGTGCCCCGCGCTCATGGATGAGACAGCC	R1	0.007612311281263828
seelig	consider missing	seelig_cm_zinb_phantom	GTGGAATATTCCAAATGATTGGGCACCGAGGTCGTTCGGTTTGCCGTGGGCATGTCCGAACATGCCCTCTGTACAAAGCCAGCTTGTGTTCATTCGATGCCGGTCGGGTGACAATTCCGTCATACGTAATGTGGCCGTTGAGCGA	R1	0.007894127629697323
seelig	consider missing	seelig_cm_zinb_phantom	AAAGTGGCCAGTTATGTAACGGGTAATGTAAGTGGTTGTCCGGTGATGTAAGCGGTGGTTTGTCCAGTGATCCGACGGTTGGTCCAATGATCTAAGTAACGGGTTATGTAAGCGGCGGGTTATGTAACGGTCCGGTTATGTAATG	R1	0.007753416430205107
seelig	consider missing	seelig_cm_zinb_phantom	GTTTGGACATGCCCGGACATGTCGGCATGTTTGGTTGTGGGGGTGTACATGCCCGGGCATGTTTGTACAGACATGCCCCGGCATGTTTGTACAGTGGTGGTGATGTCGACAGGTCCACACATGCCCGGACATGTCCCCTGTGGGG	R1	0.006896371953189373
seelig	consider missing	seelig_cm_zinb_phantom	GAAGGGAGGAGATGACTCACCCTATCGCCCCCAGGGCGGCACCAAAAGGAGATAAGGAAGCGGAAGGATGAGTCAGCGTATGGGCCGGACGATAACTCAGCGTATATCCGCGGAAGGACGCGCCCCCCAGCGCCGCACCCAATCA	R1	0.007941081188619137
seelig	consider missing	seelig_cm_zinb_phantom	CTAGACCTGTTAGTTATGTAACCGAGCTTTGAACTAGGGACATGCCCGGGCATGTTTGCTGCGGGCAGGGGGCAGTTGTGTACAAAGGTCAAAGGACTATCCCTGTTATGTAACCTTTGATCAAAGGACTGTGAGGTCAAAGTAC	R1	0.008290672674775124
seelig	consider missing	seelig_cm_zinb_phantom	ATAAGACCCGCGCCTTCCTGCGAGAAAAAAAGATGTCGCTTCCGGTTCCGCGGAAGAAGAAGAGATATCGTCATAAGACCCGCCCAATGAGTCACTTCCGGTTCCTTCGGAGAAGTAACTTCCTCCTTATTAGATCCGCGGAAGT	R1	0.008604152128100395
seelig	consider missing	seelig_cm_zinb_phantom	GATGTGATTGTCCAGTTATGTAAGCAGTGATGTAATGATTTATGCAATGAGTTATGTAAGCAATGATCTAAGCGGTCGGTTGTTTGACCGTCGGTTTGTTTGTCCGGTGGTCTGGTTGTGTAATGGTCCGGTCAATGGTCCAGTG	R1	0.007909214124083519
seelig	consider missing	seelig_cm_zinb_phantom	ATATGAGCATGAAGTGGACATGACGTAGTTTGCCACTGTACAATTCCGGACGTTTGACCGGAAGTTCTGACATCACGGTGTCAATCCAAAACATTCTGTGTACAGTTGCGGTCGTGTTCCGGCATGGTCGAAAGCTTAAACAAAA	R1	0.008060202933847904
seelig	consider missing	seelig_cm_zinb_phantom	GGTCTGTTTCTCCCCGGGGGTTGTGTATTGGTTCAGGGGCACTTTGGTTCAGACATGCCGGGACATGTCCCCTTTGACATGTTTGGACATGGACATGCCCGGGCATGTCCACTTTTGTTGGGACCTCCGGACTTTGTTACACATT	R1	0.007687895093113184
seelig	consider missing	seelig_cm_zinb_phantom	GGAAAGTTCAAAGTTTGTATTAGGCATGCGGGCATGCTGGGGAAAGTACATTGGATTGTTTGTTTAAACATTCTGGGGATTTTTTTTTTTGTGTAATGTTTGTACAAACATGCTGGGGAATGTGCAGGGGAGAGTTCAAAGGTTG	R1	0.00816932413727045
seelig	consider missing	seelig_cm_zinb_phantom	CGCGGTTTCTTATGAGTTATCTCGGAAGCGCTTTATCTTTCTTGGAAGTTATCTTTCTCGGATACGGATGAGTTATCGTTATATCTTTCTTAGAAACGCGGATGCGGAAGCGATATCTTGGAGACGCGTTATCTTTCTTATAAGT	R1	0.006987204309552908
seelig	consider missing	seelig_cm_zinb_phantom	CGGGAGACATGCCCGGGCATGTTTGGACCTTGGGACATTGGGAGTGACCTTTGTGCAGTGTGGCCGGGGTACATGCCGGGGTTTGTGTCTTTGTGCATTCCGTTTGGGTGACCTTTGGACATGCCCCGGCATGTCTCTTGGTTGG	R1	0.007781677879393101
seelig	consider missing	seelig_cm_zinb_phantom	GCCGGAACTGCCTTCGCCTACTTCCTCGAATCGCGACCCGCTCCTCCGACTGCGACTAAGAGATACGACCTACTTCCGATGACTCATTGTCGGAAGCGTCCTCACTGTTCTTCTTATCTCTCAATTGGGGCTGAGGGGCGGGGCG	R1	0.008159022778272629
seelig	consider missing	seelig_cm_zinb_phantom	CCGCTGGACCATTGTTTGTACAATTGTTTGTACAAAGGACATGCCCGGGCATGCCAGCATTGCACTTTGGCCAAACAGGGGCTTTGTTTGTACAATGGTTAACTCAGGTGACATGACCAGGCATGCCCAGGCATGTCCGGTGATT	R1	0.007724393159151077
seelig	consider missing	seelig_cm_zinb_phantom	TCCGCCAATTGGATGAGTCATCAGCTTATAAGGAAGGAGGAAGTGACTTCCTCTTATAAGGAGGAAGTGACTTCCTCCAATTGGCTTTTAGGATGAGTCATCGGAAGGGCGAGAAAGCGGAAGTGACTTCCTCCAAAAAAATAAG	R1	0.008361311629414558
seelig	consider missing	seelig_cm_zinb_phantom	ATTACGTACCGGTCAAGCTGGGAGATTCCGGGTGGCTAAAGTTCAAAGATTACGTAATGCCGGCATGCGGACATGCCCAGGCACGTTCGAAGGTTCAAACAATCCCTGGCTAATTGTGTACCGGCCTACTGCCCGGCGGACTGCA	R1	0.007982774637639523
seelig	consider missing	seelig_cm_zinb_phantom	TTATGTAATAATCGGGAGAGCGGAGGTGCAAGGGAGCATGCGGGGGGTTGAACTTGCTCGGGCATGTTCGGTCGGTAGTTTGAACTTTCGGTCTAGCGAGCAGGGGTGCAGAGGTTGTTGTACAAAGATTATGTAATGATCGAAA	R1	0.008298556320369244
seelig	consider missing	seelig_cm_zinb_phantom	GCCGCCTATGACTCAGCACAGGGATGACTCAGCAGGCTCTCTTTTATGACTCAGCACACTCCGAAATGACTCAGCAATGATGACTCAGCATCGCGTGTCTGGGAAATCGGTCATCATGATGACTCAGCAAGATGACTCAGCAGAA	R1	0.0074683912098407745
seelig	consider missing	seelig_cm_zinb_phantom	TTATGTAATAGTCGAGCGAGCTTGCGGTCAAGCGGACATGTTTAGACATGTTCGGTAGGGAGAGCGAGCTGGCGAGCTGGGGAGCGGGGGTGCAGAGGTTGTTACATAATGGTTGTAGTGCGGACGTTTGAACTTTCGGTCGTTT	R1	0.008553743362426758
seelig	consider missing	seelig_cm_zinb_phantom	AGTTACGGGTAGTCACTCGCGGATGTGACTCATATCTCGCAATAACTTATCTGCGAGACCCGCTCTTCTAGGAATAGGAACGGGTGCGGCGCCTTGTGGGAGTGAGACTAAGATAGCGCCCGCCTCATGAGTCATCGGAGGGGGA	R1	0.008023766800761223
seelig	consider missing	seelig_cm_zinb_phantom	ACGATGAGTCAGCGCCTATCGGAGAAAGCGGAAGCGCATCCAAAAGAAACAATGAGGGCCCACCCATAAGAAAACGCATCCGCGTATCCGAGAGAAACGATGAGTCAGTCAGGAACTGAGTCACCGCCTATAAGAAACGATATCA	R1	0.008361976593732834
seelig	consider missing	seelig_cm_zinb_phantom	GCAGCCCGATAAGACGACGCGTCTTTTCCCTGATCAGCTTATGACGCATTAGCGGTCCGCGGACGCGGAAGTGGCGGTTACTTTCGCTTCCGCGACTTCCTATTTCTTAAAACGTCGTAGACCGCGTCGCTTCTTAGAAGGGCGG	R1	0.008532014675438404
seelig	consider missing	seelig_cm_zinb_phantom	CCGTGGGACATTACGGTCACGTGAAATGTTCGGTACAAAGTTCAAACGTAAGGCTGACGTTAGAAAGTCCGCCGGCATGTCTTGCGTAAACATGTCAGACTTTACGTACATTGGTGGCATGCCTGGGCATGTTCACCTGGCAAAA	R1	0.008130043745040894
seelig	consider missing	seelig_cm_zinb_phantom	CTGTTTGTTTGATTTACTGTGGAATGTTTGTACAAACATTCTGTTTGTTTTACAGTCATGCGGGCATGCTGGGGAATGTACATTGGTTTGTTTATGCATGCGGGCATGCTGGGGAAAGTTCAAAGTTTGTATTAGTTTTACATTC	R1	0.008490416221320629
seelig	consider missing	seelig_cm_zinb_phantom	ACTCTCTGTTTGTGTTTGACCCCTGTAATGTTTGTTCCCTGGGAACATGCCGGGGCACGTGACCTCTGTCCGGTAATGTTTGTTCAAAGGTTCACAGGGAACATGCCTGGGCATGTCCTTTGAACAAAGCAAACATTACACAAAG	R1	0.008259352296590805
seelig	consider missing	seelig_cm_zinb_phantom	AAAGGGTCATTATGTAATTGTGTAATGCCCAGGCAAGTTGGCAAGGTAATTACGTAGGTGGGTAATGCCGGCAAAAGTGCACAGGTTCAAAGTCTCCCGGGCTACTTGGGACATGCCCAGGCAAGTACGCAAGTTCAAACAAACA	R1	0.008244558237493038
seelig	consider missing	seelig_cm_zinb_phantom	ACAGTCGACCGGAATGTACAAAGGTCAAAGGAGCAAGGGACATGCCCGGGCATGTTTGCTGCGGACAGTCGACCGGAATGTACAAAGGTCAAAGGACTAGCCCTGTTAGTTATGTAACCGAGCTTTGAACGTGGGGCATGTCTGG	R1	0.008507038466632366
seelig	consider missing	seelig_cm_zinb_phantom	AGTTACATCCGCGTGATGAGTCATCGGAAGGGCGCGATGAGGCGGAGTTACTCCTACATGATGATATAATATGACTTCCTGAAGCGGCGCCGCTTCCTAAGAAGCGCTTCATCGTGACTTACCGCCAATAAGACTTATATCTTAT	R1	0.00859024003148079
seelig	consider missing	seelig_cm_zinb_phantom	CTATGAATAGAAAAGCTGAGGTGTTTGTACTTCCGGTCGGCATGCCCGGACATGTTCGCTGCCGACTGGGATCAAAAGCTTGGCACAATGACCTAAGGTCTTTGTACCTAAGGGAAACATTCCCTGCGAATCGATCGTGTCAAAC	R1	0.008368218317627907
seelig	consider missing	seelig_cm_zinb_phantom	TGCCTTCACCGGAAATTCTTACATAATTGCCGGTTGTGTACACACTCCGCTCAAACCGGTCGGGAGAGTGCCTTTGTCCCGTCATGGGTGCAAAGTTCCCGGACATGTTCGGGCAAAGTTCCTGTGGGAGTTTGTACAGTAGTGA	R1	0.008816970512270927
seelig	consider missing	seelig_cm_zinb_phantom	AGCTTTCACCCTCGGTTGCCAGTCGGCTTCGTTTCCTACAACACCGACCGGAAGTGTTTCTGTCGGCCGCGTTCCGAATGAGCACCGCCGGAAGTTTCTGCCGCGGCTTTGCGGGGACGGGGGAGTGGTAGTGGGGGCTGCAGCT	R1	0.009267742745578289
seelig	consider missing	seelig_cm_zinb_phantom	TATGTAATGGTCCGGTTATGTAACCGGTTAGGTAATTGTCCAGTGATCTAAGTAGGTATGCGACGGTTTGTCTAACCGGTTATGTAATGATCTATGCAGTCGGTTATGTAACCGGTTATGTAAGCGGCAAGGCAGCAATGTAAGT	R1	0.007893537171185017
seelig	consider missing	seelig_cm_zinb_phantom	AAACCGTCCGGCCGGTGGTTTATGTAATGGTTTATGTAACCGGTGATCTAACCGGTGGTCCAATGGTTTGTCCGTTGATCTAAGCGGTAATGTAAGCGTTTGTGCAATGGTTAATGCAACGGGTTATGTAAGCGGTGATGTAATG	R1	0.007947676815092564
seelig	consider missing	seelig_cm_zinb_phantom	GCTTCCGGATAAGGAAGTGACTTTATAACTTGCGTGTCTGACTGGCGGTGAGTCATCGAAGGATAAGGAAGTGCGTGAAGATAAGGGAAAGGAAATAAGGGCGGTGAGTTATAAGGAAGTGCGTGTGGATAACTTGCAAGAAATA	R1	0.008045508526265621
seelig	consider missing	seelig_cm_zinb_phantom	GAATTCCCTCTGGCTCCACCCACTTCCCCCCATGTGCATATCAGGATCCAGTCAGTTATGGGCATGCCCAGACAAGCCCTGGGCAGGTTCCCTCTGTGCAAAAGTATCTGATGTAAACACTTGTGGGGCAGGTTGGAGATTCTCT	R1	0.008542857132852077
seelig	consider missing	seelig_cm_zinb_phantom	CAGTTGCGCGATATCTCGCGGATGCGATAAGTTTCTTAAGGAGGGTGTGGGTGGGTGTGGGTGGGGCTTAAGAAGTTTCTTATTGGCTGGGTTGGTGAGTCGCGCGATATCTTGTGGATGAGATAGCGTTTTTAAGAAGTTTCTT	R1	0.008523729629814625
seelig	consider missing	seelig_cm_zinb_phantom	GCGGCACTTCCTCCAATTGGCTTATAGGATGAGTCATCAGCATATAAGGATATCGGAAGGGCGAGAAAGCGGAAGTGACTTCCTCCAATAGGATGAGTCATCAGCATATAAGGAAGTTAACTTATAGGGCGAGATAGCGTGACTT	R1	0.008387167938053608
seelig	consider missing	seelig_cm_zinb_phantom	GGAGGGTTGTTTGGACATGCCCCGGCATGTTGGGACTGACCTTCCCGGGCATGTCGGGGTGTTTGTACAGACACTCCGGGGGGTGGGCCGGTGGACATGCCCGGGCATGTCCCCTGTTGCATGCCCGGGCATGTTTGGAGTGGGG	R1	0.007942482829093933
seelig	consider missing	seelig_cm_zinb_phantom	ACTTGTCACGTGACCGTAGGGATTGCATCAACTTTGGACATGTCCGGTCATGTCACCAGAGCATGTTTGTTCATACAAACTCTGTTGATCTGCTGAACTCCTGCCTCACAATGGCTCAGCAGGTTTGCACAGGAGCAATGGTCCG	R1	0.00791581068187952
seelig	consider missing	seelig_cm_zinb_phantom	CAACGTCCGACGACGACGTCTGCTTTGTTGTTTGTTGTTTAATGTCCGTTGAACGTCGACTACGTATGTCCACATTGGTGGTGTCAACCGTGGACGTCGACTGCGGTCGACTGTCCGGCGGACATGTCCAGACATGTCCAGACAC	R1	0.008047581650316715
seelig	consider missing	seelig_cm_zinb_phantom	GCAAAGAGGGAATGTACAAACATGCCGGGAGAGCAATGGACAAACATGACGGAAGAGCAGAGAGGCAAAGAACCAATGTACAAACATGCCGGGGCATGTCCAAAGGACAGAGGGGGGAGAGGGACATGTCCGGGCATGCCGGGAG	R1	0.00801753718405962
seelig	consider missing	seelig_cm_zinb_phantom	TGACAGGAGAGGACTTTGACCCCTGCTGAGTGGATACATGCCGGGGGCCAAAGGTCACACAGTACAAAGGTCACACTACTGAGGTGTTTGTCCCGTGCACAATCGATCCAGGCCGGCATGCCCAGACATGTCCGGAGAGGAGTTT	R1	0.008345764130353928
seelig	consider missing	seelig_cm_zinb_phantom	GTCCCAGTAGTAAAATTTCCGGTGTTACGTCATGCCGACAGAATAAAGGTGGCCGAGGGCTTGTCCGGACAAGAACTTTGTATAATGTAATGGCCGGTAAACATGGTGGTTATATAAAGTAGCACAGTACAATGAACATGCCGAG	R1	0.008743706159293652
seelig	consider missing	seelig_cm_zinb_phantom	GTCAAGAGAAAAGGAAGGAATTCTTGATATGAATCCCACTAAGTCACTGTGAGTCACAGAAATGGCCAGGCCACTCCTGCTTATCTGCTAATAACAGCTGCAGCCACTTCCAACTGAAGAGCAGGAGCCTTCCTGCCCACCAAAC	R1	0.008504541590809822
seelig	consider missing	seelig_cm_zinb_phantom	TTGAATGACCAGCCGCCTGCCCGCCGGCAGACTTCCGGTCGAAAGTTCCATTCATTACGTACGGAATGTTTAGACAGGCGCACGCGACATGCCCGGGCATGACTCTGCTTGCTCCAATCATGTCACCGAACAACAGCGCTCAAAG	R1	0.008138100616633892
seelig	consider missing	seelig_cm_zinb_phantom	CGGCATACAAGCCCGACTTAGTCACTAGCGAATCTACTTATGTTTGTTCATTGGCCCTTTGTTTTGTAATGCCACCGAACAAACATTCCGGCTTGTTTGGAATGGTTTACATGTCTAGGCATGCCCAGAGATAATCAGGTCAAAC	R1	0.008587036281824112
seelig	consider missing	seelig_cm_zinb_phantom	TGTATAAACATGCCCGGGCATGTGACCGGAAGGGAGGAGGGGGGGGAGAGGGAGAGTGCAAAGATCAATGAATGAATAAGGAGAGAGAGAGAGAGGGGAGAGTGACCAAGGATGTATAGACCAGCGGACATGCCCGGGCATGTAA	R1	0.008547550067305565
seelig	consider missing	seelig_cm_zinb_phantom	AGAGAATCTCCAACCTGCCCCACAAGTGTTTACATCAGATACTTTTGCACAGAGGGAACCTGCCCAGGGCTTGTCTGGGCATGCCCATAACTGACTGGATCCTGATATGCACATGGGGGGAAGTGGGTGGAGCCAGAGGGAATTC	R1	0.00870172493159771
seelig	consider missing	seelig_cm_zinb_phantom	GATGACTAATACAGTGACCTTCTGAGCTTGCGTCGAGTCAGGGTGTGGAATGCATGAAATGTATAAGGTGAACGGCTGGCTTTGTGAGTCACATCCCAGGTCAAGGACTCAGCATGGTGGGCAGGTCATCACCATCACAAATCTG	R1	0.008516495116055012
seelig	consider missing	seelig_cm_zinb_phantom	GTTTGGTGGGCAGGAAGGCTCCTGCTCTTCAGTTGGAAGTGGCTGCAGCTGTTATTAGCAGATAAGCAGGAGTGGCCTGGCCATTTCTGTGACTCACAGTGACTTAGTGGGATTCATATCAAGAATTCCTTCCTTTTCTCTTGAC	R1	0.008592364378273487
seelig	consider missing	seelig_cm_zinb_phantom	GGTCTAAGCAGTGATGTAACCAGGTAGTTAGGTAAGTGTCCGGTTATGTAACCGGTTATGTAATGGTCTGTCCGTCGGTTTATGTAATGGTCTAAGTGTCCAGCGGTCTAGGTGGTTGTCCGTCCGTGTGGTTATGTAAGCGGTA	R1	0.008051130920648575
seelig	consider missing	seelig_cm_zinb_phantom	GCCAACAAGACTACCGGAAGTTGTACAAAGGTTACACCGTATGTCTACTCTCGAATATTACGTAATGTCCAGCGGCCTTTGACTGCTTGGTGTCACTACAACGGGACTTGTCCGGGCATGCCCGCTTTGTACGCCGGCATGGATT	R1	0.008402192033827305
seelig	consider missing	seelig_cm_zinb_phantom	ATTATGTAATGCCCAGGCACAAGCCCGGGCAAGTTCAAAAGTTCAAACATTACGTAATGGGGACATGCCGGCATGCCTAGGCACGTACAAACCCAGGCAAGTTCAAAGGGTAATGCCCAGGGGACCAGGCAAGTTCAAAATGTGA	R1	0.007926983758807182
seelig	consider missing	seelig_cm_zinb_phantom	TTTACTGATGTAACAACCTTGGTGTGCCGTGGCTAAGCCACACTCCACCCCTGACCTGCGGGGGATGAGTCAAACGGTCAGACTTGCCTGGGCTTGTTCCACGCTCCCCTGGCTAGACAGGCGTCTACACATTCTCAGTTAGGGG	R1	0.008633450604975224
seelig	consider missing	seelig_cm_zinb_phantom	TGACATGTCCGGGAATGTACAAAGGGAAGTGCAAACATTCAGACATGCCCGGGCATGTTCAAAGGGCTCCCGGGACCTTTAAACATGCCCGGGCATGTTTGGTTTGAACTTTAGACATGCCCGGGCATGTCTCCCGGGTTTGTTC	R1	0.00797814317047596
seelig	consider missing	seelig_cm_zinb_phantom	GTATGAGTCACCGGGCCATGCCGTGGAGAGAGGAGCAGTAGGGAAAGGAGGTTCCTTGGTGAGGTCAGTGGACCATAAAGTGATATGTTTATCACCACGGCTCAGACTGCACTGAGCAAGCTTCATCCCCCACTTCCCAGAATCC	R1	0.008238785900175571
seelig	consider missing	seelig_cm_zinb_phantom	GTGGAACAAACATTGATTGTGTAAACATCAACTGACCGAATGACCGGAGGCATGCCGGGGGAGTGTGGAACAAAGTTGGGGACATGGAGTGCAGCTGTGCACCGGACATGCCCGGGCACGTTCGGTAGACATGACCTGACAGGAG	R1	0.007994980551302433
seelig	consider missing	seelig_cm_zinb_phantom	AGGCACTCAGCGCCCCACGCTGACTCACCCCAAGGAGGAGGAAGCGTATCTGCGTATCAGGGCGGAAGGAAGCGGAAAAGGATATGACTCACCCGCAGCGGCGGGCGAGAAGTCAGCGTATCGGCGTATCAGGAAGCGCCACCCT	R1	0.008249912410974503
seelig	consider missing	seelig_cm_zinb_phantom	GACCAATCAACTGTGGCCAGGGGCACAGATGCTTTACAGAGGCAGGCCTGTGTCGTGTGACCACCACATGACCTGCGTCATGTGATGGGTGGAGGAGAGGGTGGGCATGCTGTGATTGGCAGCCTCCTTCCCGTGGGTGGAGACC	R1	0.008026889525353909
seelig	consider missing	seelig_cm_zinb_phantom	GGAAAGTTCAAAGTTTGTATTAGTTTTACGGGCATGCTGGGGAAAGTACATTGGAATGTTTGTACATTGGATTGTTTGTTTAAACATTCTGTTTGATTTACGGGCATGCTGGGGAATGTACAAACTTTCTGTGGAATGTGCAGGG	R1	0.008553105406463146
seelig	consider missing	seelig_cm_zinb_phantom	TTATGTAATAATCGGGAGAGCAAAAGGGAATGCGGACATGCTCGGGCATGTTCGGTTGAACTGGGGAGCAAAGGTGCAAGGGGGCATGTTTAAACATTATGTAATGGTCGAGCGAGCAAAAGGGAAAGGGGGCATGTTTAAACAT	R1	0.008218733593821526
seelig	consider missing	seelig_cm_zinb_phantom	CCAGTTTTTGATCTGTTGCAGGAGGCGCGTAATGAGTCATCTCCCCTAAATCGCGCAACTGACTCCACCGGCTGATGAGATATCGTTTCTTTTCTCGGAAGGAAACCGCGGGGTTTCAAGAGGGTGATGACTTCACGTACTTCCT	R1	0.00826985388994217
seelig	consider missing	seelig_cm_zinb_phantom	CTGAGTTGGACCGATGGTATTTTGGTGGCAACTGTATGAGCTCACCGGTGAAACAGTTAGCACAACGGGAGGCATGCCCGGACATGTACAAAGGGCCCTCTGCCCCATTATGGATCAAGTCTATTTACGTCAGGAACGTCAAATT	R1	0.008438334800302982
seelig	consider missing	seelig_cm_zinb_phantom	TCCGCGTGAGGATAAGAAGATAAGGAAGTAGATCCGGATGAGTCAGCCCGCGCCGATCCCGATATCGCGAAGAAGAACCCCCTCCGCCCCCCCGCGCCTATCGGCGCCGATGAGTCAGCGCCTATATCAGTCTCCGGAAGCGGGA	R1	0.008621818386018276
seelig	consider missing	seelig_cm_zinb_phantom	TTATGTAATGAACTAAGGTGAAAGAGAGAAAGGGGGCATGCTGGGGGTTGAACTTACGGTAGTTTGAACTTGCGGTCGTTTGAACTTGCTCGGGCATGTTCGGTAGTACAAAAGTTAGAGAGAGTAAGGGGGCATGTTTAGACAT	R1	0.008279521949589252
seelig	consider missing	seelig_cm_zinb_phantom	AGGATGCGCTTTCCTGAGTCACCGATGATGCAATTGCATCAGATGTAAGCGCCTATAGCTTCCTCAAAAGGCGCCGCCCTTCCAAGAATCTAACTAAGGGGAAGAATGACTACTTATAGGACGAGATTTCAGAATATGATCACGC	R1	0.00822486449033022
seelig	consider missing	seelig_cm_zinb_phantom	ACCCGCGTTATTGGCGGCTTATAAGTCCCGCCCCCATTGGAGGAGATAAGGAAGTGATGCGGCAGCGCCTTTCCGGAAGACGAATGCGCTATCTCGAATAAGTGGCTAGCGATGAGGCTGATGACTCATTAGCGGTTGCGTTATC	R1	0.00846476387232542
seelig	consider missing	seelig_cm_zinb_phantom	CCGGAAGTACCAACTAAGCTTTAACCATTACGTAACCATGGCCGGAGATCGTTCAGAGGTCTAACGGAAAGTACAAGTCCGGGCATGTTTGTACATGACCTGCGCGGGAATGTTCAACGTTCCCGGGCACGTACAAAACACCCAC	R1	0.0082579106092453
seelig	consider missing	seelig_cm_zinb_phantom	TATCACTCACTATCCTCGAAGCACGACACTGACGTCGCTGTCGCTTATCATAAGTCGCATCCGCCCGCGAACGCGTCATAAGATAGCGCGCGCCTCGCGCCGCGACGCGTGGGTGGGGGTTTCTTATATGGGGGGACTAATTCTA	R1	0.009095659479498863
seelig	consider missing	seelig_cm_zinb_phantom	ATTGGGTCATGCCCAGGCACGTTGGAACAATGATGGTAGCCGGGGTTAATGCCGGGAGACAAGCCCGGGCAAGTTCAATGCCGGTCTACTTGGGGCATGCCGGCATGCCTGCAAAGGTACAAAGGTTGGCACAAACATTACGTAA	R1	0.007886534556746483
seelig	consider missing	seelig_cm_zinb_phantom	ACAAACAACCTTTGAACGCAGTCGGTATGTTTGGTCATGTCCGGTTTTGTCTTGCGGCAGTTAATGTTTACGTCCCGCGGGAACATGATCGTGACCTTTGGTCGGCATTACGTAACGGCAAAGGTAGCCACCGTGGTAATTTTGC	R1	0.009069819934666157
seelig	consider missing	seelig_cm_zinb_phantom	ATAACCAAGATGGCTGCTAGTGACTAATGGGCCAAGGTTCTGGGAGCATCTACAGTGTGGATATGCTGGACAAAGGGATGATTCACATCCCGGGCAGGAGTGAGCAGGATGACATGAGATTTCATCACACTACTCAGAACAGCAT	R1	0.00803713221102953
seelig	consider missing	seelig_cm_zinb_phantom	ACCATTGATTGTGTAAACATCAACTCAACTAATGACCGGAGGCATGGTGTGCACCGGACATGCCCGGGCAAGTTCGCTGGACATCAACTGACCGGAGGCATGGTGTGGAACAAAGGTTGAACCTTGGTGGCATGGAGTGGAACAA	R1	0.008245053701102734
seelig	consider missing	seelig_cm_zinb_phantom	TGCCCGACATAAATTGGGGAATGTTTAAACATTCCAAAGTTCATACCCGCTTTGTATCCGCCCGGATTGAAGGAATTAATTGCGGATTGGTCCCTGGGCCGCAGGGGACATGACTGTACATGCCCGGTGACGTGACCGGACTTGG	R1	0.008435510098934174
seelig	consider missing	seelig_cm_zinb_phantom	CGCCCCCTCGGCCCTTTGTTTAGGGGCCACAGTCCACTGTGGACATGTCTAGGCATGTCCGGTGCGTAATGCGTGGCTCAATGACTTTGTGTGCAGGTTACACTAGGTCAAAGATCAAAGGTGACCTTTGCACCTGGGAATTAAG	R1	0.008695503696799278
seelig	consider missing	seelig_cm_zinb_phantom	GAACCTAGATCAAACAAACAATGCATCGAATTTCGGTCGGCATGAAGTGCACCTGACATGCCCGGGCATGTCCCCCAGACTGAGTGTATGTACAGACCGGGCGACCCTGCTGGGCCTTTGTACTGAATGCGCACAGAGAGAAGAA	R1	0.00806616060435772
seelig	consider missing	seelig_cm_zinb_phantom	GTTCAATGATTATGGGAGGCAAGCCGGGGCACATGCCCGGGCAAGTGCAAAGGTTCAAACAAACATTACGTAATGGTCGACCGACTGACCTACGTAATGCTGAAGTTCAAACATTGTCTCCCGGTCGCCTTGGCTACCGGCCTAC	R1	0.008313038386404514
seelig	consider missing	seelig_cm_zinb_phantom	ACAGGGGGGACATGCCGGGGCACGTGACCGGAGTGGGACAAACATTGGTTGTGTACACAACAACTGACCGGAGGCATGGTGGCATGGAGTGCAGCTGTGCACCGGACATGCCCGGGCAAGTTCGGTCGACCTTTGAACCATGGTG	R1	0.008163225837051868
seelig	consider missing	seelig_cm_zinb_phantom	CTTCCTTATCGGATGTAAGATATCGTCACTCCCCGGAACCGTTTGTGAGTCACTTCCTTTCAGATAGGATGACTCATATCCTGGATGTGACTCTTCCTTATAGGCCGGAAGGGGGGGTTTCTCGCAGATACGCTTTCTTATAGGC	R1	0.008171859197318554
seelig	consider missing	seelig_cm_zinb_phantom	TCGGGGGCATGTTCGGACATGGACGGGATACGTAAGCTTGACACTGGACATTGGAGGATTCGTATTACGTAATGTCACCATTTCATGTCAAACGAACTTCCGGTGGTCAGATCACCGGCGGTAGTATACGTACAACGGAAAGTCG	R1	0.008926085196435452
seelig	consider missing	seelig_cm_zinb_phantom	GGCGTGCTGGCTTGACCGGGATCATTGTTTACAGGTCTACATTACGTAGTCAGACTTTGTTTGTTTTGTGCCGGCATGCCAGGGGTCATGTTCGGACATGTGACCGAGGTTTTGTTTTTGCTCATGCTGGCAAGTCGGCATTACA	R1	0.00892760418355465
seelig	consider missing	seelig_cm_zinb_phantom	ACAAAGGATGTATAGACCTGCGGACATGCCCGGGCATGTGACCAAAGATGAAAAGATCAAAGAATGAATAGGGAGGGGAGGAGGGGAATGTATAAACATGCCGGGGGACGTAGACATGTGACCGGAAGGGAGGAGAGCAGTGAAC	R1	0.008904028683900833
seelig	consider missing	seelig_cm_zinb_phantom	TTATGTAATGAACGGGAGAGAGGGAGAGCAAAGGTAAAAAAACAATTGCGGACATGCTCAGACATGTTCGGTATGAAAAGAAAAAGAGAAAGTAAGGGGGCATGTTTAAACATTATGTAATGGTCGAGCGAGCTGGGGTGCAAAG	R1	0.008507228456437588
seelig	consider missing	seelig_cm_zinb_phantom	GATCATGGCGCTCCAGGACTGGTAATTATTAACCTTCAGTCGATACCCCTGGCCCCACGGTAATTATTAACCCTGGTAATTATTAACCGAAGCTACCGACTCGAGGTAATTATTAACCCGTCATCAAAACCTATGAGGTTTACGC	R1	0.008652709424495697
seelig	consider missing	seelig_cm_zinb_phantom	AAACATTCCGGGGGGTAGACATGTCCGGGCATGTTTGCCGGCCGGCAGCAAAGTACAAACATTGCATAATGCCGGGGTTTGTACATGCCCGGGGGCAAACATGCCCGGGCATGTTCAAAGTTCGCAATGTTCAAAGGGACCTTTG	R1	0.008495909161865711
seelig	consider missing	seelig_cm_zinb_phantom	CGTCCCAACATGGCAACATTTGTGCACAGGTGAAAGTCTAACTTGGCACGTGAACTTTGACTGTAATGTTGACCCAAAGGACTTGCCCGGGCATGCAGTACTATCCCACAATTTATGTATGCAGGCATTCTACCGGCATCATGAC	R1	0.008531865663826466
seelig	consider missing	seelig_cm_zinb_phantom	GTGCACCGGACATGCCCGGGCAAGTTCGGTCGACCATTGATTGTGTAAACAGGGGGGACATGCCGGGGGAGTTTGGGTCAAACTTTGGTCCCCTACTCACCGGAGGCATGCCGGGGGACTTGACAGGAGTGGATCAAAGTTTGGA	R1	0.00851133931428194
seelig	consider missing	seelig_cm_zinb_phantom	CAACATGCCAGCGGACATGTCCGGGCATGCCTCACCATGTCGGCATGTCCGGTGAACCAACAAAGCATTGTTTGTACAAAGCTTGCCACCATTGAACTTTGGACATGCCCGGGCATGCCCAGACATGTCCGGTGAACTTTTGAAT	R1	0.008108597248792648
seelig	consider missing	seelig_cm_zinb_phantom	GGGGCATGTTTAAACATTATGTAATGAACTGGGGAGTGGGGGTGCAAAGGTTAAATAACAATTGCGGACATGTTTAGACATGTTCGGAATGGAGTTTGGACTTTCGGTCAAAGGTAAAAGAGAGAATGGGGGCATGTATAATGAT	R1	0.008839639835059643
seelig	consider missing	seelig_cm_zinb_phantom	AACAAGCCCGGGCATGTCCCCCGAGACATGACCGAACAGAGGGGGAAAGGTGCAAAGGTCACTGAACAAACAACAAACCCCAGAGGTCGACCGGTCGACATGCCCGGACATGTACAAACCCAGGCAAGGGTGCAGAGGTCACAGA	R1	0.008213032968342304
seelig	consider missing	seelig_cm_zinb_phantom	GCAGGGAGCAAACATGCCGGGGCATGCCGGGAGCAATGGACAAACATGACAAAAGGGCAATGTACAAACATGCCGGGGCATGTCCAAAGCACAAAGGGAGGAGGGGGACATGTCCGGGCATGCCCGGAGGGGAGAGAGGGGGAGG	R1	0.008343934081494808
seelig	consider missing	seelig_cm_zinb_phantom	TGTTTTGGGGGTTTGTGGCTTAGATGCTGGGATGAGAGAAGCCACCTAAATCCAAAGGAAGGAGTTTGCAGCGTGTTGCATCAGCCAGCCAGCAGACACCCAGCTGTCATTTGCATTCTCAGCAACAAAAGCCTTGGCCCCTCAT	R1	0.008419623598456383
seelig	consider missing	seelig_cm_zinb_phantom	ACCCGGAGGGCACCGGCAGTTTCCGGAAAACGCGGGTGTTACGCGGAAGTGGCACTGTGTCGCTTCCGAGATATCGTCATTCGTAAATGCAGGAAGTATAGTGACTTATAACTCTACCGGCGCGGGCGGCGCGACACCCGTAACT	R1	0.00895706657320261
seelig	consider missing	seelig_cm_zinb_phantom	TCGGTGTCCTTTTGTCCGGTGGTCAAACATGCCCGGGCATGTTCAAAGGTCTGAATGTTCAAAGGGACCTTTGGACATTCCGGAGGTTTGTTTTTTGGACATGTCCGGGCATGTTTGCTGCATTGGTGCAAAATTGCATTGGGCA	R1	0.008272403851151466
seelig	consider missing	seelig_cm_zinb_phantom	TAGGGAGACGTGAGACATCAATCAATACCTGTAAGATGTACATTGGTCTCGTCAGGGAAGGCGGGACATCTTGGGTGGGAGGGCGTCCAGGGCATTGGTGGATTCAAATATTTCACGATTGGTGATTGGTTGAAAGAGTTTATCT	R1	0.008322793059051037
seelig	consider missing	seelig_cm_zinb_phantom	GGCTCATCGTACCACTAGGCTGACATGCCCGGGCATGCGACGTAGGGGTGGTCGGGGCACTGCTTCGAAGTCGCTACATGCCCGGGCATGCTTGCGAAAGCCTGTTCTGTCCGAGATAATCCGCAACCGAATTCAGAGGGCGCCA	R1	0.008305298164486885
seelig	consider missing	seelig_cm_zinb_phantom	CCCTTTTTGTCGCTTCCTATGACTTATGAGTAAGCGCATTTCTCTTCCGACACTTACGGCGCCGCGCCGCCCCGATCGGCGGAATAAGTTATTAGCGTGATGCGATTTCTCGGAATCCGCAACCGGTGGTGAGTTAAGATATCGT	R1	0.008883588947355747
seelig	consider missing	seelig_cm_zinb_phantom	GAAGTGGACGTTTGTACTCTGGCCTGGACATGTCGACATGCCCAGACATGCCTGGATTATGCAACATTCAATGGTCGAGTGACTACCGGCGTACAAAACCCGGGGAAGTGACGGGGCAAGGTCCAATGCGCATTCCACCGGAAGT	R1	0.008460861630737782
seelig	consider missing	seelig_cm_zinb_phantom	ACTTGAGGGCGACGCATCGAGGAAGTGCGTCAGACTTCGCGGCTAGCGCGTCATATGCGAGATACGCCTTCTTAAGGAAGTATCACACCCGCATCGCGAAACAACTGGTCTTCGCGGATAGCGCGGCTCTTACTCGTTATCAGGA	R1	0.008348957635462284
seelig	consider missing	seelig_cm_zinb_phantom	TTGATTAGACAGACTCCCCCTTGACTGGAGGTCAGCCGGCCCAGCATGACCCCAGGAGAATAAACAAACACCAGAAGGAACAAAGGTTTGGTCTTTGTTCACAATGATTATGTAACCATTGAAACATGCCCGGACATGTCCGGTC	R1	0.008441471494734287
seelig	consider missing	seelig_cm_zinb_phantom	ATAAGATCCGACTGATTAGAAAAGATATCGTCATATCCTCATAAGACCCGCCCAATGAGTCACTTCCGGAAGATATCGCTTCCGGTTTCGCGGACCCGCGCCTTCCTCCGATGAGTCACTTCCGGTTCCGCGCCTTTTTAAGAGA	R1	0.008221718482673168
seelig	consider missing	seelig_cm_zinb_phantom	TTAATTTCCAATTACGTAACCTCGGTTGATTACTTTGTGACATGCCCAGGCATGTTGCTACGCCTGAGCTTGTTAGCAGCGGACATTCCCGGGCATGTCCAACGTTCAGCGCCCAGGCATGCCTGGGGCTGTATATTATGCTCAG	R1	0.00830886047333479
seelig	consider missing	seelig_cm_zinb_phantom	ATAGAGTGTCTGGCGTGGCGCGAAGGGTTTCTCCGGCTAGTGGATCCGGCTTATAGGAAGTTACTTCCGCGAAGCCTCATGAGATATCGCGTAACCCTCCGTTTGGCGGGCGGATATAACTCATCAGCGATGCCGAGAAGATACG	R1	0.008729376830160618
seelig	consider missing	seelig_cm_zinb_phantom	GCGCCGCGTATTGCGGGACGCCGCGCCCTATGATGAGATAACGCGTGGCTACTACTACGTAACGCTGACTCACCAATCAGAAAAAGGAAGCCATACGTCGTTTCCGTTTCACTGCGATATCGCCTAATAAGATGACGCGGAACCG	R1	0.008891965262591839
seelig	consider missing	seelig_cm_zinb_phantom	ACCTTGGTGTGCCGTGGCTAAGCCACACTCCACCCCTGACCTGCGGGGGATGAGTCAAACGGTCAGACTTGCCTGGGCTTGTTCCACGCTCCCCTGGCTAGACAGGCGTCTACACATTCTCAGTTAGGGGCTGGACAGGGGCAGC	R1	0.00889818649739027
seelig	consider missing	seelig_cm_zinb_phantom	ACAGGGAATGTATAGACATGCCGGGGGACGTAGACATGTGACCAAAAATGAAAGAGTGCAAAGATCAATGAATATATAAGGGGGGAGAGAGAGAGAGAGAGAGACCAGCGAACATGCCCGGGCATGTAACGGGGGGAGAGGAGAG	R1	0.009165546856820583
seelig	consider missing	seelig_cm_zinb_phantom	TTATCGTTAGTTAGCGGGTGGTTTCTTTTTTTCTTATAAGAAGATGAGGAAGCGGGAAGATGAGTTATCGGAAGGAAACGGGCGGTTACTCATAAGGATACGCTATATCTTGGAAGCGCGGAAGTGAGGTATCGCGTTATCGGGG	R1	0.008682575076818466
seelig	consider missing	seelig_cm_zinb_phantom	CATGTGATCCTGACCGCGAGGGGCTTGCCCGGACATGTCCATGATAGGTGGCCCTAGGAAGGCCGGAGGTGTACCTTAGATCACTGGACATGACGCAATGTTTGAACAAAGGGTCAAAGGGCCGGGAGTGAGCACAGAATCCCCT	R1	0.008686150424182415
seelig	consider missing	seelig_cm_zinb_phantom	ACCCGGATTAGAAATGGTGGGGAATGTAAATAGGGGACATGCCCCGGCATGCCCGCTACGTTTGAGCAATGGTCACTTAAGGTAACCTACCGACCGGATTTGTGTTGACCGCGGTAGACAGGACTTTGTTTGCCACCTTGTAAGG	R1	0.008681528270244598
seelig	consider missing	seelig_cm_zinb_phantom	TTTACTGCCCAGGTTACAGGATGAACATTGCAAAGGTGGACATGTACGGACATGCCCGGGTACATTACGTAACCGAAAGTCCAAAGACTCCGTTAGACTCCCGACTAAATGACTTTCGGCCGCAAAGGTTCCGGGGCAAACTCAC	R1	0.008667738176882267
seelig	consider missing	seelig_cm_zinb_phantom	GATAGGGGTGGATCTAACCCGGAACAGGATACAGTCTTCGCAACATAAGGGTGAGTCGCGCGCTGATGAGTCATCCGTCCTTATCTGCGTGTAAACACTCGGACGTACCTTATAGGCTGCGCCGATAAGATATAACTTTGATGTC	R1	0.00896852370351553
seelig	consider missing	seelig_cm_zinb_phantom	GAGAGAGATGTACAGACATGCCGGGGGACGTAGACATGTGACCAAAGATCAATGAATCAATGAGGGGGGAGAGAGAGAGAGAGGGGAATGTATAGACCTGCGGACATGCCCGGGCATGTGACCGGAAAGGGGGGAGAGAGAGAGA	R1	0.008544634096324444
seelig	consider missing	seelig_cm_zinb_phantom	TAGTGGACTTGGTACATAGACCATTTTACGTCACTACTGTCCGCTTGAGTTTAGCCAGTTTTGATAGGTCAATGGACATGTCCGGGCATGCCTTGAGGCCTTCAGGTCAACAGTCCGGTATAGTCCAGAGGACATTGATTGTTCC	R1	0.008619511500000954
seelig	consider missing	seelig_cm_zinb_phantom	CAACACTTTTCTTATCTTGCAAGCAAAAACGAACGATACCGTGTCTCACGCATCGGAACTGACGTATGGGAGGGCCCTTCCGGGATGGAGGTTCCGCGAATATGCAGAACGCGGATTGAGTCATCCTTAAGCTCTGGAAGTAATA	R1	0.008644161745905876
seelig	consider missing	seelig_cm_zinb_phantom	GGGGGTTTCTCGCAGATACGCTTTCTGGATGTAAGATATCGTCACTCCCCGATAGCGCTTGTGACTCACTTCCGGATTCGCTGGATGACTCATATCCTGGATGAGTCACTTCCAGGAAGTTACTCACCCTTCCTTTCCTATAGGC	R1	0.008227514103055
seelig	consider missing	seelig_cm_zinb_phantom	CAAGAAAGAAGGAAGGAAGGAAGGGCTTCCAGATAAGGAAATAACTTGAAAGAAATAAGGGCGGTGAGTCATAGGGAAGAGTTACGGTATATCTTGCGTGTCTGACTGGCGGTGAGTCATCGAAGGATAAGGAAGTGGGTGGAGA	R1	0.00855060201138258
seelig	consider missing	seelig_cm_zinb_phantom	AGCATAAGGCAGGCCAGATCTGAGTCAGAGGAAGCGTGAGTCACGCCATATCGCGGAGGGAGGAAGGATGAGGCGGCGCCTATCGCCAGATCAGGAAGCGCATCCGCGAAAGACGATGAGTCCGCATCCGCGAAAAACGGCGCCT	R1	0.008900903165340424
seelig	consider missing	seelig_cm_zinb_phantom	CATGCTGGCGAGAGTGGAAAAGTACATTGGATTTTTTTGTTTGTGTATTGAAAGTTCAAAGGTTGTATTATGCATGCTGGCATGCTGGGGAATGTACATTGGATTGTTTGTACATTGGATTGTTTGTTTAAACATTCTGGGGAAT	R1	0.009146710857748985
seelig	consider missing	seelig_cm_zinb_phantom	GTGCCACCAAGGAGCATGAGCGACCTTTGTACAAAGGTAGGTTTCACACTCTGGAGTGACAGAGAGCAGCAGAGGGGAACAAAGGCCAACGTTCATTGAACTTTGAACATTCCGGCATGTCTGGGCATGCCCGGACATGTCCCAG	R1	0.008752832189202309
seelig	consider missing	seelig_cm_zinb_phantom	GCTCCAGGCCGGCATGCCCAGACATGTCCGGTGGGGACTTTGACCCCAGCTAAGGGCAAAACTGCAGACATGCCGGGGCATGTCCCCAGCAGAATGGATCCATGCCGGGGGCCAAAGGTCACACTACATAACAGAGGAGGAGTTT	R1	0.008617731742560863
seelig	consider missing	seelig_cm_zinb_phantom	CAGACGTTTTGATCCCGGGAGCTTTGAACATGCCCGGTCATGTCTATAGATGACGTAATCATGTCCGAACATGCGCTCAAACGCCCGTAGTGACTAGGTAATGCGAAGGGGTCAATGCACACTGGACCACGCGCTGGCACCTTTG	R1	0.008550990372896194
seelig	consider missing	seelig_cm_zinb_phantom	GCATGCCCGGACTTCCGGTCAGGTTTGCCTCTTTGCCTCAGCTGACCTTTGTACAAACAGGGACATGTCCAGGCATGTCTGGACTTCCGGTGGGGATTGTCTAAGCTCGCCATTATACAAACAGGGGCATGTCTAGGCATGCCTG	R1	0.008473453111946583
seelig	consider missing	seelig_cm_zinb_phantom	TTCTATTCAAAGGGCCTTTAGTATAGCTCAGCATGCCATTCGGCTGAGTGCAGTGGACAATGAACTCTGCCTCTGTTCATGATCGTACAATCATTACCGGTATTCCAGCGGGCTTGGATCATGCCCAGGCATGCCCGTTATACGG	R1	0.008578908629715443
seelig	consider missing	seelig_cm_zinb_phantom	CTTTGTGCACCGGGCTTTGCACCGTGGGGGACATGCCCGGGCATGTACATTCCGCTTTGGTCACAGGCCGGCATGCCCAGGCATGTCTACCGGTTGGGGGTGACCGGTGGACATGCCCGGGCATGTCGGGGCAGGCATTCCGTGG	R1	0.00800331961363554
seelig	consider missing	seelig_cm_zinb_phantom	TGTCCTCACCCAAATTTCATCTTGAATTGTACTCCCATAATTCCCACGTGTTGTGGGAGGGACCCGGTGGGAGAGAATTGGATCACGGGGGCAGGTTTCCCCCATACTGTTCTCGTGGTGGTGAATAAGTCTCACGAGATCTGAC	R1	0.008796545676887035
seelig	consider missing	seelig_cm_zinb_phantom	CACGTCATCTTACGTCATCCGGACACTAATGGACTTTGTTTGAACTCTACATGTCCGACGACCGGTCTACATGTCCAAACGTCCAGGCATGTCCAGACATGTCTAGGCAAGTCTGACCGTTGCATGGTCGCCAGGTCAAACGCGA	R1	0.008701919578015804
seelig	consider missing	seelig_cm_zinb_phantom	GAGCCCAGGACATGTCTGAGCATGTTCACAGCGACCACCTTTGGACATTCCCAAAGGTCAACGGCATTACAAAGGCCTGTGTACTGTCAGGTAGGTTGGCATTGCCATCATGCCAGCGTGCGTGCAGACGTGGGTTGCCCGCGTG	R1	0.008520840667188168
seelig	consider missing	seelig_cm_zinb_phantom	GCTTCCGGATAAGGGGTAAGAGATAGGAAAGAGTTACGTTATATCTTGCGTGTCTTAGGAAAAGAAGGAAATAAGGAAGTGCTTCAAGATAAGGAAGTGACTTTATATCTTGCGTGTCTGACTGGCGGTGAGTCATCGAAGTGTG	R1	0.00835819635540247
seelig	consider missing	seelig_cm_zinb_phantom	TCCGCGTATCTCCGCGGAAGGATGAGTCAGCCCCCCCGCGGAAGGATGAGTCAGCGGAAGTAAGAAGATAAGGAAGGATGAGTCAGCCCGCGCGGATCCGGATGAGTCACCCCCCGCGGATCCGGATACGGCGATATCTGCGGGA	R1	0.0083748959004879
seelig	consider missing	seelig_cm_zinb_phantom	CAAGTTACAAGCCCGGAGAGGTTAATGGACTTTGGCCTGTGGTGACTCAACAAGGGTTAACTTTGTGGCGGGCTTTGGGTGGACATGCCGGGGCAAAAACACACAGGTCTCAGTTCACTGAATGCATTACCGGACAAAAAACCCT	R1	0.009123723953962326
seelig	consider missing	seelig_cm_zinb_phantom	CGTGGATGAGATATCTTATTGGCGGAGGGGCGAGATATCGCGCGGATGCGATAAGGTTTTTAGGAAGTTTCTTATTGGCTGGGTGTGGGTTTCTCTGAGTTGCGCGATATCTCGCGGATGCGATAAGTTACTTGCTGGTTGGCTG	R1	0.008833199739456177
seelig	consider missing	seelig_cm_zinb_phantom	ACCGGAAGTCCGGACATGCCCAGGCATGTCCGCTAGGTTATTGATTGTTCGCACTTGTCTTTGCGTCACCATTATGCAACCAAAGATCGCAGTTCGCATAGCCCGTCGGAAGTTCCGCCGCTAACATGGGCGGCTTCTGGTGTCC	R1	0.008825734257698059
seelig	consider missing	seelig_cm_zinb_phantom	TTGCTTTTGTACAAAACTAACGGAGGAATGTACCTGGGACATGTCTGGACATGCCCCCTGGCTGACCGGTAGTGTTTAGACTTTCCGGGCATGACCCCCGGTAGACAAAGTTCGTACAGCAAGCCGGCCGACGAAAGCACTGTGC	R1	0.008868223987519741
seelig	consider missing	seelig_cm_zinb_phantom	GCGGATACAGCCGGAACCTGGCTATAGTGCCACGGAACTACAGCTCACTCACCATCTTGGGCGGCGGGAGGAGAGAGAAAGGAAAGGGAATTGTGGGTAATATGTATGCGGCCTCGGAGATCGCGAGAGTTGATACCGGCACGGG	R1	0.009525017812848091
seelig	consider missing	seelig_cm_zinb_phantom	AGACAGCCACTATGATATTGAGTCAGTTGTTTGATAACTGAGCAGGCTACTAAGTGATGGGCGGTAGCGTAGACAGTGTGGATCTGCTAGATAAAGAGGTGATTCACATCCTGGGTGGGATGGTGCAGGATTTCATCACGCTACT	R1	0.008458222262561321
seelig	consider missing	seelig_cm_zinb_phantom	GGAGAATGACCAAGAGTGCAAAGATCAATGAATGTATAAACATGCCCGGGCATGTGACCGGGAGAGAGGAGACCAGCGAACATGCCCGGGCATGTGACCGGAGGCCTGCGGACATGCCGGTGCAAAGATCAAAGAGGGGAGAGAG	R1	0.008874290622770786
seelig	consider missing	seelig_cm_zinb_phantom	CACAAACAAACAATGGCCAGGCATTGTACAATGCATGCCTGCAATGAACTTTTGAATGTTTGAACTTTGGACATGTCCGGGCTTGCCAGCAAGCCCAAACATGTCAGGGGACATGCCGGGGCCAAAGCCGGCAGGTTGAACAAGG	R1	0.008860054425895214
seelig	consider missing	seelig_cm_zinb_phantom	TGGGCAAAGGCCAAACAACTTCGGACGGGTTTGTTTTGGACATGTCTACATGTCTAATGGTCGACGTTCGACAATGGACCAAAGCGGTCAACCACTGTAATGGGCATGTTACAGACATGTCCAGGCATGTTACGTAACCATTGTC	R1	0.00849397387355566
seelig	consider missing	seelig_cm_zinb_phantom	CTTCCTTATAGGATGTAAGTCACGCGTTTTCGCTGGATGACTCATATCCTGGATGCGGGTCTTCCAGGAAGTGACTCTTCCTTATTTTCCTATAGGCCGGAACCGTGTGTGAGTCACTTCCAGGAAGTAAGTCACGCTGTGTCGG	R1	0.008669882081449032
seelig	consider missing	seelig_cm_zinb_phantom	TGTTTATGCATGCGGGCATGCTGGGGAAAGTACATTGGATTGTTTGTACTTTGGATTGTTTGTTCAAACATTCTGGGGAATGTTTGTTCAGGCTGGCATGCTGGGGAGTGTGGATTTTTATTGTGTAATGTTTGTACAAAGGTTG	R1	0.009200060740113258
seelig	consider missing	seelig_cm_zinb_phantom	AAGAAAGCGATAACTCTTCCAAGAAAGCGCCGCCCACTTCCTTCCCGATTTCGCGGAAGTCACACCCACTTCCTTATCTGTTTCGCGGAAGCCCCGCCCATTGGCCGATATAAGGAAAGCGATGACTCATCCGCCCGATGACTCA	R1	0.008640885353088379
seelig	consider missing	seelig_cm_zinb_phantom	GTGCACCGGACATGCCCGGGCAAGTCCGCTGGGCAGGGGAGTGGAACAAACATTGATTGTGTAAACATGACCTGACAGGAGTGGAACAAAATCAACTCAACTAATGACCGGAGGCATGCCGGGGGGGTTTGTGTAAAAATCAACT	R1	0.009206542745232582
seelig	consider missing	seelig_cm_zinb_phantom	GAGAGAGACCAGCGAACATGCCCGGGCATGTGACCGGAAATGTATAGGCCTGCGGACATGCCCGGGCATGTAGAGAGGTGACCAAGAGTGCAAAGGTGCAAAGATCAATGAATGTATAGAGAGAGGGAGAGGGGGAGAGAGAGAG	R1	0.008916156366467476
seelig	consider missing	seelig_cm_zinb_phantom	GCATGCCCGGACTTCCGGTCAGGTTTGCCTCAGCTAGCCATTATACAAACAGGGACATGTGGACATGCCCAGGCATGTCTGGACTTCAGCTGACTTTGGTTCAAACTGGGTCATGTCTAGGCATGTCAGGTGACCTTTGTACAAA	R1	0.008684196509420872
seelig	consider missing	seelig_cm_zinb_phantom	GGGGACATGCCCGGGCATGTCCGTTTTGGTGTGCTGGGTCATGTACATGTCCGGGCATGCCTCTGGACCTTTGGTGACATGCCCGGGCATGTCCCCATGTTTGTTCATTCATTCCGGGGGCCCGGGACATGTACATTCCGGTGGA	R1	0.008396667428314686
seelig	consider missing	seelig_cm_zinb_phantom	GCGCTATCTTATCGCGCGTCTTATAAGTTAGTAAGGAAGTGCCTCTTCCTAGAAATAAGTTAGCGCCGCTTCCGCGAAAGGCTCCGCGGTTTCGCGGATCCGCGAATCCGATAAGTCTTTCGCGGAAGACGCTTTCTTATAAGCC	R1	0.008962287567555904
seelig	consider missing	seelig_cm_zinb_phantom	GTGCACCGGACATGCCCGGGCAAGTTCGGTCGACCTTGGGACCATGGTTTGGGTAAAAATCAACTCAACGAATGACCGGAGGCATGGAGTGCTGGAGTGCACCGGGCATGCCACCATTGTTTGTGTAAACATGACCTGACAGGAG	R1	0.008610466495156288
seelig	consider missing	seelig_cm_zinb_phantom	AAGGGAGACCAGCGGACATGCCCGGGCATGTAGAGAGGTGACCGGAAAGGGAGAGAGAGAGAGACATGCCCGGGCATGTGACCAAAGGTGCAAAGATCAAAGAATGGATAAGTGGGGAGAGAGACCGGGGAGTGAACATGCCCGG	R1	0.008874320425093174
seelig	consider missing	seelig_cm_zinb_phantom	GCAAAGAGGGAATGTACAAACATGCCGGGAGGTGGACATGTCCGGGCATGTCCAAAGCACAAAGCCGGGAGAGCAATGGACAAACATGCCGGGAGAACAGCAGAGCAAAGAGGGGACATGCCGGGGCATGTCCACAGGGGGGGAG	R1	0.00844543520361185
seelig	consider missing	seelig_cm_zinb_phantom	CCAACAGCCTATGCACGTCCGGTCGCCTTACGTACCTGGATTGTGTACACTTGGGCTTGTGTACAAAGGTCCCAGAGCAAGCCCGGGCATGTCCATAGTTTGAACCTGGACTTTTACCCACTGAATTCAGACCGTAGTGTCCAGG	R1	0.008922694250941277
seelig	consider missing	seelig_cm_zinb_phantom	CGATATCGCGCGGATGCGATAAGTCGATAAGGGGGTGGGTGTGGGTGGGGCTTTAGGAGGATGGGGCTTAAGAAGTTTCTTATTGGCTGGGTGGGTCAGTCGCGCGATATCTTGCGGATGAGATAGCGTTTTTAAGAAGTTGCTT	R1	0.008918744511902332
seelig	consider missing	seelig_cm_zinb_phantom	ACAGGACTTGACAGGAGTGCACCGGACATGCCCGGGCAAGTCCGGTCGACCATGGTTTGTGTAAAAATCAAGTCAACTACTGACCGGAGGCATGGAGTGGAACAAAGGTTGAACCTTTGCACCATGCCGGGAGAGTGTGGAACAA	R1	0.009077008813619614
seelig	consider missing	seelig_cm_zinb_phantom	GCTCAGCATTACCTCAGCTGACCTTTGTACAAAGGTTCAAACTCCGCCATGTGGACATGCCCAGGCATGTCAGCAGGGGATTGTCTAAACAAGCCCGGAATTCCGGTGGGGATTGCCTCAGCTGACCTTTGGACTTTGGTTCAAA	R1	0.009136898443102837
seelig	consider missing	seelig_cm_zinb_phantom	CCGCGAGTTTTCACATTATGTAATGTTTATACATTATATTTTTCCGGTCCAACGTACAAACATTGAACGGTGGTTTTACACTAGCGGACTTGCCTGGGCATGTCCGGGCATGCTCACGGGAACCTGAACTTTTGACCGTAAACGT	R1	0.008842960931360722
seelig	consider missing	seelig_cm_zinb_phantom	GCGAAACCGCCGCCGGTGATTGACCGTACATGTCTACAGTGCACGTTGACCTAATGGCGTGGATTTTGTACAAAGGTCGACGACCAAAGTCCAACGCTGAGACATGTCCAGACATGCCCAACAAACATAGCGTCGCCGGAAGTAC	R1	0.008585010655224323
seelig	consider missing	seelig_cm_zinb_phantom	GCCGATTGGGGGGGGCCGTTATCGCTTCGCCGATGTAGCTCTTCCGCGGGGGGGGCGGCTTCCGAGTTATCTTCCGATTGGGCGCGTCGCGGATGTCGCCGCCCGCCGATTGCGTCATCTTCCGATTGGGGGATGCGGCTTCCTT	R1	0.009124857373535633
seelig	consider missing	seelig_cm_zinb_phantom	AAGAAGATAAGGAAGTGCTTCCGGATAGGCGGATAAGTTGTGAGTTATAGGAAAGAGTTGCGTTATATCTTGCGTGTCTTACTGAAGGAAGGAAGGGCTTCCAGATAAGGGAAAGGGCGGTGAGTCATAGAAGGAAAAGGAAGGG	R1	0.008751189336180687
seelig	consider missing	seelig_cm_zinb_phantom	CAAGGGATCAAGCTGACCGGTTGTGCACCGGACATGCCTGGGCATGTTTGGAGCTTCGGTCATGTGGCCTGCGGTACGCATGCCCGACCCACTACAGTGCGGAGGTTCGGACAACGAACGCAATGGGCCAAAGGGAATGCTGTCA	R1	0.008655025623738766
seelig	consider missing	seelig_cm_zinb_phantom	GGGGAGAGTGGAGAGCAGGAGACATGCCTGGGCATGCCCCCAGGAGCCCCTGAGAGCAGGGCGGCATGCCGGCCGGAGTGCAGAGGTGAACGAAGGTCGCAGTGAACAAAGGCCCCAGAGCATGCCCCGGCATGTCCACCGGGAG	R1	0.00894918106496334
seelig	consider missing	seelig_cm_zinb_phantom	CAGGGGACATGCCGGGGCATGCCAACCAGCTTTGTTTCTTTGTTTGAACTTTGGACATGTCCGGGCATGCCCAGGCATGTCCGGTGCACCCACCTTTGAATGTTTGTACAAACTTTGCCCCAGGGGACATGCCCGGGCATGCCGT	R1	0.008311060257256031
seelig	consider missing	seelig_cm_zinb_phantom	AGCCAGATGATGAATATTCACTGAATTCCTGCTGCATTAGTCAGAGTCCCCTAAGGAGACAGATGGCAAACTCAGATTAGGAAAAGGGTTATGACAAGCAGAATGTTTTCCTGGGTGGAGTCGGGGCATGTGAGAGAACCACAGG	R1	0.008897438645362854
seelig	consider missing	seelig_cm_zinb_phantom	ACAAGGAAGGCCATACTCCTGCAGCAAAAGTAAATTATTAAACTCCAGCGTGTTAGCAGTGTCCCTTCCCTCTGAAGCAAGAACAAAAGGAGTGACATGCCTCTGCATGTCAAGAAGCAAGGCTCTGTCAGGCGGAAATGGAATG	R1	0.009215371683239937
seelig	consider missing	seelig_cm_zinb_phantom	AAGAGAAGGGAAGATGAGTCAGCGGAAGCGCGCCTATATCCGCAGATAACGCGAAGGAAGCGTATCCGCGGGAGGAACGGAAGATAAGAAACCGCCCCCACCGATCCGCGGATCCGCGAGGAAGGATGAGTCACCGGAAGCGGCA	R1	0.008578860200941563
seelig	consider missing	seelig_cm_zinb_phantom	GGCGGAGGGCGCGACTTCGCGATAGGACGCGCGATTTAATTACTTTTATTCCCGATATAGCGTTTCTCCTGCTCCGACAGCGTTTATGACTCATCAGCACTGTGCGCATATATCGGTTCCGGGAAAAAGAGGATGAGTCACGCGC	R1	0.00834562350064516
seelig	consider missing	seelig_cm_zinb_phantom	GTCAAACCTGCGGAATGTTCAAGCTGGGTAATGTTTGGTCTTTGGACCAAAGTCCTTTGCCCGGACATGTCAAACACCCGCCCGGAGCAAAGTCCTTTGTACACTGCCGGGCTTGCCCGGGCATGTTCAAAGGTCAAACACCGGA	R1	0.009087850339710712
seelig	consider missing	seelig_cm_zinb_phantom	CGAGCTTGCAGCGCCCATAAAGCTTGCCCGGGCATGTCCCCCCTGCTGTCAAACCCCGGGAGCAAAGAACAAACATCCGGTCCGTAGATGACTGGACAAGTCCGGTGGACATTACGTAACAGGGATTGCTCATTGGTTGACTAAA	R1	0.009124835021793842
seelig	consider missing	seelig_cm_zinb_phantom	GGGCGATGACTCATAAGTAGGCGCTTCCTGAGTCTACGAGAAATAGGAAGCGAACTCCGTGTAACGGGATGACGCATCGGCGCTTGAGGATTCGTTAGAAGAAAGATGCGTCCTCGATATAAGGCGCGCGCCTATTGCGAAAAAG	R1	0.008974446915090084
seelig	consider missing	seelig_cm_zinb_phantom	AGTTCCTATAACTGATTGGGAAGATCGATAAGCCTTCGCGGAAGCGTAAGCGCGTATTTCGCTGGGCCTTATGAGATAACGTCATCCGTGTATTGAGTAACGAGAAGTGTGCGGCGTATCGTATCTTAAGAACGCGATACTTCCA	R1	0.008841916918754578
seelig	consider missing	seelig_cm_zinb_phantom	CCCGGCATGTTTGTGCAAACATTCCGTCATGCCCGGGCATGTCCCTTTGGACATGTCCCGGCATGTTGGGACAAACATTGCATAGGTTTGACCTTTGTACATGCTCCGGAATGTTTACCGGTCTCTTTGTTCATTCCTGTTGGCA	R1	0.009143665432929993
seelig	consider missing	seelig_cm_zinb_phantom	CCGACCTATACGTCGCAGACTGATGTCTTCCTCCACTTCCTTATAGTTCCGCCATTTAGATGAGTCATAGTTGCGCGATATCGCGGAAGTCATGCTTATTTCTCAGATAGAAACAGTTGGCGCGGTTTCGCGGAAAGCGCGGCCC	R1	0.009192078374326229
seelig	consider missing	seelig_cm_zinb_phantom	GAAGGAAGTTCCTTATCACAAAGTAACTGATTCGTCGATAAGCGACGATCAGTAAGCGTCACCAATGCGTCATCCGCTTACGACGAATTCTTTCTTTTTATGACTCATAAAATCCCATATATCCTATGCGTCGCTTTATCGGTGA	R1	0.009097580797970295
seelig	consider missing	seelig_cm_zinb_phantom	GGACCTACATCATCAGCGACTCCGAGACGCGTAATAAGAACATGTCGTCTGCTCTTATAAGAACTGCCGCTTACTAAGCGTGACTCATAGAGATAACGCGTGTCCTTATGAGTCAGATACATGGGTGGCGCTTCCGCGAATAGAA	R1	0.00889499019831419
seelig	consider missing	seelig_cm_zinb_phantom	GTTGAGTATGAGTCACCGGGCCATGCCGTGGAGAGAGGAGCAGTAGGGAAAGGAGGTTCCTTGGTGAGGTCAGTGGACCATAAAGTGATATGTTTATCACCACGGCTCAGACTGCACTGAGCAAGCTTCATCCCCCACTTCCCAG	R1	0.008810393512248993
seelig	consider missing	seelig_cm_zinb_phantom	GACATTGGCCGTCAATGATCACTAATGTACGCATCGGTCGACTATGTCCACTGTGGACTTTGGTCGTCGGTCGACATGTCCAGACATGCGTCGGTGACCTTTGTTCGTTGGTGGTCCGGTGAACATTGGACCATTGGACTTTGGA	R1	0.008817428722977638
seelig	consider missing	seelig_cm_zinb_phantom	TCCCAGTGACCGAAGGTCGAGGGCAGCGGGCAGGGGAGGGGGGAGAGCAGGAGACATGCCTGGGCATGCCCCCAGGAGAGCATGGCGGAATGCCGGCCGGAGAGCAGGGGTGAACAAAGGCCGCAGAGCATGCCCCGGCATGTCC	R1	0.009026155807077885
seelig	consider missing	seelig_cm_zinb_phantom	ACAAAGGATGTATAGACCTGCGGACATGCCCGGGCATGTGACCGGAAGGGGGGAGAGAGAGAGAGGGGTAAACATGCCGGCATGCCTGGACATGTGACCAAAGGTGCAAAGATCAATGAATGTATAAGGAGGGGGAGAGGGAGAG	R1	0.009334908798336983
seelig	consider missing	seelig_cm_zinb_phantom	GTTTAAAGGAAGTGATGGGAAACCAGGGGGCCCAGTCTGCTAGGCGGGAGAGATGCCTTTAAGTTCTTATCTCTGGCCACCAGCTTGAGCCATTTGGGCGTGGTGTTTCACTTCTAATTCCCAGGCAACAACCTTTACTGTGTTG	R1	0.008784567005932331
seelig	consider missing	seelig_cm_zinb_phantom	TGCAAAGATCAATGAATGTATAGAGAGAGAGAGAGAGAGAGCAGCGAACATGCCCGGGCATGTGACCAAAGATCAAAGAATGTATAGACATGCCGGGGGACGTAGACATGTGACCGGAAGGGAGGGAGGGAGAGAGAGAGAGAGA	R1	0.009228315204381943
seelig	consider missing	seelig_cm_zinb_phantom	CTGGGTCTCTTGGTGATATAATTAGCTGTTTTCTTCCAGTGGTGAGTGGGTGGCTCACTCTTCTGGCACCCTGCAAGGCCGCATGATGATGCAACAATGCAACAAAAGACAAGCCCGGGCAAGGCCAGCGGGAGCTCTGCCGGCC	R1	0.009348765015602112
seelig	consider missing	seelig_cm_zinb_phantom	CCCTCGCCCCGCCCACTTTGGGTTTCGAAATGTTCGCTGGCTGTTCCGAGAATCAGTCCGGGTCACGTTGGTGCCTCTCCTTTCCTGTTCTGATTGGTTGCTTACGTGAGCGTGACTACTTTCTTGCCTCATGATTGGCTGAAAT	R1	0.008832844905555248
seelig	consider missing	seelig_cm_zinb_phantom	CATGCCGCCCTGAGAGCATGCCCCGGCATGTCCACAGCGGAATGCCGGCCGGAGAGCAGGGGTGAACAAAGGCCGCAGTCCGCAGGCAGGGGAAGGTCGCAGTGAACAAAGGCCGCAGTCAGCAGACATGCCTGGGCATGCCCCC	R1	0.009041590616106987
seelig	consider missing	seelig_cm_zinb_phantom	TGTGCAAAGGTCACTGGACATGACCGGACATGTACAAAACCGGGCAAGACCCGGTGAACATGCCCGGGCATGTCACACAGAACATGCCCGGGCATGTGTGCAAAGGTCACAGACCAAACAAAGGCCACTACCGAGAGGGGGGTGA	R1	0.00878837052732706
seelig	consider missing	seelig_cm_zinb_phantom	TACTCTCAGGTAGTTTTGCCATGACGGAACAGTGCAAACGTGACCGACCTACCAGCCGGGGAATGTTCGAAATTCCCAACATGCCCGGGCATGTTCTTAGAGTTTGACTGTACAATGGTCATTCTCAGTCTTTCTTTTTGCACCG	R1	0.008985386230051517
seelig	consider missing	seelig_cm_zinb_phantom	AGATAACCTATTTCTCGGAAGCGGTATCTAGGCGTTCGAGATAGCGGGTCATGGGGATTGGGTGGGGAAGATATCTCGCGAATGGCGGGTGACTTCCTCGAAGCGCGCGCCTCCCTCGAAGATAGCGTCTTAAAAAAGTGGTCTG	R1	0.008784138597548008
seelig	consider missing	seelig_cm_zinb_phantom	GAGTATCTTATTGGCTGGGTGTGGGGCTTAAGAAGTTTCTTATTGGCTGAGTTGCGCGATATCTCGCGGATGCGATAAGTTACTTACTGGTTGGCTGGGGGTGGGGCTTTAGGAGGATGGGTCTTAAGAAGTTGCTTATTGGCTG	R1	0.008876371197402477
seelig	consider missing	seelig_cm_zinb_phantom	GAACGATACGCGTTTCTTGGAAAAGAAATAAGGAAGCGCCGTTATAACTTAAGGAAGTTATGAGATAGGGCGGGTCCACGGGGACACGGAAGCGCGGACCCATGGGTGGGTCCGCGAATGGTAGCATAGATATGACTTAAGGAAG	R1	0.009339296258985996
seelig	consider missing	seelig_cm_zinb_phantom	GACCGGGAGACATGACCAACCCACCGGGAATGTCCCCAGAGACCTGACACAGACCACAGGCATGAACATGCCCGGGCATGTCCCCAGAGACATGCCCGGACATGGGTGCAAAGGTGCAAAGGTCACTGGACATGCCCGGGCATGT	R1	0.00864425115287304
seelig	consider missing	seelig_cm_zinb_phantom	TGAGGCAGGGGAATCATTGAACCCAAGGTGCAAAGGTTGCAGTGAGTTGAGATCACGCCACTTCACCCCAGCTAATCAGGAGGCTAAAGCAGAATGGCATGAAGCCGGGAGGTGGAGCTTGCAGTGAGCTGAGATCATGCCACTG	R1	0.008884681388735771
seelig	consider missing	seelig_cm_zinb_phantom	CAAAGGACAAACATTCCGTAGTGTTTGGTCATGTTCCCCGTTCGTGGGCAGTGGGCAAACATGCCCGGGCATGTTCACCCGCCGGCATGTTTGTTTGGACATGCCCCGGAATGTCCAAAGGGACATGCCCGGGCATGTTTGCACA	R1	0.00873113889247179
seelig	consider missing	seelig_cm_zinb_phantom	TTCAGCACAGCGTGTGACATGCCCGGGCATGGCGCGAGGAGACATGCCCGGGCATGCACAGGGCGAACATGCCCGGGCATGCAGGGACATGCCCGGGCATGCACATGCCCGGGCATGGATGGAGGACATGCCCGGGCATGATGTA	R1	0.008501168340444565
seelig	consider missing	seelig_cm_zinb_phantom	TCTTATATGACTCATATGACCCACGCCGTTTCCGGGAAGTGACGCGCCGCTTATTGGGTGACTCATCATCATGACGCGCCGCAAGATCGGCGCGCCCACATCCGGAATAAGCAGTTAATAGCCAATCGGCCGGATGCGTCGCTCG	R1	0.0092510050162673
seelig	consider missing	seelig_cm_zinb_phantom	GGGCAGTGGTGGTGACCGGGAGGTTTGCCGGCATTCCGGTTTGCCTTTGGTCCTTTGGACAGGGGCATGTTTGTTGGGACATGCCCGGGCATGTCTACCGACATTCCGTGACCTTTGTACATTCCCATTCCGTGACAGGGGTGCA	R1	0.009000267833471298
seelig	consider missing	seelig_cm_zinb_phantom	TTGAGTGCTCACGAAGCGGTTAACCTATCGTGAAGTGGTGATCACTATTGCAGTTGGTAGTTACAAATGGAAAAGAATGCGGCGATGGTCACATGTCGAGATTGCATAATATCCTTTCGTGACGCACAGGCCGGGTCAATATTGG	R1	0.009141501039266586
seelig	consider missing	seelig_cm_zinb_phantom	CACTCCACCCCTGACCTGCGGGGGATGAGTCAAACGGTCAGACTTGCCTGGGCTTGTTCCACGCTCCCCTGGCTAGACAGGCGTCTACACATTCTCAGTTAGGGGCTGGACAGGGGCAGCTGCTAGACAGGTCCTATTCTGGGCC	R1	0.009153650142252445
seelig	consider missing	seelig_cm_zinb_phantom	TAGAAAAGATATCGCTTCCGGAAGATAAGACCCGCGCCTTCCTGCGAGATATCATCCGACTGATGAGTCACTTCCGGAAGATATCGTCATAAGACCCGCCCAATGAGTCACTTCCGCTTTCGCGGATCCGCGCCTTCCTGCGAGA	R1	0.009147679433226585
seelig	consider missing	seelig_cm_zinb_phantom	TGGACGTTAGTCTAAAGGTCCAAGGTTTGAACACGTAGGCTCCGGGCATGCCCGGACATGTCCACTGCGGCCCAGTGGAGTCGCCCGGGCTCCGGCTGTATAATGTTTAGGTGCAGTAGACAAGCCCCCGGCCGTGTGGAGTCAT	R1	0.009008527733385563
seelig	consider missing	seelig_cm_zinb_phantom	CTGCGTCCAGGGGGCAGAGTGTGATGACATCACCCACATGCACAGGAACGATAAGGCTTTCTTAAAAAACGATCTTTTCTCAACAGCTCCTCAAAAGGAGCTGAGGCAATGCATAGCCCTGCAGGAAGAGACTGGAAATGGTCTT	R1	0.00887075625360012
seelig	consider missing	seelig_cm_zinb_phantom	CTCATCAGTGCCTAGCCACTGGTCACTAGCATGTTTTCATTTTTCTCCAGCTCCCTCCACCCTTCATGAACGGGGGCTGGAAAATGTGGTCTGCTCTGATAAGGATTTGCGTCAGGCTACTGGCTACTCAGCAGCCGAGAAGAGC	R1	0.00846071820706129
seelig	consider missing	seelig_cm_zinb_phantom	TTTGCTTACTGTGCAGTCGACGCAGGGCATGCCCGGACATGTCCAGTGGGCTCACTCTAAGGGAACATTCCGGGGCAAAGTCCGTTGTACAATGCTGTGACAATCACGTGGCCCGCTGTACAGTAGTAACCATCGACTGTGGCTC	R1	0.008624373935163021
seelig	consider missing	seelig_cm_zinb_phantom	GAGGTAAGGATGAGGACGCGGTTTCTTGGAAACGCGGAAGGAGACGCGTTATCTTTCTTATGAGGAATCGCTTTATCGTGGAAGCGGGAAGGGAGGGGCGGTTTCTTTTGCGGATAAGCGATTTCTTTCTTATGAGTTATCGGAC	R1	0.009310637600719929
seelig	consider missing	seelig_cm_zinb_phantom	CCAGGAGCAAAGGTCAAATGGACTTTTACATTCCGGAGTTGCCAAAGCGACCTGGCATGTTTATGTAACGACATGCCTGGGCTTGTTTAGTCATGTCACCTCTGCACCAAAGTCCGGAGGTAGATAAATGCATTAGTAAATAGGT	R1	0.008988999761641026
seelig	consider missing	seelig_cm_zinb_phantom	CCTATAGCGCGGATGAGTCACTTCCTTATAGGCCGGAACCGGGTGTGAGTCACTTCCTTTAAGATACGCTTCCAGGAAGTAACTCACGCTTCCTCGCTGGATGACTCATAGGCTGGATGAGGCGCTTCCAGGAAGTTACTCACCC	R1	0.00855956505984068
seelig	consider missing	seelig_cm_zinb_phantom	AACGGGGGCGCGGGGGCTGGAGTTGGCAGAGCTCTGCATGTCCCGGCATGTCTGAGCAGGAGGAATTCCGGGCGGCCAAAGGGTTTTATGTAGATTGCTTTTGGACACTCGCCCAGGAGTCAGGAGTTGATTTTTATCTCACTTC	R1	0.009074998088181019
seelig	consider missing	seelig_cm_zinb_phantom	GCGTAGGATTTCCTGATTGGGCGGATCCGCCAACCGCAGATGACTCATTACCACATCTTTACTTCCGAGGAAGGAGCCGCGCCTCTTGGAAGAAGACGCCCACCGTGGCCGTTTTCGCGATATAACTTATTTCTTAGATTGGGTT	R1	0.009171463549137115
seelig	consider missing	seelig_cm_zinb_phantom	GATATATTTATATCTCTCGAGCTGCGTCATCTGCTGACTCATGCGTCTTAAAAAACTTTTCTAGGAAGACACTTCCCTTACTATGACTTATAAGATGCGTCTTCTTTTACTTATTGGTAAGGAACTATTGGGAGATGCGTCATCG	R1	0.009114868007600307
seelig	consider missing	seelig_cm_zinb_phantom	ACAAACAAGGGAGCAAGGGGGAACAAACACACAAACAACCGGAATGTGACCAGAGCGGTAGAACAAACACACAAACAAAGCAAGGACAGGACGGCATGCCCGGGCATGCCCCCCGGCAGGCATGCCGGCCGGCAGGACAAGACCG	R1	0.009044770151376724
seelig	consider missing	seelig_cm_zinb_phantom	GGTGCATAAGCTCGCGACATTAATCACTACTTTACACAACCGGCGGAGATTCAATGTTTGCCCGACCATGCAGCCGGAATACTTCCGAGCCAAATTCCTGCGGACATGCCCGGGCATGTCCGGTGATGTAATTAGGTTATACCGC	R1	0.009023536927998066
seelig	consider missing	seelig_cm_zinb_phantom	ACAAAAGAGCAATGGACAAACAAGCCGAAAGGGGAATGTACAAACATGCCGGGAGGGGACCAAAGCAAAAAAAAAAAAAAAAAAAGAGGGAGAGAGCAAACATGCCGGGGCATGTCCACAGGGACATGTCCGGGCATGCCGGGAG	R1	0.008910798467695713
seelig	consider missing	seelig_cm_zinb_phantom	ATGAATGCGACCTTTGTACAAAGGTCGCGGGCAGGGGGATTGCGGCGGACATGCCCCGGCATGTCGGACAGTTCACTTTGATCAAAGCCACCTTTGTGTGCCGGCATTGGACTACGGTCAAAGCATTCCGGCAGAACCACTACGT	R1	0.009266367182135582
seelig	consider missing	seelig_cm_zinb_phantom	AATAGTTGCTCTGAGCCAGGTTATGAGCCTTCCCATGTTATGGCTACATAGCTGTGATTATGTAATAAGTGGAGTTACGCTCCTGCGCTCCAAACTCGCTGAGTCACACAGGATGTTTACCTTGGCCTATGCCTGCCTGGCTGCA	R1	0.009372633881866932
seelig	consider missing	seelig_cm_zinb_phantom	ATCGAACTCTTTAATGACTCAGCACATGACTCAGCATAAGATGACTCAGCAGGGGCGGTGCCCGGCATTACGTGCTGGAGGCCATGACTCAGCAGGTGGCGAGTTATGACTCAGCAGATGGGCCAATGACTCAGCATTTCCCAGA	R1	0.008207499049603939
seelig	consider missing	seelig_cm_zinb_phantom	AAGATATCGTTACTTCCAGGAAGTGACTCACCCTTATAGGCTGGATGTAACTCTTTCTTCCTCGCCTATAGCGTTTGTGAGTCACTTCCTTTTTCGCTGGATGACTCATATCCTTGATGCGGGTCTTCCAGGAAGTTACGCTTCC	R1	0.00884613860398531
seelig	consider missing	seelig_cm_zinb_phantom	CGTCGAGTCAGGGTGTGGAATGCATGAAATGTATAAGGTGAACGGCTGGCTTTGTGAGTCACATCCCAGGTCAAGGACTCAGCATGGTGGGCAGGTCATCACCATCACAAATCTGGCCCTGTCCAGTCTGTTTGTACTGCCATCA	R1	0.00901088584214449
seelig	consider missing	seelig_cm_zinb_phantom	GGACCGCGCTACCGGAAATGACGCGCCCTCCGGAGGATGAAGAACCGTTTACGCTTCTTAAATTGCCTTATCTCTCCAGTGAGCATATATCGGATGCGTCAGTGTAAGAGGCGTACTGAGAAGCGTTTCCTCGAAGTAAATGTCG	R1	0.009476707316935062
seelig	consider missing	seelig_cm_zinb_phantom	GTAACTTCCGTGTTGCAAGACGCGGATGACTCATAAGACGCGCGCCTTCCGCGAATGTGCGGGCAGTTACGATATCTCGTGAAAGATACGTCCTAATTTAATCGGCGCCAACGGAAGCGTAACGCGCCTGTTTATCTCGCTTCTT	R1	0.009428942576050758
seelig	consider missing	seelig_cm_zinb_phantom	AGGGGGACATGCCCAGGCATGTCTGGACTTCCGGTCAGGATTGCCTCAGCTGACGTTTGGACTTTGGTTCAAAGTCCCTTTGGTTCAAAGGGGGACATGCCTACGCTCGCCATTATACAAACAGGGGCATGTCCAGGCATGTCTG	R1	0.008580396883189678
seelig	consider missing	seelig_cm_zinb_phantom	GACCGCGCCCCTATAGGCTGATCAGATAAGTCATATGCGTATAAGCCGCGCGCATCGTTTCACTTCCGGTTCCGCTACGCGAATTCGCGGAAGTGGCGCGCCCAGCACGCTGTAACAAGCTGATGAGTCATCCCTGGGGTGCGGT	R1	0.00945896003395319
seelig	consider missing	seelig_cm_zinb_phantom	GCCCCCTAGGAGATGACGCATCCGGTTCCAATAGGTCGTCACGTTGTGCTTATTAGAAAAGCGCGCCCCCCAAACAAATTCTGATGAGTCATCGCCACAACTTCCTGGTGGGGCGGCTATCGCGGAAGCGGCGTGCGGATTGGCC	R1	0.009257257916033268
seelig	consider missing	seelig_cm_zinb_phantom	TATCCGCCCGATAAAAAGTCGTAAGTGGCTTATGCTTCCGGATCACACTGTTACGGCGAGTCATCAGGAACAGCGCGCCGCTCCGAGTAGTCGTCGGCTTATCTGGATGACGCAGCCGCGACGCGGAGATAAGTCATGAAATCGG	R1	0.009493027813732624
seelig	consider missing	seelig_cm_zinb_phantom	CTGGGGAATGTGCAGGGGAGAGTTCAAAGTTTGTATTATGCATGCGGGCATGCTGGGGAATGTACAAACATTCTGTGGATTGTTTGTACAAACATTCTGTTTGTTTTACAGGCATGCTGGGGAGTGTGGATTTTTTTTGTGTAAT	R1	0.009198363870382309
seelig	consider missing	seelig_cm_zinb_phantom	CCGGTCGCCTTAGTTAATAGTCTACCGGTCAAGTTGGTAGGTTCAAACATTACGTAATGCCGGCATGCCTGCAAAGGTACAAAGGTACAAAGGGAGGCACGGACATTACGTACCGGTGGACTTGGGGCATGCCCAGGCAAGTGCA	R1	0.008933419361710548
seelig	consider missing	seelig_cm_zinb_phantom	CTTTGTACATGCCGGGGCATGTTTGGACCTTTGGACATTTGGACAGTTTTGGACCTTTGCTCACCGGGCGGCATGCCCGGGCATGTTGGGACATTTGGTCAGACATGCCGGGGTTTGTCTACCGGGATTCCGTGACCTTTGTACA	R1	0.008982389234006405
seelig	consider missing	seelig_cm_zinb_phantom	GTTGTGCAGACTCATCAGTGCCTAGCCACTGGTCACTAGCATGTTTTCATTTTTCTCCAGCTCCCTCCACCCTTCATGAACGGGGGCTGGAAAATGTGGTCTGCTCTGATAAGGATTTGCGTCAGGCTACTGGCTACTCAGCAGC	R1	0.008342821151018143
seelig	consider missing	seelig_cm_zinb_phantom	ATAGGAGCGGCCTCTTGCGCGGTATCGCGCCCTCGCTTCCGAGAACACACCGATGGGTGCTGAAACCGTTTCTAGGAAAAGATAAGGATGCGACGGAAGCGACTTCCTCTTCCTTATCTGACGACTCCTCGTAGTGGTGTGGGGT	R1	0.009046000428497791
seelig	consider missing	seelig_cm_zinb_phantom	ATGCCCCTTTGGTGACCGGGGTGCATGCCCGGGCATGTTTGGACCTTTGGACATACATGCCGGGGCATGTTTGTACAGTGGGGCAGGCATGCCGGGGCATGTCTCTTTGGACATGCCCGGGCATGTTTGGTCCTTGGTGGACATT	R1	0.008897013030946255
seelig	consider missing	seelig_cm_zinb_phantom	GACCAAAGATCGCGGCCTGAGTCCTGTGAACTTTGCCACCGTTTGTTTTTCGGCCGGCAATGATGTCAGTGGTTGTTCCGTCATGGTCAGGGCAAGCGGGGAGCATGCCCACTTCCGGTCGCCGGACTTGCGCGGGCTTGTTTAA	R1	0.009297487325966358
seelig	consider missing	seelig_cm_zinb_phantom	CTTTGATCATGCCCGGACATGTTCCGTTGTGCCACCATTGAATGTACAAAGTTCGGTCATGTTCAGAGACCTGACGCAAAGGATGAGCGGGTCAGGTGGCAAACATTCCTGGTCAACTCAAGGCACCCAGGGGGTGGGGAAGCAA	R1	0.009277353063225746
seelig	consider missing	seelig_cm_zinb_phantom	AAGAGCTGTTGCGACAGGAGGGGTAATTCGCAGAATGGGTTAGCATATGTGGTCTTTGCAGATAAGGACTGGCGGGAAAGTTGTTTACTGAAACTAAGACAGGGAGGCATAAGGGATAAGGAAGTTGGTTTGGGCTTGAAGTAGG	R1	0.008638206869363785
seelig	consider missing	seelig_cm_zinb_phantom	AGCCGATGTCGCTTCATCATAATGAGTCAGCCCTTGTTAGTTTATCTGCTTCGCGAAACGCGCGTCACGCGACACAAGGATGTGTCGCGCGCATGATGCGCCGTAAGAGAACTATACTTCCTTATCGGTTCTGCGAGATAAGGAA	R1	0.008886680006980896
seelig	consider missing	seelig_cm_zinb_phantom	CGCGACGCATAAGGAGGAGGTGCGATTCGCTAAGTTGATTCTGCGTTTTGCTTCCGCATCCGTTTCTTCGAATTAAGACGACGCGCCGCTCGTAGCTTCCTTTTCTTAGCACGAGGAATCGCTATCGGGCGGCGACTTATCGCCC	R1	0.009100763127207756
seelig	consider missing	seelig_cm_zinb_phantom	CCGGTCGCCGGGGTGGTGGAGTTGGAACAAAAATTACGGCATGCCGGGACAGGTTCAAAACCTACCGCCGGGGCACGAACATGCCCAGGCAAGTTGGCACAAACATTACGTAATGGTCGCCGGAGTGCATGCCCAGGCAAGTAGT	R1	0.008975837379693985
seelig	consider missing	seelig_cm_zinb_phantom	GAGAGAGGCCTGCGGACATGCCCGGGCATGTAGCAGTGAACATGCCCGGGCATGTGACCGGAAAGGGGGGAGAGAGAGTGACCAAAGGTGCAAAGGTGCAAAGGTGCAAAGATCAATGAGTGTATAAGGAGGGAGAGAGGGAGAC	R1	0.009005807340145111
seelig	consider missing	seelig_cm_zinb_phantom	AACGGCATCATTCGGATTGTTTAACCACCGACAAGCTGGGTCAGGTGTGTTGCACTTTTGACATGACAGAACAAACAGGGTGAATGTCCCGGCATGTTTGACCTTTGTTCAAAGGTGCATTGCGCAGCGAACATGCCGGGGCAAG	R1	0.00917220488190651
seelig	consider missing	seelig_cm_zinb_phantom	AGCACAGGCTGGTGTTCCCACTGGGGGCAGCATGGAGGATCTGCGTCCAGGGGGCAGAGTGTGATGACATCACCCACATGCACAGGAACGATAAGGCTTTCTTAAAAAACGATCTTTTCTCAACAGCTCCTCAAAAGGAGCTGAG	R1	0.009267211891710758
seelig	consider missing	seelig_cm_zinb_phantom	ACTTTGTTTTTATTACTCCTTATGATTCAGCCCTTACTTAGCTTACAAGGACTTCCTCATGTCTGAGCTCTAGCCATAATAGCTGACTGTTGGATGAGTCATCGGGGGGAGGTTCTTCTTCAGGCTGCAGATTGGCGGTCAGCCC	R1	0.009238091297447681
seelig	consider missing	seelig_cm_zinb_phantom	GCAGGAGAGCAGTGGACAAACAACCCGGAGAGGGGACAAGCCCAGGCATGCCGGGAGGGGACGGTGACAGGGGGGACAAGCCCAGGCATGCCCCCAGAAGTACACAACCAACCCCAGGCATGCCAGGGGGAGAGAGAGAGAGAGA	R1	0.0087853679433465
seelig	consider missing	seelig_cm_zinb_phantom	AAGCGGGTGTAGATGGGGTGCATTGTTTGCACCAGATGGAACTAGGCAGAAACTTCCGGTCAAATGAGGTCAAGCGAGAGCGCCCTTTACATGTCCTGGCATGCCGCGGTCGTAGTGAGCAACCTGTCACACCTGAAGGGCCTCC	R1	0.00959763303399086
seelig	consider missing	seelig_cm_zinb_phantom	AAGGAAGACGCGTCATATTTCGAAGATAAGCGCGAATCGGAGCTTCCGTTATCTCGCGGAAGTGGCTTCTAACTAAGGAAGAAGTAACTTACTTTCGCGGAGCCGGCTGATTGAAACGGCGTATCCGATAGGGCGTCGCGCTTCC	R1	0.009531994350254536
seelig	consider missing	seelig_cm_zinb_phantom	TTTGAGGAGCTGTTGAGAAAAGATCGTTTTTTAAGAAAGCCTTATCGTTCCTGTGCATGTGGGTGATGTCATCACACTCTGCCCCCTGGACGCAGATCCTCCATGCTGCCCCCAGTGGGAACACCAGCCTGTGCTCAGTGCTGCA	R1	0.00908872950822115
seelig	consider missing	seelig_cm_zinb_phantom	GTGGATCAAAGTTTGCACCTTTGTTTGTGTACTCAACACCTGACAGGATTGTGTAAAAATCAACTCAACTAATGACCGGAGGCATGGAGTGGAACAAAGGTGGAGTGCACCTGTGCACCGGACATGCCCGGGCACGTCCGCTGGG	R1	0.0091449785977602
seelig	consider missing	seelig_cm_zinb_phantom	CCGATGGGCCAATAGGGGGGGGGGAAGCGCCACATCCGGAAGAAGCGGAAGCGCGATATCGGCCCGCGCGACTCAGAGGAAGGAAGAGAAGATAACAGAAAAGCGGCGTAACTCACGCCGCATCTGCGCCGCCCCGCCTATAGGG	R1	0.009536802768707275
seelig	consider missing	seelig_cm_zinb_phantom	TTCGTCATGTTTTCCTGTTGGGTCCAAAGTTCAAACATGCCCGGGCATGTTCACAGTTCGTGGGCAGTGGGCAAACATTCCGGTTGTTTGACATGCCCCGGCATGTTTGCCCCCCGGCATGTTTGCTCCGTAATTCCGTTGTTTA	R1	0.009157798252999783
seelig	consider missing	seelig_cm_zinb_phantom	GGTAATTATTAACCTGGGGTAATTATTAACCTGCGTTGGAGGGCACCCAAAGAAGGCCCGTGTCAAGGGGTAATTATTAACCGTGCCGTGCACGTTGCTCCTGGTAATTATTAACCTCCGGGTAATTATTAACCCGCGTGTCGCG	R1	0.009093808010220528
seelig	consider missing	seelig_cm_zinb_phantom	GTATCGTTATCGGTCTCGCCCATGAGGATGTATCCATACTGACGATAGGGCGCGCCATTTGCGGAGACTGACGACACTCGCGGCTCCTGGAAAAAAGGCGTAGCTTATATGTATGTTTCTAGGAATGTGAATCAGGCTCGCATAC	R1	0.009359302930533886
seelig	consider missing	seelig_cm_zinb_phantom	TAGAAAAGATAAGATCCGCCCAATGAGTCACCCGCGCCTTCCTCCGATGAGTCACTTCCGGTTCCGAGTTCTTATAAAAGATATCGCTTCCGGTTCCGCGTCTTATAACTCCCGTCCAATGAGTCACTTCCGCTTCCGCGGAAGT	R1	0.00940184947103262
seelig	consider missing	seelig_cm_zinb_phantom	AGAAGAGTCGTCTCGCGCTTCCAGGAAGAGTCGCAATCGCAAGTAAATTCCAATAGATCGCGGAAGTGACACTTCCTGATTCATCAGATGACGCCTCATCTGTGATGAGTCATCAGACCACGTTATCCGTAAGGCGCCGTGTGGG	R1	0.008930185809731483
seelig	consider missing	seelig_cm_zinb_phantom	CAGGGGACATGACCTTTGTACAAAGCTTTGGACTTTTGAACAGGGGACATGTCCGGGCATGCCCAGGCATGTCCGGGGCACACAAACTCGGCATGTCAGGGGACATGTCCTTTGTACAAATGGACCTTTGTTCAATGGTTGCCCA	R1	0.009035039693117142
seelig	consider missing	seelig_cm_zinb_phantom	CCTATAGGCTGGATGAGGCTCTTCCAGGAAGATACGCTTCCTTCCTTCCCTATAGGCGGTTTCGCTGGATGACTCATATCCTGGATGTGAGTCATCCTTCCTTATCGGATGGAAGATATCGTTACTTCCAGGAAGCGGCGCACGC	R1	0.00917096994817257
seelig	consider missing	seelig_cm_zinb_phantom	TATAAAAGAAATATATCATGACTCATCCTATTGGGGCGGCGCTTCCGCGAAATCGGCCGCGCGATAAGATTTCACGAAGCCGCGCGGTCCAATGAAATTTCACATCGCACCACACTTATGACTCAACTGTGAAGGTATTATATAG	R1	0.009365325793623924
seelig	consider missing	seelig_cm_zinb_phantom	TGCAGCCAGGCAGGCATAGGCCAAGGTAAACATCCTGTGTGACTCAGCGAGTTTGGAGCGCAGGAGCGTAACTCCACTTATTACATAATCACAGCTATGTAGCCATAACATGGGAAGGCTCATAACCTGGCTCAGAGCAACTATT	R1	0.00955162849277258
seelig	consider missing	seelig_cm_zinb_phantom	AAACCATATCTTAGTAGCTTATTATTACGACAGAAAACAGAACCGGCGCGTCACTTCCGGGTTCCGCGAATTACATTTTCTAGCAAACGGAGACGCGTCGTCGATAAGCCGATGCTTATTCGTAAATTGCAGTCTCCCTAGCGGA	R1	0.009438429959118366
seelig	consider missing	seelig_cm_zinb_phantom	TTCACTTGCGTATGTTATTATTCGTTATCTGGCTGATGAGATATCGTTTTTTGGATGGGTGGGGGGGGCGCGTTCTCTTGCTGATGAGATAAGGATGTGGGGGGGGGGCGCGCGCATGAGATATCGCGATATCGTGTTTATTGGC	R1	0.009224127046763897
seelig	consider missing	seelig_cm_zinb_phantom	ACAACAAAACAAAAAAAAAAAAAAAAAGAAAGGGGACATGTCCGGGCATGTCGACATGACCAAAGAAACATGCCGGGGCATGTCCAAAGCACAAAAGCAATGGACAAACATGACGGAAGGCAAACAAAACAAAGAGAGAGAGAGG	R1	0.00913578923791647
seelig	consider missing	seelig_cm_zinb_phantom	ACCGGAATGTCAACCAACCGGAATGTGACCTGGTTTGTTCAAAGTCCTTTGAACACTGCTGATTGTGTCCGGACATGTCCAAAGGTCAAAACAGCAAACAGAGCTTTGGATTGTTTAGGCTTTTGTTCAAAGGTCAAAGACCGGG	R1	0.009700164198875427
seelig	consider missing	seelig_cm_zinb_phantom	GAAGGAGAGGGACATGTCCGGGCATGCCGGGAGCAATGGACAAACATGCCGGGAGGGCAGGGGAGCAATGAACCAATGTACAAACATAACAAAAAGAGAGAGAGAAAAAGAGGGAGAGAACAAACATGCCGGGGCATGTCCAGAG	R1	0.00907279085367918
seelig	consider missing	seelig_cm_zinb_phantom	TTATCAGTATCTTCTTGAGGACGCGCCTCCTAAGGAGGATATAACTCATTAATGCCGATGATGAATCAGCTTATTTGATGGAACCGTCACTTCCAAGATATCGCTTATATCCGTTAAAATATATTGAACGCGATAATCACATCCG	R1	0.009170208126306534
seelig	consider missing	seelig_cm_zinb_phantom	CATACGCGCCGATAAGCACTTGCATCATCTGCGAGATATATGATGACTCATAAGTCGGCGGCGCTTCACGAGGCGCCGCCTCTCTCTTCCAGGAAAAGAGCCCGTCCGATGAGATAACGTCACTCACATCTGCTTATCGCGGGTA	R1	0.009209588170051575
seelig	consider missing	seelig_cm_zinb_phantom	GAGACTATTAGGTCTGTGGACAGTACAAAGCATGCCCGGACAAGCCACCGTAAGTTCACGTAACAGGGAAAGTAAAAGCGACCATTAATATTTCTGGGCACAGGTCACGGAATAGCTTTGAATTTTGGGTTGGTTGCTGTAAAGC	R1	0.008975375443696976
seelig	consider missing	seelig_cm_zinb_phantom	CATGCCCGGGCATGTTCAGGCCAGTATGGAGTGGGGCCGTGGACGTCAACCTTTGTTCAGTGACCTGGTTGTATACACTCGGGACTCGGTGACGGTGGCCAAACATCCCCGGATGTTTGCTGACACTGCAAAGTCGGTAGGTGGT	R1	0.009060092270374298
seelig	consider missing	seelig_cm_zinb_phantom	GATGCCAGTTTGGAGTGAACTTGCCCGGGCATGTCCCCTTCGGTTCAACCGAGGTTCCATAGCACGCTCGGTTAAAGATCAAACCATTAAACACAGGAGGTAGGAATTTTATAAAATCAGTTGTTCAACCACCGGAAATTAAAAC	R1	0.0091336565092206
seelig	consider missing	seelig_cm_zinb_phantom	CAAACAACCCCGGGCATGCCAGGGAGAGAGAGAGAGAGAGGGGACAAGCCCAGGCATGCCCCCAGAAGGAGAGCAGTGGACAAACAACCCGGGGCATGCCGGGAGGGGACCATGACCCCAGAGGGAGAGAGGTGAACAAAGACCA	R1	0.009078728966414928
seelig	consider missing	seelig_cm_zinb_phantom	AACTTGCCCGGGCATGTTGGCGTTCAAAGTTGGACTGTGGGCTGCACATGCCCGGCAAGTTTTGGTCGTGTACACATGCCGGAGCCCATGACCATGTTTTGACATTGTACTCATGCCCTGACACGATCAGGTCAGCAGGCCAGGG	R1	0.009366152808070183
seelig	consider missing	seelig_cm_zinb_phantom	ATGAGTCACCCGCGCGGCGCGCGGTTCCGAGAGGCCGTTCTCGCGTATCGCGTATCCAGGAAGAGGTATGATAACGAGATATGGTCTTGAAGCCTCATAAGTTTGCGTCATCTTTTATCGGATGCGACTTATAAGTAAGAAGTCC	R1	0.009073861874639988
seelig	consider missing	seelig_cm_zinb_phantom	CGGCCGGTTATGTAATGGTCTATGTGATCGGTGGTCTAAGCGGTTATGCAACGGTTTATGTAAGCGGTGATCTAACGGTTGGTCCAGTGATGCAATGGTCCAGTTGTGTAATGGTTTGGTGGTTTGTCCAGTCAGTTATGTAACC	R1	0.009138581342995167
seelig	consider missing	seelig_cm_zinb_phantom	TTTACAGGCATGCTGGGTAATGTTCAAACTTGCTGGGGAATGTGCAGGGGGGAGTTCAAAGTTTGTATTATGCATGCTGGCATGCTGGGGAAAGTACATTGGATTGTTTGTGCTGTGGAATGTTTGTACAAACATTCTGTTTGTT	R1	0.009415261447429657
seelig	consider missing	seelig_cm_zinb_phantom	TTACGGCTCAATCCGATCACTTCCCCCAATCTGAGTCACAGTAGCGCTCGTTCCGCGAAATAGCGCTACGCCCCCCGTTCCGGCTCATGAGTCATAACTAACGCCATATTTCGCGGAAGTCGCGTCCGAGTAATAAGATATCTTA	R1	0.009393792599439621
seelig	consider missing	seelig_cm_zinb_phantom	GGACTGGTCGAATGGCTCAGGATTCCGCCGGCATTACCGATTGATCGATGGTCGGACATGCCCGGGCATGTCCACCGGCCTCGAGCCATGTGCCACACTGTGTGCGCTTTCCCCATTACGTAATGGGAATTCCGCAGTTGCCTTT	R1	0.009047219529747963
seelig	consider missing	seelig_cm_zinb_phantom	TGACCTCTGATCGAGAGCCTTTGGTCAATCAGCACTATGTACATAATGGGTTCCATGGTTAATTCCGGTGGCAAATGTCCTCCGGGCATGCCCAGGCACGATTCCCTCGCGTTACACAAACAGAACCAAGCAGGGCGCAGTACAA	R1	0.008811703883111477
seelig	consider missing	seelig_cm_zinb_phantom	ATGTTACTTTCTTAAAAGAAGCGATACGTCATATAAGGAACCCGCGTCTAGCGATGAGTCATCGGCCTAGGCCGCGCCTACCCGCGATTAAATCACATCCGCCCCCGCCCTTCCGTGATAAAGGAGGCGTCGCTTCTCGGAAGGC	R1	0.009584497660398483
seelig	consider missing	seelig_cm_zinb_phantom	ATCCTTAGACGCTGCCTCGCCAATAAGATGATATCTTATAAGACGCGGCGCTTCCTTGTGATGTGAGTCATCGTAAGTGCTTCTCCCTCTCTTTAGCTGACGCGTTTCACTAGGAAAAGATGGGTGGGGCTGGAGGAGGAGATAA	R1	0.009439356625080109
seelig	consider missing	seelig_cm_zinb_phantom	CTGGTGGGGACAGATAAGTGGCCACGGTACGGCTGGTGGGGACAGATAAGCGTCCTGGTGGGGACAGATAAGCTTACTGGTGGGGACAGATAAGGTACTCTGGTGGGGACAGATAAGCGAGCATCTGGTGGGGACAGATAAGCAG	R1	0.008786967024207115
seelig	consider missing	seelig_cm_zinb_phantom	CGGGAGAGCAGGGGGGAACAAAGGCCGCAGTCCGCAGACCAGGAGACATGCCTGGGCATGCCCCCAGGAGAGCAGGGGGGAACAAAGGCCGCAGTCCGGAGGTGACCGAAGGCCCCAGAGCATGCCCCGGCATGTCCACAGGGGA	R1	0.00903260987251997
seelig	consider missing	seelig_cm_zinb_phantom	ATAAGATATCGCTTCCTGGACCGGGTGATAGACGTAGGGAGAGCCACTGGCGGATGTAGCGATAAGCCGCGCGTTTTCGCGATATCTTATCACTCTTCAAGAACCGTGAGTGATGACACCGCGCCGCCGATGGGGCGATCCGGTT	R1	0.009223992004990578
seelig	consider missing	seelig_cm_zinb_phantom	GAGTCGCGCGGGGGCGCGATATCTTGCGGATGAGATATCTTATTGGCTGGGTGTGGGTCTTAAGAAGTTTCTTATTGGCTGAGTTGCGCGATATCTCGCGGATGCGATATGTTATTTGCGGGTTGGCTGTGGGTGGGGCTTTAGG	R1	0.009432337246835232
seelig	consider missing	seelig_cm_zinb_phantom	ACAATCTAAGCTAGACCCGATTGGCTAAACATTTAGGGGAAGGGGTCGTCTGCGGCGAGCTAGAGAGTCAGTCTTTTCTCAAATAAGGAAAGGAATGTGAGCTGGTGCTGTGGCATGCCTGGGCGTGTAGGAAAAGCAGAAGGAA	R1	0.008955639787018299
seelig	consider missing	seelig_cm_zinb_phantom	CCGGTAGCCCCTGGACCGTGTTGCACTCCTTTGTCCGTTATGTAACGAAGGTCTCCGGTTATGTATCAAAAGTGGCACAACATTCATGTCCGAACATGCCTGGGCATGTTTGGTTGACAATACACTCCCACTGCCTTATATCAAC	R1	0.009028061293065548
seelig	consider missing	seelig_cm_zinb_phantom	TAAGATTGAGGGTGGGGCTTCGGCGATGCGACGCAAGAAGATAAGTGAAATCGTACTTGGATAACACGCACTGTAATTGGGCGCCATAAATCCGCCCATGGACGATACGCCTTATCCTGAAGCACCAACGAGTTATCTCGCAAAT	R1	0.009217091836035252
seelig	consider missing	seelig_cm_zinb_phantom	TCATTACAGGGAACATGCCACGGCAAGCTCGCTATTCATTTTATGCCGGGACATGTTTAGGCTTGCTGTGGGTTCAATGTTTGAACATTCCACTACTGACAAACACTCCAGTTCAAAGGCGAAGTTCATTGTTTTTGTTGCGCAT	R1	0.009295409545302391
seelig	consider missing	seelig_cm_zinb_phantom	CATACTGCAGGGTGAATTTCCATATCCCTGCCTCAAAGCCTGTTGGGGTGGGGAGGGGGAGAGGTCATTTGAAATTCAAATGAGGATGATTAAGGTTTTCTTGAGGAGGGAAGCGTGGACAAAAGGGGTTAAGCCTGCTGGCAAA	R1	0.00964891817420721
seelig	consider missing	seelig_cm_zinb_phantom	CTGATTGGCTGAGTTGAGTCAAGTGGCCTCAGCCCGGCCCAATCAGCTGGGACTGGGGGAGGGCTGCCGTGGAGAACTAGCTGCCTTCCTGGCTGGGGAGAAGGAAGCAATGACTAGCATAGCAAACTCTGGGGGTAGTGACTTC	R1	0.009640862233936787
seelig	consider missing	seelig_cm_zinb_phantom	CCCCTAACTGAGAATGTGTAGACGCCTGTCTAGCCAGGGGAGCGTGGAACAAGCCCAGGCAAGTCTGACCGTTTGACTCATCCCCCGCAGGTCAGGGGTGGAGTGTGGCTTAGCCACGGCACACCAAGGTTGTTACATCAGTAAA	R1	0.009319781325757504
seelig	consider missing	seelig_cm_zinb_phantom	CCGATACCCGTGACGCGTCGCGCCGCCGAATCGGGGGGGCGCGCTCCTATCTAAGAAAAACCGTTTCTCTCGCGCGACGAAAACGACGCGCAGCGATTACTCATTAGGGGAAGTCACTTCCTGATTATACCGATTCTCGAATCGG	R1	0.009742289781570435
seelig	consider missing	seelig_cm_zinb_phantom	CCCTGCGCTGAGAGATAAGGATGAGTGTGATGTTATCTAATAGGATGACTCATCCTATAGGAGGAGGGCGCGTCTTTTATGAAAACGACGTCCTGGTTTCGCTATATCTGAGTCGTCTTATGATTCACCACCCGCTTCCTTCGTC	R1	0.009166347794234753
seelig	consider missing	seelig_cm_zinb_phantom	CGCGGACGCGATATCTTGCGGATGAGATAGCGTTTTTTAGGAGGGTGGGGCTTAAGAAGTTTCTTATTGGCTGAGGGGCGCGATATCGCGCGGATGCGATAAGTCGATAAGTGGTGGTGGGGCTTTAGGAGGAGCTTATTGGGTG	R1	0.009298203513026237
seelig	consider missing	seelig_cm_zinb_phantom	TGTGTGGTCAACGGTAGCAATTCCGGTGGGTTGACCGGAAACCTTGCGGGCATGCGTGCATTACCTCACCTCCTGTCATCTTAACGACATGTCCGGACATGTACACAGGCCAATGTCAACCTGCTTTGAGACTTAGGTTGCACAC	R1	0.009059026837348938
seelig	consider missing	seelig_cm_zinb_phantom	CACAATTAAATAACCCACGTTTGAACGTTGGCATGTACCAAGCGAACGTACATGTACTGTACAATCTCCGGTCAAACACAAAGGCCGGCATGCCTAGGCATGTCGGCTGCCAACGTAACTGCGGAGTGCGTTGAACTCTCCCCTC	R1	0.00923155527561903
seelig	consider missing	seelig_cm_zinb_phantom	GCCCCACACAGGGAAGTAGCTTCTGGGAAGCGCATCCGTGAATCACGCTTTGCGACGCTCTTTCATCAGCCTCAAGAGTCATCGCTTCGCGATAAGCAAGTGAAGGCTGATGCGACACGCGGGTAGCGTCTTCTAAGAGAGAGGG	R1	0.009044449776411057
seelig	consider missing	seelig_cm_zinb_phantom	ATGTTTGTTCATTGCCTCCGTTGTGCATTGGGTTAGACATGCCGGGGCATGTCCCCCTGTTCATGCCCGGGCATGTACATGCCCGGGCATGTCCGGGGGCTTGTGTTGACAGGGTTGTTTGGTCACCGGTGGTCGTGCATGGTCC	R1	0.009152218699455261
seelig	consider missing	seelig_cm_zinb_phantom	GGGTGCCCTGGCTCCTTGCAGCAGGGCTGGGCCTGCGAGACCCAAGGCTCACTGCAGCGCGCTCCTGACCCCTCCCTGCAGGGGCTACGTTAGCAGCCCAGCACATAGCTTGCCTAATGGCTTTCACTTTCTCTTTTGTTTTAAA	R1	0.009798994287848473
seelig	consider missing	seelig_cm_zinb_phantom	GGGGGGCATGCCTGGGCATGCCCCGGCATGTCCACAGCGGCATGCCGGCCGGAGTCCGGAGGTGACCGAAAGTGGAGAGCAGGGGACATGCCTGGGCATGCCCCCCTGCCAGCAGGGGTGAACAAAGGCCGCAGTCCGCCGGCAG	R1	0.00920056365430355
seelig	consider missing	seelig_cm_zinb_phantom	GCGGAGAGCAGGGGTGAACAAAGGCCGCAGAGCATGCCCCGGCATGTCCACAGGGGACCGAAAATGCAGACCAGGAGACATGCCTGGGCATGCCCCCAGGAGTCCGGAGGTGACCGAAGGTCGCAGTGAACAAAGGCCGCAGTCC	R1	0.009431959129869938
seelig	consider missing	seelig_cm_zinb_phantom	GCTGGGGGCAAACATGCCGGGGGCCAAAGGTCAAACAGTACAAACATGACGGGGGTTGACCCCAGCTAGGGGCAAACATGCCGGGGCATGTCCGGTGCACAATGGATCCAGGCCGGCATGCAGGGGGCACACTACATAACAGAGG	R1	0.009394901804625988
seelig	consider missing	seelig_cm_zinb_phantom	GCTGTGTACTCTCGCCGGGATGGTTACATCCCAGGGCACGATTCCCGGGCAAAACACCATAGCCTGTCGACATGTCCGGACATGCACTGGGTTGTGATCTGACCGAAGTGCATACGTAACGCACTCCGGTCAAAGTTTGTTCCAC	R1	0.009146171621978283
seelig	consider missing	seelig_cm_zinb_phantom	TGGCATTAAACAAACGGTCAAACTTTGAGCTCGGTGGGCGCGTTTACGTAATGGTTGCACCAAGGCATGCGTCGGCATGTCCGGAGGGCTTTGCGGACATGCCGGGACATGACCTGAAGTTCGCATTGCACGTCCCCGCTCCCCT	R1	0.00921713188290596
seelig	consider missing	seelig_cm_zinb_phantom	AACAAAACCAACCCCCCGGGCAGAGGTGCAAAGGTCACACAACAAAGAACAAGGAGCCCCGGGGAACATGCCCGGGCATGTCACCAGAGGTCCAGAGAGCGGTAGACATGACCGGACATGGACCTGTGAACAAGCACAGGCAAAA	R1	0.009380034171044827
seelig	consider missing	seelig_cm_zinb_phantom	TCCGCGCGATGTGGTTTCTTATCTCTTCGGCGAGTCATCTTCCGCGTCGCCGATTGGGCGGGGCCGTCGCCGATGTATCGCGTTATCGGCGTATGTCTTCGCGGATGCGCCGCGTCGGCGAGTTATCGCGTTATCTTCTTATTGG	R1	0.009722927585244179
seelig	consider missing	seelig_cm_zinb_phantom	TTTTTGTTTGACCCCTGTAATGTTTGTTCCCAGGGAACATGCCGGGGCACGTGACCTCTGTCCGGTAATGTTTGAACAAAGGTCACATGCCTGGGCATGTCCTTTGAACAAAGCGAACATTACATAAACGTTCACAGGTCACCTG	R1	0.009299924597144127
seelig	consider missing	seelig_cm_zinb_phantom	TGGCCACATTACATACCCGGACATGTCCGGGCATGCCCGCAGGGCAGCCAAGATCCCACTGTTGAACCAAAATGGCGGTCAACGTCCCAAGGTCGAATTACGTAATAGGGAAACTACGGTCGCGTTGATCAAAGTTGACATTAAG	R1	0.009168478660285473
seelig	consider missing	seelig_cm_zinb_phantom	GAGTTGCGCGATATCTTGCGGATGCGATAAGTTTCTTATTGGTGGGTTGGGGGGGTGTGGGTGGGGCTTAAGAAGTTTCTTATTGGGTGTGGGTGGGAGGAGCTTTTGGATGAGATATCTTTTGGATGAGATATCTTATTGGGGG	R1	0.009515926241874695
seelig	consider missing	seelig_cm_zinb_phantom	AAGTCGAACAATGGTTGTTGCGTAATGTTGAACTTACGGTCGAAAGGTTAAACATGCGAGGATTGTTACATAAGGGGATTGTTGCGGAATGTCGAACTGGCGGAAAGTCGAACAGGGAATGTTGCGGAATGTCGGAAAGTTGAAC	R1	0.00880524329841137
seelig	consider missing	seelig_cm_zinb_phantom	CATATGCTATGTGCATGTTTACTTAGGGATGGCGGGGCCTTGTCCGGACGTGTTTACTTAGGCGCTAGTCTCTTTGGCTCATGAATGGCACCTTCCTTGTTTACTTAGGTTGTTTACTTAGGAATCTGTTTACTTAGGCACATCA	R1	0.009163710288703442
seelig	consider missing	seelig_cm_zinb_phantom	GCATGCCCGGACTTCCGGTGGGGATTGTCTAAACAAGCCATGAGATAAACTGACCTTTGTACAAAGGTTCAAACTCCCCTTTGTACAAACAGGGGCATGTGGACATGCCCCGGCATGTCCGGACTTCCGGTCAGCATGACTTGAC	R1	0.009120498783886433
seelig	consider missing	seelig_cm_zinb_phantom	ATCCGTGTTTACTTAGGTATTATAGAGTAAAGTGTGTTTACTTAGGTCAGGAGTTTTGTTTACTTAGGCAGTGTTTACTTAGGGTAAGAAAATAAGTGTGCTACCCCGGAGGGTCATTGTTTACTTAGGAAATGTTTACTTAGGG	R1	0.00947477389127016
seelig	consider missing	seelig_cm_zinb_phantom	CATTCCATTTCCGCCTGACAGAGCCTTGCTTCTTGACATGCAGAGGCATGTCACTCCTTTTGTTCTTGCTTCAGAGGGAAGGGACACTGCTAACACGCTGGAGTTTAATAATTTACTTTTGCTGCAGGAGTATGGCCTTCCTTGT	R1	0.009044688194990158
seelig	consider missing	seelig_cm_zinb_phantom	GAGTCTTCAACTGACCTGCGCACTGGGAGGAGTGTGCACTAAGAGGAATAGGCACTGGGGTGGAGCCACAGAACTTTGCCACGTGTTTGCAGCAGGGAGGAGCCTGGCCCCTCCTGGGTGGAAGCCGGAATTCAATCTGTGAGGT	R1	0.009404780343174934
seelig	consider missing	seelig_cm_zinb_phantom	GGCTGTCTCATCCATGAGCGCGGGGCACACTCTGATGTTGCAGGATGATGAAATCACCTAACAACGCATTTCTCAGAATGCATCTGCACTGTTAATTGACACATGACTGTGCTTTCTCGTGAACCACCTTTTCCCAGAATGATGA	R1	0.0090948436409235
seelig	consider missing	seelig_cm_zinb_phantom	TGTTTGAACTTTGGACATGTCCGGGCATGCCCATGCCGGGGCAGTGATCAAAGGCCAAACATGAAACAAAGCATGCCAGCAACCAGGGTGAACAAAGTTTGCCCAAACATGTCCGGTGCAAACATGCACTTTTGAACAGGGGACA	R1	0.009393526241183281
seelig	consider missing	seelig_cm_zinb_phantom	TGTGTGTTTTTATTAGATATCGTTTTCGCGCTTTAAGGATGTGGGGGGGGCGCTTGCTGATGAGTTATCTGGCTGATGAGATATCGTTTTTATTGGCTATATATGGGTGGGGGGGGCGCGCGCATGAGATATCGCGATATCGTTT	R1	0.009544337168335915
seelig	consider missing	seelig_cm_zinb_phantom	AAGGCGCGTTAAATGTGATGTTACGCGCGCCCGAGGGGCGATACGTTATAAGAAGGATAAGACATTGTCGTTATTTCTCGGAAGTGAGACTCGCGGATTAGCTTACTCATTGTCGGATGACGCGTCTCCTTAGGAGCAGCCTCCT	R1	0.009598853066563606
seelig	consider missing	seelig_cm_zinb_phantom	GGCCCAGAATAGGACCTGTCTAGCAGCTGCCCCTGTCCAGCCCCTAACTGAGAATGTGTAGACGCCTGTCTAGCCAGGGGAGCGTGGAACAAGCCCAGGCAAGTCTGACCGTTTGACTCATCCCCCGCAGGTCAGGGGTGGAGTG	R1	0.00925841648131609
seelig	consider missing	seelig_cm_zinb_phantom	GCGATATATCGCGCGGACGATATATCTGAATCAGGAAATATCTGCGTATGGGGGAGGAGATAAATAAGGAAGGAAGCGCGGATCCGCGGAAGGAAGGAAGCGTAAGCGCCTCACGATGACTCACCCCCGGGGGGCGGAAGCATAT	R1	0.009533713571727276
seelig	consider missing	seelig_cm_zinb_phantom	GGAAACATGCCTGGGAATGTTCAAACAGCTGGGGCGCAGTACATGTCCAGACATGTCTCCCGGGCTGCTCCAAGCCTGACTACAACGCATCCACTGCCTGCGCCTTGATTACGTAATCCCTCTGGGCTTTGTTCTGTGACCTATG	R1	0.009250996634364128
seelig	consider missing	seelig_cm_zinb_phantom	ATTGGCCGATAAGCGCGTATCGCGTCATCAGCGTGAGATATCGCTATCTGAGGAGGGAGCGGACGTATTTCATTTACGCTTTCTCAGTTCCGCGAATCACGCCGCCAATCGCGCTGACTCGCGCGGCGTAAAATAAGGCAATTGG	R1	0.009437854401767254
seelig	consider missing	seelig_cm_zinb_phantom	CCGCTGATAACAACGATGACGTGCCCGGGCATGTTTGTTTGGACATTCCAAAAGTCTGTGCACAAAACTCAGGGCAAGGGTAATGGAACCCTGGCCGCCTTTCTGCTAAGCCCCCTGTGACGTAGGTACAAAGTTGCTAAAAAAG	R1	0.009628675878047943
seelig	consider missing	seelig_cm_zinb_phantom	TGGGTAAACTTCAAACATTACGTAAGGCAAGCCGGGGCAAGTTCAAACAATGTCTACTTGGGACATGCCGGGGCAAGTTCAAAGGTACATTACGGCAAAAGTGCATGCCCAGGCAAGTTCAAAGGGTAATGGTGAAGTTGGGACA	R1	0.009360690601170063
seelig	consider missing	seelig_cm_zinb_phantom	GGGACATGTCCGGGCATGTCGACATGACCAAAGGACCAAAACAAAAAAAAAAAAAAACAAAAAGGGAATGTACAAACAAAACAAAAAGGGAAAAAAGCAATGTACAAACATGCCGGGGCATGTCCAAAACACAAAGAGAGAGAGA	R1	0.009134489111602306
seelig	consider missing	seelig_cm_zinb_phantom	GACGTGACTCCGCCGGTAATGTTCATGTTTGTACGTACGTCCGGGCTTTGACCTGGTGCACAACCAATGGACTCAGGGTCCAAAGTCCATTCCTGCCCGGCCATGTTTAAGCATGCCCGGTCATGGACTTTTGTTTACGTCAGCC	R1	0.009336967021226883
seelig	consider missing	seelig_cm_zinb_phantom	TCACAGTTCCACATGGCTGGGGAGGCCTCACAATCACGGCAGAAGACGAAGCAGGAGCAAAGAACGTTTACATGGCGGCAGGCGAGAGCTTGTACAGGGAAAACTACGCTTTATAAAACCGTCAGATCTCGTGATACTTACTCAC	R1	0.008918959647417068
seelig	consider missing	seelig_cm_zinb_phantom	CGCGCCTTATAACTTCCGACTGATTAGAAAAGATGTCGCTTCCGGAAGATAAGATCCGCGCCTTCCTGCGAGATATCGCTTCCGGAAGATGTCGCTTCCGGTTCCGCGTCTTATAAGACCCGCCCAATGAGTCACTTCCTCTTTC	R1	0.0096050426363945
seelig	consider missing	seelig_cm_zinb_phantom	CAGAGACGACGCACCACACAGAGCGCGAGAAAGGATGACGCACTCTGCCGATAAGTCACTTCCGCTCCACTTGCGGGTCGCGCGATATCGTAAATATGAAAGCGCGTTATCACTCAGCAGAGAAGGGGAGCGACTAGTCCTTATG	R1	0.009428395889699459
seelig	consider missing	seelig_cm_zinb_phantom	ACTGGTGGGGACAGATAAGTACTGTGCTGGTGGGGACAGATAAGGGACTCCCCTGGTGGGGACAGATAAGGACAGAAGAGTCCAATCGTAAGATCTGGTGGGGACAGATAAGGACGCCCACAAACCTGGTGGGGACAGATAAGCA	R1	0.0088902423158288
seelig	consider missing	seelig_cm_zinb_phantom	GGTGTTTTGTACCGCGGGGGACATGTCCGGACATGTCCACTGCCCTCCGGACTTCTGTACCCCGGGGGACATGCCCGGGCATGTCCCCTGCCCTTTGTTCGTCGGGACCTTTGGACTTTGGGGGCGGGGGGGTTGTTCATTCCCT	R1	0.009197626262903214
seelig	consider missing	seelig_cm_zinb_phantom	TTGACTCCATCTTTTGTAGTCATAGCTGGTCACACGACTCCGGCCCAGCCAATGGGAACACAGGAGATTGTCTCACACGAGTCATGTGACCTGAAATGGACCAATGAGACCCAGCTCTGGGACTTCGGGCAGAACTGTGTTAAAG	R1	0.009659710340201855
seelig	consider missing	seelig_cm_zinb_phantom	GCTGCTGAGTAGCCAGTAGCCTGACGCAAATCCTTATCAGAGCAGACCACATTTTCCAGCCCCCGTTCATGAAGGGTGGAGGGAGCTGGAGAAAAATGAAAACATGCTAGTGACCAGTGGCTAGGCACTGATGAGTCTGCACAAC	R1	0.009511980228126049
seelig	consider missing	seelig_cm_zinb_phantom	GGAGGAACGCAGGGCGCGCGCCGCGCGGAGGAATATTTGCATATGGCGCGGCGTTTCTTCGGAGGCTTGTGATTGGTTGCTGACTGCGGCGCGAAGCGCAGTTGACTTGCGCCGCGCTCGGCGAATCGCAGCCTGTCTTGCTCGC	R1	0.009424333460628986
seelig	consider missing	seelig_cm_zinb_phantom	GTCAAACAAACATCATGTCAACAATCCACCGGAAATGTGCTTGCCCCCTCTGGACTTTGTCCGGTCATGTCAAACAAGGCTTGCCCGGACATGTTCAAAGTTCAAACAAGGGACATGTCCAAAGGTTCAAACAAGCTGGCAGGCT	R1	0.009303232654929161
seelig	consider missing	seelig_cm_zinb_phantom	TCCCCCCCCCCGAACCCAGCACAACGGTGCAGCCAGCTTTGGTTTGTTTGACCTTTGTACCAGCCTCCGTAATGTAATAGGGACTTCTGTGCAAAAACCGGAATTCCCAGAAACGAGAGAGCTGCGAACATGCCCGGGCATGTCT	R1	0.009260966442525387
seelig	consider missing	seelig_cm_zinb_phantom	GAACCTCCAACCCATGTTTTGTGCAGATAAGGGAACGTGCACAGGGAGCTTGTCTAAACATGTCCCTAGTGGACGAAGGTCCCACATACGCACTGGGGGAGGGCGGTGGAGCCACCAGGAATTCATGCCTTATACGAACAGGGAA	R1	0.00978779885917902
seelig	consider missing	seelig_cm_zinb_phantom	CGGGAGACATGCCCGGGCATGTACATGCCCGGGCATGTTTGTTCCTTTGGTTCTTTGTTCCGGCCGGGGGACATGCCGGGGCAGGCCGGCATGTCTGCCGGGCGCCCGGGTTGTTTGTGCAGTGGGGTTGGGTGACCTTTGGACA	R1	0.009730746038258076
seelig	consider missing	seelig_cm_zinb_phantom	TACCAGTGACCAAAATGACAAACCCAGTGCAGAAATGTTTGTTCGGAATTTTGGTCATGCCCAGGCATGTTCCCCGGTACGTCATATCAAGGTTGCCTTGCCATGACGGCATAATAATTTTGATTGTTTGACCTCTGCCGTACTG	R1	0.009546000510454178
seelig	consider missing	seelig_cm_zinb_phantom	GATATGCGTTATCTTTAAGACGCGGATGGTTTCGCGGAAGCGCGGATGGAGAGATAAGTTATTACGCGGATAAGGATGAGTTATCGGAAGGAAGCGATATAGGGGAGACGCGTTATCGGAAGGATGAGGATGCGCGTTATCGGGG	R1	0.009316529147326946
seelig	consider missing	seelig_cm_zinb_phantom	GAGATGAGTTATCGGTCGCGGTTTCTCATAAGGATAAGTAAGTTATTTCTTTTTTTCGCGGAAACGCGGAAGGAGAAGCGTAGGAGGACTGATAAGGATACGCTTTATCTTTCTTATGAGGATGAGGACGCGGTTTCGCGGAAGT	R1	0.009155328385531902
seelig	consider missing	seelig_cm_zinb_phantom	ATATGCATTTACGGTTTCCTCCTGGGAGCTGCCTGAGCATATCCCAGTGGCTCTGTTTGCTGACTGTGGGAAGAGAATCAGATTTCACAGGCTGTGGCCCCAGATGGCTCTGTTCATTAAGAACTGTGAAGAGAGAGGGAAACTT	R1	0.009529400616884232
seelig	consider missing	seelig_cm_zinb_phantom	TGTCAAAGCAAGGCAGACACCATGACTCAGCAGTCGCATTAAGGTACATCCCCGGACGCCCAGTCCATGACTCAGCAGACAAATTCCCCATGACTCAGCACTGTTCGGATGACTCAGCACTGATGACTCAGCAAAGCTTCGGATT	R1	0.008987135253846645
seelig	consider missing	seelig_cm_zinb_phantom	CCCTTATTACTATCCGCGAAATAGGCCGAGAAATCGCGCGTCGTTATTGGTGACGCAATATGACTGATACGCTCCACCCTGATGAGTCACTTCGTTATGATGCATTAGGATGTCGCCGATCCCTATATCTCGCATACGTCGTAAC	R1	0.009656604379415512
seelig	consider missing	seelig_cm_zinb_phantom	CTTTTGGCCCCGGTGCATGCCCGGGCATGCCGGCATTGACCTTTGTTCCTTTGGACATGCCCGGGCATGTTTGGACCTTTGGACAGGGGGAGGGCGGGCGGCCGGCATGCCGGCATGGCTGTTTGGACATGCCGGGGCATGTCCA	R1	0.009045133367180824
seelig	consider missing	seelig_cm_zinb_phantom	TCACACGACCAAAGTCACCGCAGGTGTACGGTGACATGGTGCATTGGTTTGTTGAGCGGTGAACTTTGTTTGTTTGTTTGCACCATGACGTAGGCCGTGGCTTGTTTGAACGACTTACCTAGGTCGGGTTGTTTGACCTGTGTAT	R1	0.009646139107644558
seelig	consider missing	seelig_cm_zinb_phantom	GGGGAGAGCAGGGGTGAACAAAGGCCGCAGAGCATGCCCCGGCATGTCGGCCGGTGACCGAAGGTCGCTGGGCATGCCCCGGCATGTCCGCAGAGCAGGCGAGCAGGAGACATGCCTGGGCATGCCCCCAGAAGAGCATGGCGGC	R1	0.009444717317819595
seelig	consider missing	seelig_cm_zinb_phantom	GTCAAGCAAGGTCGCTTGACGCCGGAATTTTGGACGTAGTTTGTACAGTAAAGGGGAAAAATGGAGCCAGACTGGAACCAAGGTTTGTAGTGCGCATGTTCAAACATGCCCGGTATGGAATGTGTGCGCAGGCCTGCCGGTAGTG	R1	0.009714296087622643
seelig	consider missing	seelig_cm_zinb_phantom	CAAAGGTCAAAGTCCAAACCAACAGACATGCCCGGGCATGTCCGCTGGCAAAGGTCAAACACAGCAAAGGTCAAACTCCCCAGGGGTGTTTGGATTGTGGCACCAAACAATCACAAAAAGGTCAGGGGAACAGGACTTTGGACTG	R1	0.009775938466191292
seelig	consider missing	seelig_cm_zinb_phantom	TCGACCTGTACAACCAAAGTCCGTAGTTTGCCACCTGGCATGGCCTGTAGCGGCCTGTTGGCAGTGTTTGTTCAAACATTCTGGCATTGTTCAAACAATGCCAGTACGGTCACCATGACCGGCAGGCATGCCCGGACATGTCGCC	R1	0.009577841497957706
seelig	consider missing	seelig_cm_zinb_phantom	GGAGTTGGGCTTATAATGACTCAGCAACACACCCAGACGCGTCTAATTATGCTGGTGTCGGACCTATGACATGCAATGACTCAGCACTATAAAACCTGTCGTGCCGCTTCTCGGTTATCGGAATGACTCAGCAAAGTCAGGCCTC	R1	0.00944721233099699
seelig	consider missing	seelig_cm_zinb_phantom	TGAACAAAGGTCTCCTAGTGTACATGGCTAAACATTCAATGTACTTTGGTCACTACTGGTTATGGCATGCCCGGACATGTCTGGGGCATGTAACTTTGACCTTGCCTGGAAATTACGTCAGCCACTCCAAACTTGTCACATAGTC	R1	0.00954234879463911
seelig	consider missing	seelig_cm_zinb_phantom	CTGTTATGCATGCGGGCATGCTGGGGAAAGTACATTGGATTGTTTGTTCAAACATTCTGTTTGTTTGATTTTTTGTTTGTTTGTTTGATTTTGTATTGAAAGTTCAAAGTTTGTAATGTTCAAACTTGCTGGGGATGTTTTGTTC	R1	0.009414047934114933
seelig	consider missing	seelig_cm_zinb_phantom	GCTTATCACACTTCTCTTTCTTCCGCGTTATCTTATTTCTTAGGATATGAAGAGGGGCGGTTCCCCATCTGACGATGACGCATCACTTTCTGAGGTTGGCTCCGCTTTCGGCTCCGATAGAGCGGGAGAGCCGCGTTACGCGGAA	R1	0.009473995305597782
seelig	consider missing	seelig_cm_zinb_phantom	CTAACCTGCCCAGGGCTTCCTGTGACTCGGGTGAAGCAGTGCCTCCTGGTGGTGAGAAGGCAGAACTACTGGTATAAACTGGTCGTAACGTGCAGACTGGGTGTGAATGTGGGGCCAGGACAATGTGTGTCGTGGGGTTGACTAG	R1	0.009219404309988022
seelig	consider missing	seelig_cm_zinb_phantom	TAATTTCTTATTTCGCGGATCTCGCAAGCGGTTGCGCGATATAACGCCTCTTAAGGCGGGCCCGATGCCGTCGACGACTGATGAGTCATCAGTCCCGCGGATCCTCCTCCAATGGCGCGGACTTCCGAGAAACACCTTCCTTTTT	R1	0.009501362219452858
seelig	consider missing	seelig_cm_zinb_phantom	AACCCGTGTGTGTCTTCAAGAAGTAAAAGCGTATTATAGTCGCGAAAGCCCAGCCGATGAGTAAGTTATCGTGAAGTCACATCCGTTTTCGCGGGTAGCCACGCGAGGACCCTTCTAAGAAGAGTTACTTCGCTGAACCGCTTCC	R1	0.009540654718875885
seelig	consider missing	seelig_cm_zinb_phantom	GGGAGCGCTAACAGGAAGTTTTATCGAGCGTTTCCTTATCGGTATTTAGAAATATGAAACTTCCTTATCGTCAAATCGCAATTACGTCGTATCGGGCGCCGCCCCTTCCTGAAACGTACGAGGCGCCGCTTCTTTTTTAATTGTT	R1	0.009772827848792076
seelig	consider missing	seelig_cm_zinb_phantom	GCAACCATTACGTTTGCACAGAAGGTACAAAGTCCACAAAGGTTACGTAAACCTACCCTTTAACTAAAGACCACCGGACATGCCCAGGCATGTCCACAATCGACTTTCCGTCGGTCTTTTGACCGTCCGTTGAGCTTGCCCTAAA	R1	0.0094490060582757
seelig	consider missing	seelig_cm_zinb_phantom	ATCCGGCCGATGACTCATCACTTCCTTATCTCTCGCAAGGAAGCGCCGCCCATTGGCTGATATAAGGAAAGCGATGACTCATCCGCCCCGCGCCGATTTCGCGGAAGTCACGCCCCCCCACCGCGCGGCCTATTGGAAGTAAGCG	R1	0.009579437784850597
seelig	consider missing	seelig_cm_zinb_phantom	TGTAGCCTTGTTCCGTCAGAAGTCGGTAGGTCAAACGACCATTACCGCTGTACGGACATTGCCCCGGCATGCCCGGAAACGTTCCCGGCATGTTTGGACATGTACAGAACGAACTTGGCCCTTTTGTGCAGTAGTGGTTCAGTAA	R1	0.009349147789180279
seelig	consider missing	seelig_cm_zinb_phantom	CTGACGGCGGCATGCCAGGGGGCCAGAGGGCTTTGTTTTGTTCATGTCAGGGGTAATGTTCGGACATTCTACCGGGATCAATGTTGACAGTACGTAGTCTGTCATGTTCGGACATGTGACCGAGGTCTTTGTTTGTTTCGTGCTG	R1	0.009699654765427113
seelig	consider missing	seelig_cm_zinb_phantom	GTCCCTGGTGACATAAAGAACAAAGTCGGCTTTGTTCCTGTTATGGTTATGCATTACCGTTGTTTAAACAAAGAGTGTCACGAGAGAATGGACTGGGAATGTTCACCGGACGTTTTGCCGGAACATGCCCCCATCGGAATTCCAG	R1	0.009317686781287193
seelig	consider missing	seelig_cm_zinb_phantom	TGTTCGACCGGGATCAATGTTTACAGTACGTAGTCTGTCATGTTCGGACATGTGACCGAGGTTTTGTTTTTGTTTGTTTGTTCATGCTGGCATGCTGGCATGCTGGCATGCCAGGGATCATTGTTTACAGGTCTACATTACGTAG	R1	0.00908516626805067
seelig	consider missing	seelig_cm_zinb_phantom	GGAAGTTGGTACAAACAAGGTCGCCGGCAAGCCGGGAATACTTGGGTAATGGTCTGCCGGTCAGGGACAAAGGTTATGTAATGGTCGCCGGGGTGCATGCCGGCATGCCTGGGCACGTTCGAAGGTAGAAACAAGCCTGGGTTCA	R1	0.00963897630572319
seelig	consider missing	seelig_cm_zinb_phantom	AGTCTTCCGACGGTAATGATGGCGGTAAAGTTCGGTGAACTTCGACTTACTTTGGTTACTTCAGTCAACAGTTTGACGCGAGGTAAACTTTGTAACCTAGGTTGTTTGCAGGTCAACTTTGCTCCGGCCGACATGCGTAGTCAAC	R1	0.009038549847900867
seelig	consider missing	seelig_cm_zinb_phantom	CGCGGTTTCTCGCAGATACGCTTCCAGGAAGTTACTCTTCCTTATAGGCCTATAGCGCTGATGAGTCACTTCCTTTTTCGCTGGATGACTCATATCCCGGATGCGGGTCTTCCTTATAGGCTGGATGTGGGTGTTTCTTACATCT	R1	0.009283920750021935
seelig	consider missing	seelig_cm_zinb_phantom	GGCCATGGGTTTAAGATATCGCAGATGACTCATACGCATGAGTCGCGCCCTCTAGGGGTGGCGCGTAGTAATTCTTCGAAGAACGCGTTTCGCTTATCAGTCATTCGTTAGTCGGCGACGCTTTTTCCCGAAAGATAAGTAACGA	R1	0.009373828768730164
seelig	consider missing	seelig_cm_zinb_phantom	CGCGAGGAGCACGCGTCACTTCCTGATAAGAACGCGGATGAAACTTATGAGTCGTCGCGCGAGAAAGGCGCCGCCCCGAGATATCGCCTCCTCGTAAGCGTCATCCAGCGACTTCTTAGGCGCCGGAAGCGGCTTCTGGAGGAAG	R1	0.009598948061466217
seelig	consider missing	seelig_cm_zinb_phantom	TTATCTGGCTGATGAGATATCGCTTTATCGTGATATCGTTTTCGCGCTTTAAGGATGGGTGGCGCGCGTGTTTTTGCGCGATATCGTTATCAGGATGGGTGGGGGGGGCGCGCGCATGAGATATCGCGATATCGTTATCGCGCTT	R1	0.009318764321506023
seelig	consider missing	seelig_cm_zinb_phantom	CGGATGGACCGGCGGTGCACGTTTAAAGGCCAGTGATGCGCATGCGCGTTATGGAGACCGGAAGAGGAGCTGGTGTCCGTGGGTGGTGGAGTCAAACCGGCACTCCCCCGCAGACCTCAACCAGGTCGCTAGCCCCGCACCAGTG	R1	0.009867795743048191
seelig	consider missing	seelig_cm_zinb_phantom	GAGGGAGAGGAAGCGGGAAGGAAAGGGGGAGGAGGAAGCTGGGGAAAGGGGCGGAATGGAGTTTGGATCTCCCACGTGAAATAGCACCCTATGCAACAGACAAACTATGTCTGGAATTTCCTGCCTGCTGAGCAACACCATTGAA	R1	0.009537824429571629
seelig	consider missing	seelig_cm_zinb_phantom	CATGCAGAACAAACGAGGGAGAACAAGCACACAAAGGACATGCCCGGGCATGCCCCGGTCGACCTCACCGGGCATGCCCCCCGGCATGCCCGGGCATGTCGCCAGGGGGCAAACAAACCAGGTATGTGACCAGAGGACCGGGAAT	R1	0.009365662932395935
seelig	consider missing	seelig_cm_zinb_phantom	CGGGGTAATTATTAACCCAGAACCGCGCAGCCCGAGTGTGGTAATTATTAACCGTATGGCCGAGGGTTGGTAATTATTAACCAATGCAACGATGAAGGAGTTGCACGCAGTGTTCGGGACGGCTGTCCTGCGTGAATAGCAGAAC	R1	0.009601123631000519
seelig	consider missing	seelig_cm_zinb_phantom	CCGGAAGCGGCGCTTCCCTATAGGGGGTTACGCTGGATGACTCACATCCTTTCTTATAGGATGTAACTCTCTCTTCCTCGCCTATAGCGTTTGTGAGTCACTTCCTTGAAGATACGCTTCCAGGAACCGTGGATGACTCATATCC	R1	0.009188408963382244
seelig	consider missing	seelig_cm_zinb_phantom	CAACACAGTAAAGGTTGTTGCCTGGGAATTAGAAGTGAAACACCACGCCCAAATGGCTCAAGCTGGTGGCCAGAGATAAGAACTTAAAGGCATCTCTCCCGCCTAGCAGACTGGGCCCCCTGGTTTCCCATCACTTCCTTTAAAC	R1	0.009643124416470528
seelig	consider missing	seelig_cm_zinb_phantom	TCGCCATTCGATCAGGCGACCGGAAGTGCCCGGTTACAAAGGCTTCGTGTTTGGGCATGCTCCCTGTCGACATGTCCGATGGTTACGTAATTGACTGTTGCAACAACTTCGGTCGTTTGTGCCGACGTGCGCAAGGCCAAAAGTC	R1	0.009537839330732822
seelig	consider missing	seelig_cm_zinb_phantom	TAATGCTCCGCGTGTCGCAGTGTAACCTTTGATCAAAGGTTCAATGACCGCTGTGACTGTACAACCACCGGAATGTTTGCCATGACCGGACATGTTGGGTAAACATGCCGGGGCACGTACTGCATGCCTGGTGGCAAGTTTTGAT	R1	0.009626462124288082
seelig	consider missing	seelig_cm_zinb_phantom	CATTCTACCGGGATCAATGTTGACAGTACGTAGTCTGAATTTGTTTGTTTTGTTTGTTTGTTTGTTTGTTCGGGCATGCTGGCAAGCTGGCATGCCAGGGATCATTGTTTACAGGTCTACATTACGTAGTCTGTCATGTTCGGAC	R1	0.009231319651007652
seelig	consider missing	seelig_cm_zinb_phantom	CGCTTATAACCACACACTGACGATGACTCATAAGCCATACACCCGCTGAATAAGTTACGCGTTATCTGGGTGGCGCTTCGCGATATCGCGTAATCATCTGGCGGCGCGACTTCCACAAATATGCAGACGTAACTATAAGTTACTT	R1	0.00960442516952753
seelig	consider missing	seelig_cm_zinb_phantom	CTCCTCACCGGACATGCCTGGGCATGTCCGCAGTTCGACCGCAGTTTATAGTTCACTATCTATTTCACAATTATGGTCTGCTGTATACAAGGGTCTAGGTGAATCAAACTTGACGTTGACCGCGATCTTTGTACAAAGGCGCGGC	R1	0.009553758427500725
seelig	consider missing	seelig_cm_zinb_phantom	AGAACTTCTCGTACCATCGGGTTATGATAGTGTCGCGAGAGCCCTCAAGGTGTTTAACAGAGGACTAGTACAACATACTTATGGGCCAGGGAAATAAGAATCCTATCATGCGCTAAGGATTCACTGACATGCCCGGGCATGGCGA	R1	0.009555725380778313
seelig	consider missing	seelig_cm_zinb_phantom	CTTGCTTTGTTACCAATAAGATTGGCTCTGGAGAGCATGCGCAGACAATGGGCCTCCTGATGTTGACCACCAGGATTGGGCAGACCACCATCCAGCCACAAGGGGCGCTAGAAAGCTGCTGCCCTTGCCTTCACTGCCAGGGCTA	R1	0.00957141537219286
seelig	consider missing	seelig_cm_zinb_phantom	CTATATCGCGCGGATGCGATAGGGCGATATCTCGCGGATGAGATAGCGTTTTTTAGGAGGGTGGGGCTTAAGAAGTTTCTTATTGGCGGTCTTAAGGAGGAGCTTATTGGCTGAGTTGCGCGATATCTCGCGGATGCGATAAGTT	R1	0.009530174545943737
seelig	consider missing	seelig_cm_zinb_phantom	TGACCAAAGGTCACAGAACATGCCCGGGCATGTACATGCCCGGGCATGTCCAAACAAAAGACAGAACAGGGGGACATGCCCGGGCATGTCACCCACGGACCAAAGGTGCAGAGGTGACTGGACATGACCAACTCACCGGGCATGT	R1	0.009358038194477558
seelig	consider missing	seelig_cm_zinb_phantom	TAAACATGCGGGGAGAAGGTCGAACAATGGTTGTTGCGTAAGGGGATTGTTGCGGAATGTCGAACAGAAGGGGGGGGGGGGGGAGGTTTAAACATGCGGGGATTGTTACATAAAGTTGAACTTTTGAACTTACGGTTGTACAAGC	R1	0.00958876684308052
seelig	consider missing	seelig_cm_zinb_phantom	CGGGGAGTCCAAAAACAATCGTATTTTGACCGAACCTTTATACAAAGCCCGGTTGTCTTAGTGGCGCCATCAGAAATTCCGCTCTGGACTTTTGCATTACCTACTACCAAGAGTGGACATGCCCGGGCATGTCTACAACCCAATC	R1	0.009420756250619888
seelig	consider missing	seelig_cm_zinb_phantom	GCGGGCAAGCATTACATAATGGTGAACATCGGGTGGATTGGGTTTGTGCAACCGGGCGATGTACTCAAGCTCGCAGGCACTACCGGTTCGCTTTGTACAGACGCAATTCCGGTCGCGTTTGCGCATGCCCGCACAAGACCCCGTT	R1	0.009742552414536476
seelig	consider missing	seelig_cm_zinb_phantom	GTGAAGAATAACTAAAGCAGACAACTGGCATGCAACGGAAATTTCCAGCGGCCTTTGTTCACTAATGTTACGAAAGTTTACCGTGGCGAAAGTTAACCTCCTCTAAGCTCGGGACATGCCCGGGCATGTCCGGTCATGTACAATG	R1	0.009524397552013397
seelig	consider missing	seelig_cm_zinb_phantom	GGGTCCATGTACTACTGGTGGGGACAGATAAGCTACCCTCACCTGGTGGGGACAGATAAGGCCCACCTTCGACGGTAACGGAGATGTTACCGCCCTGGTGGGGACAGATAAGGCTCCTCTGGTGGGGACAGATAAGAACGATGCC	R1	0.009421275928616524
seelig	consider missing	seelig_cm_zinb_phantom	ATTTCAGCCAATCATGAGGCAAGAAAGTAGTCACGCTCACGTAAGCAACCAATCAGAACAGGAAAGGAGAGGCACCAACGTGACCCGGACTGATTCTCGGAACAGCCAGCGAACATTTCGAAACCCAAAGTGGGCGGGGCGAGGG	R1	0.00949164666235447
seelig	consider missing	seelig_cm_zinb_phantom	TCGGACGGCATGCCGGCCGGAGAGCATGCCGGCCGGAGTCCGGAGACCAGGGGACATGCCTGGGCATGCCCCCAGGAGAGCATGGCGGCATGCCGGCCGGAGAGCAGGGGTGAACAAAGGCCGCAGAGCATGCCCCGGCATGTCC	R1	0.009247107431292534
seelig	consider missing	seelig_cm_zinb_phantom	CAGGGGACATGCCCGGGCCAGACACCCAGCCCAGACATGTCCGGTGAACTTTGGAACAGGGGACATGCCGGGGCATGCCCAGGCATGCCCGGTGAACTTTTGTTTGTACAATGGTTGCCAACATTGAAGTTTGGACATGTCCGGG	R1	0.009405883029103279
seelig	consider missing	seelig_cm_zinb_phantom	GTGGGTGTGTGGGGGGGGGGGGCGCGATATCTTGCGGATGAGATATCGTTTTTTAGGAGGGTGGGGCTTAAGAAGTTTCTTATTGGCTGAGTTGCGCGATATCTTGCGGATGCGATAAGTTTCTTAAGGAGGGTGTGTGGGGGTG	R1	0.009678498841822147
seelig	consider missing	seelig_cm_zinb_phantom	GGAGAAACGCGGAGCGCGGATGAGTCAGAGACGCGGAAACGCGGAGGGCGGGGCGATAAGAGGCGCGATGAGTAAGAGGGCGGGTCCGCGGGGCCATCCGCGAATAACGCGGAAGCGCCACCCACGACTCAGAAACGCCGTGCGC	R1	0.00976493488997221
seelig	consider missing	seelig_cm_zinb_phantom	GGACAGGTCCATTGGGGTGACGTGACATGATCAATACGCACTCCAAGGCAAAGGTCAACCATCTGATCTCAACCTCTGATCTACCGGTGAACGGTGGACATGCCCGGGCATGTACAAAACTCCCTCGTAGCTTTGGTCTTTGTTC	R1	0.009775975719094276
seelig	consider missing	seelig_cm_zinb_phantom	CAAACATGACGGGGGTTGACCCCAGCACAATGGATCCATGCCGGGGGCCAAAGGTCACACTACATAACAGGAGAGAACTTTGACCCCTGCTCAATCGATCCAGGCCGGCATGCCCAGACATGTCCGGTGGGGACTTTGACCCCTG	R1	0.009536802768707275
seelig	consider missing	seelig_cm_zinb_phantom	GGATGAGTCATCACGATGTTACGTCGTCCGGCCCCCGCGCGGCACCGGCCCCCAGGCCATAAGAGCAAACGGAAGCGTCTTATAAGAAAGACGCGGGTTTCGCGTACGCCGCCGCGCGCGCGGGAAGGCTTACGCGTTAGAAACC	R1	0.00963972695171833
seelig	consider missing	seelig_cm_zinb_phantom	TAGAAAAGATATCGTCATATCCTTATAAGACCCGCGCCTTCCTCCGATGAGTCACTTCCGGTTTCGCGGATCCGCCCAATGACTCATCCGCGCCTTCCTGCGAGATATCGCTTCCGGAAGATAAGATCCGCGCCTTCCTGCGAGA	R1	0.009388899430632591
seelig	consider missing	seelig_cm_zinb_phantom	TAGGCAAGCGAGGTTGGTTACATAAGGGGAATGTAACGGAAAGTCGAACAATGTTTGTTGCGTAATGTTGAACTTACGGTCATAAGGGGGGGGGGGGGGAGGTTTAAACATGCGGGGATTGTAGGGGAATGTCGGAAAGTTGAAC	R1	0.009808405302464962
seelig	consider missing	seelig_cm_zinb_phantom	CACTCTCTGTGACCTTGGTCGCTCACGAGCTTCGGAATGTTTACCCTCCGGAATGTTTGACCTTTGAACAAACACTGCAAACATGCCAGAGTGAACAATCCCCATCATGTCAGGCACTGCTGACATTCCGGAATGTTTAAACTAG	R1	0.009680455550551414
seelig	consider missing	seelig_cm_zinb_phantom	GAAGAGCGGGCGGAAGTATGCGATAAGCGAGCGAAGACGCCTCCACCCTCTCTCCCGCCAGAAGTGACGTCAGTCACGTGGGAGGACAATGGTGAGAAGAGGGAACCTAAGAATTCCTGGACTCTGACTGGGCGTGAGAAATGGC	R1	0.009346154518425465
seelig	consider missing	seelig_cm_zinb_phantom	CATCGTACTTCTTCGTCCTTATATTGACGATATCAGGCTCCGGGTTTCGAGGAAGCGCCACGCGCATCCGAGGGCTTATAAGACTGATAAGTCGTTTTGGGGGTGTGACGAATCTGCAAAGACGCGGGGATTCAGGAAAGTGTGA	R1	0.00866532139480114
seelig	consider missing	seelig_cm_zinb_phantom	CTTCCGCTTTCGCGTGTGTTATCGCGTTATCGAGTTATCTCTTCCGTTTCCGATTGGGCGCGCCCTTCCGCGATGTAGCTTCCTATTTCTTCGGCGAGTTATGTCTTCTCTCGCCGATCGGCGGGTGTTCCTCTTGGCGGATCGG	R1	0.009721115231513977
seelig	consider missing	seelig_cm_zinb_phantom	TGGCAAGCCAGCGAACGTGCAGAGCGTCGGCACAAGTCCCGGGGTTACATGTCCGGGCCTGTTAGACGTCCGTAATCATGACGGAAAATTGAACGCTGACAGTGTCAAGAGTCCAAAGCACTCTAGCCTTGTCACAACAGGTTAG	R1	0.009505746886134148
seelig	consider missing	seelig_cm_zinb_phantom	CGTGAGTGCAATGATCAGTGGCCTTTGTCCTTTGTTCTAGTGGTCACGTTACATAACCGGCCCGGGTTACATCATGTGTACAGACATGCCCAGGGTTCAAAGTGAACATTGGACATGTCCGGACATGTCCCCTGTGCTCGAACCT	R1	0.009388296864926815
seelig	consider missing	seelig_cm_zinb_phantom	TGTCCAGAGAGGTGACCGGGCCAAGGGGCATGGGTGACAGTACAAACAACAAACCACAAAGGTGAACATGCCCGGGCATGTCCCCAGGAACATGGCCCCCGGTAGACATGCCCGGGCATGTCAGCCAGTGACCAAAGGTCACAGA	R1	0.009477155283093452
seelig	consider missing	seelig_cm_zinb_phantom	GGAGGAGAGCAGTGGACAAACAACCCGGGGGGGAGGTGGACAAAGGCCTCCGGGCATGCCCCCAGCAGTACACAACCAACCCGGGGCATGCCAGGGGGGAGGAGGGGACAAGCCCAGGCATGCCCCCAGCAGTACACAACCACCA	R1	0.0095903929322958
seelig	consider missing	seelig_cm_zinb_phantom	CCCGCGTCCCCGGTTACGTAATGGGCAAAGGTCAGGTCTCTGAACTTGACCACTGGAGGCCAGCGTGCGTAAACAAAACCGATGATGTAACACAGCGGAAGGGTAACCGGGCTTTGAACTTTCGGTTGTTTGACCGCAGGTTGTA	R1	0.009320755489170551
seelig	consider missing	seelig_cm_zinb_phantom	CGAATATGGTGTACCTAAGTTCAAAGCGACGTAAACTATCAACCCGGTGCCAATGATACCAACCAAGGAGTTGTGCAGAGGGCATGCCCCGACATGCCGTCCGGCATGTTTAACCTTTGAACGAAGGTTTTTCAAGTGATCTACA	R1	0.009562754072248936
seelig	consider missing	seelig_cm_zinb_phantom	CGCCTATGCTGTTTACTTAGGGGTGTTTACTTAGGATGTTTACTTAGGCACATCTAAGGGCCCCAAGGGTGTTTACTTAGGGTTGAGCACTCTGTTTACTTAGGAGGGCTATGTTTACTTAGGAAACATAGTTGTTTACTTAGGT	R1	0.009435608051717281
seelig	consider missing	seelig_cm_zinb_phantom	CGACTTCCGGATGACGCATCCCGATTGGGCGATAACGAATTATTAAATCATTTTAACTTGCTTATTAAGAAGTAAGCTCCTCCGGGGAGCGGAAGTGACTTAAAACCCCCGCCCCATCCGGCGCGTCGTCCTATTACTAGAAATA	R1	0.00973180215805769
seelig	consider missing	seelig_cm_zinb_phantom	TGTGATCATTGTTTACAGGTCTACATTACGTAGTCAGAATTTTTTTTTTTTTTTTTTTGTTTGGTTCGTGCCGGCATGCCAGGGGTCATTGTTGGGCATGTGACCGGGATCAATGTTTACAGTACGTAGTCTGTCATGTTCGAAC	R1	0.00962429866194725
seelig	consider missing	seelig_cm_zinb_phantom	CCGAAGTTCAAAGCAGGTGACCTATTAGTCCAAAATCCGGACTCGCTCTGTGCACTTCTGCTCACCTGACTCCGGACTTTGTTCATTGAACCGTGGACATGTCCGGGCATGCCCGGAGGAATTTCTGCACTCCTGCATTACATAA	R1	0.00963361095637083
seelig	consider missing	seelig_cm_zinb_phantom	GCTGGGGGCAAACATGCCGGGGGTCAAAGGTCACACAGTACAAAGGTCAAACTCTGCAGGCATGCCCAGACATGTCCGGTGCACAATGGATCCAGGGCGGCATGCCCAGACATGTCCCCTGGGGACTTTGACCCCTGCTGTGCAG	R1	0.00949261523783207
seelig	consider missing	seelig_cm_zinb_phantom	TATATCGGCGGGGGGCGCAGGAAGTCACTTCCGGGAAGCGCCGCCCCAAGAGGATGAGTCATCCGCGGGGGGCGGACGCAAGAGGATGAGTCATCCTATATCGGCGGGGAGCCCAGCCTATAGGCCGGGAGGCCCCGGGGGGGGG	R1	0.009843366220593452
seelig	consider missing	seelig_cm_zinb_phantom	CGGGCATGCCTGCTGCCCAGGTAGGCCAGGGGCAAAGGACTTTGGACTGTGGCACCAAACACTGACCGGAAGGTCAGGGGCAAAGGGCTTTGTATTGTTGCACAAAACAAACACCGGACGGACATGCCCGGGCATGTCCCCTGGC	R1	0.009541510604321957
seelig	consider missing	seelig_cm_zinb_phantom	TCCTTCAGGAAGTTACGCTTTCTTATCTTCCGGAAGATACGATATCTCGCAAATAGGATGACTCATAAGTGTTCTCGCGGATTCGCGGGACGCCCCCCCCTTATCGGCTTGCGATTTCTTGCAGATAAGATATCTTATAAGCGTT	R1	0.009161191992461681
seelig	consider missing	seelig_cm_zinb_phantom	TCCGATAAATCGGATCCGCCTCATGCGTCGCTTCTTCTTATCACTTCGCGGAGGCGTCGGAGGAGAAGCGGAAGTAGATAACGATTTGATGACGCGTCTCTTCTAAATCTGACGCGCCGTATGAGTCGTCCCTCGACTGATTAGA	R1	0.009391991421580315
seelig	consider missing	seelig_cm_zinb_phantom	TTATCTGGCTGATGAGATATCGCTTTATCTTGCTGATGAGATATCGCGATATCGTTATCGCGCTTTAAGGATGGGTGGGGGGCGCGCGTTATCTTGCTGATGAGATATCGTTTTTATTGGATAGATGTGGGTGGGGCGCGCGCAT	R1	0.009454497136175632
seelig	consider missing	seelig_cm_zinb_phantom	GCTCTTCTCGGCTGCTGAGTAGCCAGTAGCCTGACGCAAATCCTTATCAGAGCAGACCACATTTTCCAGCCCCCGTTCATGAAGGGTGGAGGGAGCTGGAGAAAAATGAAAACATGCTAGTGACCAGTGGCTAGGCACTGATGAG	R1	0.009661120362579823
seelig	consider missing	seelig_cm_zinb_phantom	CGGGTACGTCATGTTTGTACAAACATTGGTCATTCATCCCGTTAATGTTACTGTCGAGTTCCCTAGGCATGCCCGGACATGTCGATAGTACCGGGCAATATGCCCCATTGTGTTACATAACCAAACAAGCTTCCGGAAGTGTGTC	R1	0.009652846492826939
seelig	consider missing	seelig_cm_zinb_phantom	CGCCATTCAAGTATCGAACATGCCAGAGAAAGTCCGGTGGACTTTGACCTATAAAAAGAAACAAAGCCCGACGAGCTTGCCCGGGCATGCTCTGTTTGTACATTGCCTACGATCATTGTACAATTATGATTGGTGTCCTACCTCC	R1	0.00964533444494009
seelig	consider missing	seelig_cm_zinb_phantom	GCTCACCAGGACATGTTTGCCTGTTTGGCCCTTTGGACCTTTGGACTTTGGTTCAAAGGGGGACATGTGGCCCTGTGGACATGCCCAGGCATGTCCGGACTTCCGCTGGGGATTGTCTAAACAAGCCATTATACAAACAGGGGCA	R1	0.009413364343345165
seelig	consider missing	seelig_cm_zinb_phantom	CCGGTGACATGCCCGGGCATGTTTGTACAGAGGGGGGGTTGTTTGGACATGCCCGGGCATGTCCCCTGTTCGGCGGCCCGGCATGTTTGTACCCACATGCCCGGGCATGTTTGGACACCCCCTGACCGGTCCACACATGCCCGGA	R1	0.009253685362637043
seelig	consider missing	seelig_cm_zinb_phantom	TCTTGCGGGTGGGGCCGCGGTGCCTCGTCAGCTTCTGGACCAGCACTAGCTGGTGGGGACAGATAAGAGCCTGGTGGGGACAGATAAGGTGTCGACACCCTGGTGGGGACAGATAAGAATCCGGAGTCCGGGTGTTGCGTAGTTC	R1	0.009370671585202217
seelig	consider missing	seelig_cm_zinb_phantom	TGCAGCACTGAGCACAGGCTGGTGTTCCCACTGGGGGCAGCATGGAGGATCTGCGTCCAGGGGGCAGAGTGTGATGACATCACCCACATGCACAGGAACGATAAGGCTTTCTTAAAAAACGATCTTTTCTCAACAGCTCCTCAAA	R1	0.009791010990738869
seelig	consider missing	seelig_cm_zinb_phantom	CGATAACGTTACTTCCTTATCGTTCGCGAAATAAGCTATCTTATCGCGCATCCTATAAGGCAGCGCCGCTTTCGCGGATTCGCGGAAGCGCCTTCCTTATCGCGCGTCTTATAAGTCTTTCGCGGAAGCGATAATTCGCGGAAGC	R1	0.009296647273004055
seelig	consider missing	seelig_cm_zinb_phantom	GCGCCTGCCAGGTGAACCTACCAGACATGCCTTGACATGTCCGTTACAAAGGCCAACCATGCCGGGGCGACTGAAGGTGACCGAAATTTCAGCGAGCTGGACTTTGAGCCCTCGGGGCTTTGTACAAAGACGGAATGAAGACTAC	R1	0.009442639537155628
seelig	consider missing	seelig_cm_zinb_phantom	GATAAGGAAGTTATCACGCGGTTTCGCGGTTTCGCGGAAGAAGATGAGGAAGCGCGTTATCGCGGAAGTGAGGAAGTGCGTTATCGGACTGATGAGGAAGCGCTTTATCGGGAAGGGAGACGCGGAAACGGATGAGTTATCTGGG	R1	0.009614263661205769
seelig	consider missing	seelig_cm_zinb_phantom	GAGACCTCAGGTTCACTTGGTGTTTGTTCACCGGACCTAGACTGTAACGTTGGTCATGTACGAACAAACATGACGTGACTAAAGTGGTGGAGCCACTATTGTACATGCCCGGGCAAGCCCGCTGGCCGCTGTGCACCGGACCCAG	R1	0.009609207510948181
seelig	consider missing	seelig_cm_zinb_phantom	ATGAGGGGCCAAGGCTTTTGTTGCTGAGAATGCAAATGACAGCTGGGTGTCTGCTGGCTGGCTGATGCAACACGCTGCAAACTCCTTCCTTTGGATTTAGGTGGCTTCTCTCATCCCAGCATCTAAGCCACAAACCCCCAAAACA	R1	0.009630572982132435
seelig	consider missing	seelig_cm_zinb_phantom	AAGTCACTTCCTTTTCCGCGTCTTATAAGACCCGCCCAATGAGTCACTTCCGGAAGATAACATCCGCGGATCCGCGTCTTATAAGACCCGCCCAATGAGTCACTTCCGCTTTCGCGGAAGATATCATCCGCGCCTTCCTGCGAGA	R1	0.009440119378268719
seelig	consider missing	seelig_cm_zinb_phantom	ACGAAACGCTAGCGGAAGCTATTGGTCGCGTCATCGGATTTCAGGACGGCGCTTCCGCGTAAGACGCGGCTTTAGGAGCTAATGAGTCATCAGCGCTATCTTAGCATACTAACGCCTTATACCGGATTTTATGCGGAGTATGACA	R1	0.009772785939276218
seelig	consider missing	seelig_cm_zinb_phantom	AGAAAATTCCTGGATGACGCGGAAGTTATCGCTTCCGCGTCCGTGCTTAAGATATAAGACGATATCTTAACTTCCGTTTTATCTCGCACACCATGGGGGCGGGACGTCATTGGAGGGCGGTTCTCGGATACGACATCCACAGGTG	R1	0.009524901397526264
seelig	consider missing	seelig_cm_zinb_phantom	AATACGCACTTATTAGTCGGAGCCGCTATCGCTCTTCGTCGCGCTTCCGGAAGTGGCGCTGCGTCACGCGACCAACGAAATGAGGCCGCATCCTTATAAGGACGCGCGAGTCACCGCTTGTCTCACACGATAGTTACGCCGATAC	R1	0.009648841805756092
seelig	consider missing	seelig_cm_zinb_phantom	CTGAGTCATAGAAGCGACAGCAGGAGCCGCGCGCTGCTACGAGTTAATAAGCAGGAAGCGCCGCCTCTTTTTCCGGCGTTGCGTCCGCGCGCGGCGTATCCTAGGGATAAGAAACTTCCTTATCATCCGATAAGGAAGTTCCTCG	R1	0.009872063994407654
seelig	consider missing	seelig_cm_zinb_phantom	GTCAGATCTCGTGAGACTTATTCACCACCACGAGAACAGTATGGGGGAAACCTGCCCCCGTGATCCAATTCTCTCCCACCGGGTCCCTCCCACAACACGTGGGAATTATGGGAGTACAATTCAAGATGAAATTTGGGTGAGGACA	R1	0.009877887554466724
seelig	consider missing	seelig_cm_zinb_phantom	TCCGAGGGCGGGGCTAGAGATAAGGAAGAAGGAAGCGATATCTCCCACGAAAGGGGCGGAGGGAGGAGACGGAAGCGATATCTCGAAGAACCGCACCCACGGGAGAGATAAGAAAGTGAGACAGCGTATCTGCGAGAAAGCGTAT	R1	0.009861787781119347
seelig	consider missing	seelig_cm_zinb_phantom	GGCATGCCAGGGGGTTTTGTTTGTTTTGATCATTGTTTGCTTTGCTCTGGGTGGTTTTGTTTGTTTTGTGCCGGCATGCCAGGGGTCATTGTTTGACATTTGACCGGGATCAATGTTGACAGTACGTAGTCTGTCATGTTCGGAC	R1	0.009734844788908958
seelig	consider missing	seelig_cm_zinb_phantom	GCTCAGGTTTGGACTTTGGTTCAAACTCCCCCGGACTTCCGGTCAGCATTGTACAAAGGTTCAAACTCCCTTTGGTTCAAACTGGGTCATGTGGACATGCCCAGGCATGTCAGGAGGGGATTGTCTAAACAAGCCGGGACATGAC	R1	0.009762898087501526
seelig	consider missing	seelig_cm_zinb_phantom	GAAGTCTATGATGAACTTGCAAACTAAGGTATCTTGGATAAAATGAAGGGAACTGTGTCTGCTGTGGGCAGATTATCTGCGAATGAGAGGATTCAGGGCTGAGATATCAGCAGGCCAGTGCTGGGTCTGTTGTAGAAGGTCTATG	R1	0.009795510210096836
seelig	consider missing	seelig_cm_zinb_phantom	TGGGGGCGCGTCAGTATCTCGGCGCATCCGTCTCTCCGAGGAAGTGAGTCACCCCCAGGGCCTCACCGCCTATCGGCCGCGCCCTAGGAAGATAAGGAAGTAACTCAGCGTATAGGCGAGTCAGCGGGACGATAACTCACGCGCG	R1	0.009654274210333824
seelig	consider missing	seelig_cm_zinb_phantom	GTTCAAAGTCCACCGGAATCACTGCGGACGTTGTTCAAAGTTCAAACTTCCGGTGGTTTGTTTGAACAAGCGTACAAACATGCCGGGGCATGTAATGGGCTCAGTACAGGTGACTCTCCGAGGCCTGGAGCCGTCGCGTGGCGAG	R1	0.00982298981398344
seelig	consider missing	seelig_cm_zinb_phantom	AGTCACAGGGTGACTCAGCCTCGTTACGATGAAACAGTAACTTCCTACTACCTAGAAATCGCAGCCAGGGCCAGACCGGTGTTTGTCCTAAGTCGGAACTTGATTGGGCTGAGAAATCACATTGTGACTATTCCACGACTTGAAC	R1	0.009812086820602417
seelig	consider missing	seelig_cm_zinb_phantom	GGAATGCCGGACTGTGAACAACAAGGTCGACCTAGGGGCATGTCCACCGGGAGACCGGTCGAACCATGGACATGCCCGGGCATGCCCCGGACCATCAAACGACCGGAATGACTGGGGACATGCCCGGGCATGCCCCCAGGCACCG	R1	0.009220837615430355
seelig	consider missing	seelig_cm_zinb_phantom	GTTGTCCGGTCATGTGAACAGGGCAAACTCCCCCCGGCAGGCCAGGGGCAAAGGACTTTGGACTGTGGCACCAAACAATCAACCAAAGGTCAGGGGCAAAGGTCAAAGTCCCACCGGACGGTCATGCCCGGGCATGTCCCCTGGC	R1	0.009549944661557674
seelig	consider missing	seelig_cm_zinb_phantom	CACATTTCATGAGTCTTTCTTATCGTGAGTCTTACTTCCTTAGAAAGAAAACGCGCATGAGTCATCCATAGAAAGAGTTTTTCCTCGATAACGCTTTTTTCCGCGTCCTCTTGCGCGCCTTATCGCGATAACGCGATATCGCGCG	R1	0.009726188145577908
seelig	consider missing	seelig_cm_zinb_phantom	TGTGAGTACATGCCCGGGCATGCGACCTCCCGAATCAACTCGATGACATGCCCGGGCATGGATGCGCACATGCCCGGGCATGTGAACATGCCCGGGCATGCTATACAGTCCACATGCCCGGGCATGTGCTTAGTCCTGCGGGGCT	R1	0.009569806978106499
seelig	consider missing	seelig_cm_zinb_phantom	TACGGTCTCCCCTGGACTTGCAGACTACAAGGTCGGGCTGGTGGGGACAGATAAGGACTGGTGGGGACAGATAAGCGCGGCGGGTAGTTGGCATTTTGCCCGAATATATCAGCCGGGTTCGGCGGAAATAAGCGAGAGGGACACG	R1	0.00961320661008358
seelig	consider missing	seelig_cm_zinb_phantom	CCAATTCAGGTTCAAAGGTCACCCGAAGAAGATAGTTTACAGATGCTAACAGGTTCAAAGGTCACTGCGTGGCTGGTGATGCGACCCGGTGAACACGTAAGGTTCAAAGGTCAGTTAGTGAGGTTCAAAGGTCATCGACGGCCGA	R1	0.009756012819707394
seelig	consider missing	seelig_cm_zinb_phantom	GAAGGACGCGCCCCTATCGCGCCGCGCCACCCACGATATATCGCGCCGGGCCCGTATCTCCCCGGAAGGATAAGGATAAGTCAGCGTATCGCGGCGGAAGTAAGGAAGTGACTCACCGCCCGGATGACTCACCCCCACGAAACGC	R1	0.009544779546558857
seelig	consider missing	seelig_cm_zinb_phantom	ACCTCGTGATCCACCCACCTCGGCCTCCCACAGTGCTGGGATGATGGGCCTGAGCCACCGCGCCCGGCCGGAAATGAGTCTTAAGCAACTGCTGGTAGTGATGCCTCTGAAGTGGACTAACGGAAAACAGCGCGTGACAGAGGAC	R1	0.009750965051352978
seelig	consider missing	seelig_cm_zinb_phantom	TTGACGCGGGGCCACGGAGACACGGAAGCGCGGACCCATGGAGCGATACGCGTTTCTTGGAACAGAAGGGCGGACCGATACGTGGGTCCGCGAACGGACCCGCAGACCCATGGAACCGTCCTTATATCTTAAGGAAGTGACGCCG	R1	0.009729372337460518
seelig	consider missing	seelig_cm_zinb_phantom	TAACAGGAAGGATAACTCGGAGGAAGGATATAAGCATATAACGAAAGAAGGGGGGGGCCGCATCCGCGAAAGGCGGCGCCTATAAGAAACGATGAGTCACCCCGTATCCGTCCGCGAAAGGCGGCGCCTATCGGAGAAGGAGGAA	R1	0.00993568729609251
seelig	consider missing	seelig_cm_zinb_phantom	CTGATGAGATGACGCGATATCGTTTTTATTGGCTAGATATGGGTGGGGCGCGCGCTTTATCTGGCTGATGAGATAAGGGTGGGTGTGGCTAGATGTGGGTGGGGGGGGCGCGCGCATGAGATATCGCGATATCGTTTTTATGAGT	R1	0.009811025112867355
seelig	consider missing	seelig_cm_zinb_phantom	CTTTGGACTTTGGTGACCCCAGGTACAAAGGACCTTTGACCGTAATACAGCATGCAGTGCGCAAGCCAGGACAGGATTGCAAGTGAACATGCCCGGGCATGTGACCAGGGACTCTGCAATCAAAGCTCTGTACGGGCAAGCCATG	R1	0.009787281975150108
seelig	consider missing	seelig_cm_zinb_phantom	CGATATCTTACGGCGCGCCTTATCAGGAAGTAACGTTATCGCGCAACTATAATGAGTCATCGGATCGGCCTTACGCGGATCCAACCGGGGATCTGCGCGGAGGATTCGCTTCCTGGAGATAAGTCGCGCTTTCGGATGGGGTTTG	R1	0.009573939256370068
seelig	consider missing	seelig_cm_zinb_phantom	CTGTGGACATGCCCGGGCATGCAACATGCCCGGGCATGCCTCTACATGCCCGGGCATGCGTCACCATACATGCCCGGGCATGGCAGACCGGGAAACACATGCCCGGGCATGGACATGCCCGGGCATGAAACATGCCCGGGCATGT	R1	0.009353181347250938
seelig	consider missing	seelig_cm_zinb_phantom	GAACGGAACGACAACGGATGGTGATGGACGTTGATTGATCTTTGTCCATTGTTGTTTGTTTGTCCAGTTCGGTGACCGACGTTCACACCGGCCGTCTTCATTGGTCTGTCGGCATGTTTGCCCAGACATGCCCCGGAAGTCACGA	R1	0.009743725880980492
seelig	consider missing	seelig_cm_zinb_phantom	GTGAACATGCCCGGACATGTCCGGCGGCCGGTGAGTATGCCGCTAGTCTTCGTTCCGTTGTTCGTTGCGGACATGTCGAACCAAGCCGCGACATGTCCCGGCATGCCCGAAAGTACAAACATTGCAGCCTGTCTCTATTTCATCA	R1	0.009626112878322601
seelig	consider missing	seelig_cm_zinb_phantom	GCCAGGTCGAAACCTTAAGTTTGCCCCCAGTAGACATGTCCGGACATGTTACGTAAGCTCGCCGGCATGACACGTCCACTGAAGCCTGAGTCCTCCGCCGCAAGTCAAACTCCCAAGGTCTTTTGGCCATGATGGAATAGTCCAA	R1	0.009480535984039307
seelig	consider missing	seelig_cm_zinb_phantom	TAAGCATGCGGGGAGAGTTACATAAGGGGATTGTTGGGGAATGTCGGAAAGTCGAACAATGGTTGTTGCGTAATGTTGAACTTACGGTCATAAGGGGGGAGGTTTAAACATGCGGGGAGATGTACATAAGGGGAATGTAACAGAA	R1	0.00954928807914257
seelig	consider missing	seelig_cm_zinb_phantom	AAATTCCTGTCACCCAGCAAACATGCCCGGACATCCACTTTACATAATGTTTGTCCCCTGGCCATTCCCTTTTACATAATGTCCCCATTACATAATGTTTGTTCAAACCAAAGTTCAAACAACTCCCTGTCAGCTAGTTTAAACA	R1	0.009693661704659462
seelig	consider missing	seelig_cm_zinb_phantom	TGTTGGACAATCCAATGCACCTGGGCTTACGCTCGTGACATGCCCAGGCATGAACGTCCCCTGGACCTTTGATCATGCCAGCATGGCGACTATGGCATTCCATAATTCCTGATCGCCTTGATTACACAAACTTGGTTCCTACTGG	R1	0.009698486886918545
seelig	consider missing	seelig_cm_zinb_phantom	TGTCGTAAGAACGCGTTTCTCGCATACAAGAAGATACTCCAATCGGTTGATAAGGAAGCGCCACACGCTTCCTCGATTTACTTCGCTGTAGGCGCGGCCTTATCTCCCAGATGCTGATGGAAATGCGTCATATCCTGCTTATTGG	R1	0.009670061990618706
seelig	consider missing	seelig_cm_zinb_phantom	TTTCGTGAAATCCCCTTACGATAAATAAGACACGGTTTCTTGCATCCTCACTCCGCCAAATAGCGCAGCGAAACGCGGAAGCGCGAGACGCTTTGAACACGGAGATAAGTTCCGCTTCCGTTTCGAGAAAGAAACATCTTATCTT	R1	0.009832840412855148
seelig	consider missing	seelig_cm_zinb_phantom	GTGTGGGGGGGGCGCGCGCATGAGTTATCTCGATATCGTGATATCGTTTTTATTTGCGTTTTCTTTATCTTGCTGATGAGATATCGTTATCGCGCGATAAGGATGGGTGGGGCTATATGTGGGTGGGGGGGGCGCGCGCATGTGT	R1	0.009561973623931408
seelig	consider missing	seelig_cm_zinb_phantom	TCCGGCCTATAGGCGCGGCTTCCTCGACCCGGGGGGTGAGTCATCCGGCGGCGCCGATTGTCAGTTATCGCTTCCTAGATATAGGGGGGCGGCGCTTCCGAGGGAGGGGCGGGCTCTCAGTTATCGCCCCGCGCCGATAGGCGCG	R1	0.009824966080486774
seelig	consider missing	seelig_cm_zinb_phantom	CAGAGTTATCGGATGAAAAAAATCTGATTAGGCGCGGGGCGCCCCTTCCGAGAAAGACGCATCCTTAGGAAGTTACGAGATATATTTCATGAGTCGCGCCGCATGACGCGGCTTATTTCTCATACGTGTGGCGCCGCATCATAGA	R1	0.009793128818273544
seelig	consider missing	seelig_cm_zinb_phantom	TGCTTTATGAATGGAGCCGGGGAAGGCTGCTGACTCAGCAGGCAGTAAGGCTTTGAGGCCGGAAGCGTCTGGAAAGGAAGTGGCTGCTCAGGGCTTCCCCACTGTAGACAGCTGGGAGAGAAGGGGGGCTGGCCAGGATGCACAT	R1	0.009828450158238411
seelig	consider missing	seelig_cm_zinb_phantom	TTATCGGGGAGGGAGACGCAGTTACTCATAAGGATGCGGAAGTTATCGGAGGGATGAGGAAGCGTTATCTTTCTTAGAAGCGCTATTTCTTTATCGCGCGGTTTCTTTTGAGGATGCGCGATATAGGTAGTTATTTCGCGGAAGC	R1	0.00969188567250967
seelig	consider missing	seelig_cm_zinb_phantom	AAGACCATTTCCAGTCTCTTCCTGCAGGGCTATGCATTGCCTCAGCTCCTTTTGAGGAGCTGTTGAGAAAAGATCGTTTTTTAAGAAAGCCTTATCGTTCCTGTGCATGTGGGTGATGTCATCACACTCTGCCCCCTGGACGCAG	R1	0.009566254913806915
seelig	consider missing	seelig_cm_zinb_phantom	CCCACACGCGCCGCCTATCGCGGAAGCGGAAGCTGATGACTCATCCGCGTGGGGGCGGCGCGTCCCTCTAACGATTTGTGAGTTTTATTATATCTTCATCTTCCTGCGCTTTTCTGAGAGGCCCCTCCAATGGCTGATAAAGAAA	R1	0.009891523979604244
seelig	consider missing	seelig_cm_zinb_phantom	AGTCCGCGACTTCCGGTTACTTATATGTCGTCGGGGCGGCGCTTTCGGGTAACTCACTTCCCCGATGGCGGAAGTTTATCTGCGAAATCCGTAGCTCTTACGCGATAAGTAGATGACGTAACTCATTCGGCGTATAAGATCCGCG	R1	0.009628626517951488
seelig	consider missing	seelig_cm_zinb_phantom	TTGTTACCGACTTGCCGCCCTGCCTGCCACTTTGAGGCACAGTTGCAGCGCCTCTGTTTACATTTTTGGAGGACACGTGGACAAGCCCAGGCAAAGCCGAACAGCACACGGTACATCAATCACACAAGGAACATCTGCTGATTCC	R1	0.009623697958886623
seelig	consider missing	seelig_cm_zinb_phantom	CGATTGTGACCTGGTGGGGACAGATAAGAGTGGCTGGTGGGGACAGATAAGCCCCTGGTGGGGACAGATAAGTGCCACTTATCAGCTGGTGGGGACAGATAAGGCTGGTGGGGACAGATAAGTACTGGTGGGGACAGATAAGCGT	R1	0.00943312980234623
seelig	consider missing	seelig_cm_zinb_phantom	GTCACATGTTTACTTAGGTCGAGTTACGCGAATCCTCAGAGGACCTGGGTCTGGGCAGGAAGAAAGGTGCGACCTGTTCTGTTTACTTAGGGTGGTGCCCCGGTTCTCTACATTACACCGGTTTGTTTACTTAGGGACTATTCTT	R1	0.009786117821931839
seelig	consider missing	seelig_cm_zinb_phantom	CGGCAAAGTGCAAAGTCCGTCGGAACAAGTGGACAAAGGTCTTTGCAACCTACGGCGACGTTTGGACTTGTCTACGTAGGCGCGGTGAGCTTGTCGGGACATGAGCCGTGGACGTTGACTGCTTGTTTGAGCGGTCGTGACTTGC	R1	0.009606902487576008
seelig	consider missing	seelig_cm_zinb_phantom	GGGCTGACCGCCAATCTGCAGCCTGAAGAAGAACCTCCCCCCGATGACTCATCCAACAGTCAGCTATTATGGCTAGAGCTCAGACATGAGGAAGTCCTTGTAAGCTAAGTAAGGGCTGAATCATAAGGAGTAATAAAAACAAAGT	R1	0.009726766496896744
seelig	consider missing	seelig_cm_zinb_phantom	ACATCCTGCAATTGCCAGATCTCTGCGGTTGACTGAGTTATCGCTTTCTAGGAAGCGTACGCGCCATATGAGGACGGACCGATAACGGCGCGCCACCCCCTAAGGACCGATAAGTCATCCCGTCCCATGGGTGTGGGCGGGGCGT	R1	0.009877108968794346
seelig	consider missing	seelig_cm_zinb_phantom	ACAAGCCCGGACTTCCGGTCGCCATTACATAAACTGACCTTTGGACTTTGGTTCAAAGGGGGACATGTGGACATGCCCCGGCATGTCTGGACGCCCGGACTTCCGGTCAGGTTTGCCTCAGCTGACCTTGGTTCAAACAGGGGCA	R1	0.009774133563041687
seelig	consider missing	seelig_cm_zinb_phantom	GAGATAAGAAAGTGAGACAGCGTATCTGGGGGAAGAGATATCTCGAAGAGCCGCACCCACAGACCCCAAGGGCGGGGGGAGGAGGCGGAAGCGATATCTCGCAAGAAAGGGGCGGGGCGATGCGAGAGAAGAGATATCTCGCAGA	R1	0.009749229066073895
seelig	consider missing	seelig_cm_zinb_phantom	CTAAGGTTTAAACATGCGGGGAGATGTACATAAGGGGAATGTAGGGGAAAGTCGAACAATGATTGTTGCGGAATGTTGAACTTTCGGTTGAGCAAGCGGGGAGAAGGTCGAACAATGGTTGTTACATAAGGGGAATGTAGGGGAA	R1	0.009879006072878838
seelig	consider missing	seelig_cm_zinb_phantom	TACACAACCGGAACGCTGCAGCTGAGTGACGTCAGACATTTCCGCGCATGCCCGGTCAAGCTTTGGTCCCGCGGTACACAACCCGGAATGTCCTAAGTTTCCGCCCTGTTTGCACTGGCCCGTTAGGTCGCCATTGTTCAAACGC	R1	0.0098904212936759
seelig	consider missing	seelig_cm_zinb_phantom	CGGACATGCCGGGGCATGTCCGCTGCGGACTACTTAATGTACGAACAATAAATACAAACAAAGTTTTCCTCTCTTTGATTGTAGAGGGGACACAGGCTACCGCTGTTTTTGTCTACTGTCACTCTGAACAGTATCACTTAGATTA	R1	0.00959482416510582
seelig	consider missing	seelig_cm_zinb_phantom	TTCCCTGTTCGTATAAGGCATGAATTCCTGGTGGCTCCACCGCCCTCCCCCAGTGCGTATGTGGGACCTTCGTCCACTAGGGACATGTTTAGACAAGCTCCCTGTGCACGTTCCCTTATCTGCACAAAACATGGGTTGGAGGTTC	R1	0.009660745039582253
seelig	consider missing	seelig_cm_zinb_phantom	CATAGCCAAAAACCTGCTGATCGGACTTTGAGCTGAGTTGGTACAGACTGAACATGCCCGCAGGCTTGTTCTGTGGCAACTTTGACCCCAGCTTGTCACCGTGGTTTCGTTGGGTACATCTTTGGACATGCCGGGACATGTCAAC	R1	0.009675629436969757
seelig	consider missing	seelig_cm_zinb_phantom	GGCCCATCTTTCGCGTGAGGATACGCGCGATAACGCGTATACTAGGAAGATATTAGGCAGCGAAACTTACACTGTCTTTTCTATATCTGAAGAATAGCTTGAGTCGCAAGTTGACGACTTATCGCGCATACGCGGAGTTGCGGGA	R1	0.009466954506933689
seelig	consider missing	seelig_cm_zinb_phantom	AGGGGTCATTGTTGGACATTCGACCGGGATCAATGTTGACCGAACGTTCGCAATCATTGTTTACAGGTCTACATTACGTAGTCAGACTTTGTTTGTTTTGTGCCGGCATGCCAGGGGGCATTGTCTACCTGACGGCGGCATGCCA	R1	0.009608366526663303
seelig	consider missing	seelig_cm_zinb_phantom	CGATGTTTACTTAGGGTTTAATACGTGACAAGTTTCACTAGCTTGTTTACTTAGGTAGTCGCAATTTGGAATCACCAGGTCTGTTTACTTAGGGCTGTTTACTTAGGCCGCCGCGTAGAGTGAGAAATCCTGCGTGCTAGCTATC	R1	0.009440181776881218
seelig	consider missing	seelig_cm_zinb_phantom	GGATTCTGGGAAGTGGGGGATGAAGCTTGCTCAGTGCAGTCTGAGCCGTGGTGATAAACATATCACTTTATGGTCCACTGACCTCACCAAGGAACCTCCTTTCCCTACTGCTCCTCTCTCCACGGCATGGCCCGGTGACTCATAC	R1	0.009857751429080963
seelig	consider missing	seelig_cm_zinb_phantom	AACAGGTTCAAAGGTCATTGTCCCAGGTTCAAAGGTCAGCGAGGTTCAAAGGTCATATGCAGGTTCAAAGGTCAGAAACGAGGTTCAAAGGTCAGGTGGAGGTACTAGGTTCAAAGGTCAGAGTATGGGAGGTTCAAAGGTCATC	R1	0.009679834358394146
seelig	consider missing	seelig_cm_zinb_phantom	AAGATAAGGAAGCGTATCCGCGGAAGGAGAAGAAGATAAGGAAGGAAGAAGATAAGAAGCCGCCCCCAGAAAGAAGGATGAGTCAGCGCCTATATCTGCGGATGAGTCAGTCCGCGCGCGGAACCGGCCGCGCGGACCCCTATCC	R1	0.009723681956529617
seelig	consider missing	seelig_cm_zinb_phantom	TGTGCAGAGGGGGCAAGGTGCAAAGGTGACTGTACACAACCGGGCATGTCACGAGAGACCTGTGAACATGCCCGGGCATGTCCCCCCAGACCGGTAGACATGCCCGGGCATGTCACCCACAGACAAAAACAAAACACCACGGACA	R1	0.00944899208843708
seelig	consider missing	seelig_cm_zinb_phantom	GCTCTGCATGTCCCGGCATGTCTGAGCAGGAGGAATTCCGGGCGGCCAAAGGGTTTTATGTAGATTGCTTTTGGACACTCGCCCAGGAGTCAGGAGTTGATTTTTATCTCACTTCCTGGTAACCTTGAACTTACCAGGCAGGGAT	R1	0.009649137035012245
seelig	consider missing	seelig_cm_zinb_phantom	GGAGGCGTAATGGTTGTCCGGCCATGCCGGCATGTCCGAACTTTGACCCTAGTTTATGTACCAGGTGAAAGAGCAAGCCCAGAGGTTTGGGTACAACAATGGTCATGCCCAGACATGTATGAAACATGCCATTGGAAGCCGACTA	R1	0.009730176068842411
seelig	consider missing	seelig_cm_zinb_phantom	CGCGAAAAAGCGTGGGACGGCGCCTATCGGAAAAGATAGAAGGATGGGAGGGAGGAAGCGCATCCGCGAAAAGAAGAGGAAGCGCATCCGCGAAAAACGATGAGTCACGCCCAATCAGGAAGCGCATCCGCGAAAAGCGGCGTCC	R1	0.009848610498011112
seelig	consider missing	seelig_cm_zinb_phantom	GTTTGGACATGACCAGGCTTGCCCAGACATGTCAGGGGACATGCCCGGGCATGCCTCCGGTGAACTTTGGACATGTCCGGGCTTGCCTTGACATGACAGGGGCCAAACAGGGGCAAGCCCAGCCATGACCTTTGCACAATGCAAT	R1	0.00965050421655178
seelig	consider missing	seelig_cm_zinb_phantom	TATATCCTAAAAGATCTATGAACTAATCGGTTCCGCGAATTTCGTCTGATAACCTCACTCTGACTGGCCGATTGGCGCGACAACGATATCTCAAAGACACAGTTTGAGGATGTGTCATCCGCTGAAGGAGTTACCCAATCGGGGC	R1	0.00965835154056549
seelig	consider missing	seelig_cm_zinb_phantom	TTGTAGCCTTGACCCAACCGGACTTTGTCCCCTCTGGTCAAACAACCAAACACCAACCAGGATTTTGTCCGGTCATGTTCACAGGACTGTTTGTTCAAACGGGCTTGCCCCGGCATGTCTGCTTGTGCAAAGGTCAAACAGTGCA	R1	0.009770538657903671
seelig	consider missing	seelig_cm_zinb_phantom	GTGAGTAAGTATCACGAGATCTGACGGTTTTATAAAGCGTAGTTTTCCCTGTACAAGCTCTCGCCTGCCGCCATGTAAACGTTCTTTGCTCCTGCTTCGTCTTCTGCCGTGATTGTGAGGCCTCCCCAGCCATGTGGAACTGTGA	R1	0.00981482956558466
seelig	consider missing	seelig_cm_zinb_phantom	TATCGCGAAAGCGTCTTACCGAGAAACCGCCACCCACATCTTTTTAGCGTCTCTTTTATCGCTTTTTCTCTAATGAGTCATCCTTAGAAACCGCGATATCGCGAAACCGCGTTATCGCGATAACTCGCGTGTTACTTCCTCTATA	R1	0.0097859688103199
seelig	consider missing	seelig_cm_zinb_phantom	CTGTCAAACCATGTTGTGACAACATTCCGTTGGTGGACAAAGTTCACAGTCAAACTCCCGGGTACATTACGTAATAAGGCAGACACATCGACCCTCAGTGCATGCCTGGACATGTCCGGGCTTGTTGTTTGAACAAAGTCCCCTT	R1	0.009516474790871143
seelig	consider missing	seelig_cm_zinb_phantom	GAGGCATGCCGGGGCACAAAGGTCACAGTCCTTGACAGTACAAAGGTCAAACTCTGCAGACATGCCGGGGGCCAAAGGTCAAACAGTGCAAACATGCCCGGGCATGTCCGGAGAGGACTTTGACCCCTGCTGAATGGATCCATGC	R1	0.009611385874450207
seelig	consider missing	seelig_cm_zinb_phantom	GGAATCAGCAGATGTTCCTTGTGTGATTGATGTACCGTGTGCTGTTCGGCTTTGCCTGGGCTTGTCCACGTGTCCTCCAAAAATGTAAACAGAGGCGCTGCAACTGTGCCTCAAAGTGGCAGGCAGGGCGGCAAGTCGGTAACAA	R1	0.00962256733328104
seelig	consider missing	seelig_cm_zinb_phantom	AAGTCTTTCGCGAAAGACGCTTCCTTATAAGGCGATAACGGTTTCGCCGATCCGATAACGCGGTGACTCATCCGATAGCGTTTTCGCGTATTCGCGGATCCGATAAGTCGTTCGAGTTATAAGTCATCGCTCCGATAACGCTTCC	R1	0.009613582864403725
seelig	consider missing	seelig_cm_zinb_phantom	GAGGTGTTTGTCCCCAGCTAGGGTCAAAGGTCAAACAGTACAAAGGTCAAACTCCGCAGGCATGCCCAGACATGTCCGGTGAGGACTTTGACCGCTGAGGTGTTTGTCCCCAGCTAGGGGCAAACATGCCGGGGCATGTCCCCTG	R1	0.009760980494320393
seelig	consider missing	seelig_cm_zinb_phantom	GACCAGTTCAAGGTTCTAATCTGGGACCTGCCCCTCAACTGGATAACCATGTGAGCGTTGCCACCAGAGGGCAGTGTGGGGCTGCTTTCTCGAGACGAAGGGGTGTGGCCTGGAGGAGGTTCAGTCCTTTATTGTTCCTGCCCCC	R1	0.009748455137014389
seelig	consider missing	seelig_cm_zinb_phantom	AAGAGAGTGGTATATGAGGTTTGAGGCTTATCAGCAGCTGCAGCAGCACAGGCCACGTCGTAGCTGTGAGTCATAGACAAGCATGCACACTGTGGCTGCCTGAGGCCTCTGAGCTGCCTTCCTCAGTCCTTCCCTCTGCAGGGCT	R1	0.009786102920770645
seelig	consider missing	seelig_cm_zinb_phantom	TGTTGAACTTTGCTAGCCTTGGTTACATCACTGCATAATTCACTCCGGACATGTCCGGACATGCCCGGAATTGTAGAGTCTCTGGTTTGAACCTAGGTCACTGTCCGCGGACATTGACCAAAGGTCACTCGGTCAGGTCATGTTT	R1	0.009634135290980339
seelig	consider missing	seelig_cm_zinb_phantom	AAGCATGAGTGAAAGAGCTGAGGCCAGGGGGCTGAAGTAGGGGAGGGAAGGGAAGAGAGTGACCTTGGGTTGAGGCTGGAAAGCAGGAAGGGAGCCGATGACGCAGGACCCCGTAGGCTGCTGGGAGGAGTGTGGATTGTCCTCT	R1	0.009605401195585728
seelig	consider missing	seelig_cm_zinb_phantom	CAAACAACCCCGGGCATGCCGGGAGGGGACCATGACCCCAGAGAGAGAGCAGGGGAGCAGTGGACAAACACCCCAGGAGAGCAGGGGACCAGTGAACAAAGACCTGAGAGAGGGGACAAGCCCAGGCATGCCAGGGGGAGAGAGA	R1	0.009696198627352715
seelig	consider missing	seelig_cm_zinb_phantom	GCTCTTCCGTTTCGCGCGTCTTATAAGTCGTCGCTCCGCCTTACTTATAAGGAAGTAACGCAGCGCCGCGATAACGCGTCGCCGCGTCCGCGATTCGCGCTTCCTTATCTTTCGCGGAATAAGTTATCTTACTGATAAGTTATCT	R1	0.009995675645768642
seelig	consider missing	seelig_cm_zinb_phantom	ACACCCTACCAACATCCGGCGGGTAGCCTAAAATCCCAGCGTGTTGAATTGGTGACCAAAGTCTACAGACCAACTTTAAACATGCCCCGGCATGTCTACAGCCCGGCTTTGTACTTTGATCAAAGCAATGAACATAGCTGACAGC	R1	0.009848954156041145
seelig	consider missing	seelig_cm_zinb_phantom	AGGGTGAACAAGTCCGGTCGACATGCCCATGAATATATAGTGCTCTGGATGTCCTGTCGGTTAAAGTGGTGTACAATGGCAAACGGGCATGCCTCCGGCATTATACAAGGTTGCAGTGCAGATCTGTGTACGGCATGAATGCCAA	R1	0.00970728974789381
seelig	consider missing	seelig_cm_zinb_phantom	AGATGACTCAGCTAAAGCTTCAGTTTCCTTATCTGCACAGTAGGGATAACAGGGCTGTTGAGAAGAAGGAATGAGATTATGCGTGGTAAGCACCCAGCCCAGCACAATGTCTGGCACACAGCAAGTGTTCAATACACGTTCGTGT	R1	0.009685961529612541
seelig	consider missing	seelig_cm_zinb_phantom	CCTCCGATGAGTCACTTCCGGAAGATATCGCTTCCGGTTCCGCGTCTTATAAGACCCGCCCAATGAGTCATCCTCCTGATAAGAAACGATATCTTCCGCGCCTTCCTCCAATGACTCACCCTTCCGATGAGTCACTTCCGCTTCC	R1	0.009441310539841652
seelig	consider missing	seelig_cm_zinb_phantom	TAGGCATGCGGGGAGAAGGTCGAACAATGGTTGTTACGTAAGGGGAATGTAACGGAAAGGCAAGCGGGGAGAAGGTCGAACAGGGAATGTTGCGGAATGTCGGAAAGTTGAACTTACGGTCATAAGGGGGGAGGTTTAAACATGC	R1	0.009803012013435364
seelig	consider missing	seelig_cm_zinb_phantom	GGACCTTTTGAACTTTGGAATTTTTGACATGCCCGGGCATGTACATGCCCGGGCATGTCCCAAGGTACAAAGGCCGGAATGTCTACCGGACTGAACAAACATTGCATAATGCCCGGGCATGTACAAGCCCCGTCATGTTTGGTCA	R1	0.009556478820741177
seelig	consider missing	seelig_cm_zinb_phantom	GACGCTATCTTCGCGGAAGCGCCATTTAGGGCGCGACAGCATCTTACGCGGGATCTCATGCGCGCGGAAGTAAGAGAGGGCCGCATCCGGCTCGAGACAGATGCCTTATAAGAAGTTCTTATCGGATCCGGCACTGAAACGGCGT	R1	0.00981732364743948
seelig	consider missing	seelig_cm_zinb_phantom	AAACAGGTCGGGGGTTAATCCATACACACGCTGGGGTTTTGCCCAGGCAGGCCGGAATGGTCAACCTTTGGTCTTTGTACCGTCATGTTGACCTCGTCTGGACGGTTGAACTTTGCCCGTGTGCATTGGTACACTCGGTATGTAC	R1	0.009729012846946716
seelig	consider missing	seelig_cm_zinb_phantom	CAAAGGTCAAACTCCTGACCGGCAAACATGCCCGGGCATGTCCCCTGGCAAAGGTCTTTGTATTGTTGCACAAAACAATGACCGGACGGTCATGCCCGGGCATGCCTGCTGCCCCAGACGGTCAGGGGAACAGGACTTTGGACTT	R1	0.009751549921929836
seelig	consider missing	seelig_cm_zinb_phantom	GGGGTGAGTGCGCCATGTTTAGACATGCCCCGGCATGTTGGTCCACACAGGGAGGTGGGCAGGCCCGTGGACATGCCCGGGCATGTCCCCTGGTGCATGCCCGGGCATGGCCCCAGTCCTGTTTGGCCCCTGTGAGGTCCACACA	R1	0.009593862108886242
seelig	consider missing	seelig_cm_zinb_phantom	CATATGCGCGGATAGGGCGGGCCCTATCGGGGCGGGTGACAAGGAAGAAAGCGCTATATCGCGCAGCGTGACTGAAAGAAAAGAAAGGAGGATGACTCACTCCGCCGATAACGCGGAAGCGGCGCGCGCGGACCCGCGGCCGCGC	R1	0.01003617700189352
seelig	consider missing	seelig_cm_zinb_phantom	ATATCTGCTGCGAGAGATATGCGTCTTCCAAGAAGCGTGGGGCGCGCCCGTTACTTCCTCGAGCCGCGAAACCGGCTTCTAACGCTGAGTCTCATCAGTGCGGCGCGCGATTCGCGGAACGAGTCTTATCGGCCCGAAGTTATCG	R1	0.009797346778213978
seelig	consider missing	seelig_cm_zinb_phantom	TTGCCGGTGCGCAATGATGCAAACATGCCGGGACATGTCCCTTGGTCAACATTGTATTCCCTTCACCCTCGCTCTTAGCGAGCTTGGTTTAACGGAAAGTTCCTCCCAGGTCACGTTATGTAAAACCGGCTTACCGGACTCCTCC	R1	0.0097039258107543
seelig	consider missing	seelig_cm_zinb_phantom	CTTTATTGATTTATTGGCGCTTCTTTTTTCTTATTTATCGGCGCCTCCTTTCTCGCTCGCTTTTTTTTATTGACCGATTGGCTTATCCGCTCCCGCCCCCCCTTTTTTATTTATCCCCGCCCCTTTCTCTTTTCTGATTTATCGC	R1	0.00963827595114708
seelig	consider missing	seelig_cm_zinb_phantom	CGTGGTTGTAGCCCCTGACATGTCCGGACATGTCCAAAGGACCAAAAACGGTTGCTACAAACACTTAACAGAGAGTTGAGCGCTTGCCCGGCCTCCCGTTTTACATGACAGGGAGTGCATAATCCCCCGGGCTCCTGGTTGTTTA	R1	0.009774710051715374
seelig	consider missing	seelig_cm_zinb_phantom	CATGCCGCCGTTCACCATCACGTAACAGTGGGTCAAACAACCGGGTCTACACGAAAGGTGCACAGTTCCGTTCACGCGAGACTTCCGGACATGTCCAGGCATGCCGTAGGTTTGGGTCAAAGGTCCATTGGTGCATTCCCGCCTA	R1	0.009738072752952576
seelig	consider missing	seelig_cm_zinb_phantom	GCGAGCCCTCCCGTTTACTTTTGGGCGTGTCTCTTATATCAAGAAGCGCGCTATCGATGACTCATTTATCAGAAAGAGACTTTTTCTTCCAATAACGATAAAGCTAATTAAAAATATCCAATCCGCTCTGCGTAAAGCGCTTCCT	R1	0.009821005165576935
seelig	consider missing	seelig_cm_zinb_phantom	CCGATAAGGAAGCGCCCCTCCCCGCCGATAAGGAAGGAAGAAAATATCAGTCCCCGCCTCCGCCCGCGCGTATCCGCGTGAGTCCGCGGAGATAAGGAAGGATGAGTCACTGACTCTAAGAAGCCGGATCCGCGGATCCGGCTGA	R1	0.009765543043613434
seelig	consider missing	seelig_cm_zinb_phantom	CGCCACAGCGACCTGTAGCCACCGCCGAGACTATTTCCGGGACTCAACCACAACATGCCCGGGCATGTGACGACGACGAAGTATGATAGCAGAACTGGGCGGACATGCCCGGGCATGCCCACGAGTACATGCCCGGGCATGGTGG	R1	0.009830054827034473
seelig	consider missing	seelig_cm_zinb_phantom	GATAACCTTATCGGGAATGGCCCCGCGTTTCTTCCAAGTAAGGCCCGCCCGCGGATCTTATTGGCCTTCCCATCCGGATGTGATTTGCGAGATATGGCTGACTGACGGGCCGCGCTTTCCGATAAGTCCGAAGCGATATCATTTC	R1	0.009736149571835995
seelig	consider missing	seelig_cm_zinb_phantom	GGAGGAAGGAAGTAAATCAGCGTATAGGGAAGGAAGGCGCACGATGAGTCACCCCCAGGGAGCCAGCGCCTATCGCCCTCACCCAGCCACGAAGTCTCAGGAAGCGTCACCCTATCCGTATCTCCGACTCACGCGGCCGATAACT	R1	0.00972788780927658
seelig	consider missing	seelig_cm_zinb_phantom	CAATCGCCCCGCTAATTCGTTATAAGATAACGGAAGACGCAGTATCAATTAGCGATACGATTTATGAGTAAGCGCCGCTTCCGATATCTCATCTTCCGGATGGGGAAGTCTCATTCGCGCGACGCAAGGAGGCGTAACTTTGAGG	R1	0.009894615039229393
seelig	consider missing	seelig_cm_zinb_phantom	GGGGCGTGGGACCTTTGTACACTGGTTGACATGCCCGGGCATGTCCATTCCGGTGGACTGTGGCATGGTTGTGTATACATTCCGGGGCATGCCTTTGTACCTTGGTTGACATTCCGACATGCCGGGGCATGTCCCCCTGCCCCCT	R1	0.009551480412483215
seelig	consider missing	seelig_cm_zinb_phantom	TCAACTCAGCATGGGGCCCTTTTGAAGAACTACCCAGGACACATGTCCACGTAGTCCAGCCCTGGCGGTGGGATTATCTCTGGAATGAATGCTCTCTAATCTTCTCTGTGGCTTTGTTTAGTCAGTGCTGAAGTTCATGGTGAGC	R1	0.009839486330747604
seelig	consider missing	seelig_cm_zinb_phantom	AAGGTTCAAAGGTCATGGACGCGCGCCGCGGGTACGACCAGTAGAAACCCGGTGCCGTACTCGCCGTGAGAGGTTCAAAGGTCAATCTTTGTGACTTCCTTAGGACTCCGTAGAAAGATTAGACTCTGCGGGCTGGTAATCCTTA	R1	0.00996951200067997
seelig	consider missing	seelig_cm_zinb_phantom	CCCACCGACCTTGTTTGAACATTCCCGAACTACCGACCAAGTCTGTTTACACTACTAAACATGACCGAACAAGTCCCAATGTTTCCTCCTCTGTTTGTTTGTTTGTTTGTTTAAATGTCCAAACATGCCTGAACATGTCCAAACC	R1	0.009732423350214958
seelig	consider missing	seelig_cm_zinb_phantom	ACATCCGAGATAAGCCGCGCTTCCAATCGATATCTCCGAATGAGTCATTATCTGAGTCGCGCGAGTTACGCGTCTCTTGGAAGCGCTACTCCCCCGGAGGAGCCGCTTACTCAACGCTAATCGAAACTGCGTTATCAGGAAGTAA	R1	0.009771655313670635
seelig	consider missing	seelig_cm_zinb_phantom	TAGAGGAACCATTTCTTATACGTCGTCCGCGCCTTATAAAGGAAGATAAGTCATCGGACCCGCCCCAAGGGCGGCGCTACGTCGTCTCTAGGAAGAAGATAAGAGCGATATCACGCGAATCCATATGACTCATCAGCGTCTTATG	R1	0.009872068651020527
seelig	consider missing	seelig_cm_zinb_phantom	ATCAATAATCCCGTCTATCATTATATTTAGACCACAGTACCGATCCCGGCATGCCGGGGCATGTATAGAGCGTAGGGTCTTTGTCCAAACAATGTTTGACCTTAGTCCGTCCCGGGAACCGAGCGCGCTCGGACATTCCCTTCTA	R1	0.00962749868631363
seelig	consider missing	seelig_cm_zinb_phantom	GTGTGGGGGGGGCGCGCGCATGAGATATCGCGATATCGTTATCGCGCTTTTAGGAGGGGTGTGTGGGTGGGTGTGGGTGGGGCGCTTGCGTTATATGGGTGGGTGTGGGTGTGTCTCTGGCTGATGAGATATCGCTTTTATTGGC	R1	0.009825962595641613
seelig	consider missing	seelig_cm_zinb_phantom	GAGATAAGAAAGTGAGGCAGCGTATCTGCGGGAAGAGATATCTCGAAGAGCCGCACCCACAGGGAAGAGATATCTCCCAAGGAAGGGGCGGGCCAATCCGAGAAGAGATAAGGAAGAAGGAAGCGATATCTCGAGGAACCGCTCT	R1	0.00970657542347908
seelig	consider missing	seelig_cm_zinb_phantom	CCCACCCATCCACACTTCCTCCTAATGAGTCATTCTTAGAAACCGCTTTTTCGCGATATCGCGAAACCGCTTTCCTCAGAAAGCGCCACCCACAGAAACCGTTTCTTCGATCTAACTCGCATGAGTCATCCTCATAATGAAACTT	R1	0.0098788533359766
seelig	consider missing	seelig_cm_zinb_phantom	TTTCGCGATGTAACGGGTGGGCGCGCCCTCAAGAGACGCTTCCTTATATCCTTCTGCAGGATAAGATCCGCGATAAGACCTTATCCGAGTTGTTTAGTGTAGAATGAGTTGTTTTAGGAGCTGCGTTTCGCGGAAGTGGGAAACC	R1	0.009502367116510868
seelig	consider missing	seelig_cm_zinb_phantom	ACATGTCTAGGCATGCCAGGTCTTTGATCGAGCTTGAACCCGGCATGCCAACAGTCCGGCGGACATTATGTGGCACTGTTGTATAAACGACCAGCGGCCATCCCTTCACTGAGGTTTCCCTCGGGTAATGTTCAAAGGTTGCTAT	R1	0.009778952226042747
seelig	consider missing	seelig_cm_zinb_phantom	GGAATGCGGATGTAGGTTCAAAGGTCACCGCATCCTGAGGTTCAAAGGTCAACAGGTTCAAAGGTCAGGCAGGTTCAAAGGTCAAGAGGTTCAAAGGTCAGGTCCCGAGGTTCAAAGGTCATCTGGCAAAGTTTGGCATAGAATG	R1	0.00952840968966484
seelig	consider missing	seelig_cm_zinb_phantom	ACAAGAGAGCAATGTACAAACATGCCGGGAGGGGAGGAGGGAAACATGCCGGGGCATGCCGGGAGCAATGAACAAAAAAAAAAAAAAAAAAAAAAAAAAAAAAAAAAAAGAGGGAGGAGAGGGACATGTCCGGGCATGTCCACAG	R1	0.009637565352022648
seelig	consider missing	seelig_cm_zinb_phantom	ACAAGCCCGGACTTCCGGTCAGGTTTGCCTCAGCTGACCTTTGGACTTTGGTTCAAAGGGGGACATGTCTACCTGCGGACATGCCCCGGCATGTCCGGACTTCCGGTCGGGTTTGCCTCAGCTCGCCATTATACAAACAGGCCTT	R1	0.009791973046958447
seelig	consider missing	seelig_cm_zinb_phantom	TCCCTGCCTCCAGGCAATCACCAGTTTTTACCAGGAGTGCCTCAGACCTGCCCGGACATGTCCAAGTCCCCTAGAAGCAGGGAGGGGTGGGTGAGGCTGTCACCTCTCCCTTCCCTGTATGGTGCTGATAAGGGCGTGGGGAGGC	R1	0.009742852300405502
seelig	consider missing	seelig_cm_zinb_phantom	CTTGTTGCACTCTTCGATCCTGCCGTAATTACCGTGTTTGTACAAAGATCGACGTCAAGGCCGTAGTGGGCAACCTACCGGCGGAAGCCCTGTAGACATGTCTGGGCATGTCCCGCGGGACGCAGTTCATGGTCGCCTTTCGTCC	R1	0.009824762120842934
seelig	consider missing	seelig_cm_zinb_phantom	TGTTCTGTTTGGATCAATGTTGAACATTCTACCTGGCGCTGGCATGCCAGGGGTCATTGTTTGACATTTGACCGAACGTAGTCTTGACAGGGGTCATTGTTTGCCAGGTGCTGGCAAGCAGTGTTTACAGGTCTACATTACGTAG	R1	0.009642013348639011
seelig	consider missing	seelig_cm_zinb_phantom	TTGACGCGGGGCCACAGATATGACTTAAGGAGGAGCGATACGCGGTTCTTGGAAAAGATATAAGGAAGCGCGGACCCATGGGGCGATACGCGTTTCTTAAAATCCTTATATCTTGAGGAAGTGATAAGGAAGCGCGGACCCATGG	R1	0.009810072369873524
seelig	consider missing	seelig_cm_zinb_phantom	AATGCGAAGAAGCTGTGCCTCTGCGGCACACAGATCAGAGCTGGTGTGGGGGGAAGGGAGAGGGAGCCTGTGGGAGGGGGAGGGCGCATCCATTATGCAGATTGTGTGGAGTGCCTTCCCTTCCCCAGCCAGGAAACGCCCTCCC	R1	0.009825030341744423
seelig	consider missing	seelig_cm_zinb_phantom	CTGTGTTTGTGTACAGGACTTTGGGACCATACCAGAGGCCTTGGGTTAATGTTCACCGGCCTGTAGTGTGAACGTGAACCAGGTGCACTGCATGCCGGCAGGCATGAAGATCAAAGCACGGTAGGACACGTAACAATGTCGGTGG	R1	0.009663533419370651
seelig	consider missing	seelig_cm_zinb_phantom	GAGCCGCGAGTAAGGAAACGCCGCGCCGATAAGATGACGCATCGCCTTCCAATTATAGGTTCGCGTTATCCTGCGCGTGACACCCACACTGTTTGTTAGGCGCTTCTTAAGAAGGAATACCCTTTCTTCATGAAGCTACTTCCGC	R1	0.009810368530452251
seelig	consider missing	seelig_cm_zinb_phantom	GCGGGCATGCCGGGGCACGTGACCTCTGTCCGGTAATGTTTGACCCCTGCTCTGTTTGTTCCCAGTGAACTTTGAACAAAGCAAACATTACATAAACCACTGCTGCCGGCATGCCGGGGCACGTCACCTGCCCCCTGTAATGTTT	R1	0.009754077531397343
seelig	consider missing	seelig_cm_zinb_phantom	AGTTAGTAACTCATATCATTACGGCTCCTTATGAGTGACTAATTCCGCGAATCGCCCCCCTATCTTACTGATGAGTCATATCTTCCTTAAGCGCCGCCTACTTATGCTATTCGCGATATATTCCGATAGCGTCTTAAGAAATCTA	R1	0.009800364263355732
seelig	consider missing	seelig_cm_zinb_phantom	GGCGGCGCGTGAGATAACGCCTTTTTCGAAAACTGATGCGGGAAACGCGGAGCGGGTGACGCATCCGTATACTTCTTATTATAAGGCGAATGAGTCATCAGCCTTATAGGGCGGGCGCGGACCGCTAAGTGAGAGTCAGCGTATA	R1	0.009748732671141624
seelig	consider missing	seelig_cm_zinb_phantom	GTGGGGGTGTCTCTTGCTGATGAGATATCGCTGTGTGTGGGTGTGGGTGGGGGGGGCGCGCGCGTTATCTGGCTGATGAGATATCGCTTTATCTTGCTGATGAGTTATCGCGATAGCGTTATCGCGCTTTAAGGATGGGTGGGTG	R1	0.009797092527151108
seelig	consider missing	seelig_cm_zinb_phantom	CAGCTTACCGAACTTGGCACGTTGGTATAACCATGGTTGTTCTCCGAACTAGACATGTCCGTACATGTTTAGTGTGTCGACTTTACACAAGCCCCTCTGTGTTTGTCCTTTGCAGCGGTAGTGCATACACGTAATGTCGGCACTA	R1	0.009793765842914581
seelig	consider missing	seelig_cm_zinb_phantom	CTGTGGACATGCCCGGGCATGTTTGGACCGGGGCATGTTTGGACATTGGTGCAGCGGGCGACCGTGCGACCTTTGGACCTTTGCACCGGCATGCCGGGCGACCGGCATGGTGGTTTGTGCAGCGGCATTCCGTGATCTTTGGACA	R1	0.009767111390829086
seelig	consider missing	seelig_cm_zinb_phantom	CCTCAGGCATTTCTCCACTACGCAACCACCTAGCCGAGGTCGCAGTAATTACCCACCGTTGAGACATGCCTGGACATGTCCCACACAAGCCCCGGCATGTTTACTGCGGACTTGCTGTAGATTGCAGAGGTCAAACTTCCGGTTA	R1	0.00978007074445486
seelig	consider missing	seelig_cm_zinb_phantom	GGCCCAGGGCGCCATGTTTATACAGATCACGTTTCCGAGGTGGATCCTTTGATCAAAATTCCGGTGACCTGAGGACAGTCCAAACATGCCTGGGCATGTCCCGGGCTGAACATAATGTCGAGCCGCTGCGGGTGTCAGAGTCGCC	R1	0.009704905562102795
seelig	consider missing	seelig_cm_zinb_phantom	TGATCAGTGCAGTGTCCGTTGACCAAAGTCCAACGTCCGACTTGTCGCGACATGTTTGCACACACGTCCAGACATGTCTAAACTTCCGTCGTATGCACAGTTCCGACCGGCGTTTGTCGACCGTCGTTACCGTTGACGTCACGCA	R1	0.00983575638383627
seelig	consider missing	seelig_cm_zinb_phantom	GCGCGGCTTCGCGGGTCGGCGCGCGCGGATGCGGTTCTTCTTCGCGATTTGCGGCGCTTCGCGTCTCGTCATCGTCGGCGAGTCGTCGCGCGATATCTCGTCATCGCGATGCGTTTTCCGCGTCTTCGCGAGATATCGCGATACG	R1	0.009902570396661758
seelig	consider missing	seelig_cm_zinb_phantom	CGATCGAGGGAATAACCAACCCTCGGGGTAACATGCCCGGGCATGTACATGCCCGGGCATGCGCAACCCATTCACATACATGCCCGGGCATGAAGCTCCAGTCCTAGCAAGGATTAGGGATCCGCAACATGCCCGGGCATGGAAT	R1	0.009706761687994003
seelig	consider missing	seelig_cm_zinb_phantom	CCTACCGACCTACTGTACACATGCCTGTGTTTGTTTGTACAACCATTACCTAGTGTACATGACCAAACATGCCCGTACATGTCCAAACAACCATGACCTTACATGTTTAAACAACCATTAACTAACTACCTACCGTACTTTTGTA	R1	0.009638121351599693
seelig	consider missing	seelig_cm_zinb_phantom	TTTTAACTGTCACCAAGGGCTGGGATAGCAAATATTGCATCAACTCTGCAAGGTGTTTCCTGGGTTTTGTGGACAGGGGGGTCGGGGGAGGTGCAATCTCCATTCTTGTGAAGGCCAGATAAAGACTTCTGCTGCAAGCCACTAT	R1	0.00986615102738142
seelig	consider missing	seelig_cm_zinb_phantom	CGACGACTCATCGCGGAAGCGAAGTAGCGCGACACTAGGAGCCGCGTGCGGCGTAAGATATGCGCTATATCATGCTCCGCGCAACGGGTGTTACTAATCCGTTAGGCGCTGTAATATGAAGAAGCCTCATCATTCGAATAAGATA	R1	0.009836564771831036
seelig	consider missing	seelig_cm_zinb_phantom	GGCACCGTACCAATAAGTCACTTCCGGATTAGGCGGCGCCGCCCATTGGGAGTTCCCGTTTCGATAGTATGTTATATTATATCTAATAAGATTTCGCGAATCCGCGCTCTGCGATATTCTAATCCGAGATAACGTATCGTTATAA	R1	0.009957917965948582
seelig	consider missing	seelig_cm_zinb_phantom	GGGTTATCGGAAGTCGCGTAATCGCGCGACGCGCCTTATTTTAAGATGCGCCGCCCCCTTTTTTTTTTATTATAAAAAAAATGAGGCGGCGCCTTCTTATAACGCGCCTCACAGAAGCGCCCCCCTTTATGTTTCGCGAAATTGG	R1	0.009990198537707329
seelig	consider missing	seelig_cm_zinb_phantom	ATCTTCCTGGAAGTCGTTATCGGCTAATAAGGTTCCTTAAGGAAGTATGAGTCGTCTCCTTGGAAAGCGCGTCATCCTACTTATGAGTCGCCCTCGGCGTCGCGCTCTCAGTATCTCCCCCTTCCGATGACGCGCAAGATATAGC	R1	0.00963884498924017
seelig	consider missing	seelig_cm_zinb_phantom	GCGTCAACAGTGGAAAGGTGGCCCTGTGTGTAGCAAGACGGGACATGTCCGGTCAAGTCAAGTTTGCATACAGAATTTCCGGGGGGCAGTGGAAAAAGTTTGAACAAAGCGTCATGCATGCCCCCGGCATGTCTCCGTTCGAGAA	R1	0.00972182210534811
seelig	consider missing	seelig_cm_zinb_phantom	ACATCAAACGTGAACCTCTTTGACATGCCCCAGCTGCCCGACGAAATTCTATCCAAGGATTATGTGGTCACATGCATGACTCAGCACGCCGTAAGAGCCAGGGATAAGTGAAAGTCTAGTGATGACTCAGCACAAGGTACAGCGC	R1	0.010026389732956886
seelig	consider missing	seelig_cm_zinb_phantom	TAGCCTATAAGATAAGTCGTATCTTATTAAGTCCCGTAGATATACGCGGATCCAATTGGCCGCGCGTCCGCGACGGAGAGAAGGTGTACGCGTTGACATCCTAGAAACGCGTATCGCTTCATGGAACCGCGCAACTGGCGACTGG	R1	0.009825109504163265
seelig	consider missing	seelig_cm_zinb_phantom	GCAGCTGGAAAGGTCAGGGACAGCGGGTTTGTGTAAAGTAACTCGTGAGGGCAAGGGCCATTCCGTCGCTGGGATTCAGCTGCCCAGCCCCCTCCACCCCGGATGTATTTCCTGTCAGAAGGGGGTTCCGGTGGCCGTGTCCAGC	R1	0.009623035788536072
seelig	consider missing	seelig_cm_zinb_phantom	GTTAAACCTGTGGACTTTGCCCAGGCATGTCCAAACAGGCTTGTGTGCAAAGGTCAAACATCATGTCAAACAAAAAGTCAAAAGTCCTTTGCCCCCTTTGGTCCAAACAGGCTTGGTCCCAAACATGCCCGGTCATGAACATGAA	R1	0.00972762145102024
seelig	consider missing	seelig_cm_zinb_phantom	TTATCTGGCTGATGAGATATCGCTTTTTTTGGCTGATGAGATAAGGATGGGTGTGGCTAGATGTGGGTGGGTGTGGGTGGGGCGCTTGCGTTATATGGGTGGGGGGGGCGCGCGCATGAGATATCGCGATATCGTTATCGCGCGT	R1	0.00985979475080967
seelig	consider missing	seelig_cm_zinb_phantom	CAGGTGACATGACCTTTGTACAAAGCTTTGAACTTTGGACATGCCCGGGCATGCCAGGTTTGAACTTTGGACATGGGCAAGTTTGCACAAACAGGACCTGGGCCATGCCAGCCAACATGCCAGGGGACATGTCCGGGCATGCCGT	R1	0.009540997445583344
seelig	consider missing	seelig_cm_zinb_phantom	AACAAAGCCAAAAGTGACCTTTGAACTTCGGCTAGGTCGCTGTTTGTTTGTACTGGCAAGCCACTTGTCCGGACATGACCGTGACCAGGCATGCCGGGATTTCTGTACAATGACCTCAACTGTGAGTGTGCCTCCGGCCGTGTAG	R1	0.009752092882990837
seelig	consider missing	seelig_cm_zinb_phantom	CGCGTTTCTTCGCGAGATATGGCGCCTCCCGCGCGCGGGTCGCTTCCTAGTCGCCGCGCGATATCTCGTCTCTTATGGGTGGTGCCTCTTATCGGCGCGCGGCTCCTCCCCGAGTCATCGCCACGGGTGGCGCTTCTTGTGGGTG	R1	0.009820272214710712
seelig	consider missing	seelig_cm_zinb_phantom	CTATGTCCGTAAGTCCAAAATTCCGAAAGTCCGTAATTCCCTATGTTTGTATTTTTGTTCAACCCTGTACATGTTTAAACAAACAAACAAACATGACCGAACAAGTCCAAAAGTCCGTTTACACATGCCCGAACATGTCTCCTAC	R1	0.00969536043703556
seelig	consider missing	seelig_cm_zinb_phantom	GTCACTTGCGTGATATGGGTGGGTGTGGGTGGGGGGCTCGCGCATGAGTTATCTGGCGTGAGTGATATCGTTTTTATTGGCTATATGTGGGTGGGGGGGGCGCGTTCTCTTGCTGATGAGATATCGCGATATCGTTATCGCGCTT	R1	0.009701409377157688
seelig	consider missing	seelig_cm_zinb_phantom	AAGCGATATCTCGAAGAGCCGCACCCACAGACCCCAGGGGCGGGGGGAGGAGACGGAAGCGATATCTCGCAAGAAAGGGGCGGGCCGATCCGAGAAGGCACCACCCACGGGAGAGATAAGAAAGTGAGACAGCGTATCTGCGAGA	R1	0.009895690716803074
seelig	consider missing	seelig_cm_zinb_phantom	AAGTTTGCACCATGGTGAGTCCACCGTCCAATGTACATTCCCCCGGCATTCCGTAATACCCTACTGTCCAAAGTCCGGGGCATGTTCCGAGTTTAAACATGACCTTTGTACATGCCTGGGCAAGTCTACCGGCTTTTGTAATGTG	R1	0.009962309151887894
seelig	consider missing	seelig_cm_zinb_phantom	GATATTAATTTTATCACTGCGCGTATCGTTATCTGGAAGTGAATTGACCCGCCTAAATACGCGGGTTGCGCTTCCAGTTAATTTAATGGGTGTGGCCGGCGCTCAAATGGCGTAACTTAGATTTCATTACTCATAAGTAAAACAG	R1	0.00977629330009222
seelig	consider missing	seelig_cm_zinb_phantom	AAGAGATACGACGCATATGCGGCGTATGGGCGCGGCTTCTCCCGCTGCGTCATCCGCCGGAAGATAACGCTCAGAATGGGACGCAGCCGCTTCATTTGCATCCGCTTCCGAAGGGGAGCGCGTCTTATCGCGGATGCGTCGCCGC	R1	0.009830296970903873
seelig	consider missing	seelig_cm_zinb_phantom	GACGATTAGGCATGTTCAAAGTCCATGGACCTGTCCGGACATGACCTAACGACCGACTGACATGACTGCAACTTTGACCGTAGGCGACCCAGACATGTCTAGGTTTGTCCTTTGCTTGTTTACTCACCGGCGATGTAACCGAGTC	R1	0.009850364178419113
seelig	consider missing	seelig_cm_zinb_phantom	CTGATGACGCGGAAGGCGGGACCCTACTAACTCCGCGTGGTTACGCTTACATCGCGAAATATATTCTCTTCTTATCAGATAAGCCCACCCTATCGGAAGGGGCGGCGCGTCACGAGAAACAGTCCTCAAGGACTGATGACTCATC	R1	0.009848113171756268
seelig	consider missing	seelig_cm_zinb_phantom	GTTAAACCAGCGGACTTTGTACAAAACAAGATTTGATCATGTCAAACGACCGGAATGTTTGTTCAAACATCAAACAAACCAAAGTCCACCCAACCCTCCGTAATGTCAAGGCTCTGTAATGTGCAGGCTTGCCCGGACATGTCCA	R1	0.009654724970459938
seelig	consider missing	seelig_cm_zinb_phantom	TCAACCGACGGGCTATGTCGACCGTCGTCGAACGTCGGCCGATGAATGTCGGCCGATGTTCGAACGTCCGACGTTTGTTTGAACTTTGTCCGGACATGTCTACGTCCGTTGGTTGTCGTCTACGTCCGACGTAGACGTATGCGCA	R1	0.009822636842727661
seelig	consider missing	seelig_cm_zinb_phantom	CCTGTGGTTCTCTCACATGCCCCGACTCCACCCAGGAAAACATTCTGCTTGTCATAACCCTTTTCCTAATCTGAGTTTGCCATCTGTCTCCTTAGGGGACTCTGACTAATGCAGCAGGAATTCAGTGAATATTCATCATCTGGCT	R1	0.009883871302008629
seelig	consider missing	seelig_cm_zinb_phantom	ATAACGCGACGCAGCGGATGACGCGTCATCGCTGATCCGCGAAGCGGGATCCGCTTCTTCGTAAGGGCGCCGCGTTTCGCGAATCGCCGATAGAGATGCAACAGATACTGATTAGCAGATTACATTTTCCTATTGGCTGATAACG	R1	0.009776243008673191
seelig	consider missing	seelig_cm_zinb_phantom	CCGTATGTTACGTATCGTAAAGCGCGTCTCGTAAGACGCTTCCTCATCCTAAATTTTTTTTTAGGAAGCGCCTTATAGTTAAATCGCGTTATAAGAAGACGCGCCCCTTTCTTAAGAAGACCCGCCCCCTTTATCTTATAAGTAC	R1	0.009711429476737976
seelig	consider missing	seelig_cm_zinb_phantom	TCTCTTCACGACGTAGCGTTACTTCCTCGTAAGGCCCCGCCCATGCGCGTTTTCTAGGACTTCTCTGTCTTTCTGCCCTCACGCGCAGATACGCTGACTCATCCTTCTCTTCCCGCGCGCGGAGACGCGTTTTCTTCCAGATAAG	R1	0.009918938390910625
seelig	consider missing	seelig_cm_zinb_phantom	GAGGGAGTATGACCTTGGTTCCACCCTCTTGGCAGAGGAAGTGTGTGGTTACAGGAATTGTCTGCGGCAGAGAGACTGGGCTTGGCAGATACCTCCAAATATGTCTGCGGCAGCAGCTGTAAGCATCTGCCTACAGAGATATTTT	R1	0.009651971980929375
seelig	consider missing	seelig_cm_zinb_phantom	AAAGCGGAAGCGCTTTCTTAATTCGCGCGGCGCCACTTCCGCTATCGAACTTCTTATAAGCCGCCGATAAAGGCGGGGCGCCTCCCCGAAATGGGGGGGCGCCATCTCTTTCGGCGATTTAATTCGACGTATGGCTTATCAGCTA	R1	0.009948214516043663
seelig	consider missing	seelig_cm_zinb_phantom	GTGATAGGCCTGGGCAGTGTATATGCGTGTTATCGCGCGAGATACTTTTTTTATAAAAAATGAGTCTTTCGGGTGTGGCGCGCGCGGTATCTTATTTTTAAGAGATGTTACGCCCCATACGCGTCAGCTTATCTCTATTAGACTT	R1	0.00976613350212574
seelig	consider missing	seelig_cm_zinb_phantom	GTGCCCCGCGCGGGCAGCAAGACCGAACGTTGATTGAACCTTGGTCGCAACAAGCATCTCGGAACAATCCCATTCCCGACATTACGTAACCTTCGGTCCACCTCCCTTTCGGGCATGTCTGGGCATGCCCGGAGGTTTACCCCAG	R1	0.009747945703566074
seelig	consider missing	seelig_cm_zinb_phantom	CTTTAACACAGTTCTGCCCGAAGTCCCAGAGCTGGGTCTCATTGGTCCATTTCAGGTCACATGACTCGTGTGAGACAATCTCCTGTGTTCCCATTGGCTGGGCCGGAGTCGTGTGACCAGCTATGACTACAAAAGATGGAGTCAA	R1	0.009635171853005886
seelig	consider missing	seelig_cm_zinb_phantom	ACCCGTGACGCAATTCCTAGAAAAGCACCGCCCAATATAGGGCGGGGCCTCCTCATATGGCGTCGCTTATCGCATCGCGCCCCCTCTAAATCCTAGTTCCAGATATCGCTTTTACGAGTCGTAAGCCGCTCCCGCGGCGTCTTGA	R1	0.009438571520149708
seelig	consider missing	seelig_cm_zinb_phantom	GTATGCCGCCGGCCGGCTATACATACCGAATTTCGACTATCTGATCGATGCTCACATCACAGTGAGCTAAGGTTCTTCTATATCAAATACCGGGCGAGCAGGGGGCATGTCCGGGCATGGTATGTCCGCGTTTGGTTGAAAACAA	R1	0.009584126994013786
seelig	consider missing	seelig_cm_zinb_phantom	GCTCCCCACTACCACTGCAAACATGCCCGGACAAACTCCTGTCACCCAGCAAACATGCCCGGACATTTCCACTGCTGACATTCCCTATTACATAATGTTTGACCTACCGAAAGTTCAAACAAACCTATGTTCAACAAAACCTTTG	R1	0.00998105388134718
seelig	consider missing	seelig_cm_zinb_phantom	GTTTGTTCACATGACCGTAATTTTGTCTGTCCGCATGTTCGAACATTACCGACCTTGTTTCCGCCTGACCATGTTTGTTTACCTTTGTACATGACTAAACATGACCGACCGACCTTGTCTACATGTCCAAACATGCCTGAACATT	R1	0.009889272972941399
seelig	consider missing	seelig_cm_zinb_phantom	GCCTATATGACTTCGCGTTCTGACTACCGACGGCAGATAAGGCTGCGTTATCCGCGGTACGCATGACTTCGCGGAACCGCTCGCGCAGCAGATTCACCCATAACGAGTTATCGCTTCTTAGATATGGGGTGGGCACTTCCGGGAC	R1	0.009935015812516212
seelig	consider missing	seelig_cm_zinb_phantom	GATTAGTCTTTCTAGGAAGCGTAGAAGCAGGTGGATCTTGCTTATGCGTTATCGCGCGTGACTCACGAGTGATGACTTACGACTCCTAACGCGTAGTAGCCCCTCCAAACGCGTAGTATCTCCAAGAGGCGCCGCCTCTTTTATC	R1	0.009512507356703281
seelig	consider missing	seelig_cm_zinb_phantom	GCTGCCCCTGTCCAGCCCCTAACTGAGAATGTGTAGACGCCTGTCTAGCCAGGGGAGCGTGGAACAAGCCCAGGCAAGTCTGACCGTTTGACTCATCCCCCGCAGGTCAGGGGTGGAGTGTGGCTTAGCCACGGCACACCAAGGT	R1	0.009893102571368217
seelig	consider missing	seelig_cm_zinb_phantom	ACCGACCCTGCCCCCGGTGGTCATGTCCCCAGGTGCAGACATGCCCGGGCATGTCCCCTGAGACATGCCGGGGCATGTCCCCTGTCCTGTAGTGCCCCTGACCCCGGGAGACATGCCCGGGCATGTCCCCTGTTCTGTTTGGTGG	R1	0.009642494842410088
seelig	consider missing	seelig_cm_zinb_phantom	AGATGTCTGTTTACATACCAAAGTTAAAAAGCTGGAATGTTACCAAGACTGCTTTCTTCTGCCCATAGACGGGGATGACTCAGCACTACCCCTCAACAGAGATGACTTTGATGACTCTGCCCCTCAGCAGGGCTTACTAAGCACT	R1	0.00985714141279459
seelig	consider missing	seelig_cm_zinb_phantom	GGCAGACATGCCTGGGCATGCCCCCCTGAGAGCATGCCCCGGCATGTCGGGCGACCAGGAGACATGCCTGGGCATGCCCCCAGGAGAGCAGGGGGGAACAAAGGCCGCAGTCCGGAGGTGACCGAAGGTCGCTGGGCATGCCCCG	R1	0.009789694100618362
seelig	consider missing	seelig_cm_zinb_phantom	CGCGCAGATAAGAAGCCGGATGGGCGGGGCGATAACGCCCCGCCCACCCGCATCCGCGGAGGGATAACGCGGAAGCGGCACCCACGACTCACTGAGTCACGCGGAAGCCACATCAGGAAGAAGCGCCATCCGCAGATAAGACACG	R1	0.009795676916837692
seelig	consider missing	seelig_cm_zinb_phantom	AAACATTCATGTCAGGGCATGTGGGCTTGTAACTTTGAACCCCTGCGCGATCAAACAAAGGTTGAGCGAAAATCCACCCGTGCAAACATGTCCGGGCATGCCTGCTGGCGAACGTGCGAACTCCGACCGGAGAGTTTGGCGCACG	R1	0.009711122140288353
seelig	consider missing	seelig_cm_zinb_phantom	TCTTCTTTTCGTTATCTATTTCTCTAAAACTCATGAATGCGTATCCGCGTATCTTCTCTTCTACACGCTTCTCTCCTAGAAAGCGCTTCTTCGAGATAACTCACGCGTCACTTCCTCATCATGAGTCATCCTCAGAAACCGCTTC	R1	0.009906886145472527
seelig	consider missing	seelig_cm_zinb_phantom	ATCTCCTCCTTCGGGTGAGTCACTTCCTTTTTCTTCCTCCCTCCTCCTTCCCCCCCCTGCGCCTTTCCGATTGGCCGCGCGCTCATGTGATTTCTTATCTCTCCCCTCCTGCGAGTTATCGGTTCTGCGCGCGAGTGACTTCTTA	R1	0.00979851745069027
seelig	consider missing	seelig_cm_zinb_phantom	CCTTGGGAAATTGCGACCGGTAAACCAAGTGGCCAACTTCCGTTGCACACCAATGACCGACGACATGTCCCGGCATGTTCAGTCCAATGCACTGAACACCGTACGTCAGTACATTAGCCATGTTGAGTCCTGTTCACGTGACCAT	R1	0.009737314656376839
seelig	consider missing	seelig_cm_zinb_phantom	TTCACTATCACCATTACGGAATGTTTAACCTTTGTACAAACATTGCAAACATGCCTGGTTGAACAATCCCCATCATGTCAGGGAATGTTTATACATGACCGCCTAGGAGCCTCTGAATGTTGACCTTCCGGAATGTTTGAACAAG	R1	0.009868121705949306
seelig	consider missing	seelig_cm_zinb_phantom	ATAAGACCCGCGCCTTCCTGCGATGAGTCACTTCCGGAAGATATCATCCGCGGCTCCGCCCAATGAGTCACCCCCCGGATGAGTCACTTCCGGTTCCGCGCCTTCCTGCGAGATATCGCTTCCGGTTTCGCGGAAGATATCGTCC	R1	0.01004702690988779
seelig	consider missing	seelig_cm_zinb_phantom	TCAGTTCTTGGTGGTCGCATCAGCCTTCTTCAGTTTCAGGAAGCGCCCAATAAGTCATATCTTGGATATGAGTGGTCGGACCACTTCCTGATGACGCGCTTTTTCGAGGAGTAGCTTCCTATATGCGCGATGCGCCACGCGCGCG	R1	0.00991490576416254
seelig	consider missing	seelig_cm_zinb_phantom	GGTCCAGGATCAGCCTGATGAAACAATTAGAAATGAGGCCCCGGCAGTGACTCATGCCTATAATCCTAGCACTTTGGGAGGCCAGGCGGGAGGATAGCTTGAGGCCAGGAGTTTGAGACCAGCCTGGGCAACAAAGTGAGACCCA	R1	0.00979170948266983
seelig	consider missing	seelig_cm_zinb_phantom	CAAAGGACTTTGGACTGTGGCACCAAACAATCAAAAACAAAAAAAAAAGACCGGTGAACATGCCCGGGCATGTCTGCCGCTGAGGCCGGTCAGGGGCAAAGGTCAAAGTCCAAACCGACGGACATGCCCGGGCATGTCCCCTGCC	R1	0.009568039327859879
seelig	consider missing	seelig_cm_zinb_phantom	GCAGTGGACAAACAACCCGGAGAGGGGACAAGCCCAGGCATGCCAGGGGGAGAGAGAGAGAGAGGGGAGAGAGAGGTGAACAAAGGCCTCCGGGCATGCCCCCAGCAGGAGAGCAGGAGAGCAGGGGGGCAGTGGACAAACAACC	R1	0.009713892824947834
seelig	consider missing	seelig_cm_zinb_phantom	TGAGTCGCTGCGCGATATCTCGGGAGTTACCGCTTTATCAGGATGAGTGAGTCGTCGGATGGGTATCTCTTAAGGATCGGCGTCGCTTATAAGGGAGATAACTCCTCGAATCAGAGATGAGACGCGTCTCGAGGCGGATCCTAAA	R1	0.009747609496116638
seelig	consider missing	seelig_cm_zinb_phantom	AGCGGATCCGCGTAATCTGAAGGGATAGGAGATTTATGGACGATATATCCGCCACACGCACAGCGACACCGGTTTCTTGAATCCGAGAATATGGAAAAAGCTTATGAGTCGTCAGCGCCTCAAGAGGAGGTGTTGCTTTTTTAGG	R1	0.009829559363424778
seelig	consider missing	seelig_cm_zinb_phantom	CCTCCGATATAAGAAATCACTATCCAGGAGTCGCGGATGTCCTCCACGCAGATCCTGAGAATCGCGCGGCGCTTCTTGGTTTTTATCTTATCTTTCGCGAAACGCCGATGAGTCATCCTAAGAATAAGGCGCGCACTCGCATCAA	R1	0.009945533238351345
seelig	consider missing	seelig_cm_zinb_phantom	TGATCTGATGGAATGAGTCACAAAGATATCTGGGGAGAAATGCCAAGATCTTGCAGCAGCCAGGAGGCCGGGTGAGTGAGCTGGGCAGGAGTGTAGAAGACAAGGTCAAAGGGGCAACAGACAGTCTGTGTATGTGTGTGTGTGT	R1	0.009679770097136497
seelig	consider missing	seelig_cm_zinb_phantom	CTTATAAGGATAGAAGGATAAGTAAGTTATTTCTCGGAAGAAGACGCGTTATCGGTCTTATAAGTATGGTTTCTCATAAGTTATCGGGGAGATAAGGATGCGCGATATCGCGGATGAGGAAGTAATTTCGCGGAAGGGCGGTTTC	R1	0.00975849200040102
seelig	consider missing	seelig_cm_zinb_phantom	AGTCCGCGAAGCCACTCCCTCGATCATTTACGACGCGCCACTTAAATCGTAGCTTATCCTGCCTATGAGTCACTTACTCGACCTATGGGAACGTTTTATCCTGGAAGCGCCGTCTGATTGGAAGATAACGTTATCGTTCGGCGGT	R1	0.009806014597415924
seelig	consider missing	seelig_cm_zinb_phantom	CTCCACCATGCATAGGTCACTTGGTTAAACAATCCTGTACTATTGTGTAATCTATATTCCGGTGGAAATTACAGCGAACAATGCACCTTTGGTCTGTACCTCCGCAGGCCCGGAATGCCGGCGGACATGCCCGGGCATGTCCAAC	R1	0.009803492575883865
seelig	consider missing	seelig_cm_zinb_phantom	TGGGTCTCACTTTGTTGCCCAGGCTGGTCTCAAACTCCTGGCCTCAAGCTATCCTCCCGCCTGGCCTCCCAAAGTGCTAGGATTATAGGCATGAGTCACTGCCGGGGCCTCATTTCTAATTGTTTCATCAGGCTGATCCTGGACC	R1	0.00984024815261364
seelig	consider missing	seelig_cm_zinb_phantom	CGTAATGTTCGACCAGCGAGCCCTGGCATTCCGCCGTCGACCGGGTGTGTACAAAATCCCCAAACAATACTGAAGGGCGGTGAACTTGCCTGGACATTACCTGTTCGACCTGTGCAATCATGCCGCGGGCATGTCGAGGCATGTC	R1	0.009757920168340206
seelig	consider missing	seelig_cm_zinb_phantom	AAATACACGGCGCTTCGCTATCTAGGATGCGCTATATCGCGCGACGCTTTAGAAGCACCTTCTTCTTCCGCGTGTGAGCGGCGCGAGGAGTTAACGAGTCATCACGCGTATCTATTCCGCGAAAGTAGCTTACTCAAAAGATAAG	R1	0.009781252592802048
seelig	consider missing	seelig_cm_zinb_phantom	ACCTCGCTGTCCGTGACGCTCGCACGGGCAAGGCTGCGAAGCATGACTCAGCAATTGAATGACTCAGCAATGCGGAAAAGATGACTCAGCACATATGTCATCTTTGAACAGATATTATCATGACTCAGCACAATTCGACATGAGA	R1	0.00963917188346386
seelig	consider missing	seelig_cm_zinb_phantom	GACCAACACCGAATCTTCGATAACTGGCGCGGATTAAATCGTAAGTCGTCCCGCAATGGGCGACGCGTTTTCAGGATAAGTCATCTCCTTCTCGGCCGATGACTCATGAGATAGTCGCGAAGCGGCGATTTCTACATCGTGATCT	R1	0.009846056811511517
seelig	consider missing	seelig_cm_zinb_phantom	GAAGTCACTACCCCCAGAGTTTGCTATGCTAGTCATTGCTTCCTTCTCCCCAGCCAGGAAGGCAGCTAGTTCTCCACGGCAGCCCTCCCCCAGTCCCAGCTGATTGGGCCGGGCTGAGGCCACTTGACTCAACTCAGCCAATCAG	R1	0.010026033967733383
seelig	consider missing	seelig_cm_zinb_phantom	AACGCATCCGCGAAAAACGATGAGGCCGCATCCAAAAGAAGACCCGCCCATAAGAAACCGCGTCCCCGGGCCTATCGGAGAATGAGGAAGCGTATAACGATATCGCGCACAAACGATGAGTCACCCCCTATCGCCCTATCGGGAA	R1	0.009949290193617344
seelig	consider missing	seelig_cm_zinb_phantom	GGAACAACCCCAGGCATGCCAGGAGGGGAAAGTGGCAGAGGGGACAAGCCCAGGCATGCCCCCAGCAGTAGACAACGACCGGAGGAGGGCAGTGGACAAACAACCCCAGGCATGCCGGCATGCCAGGGTGGCAAGGGAGAGAGAA	R1	0.00977064948529005
seelig	consider missing	seelig_cm_zinb_phantom	GAACGATACGTGGGTCCGCGAACGGACCCGCAGATATGACTTAAGGAAGAGGCGTAGAACGATACGCGGTTCCGCGAACCGTAGGATACGCGGTTCTTGGAAAAGATATAAAGAGATAAGGAAGCGCGGACCCATGGGTGGGTCC	R1	0.009854563511908054
seelig	consider missing	seelig_cm_zinb_phantom	CTAACGGTTATACAAGCGGAGAGAAAGTCGAACAATGGTTGTTACGTAAGGGGAATGTTGGGAGCGAAAGTTTAAACATGCGGGGAGATGTACATAAAGGGATTGTTGCGGAATGTTGAACTTGCGGTGGAAAGTTTAAACATGC	R1	0.00982699729502201
seelig	consider missing	seelig_cm_zinb_phantom	CTGGCTAATTTTTGTATTTTTCCGTACGCCACATTTCCCGCGCCCCACCGCGGGGCGGGGATTCGGCGCTGGGCTCTTCCCTGTTCACTCGCCATTACTGAGGGAATCCTGGTTAGTTTCTTTTCCTCCGCTGACAAATATGCTT	R1	0.00955860037356615
seelig	consider missing	seelig_cm_zinb_phantom	TTTCCGATAAGTTATCTTATATGCTTAGAATCGCGCTTCGCGATAACGCGTTCCCGCGTCTTACTTATCAGTCGCGGAAGACGCCTTCCGCGTAACTTATCGCGCGTCTTATAAGTCTTCCGCGAATTCGCGGAAGTTACTTTCT	R1	0.009747268632054329
seelig	consider missing	seelig_cm_zinb_phantom	TCATTACGCCCCATGGCCGAAAATCACAGCTTTTACTTTTAGGTTGCATTGCCATGAGAGGGGTATCAACGTTACTCTTTAAAGATTGGGCAGAAGCTAAAGTCCTTGCGCGGATGCTGCCTTATGTGTCCGGGGTGGTCTGCAG	R1	0.00981440395116806
seelig	consider missing	seelig_cm_zinb_phantom	GAAGTGAGGAAGCGCGATATCTCGGAAGGATGCGCGGATGAGTTATTTCTTATAAGAAATAGGACGCGGTTTCTTATAAGTAAGCGCGGAAGCTTTCTTATGAGTTATCGCGGAAGGAAGGAGATAAGGAAGCGCTTTATCTTTC	R1	0.00955897942185402
seelig	consider missing	seelig_cm_zinb_phantom	ACTTATTGGCGTATCGGCCTTTTTTTTCCCGCGCCCTTTCCCTCTCTTTTTTTTCCGCGCTTTGACTTATTGGCGTATCGGCGTATCGGCTTATTGGCCTATTGTTTTTCTCGCGCTTCCTTTTTTTTATTCTCGCGCGCTTCCT	R1	0.009888330474495888
seelig	consider missing	seelig_cm_zinb_phantom	TAGCTTATAAGAATTCGCGTAAAAGCCCTGCGTGTAAGGGGTGTGTCTTCCCGGTAAGGCGCGCCGCCGTATCGCTAATGGCTCAGCCCCCGCTTAACTATATGAGTTATCGCCCGATAAGAAAGATTTCTCTTATTATTGGTCA	R1	0.009869249537587166
seelig	consider missing	seelig_cm_zinb_phantom	CAAATAAGCAACGGGGTCCTAGACTGCGGGATCCGCAGATGCCTTATCACCCATCCGCGGAACGCAGATGACGCGTAATAACGATATCTCATATGAAGCGTGGAGGAACTACGTATGAGTCGCTCTCCGATTCGTAGAATTGGTC	R1	0.0097475815564394
seelig	consider missing	seelig_cm_zinb_phantom	TTTTTTGTTTTGTTCAATGTTGAACATTCTACCGGGATCATTGTTTACAGGTCTACATTACGTAGTCTGACATTTTTGGTTTTTTGTTTTTTTTGTTTTGTGCCGGCATGCCAGGGGTCATGTTCGGACATGTGACCGAGGTTTT	R1	0.009654656983911991
seelig	consider missing	seelig_cm_zinb_phantom	AGGGAGAGAGGACAAGCCCCGGCATGCCAGGGGGGACAAGCCCAGGCATGCCGGGAGGGGACCATGACCCCAGCGGGAGAGCAGGGGGGCAGTGGACAAACAACCCGGGGCATGCCCCCAGCAGGAGAGCAGTGGACAAACAACC	R1	0.009776930324733257
seelig	consider missing	seelig_cm_zinb_phantom	TTTTTCTTACGCGGGTCATCACTCGTATGAAATGACTCACGCGACTTCTGATGAGTAATCACGCAATCGGTTCCGCGAAGTAAGATCTGCTATCGGACGCGGCGCTTCCTTCTTATATTGGGAAATCGCTTCATTAGTATGAGGC	R1	0.009948646649718285
seelig	consider missing	seelig_cm_zinb_phantom	ACGCACGCGACGGAAGTTCTCCGGGCATGTAGTCGACATGCAGCAGACATGTCTAAGGACTTTGCGGCAGGCCTGCCCAGGCAAACGTCGCGGAATGTTTACCTTTGACCGCAGGTCTACAGACCACTGGAGGTTGTAGTCACGG	R1	0.009802409447729588
seelig	consider missing	seelig_cm_zinb_phantom	CTCAGCTCCTTTTGAGGAGCTGTTGAGAAAAGATCGTTTTTTAAGAAAGCCTTATCGTTCCTGTGCATGTGGGTGATGTCATCACACTCTGCCCCCTGGACGCAGATCCTCCATGCTGCCCCCAGTGGGAACACCAGCCTGTGCT	R1	0.01002805121243
seelig	consider missing	seelig_cm_zinb_phantom	AATCGGAAACTATCGGCGCGGCGCAACGACGTGCGTCAGACGAAGGCGAAGCGCTTTCTTAGAAGCGCGTGCGCGCGCCATATGCTAAGGATGCGCGTCGTATATCTCGGCGTATCTCATGAGACTGATGAGTTGTTAATAAGAC	R1	0.00989670492708683
seelig	consider missing	seelig_cm_zinb_phantom	AGATAAGGAAGAAGCGTCCTTATCCCACGAATGCGATTCGCCGTAGGGGCGGGCCAATTAGGAAGTGACTCATCGGGATTCGTTATCTCTCTTTCAGGAAGCGACTCCCCCGAGACGCCGCCCTTCCGCGAAGCGCCGCGCCACC	R1	0.00991903431713581
seelig	consider missing	seelig_cm_zinb_phantom	GGAGGCGGAAGCGATATCTCCCACGAAAGGGGCGGGCCAATCCGGGAAGAGATAAGAAAGTGAGGAAGCGAGACAGCGTATATGCGGGAAGATAAGGCAGCGTATCAGGCGGAAGCGATATCTCGAAGAGCCGCACCCACAGGCG	R1	0.009790798649191856
seelig	consider missing	seelig_cm_zinb_phantom	GGATCCGTCGTAACTTCCTCAATTCGCGGAAGATATCGTGCGGCCGCGAGAGTCCGCGTATTTAAGAAACGGCGAAGAAGGGCGCTTCCTTATCTGCGTGGCCGTATCTCGGAAGCCGGTCGCAGACTCAGGATAACACATGCGC	R1	0.009825758635997772
seelig	consider missing	seelig_cm_zinb_phantom	CCTTTTTTTTTGATGGGCGCCCCCCCCTCCTTATTTATCCCCCCCCGCCCTTTTTTATTTATTGGCTTATTGGCTTATCTCTTTATTTTTTTATTGGCCCCCGCGCGCTTCTTTTTATCCCTTCCCGCCTCTTTTGACTTATCGG	R1	0.00956596527248621
seelig	consider missing	seelig_cm_zinb_phantom	ATAACGCAGATATGACTTAAGGAAGTGATAAGGAAGCGCGGACCCATGGAGCGATACGCGTTTCTTGGAAAAGATATAAGGAACCGTCCTTATAACTTAAGGAAGTGACATGGAAGCGCGGACCCATGCGTGGGTCCGCGAAACG	R1	0.009858653880655766
seelig	consider missing	seelig_cm_zinb_phantom	TATCTTACTTCCCTAGCAGGACGTCACTTCCAAGATATAAGCGTGAGATAGGTCTTCATTAGGACTCGCCCCGCGCGTAAGATAAGATAACGACTCATCCACGATTCGCGTATCGCCTAACGGTGCGCGGTGCGGGTGGGGGTCC	R1	0.009981035254895687
seelig	consider missing	seelig_cm_zinb_phantom	TGAGGCTTTCATTTCAGCTTCTTCCTGGGCTTTGAAGGAAGGGAGGTAGAAGCTCTCCAGGGAGCTCCACAAAGGAGGCATGACTGGCCTCCTTCCTGCAAAACTGTCCCTGATCTGCTAACGTTGGGGTGAAGAAATCCAGGAA	R1	0.009812054224312305
seelig	consider missing	seelig_cm_zinb_phantom	GGAGACGGAAGCGATATCTCCCACGAAAGGGGCGGGCCAATCAGAGAAGACGAGGGCGGGCCAATCGGAGAAGACGAGGACAGATAAGAAAGTGAGACAGCGTATATGCGGGAAGCGATATCTCGAAGAGCCGCACCCACAGGCG	R1	0.00987772922962904
seelig	consider missing	seelig_cm_zinb_phantom	ACGATGAGTCACCCCATATCGCCGTATCAGGAAGCGCATCCGAGAAAAAAGATAACGCGCCATCCGCGAAAGGAAGGGCGGAACGGAGGGCGCATCCGCGAAAGGAGCCGCCTATAGGAAACGGGGGGGCCCCGCCTATAAGAAA	R1	0.01001422293484211
seelig	consider missing	seelig_cm_zinb_phantom	AGCTGCAGCCCCCACTACCACTCCCCCGTCCCCGCAAAGCCGCGGCAGAAACTTCCGGCGGTGCTCATTCGGAACGCGGCCGACAGAAACACTTCCGGTCGGTGTTGTAGGAAACGAAGCCGACTGGCAACCGAGGGTGAAAGCT	R1	0.009644053876399994
seelig	consider missing	seelig_cm_zinb_phantom	GGTAGACCGGTAGAACAAACACACAAGGCATGCCGGTGCATGCCCAGGCACCGAACAAACACCCGGTCGACCTGAGCATGCCCCGGGGCAGGCAACCATGACAAAGAAACCCGGTAGACATGTCCGGGCATGCCGGCAGGCCAGA	R1	0.009868452325463295
seelig	consider missing	seelig_cm_zinb_phantom	CATTCTACCGGGATCAATGTTGACAGTACGTAGTCTGATTTTGTTTGTTTCGTGCTGGCATGCCGGCAAGCTGGCATGCCAGGGATCATTGTTTACAGGTCTACATTACGTAGTCTGTCATTTTTGGGCATTCGACCGGGATCAA	R1	0.009516510181128979
seelig	consider missing	seelig_cm_zinb_phantom	TCCGAGGGCGGGCCAATCGGAGAAGACAAAGGCGGCGAGAGAGATAAGAAAGTGAGACAGCGTATCTGCGAAGAAGCCGGAAGCGATATCTCGAGGAAGCGATATCTCGAAGAGCCGCACCCACAGACGACAGGGGCGGGGAGAG	R1	0.010014989413321018
seelig	consider missing	seelig_cm_zinb_phantom	GTTCGGCCGAACTTTATACATAGGCCGCTGTTCACATTACATTACGTAATCCAAAATCAAACAGGGGTGCATGGCATGCTCCGGCATGTTTGTACAACCCAACGTGCCAAGGCACGGGAATAATCCTGGGCATGTTAGACTCTAC	R1	0.009743361733853817
seelig	consider missing	seelig_cm_zinb_phantom	TTAGTCCGGTCATGTCACCGGACATGTACAATTTCCGGTGGGCTGTATGACTGAACAAGTCCCCTTTGTACAAAAATGGTGACCCCTCTGAACTTTGATCAAGTTGGTTCCGGGGCGGTATAAATTCATTTGATCAAAGGTCAAG	R1	0.009780406951904297
seelig	consider missing	seelig_cm_zinb_phantom	TCGGGCTTGCAGTCCACCATGCATGCCTGGTGTAATGTAGTCCAGCTTGCTGGGAGATTGCCAATCTACACAAAACATGCCCGGGCATGACCGGAATTGACTCCATTAGTGTCCCACTGCATGCCAGTCCGGAATTTGCCATGTA	R1	0.009880886413156986
seelig	consider missing	seelig_cm_zinb_phantom	GCGTATCTTTTTATTGGCTTATCCGCGTTTCTTTTTATTGGTTTTCGCGCGCTTCTTTTTTCGCGCGCCTCTTTTTTTTTTTTCTCGCGCGCTTCTTTTCTCGCATGCTCTTTTTCTCGCCTCTTTTTTTTTTCGCGCCCCTCTT	R1	0.009773852303624153
seelig	consider missing	seelig_cm_zinb_phantom	TAGCCCTGGCAGTGAAGGCAAGGGCAGCAGCTTTCTAGCGCCCCTTGTGGCTGGATGGTGGTCTGCCCAATCCTGGTGGTCAACATCAGGAGGCCCATTGTCTGCGCATGCTCTCCAGAGCCAATCTTATTGGTAACAAAGCAAG	R1	0.009897811338305473
seelig	consider missing	seelig_cm_zinb_phantom	GGAGAAGCGACGCTCACCGTTTAGTTTGGTCCTCAGGACAAAGATAAAGTGATAGAAAGAGGCAATCCAGGCGAGCTGTGATGCATGTCGCTACGGTAATTATTAACCCTTAATATTGAGTATAACGCATTAGCGAACTCCCATG	R1	0.009695043787360191
seelig	consider missing	seelig_cm_zinb_phantom	TGCATTATTCAAGATCCACATAACCGGACGTCCGACTGCTTGTTCACCGATATTTGATCTTTTACCGTTGGTTGACAGGGAGTAGTGGGCAACATGACTAAACAATTCAATGTTCGTGTGCATACCTCGCTTGCCTTTGGCCTTT	R1	0.009743950329720974
seelig	consider missing	seelig_cm_zinb_phantom	CGAGCACTCCAGAATGTGCCTGCGCAGAGGCGAAAGGTACAAAGGGCAAACTTTACACAACCGGAAATGTATAGTGGATCTCCGGACATGCCGGGGTATGTTCGGTGGCGAAGCAACCATCGAAGGGCACTCTCCTCCGCTCTTC	R1	0.009837512858211994
seelig	consider missing	seelig_cm_zinb_phantom	GCGCCCCCCCTTTTTTATCTATGCGCGCCCTTTTTTATCGGTGCCCGCCCCCCCTTTTCCCCTTTTTTTTCTTTTTATTTATTTTTCTTTTTCCGCCTCTTTTTATTGATTCGCCCCCGCCCCTTTTTATTTTTCTTTTTATTTG	R1	0.009557828307151794
seelig	consider missing	seelig_cm_zinb_phantom	AAGAAAGCGCCGCCCATTTCGAGGAAGTCACCCCCGCGCCGATGACTCATCCGCCCCGCGCACCCCCGCCCCGCGCGCGATTTCTCGGAAGTCACACCCATTGGCCGATTTAATCAGGCCGATGACTCATCACTTCCTTATCTCT	R1	0.010002030059695244
seelig	consider missing	seelig_cm_zinb_phantom	GGGGTTGGGTTGTGGGGGGGTGGTGTAGACATGCCCGGGCATGTCCCCTGTTGTTTGTTTGGTCATGTCCCCTGCCCTCCGGACTTTGGTTGACATTCAGACATTCCGGGCCCTCTTTGTGTTTGGACATGTCCCCCTCCCCCCT	R1	0.009791404940187931
seelig	consider missing	seelig_cm_zinb_phantom	TTACATAAGCTTTGGCCTGTGGTCACACATGCCGGCTTGGCCACTGAACAATGCCGGAACACATGGGTTTGATCATGTGGTAGTGTGCCCAGGGTCCAGGCACGTCTGACTGTTGTGCCAATGCCCCGGCATGCCCGGACATGAA	R1	0.009663593024015427
seelig	consider missing	seelig_cm_zinb_phantom	CAACGGTCGACATGCCCGGGCATGTGTGCCAGTGACCAGAGACATGACCGGACATGGGTGCAGAGGTCAAAAGACCACTGAACATGCCCGGGCATGTCCACAGGACACACAAACAAAACAACAGACAAACCAAACACAGGCCAAA	R1	0.009742408990859985
seelig	consider missing	seelig_cm_zinb_phantom	AAGGGAATGTAGCGGAAAGTTGAACTTGCGGTGGAAAGTTTAAACATGCGGGGAGATGTACATAAGGGGAATGTTGGGGAATGTCGGAAAGTTGAACTTACGGAAAGTCGAACGATGTTTGTTACGTAAGGGGAATGTTGGGAGA	R1	0.009706547483801842
seelig	consider missing	seelig_cm_zinb_phantom	GATCTTCCTTATCGCGCGTCTTATAAGTTATCGCTCCGCGTTTCTTCGCGTCCGTTCGCGATATAAGGAAGTGACGCGTCGCTCCGCCTTATCGCGCTTCTTATAAGTCTTCCGCGAAATGAGTCGTCGCTCCGCGGATCTTATA	R1	0.009869463741779327
seelig	consider missing	seelig_cm_zinb_phantom	AAAATTAGCCGGGCGTGGTAGCAGGCGCCTGTAGTCCCAGCTACTCTGGAGGCTGAGGCAGGAAAATGGCGGGAACCCGAGAGGCGGAGCTTGCAGTGAGCCGATATCGCGCCACTGAACTCCAGCCCGGACAACAGAGCGAGAC	R1	0.009937332943081856
seelig	consider missing	seelig_cm_zinb_phantom	GAGAAAGTGGTGATTCTGGCGGTGAGGGAGAAGCCCCAGAGGCCTGGGGGAGGTAGGCCACGTGGAGCTGGGTTCCCAGCCACGCCTCCGCTTCAAATTCAATGACAGAGCACGTGATTTCCCAGGAAACGGAGGCTTGCAGCTC	R1	0.009977846406400204
seelig	consider missing	seelig_cm_zinb_phantom	TCCGAGGGCGGGGCGATGAGGCGGAAGCGATATCTCGAAGAACCGCACCCGCGGGAGAGATAAGAAACGATATCTCGAGGAAGAGAAGGAAGAAGGAAGCGATATCTCCCACGAAAGGGGCGGGCCAATCCGAGAAGACAGAGAG	R1	0.010003285482525826
seelig	consider missing	seelig_cm_zinb_phantom	AGCTTCCTTATGAGTCGCTTCCCCTCGCTGTGTGACAAGAAGATGCTATATCCCGATAACGATGATTCGTCACTTCCGCGCAATTCGTGATAAATGATTTGGATGCGCGCCGCGTATCGAAGCGCCACCCACAGCGTAGATGCGT	R1	0.009912416338920593
seelig	consider missing	seelig_cm_zinb_phantom	ATGCTGTTCTGAGTAGTGTGATGAAATCTCATGTCATCCTGCTCACTCCTGCCCGGGATGTGAATCATCCCTTTGTCCAGCATATCCACACTGTAGATGCTCCCAGAACCTTGGCCCATTAGTCACTAGCAGCCATCTTGGTTAT	R1	0.00992494635283947
seelig	consider missing	seelig_cm_zinb_phantom	AAAACAAATGACTCACAACAACGATAACTCGCAAGAAAGCGCAGTCGCGGAAGCGCCGCCCACATCCAACCCACAACAAAAAAACCAATAACTCAACACCCACATCCAACAAACCAACCAACGAAAGAGGAAGCGACACCCACAT	R1	0.009938145987689495
seelig	consider missing	seelig_cm_zinb_phantom	CAGACGATTCCGCGTAACTTAGACGCGCGGCGCGCGGACCAATAAGATAAGTTACTTATGGGTGGGGATATCGCGAAACCAGAGGGCGACGTCATCTTTTGCAATCGATAAATCTTAATTAACTTACTTCTCGGAAGCGCCTCCC	R1	0.009683400392532349
seelig	consider missing	seelig_cm_zinb_phantom	CATGATTATACATGCTTGCCTCGGAATGTCCGGTCACGAGCCCACCGTACATAAATCTCAGCATGGCTCAATCCACGACATGTTTGTTACGTAAACCCCACGAGAATGGAAAAAAACACTGGAAACATGCCGGGACATGACCGTT	R1	0.009772620163857937
seelig	consider missing	seelig_cm_zinb_phantom	CCCGCGCCGATGACTCATCACTTCCTTATCTCTCGCGCCGCCTATTGGAAGAAAGCGATGACTCTTCCGAGAAACCCACGCCCGCCCCCTTCGCGATTTCGCGGAAGGAAGCGCCGCCCACCCACCCGCCTATTGGCCGATATAA	R1	0.009988251142203808
seelig	consider missing	seelig_cm_zinb_phantom	GGTCGCGATTCGACGATTCGCGGAAGTGACTTATCACTCCGCGCGCGTGTGACTCATGCGTCAATTCCGCTTAATAAGTCGCGATAACTTACGACTTATTGGCGGACGAAGTCGCTTCCTCGACGCACGACGCGCCACCATTGGT	R1	0.00976975541561842
seelig	consider missing	seelig_cm_zinb_phantom	CTTCATGCGATTTCTTATCTCCTCTTTCGCGTGAGTCACTTCCTTTCCCTGCGTCTTTCCGATTAGCCCCGCCCCTTATCTCTTCCTCCTTCGGGTGAGTCACTTCCTTATCAGCTCCTCCTTCGGGTGAGTCACTTCCTTTTCT	R1	0.009677781723439693
seelig	consider missing	seelig_cm_zinb_phantom	CGTAAGCGCAGTGGCCAACATGCCCGGGCATGTCCCGTGTTCCGCACTTCCTTTCCCGCTACGGGTATCGGCGGCGCGCCGGCCTTGGTGTCCAACTTCCCGTGACGTAATATTGAACGTTCACCGGGCATGCTCTGTACAAACA	R1	0.009795940481126308
seelig	consider missing	seelig_cm_zinb_phantom	GTTCAAGTCGTGGAATAGTCACAATGTGATTTCTCAGCCCAATCAAGTTCCGACTTAGGACAAACACCGGTCTGGCCCTGGCTGCGATTTCTAGGTAGTAGGAAGTTACTGTTTCATCGTAACGAGGCTGAGTCACCCTGTGACT	R1	0.009874016977846622
seelig	consider missing	seelig_cm_zinb_phantom	CAATAACGTTTTCACTTCCCCTTAAGACTGATGAGTCATCGGATAGCGCATCCGATAGCGCGAATTGGTGGAAGTCGCGTCAGCGTCTTCGAGGAATGAATACATGATAGCGCGTCCTACATATAAGCATCCTCCACGAATAGGC	R1	0.009911731816828251
seelig	consider missing	seelig_cm_zinb_phantom	TCCTTCCTTCCTATAGGAAGTTACGCTTTCTTATATTTAGGAAGTTACGCTTTCTTATCTTTCTTCCCGCATCGGCGCGGGACGCCCCCTCTTTAGGAAGTTACGATTTCTCGCAGATACGATGACTCATAAGTGGTTTCGCGGT	R1	0.009900175966322422
seelig	consider missing	seelig_cm_zinb_phantom	GGTCTTTTGGACCCCCGGTGCCATGTCCGGACATGTCCCCTGTCCCAGGTTGACATGCCCGGGCATGTTGCCCTGTTTGTTCATTGCCCCCTGGACATGTACATTCCGTCATTCCGGTGGACTTGGGCATGTTTGCCCTTTCCTT	R1	0.00975397601723671
seelig	consider missing	seelig_cm_zinb_phantom	GCTCTCCTGCCGGCATGCCTGGGCAATCTCCTGTAATGTTTGAACAAAGGTCACATGCCTGGGCATGTCCTTTGTTCAAAGCGAACATTACACAAAGGACTACGGCCGGCATGCCGGGGCACGTGACCTCTCTGTTTGTCCCCTG	R1	0.009742611087858677
seelig	consider missing	seelig_cm_zinb_phantom	ATGTTTAGTCAGGGTGCCACCGGAACATGCCCAGGCTTGCTCGTTGCCCATTCCCCCCTTCAACCCGAGTCCAAAGGTCATTGAACCTTGGTAGAATGCCTGACGTCAAGTCGATCGTCCGTTAGTCACTGGACTATGTAACCAG	R1	0.009685310535132885
seelig	consider missing	seelig_cm_zinb_phantom	GAGTGTCTGCCGGAGACGTCTGTGAGAGATGACCTTTTGACCTAGGAAGGAATGCTGTGAAGGTGGGAATGTACTCTCAGCCCTGGCCCAGGAGAGAACGTTGAAAACAGCCCCAGCTTCTCTGCTCACAGGATCTAGCTTGGTT	R1	0.009913197718560696
seelig	consider missing	seelig_cm_zinb_phantom	TCAGCACATCCGCAGATAAGAAACGCCCGGCCCGCGCCGATAAGAAGGAAGCCACATCAGTGACTCACTGACGGGGAGGCGCGATAGGCGGAGCCACCCGGCGATAACCCGATAACGCGGAACCGCCACCCACGACTGAGAAACG	R1	0.009892680682241917
seelig	consider missing	seelig_cm_zinb_phantom	CGGTTGGAATAAAGTGAACCTCACAGATATACGGTTTGAGAAAAATGAATCACGAAGTATGAATGTTGCGATGACTCAGCATTGGTACGTCGAGATACTGTGCGGACCGGGCGTTGTCTTTGCCATCCTCACACCCACATCCCCC	R1	0.00994117185473442
seelig	consider missing	seelig_cm_zinb_phantom	CGGATGACGCTTCCTTATCTCGGGGGCGGGAAGTCACGGAAGCGCTGAGTCACGATGGGGCGTCACTTCCTTATCTCTCCCCCCCCTTTCCAGGAAGTCACGATACGCCGTTCGCGGGGGCCCCCCCGCCGATGACGCTTCCTTA	R1	0.009967884048819542
seelig	consider missing	seelig_cm_zinb_phantom	GGGGGCAGGAACAATAAAGGACTGAACCTCCTCCAGGCCACACCCCTTCGTCTCGAGAAAGCAGCCCCACACTGCCCTCTGGTGGCAACGCTCACATGGTTATCCAGTTGAGGGGCAGGTCCCAGATTAGAACCTTGAACTGGTC	R1	0.009790392592549324
seelig	consider missing	seelig_cm_zinb_phantom	TGAAACTACCTCCTTCAGGTGTCAGTCTCCACCCTTATTGACTTCTTGGGTGGAGCAGGGACCCCGGCAAGCCCATTGGCTGCGACATTTCTCACTCATATTGATTGGCGTCGAGTTGAGCCTATGACACACAATAATGTGTTTG	R1	0.009623694233596325
seelig	consider missing	seelig_cm_zinb_phantom	GGCTTCCTCGACCCCGCGGGTGAGTCACCCGGATCCGCCTATAGGCGCGGCTTCCTCGACCCGGCGGGTGAGTCATCCGGCGGGTGAGTCATCCCGATATCGCTTCTCAGATATAGGGGGGCGGCGCTTCCGAGGGCGGGGCCGT	R1	0.00994142983108759
seelig	consider missing	seelig_cm_zinb_phantom	GGGATCCGCACCTTTTTTATAGATGCGAGGCGCCGCGTCTTATAAGAAGCGCCGCCCCTTTTTTTTTATAAGAAGCGAAGTAAAGGGTAGTTATTTCGCGATATCGCAAGAAGCGCCTTCCGCTATCGCATATGCGCTTTCTTTA	R1	0.009771780110895634
seelig	consider missing	seelig_cm_zinb_phantom	ATTTCATCCTTCCGCGATAACACGCATATAGGAGGAGGCGATTCATCGCCCTCGCGGAGAGATAAGTTCCGCGCCAATTGGGCTTCATTAGGCGGCGCTTACTGAGTATTACTCAGTCTCATGCTTCTAAGAAGTAGCGGAAAGG	R1	0.009803918190300465
seelig	consider missing	seelig_cm_zinb_phantom	GTGTTTCGGGCCGCAGCCAGCTTGACGTCCATGCAATGTGTGTTTGTGTGTACCTGCCCGGGGTCTGGGTGCACTGCCGACCAGGTTAATGACCTGAACTGTGCAACATTCCAGCTTTGATCAGTGTTTGGTACACCGCATGCCT	R1	0.009842362254858017
seelig	consider missing	seelig_cm_zinb_phantom	TTGTCAGCTTTTGTTCAAACATCACCGGTCATGTCAAACCAAAGGTCCAAAGTCCTTTGTCCGCTTTTGTTCTCTGGACTTTGCACAAAACAGTCCAAACTGGCTTGCCCGGGCATGTCCAAAGGTTCAAAGGTCAAAGATCATG	R1	0.009842096827924252
seelig	consider missing	seelig_cm_zinb_phantom	GGAACCGGTGAGCGCGAGTCGTCGAGGATACGCAGGGTGTTATCACGCGAATCTACGCGGTTTACATAATTGTGAGTTATCACTTCCAACACTGACGATGAGTTATCGCTTCAAGATAAAGAAGATATAAGCGAATCGACGTACG	R1	0.009805599227547646
seelig	consider missing	seelig_cm_zinb_phantom	ATTCCGTTGAATGTCAACCGACCGTACAAACGTAATCCATTACAGGTGCAACATTCAATGTTCATACAGCCGACGGTAGGACCGTGGGCTTAATTCCGTAATTCTGGCAGGCATGCCTGGACAAGACCGTAGCAAAAGTGCATGA	R1	0.009812499396502972
seelig	consider missing	seelig_cm_zinb_phantom	ACGATGAGTCACCCCCGATCGCCATATCTCCATATCGCGGAAGATATAAGCATATAGCCCCACCCATAGGCAGATCTGGGGGGGTGGGGGGGAGGAAGCGCATCCGCGAGGGGCGGGGCCTATAAGGAAGCGTATCCCGGAAAAA	R1	0.009915425442159176
seelig	consider missing	seelig_cm_zinb_phantom	AGCTGGGAGGCAAGGCCCAGTCCGTGGCTGTGTCAGGCGGGGCCTAGTGCTGGGACGCGGGGCCGAAGTCTGTGGGTGTGTCCGAGGGGCGGGGACTAGCCTGGAAGGCGGGGCTGAGGTCTGGCGCGGGGCTGAGAAGGAAGGT	R1	0.009993604384362698
seelig	consider missing	seelig_cm_zinb_phantom	TTCTTTGGTCGTTGGTCGACCATTGACCGACGACGGCCGTTCGTGTGACCAATGGTGGTTGTTTGGACATGTCTACAGACATGTCCGAAGACCACTTTGGACGTAAGGTAAGTGAACGTTGACCGTTCGGCACATGTCCGGACAT	R1	0.009701482951641083
seelig	consider missing	seelig_cm_zinb_phantom	CGGCGCGCGATTTCTTGAAGATAAGATATCTCGCAGATACGATGACTCATAAGTGGTTTCGCGGTTTCGCGGTTTCGCGGATTCGCGGGACGCCCCCCCTATAGGAAGTTACGCTTTCTTATCTTCCTTCACGCATCTGCGCGGG	R1	0.009960931725800037
seelig	consider missing	seelig_cm_zinb_phantom	GGATGAGTCAGCGAACCGGCTAGTGATAACTCCTCATGATGAGGCGGAGCGGCAGCTCCTCCGGCGATAGCAGTTCCTCGAAGAAGATAACGGATCATACGCGCCGCCTATCGCGGCAGCGCGCCCTTATAAGCAGAATATAATC	R1	0.009975170716643333
seelig	consider missing	seelig_cm_zinb_phantom	GGTTCCGCGACTGGCGCCGCCCCCATGGGCCACGCTGGTCCTGGAAGATGAGAAAGACGCTTCCTTATCTTGCAACGCCCCTCCCGCAGTACTATATTGGAGCTGGAAGCGGCGTTTCGCGTTGAAGATAAGCGATAAGGTCCTC	R1	0.009465104900300503
seelig	consider missing	seelig_cm_zinb_phantom	AAGAGTTATCGCAGCCTGATTCTTATAAGCCCTCAAGCGCATGCGCGCGAGGTCCCGCCGTTGGGGCTGTCCTTATCTCCGACAGCGCTTCTTCGAAGCCTCATGAGTCGGATGCGATACGATGTCTTCAAGAACAGATAAGGTA	R1	0.00991397351026535
seelig	consider missing	seelig_cm_zinb_phantom	GTTCCGAGAAGCCGCGCCTATTGAGGAATACGGATGCGTCTTATAAGAACGCGATAAGAAATTACTTTATGATATTCTTATCACTAACTTCCTCAAGCGACTCCTTATTCATCAGACCTTGAGGAAGCGACTCCTAGATATCGTT	R1	0.009883495047688484
seelig	consider missing	seelig_cm_zinb_phantom	GGAACCATGGTCACCTGGGCACAAGTCCAGTGCAAAACATGCCCGGGCATGTTCGCGGTCGACCATAGGTTGGTGGCATGTTCACCCCTGACCACCTTCGGTCAAATTGCATAATGTCGAAACAACCAATGTTTGTACAGTAGAC	R1	0.009838004596531391
seelig	consider missing	seelig_cm_zinb_phantom	AGCCCCTATCCGCCCCACGATGACTCACCCGCGGGGGGCGGACCCCTATCTGCGAGTAACCCCCACCCCGTATCTCCCTATAGGGCGGGCGATAACTCAGGATATGGATAACTCAGCCTATCGGCGGGGGAGGGCGCGCCACCCT	R1	0.009699244052171707
seelig	consider missing	seelig_cm_zinb_phantom	AAGACAGATAACGCGGAAGCGCGGCGCGCCGCTGACTCAAGAAGCGACACACCGCACCGATACGCCGATGAAGAAGCGACACCCACAGAAGCAAGATAACGCGGAAGCGCCCACCCGAGAAAGCGCCGCGCCCACACGCGCCGAT	R1	0.009849688969552517
seelig	consider missing	seelig_cm_zinb_phantom	CCCACAGTCATGTCGGCAGTTGACGTCCGAAGGTCCAAACGTACGTTGGTTGTTTGTTTGAACGAACGTCCAATGACCAAAGTCCGTTGGACGAACGTCGGATGTTTGTTTAACCGGACATGTTTGCCTAAGGGCCATGCGCAAG	R1	0.009882244281470776
seelig	consider missing	seelig_cm_zinb_phantom	GGGTCGCTAGCTTGGGCCTTTCTATAGCAGGAACAGGTTCAAAGGTCATTAAGCGCGGTGGGTCAGGTTCAAAGGTCAGCAGGTAAAGGTTCAAAGGTCAGACGCCCCAGGTTCAAAGGTCAAACAGGTTCAAAGGTCATCCGTA	R1	0.00993553176522255
seelig	consider missing	seelig_cm_zinb_phantom	AACCCTCCTTAGAGAAGAGAAATAGCGGTTCTCGTATCTGCGGATTACTCAATAGGATGAGTCGCATCGTCTGAGTCGTCCAAGCGCGGGGCGGCGCGTCATTACTTTTTTAAGTAACGCTTTTCACGGAAGCGATTTCCGCTAA	R1	0.009840810671448708
seelig	consider missing	seelig_cm_zinb_phantom	CGTAACGTTATATCGCGTATCGCGCGTTTTGATATATATGGAACGCGCCCTTATTTATAAGAAGCCGCGCTATAAATAAATTTGTATCGCGCAACCCTTTTCTTATAAGGAAGCGCCCCCCCCTTTTTAGATATCCCTTATTTGG	R1	0.00965519156306982
seelig	consider missing	seelig_cm_zinb_phantom	CTGCGTCAAGAATGGGTCTGATAACGCGTCTTATGAGTTACATGCGTTATATCTCCTTAGGAAGCGCCTCATCGATACTACGCTTCCCGTCCTCTTATTGGAGCCATATGCGGCGAAAAGATACGGCGCTTCCAGGAACTCACTA	R1	0.00970968697220087
seelig	consider missing	seelig_cm_zinb_phantom	TTGACGCGGGGCCACAGATATGACTTAAAAACTTAAAAAAGAGATAAGGAAGCGCGGACCGATACGTGGGTCCGCGATTCCGCGAAAAGATATAAGGAACCGTCCTTATAACTTAAGGAAGTGACGAGGACCCATGGGGCGATAC	R1	0.0098020164296031
seelig	consider missing	seelig_cm_zinb_phantom	GTATGTTTATGTATTACGTCACCAATGAACTCAAGCAAACAACAGTCGACATGTCTGGCCATGTAAAGTGGCAAAATTCCGGCTTTTTGAACAAAGCGCAAAGTCCTTTGCCTTTGAACTATGGCCCTATTCCCTCTCCGGTCAA	R1	0.009711763821542263
seelig	consider missing	seelig_cm_zinb_phantom	TGGCATCTGCTGACACCCTTGCCCAGATTCCTGACTCCTGCATTTTTTTCTTTTCCAGTTTAAGCGGCTGCAGGGCAAGAGGAACCGAGGGAGAGAAGAAATCAACTTTGTGGAGATCAAAGGTGATGACCAGCTCAGTGGGGCC	R1	0.010074424557387829
seelig	consider missing	seelig_cm_zinb_phantom	TGATTTTATTATAATTGAGTTTTAATCTTATCTCGTCATCAGATATAGATAGGCAGACCCCAAAAGCTAAAAACCGCCCTTAGGGGCGGCTCTTCCGGTTTATAAGAAGCGCCGTTTCCCGGCTCTCTATAAGATGTGGTTTCTT	R1	0.009865527041256428
seelig	consider missing	seelig_cm_zinb_phantom	GTGCAAAGGACAAAGATCACGCAACATGCCCGGACATGGAAGGTGGCGTGTACAGCAGAGCACCAGACGGTCAGCATTACATTCGACCAGTTTACCACTGTAATGATGGTCAGGGGTTGAACGTACGGTGGACAAGCCCAGGCCT	R1	0.009822975844144821
seelig	consider missing	seelig_cm_zinb_phantom	GAGTAACTTCCGGAAGATATCGCTTCCGGTTCCGCGTCTTATAACTCCCGCCCAATGAGTCACTTCCGCTTTCGCGGAAGATATCATCCGCGGCTGATAAGACCCGCGCCTTCCTGCGAGATATCGTGATATCTTCCGCCTTCTT	R1	0.009916436858475208
seelig	consider missing	seelig_cm_zinb_phantom	ATTCAAAGCGCCCAAATCATGTTAAACATTTACCTTTGTACAATCCCCTTCAGAGCTTGAGCTGGTGCACTACGGGCATGTTTATACATAATTGGTCGGTCGGGCATGCCCGGCGACCTAAGCTTATCTATTTGCTGTAATATTA	R1	0.00971103087067604
seelig	consider missing	seelig_cm_zinb_phantom	CCGTAAGATATCGCGGATGCGACTTATAAGAAACTACGGATCGCACCGCGGGGCGGAGCCGTTCGCGGACTGCGTTTCCTGACGTTATATCTTATAAGGAAGTCACTTCCGCGAAATCTGGCGAAGGGCCGCGCAACTTACTGTA	R1	0.009992566891014576
seelig	consider missing	seelig_cm_zinb_phantom	CGTATATCTTAAGGAAGATATGACTTAAGGAGGAGCGATACGCGTTTCTTGGAAAAGATATAAGGACCCATGGGCGGTTCCTCGATACCTTATATCTTGAGGAAGTGATGAGATAGGGCGGAACGATACGTGGGTCCGCGAAAGG	R1	0.009980402886867523
seelig	consider missing	seelig_cm_zinb_phantom	AAACTTCCCTTTGTTCAAACATGCCCGAGTTTGTACAAAAGTCCACATTACCGAACAAACATGCCCGAACATGTTTACTCCCGACCTTGTTACCGACCGATTTTGTTTGTTTACATACATGACCAAACTTCTACAATTCTTTGAC	R1	0.009789652191102505
seelig	consider missing	seelig_cm_zinb_phantom	GTAAACATTCTGTGGCTCCCAGCAGAATTCTGTTCACTGTTACCACGGAAGAAGTGATCAAAGAGAAGGGGCTCTGTTGGGTGCATGCCAGGGCAGAGGTCAAGGAAAAGCCACGGATAGGGACAAAGAACAGCTTGACAAAGGC	R1	0.009976588189601898
seelig	consider missing	seelig_cm_zinb_phantom	GCCGCGAGGCGCGTTCTCACGAATGGCTCAGTGGCGGGTAACAGCCAGGTTCAAAGGTCAGTACGAATAGGTTCAAAGGTCATCTCTGCGAACTATGCTCAACGACCGGTCGTCGTAACTCAGGAGTAGTAAGGTTCAAAGGTCA	R1	0.010016151703894138
seelig	consider missing	seelig_cm_zinb_phantom	TGATGAGTCATTTCCGATATCTATTCTCGCGCATATCTTTAAGATACGACGCTTTCTCAACCGCGTAGTAAGTGATACGACTCGCGCGGCGCTTCCTAGAAACCCCGATATAAATGCATACGCGTGATAACGTAACCCCCGCAAA	R1	0.009849261492490768
seelig	consider missing	seelig_cm_zinb_phantom	GACTTGCTGTTTTCTGGGTCCCATGAATTGGCAACCCCAGTCCCGAAATAGAAAGTTTAGGATGGAGTCATTTCTGTGTGTCAGGTGTCAGCCTTGAAGTGCTGATTGTGGCAAACAAGGGCAGACCGTGCTTTAGGAAGACCGT	R1	0.009771830402314663
seelig	consider missing	seelig_cm_zinb_phantom	TTTTTGTTTGTACAAAGCTCTGTTTGACCCCTGCGGGCATGCCGGGGCACGTGACCTCTGTCCGGTAATGTTTGAACAAAGCGAACATTACATGAACCTCTGCTGCTCTCTCTGTTTGAACATTCAAAGCGAACATTACATAAAC	R1	0.009825002402067184
seelig	consider missing	seelig_cm_zinb_phantom	CCGAACCAAAATTGCGTCCGGTGGGTTGATCCTGTTTGGAGTACATACCCCGGTATGGATTATGTAAAGATCACTGGACATTCCAGGCGTGGTGGCAAGGGACAAGACCGAGGCCAGGTGGTTAGGTGGACGTGACTAGTTTGGC	R1	0.00974937155842781
seelig	consider missing	seelig_cm_zinb_phantom	GTCAACCATTACGTAATTGTGTAAACATGCCCAAACAAACTCCCCTTTGAACTTTCGCTCCACAGCATGTTACCCACCCTGTTAGTTCCAAAGTTCAAACTTCCGCTCTCATGTCAAACATCAAAACAAACAACCATTACGTAAT	R1	0.009826992638409138
seelig	consider missing	seelig_cm_zinb_phantom	GGCTTCCAGGACGCGCGTTTTCTTCCAGATAAGGCTTCCGCGAGATAAGGTTACTTCCTCGTAAGGCCCCGCCCATGCGCTTTCTTATCTGTCTTCCCTCCCTGAGTCAGCGCCTCCGATAGGCGCTGACTCATCCTTCTCTTCC	R1	0.010033102706074715
seelig	consider missing	seelig_cm_zinb_phantom	GTTCACCCCTACCTACTCTCCCACCTCCGGAATGTTTGTACTTTGGTCTCCTGTACTGCCGTCACCTCGCTCTTGTACCAACATGCCCGGGCATGCCGGCCTGCCTGCATGAATACAGAATCTTCCACCTCTCTAATGTTTGTCT	R1	0.009688403457403183
seelig	consider missing	seelig_cm_zinb_phantom	TGAGACGTAAGTGGGACCAGCAAATGGTTGCTGTTCTGTTTCTGTAGACTGACTAGAACAAGGCTAGAGAGGAAACAGAGACTGGCATTCATTCAGTGCCATTTGCAATGTGGAATGACTCATGCTTGCCTGGCCCCTGGTGAGT	R1	0.010002784430980682
seelig	consider missing	seelig_cm_zinb_phantom	GGAATGAATGTGCATGCCCCCATGCCGGGGCCTGTGGACATGCCCGGGCATGCCCCGGAACGTGACCCTGTGACCAGGCCGGAATGGAACAAAACATGTCCAGCCAGGCATGCCCCCCGGCAGGCCCCCCGGCATGCCGGTGAAT	R1	0.009821301326155663
seelig	consider missing	seelig_cm_zinb_phantom	GTTAAACAAAACCTTTGTTCAACACTATCACTGCAAACATGCCCGGACATTTCCACTGCTGACATTCCCTATTACATAATGTTTGTACAAACCAAAGTTCAAACAAACCAAAGTTCAAACAACTCCCTGTCAGCTAGTTGAAACA	R1	0.009843040257692337
seelig	consider missing	seelig_cm_zinb_phantom	CCCGTGCAGCGCTTTCTTCGAAGGAGCGATAACTCGTGCTGAAGAAAGCGTCAACCTAGATAAACTTATCATTCCGCGAAGCCCCGCCAATGGAGATGATTCGTCAGTTCCGCTTCTCGCGATGAGTCACTGACTGGAGGAGCGT	R1	0.009725751355290413
seelig	consider missing	seelig_cm_zinb_phantom	GCTGACCTTTGTACAAAGGTTCAAAGGTGGACATGCCCCGGCATGTCCGGACTTCCGGTCGTCCGCTGGGGATTGTCTAAACAAGCCCGGACTTCCGGTCAGGATTGCCTCAGCTGACCTTTGTACAAACAGGGACATTCCGCCG	R1	0.009899661876261234
seelig	consider missing	seelig_cm_zinb_phantom	GCTTCCAGATATCGCGCCACCCCGCGAGTTACTCGCGCGGCGCTTCCGAGATATCGCGCTTCCGAGATATCGCTACGGGCGGTTCCATTTGCGGGTGTCGTTATCCGCGCGTGGCGCTATCGCTTCTTATATCGTGCGCTTTCTT	R1	0.009985408745706081
seelig	consider missing	seelig_cm_zinb_phantom	CCCGTGCCGGTATCAACTCTCGCGATCTCCGAGGCCGCATACATATTACCCACAATTCCCTTTCCTTTCTCTCTCCTCCCGCCGCCCAAGATGGTGAGTGAGCTGTAGTTCCGTGGCACTATAGCCAGGTTCCGGCTGTATCCGC	R1	0.009971333667635918
seelig	consider missing	seelig_cm_zinb_phantom	CACGAAGTAGCGCTTTCTCGGAAGGAAGCCTCGGCGGATCGGAACGCCCATATCTCTCCCGCCCCCCCTCCAATAACGGCGCGGGCGGCGGGAAAGGCTTTGCGTGGCGGGGAAGAGTGATGAGTCATCCGAACCGATAAGATAA	R1	0.009949637576937675
seelig	consider missing	seelig_cm_zinb_phantom	CTGGGAAGTGGGGGATGAAGCTTGCTCAGTGCAGTCTGAGCCGTGGTGATAAACATATCACTTTATGGTCCACTGACCTCACCAAGGAACCTCCTTTCCCTACTGCTCCTCTCTCCACGGCATGGCCCGGTGACTCATACTCAAC	R1	0.00989164412021637
seelig	consider missing	seelig_cm_zinb_phantom	CGCACATGTCCGTCAAGAACGTTCACTTAGGACACATGTCCTCTCAAGGTATTGCTCCATATACATGTCGTGCACATGTCCAGCGGGTCGATCGATCCTGTTCGTAATGTCTTGAAGACATGTCCGACACATGTCTCTGGTTTTA	R1	0.009644326753914356
seelig	consider missing	seelig_cm_zinb_phantom	CGATAAGGCGCGGATCCGATAACGTTTCTTCGTTATCTTTCGCGGAAGACGCTTCCTTATCGCGGATCCGCGGATTCGCGGATCCGTTCGCGTTATAAGTCATTCGCGGATCCTCGTAACTTATTGCGTTTCCGATAAGTTAGTA	R1	0.009757722727954388
seelig	consider missing	seelig_cm_zinb_phantom	CACTGGTGCGGGGCTAGCGACCTGGTTGAGGTCTGCGGGGGAGTGCCGGTTTGACTCCACCACCCACGGACACCAGCTCCTCTTCCGGTCTCCATAACGCGCATGCGCATCACTGGCCTTTAAACGTGCACCGCCGGTCCATCCG	R1	0.009987656958401203
seelig	consider missing	seelig_cm_zinb_phantom	GCAGCCTCATCCTACGGGGCCCCGGAAGCGTAGCGCATATAAGAGTCATCCAGCTCCTCCCTCATAAGATTCGGCCTATTCGGATGACTCATAATTTTATCTTGCAGGACGCATCCTAATCTTATTAGCGCGTATCGCTAGGATA	R1	0.009824000298976898
seelig	consider missing	seelig_cm_zinb_phantom	TCAGAGGGAAGGAGGGCGGATGACGCGGAGCGCGGACCGATAACGCGATAAGCCGGAAGCGCCCCCCACAGATGAGTGACTCAGTGGGCGGGGCCACCCGCGGGCGGAGCCACCCGCGCATCCGCGACTGAGAACCCGCATCCGC	R1	0.009980347938835621
seelig	consider missing	seelig_cm_zinb_phantom	GCATATCCTCCACGGCGCTAATCGGCGTATCGCTTCCGCGGGCGATATACGACGATCCGCCCATTCTTAGAATCCAATAAGGAAATAACGTTACTTCCTCTGCGTCAGATCTTGATATCGTAACACCCGCCAATTGTAACTTATC	R1	0.0096791572868824
seelig	consider missing	seelig_cm_zinb_phantom	CAACAAAGGACATGCCCGGTCATGTTTGACACTAGGGTCGCTTTACGGTGGAACATGACTAACCTAACCGAGCTTGTATGGGTGCTCGACCGGAATACAGGGTCACAATGATCCCGTGTGCTGCGGCCTCCGACCATAACACTCC	R1	0.00979126151651144
seelig	consider missing	seelig_cm_zinb_phantom	TGCCCAGAACAAAACCGGAATGAATGCCCGGGCATGCCGGCATGCCCAGGTAGACATGCCCGGGCATGCCCCGGACCGTGCACCGACAGGAATGTGACCGGGCATGCCGGGCCAGCCAGGCATGGACATGCCTGGACGTGCATGC	R1	0.009961255826056004
seelig	consider missing	seelig_cm_zinb_phantom	CATGCCCCGGCATGTCCACAGCGGCATGCCGGCCGGAGTCCAGAGGTGAACAAAGGCCGCAGTCCGGAGGTGACCGAAAGTCCAGAGCAGGAGACATGCCTGGGCATGCCCCCCTGCCCCCCTGAGAGCAGGGGTGAACAAAGGC	R1	0.009714965708553791
seelig	consider missing	seelig_cm_zinb_phantom	GAGAGGCACTTACGCGTAAGTAGCGCTTCTTATACGTGAGACGTCGTGGGAGCGATACTTCCTTATAATAGGATACGCTATTCTAAAAAAGCGCGACGCGCGCTTCTCTCTCGCGGAATAACGGTGTGGGGCGTCGCGCTTTTCT	R1	0.009713524952530861
seelig	consider missing	seelig_cm_zinb_phantom	TATTTACGAGATACGCCCTATCGTATTGGTCCGTCCAATAAGGAAGAGGAAGACGTTTCGCGCTACTAATAATTCTTATATGCGGCGCTCCGCGATATCCGACGCATCGGCAGGCCGCGACAGATATAGCAATTGGCTGCTAGAC	R1	0.010021279565989971
seelig	consider missing	seelig_cm_zinb_phantom	GATCGGGGGGGGAGGAAGCATATAAGCACATCCAAGAAAAACGACATCCGCGAAAAGCCGCGCCTATAAGGAAGCATATAAGGATAACGCGGCGCCTATCGCCATATCTGACTCACGCGGACGATATAAGGATGAGTCACGCCCG	R1	0.010034835897386074
seelig	consider missing	seelig_cm_zinb_phantom	TCAAATCACAGCGCCAACCAGAGGGTATGACAAAATCACAGCAAATCACAGCTAAAAGGTAGCTTACGCAATGGTGAGATCGGAAAATCACAGCTCTGGATCTGGTACAAAATCTTCCCCAAATCACAGCGTGCGCATTCGGGAC	R1	0.009757649153470993
seelig	consider missing	seelig_cm_zinb_phantom	GAATTACGTTAATCGCGCGTATCTTATCGGCGGAAAGTCGGGGGGTCGAGACGCTTACTCATCGCCGGACGGGCCGATAAGAAACGCTGACTCGCAAGATCGCATAGGTTCCGATTTGTCGGATGAAATCCCGCAAAACTTCGGG	R1	0.009672531858086586
seelig	consider missing	seelig_cm_zinb_phantom	TATTTGGAGGAGTTATATGCTAATTATGAGTCATCGGGTGGGGCGTCTTATAAGTCTTCTAGCGGATCAAATCCGCGGAGCGACGCGCTGCGCCAGCGGGAGGCGCCGCCTCCTGCGGATAACGTTATTTCGCGTAATCTTATAT	R1	0.009801502339541912
seelig	consider missing	seelig_cm_zinb_phantom	GGTCTCTGTTAGACATGCCCGGGCATGTCTCCGGACTTGTTTATACATTCCGGTTTGCTGGGACATGTCCATTCCGGTGGCCCTTGCCTGCCGTCCGGACTTTGGTTCACATGTTTGGACGTGGACATGTCCGGGCATGTCCCCT	R1	0.009850326925516129
seelig	consider missing	seelig_cm_zinb_phantom	TCTGGACATCCCCGGGCTTGTAGTGCAAAGCTCTGTCACATTCCATCTATGAACTTAGGTTGACAGTACGGAGTGAACGTCGGCATGACAGGACTTTGATTGTGACATGGTCGCTAGGAACAAGCCCCTGACCGCCATGCCACCG	R1	0.009895779192447662
seelig	consider missing	seelig_cm_zinb_phantom	TGTTGCCCGAAACACCCGTAACGCACGGCGTACCGTGTATCAAAGTACTCGGACGCGGGTTTGGTAATTATTAACCTAGAATCCTATAACTTAGGTAATTATTAACCCAAAGGCTCCGTTCAGTGTCACTACGATACCACCTCAA	R1	0.009937070310115814
seelig	consider missing	seelig_cm_zinb_phantom	CGCCCCTCATACGCATAAAGTCATAACCCTCACGTTCTTATTGCGTCATCCGCGAGGCTAAGGAGCGCCCATCCCTTATCTGACGACTCTTAAGAGAAGCCGCATCCATCGGCGTCGGAGATAAGATATCTCTTAGAAACTGCCT	R1	0.009764792397618294
seelig	consider missing	seelig_cm_zinb_phantom	GATCACGCTACTTAAATCCGCGGAAGAGATCCTTACTACTCCGATAAGGAAGCACACGCGTCTTTCTTAGAAGAGCCGCCCGCTATAGTAGGAGATGAATGGGTGACACACGGATGGCGCGATACCGCTTTCGCGAAATGAGGAT	R1	0.009970344603061676
seelig	consider missing	seelig_cm_zinb_phantom	GGGGCTTATCGGAAGTCGCGCCCCTTTTTATATTTTGCGTAAGGCGCGCCACTTTATCGAGAAAGCGCCTTTCTTGAAAAATATCGGGATGTGACGCTTTCGAAGACTCATACGCCTCCTCTTTCTTATATCGCGTAACTTTTTC	R1	0.009785691276192665
seelig	consider missing	seelig_cm_zinb_phantom	TGCAGCTCACGAACTCCGGAATGTTTGTCCATGACCGCCATGACGTCAACATTCCAGTGCACAAACCTCTCTGTGACCATGACCCCCATCATGTCTGGCACTGTCACCATTACGGAATGTTTAACCTTGGTTGCCAAGGACTCTC	R1	0.009783520363271236
seelig	consider missing	seelig_cm_zinb_phantom	AACAACCATTACGTAATTGTGTAAACATGCCCAAACAAACTTCCCCCAGCATGTTACCAAGTTTGAACTTTCAACCTCATGTCAAACCTAATGTTCAAACTTCCGCCCCCCAGCATGTTTGACCTACTGTCAACCATTACGTAAT	R1	0.010003408417105675
seelig	consider missing	seelig_cm_zinb_phantom	CTGCATGACGGCCTCAACACAGAATGTTCCACCTCTCTAATGTTTGTCCTTCGGTCTCCCGTCAACATGCCCGGGCATGCCTCCGGAATGTTTGTACTTTGGTCTCTCTCCCTCCTCTACTGCTGTCACCTCGCTCTTGTACCAA	R1	0.009925054386258125
seelig	consider missing	seelig_cm_zinb_phantom	AGTAGCGTGATGAAATCCTGCACCATCCCACCCAGGATGTGAATCACCTCTTTATCTAGCAGATCCACACTGTCTACGCTACCGCCCATCACTTAGTAGCCTGCTCAGTTATCAAACAACTGACTCAATATCATAGTGGCTGTCT	R1	0.00963896419852972
seelig	consider missing	seelig_cm_zinb_phantom	CTAAGGTTCAGTAAGCGAGTGACGCGTCATTAAGATATCGCGTCAGCTTTTCCGAGAAGCGCGGCCCCACGCGCGGGTCCGATCCGCCGATCGAGGAGATAACTCAGTTGGGCGTCTCGCTTCCTCATCCTTATCTAGTCTTTGG	R1	0.009877565316855907
seelig	consider missing	seelig_cm_zinb_phantom	CGCTGACGATGTGAGGGATATCTGATTGGCGCGCCGCCGCGATATAAGGAAGCTAACTCCGCAGACTCAGACGCGGTAGCGCCGTCTGCTTCCTAAGGTTTCAGGGGGCGGGTTTCGCGGATCCTATAAGGCGAAGCGCCGCGTT	R1	0.009778926149010658
seelig	consider missing	seelig_cm_zinb_phantom	GCCCGCGGGGCGGCGCGTCTTCGGATGCGCTGTCTTATCGGTCCCGCGCGTCGCCGATGGGGCGGGGGCGCCTCCGATTGGGCGGGTGGCGGGTGGCGTCGCCGGCGGATCGCGTCATCGATGTATGTCTTCTCCGAGTTATCGT	R1	0.009942612610757351
seelig	consider missing	seelig_cm_zinb_phantom	GGTCTCCACCCACGGGAAGGAGGCTGCCAATCACAGCATGCCCACCCTCTCCTCCACCCATCACATGACGCAGGTCATGTGGTGGTCACACGACACAGGCCTGCCTCTGTAAAGCATCTGTGCCCCTGGCCACAGTTGATTGGTC	R1	0.00981032196432352
seelig	consider missing	seelig_cm_zinb_phantom	GCAGCATCTGCCCCCTTCTGGGCATCAGTCACAGCGCCTCTGCTCCCTCAAGCACCTGATCTTGTACCTACTTCTTCTAAAGATGAAAAGGACTTTCTCCAGGTAGAGGGAGGACAAGTGATGGAGGAAGGATGGATTCGGTTAC	R1	0.01000133529305458
seelig	consider missing	seelig_cm_zinb_phantom	TTTGACCATGCACGTCCGTAATCGTAAAGTGATTGTGATCTACGCACAGGAGTCCGTAGGGTATAGTACAGAGAGCTATACAGCTCAGACAAACATTTCGGCCGTCATACTGTTTTACACAAACAACTCCGGGCATGTTTATTCA	R1	0.009845533408224583
seelig	consider missing	seelig_cm_zinb_phantom	CAGTGTTGTGTGTACAGTACGGCTCTATGGACAAACTCTCTCGAGGTTGGTAGTCCAAACATGTCTGGGAATTTTGAACGCTGACTTTTGTGGTCGTGTCACGGGGCATGACCGAAACTGGACAAAGGGAAAAATTCCGGTACAG	R1	0.0099157290533185
seelig	consider missing	seelig_cm_zinb_phantom	GGCCACTTGTGGAAGCGGTTCCGCGATATCGCCGTGCCCAGCTCCAAGAGTATGGGCTTATCCGTATATCGCATATCGTACTCGGGAGTTGGGTCCCGGAAGAGAAGCGCTACTTCAGCGTGATGAGATATCTGCATCCATAAGC	R1	0.009821213781833649
seelig	consider missing	seelig_cm_zinb_phantom	TTGTGAAAAATTCCGGTGATCGTTCAACAGGGTCGGCGACCAGGGCATGCCGACTTGATCCCAAAGATCTTTGACCTGAGTCCTTTCGTATACTGCAAGGGTTATGTTCGGTACAAGTCTCCGCAACTAGGTCTGGACTTGACTT	R1	0.009729651734232903
seelig	consider missing	seelig_cm_zinb_phantom	CCTGGCCTTGTACACTTCTGCCCATGATTGGATCATGCGGCAGGTTCGCGGCTCGGTCGCAAGGTCACCGGACTTAGGCTGCCGGCATGTTGACTACATGTCCGGGCATGCCCGCCGGGTACTGTCCAACTTCCGGTGGTCTGCA	R1	0.009961232542991638
seelig	consider missing	seelig_cm_zinb_phantom	GCTGGCATGCCGGGGCACGTGACCTCTGTCCGGTAATGTTTGAACAAAGCTCTGTTTGTTTAAACATTCAAAGCGAACATTACACAAAGCTCTGTTTGACCCCTGTAATGTTTGTACAAAGCTCTCCGGCCGGCATGCCGGGGCA	R1	0.009899573400616646
seelig	consider missing	seelig_cm_zinb_phantom	CCCACCTACTCACCTATACTCCTACCGACCAAGTCCGTTCAACTATGACCTATACCGTAAGTTTGTACACTCCTCTCCTACCCTCCGACCTTGTCCAAACATGCCTGACTGTACATGTCCAAACATGCCTGAACATGTTTACGCC	R1	0.00985025055706501
seelig	consider missing	seelig_cm_zinb_phantom	TCTCTCCTGTAATGTTTGAACAAAGCAAACATTACATAAACGTTCGCTGTAATGTTTGACCCCTGCGAACATGCCGGGGCACGTGACCTCTGTCCGGTAATGTTTGAACAAAGCGAACATTACATAAACATTCAAAGCTCTCTGT	R1	0.00977184996008873
seelig	consider missing	seelig_cm_zinb_phantom	AAGCGATATCTCCCACGGAAGGGGCGGGCCAATCGGAGAAGACGAAGGAAGATAAGGAAGGAGGAAGCGATATCTCGCAAGAAAGGGGCGGGGAGAGAGATAAGAAAGTGAGGCAGCGTATCTGCGAGAGCCGCACCCACAGGCG	R1	0.00977780669927597
seelig	consider missing	seelig_cm_zinb_phantom	GTTTTAATGTTTACATTACCAAACAAACATGACCGAACATGTCTCCGCCTGACCTCGTTATTCCGTAATTTACCTACCGACCTAGTCCCCATGTTCGTAATTCCAAACTTCTACATGTCCAAACATGCCCGTGTTTGTTCATGAC	R1	0.009872833266854286
seelig	consider missing	seelig_cm_zinb_phantom	AACCCCCATTATGTAATTGTGTAAACATGACTTTGTACAAACATGACCGCATGCCACCAACTTTGAACTTTCGACCTCCTGACTCCCCTAATGTACAAACCTACTCATGTTCAAACTTCCGCTCTACTGACTCCCCTCATGTCAA	R1	0.009837261401116848
seelig	consider missing	seelig_cm_zinb_phantom	CTCATATCCAATAGGGCCGGCTCTTTGGAGAAGACGCAACCCGTTATAAGGAGGCGGAGAAGAAGTCGTGGCTTCGCCGATAGGCGCGTGGCGCTTACTCATTATCACGAAGTATCGTTTCGCGTCTTCCGTCAGATACGCGAAA	R1	0.00971627701073885
seelig	consider missing	seelig_cm_zinb_phantom	AATAAATTCACTTCCTATAAGTCCACGCCTTTCATGAGCATGGCGATGACTCGTTATCGCTGCGCGGTGCGTTGAGATATCATGAGGAATATCGCGGAAGCGACACGCCGTATCTAAGACGCGCGAATAAAACAACGATACTGAC	R1	0.010010555386543274
seelig	consider missing	seelig_cm_zinb_phantom	CAACTCCGAGAACCGTTGCGACGAGTCGCGTATCACATATACCTCGCTGCGCGATTTCTAATTCAGGGACTCCCTATGCCTTTTCTAAGAAAACGGATGGAACGCGGATCCGACTTATCGGATTATAAGGAAGCAATTGGCGGTT	R1	0.009711035527288914
seelig	consider missing	seelig_cm_zinb_phantom	GCCCCTATCGATTTATTTATAGGATGTGGTTTCTCGAAATGATGACTTATCAGGCCACACCTAAACCTTATAGGGCGAGTCTTGCGGGTCCGAGGCAGCGCCGCTTATCTGACTCACCCTTATTTCTAATAACTCGTAACTCTGG	R1	0.009987856261432171
seelig	consider missing	seelig_cm_zinb_phantom	AATCGCGAGTCGTCTCCATTCACAGCCAGACGGAATCCGGGTGCGGGGCCAATCGGCGTGTCGCTTCCCGGAAGTGACTTCCGCATGATTCCGCTCCGTGCGTGACGACACGTAACTGACTGATAACTTATCAGCCGATAAGGCG	R1	0.010052330791950226
seelig	consider missing	seelig_cm_zinb_phantom	GTCTCCGGACGCTGATGCGGGCTCACCCGATATATCGTGCTTATCTGCCAGATCCGATGTCTTCGAGAAGGGGGAGGCGCGATACGCCGAATGGGCGACGTCATCCGCGATACGCGGAACCACGAATCCTATAGGATCGGCGTAT	R1	0.009849940426647663
seelig	consider missing	seelig_cm_zinb_phantom	ACGATACAGCGGTTTTGCGTAGCTCTAGTAATTGAATCGCGCGGCTTAAGCAGCCTATATCTTATCTTAGCGTGTCGTTTTCCGCGGATGCAATTTCCTGAAACTGACATCGATTGGCGCCGCCTAAATACGCGGATACGCTAGC	R1	0.009934866800904274
seelig	consider missing	seelig_cm_zinb_phantom	GTAATGTTCTTTCTGGGTTCAGCACCATCCTCCTCCTGTGCTTTGCAGATAACGTGCAGTTGCCATAAGCACGGGATGATGGGCGGAAGCAGTTGCCATAAGCACGGGATGATGGGCGGACCCACAGGCAGCAGTAAAGTTATGT	R1	0.009922580793499947
seelig	consider missing	seelig_cm_zinb_phantom	CTAGCTCCAACTTTGAACCAAAGGTTTGTACACAACGAACATGTCTGGACATGTCCGGGCAAGTATCCCGGGCCGGCTGTTTACCCAACGCAAGACTGCCACTACAGAGGTAAACCCTAGCGCCCTGGAGATCTTTGATCGTTCG	R1	0.009960099123418331
seelig	consider missing	seelig_cm_zinb_phantom	TGAAAAGGCACCAGGACATAGTGGACAGGCTCCATGGGGCTGCCTCTCCGCTGCTCCACAAGGTGGCGAGCCTGGATTTTGGCAGCGTTGATCTCCTCACCCATGCTGCCCGTGGTGTCCAGGACAAAGCTCAGGCTGGAGGCTG	R1	0.00987077783793211
seelig	consider missing	seelig_cm_zinb_phantom	TCACGCGGTTTCGCGGAATTGCGCGACGCCCTGCAGATAAGATAACTTATCGCCCTTCCTTTATCGGGTTGCGATTTCTCGCAGATACGATGACTCATAAGTGGTCTCGCAGATTCGCGGGACGCGCCCCCTTCAGGAAGTTACG	R1	0.009990072809159756
seelig	consider missing	seelig_cm_zinb_phantom	AACCCGCGCGCGCCGATGACTCAAGAGAGCGGCGCGCCGCTGACTCAAGAGAGCGGAGCAGAGCACACTGAAGCGATACGCCGATGACACAGCCCCACCCACGGAAGCAAAAAAGCAAGATAACGAGGAAGCGCCCACCCGAGAA	R1	0.010059797205030918
seelig	consider missing	seelig_cm_zinb_phantom	AGCTTTATCTCCTGCCTCCGGTCCCAAGGAGGCACCGCCGATTTCGCGGAAGCGCCGCGCGCCCCCTAGGCCGCGAACGCTGATGAAATCGCGCCTTAGAAATAAGATATATCGCAACGCGTGCTTATAAGTTCATTATCTGGGG	R1	0.010040640830993652
seelig	consider missing	seelig_cm_zinb_phantom	ATCCAAATTATCGGGAAGTGTCGCGCTAGTCAGAAGAGGCGCCGCTTTCTTATAATTAGGAAGGCGCGCTTCTAATAAATAGTTAACTGATGTAACTTCCCGCGTAAGCCCCACCCTTAATTGCGCCACCTAAAGCTAATTTTTA	R1	0.010040702298283577
seelig	consider missing	seelig_cm_zinb_phantom	TTATCGCTTCCTAGATATAGGCGCGCCTTCCTCGACCCGGGGGGTGAGTCATCCGGCGCCGCCGATTCGCCGATAGGCGCGGCTTCCTCGACGCGCGGCTTCCTTCAGCCGGCGGGTGAGTCATCCGGCGGCGCCGATTGGCCGA	R1	0.010055040940642357
seelig	consider missing	seelig_cm_zinb_phantom	GCGCGCGCCTAAAGCGATTTAGTATGACGCGTCGCGCCGCGTAAAAGCTTATCTCGGAGGGTTTTTTATCTTATAGGTAAAAAAAGTGACGTATCGAGAAATGACTTCCCTCACTGAGGCCCCGCCCAACACTCGCGCACCCGTA	R1	0.009885020554065704
seelig	consider missing	seelig_cm_zinb_phantom	TCACGCGGTTTCGCGGATTCGCGGGACGCCCCCCCTTTAGGAAGTTACGATTTCTTTTCTTCCTTCACGCCTTATCGCATCGGCGCGGGACGCCCCGCCTATAAGATATCTCGCAGATACGATGACTCATAAGTGGTTTCGCGGG	R1	0.009880303405225277
seelig	consider missing	seelig_cm_zinb_phantom	AGAGGATGAGTCATCGGCGGGGGGCGGGCCGATAAGGGCGGCGCTTCCAGGAAGTGACTCATGGGCGGGGGGCGGGCCCAAGAGGAAGTCACTTCCTATATCGGCGGGGGGCGCAGCCTATAGGCCCGCCCCCCCCCCCCCCTAT	R1	0.010127088986337185
seelig	consider missing	seelig_cm_zinb_phantom	GCGCTTCGCGATAAGTCGCGGAAGTCGCTTCCTTATAAGGCGTCTCTCCGCGAAATAAGTTATCCTACTTATAAGTCATCCGCGTTATAAGTCATCGCCGCTTCTTCCTTCCTTATCCTTCGCGGAAGGCGCTTCGTTTCTTATA	R1	0.009824905544519424
seelig	consider missing	seelig_cm_zinb_phantom	TTGTCGGCTTGCCCGGGCATGTTTAATTGTGCAAAGGTCAAACATCATGTCAAACAAACAGTCCAAAGTTCAAACCAGGCTTGCCCCGGCATGTTCAAAGTTCAAACAAGGGACATGTCCTCTGTACTGTGAACAAAACAAGGCT	R1	0.009877813048660755
seelig	consider missing	seelig_cm_zinb_phantom	GTAACAGAAGCCTGTTCATTACTGGGCTGAGCTGTGGCTCGCCAGCCAACACTCAGCACTGGGTAATGAAGGAAATTGCTGTGTGGGCGGGCAGGCAGTAAAACGTGTCTGCGGGAAAGGCTGTGACTAAGTCTCCCCTAATCAG	R1	0.009714200161397457
seelig	consider missing	seelig_cm_zinb_phantom	AATTGACGGGGCGATTCTCACCCCGATACGCTGACTCACCGATTAAGTTAAGAATATCTTTCGCTTACTTAGGGGGCGGGTCTCACGGAAGCGAACCGCGAATGGTGAATGCTTATATCTCCTCCGCGTCAGCCGGTGAAGACCT	R1	0.009900812059640884
seelig	consider missing	seelig_cm_zinb_phantom	GAGATGTTTGACCCCAGCTAGGGGCAAACATGCCGGGGGCCAAAGGTCACACAGTACAAAGGTCAAAGTCCGGAGGCATGCCCAGACATGTCACCCGGGGACTTTGACCCCTGCACAATGGATCCAGGCCGGCATGCCCAGACAT	R1	0.009945396333932877
seelig	consider missing	seelig_cm_zinb_phantom	CTCACACTTATTTACTTCCTCCTCATGAGTCTTACATCCTTATAAAGAAATCGCTTACGCGTCTTTCTTCTAATGAGTCTTATCGCGAAAGCGTGATATCGCTAATGAGTCTTTCTTCGATATCGTGATATCGCGTTAACTCGCG	R1	0.009768061339855194
seelig	consider missing	seelig_cm_zinb_phantom	TTCCTGGATTTCTTCACCCCAACGTTAGCAGATCAGGGACAGTTTTGCAGGAAGGAGGCCAGTCATGCCTCCTTTGTGGAGCTCCCTGGAGAGCTTCTACCTCCCTTCCTTCAAAGCCCAGGAAGAAGCTGAAATGAAAGCCTCA	R1	0.009705167263746262
seelig	consider missing	seelig_cm_zinb_phantom	TTGTCTGCACGTTGGGCCTTTCAATGATTTTACATCATCCTTGCGAGAGCCCTGCGGTGGTGTCACGCCCTCGCACCGCGGGTGGAGAAGCGTGTCTTTCAGACAGACCAAGCGATTTGCTCAAGGTCACAGGGCTCAGAGGACA	R1	0.009907428175210953
seelig	consider missing	seelig_cm_zinb_phantom	CGATATCGCGCGAAGGCGAGAAGTTGGGGGTTGGGGGTGTGTGGGTGGGGCTTTAGGAGGATGGGTCTTAAGAAGTTTCTTATTGGCTGGGGGGCGCGATATCGCGCGGATGCGATAAGTCGCGGATTGGGGGGGTGTGGGTGGG	R1	0.009876320138573647
seelig	consider missing	seelig_cm_zinb_phantom	TTATAGCTTCCTCGAATCCGCATACTGCGCTCCCTCCAATTGGCGCAGCGACGCTTCCTTAAGTCATATGCGGGTTATCGCGATAAGGAAGCCTCCTCCTTGGACGCGTTATAAGTTATCGCTTTCTTGGAAGACATAAAAAAAA	R1	0.009956596419215202
seelig	consider missing	seelig_cm_zinb_phantom	AAGTGTGGGAGCGAATCCTAGAACAGATCCTCCAGACTGGTGACGACTCTTAAGACCCCCGCACCGCTTTCTTATGTGACTCAAGGGTGAGGAACCGCCTTTGTGGTCCGATAACGCGTCTCGGCTTATAAGAGCTAATTCTGCG	R1	0.01000175066292286
seelig	consider missing	seelig_cm_zinb_phantom	GTCCGGACATGTCCGGTTATGTAACCGTTCCCGTGGTCGCTTGACTTGCCCTTGACCAAACCTTCGGGTCGCATTGGTCTAACGCTGCACAAAGCCATTCCGCTCCATGTTTAGACCGGAACTTGACGTGCGTAGGCATGTCGAA	R1	0.00993898045271635
seelig	consider missing	seelig_cm_zinb_phantom	TTATCGGTATCGATGACTCATCCGGATGGCGCGTCTTTCGAGGAAGAAAGCGATGCGATATCTCGAAAGTCGCCCCACCCTTCCCCATACAGCTTCGACTTCCCGGATGCGCCACCCCTATAGTCAGCTTATCTTGCGGATTAAA	R1	0.009748686105012894
seelig	consider missing	seelig_cm_zinb_phantom	TCAGTGAGTCACGCGAAAGCGCCCCCCCCAGATAACGCGGAAGCGCGATAACGCGGAAGCGCCATAAGAAACGCCATCCGCGGATGGGCGGGGCCATCCGCGACTGACGCGGAAGCGCCACCCACAGATCAGTGGGCGGATGACT	R1	0.01000966690480709
seelig	consider missing	seelig_cm_zinb_phantom	CATTCAAAGCGAACATTACATAAACCTCTGCTGTAATGTTTGACCCCTGCTCTGTTTGTCCCCTGCGAACATGCCGGGGCACGTGACCTCTCTGTTTGACCCCTGTAATGTTTGAACAAAGGTCTCCTGCCGGCATGCCGGGGCA	R1	0.009630664251744747
seelig	consider missing	seelig_cm_zinb_phantom	TTGCCCTCAGGAGGCTTGTTCACAGATGCACTGATGTCTGGACATTGATCGAAGGTACTAGGATGAGTGCCCAGCTATTACTGTCGAACAGTCCGGTGGCAATGCACATTCCATTACATTACGGCGAACATCACGATTACCAGCT	R1	0.009908181615173817
seelig	consider missing	seelig_cm_zinb_phantom	GCTCACCATGAACTTCAGCACTGACTAAACAAAGCCACAGAGAAGATTAGAGAGCATTCATTCCAGAGATAATCCCACCGCCAGGGCTGGACTACGTGGACATGTGTCCTGGGTAGTTCTTCAAAAGGGCCCCATGCTGAGTTGA	R1	0.009916220791637897
seelig	consider missing	seelig_cm_zinb_phantom	CGGCCGACGGTCGTGCGGACTTTTGTGCGACCGGACTTACGCGCCCGCGTTGGCAATGCCCTGTGACCCAAAGGAGCCTGCGCACTGAGGTCAAAGGTTCACGGGACATTCCGGGGCATGTCCGGGCATGTACCTTGACTGCGCC	R1	0.009872432798147202
seelig	consider missing	seelig_cm_zinb_phantom	CACTTTCGTAATTTCGCGATAGCGGTTTCTTATCAGCGCAACGCGCCGCCGAAGTACGATACGACTCGTGCAAGATATGGGCGCGTAACTTATTTCGTGAATTATACGGGTTTCAGACGCTGATGAAATAGGAACGGTTTATGGT	R1	0.009766295552253723
seelig	consider missing	seelig_cm_zinb_phantom	CCGTCCTCTTAAGATACGCCGTTCCTCGAAGCCCCGCCCTATCGTTATCGCATAAGAACGATGAGTCCCCATCGGCGCAGCGCCTATCTCTGACTGATAAATCTAATAAGAGGAAGGAAGTCACTTCCTATTTCTCGGAAGCGGG	R1	0.010001481510698795
seelig	consider missing	seelig_cm_zinb_phantom	GGCCGGCAGAGCTCCCGCTGGCCTTGCCCGGGCTTGTCTTTTGTTGCATTGTTGCATCATCATGCGGCCTTGCAGGGTGCCAGAAGAGTGAGCCACCCACTCACCACTGGAAGAAAACAGCTAATTATATCACCAAGAGACCCAG	R1	0.00994702149182558
seelig	consider missing	seelig_cm_zinb_phantom	CTTACCGCCTTTGTTTGAATGTTCAAACATGCCCGAACATGTCCAATTACATAACTACCCTACCGTGAGTTTACACAAGACCGACCTACCTACCGACCGAACATGTTTAATACCTACCCTGTTTGTTCAAACATGCCTGACCTTA	R1	0.009632106870412827
seelig	consider missing	seelig_cm_zinb_phantom	CCTCTGGAATTGTACACATGCCGTTGGACTAATGCCGGACTGACTACAGTGAGTTTCAAAGTACCCATTTAGTTTTGGGCCACTGACCTGAACTCGGTGAACTTGCCAGGCGACCAAACTTTGTACCAACATTCCGTAATGGTTA	R1	0.009846150875091553
seelig	consider missing	seelig_cm_zinb_phantom	TCAAACATGTCCAGACAAACTCCTGTTAGACATTCCCTTTTACATAATGTTTGTACAAACCAAAGTCCACATTACATAATGTTTGTACACATCCCCTGCCCACTCCACCCCTGCCAGCATGCCCGGACATTCACTCTACCGACAA	R1	0.009842046536505222
seelig	consider missing	seelig_cm_zinb_phantom	TCCAAACCAAAAAACAACAACAAATGACTCACAAAAACGATAACTCGCAAGAAAGCGCAGTCGCGGAAGCGCCGCCCACATCCACACATCCAAAAACAACCAAACAACCAAATGACTCACCACCCACATCCAACCAAAGATAGCG	R1	0.009980525821447372
seelig	consider missing	seelig_cm_zinb_phantom	GTCTCGCAACTGGCGGTCCCTGATGCAAGTTATCTCAGACCCGCTTCTCCCCCACGCGTACCGCTTAGATACCGATAAAAACGAATTACACTATTCTCGAGGAGCGATACGCTTACTCAGTTCTTATTAAATTAAGGAAGTATTA	R1	0.009836471639573574
seelig	consider missing	seelig_cm_zinb_phantom	GGTAGGAACAAAGAAGTGGAGTGACGCCCTTCTGGTGACCTTACATGAACATTAAGCCCAGACAGCAGCTCCACCCACCTGCGCAGCTGATCTAGCAGCCCCATCTGGCTAGGGAGCAGAGTCAGCAATTCTGCCAACCTGAGGT	R1	0.009878993034362793
seelig	consider missing	seelig_cm_zinb_phantom	reference	R1	0.010005406104028225
seelig	consider missing	seelig_cm_zinb_phantom	CTCTTCCAAGAGTCGTTATCGCGGATCGGATTATGATATGCGTCTTAGAAAAGTAATAAGGTGCTATTTCTTGCGAGAAAGCGGCGCCGCGTACTCACCCGTCGCGGAAGATACGCTTCACCCGACTCATGAGTCACTTGCTTAT	R1	0.009914466179907322
seelig	consider missing	seelig_cm_zinb_phantom	GTTCCAGGAAATCCCCACCCCCTTCCCAGAAGACTCATGAGTAATCCACCCCTTGTTAGCATATGATCCAGAAATAGCTTTAAGTATACTCAGTCAAGCAGCCCATGCTGCTGTTCTGTCTACAGAGTACCCATTCTTTTATTCC	R1	0.010028500109910965
seelig	consider missing	seelig_cm_zinb_phantom	GGGTTTTATCGGGGCGCGCCCCTTTATTTTTTATAAGAAGCGCCGCTTCCTTTTCTCGAAAACGCCTTTTCTAAAAAGTAACGCTATTTCGCGTAAGCGGGCCCCGCCTTATATATAAGTACCGCGCTTCCTTATAAAACATGTC	R1	0.00985010713338852
seelig	consider missing	seelig_cm_zinb_phantom	GTACAGACATGCCCCGGCATGGACATGCCCGGGCATGTCGGGGGGTTTGTACAGACATGCCCCTGTTTGGACATGCCCGGGCATGTTTGGACACATGTTTGGACATGCCCCGGCATGTTTGGACCCACCTTCCGGGGCATGTCCC	R1	0.009872890077531338
seelig	consider missing	seelig_cm_zinb_phantom	TTGGACCTATGTCACAGCATGCTTTGCTGAAGGGGTGAAATGCGCCGAAAAGACGCGCGAGGCGCGCAATGAGAAAATCACAGCAAATCACAGCTGTATATGCTCAAATCACAGCTTGGTCGGGTGCCTGCACGGGGCACCACCA	R1	0.009875448420643806
seelig	consider missing	seelig_cm_zinb_phantom	GGCGGATTCCGCGAATCATAAGCCGCACGCGGCTCTATTCGACAGAGGCGAGTTATCGGAGATAACGGATGAGATAAATTCTTACGATGCGCGGGAAGCGCGCCCCGCTTCTTAGAAGAGAGAAACGATTTTATCGCTCGAAATC	R1	0.00991074088960886
seelig	consider missing	seelig_cm_zinb_phantom	ACATGCCCGGGCATGCCGCCGGAATGTTCCACCTCTCTACTCTCCCCCTTCTGTACTGCCGTCAACATGCCCCTGCATGCCTGCCTGTGTGCATTACTACAGAATGTTTGTACTTTGGTCTTTCTCCCTTGTACCAACATGCCCC	R1	0.009729679673910141
seelig	consider missing	seelig_cm_zinb_phantom	GCATGTTTGCCACCCAGCATGTCACCAAGTTTGAACTTTCAACCTCCTGTCAAACCTCATGACCAACTCCCCTTATGTAATTGTGTAAACATGCCCGAACTTCCGCCCTCCTGTTAGTTCCAAAGTTCAAACTTCCGCTCTCTCC	R1	0.00989061314612627
seelig	consider missing	seelig_cm_zinb_phantom	TCACCTTTGAACTTCGGTCGGGAGTTTGAGCTGTCTGTACAAACATTCCGACCTTTGTACTTTCCCTTCTTTTGTTGTTCAAAGGTCTCCCGGCATGCCCGGACATTCCCCCTGCTCCCCTCTCTGTTTGACCTTTGAACTTTGC	R1	0.00978220347315073
seelig	consider missing	seelig_cm_zinb_phantom	GAGATCAGACAGGGGGAGGGCTGACGTGACTAGATCACGTTTCTCAGCAGCCTGACAGGTGTCTGAGTCACAAAGCTCTGAAGGGCAGCAACGGCTTGCAGTCTTTAGAGCCCCAGGATTTATCTTATCTATGGCTAGCAGAGAT	R1	0.0101671377196908
seelig	consider missing	seelig_cm_zinb_phantom	GGGACTGGGCCACAAGGAGCCATTCATACTCAAAAGCCCTGTAACCGGCCGGGTGCGATGACTCATGCCTGTAATCCCAGCACTGTGGGAGGCCGACACGGGTGGATAACTTGAGCTCAGGAGTTCCGGACCACCCTGGGCCACA	R1	0.0099509097635746
seelig	consider missing	seelig_cm_zinb_phantom	TTGTTATAAGTCGGCGCCGCTTCCTATAGCCGCGTGATTTCGCGGAAGTCCCACCCAATAGGATATATCGTAATCGGCATCTATTAATGACGCGCCCCCCCCTTCCGCGTTGCGCGTATCTCTTACTGATAAGAAGAGGGCGGTT	R1	0.009828668087720871
seelig	consider missing	seelig_cm_zinb_phantom	GCCTATATACCTCCTTATATTCGACGGATAAGACGATAACTTACGCCTATAGGAGTGATCTGCCAGATAAGGGAAGTTATCACGCGAAGACGGTGTCTCGTTACAGGAAACCGCTTCCTTGTAGCGGGTCTCTGATAAGTAAGCT	R1	0.009764512069523335
seelig	consider missing	seelig_cm_zinb_phantom	TCACGCGGTTTCGCGGATTCGCGGGACGCCCCCTCCTCAGGAAGTTACGCTTTCTTATCAGTATCGGCGCGCGATTTCTTGAAGATACGATGACTCATCGCCCGTCCTATAGGAAGATAAGATATCTCGCAGATACGATAACTTA	R1	0.009969022125005722
seelig	consider missing	seelig_cm_zinb_phantom	CCCCCCCCCCCCCTCCCAAAGGACTTTGGACTGTGGCACCAAACAATGACCGGAAGGTCAGGTGAACAGGACTTTGGATTGTTGCACGGTCACGTGAACAGGGCAAAGTCCAAACCGACAGACATGCCCGGGCATGTCCCCTGGC	R1	0.009880686178803444
seelig	consider missing	seelig_cm_zinb_phantom	CGACGGAAACAGGTTAGACAGGATTGCTGGGCACGTGACCTTTGCACTCACGTCTGGTCCCTTCTCAACTAGTGTACCACCGCAGGCAGAATGCCCAGGCATGATCATTAAACATGCCGGCTACAGGGTTGCACAGGTGAGCTCG	R1	0.009903415106236935
seelig	consider missing	seelig_cm_zinb_phantom	GAACGATACGTGGGTCCGCGAAAGGACCCGCAGATATAAGGAAGCGCGGAGCGATACGCGTTTCTTGGAAAAGATATAAGGAAGCGTCCTTATATCTTGAGGAAGTGATGAGGTAGGACGGAAGCGCGGACCCATGGGTGGGTCC	R1	0.009871179237961769
seelig	consider missing	seelig_cm_zinb_phantom	TCTTCCCATCCACTCTTACATCTAATGAGTCATCCTTCGATATCGAGAAATCGCATCCGCGTCTTTCTCCGAATGCGTCACTCTGAGAAACCGCTTTTCTTAGATATCGTGAAATCGCGAAATCGTGATATCGCGAAAGCGCTTC	R1	0.009949077852070332
seelig	consider missing	seelig_cm_zinb_phantom	TACAAGTCCGGAATATTCCCCTCAGGGAATCTCAGGGAACCCACGGCATGTCGCCAGTTCACTGACCGCAGGGATACAAAACATACCAAAGTTCATAGCACCGGGCATGCCAGGCGAGCCGGAGTGAGTTTTGGTTCAACAGGAA	R1	0.009861703962087631
seelig	consider missing	seelig_cm_zinb_phantom	GGGGCCTTTCCGGAAAGGCGCGGTATCGCGCGTTATCGTATTTTTTTTATAAGACGCGCCGCACTTTATTTTTATTTAAAAAAAAGGCGCGCCACTCGTTATAATAAGCGGCGCCCTCCCCTCGCGCCTCGCTTATCTATATGTG	R1	0.0100592952221632
seelig	consider missing	seelig_cm_zinb_phantom	AAACCAAATGACTCAACACCCACATCCAACAAAAAACAAATGACTCACAACAACGATAACTCAAAAGAAAGCGCAGTCGCGGAAGCGCCGCCCACATCCAAACCAAAAAACCAAAAAACCACAACCAATCCAACCAAAGATAGAG	R1	0.009925086982548237
seelig	consider missing	seelig_cm_zinb_phantom	TAAAAGGCACGGCCTATATCTTAAGGGGGAGTCATAAGAAAGAATACGCGTATAAGTTACGTTGTCTTTCTGAGGAAGCGATACCAATAGGCGGCGCGGATTTATTAAGGAGGCGCGTTTCGCGAAAAGCGTTATCTCGCGTATG	R1	0.010020025074481964
seelig	consider missing	seelig_cm_zinb_phantom	CACAGGGCAAACACTGACCGGACGGTCATGCCCGGGCATGTCCCCTGGCAAAGGTCTTTGTATTGTTGCACAAAACAATGACCGGAAGGTCAGGGGCAAAGGTCAATGTACAAACCCCCCCCCCCTCCCAAAGGACTTTGGACTG	R1	0.009771914221346378
seelig	consider missing	seelig_cm_zinb_phantom	ATTATGTAACCTACCAGGGGATGTTTGTCTAAAGTTTGGCTTTGTACAAAGCCCTTTTGTTATCCACCTGGCGTACAAGCGTCCGTAGGCTTCTTAGTTGCCCCGGCATGCCCGGTCATGTAATCAACTCATGCCGGGGCACAAC	R1	0.009740334935486317
seelig	consider missing	seelig_cm_zinb_phantom	TGCCGTTGTAACACATGTCGAAACATGTCTGGAAGGGCCAAGGTGTACATGTCACACAATGATTTTCTCCGCTCCCAATTGCAACATGTCAACGGTGTTACAACATGTCGCGGGTCCTCATGAAAGTGCACCAAATAGTTCTTGG	R1	0.009911438450217247
seelig	consider missing	seelig_cm_zinb_phantom	GTGCATTCCTACAGAATCTTCCACCTCCGGAATGTTTGTACTTTGGTCTTTCTCCCCTACCTCCTGTTCCACCTTCGGTCTGTCTGCCTTGTACCAACATGCCCCTGCATGCCGGCCTGAACACAGAATCTTCCACCTCTCTAAT	R1	0.009803492575883865
seelig	consider missing	seelig_cm_zinb_phantom	ACTCACCAGGGGCCAGGCAAGCATGAGTCATTCCACATTGCAAATGGCACTGAATGAATGCCAGTCTCTGTTTCCTCTCTAGCCTTGTTCTAGTCAGTCTACAGAAACAGAACAGCAACCATTTGCTGGTCCCACTTACGTCTCA	R1	0.010021799243986607
seelig	consider missing	seelig_cm_zinb_phantom	GCGCGGGTCTTCCGCCGTCTTCCGCGTCGGCGATCCGCGGATGTATCTCTTCCTTCGCGGATCTGGCGGCGCGTCTTCCTTCTTATTTCGTTATCTCTCCTCCTTCCGATTGGGCGGGCCGCGCAGTCGCGGATTCGCGGATGGG	R1	0.009864614345133305
seelig	consider missing	seelig_cm_zinb_phantom	ACACTATATTTTATCATTATTTCTAATGTCTTTATCTTGAGTCTATCCACGCATCACCCTAGATATATCTTCCTAGAATTAGAACACCTAACGCACTGCCAGATAAGGAGGCGCGCCGCGCGTATCTGCTGATAAGGACAGCGGG	R1	0.009808126837015152
seelig	consider missing	seelig_cm_zinb_phantom	CTCATTTGCCTTTGCACGAGGTGCTGCTTTTGCTTTTGCCTGACACCCCAAGCAGTCTTGGGGTGAGGGGATGGGTACGGCCCAGAATCACAGGCCCACTTCTGAGGGCTTGCAGCTGCTGGAATGAGCACTTTCACATCAGTGC	R1	0.009786191396415234
seelig	consider missing	seelig_cm_zinb_phantom	ACCTCAGGTTGGCAGAATTGCTGACTCTGCTCCCTAGCCAGATGGGGCTGCTAGATCAGCTGCGCAGGTGGGTGGAGCTGCTGTCTGGGCTTAATGTTCATGTAAGGTCACCAGAAGGGCGTCACTCCACTTCTTTGTTCCTACC	R1	0.010014439933001995
seelig	consider missing	seelig_cm_zinb_phantom	CAGGGGCAAACCAGGCATGCCCGGTGAACAAACACAAACCAAACAGGCAACAAAGACCAAAGGTCAAAGCCACAAGTGAACTTTGGACATGTCCGGGCAAGCCCCGGCATGACCTTTGAACATTGCACTTGACCGGGCATGCCCA	R1	0.009907424449920654
seelig	consider missing	seelig_cm_zinb_phantom	CCCACCGATAAGAAGATAGCGCCATCCGCAAGTAACGCGGAAGGAGGCCGCGTGCGCGGGGCCATCCGTGACTGAGAGACGCGATAGCGCGATACGCGGATGACTCGGAAGCCGCGCCCATAAGCGGGCGGAGCGATAAGAGGCC	R1	0.010049127973616123
seelig	consider missing	seelig_cm_zinb_phantom	GCTCCCCACCACCACTGCAAACATGCCCGGACATTTCCCTGTTTGACATTCCCTATTACATAATGTTTGTCCAAACCAAAGTTCAAACAACTCCCTGCCAGCATGCCCGGACATTCACTCTACCGACTGTCTGTCAGCTGACTCA	R1	0.009815724566578865
seelig	consider missing	seelig_cm_zinb_phantom	GTACAGACATTCCCCTGTTTGGACATTCCCGGGCATGTCGGCATGTTTGGACACCGGCATGTTTGTACAGACATGCCCGGGCATGTCCCCTGGGCGGCATGTACATGCCGGCATGCCGGGGCATGTTTGGACTGCCCCAGCCCTG	R1	0.00988171249628067
seelig	consider missing	seelig_cm_zinb_phantom	CTTATATGCGGATACGATATCGTCACGCAAGTGCCGCCACCGGTTGCGCACACCCGCATATAGCGTATCGCAATAGCGCGCAAGTTATCTTCCGGCACTTCCTCCAAAAGCGAACCGCTCGGGTGATAACGCATCGGGGAGAAAA	R1	0.009772130288183689
seelig	consider missing	seelig_cm_zinb_phantom	ATCCGTCCGCCCCACCCATATCTCTTAAAACCGATAACTCATCAATAAACACATAAAAACTCAAGAAATAACTTCCTCAAAACCGCAAGATATCTCATAAGTCAGATAACTCATAAGCCACACACACACACACACACATATATCG	R1	0.009872553870081902
seelig	consider missing	seelig_cm_zinb_phantom	TTCCCTTCCTTATTTCTCGGAAGCGCGCGCGATTTCTCGGAAGTAAGCGCCGCCCGCTGATTTCTTCCAAGAAAGCCCCGCCCATTTGCTGATTTCATCCGCCCGATGACTCATGACTTCCTTATCTCTTCCGCGCCCCGCACGC	R1	0.010007984936237335
seelig	consider missing	seelig_cm_zinb_phantom	CTTCTGTGCCAGGTTCTGTGCTGGGCCTTGGGATATAAGCAGCATGGCCCTCCCTTGTGGGGCGCGTGGGGAGAAGGATGTTAAATAATCTAAAAAAGGGGCCTAAAACTCAATCTTTGAAGGTGAGCTGCAGGGTGGTGTGGTC	R1	0.009984626434743404
seelig	consider missing	seelig_cm_zinb_phantom	TTCCGATTAGCCGCGCGCGCAAGTGATTTCTTATTTCCTTTTTCGGGTGAGTTACTCTGCGTTTTTCTGATTAGCCCCGCCCCCATGCGGCTCCTTATCTCTTCTTTCGCGTGAGTCACTTCCTTATCAGCCCCGCCCCCTTTCT	R1	0.010003252886235714
seelig	consider missing	seelig_cm_zinb_phantom	TTCCCAGTTCATTGATCAAACGACTGTACAACCGTAGGAACTTTGCCCGGTGGTCTTTGTCCATTCCGGCCTGAACAGTACAAGGGCAAACATTACAGTTGGGAACAAGTCCGGAATTGCCGTGAAATGTGAAAACCGGGACTCC	R1	0.009607610292732716
seelig	consider missing	seelig_cm_zinb_phantom	TCTGCTAGTGTTCAAAGTCGACCTGAATGAGTAATTTCCCATCGGACATGTCCGGACATGCCCTGTGAACATCCCATGATTGTCTAACGAAAGTTTGTCGAAAAGCAAGGCTTCCGGCATTATTGACCGGTATTAGAAGTTCGTC	R1	0.009969690814614296
seelig	consider missing	seelig_cm_zinb_phantom	GCGAGCAAGACAGGCTGCGATTCGCCGAGCGCGGCGCAAGTCAACTGCGCTTCGCGCCGCAGTCAGCAACCAATCACAAGCCTCCGAAGAAACGCCGCGCCATATGCAAATATTCCTCCGCGCGGCGCGCGCCCTGCGTTCCTCC	R1	0.00985619705170393
seelig	consider missing	seelig_cm_zinb_phantom	TTTGTGCAGAGTGAATTTGAGCTGCTGTGTTGGGAGCATGTCTGAGGTCAAAGGGCACAGTCCCACACCCGAAAGTTGCAAGGCCAAGGCTGTACTCATCAAGCTATGTATGGGGAACAACCCACTCTCCTGTATGACAGCTCTT	R1	0.009873859584331512
seelig	consider missing	seelig_cm_zinb_phantom	CCTTGACCGTAAGTCCGAAAGTTTAAACTACCCTAATTCTGTTTGTTTAAACAAACAACTTTGCCTTTGTTCAAACTTGTACATGTCCAAACATTCCCGAACATGTCCAAAAGTTCAAACTACCTAATGTTTTTTTACATGACTA	R1	0.009858929552137852
seelig	consider missing	seelig_cm_zinb_phantom	ACCTCCCCCCTTCTCTTCCCGATTGGCCGCGCGCTCATGTGATTTCTTATCTCCTCTTTCGGGTGAGTCACTTCCTTATCAGCCCCGCCCCTTCCTTTCTTATTAGCCCCGCGCCCAAGCGGTTCCTCCAGTGACTCTTCCTCTT	R1	0.01004052348434925
seelig	consider missing	seelig_cm_zinb_phantom	TAACGCGCGCGGCGCCGAACGCGTATGCGATTCCCCGATAGGAAAACGCGCCTCTTAAAAACGCGAGATCCGCCAATCTTGCGAGATAAAATCGCCCAATTCGGATGCGTCATCTTATCGCGCCCGATTGGCGATGTCACTTCCG	R1	0.009948553517460823
seelig	consider missing	seelig_cm_zinb_phantom	GAGAAGCCATCTGCAGCAGGGCATGCGATTTCCCAGAGAGGGTGGCCCTGATCTCTGCAGGTGGCCACATAAGCCAGTCAGGAGAGCCCAGAAGGTGCATAAACCGGTTTGGGATCCCGACTGTTAGCACACTGTGGGATTGAGT	R1	0.009896727278828621
seelig	consider missing	seelig_cm_zinb_phantom	CTATCCGCATTTCTCGGAAACGGCGCGCCCTCACGCTGTGGGGCGATATAAGTGTTATCTCCTTATCGGTGAGTGACCTCCTCCTTCTTAAAGCGTAACTAAAAGATTCGGAAGGCGCGTTCTCAGAGACAGCGACACCGAGGGG	R1	0.009958717040717602
seelig	consider missing	seelig_cm_zinb_phantom	CGTGGGCATGCCCGGGCACGTCCCGAGCGGTTGTACATTCCGGTGGAGGTGTACAAAAGCCTGGGAGCATTGGTTACATACCAGCTCAATGATCGAACATTGGTACACGTAGCCATCAACCTGGCATGCCCCCTTGACTGGGGGG	R1	0.0098709836602211
seelig	consider missing	seelig_cm_zinb_phantom	CTATGGCAAGCCGGGGGGTTTGAACCATGCCCGGACATGTCCGGGCTGGGGTGCAGGGGCAACCTTGGTGCCATGGTCTCTAGTCCAGCCAGCGTTCAGTACAAACAACGGTGGTATACCCCTGGGCGCCATCATTGCGGAGGGT	R1	0.009882179088890553
seelig	consider missing	seelig_cm_zinb_phantom	AAGCGATAAGGTTAATAACTCCTCGATTCCAAGATGGGGGCGAAGCCTATTGGTTTCGCGGACTGACTTCGCGGATTCAGATTTCTTTTCAAACTTGTCATCAGTCTGATCTGGAACTTCCTCAAGTGGCGCCGCTTCCTCGATG	R1	0.00998652633279562
seelig	consider missing	seelig_cm_zinb_phantom	TTGCCCCTCAGACATGTCCGGGCATGTACCTAGCCTCGCCGCCCCTCAATGGTTGCCCTTTGTACAGGGGTGTTTGAACGTTCGGTCTACTGAGTCATGTAGAGGTCAATCCAAAGCACCTTGCCGGCAACCGGAAGCTGAGCAA	R1	0.009959129616618156
seelig	consider missing	seelig_cm_zinb_phantom	CACTTATCTTTTGCGGCTTACGGTGTATCCCGCAACCTTATGCTTCAAATGATATATTCGCGTAAGATATCGCCCTATAGGAAACGGAGGGGCGGTTCCTCATCCGATTCGCGGGATAACGCGTCTCCGAATCGTGGAATCACTA	R1	0.009892811998724937
seelig	consider missing	seelig_cm_zinb_phantom	GTCATGCCAACACAGTCGCAGGGTACAGTGGTAGGTGGCCAACCAACTGGGCCACTATGCACTTGACCTCTGGAATGTTGAAGTCTCAGTACGGTGACAGCACCGTGCCTGGGCATGTATTGAGCTAACCATTACAGCCGAAATT	R1	0.00986316055059433
seelig	consider missing	seelig_cm_zinb_phantom	TCCTCTTCATGAGTCATCCTCATAATGCGTCTTACCGAGAAATAAAGCAATAACTCTTATCCGCGTGTTACTTCCTTAGAAAGCGCCACCCATAGATATCGCCACCCATAGAAACCGCATCCGCGTCTTTCCTAGAAACAGTCTT	R1	0.00976081844419241
seelig	consider missing	seelig_cm_zinb_phantom	ATCCTCGAAGCGCCGTTCCCTCTCGCGGATCGCCGCGTCTTTCGCGGGCGGCTTCGAGGACTAATGTCTTATCTGCCAATCACGTCGTCACTTCCGCCTTATAAGATACGATGACTCGTGCATTTGCGGGAGTCATGGGTCGGGC	R1	0.009775565005838871
seelig	consider missing	seelig_cm_zinb_phantom	TCATGTAAACAAGCCAGCAAGTTTGAACTTTCACCTCACCTCCCTCATGTCAACCATTACGTAAAAACAAACTTCCCCCAGCATGTTCCAAAGTTCAAACTTCCGCTCCACTGCTTGTCACCAAGCCTTTGTACAAACATGACCT	R1	0.01004437729716301
seelig	consider missing	seelig_cm_zinb_phantom	TCACGCGGTTTCGCGTTATCGCATCGGGTTGCGATTTCTCGCAGATACGATGACTCATCACTCTTCCCGCATCGGCGCGGGACGCGCCCCCCTTATCGGCGTGCGATTTCTTGAAGATAAGATATCTCGCAGATACGATGACTCA	R1	0.00999991875141859
seelig	consider missing	seelig_cm_zinb_phantom	TTATAAGTCGCGGAAGCTATCATCCGCGAAATAAGTTATCGCTCCGCGGATCCGATAACTCGTTGACCCGATATCGCTTCCGCGGAAGTTACTTCCTTTTCGCGTATCTGATGACTCATCCGCGAAACGCGCCGCGTTTCTTAGA	R1	0.009917804040014744
seelig	consider missing	seelig_cm_zinb_phantom	GCTCCAGGCCGGCATGCCCAGACATGTCCGGAGAGGACTTTGACCCCAGCTAGGGGCAAACATGCCGGGGGCCAAAGGTCCAAAGGTCACAGACCTGAGGTGTTTGTCCCCAGCTAGGTTCAAAGGTCAAACTCTGCAGACATGA	R1	0.009977219626307487
seelig	consider missing	seelig_cm_zinb_phantom	AAGTTTCCCTCTCTCTTCACAGTTCTTAATGAACAGAGCCATCTGGGGCCACAGCCTGTGAAATCTGATTCTCTTCCCACAGTCAGCAAACAGAGCCACTGGGATATGCTCAGGCAGCTCCCAGGAGGAAACCGTAAATGCATAT	R1	0.009807834401726723
seelig	consider missing	seelig_cm_zinb_phantom	TGCGGCGACCAAGCCCCGGCATGTTTACAGGCCTTTGGACAAAGCCTAGGCGCCCGCAGTAAACATGCCGGCTGGCATAAATAAGGTTATTATAGTCGCTCGGAACTTTGCTAGACATATTGTTCAAAGGTCGCTCAACTATTAG	R1	0.010121703147888184
seelig	consider missing	seelig_cm_zinb_phantom	GGGGTTGTGTACACATTCCGACATGCCCGGGCATGTCCCCTTTTCCACTCCTGTTGACTTTGCCATGGTTGTTCATTGTTCCCTGGTCCCTTTGCCCTCTTGGTCCATACATTCCCGGGCATGTCCCCTGGGCCTTGTTTGGGGA	R1	0.009902662597596645
seelig	consider missing	seelig_cm_zinb_phantom	ATTCGCGGATAGCGCTTCCTTCCTCGACGCGGGGGCTGAGTCATCCCGTTATCGCTTCTTAGATATACGCGTATCTCGCCCCCCCCCGGGGCTGACTCATCCGGCCCCGCCGATTGGGGGGCGGCGCTTCCGAGGGAGGGGCGGG	R1	0.010047359392046928
seelig	consider missing	seelig_cm_zinb_phantom	TACACAACCGGAAATGTACAAAACCGGACATGTCCACAGGACAAAACAAAGGCCAGACCCTGTGAACATGCCCGGGCATGTACACAGGACCATGGACCCATGCCCGGGCATGTCACACCAACAAACCAACGGACCAACAGACCAA	R1	0.009868397377431393
seelig	consider missing	seelig_cm_zinb_phantom	TCGACTTCCTTATCTCTCGGAAGGGGGCGCGGCCTATAGGAAGTCACCCCCGCGCCGATGACTCATCACTTCCTTATCTCTTCCAAGAAAGCGCCGCCCATTGGCCGATTTAATCAGCGCGCCGCCGATTTCGCGGAAGTAACGC	R1	0.010128872469067574
seelig	consider missing	seelig_cm_zinb_phantom	AATAAGAAACTGCAGTGACTAGAGGCGCGGAATCGAGACATGCGTATCGTTGCCCGAATACGAGGTAACGACGCTTCGTGAGACGCTTCTTCCTTCGAATACGCCACCGACGGGTCCTGACGCATAACTGTTCCTGAAAACGGTT	R1	0.00995776616036892
seelig	consider missing	seelig_cm_zinb_phantom	TAGAGCCCTGCGAGATAAGGATGAGTCACTTCCAGGAAGTGGCGCGTACCGCGGATGCGCGGGCCACGTGCCTTTCGAGAAAGCCGCTTCCTTGCGGCTACTGGAGCTGTCTTATCGGACCCGCGAAGTCGCGTACTCAAGCCGG	R1	0.009921915829181671
seelig	consider missing	seelig_cm_zinb_phantom	ACTCAAGAAAGATCTTGTGGGCGCGGCTTATCTTACGGGTGGGGCTTCATGAGACCCCGACCCGTTCCGCGAAGACTGTGTAGAAACGCCACACCCTGGAAAATAGAAATCGTAAATAAAGTTATCTCACAGTGAAATATCTACA	R1	0.009933876805007458
seelig	consider missing	seelig_cm_zinb_phantom	GAAAGAAGAGGAAGCCACTCCGCGGAACCGCGGGCAGATGAGTCAGCCCCTCCGCGCCGATATGAGTCACCCCCCATATCCGCCCCCCCGCGCGCCCGCGCGTCCGGCTAAGAAGATAAGGAAGCGGATCCGCGTGAGGAACCCC	R1	0.00996389426290989
seelig	consider missing	seelig_cm_zinb_phantom	CCGTTTTTTTTTATTTTTTCCCGCCCCCTCTTCTTTTTTTTTTTATTGACGTATCTTTTCTCGCGCGCCCCCCTTTTTTTTTCTATTGGCGCCCGCCCCCCCGTTTTCTCGCCCGCTCTTATTTATCTTTTTTCTGGCGTATTGG	R1	0.009876529686152935
seelig	consider missing	seelig_cm_zinb_phantom	CTGGCTGTAAGCTGACCTCACCCCCGAAGCGTTTGCACATGTCTCCATTGACATCCATTGAGGATGGTACAACGCTCGTAACATGTCTATCACGCGACTCTAGTGACCTTCGTAGTCTATTGTCACACGCCTAAGGAATATAGTG	R1	0.00991424173116684
seelig	consider missing	seelig_cm_zinb_phantom	TAGTCCTACGAATCACGCCGCCAAATAAGGAGGTGGCGCCTCCTACGACGGATGCGTCATTTGCGTGATGCAACGCCGTATCGATGAGTTATCACGGTGTATGATAACTCCGCCTTCTGGCGGCGCTTCCCTCCGAGTGACGCTA	R1	0.010052924044430256
seelig	consider missing	seelig_cm_zinb_phantom	ATCGTTCAGAACCCACTGTACAAAGATTGCCGCTAGAGTGCAAACTTTGCTCGCCGAAGGGCAGTGGACAATCCCGGGCATGTCCCGTCATGTTCGGCGGCCAAACTCTCCGGAAGTCGGAACTTTGCTTTGGGTAGTTTTGCAA	R1	0.009829243645071983
seelig	consider missing	seelig_cm_zinb_phantom	TAACGACACGTAATTCGCGTATTAAATCGCGCTATCTCTTCCTCCGGCCGATAAGCTTGAAAAGTTATCATATTTCGAGAAACGCCCTACCGCTGTAGCACGCGAACTGCGTATATCATCAAGTGATGACGCTTCGCGGAACGGG	R1	0.009905940853059292
seelig	consider missing	seelig_cm_zinb_phantom	CCGCCGATGACGCATATCGCGGGTCCGACGCGCCCTATAGGGGGCTTCCCCCATGCGAGGAAGTATCTTCCTCCGAAAGCGGTTTTAAGAATAAGAGGCGGTTCCGGATAGCGCGGTCGCTGGATGAGGGTCCGCGCGTAACGCG	R1	0.0099549051374197
seelig	consider missing	seelig_cm_zinb_phantom	AACCGAGGTACAAAACTAGCTCTGACATGGCGCCGGGATTAAACATGCCTCGGGTTTTTGTACAATCTCCCGTCATGTTCGGCAACCCCGGCAGAAACTCGTTCGGTTTGTTTGCCTTTGCTCCCTTCCGTTTACCGAGATGGCG	R1	0.00977386999875307
seelig	consider missing	seelig_cm_zinb_phantom	AGATAAACTCTTTCAACCAATCACCAATCGTGAAATATTTGAATCCACCAATGCCCTGGACGCCCTCCCACCCAAGATGTCCCGCCTTCCCTGACGAGACCAATGTACATCTTACAGGTATTGATTGATGTCTCACGTCTCCCTA	R1	0.010026578791439533
seelig	consider missing	seelig_cm_zinb_phantom	ATGGGATGAACGCGAGTGAAATCACAGCTTATCAAATCACAGCTCGCATAGGATCGAAAATCACAGCTCAGACAAGGGCGGCAAATCACAGCGTAAAATCACAGCGCGAAAATCACAGCTAAGCGTGATAAATCACAGCGGTAGA	R1	0.009908854961395264
seelig	consider missing	seelig_cm_zinb_phantom	GTTCCGCGATTCGACACATTTTAATCCGTGCAAACAGTAGCGGGACCCGCGTGGCGACGCATCTGCGAGGAATCGTTACGACAACTGCGTGTGCTGATTAGAATACGATCCTAAGAAAAGGAGGTCCCACACTTATATATCCATA	R1	0.009923400357365608
seelig	consider missing	seelig_cm_zinb_phantom	AACCAAGCTAGATCCTGTGAGCAGAGAAGCTGGGGCTGTTTTCAACGTTCTCTCCTGGGCCAGGGCTGAGAGTACATTCCCACCTTCACAGCATTCCTTCCTAGGTCAAAAGGTCATCTCTCACAGACGTCTCCGGCAGACACTC	R1	0.00980205275118351
seelig	consider missing	seelig_cm_zinb_phantom	TTCACTATTACATAATGTTTGTACACATCCCCTGCCAACTCAACCTTTGTTTGTTCAACCCAAAGTTCAAACAACTCTCTGTTCCACTCCATCACTGCAAACATGCCCGGACATTCACTCTACCGACATTCCCTATTACATAATG	R1	0.009869617410004139
seelig	consider missing	seelig_cm_zinb_phantom	ACCCACCGATATCTTATAATCGGATAATCCAGATGTCAGGTAGCGCTATCCGCGTAAAAGCGCGCCGATTGACGATGCGTCGTCGTATAGTAAGGAAGCAACACGGAATAGAAGAAGCACCGTCACAAAAAGGTGATGACTCATG	R1	0.009985003620386124
seelig	consider missing	seelig_cm_zinb_phantom	CCTCTTCTTATTTATCTTATCCTTATGAGTCTTACTTCGAATGAAAGATATCGCGAAAGAGTCATCCACATATATCGAGATATCGCATCCGCGTCTTATCGCGAAACCGCTTTCTTCAGATAACTCGAAACCGCCACCCACAAAA	R1	0.009938047267496586
seelig	consider missing	seelig_cm_zinb_phantom	GTACAGACATGCCCGGGCATGTCCCCTGTCCTGTCCACCCTTGCCCCTGTTTGGACATTCCGGGGCATGTCCCCTGGTTTGTACAGACAGCGCCCTGTTTGGTGGGGGGGACATGCCCGGGCATGTCCCCTGTGCCCCTGAGGGG	R1	0.009815042838454247
seelig	consider missing	seelig_cm_zinb_phantom	CAAAGGTCACACTACATAACAGAAGAGGACTTTGACCCCAGCTGAATGGATCCATGCCGGGGGCCAAAGGTCACAGACCTGAGGTGTTTGTCCCCTGCACAATGGATCCAGGCCGGCATGCCCAGACATGTCCCCTGCACAAGAG	R1	0.009908723644912243
seelig	consider missing	seelig_cm_zinb_phantom	TGACCCCTGCTGGCATGCCGGGGCATGCCCTTTGCCCCCTGTAATGTTTGAACAAAGGTCTCCTGCCGGCATGCCGGGGCACGTGACCTCTGTCCGGTAATGTTTGAACAAAGCAAACATTACATAAACGTTCACAGCTCTCCGG	R1	0.009974638931453228
seelig	consider missing	seelig_cm_zinb_phantom	TTGGGCATGTAGAGGGCAACCGACGGACGGCCGTAAACAACATGCGCAAGACTAAATGTACTGCGATGGACGACATAAACCACCGGTGTTTGTGGACTTTGGCTTAACGGGCGCGCAGTGGACAAACTCCCGGCCGGCGTAAGTT	R1	0.00999742653220892
seelig	consider missing	seelig_cm_zinb_phantom	TGCACAACCCCTGAACATTCCCCATCATGTCAAGCACACAGACTCCCTCTGAATGTTTAACCTTTGTACAAACATTGCCAACATGACAGAGTGAACATTCCCCATCATGTCTGGCACTATCACCATTACGGAATGTTTAACCTAG	R1	0.009797425009310246
seelig	consider missing	seelig_cm_zinb_phantom	TCTCGGTGTTTACTTAGGTTCTGGGGTCCGCCGTGGAGCCATTTGCAAGCGTGCGAAACGCGTCGTTGCCAACCCCCCACCTCGACTATCGGAGTCTACCGTTTCAGGGCTGTTTACTTAGGGGCCCAGTGGCGGCTAGTGTTTG	R1	0.010049579665064812
seelig	consider missing	seelig_cm_zinb_phantom	TTGTGTAAACATGACCGCAAGATTGAACTTTCACCCCACATTCCCTTTGTACTTTCAACCTCCTGTCAAACCTCATGACCAACCACCATTACGTAAAAACAAACTTCCCCCTGACTCCCATTCCCTTTGAACTTTCGCTCCACAG	R1	0.009947340004146099
seelig	consider missing	seelig_cm_zinb_phantom	GACTTTGATCGAAGAGTCCGCTGGACAAGCCCGGGTTTGTCTGGTGACATAACAAAAGTAGTTCTGGTCGCAAAGTTGAAAGTATGCATACCACGGTCACGTCTACCATCCTGTCCTGGCTCTCTGGACGTCACCAGTGAGCTCG	R1	0.00984516553580761
seelig	consider missing	seelig_cm_zinb_phantom	CAAACAACCCCAGGCATGCCGGGAGGGGACCATGACCCCAGAGGGAGAGCGGGAGAGCAGGGGGGCAGTGGACAAACAACCCCGGGCATGCCCCCAGCAGGAGGGCAGTGGACAAACAACCCGGGGGGGAGGTGAACAAAGGCCT	R1	0.009939717128872871
seelig	consider missing	seelig_cm_zinb_phantom	GTCCTCTGTCACGCGCTGTTTTCCGTTAGTCCACTTCAGAGGCATCACTACCAGCAGTTGCTTAAGACTCATTTCCGGCCGGGCGCGGTGGCTCAGGCCCATCATCCCAGCACTGTGGGAGGCCGAGGTGGGTGGATCACGAGGT	R1	0.00999345351010561
seelig	consider missing	seelig_cm_zinb_phantom	GGCGTTTCTTATGGGTGGTTCCTCTTATCTGCGCGTGGCGCTTCGTCGCCTCCCCGCCAGATACGCTTCCATCCGCGCGTGGCGATACGCAGATACGCGTGGCTCTTCCGCGATATCTCGCCAGATATCGCGTCCTCCAGATGCG	R1	0.009917368181049824
seelig	consider missing	seelig_cm_zinb_phantom	GCTTCCAGATATCGCTCCGCCCACTTATGGGTGGCGCCTTCCGCCGCGATATCGCGCGATTTATCTCGTCATCGCGATACGTCGTCATCGCTTCCTATCTGCCGCGTCTTCGAGTTATCGCCGCGCGTCGCGTTTCTCGGGTGCG	R1	0.010186562314629555
seelig	consider missing	seelig_cm_zinb_phantom	TAATGTACCCAGCATGCTCAAAGTTCAAACCGAGGTTGCTGAACCTGACCAAAATTCACAGCTGACAGGACTTTGGTTCGCCATGACAGGCACCTTGCCCGATGCCCGGAGGCATGATTGATGCCAAGGGGGAATTTCGGACACG	R1	0.009747116826474667
seelig	consider missing	seelig_cm_zinb_phantom	CACCCACAAACACCGATAACTCACCACCCACATCCAAAAAACCAACCAAACAACGATAACTCACAAAAACGATAACTCAAAAGAAAGCGCAGTCGCGGAAGCGCCGCCCACATCCAAAAAAAAACAAAAAACCAAATGACTCAAC	R1	0.009990821592509747
seelig	consider missing	seelig_cm_zinb_phantom	GGGCGCGGGCGGCGCTTCCGAGAGAGGGGCGGGCGCTGACTCATCCGGCGGCCCCGGGACTGAGTTATCGCTTCCTAGATATAGGGGGGCGGCGCCGCGGGCCGATAGGCGCGGCTTCCTTGAGCCGGCGGGTGAGTCATCCGGC	R1	0.010145403444766998
seelig	consider missing	seelig_cm_zinb_phantom	ATGACTTTATCGCCCCACCACGTGCGACGGATGAGTGAGGGTCTCACTTCTTGGAAGCGACGCGCCGCCCGCTTATGATGAAAATCGCGCGTAGGCGGATAGGAGATAAGAAACTAGTGGCGGCTCCCGTAACTGGATGCTAGTG	R1	0.009983508847653866
seelig	consider missing	seelig_cm_zinb_phantom	TCCAACAAAAGAAAGCGCAGTCGCGGAAGCGCCGCCCACATCCAAACCAAAAAACCAAAAAACCAAACAACCAAAAAACAACAACAAATGACTCACAACAACGATAACTCACAACAACACTCAAACAAGAAATCGCGGAAGCGCC	R1	0.009931021369993687
seelig	consider missing	seelig_cm_zinb_phantom	GCCGGGAGGTTTGTACTGCACAAAAGCGCGTCGGTAGACCAAAAGGGTAGTGGTCCTGAAGTTCAATGCCAACTTACCTGGACATGTCCAGACACAAACGTTCTACGGTCCATTCCGGCGGCCTCATGCCAGGGTGCCAGGTTCC	R1	0.009873536415398121
seelig	consider missing	seelig_cm_zinb_phantom	ACGGCATGCCCGCTGCCCCGGTAGGCCAGGGGCAAAGGACTTTGGACTGTGGCACCAAACAATGACCGGAAGGTCAGGTGAACAAAGCAAACAATGACCGGACGGTCATGCCCGGGCATGTCCCCTGGCAAAGGTCAAACACCAA	R1	0.009860893711447716
seelig	consider missing	seelig_cm_zinb_phantom	GGCAAGGTCTTTGACCTGACTGGAGTGCGACATGTACCAGTGGGCTTGCCGGAACATGTCCGGTTGAACTAAACACCAACGGACCAAACTGTCAGACATTCAGAACGTAAACCTCCGGACACTCTTTTGTCAAGTTTCAACCTTG	R1	0.00976830068975687
seelig	consider missing	seelig_cm_zinb_phantom	CATGTCCAAACATGCCGGCATGCCCAGGGAATTCCGGTGGTCTTCGGGACAGGATGTTTGAACTTTGGTCACATGGCCCACAGGCTCTCCACTATACAGGTTACATTGCCGGCAACCAGGGACTTTGCTGGCCTTCGCTTAACTA	R1	0.009786505252122879
seelig	consider missing	seelig_cm_zinb_phantom	CGGCCTCTTTTTCCGATGAGTCATCAGTTTAAGAAGTACTTCCTCCCGAGAAGCGCCGCGTGGGGCTCATCCAATTCGCAGAAATAAGTATCTTTTCCGCGCCCTCCAATTGCTACGACGTCTACGACGCGTAAGGCCTTATCGG	R1	0.009993944317102432
seelig	consider missing	seelig_cm_zinb_phantom	TCGCCTTGTCCGCTGCACGTCCCCCGGCATGTTTGCAGAGCGGAGAGGGGTGACGAACGTTTAACCGTAGAACATCCGGCGGCATGTCTAACTATTCAACCATTGTACTGATCTAAGCGTTGTTACATACCCCGGACTTACAAAA	R1	0.009869342669844627
seelig	consider missing	seelig_cm_zinb_phantom	CGAACATGTCTTTTGAGCCGGCAAGATAGGGGCTGACCGTGTAGCGGTTGTCTGTGCTGCCTCCGGGGTCGAAGTAACGTAGACCGAGACAAACCACATGTCTGGAGCGGTATTACACATGTCTATGACAGCGTTAATCGTTGAC	R1	0.010002482682466507
seelig	consider missing	seelig_cm_zinb_phantom	AACACCAATAACTCAAAAGAAAGCGCAGTCGCGGAAGCGCCGCCCACATCCAACCCAAAAAACAACAACAAATGACTCAAACGATAGAGGAAGCGACACCCACAAAAACCGATAACTCACCACCCACATCCAACCCAACACCGAT	R1	0.010024473071098328
seelig	consider missing	seelig_cm_zinb_phantom	CTGATTAGGGGAGACTTAGTCACAGCCTTTCCCGCAGACACGTTTTACTGCCTGCCCGCCCACACAGCAATTTCCTTCATTACCCAGTGCTGAGTGTTGGCTGGCGAGCCACAGCTCAGCCCAGTAATGAACAGGCTTCTGTTAC	R1	0.009866778738796711
seelig	consider missing	seelig_cm_zinb_phantom	ACAAGGGTCCGTGCGCTTCCTCGAGGGTGCTGATGAGACTTCTAAGACACAGCGTTAACTAGGTCTTCAGGATGCGGCTTAATTCCTCCATGGACCAGAGCGGACCGATGACACCCGGGCCTATAAGGAAGTATCGTACCTTATC	R1	0.009930036030709743
seelig	consider missing	seelig_cm_zinb_phantom	GGAATGTCAAACAAGCCCGCCGGGCATGCCGGCAGGCCGGCAGGCCACAAACACAAAGGGGACATGTCCCGGCATGCCGGCCGGCATGCCCCTGGCCATGCCACCAAGCATGCACCAAACGGACCATGACCAAAGCGGACCATGC	R1	0.00986074935644865
seelig	consider missing	seelig_cm_zinb_phantom	CTACATGAGTGCATGCCTCCGGAATGTTTGTACTTTGGTCTTGTACCAACATGCCCCTGCATGCCGGCCTGTACACAGAATCTTCCACCTCTCTAATGTTCCACCTTCGGTCTGTTTGCCTTGTACCAACATGCCCCTGCATGAA	R1	0.009739616885781288
seelig	consider missing	seelig_cm_zinb_phantom	GGAACCCAGGGAACATGTCAATAAAGGCACTCTACTGTAGCGGCTCGTGCATGCAAAAGATTGTGCGAAGATGACCGAGGCGTAGGACTGGCGCACATGTCACAGCACATGTCGCCAGCGCTTAGACTCAATCACATGTCCACTC	R1	0.009845484979450703
seelig	consider missing	seelig_cm_zinb_phantom	GCCCGCCGATAGCGCCGCCTTCCTCGACGCGGGGGCTGAGTCATCCGTCGGCGCGGGCTCTCAGTTATCGCTTCCTAGATATAGGGGGGCGGCGCTTCCGGCCTATAGGCGCGCCTTCCTCGCCCCGCGCCTTCCTCGACCCGCG	R1	0.009980385191738605
seelig	consider missing	seelig_cm_zinb_phantom	AGCTGCTTCTGGCATTGATTCATTGGCTCAAAGGCATCAGAGCGAGTGTCTCTGCTATTCTCTTGGCCTTCCTTTTCCTCGTAGTAGCAAGGCAGTCACAGCTACCAACAGCACATCCGTAAGGCTGGAAGAGGCACGGAAGTTG	R1	0.00981343537569046
seelig	consider missing	seelig_cm_zinb_phantom	GAGATGACCGAGCAGGAAATCGACACTCTGTGTTACCAGCTCCAGGTCTACCTGGGCCACGGCCTGGACACCTGCGGCTGGAAGATCCTCTCCCAGGTGCTCTTCACCGAGACCGATGATCCCGAGGAGTATTACGAAAGCCTCA	R1	0.00972982682287693
seelig	consider missing	seelig_cm_zinb_phantom	TATCAGGAAGGGAGTGACGATATCGCGCCATCCAAGAAAAACGACATCCGCGAATCCGCGAATCCGCGCATCCAAGAAACCACGGGAGGGCGCGCCTATCGGAGGAACTGAGGGAGCGGCAGCGAGAAACGATGACTCACCCCCA	R1	0.00996099691838026
seelig	consider missing	seelig_cm_zinb_phantom	GAACGATACGCGGTTCTTGGAAAAGATATAAAGAAGCGCGGACCCATGGATCGGTCCGCGTATCTTAAAAAAGATATGACTTAAGGAAGTTATGAGATAGGGCGGGTCCACGGGGACGCGGGGCCACGGAGACGCGGAACCGCGG	R1	0.009847908280789852
seelig	consider missing	seelig_cm_zinb_phantom	AAGCGATATCTCGAAGAGCCGCACCCACAGGCTCCGAGGGCGGGCCTATCAGAGAAGACGAAGGAAGATAAGGAAGAAGGAAGAGATATCTCCCACGAAAGGGGCGGGGAGAGAGATAAGAAAGTGAGGCAGCGTAGATGCGAGA	R1	0.009969803504645824
seelig	consider missing	seelig_cm_zinb_phantom	GAGTGCGTTACATAATCAATGAAAGCTACCCCGGTCATGTCACCTCGTATTGTATAGGTAGACAGCTGGAAGCATGCCCGGACATGTCCAGGCATGTCCACTGTTCCCCGTCGTTTAACCTTTGTTCAAAAACAAACAGCAACTC	R1	0.009985418058931828
seelig	consider missing	seelig_cm_zinb_phantom	CGGCGGTGCGATTCGCGATATAACGAAAGGCCCCACCCTAGGCTGATAAGATATAAGTATTCGACAGTTCCTCCTGATGATTCGCGCGTATCTTCCGCAGACGCGCTGGCGGATAACTTCTTGGAAGTGATTAGCTCGGGTGGCG	R1	0.009886411018669605
seelig	consider missing	seelig_cm_zinb_phantom	TGTTCCCGGTGTGCGGCCATAGGTTTGCCCTGGGGCCGCTGTGCAGAAGGCTTGCAGGGGAATGTCGAACTACCGGTCGTTCAACCCAGGCTGCAACCTGACCAACACTACCGTCATGACGTCAGCGGTCATGTCCGGACTTCCA	R1	0.00990984681993723
seelig	consider missing	seelig_cm_zinb_phantom	GCATGTTTCAAAGTTCAAACTTCCGCTCTCATGTCAAACATTACATCAAACCAAACTTCCCCCAGCATGTTTGAACTTTCACCTCACCTCCCTCCTGTCAACCATTATGTAAAAACAAACTCCCCTTTGAACTTTCGCTCCACTG	R1	0.009965860284864902
seelig	consider missing	seelig_cm_zinb_phantom	GTTGTTTGTTTGACATGACCGGACATTCCCTCCCTTCTTTTTTTGTTCAAAGCTCCCTCTCCCTGCACCTTTGAACTTCTGTCCGGAGTGTTCCCTTCACCTTTGAACTCCTGATGGTCGCCCGGCATGCCCGGACATTCCCTTT	R1	0.009805978275835514
seelig	consider missing	seelig_cm_zinb_phantom	GAGTAAATCACAGCCCTTAAATCACAGCATTGTCCTCCTATTTTTTGGGATGTATCGAATTCGGCTACTGCGCGGGCGATCTCCTACAATATGGTTTGACCATGGCCACGGTGAATAGTAGATAGCTTAGTCGAAAAGATACGCC	R1	0.009857049211859703
seelig	consider missing	seelig_cm_zinb_phantom	CCGATAGAACTGATGACTCATCACGCGGGTCCTAGAAGTAAGCAGCTTCGCGAGATGCAGTTGCTTCCTTAAGAGAACCCATGCAAGAGGGTACTCTGGCGCGCGGCCAATTGCGATGACGACCGCACTCCACACGGTATATCTT	R1	0.009979866445064545
seelig	consider missing	seelig_cm_zinb_phantom	ACGGTCTTCCTAAAGCACGGTCTGCCCTTGTTTGCCACAATCAGCACTTCAAGGCTGACACCTGACACACAGAAATGACTCCATCCTAAACTTTCTATTTCGGGACTGGGGTTGCCAATTCATGGGACCCAGAAAACAGCAAGTC	R1	0.00994202122092247
seelig	consider missing	seelig_cm_zinb_phantom	ATCTCTGCTAGCCATAGATAAGATAAATCCTGGGGCTCTAAAGACTGCAAGCCGTTGCTGCCCTTCAGAGCTTTGTGACTCAGACACCTGTCAGGCTGCTGAGAAACGTGATCTAGTCACGTCAGCCCTCCCCCTGTCTGATCTC	R1	0.009862112812697887
seelig	consider missing	seelig_cm_zinb_phantom	TGCCTACATACGTACAGGGCAAAGGTCATTCCCGTCCGGACTTTTGACCTGTTCCGTCACAGCAACGGTCGTGGCCTGGTACACAGACCGTGGCAACAAACCCGGGCATGTCTGGGGACTTTGGACACTAGCCCCCGACAGTCGC	R1	0.00990717951208353
seelig	consider missing	seelig_cm_zinb_phantom	TAACTCAAGAAAGCGGCGCCCACACGCACCGATGACTCAAGAGCGCGGCGCAGACCACACCCAAGAAGCAGATAACGAGGAAGCGCCCACCCGAGAAGCACCGATGACTCAAGAGAGCGGCGCACCGCTGACTCAAGAAACGCCT	R1	0.01012727152556181
seelig	consider missing	seelig_cm_zinb_phantom	GCGACACGCCGATACGCCGATAACACACCCACACCGCCACACCCGCAGCACAGCGCTGACTCAAGAAGCAGATAACGAGGAAGCGCCGCGCCCACACGCGCCGATGACTCAAGAGAACGGCGCAGCGCTGACTCAAGAGAGCCCA	R1	0.009979371912777424
seelig	consider missing	seelig_cm_zinb_phantom	TTGCCCGGACAGGTCCCCCGTCATGTTGGACTTTGTCCGGACATGTCCCCCGTAATGTCAAACCTCCGGAATTTGCCCGCTCTTGTTTGTTTGTTCAAAGGTCAAACAGTCCAAAGGTCAAAAGTTCAAAACAGGCTTGCCCCCT	R1	0.009886985644698143
seelig	consider missing	seelig_cm_zinb_phantom	GAGGGGGGGGGACAAGCCCAGGCATGCCCCCAGCAGTACACAACCACCCCGGGGGGGCAGTGGACAAACAACCCCAGGCATGCCGGGAGAGGACCATGACCAGAGCAGTGGACAAACAACCCAGGAGGGCAGTGGACAAACAACC	R1	0.01004861667752266
seelig	consider missing	seelig_cm_zinb_phantom	AGATTGTCTTCCATGAAACTGGTCCCTGGTGCCAAAACGGTTGGGAACCGCTGCTTTATAGCACTCAAGATAAGCAAAGTGCCTGCAGCCAAGGATGTGAGTCACCAGAACTAGGTGGAAGAACCACTCTGAGAAAGAAACTGCT	R1	0.009898110292851925
seelig	consider missing	seelig_cm_zinb_phantom	CTGAATATTTAACCTTGGTTGCTCAGGAGCTTCTGAATGTTTAACCTTTGTACAAACCCTAATTCTCTCTATCACTGCAAACATGCCAGGGCGAACATTCCCCATCATGTCTGGCACTACGACCACGACGGAATGTTTAACCTAG	R1	0.01001893263310194
seelig	consider missing	seelig_cm_zinb_phantom	GTGACAAAAGAGCAAAGCTCCCGGAATGTGCTGGGTGCAGCTTTGGGTAATACATATGCCGAACCTTCTCTTTAAGGGTCCACGCGCAGCCTCGGGTGTGAATGAAGGAGAAGAGATCGTGTACCACACATGATGCTTACGGAGC	R1	0.00997263751924038
seelig	consider missing	seelig_cm_zinb_phantom	AAGAGCTGTCATACAGGAGAGTGGGTTGTTCCCCATACATAGCTTGATGAGTACAGCCTTGGCCTTGCAACTTTCGGGTGTGGGACTGTGCCCTTTGACCTCAGACATGCTCCCAACACAGCAGCTCAAATTCACTCTGCACAAA	R1	0.009847145527601242
seelig	consider missing	seelig_cm_zinb_phantom	ACATTCCAGTGACCTCACTTGCTCACGAGCTTCGGAATGTTGACATTCCGGAATGTTTAACCTTTGTACAAACCCTAATTCTCTCAACCTCTGAACATTCCCCATCATGTCAGGGAATGTTTGTCCATGACCGCCTTGACGTCAG	R1	0.009852265939116478
seelig	consider missing	seelig_cm_zinb_phantom	CAGTGCAGAACCACGGAATTTTGAACCCAGCTCACATATGAACCTAGCGCAATCATTCCGGACGCGGTCACGTGTCCAGTGAACATACCCGGTCATGTCCGAAGGGATCTTTGTTGACTGCCACCGGGGGCATTACAGAACAAAG	R1	0.00976833887398243
seelig	consider missing	seelig_cm_zinb_phantom	GGGGGAGGAGCGCCCGCCTATAGGCGAATCCGCATCTGCGCCGATAACGCGGAAGAAGGATAACTCACAACGCGGACGCGCGGATCCGCGGATCCGCCACGCCGCGTCCGCGCCGCCCCGCGGACGCGCCGATGGGGGCGGGTCT	R1	0.009908930398523808
seelig	consider missing	seelig_cm_zinb_phantom	ATAAGTCACACCCACACACCCACACACACACAGATATAACTTCCTCAAAACCGCAACTCATATCGCACCACCCATATATCTCAAATCCGATAACTCATCAGTCCGCCCCTCCCATATCTCTTAAAACCGATAACTCATCCTAACG	R1	0.009883681312203407
seelig	consider missing	seelig_cm_zinb_phantom	CCTACTTCAAGCCCAAACCAACTTCCTTATCCCTTATGCCTCCCTGTCTTAGTTTCAGTAAACAACTTTCCCGCCAGTCCTTATCTGCAAAGACCACATATGCTAACCCATTCTGCGAATTACCCCTCCTGTCGCAACAGCTCTT	R1	0.01011346559971571
seelig	consider missing	seelig_cm_zinb_phantom	TGTTTGTACTTTGGTCTCCTGTACTGCCGTCAACATGCCCCTGCATGCCGCCGGCATGTTCCTACTTTGGTCTCTCTGCCTTGTACCAACATGCCCCTGCATGCCGGCCTGAACACAGAATGTTCCACCTCTCTAATGTTCCACC	R1	0.00985794235020876
seelig	consider missing	seelig_cm_zinb_phantom	CGGAAAGTTCACGGCATGTTTGCCCGGGCATGTGTTTAACCATCGCGCAATCAATGCAAGCTCGGAGGTAGCACACCAATCATCCATCTTCAGCACATTGTTAAACTGGCCGCGTCCATTATGTTTAGGTGACCACAGTCCACTC	R1	0.009842902421951294
seelig	consider missing	seelig_cm_zinb_phantom	GTTTGTACACATCCCCTGCAAACTCCACCCCAGCCAGCATGCCCGGACATTTCCACTGCTGACATTCCCTATTACATAATGTTTGTTCAAACCAAAGTTCAACACTCTCACTGCAAACATGCCCGGACATTTCCACTGCTGCCCA	R1	0.009967992082238197
seelig	consider missing	seelig_cm_zinb_phantom	GTTTGGACATGCCCCGGCATGTCCCCAGACATGTACAGACATGCCCGGGCATGTCGGGGCCCACATGCCGGGGCATGTCCCCTGCCCGGCATGTTTGGACTGCCCCTGGGGTGCTTGTCCCCTGGGTTGTTTGGACATGCCCGCA	R1	0.0097305653616786
seelig	consider missing	seelig_cm_zinb_phantom	CACTCTCTGTGACCTTGGTTGCTCAGGAGCTTCGGAATGTTTAACCTTTGCACAAACACTGCAAACATGCCAGAGAGCACACTCCCCTAGACGTCAACATGACCGTCTGAACATTCCCCATCATGTCAGGCACTGCCACCATTAC	R1	0.009895985014736652
seelig	consider missing	seelig_cm_zinb_phantom	GGGTATGAACATGCCCCCTTACATTCCCGGACAATTTCCGGCATGCGACCAGGGCGGAGGCCAAACTCCCGGCATTACATCATGCGCGAGTGCAAAAGGCCGGAGGTCGACCATTGGACAATCCCGGTGAATGCCTGCGTGCAGT	R1	0.010012011043727398
seelig	consider missing	seelig_cm_zinb_phantom	TTCCGCGAACGGCGCGGACCTATCTTATAAGGAAATTCCCGTTGTCGCTTAAGTACGCGCGGCCCACTGCTATCATCCGAAAGAACTTTACGATATACGCGTGATAAGATACTCATAACTCGTAACTCATTGGAAGATATGGGCT	R1	0.009831007570028305
seelig	consider missing	seelig_cm_zinb_phantom	GCTCCGTAAGCATCATGTGTGGTACACGATCTCTTCTCCTTCATTCACACCCGAGGCTGCGCGTGGACCCTTAAAGAGAAGGTTCGGCATATGTATTACCCAAAGCTGCACCCAGCACATTCCGGGAGCTTTGCTCTTTTGTCAC	R1	0.009913955815136433
seelig	consider missing	seelig_cm_zinb_phantom	TTCTAAACGCCGCAACTTACATTGAGATAACTTCTATAAGTAGCATACTTCGCGGAGCGGACCTCACTAGAAATCCTATACGCATCTCCGAGAAACTGTCTAATCCGCGAAAGCGTTATCTCTTGAGTCTGATAACACATGGGCC	R1	0.00982780009508133
seelig	consider missing	seelig_cm_zinb_phantom	CATAGACCTTCTACAACAGACCCAGCACTGGCCTGCTGATATCTCAGCCCTGAATCCTCTCATTCGCAGATAATCTGCCCACAGCAGACACAGTTCCCTTCATTTTATCCAAGATACCTTAGTTTGCAAGTTCATCATAGACTTC	R1	0.009964486584067345
seelig	consider missing	seelig_cm_zinb_phantom	GCCATTTCTCACGCCCAGTCAGAGTCCAGGAATTCTTAGGTTCCCTCTTCTCACCATTGTCCTCCCACGTGACTGACGTCACTTCTGGCGGGAGAGAGGGTGGAGGCGTCTTCGCTCGCTTATCGCATACTTCCGCCCGCTCTTC	R1	0.009922224096953869
seelig	consider missing	seelig_cm_zinb_phantom	CCCCCCCCCACCCAGAAGAGGATGAGTCATCCTATCGGGGCGGGTTCCAGGAAGTGACTCATCGGCGGGGGGCGGGCCCCCCCCCCCACAGGCAGATATATCGGCGGGGGGCCCAGCCTATCACTTCCGGGAAGGGCCCGCCCCC	R1	0.010041304863989353
seelig	consider missing	seelig_cm_zinb_phantom	GCGGGGAGGGGCGCAGTGAGCTGAGACGGCCTGGGGGGAAGCCCAGGTGACACCCTACCCGCCTTGTCTTCCAGAGGCCCGAGTGTCCCCAAGACCCAGTCCTCGGCTTAGAACTGTCCCCAGCCCTTGGTCCCCTGGGCAACAG	R1	0.009920730255544186
seelig	consider missing	seelig_cm_zinb_phantom	TGATGGCAGTACAAACAGACTGGACAGGGCCAGATTTGTGATGGTGATGACCTGCCCACCATGCTGAGTCCTTGACCTGGGATGTGACTCACAAAGCCAGCCGTTCACCTTATACATTTCATGCATTCCACACCCTGACTCGACG	R1	0.010110157541930676
seelig	consider missing	seelig_cm_zinb_phantom	AAGCATATTTGTCAGCGGAGGAAAAGAAACTAACCAGGATTCCCTCAGTAATGGCGAGTGAACAGGGAAGAGCCCAGCGCCGAATCCCCGCCCCGCGGTGGGGCGCGGGAAATGTGGCGTACGGAAAAATACAAAAATTAGCCAG	R1	0.009873602539300919
seelig	consider missing	seelig_cm_zinb_phantom	CCGATAAGCGTTATCTCGCAGACTAATACGATTTCACTCATCGAAACAGCGAATCGGGCTGCTTCTCAGGGCGGAGAAACGGTCTTCTTAGAAAGCGGCGCCCCCTCCCGATACTCCGCGTTGCTTCCTCGAAAAGGAAGACTCG	R1	0.010003450326621532
seelig	consider missing	seelig_cm_zinb_phantom	TTTGCGTAGGGCACTGGTCTCAGGTCATTGGACTAAGAGAGACAGGCCAAGATGACGTCATAATACAATATATGTATCCTTCAACCAAACCGACAGACCAGTGGACATGCCCGGGCATGTCCGCTGGGGGACTTTGACCTTTGTA	R1	0.010106727480888367
seelig	consider missing	seelig_cm_zinb_phantom	TTCAATGGTGTTGCTCAGCAGGCAGGAAATTCCAGACATAGTTTGTCTGTTGCATAGGGTGCTATTTCACGTGGGAGATCCAAACTCCATTCCGCCCCTTTCCCCAGCTTCCTCCTCCCCCTTTCCTTCCCGCTTCCTCTCCCTC	R1	0.009906942024827003
seelig	consider missing	seelig_cm_zinb_phantom	CAGGCCACAATCCCCGTGTCTGCCTCACGATGGTGATGAGCTCCGGAGAGTATATCAGTCCATACCTCCGTACGACACGCTCAAGCCCAGACTGGTGGGGACAGATAAGAGGGGTGATCATGGCGACGGCCAGACCATGGTTGAT	R1	0.009920739568769932
seelig	consider missing	seelig_cm_zinb_phantom	GACCCATGGAGCGATACGCGTTTCTTGGAAAAGATATAAGAAAGGGCGGAGCGATACGTGGGTCCGCGAAAGGACCCGCAGAGCCGCGGACCCATGGGCCGATGCATGGGTCCGCGTATCTTGAGGAAGTGATAAGAAAGCGCGG	R1	0.010012109763920307
seelig	consider missing	seelig_cm_zinb_phantom	AGGTTATGTGAACGGGAATGTTCAAAGGTTCCCCAGGGGGAATTTCCGGTCAAGTGTACACCACCCAATATTTGATTTTGCACTCACAGCCGACCGAGTGTTTGGGTCTGCATGCCCAACTCCCGGTGCGCCAAATTCACAAGAA	R1	0.009931948967278004
seelig	consider missing	seelig_cm_zinb_phantom	AACCGCGGAAGCGCGATATCGGCATATCGCGCAAGATAACGCGATGAAAGAAAAGGAAGCGCCACATCCGCGCGGATGCGCCGATAAGTCACTCCCTCTCTCGCGCCGTGACGCGGAAGCGCCGCGCGCCGATAACTCAGACCCC	R1	0.009885761886835098
seelig	consider missing	seelig_cm_zinb_phantom	TGCACAAACGTTCACAGGGAACATGCCGGGGCATGTGACCTCTGTCCGGTAATGTTTGAACAAAGCGAACATTACATAAACGACTCCTGCCGGCATGCCGGGGCATGTCCTTTGACCCCTGCTCTCTTTGTCCCCTGCTCACATG	R1	0.009813541546463966
seelig	consider missing	seelig_cm_zinb_phantom	GGGCTGACTCATCCGTCCGCCCCGGGGCTGAGTCATCCGGCGCCGCCGATTCGCCGATATCGCCCCCCTCCTCCCCTCAGTCTGCGCTTCCTAGATATACGCGTATCGCCGCGCCCTCCTTGAGCCGGCGGCTGAGTCACCCCGA	R1	0.010149317793548107
seelig	consider missing	seelig_cm_zinb_phantom	AGAGATCCACGCATATCGTCCTCCGCAAGGGGTTGTGTGGCAACAGGTTGCGCGACTTACGATATGCAAGTAAGCGCTATCGGCTTTCTCAAGCGGCGATGACTCATCCGTCGTAACTTATAACTTCCTCGTGCGTCCCCCCCCG	R1	0.009842970408499241
seelig	consider missing	seelig_cm_zinb_phantom	GGCCGATGAGTCGTACCCACGCTAAAGTAGCAACGCCCCGTCCTTCTTAGACGACGCATCCGGATATAACGTCAAGTGCCGGTCAAGGCCGATTCACTATATATCGGCGTCTTTTCTTATAAGCATGTGAATCGCCCAACAGCTC	R1	0.009800576604902744
seelig	consider missing	seelig_cm_zinb_phantom	CACCACTAAAAAACGTAACCTGGGTGTAAATCACAGCCGTACCATGTGGACGGGGAAATCACAGCGTGGGTCAAATCACAGCACGCGAAAATCACAGCCTACCGGTGAGTATAAATCACAGCGATCCCCCAAATCACAGCAGGAG	R1	0.010045618750154972
seelig	consider missing	seelig_cm_zinb_phantom	CCGGCATGCCGGCTGCCCAGGCAGGCCAGGGGCAAAGGTCAAAGTACAAACCGACGGACATGCCCGGGCATGTCCGCTGCCAAAGGTCAAACAGGGCAAAGGACTTTGGACTGTGGCACCAAACAATCAAACCCTCCCCCCCCCC	R1	0.009838557802140713
seelig	consider missing	seelig_cm_zinb_phantom	AGCGCGTATCTCCCTCAGCGCCCCACGGCGTATCTCGGCGCGTAAGACTCACCCTATATCCGACTCACCCCCAGGATGAGTCACCCCCTATCCGTATCGCGCCGCGCCACTCTCAGAGGAGAGATAAGAGGATGACTCACCCCCA	R1	0.009993468411266804
seelig	consider missing	seelig_cm_zinb_phantom	TTTGTAGCCTCCGACTTACCGTAAAATGTGGGCAACAAACACTACCGGGCATGCCTGGGGAGTGCCCATTCTGAGACATGTTTGGTAACAACGCCCAGTTTGTTTAACCACAGAAACGCTCGCGAGTCCAAAATTGTCGACCTGA	R1	0.01005928497761488
seelig	consider missing	seelig_cm_zinb_phantom	GTCAAACATTACATAAAAACAAACTTCCCCCAGCATGTTTGCCACCCAGCATGTTTGAACTTTCACCTCACCTCATCTCACCCAACCATCACGACTTTCAACCATTACGTAATTTTGTACCAAAGTTCAAACTTCCGCTCTCTCC	R1	0.010096919722855091
seelig	consider missing	seelig_cm_zinb_phantom	GTGCGGAGAAATCACAGCTGTGGTGGAGTCTTTCCTGAAAAATGGGCCGAAAATCACAGCACGTTCGCACGGGCTTTAAATCACAGCGACCGCCGGCTTTCTTTCAAATCACAGCACTAGCCTCGGGTTTTCGACAGCAACGCTA	R1	0.009759347885847092
seelig	consider missing	seelig_cm_zinb_phantom	CCTTCCCCTTCTGTTCAAACCTTTGAACTTCGGTCGGGAGTTTGAGCTGACCGGATTGTTCCCTTCACCTTTGAACTTCGGTCGGGAGTGTTCCCCTCTCCCTCTTTTGATCAAAGGTCTCCCGGCATGCCCGGACATTCCCTTT	R1	0.009843328967690468
seelig	consider missing	seelig_cm_zinb_phantom	CCGATACGCCGATAACACACCCACACGGCACCACCCGCGGAAGCGCGGCGCGCCGATGACTCAAGAGGCAGATAACGAGGAAGCGCCCACCCGAGAAACAGCGCCAACTGAAGCGATACGCCGATAACTCACCCAAGAAGCGCCT	R1	0.01000223308801651
seelig	consider missing	seelig_cm_zinb_phantom	CGGAGGTTGGTTCGCCTCAGCCCCGGCGAACTTGCTGCGGCATGTGCCGGCATGCATTCGGGCATGTCCCACCGAACCTGTGGCGTGACGTCACATTGCGTCCAGTGCCTCCAATCTTCCGGAAGTGTGGACAAACGCTCGGAAT	R1	0.00997035950422287
seelig	consider missing	seelig_cm_zinb_phantom	CGGTAGTACAAAGGCCCCTGTACACAAGTTGACCCCAGGCGTTTGTTCGGAATGCATTAGGCAAAGTTCCCTGGCACAACAATGAACGGACATTCCGGCTGAACCTTTGCACATACATGCACCTGACTGGGCGACCCTGCCCGCG	R1	0.009969078935682774
seelig	consider missing	seelig_cm_zinb_phantom	GTTTGAATGTTTAAACACCCTATTACACTACCGTAATTGTACATGACCAAACATGACCGAACTCCTGACCTACCTACTGTACATTTCTACATGACCGAACATGCCTGTGCATGACCAAACTTCCACAAGTCCAAACAACTATTAC	R1	0.009929310530424118
seelig	consider missing	seelig_cm_zinb_phantom	GTGCATGCCTCCGGAATGTTTGTACTTTGGCCCTCTGTACTGCCGTCAACATGCCCCTGCATGCCTGCCTGTGTGCACCAATACAGAATGTTCCACCTCTCTAATGTTTGTACTTTGGTCTCCTGTACTGCTGTCAACTCGCTCT	R1	0.009966382756829262
seelig	consider missing	seelig_cm_zinb_phantom	GTCTCGCTCTGTTGTCCGGGCTGGAGTTCAGTGGCGCGATATCGGCTCACTGCAAGCTCCGCCTCTCGGGTTCCCGCCATTTTCCTGCCTCAGCCTCCAGAGTAGCTGGGACTACAGGCGCCTGCTACCACGCCCGGCTAATTTT	R1	0.010074158199131489
seelig	consider missing	seelig_cm_zinb_phantom	GGCCCCACTGAGCTGGTCATCACCTTTGATCTCCACAAAGTTGATTTCTTCTCTCCCTCGGTTCCTCTTGCCCTGCAGCCGCTTAAACTGGAAAAGAAAAAAATGCAGGAGTCAGGAATCTGGGCAAGGGTGTCAGCAGATGCCA	R1	0.009927148930728436
seelig	consider missing	seelig_cm_zinb_phantom	CGAACTTGCGGTGGTTTGAACTTGCGCGGGCATGTTCGGACGGTAGGTTTGACGTTTGAACAAAGGTAAAAGAGAGAATGGGGGCATGTTTAAACATTATGTAATGATAAAAAAAAAAAAAAAAAAAAAAAAAAAAAACAATGGT	R1	0.009876806288957596
seelig	consider missing	seelig_cm_zinb_phantom	TCCTTCCTTCCCGTATCGGGTTGCGATTTCTCGCAGATACGATGACTTATCGCTCTTCCTTCCTTCGCGCGGTTTCGCGGATTCGCGGGACGCCCCCTCCTTAGGAAGTTACGCTTTCTTATCATCCTCGACGTGCGTTTTCTTG	R1	0.009913749061524868
seelig	consider missing	seelig_cm_zinb_phantom	CAAACGAATGAACTCTTGCTGGACACATCCACTCGGTATCTAATGAACGTCCTATTGGAGCGCCATTAACACCATGTCACAGTTCTCACGCAGCCCTAAAATTTTCTAAACAGCCGTGGCGCGCGCGCCTGATTGGCGTAAGTAG	R1	0.010029337368905544
seelig	consider missing	seelig_cm_zinb_phantom	ATGATGCATCGTCGACGCGCGCGCCGTATAAGATACCGCATATCGCGCATATCGTGCCGGTAAGCGGTTCCTATAGGAGCCGGATGTAGCAAGTCCCTCCGTCAGTCGCGGAGCGCTTCCGATATCTGGCGCGGAACGCGTTATT	R1	0.010120919905602932
seelig	consider missing	seelig_cm_zinb_phantom	CGGCCTATCGACGTAAGTCGCGCATATGACGATAAGATGTAATTGCTTTAATCGTACGTCCTCCAATAGCGCGGAGCGCCGATTCCTCGAAGGCGCGAGGTTTTTTCTCGGAGGGACGATAGCGAGAAGCTATTCGCGATATCGG	R1	0.009959360584616661
seelig	consider missing	seelig_cm_zinb_phantom	ATGTGCATCCTGGCCAGCCCCCCTTCTCTCCCAGCTGTCTACAGTGGGGAAGCCCTGAGCAGCCACTTCCTTTCCAGACGCTTCCGGCCTCAAAGCCTTACTGCCTGCTGAGTCAGCAGCCTTCCCCGGCTCCATTCATAAAGCA	R1	0.01003381796181202
seelig	consider missing	seelig_cm_zinb_phantom	TTTTATTGGTTTATCGGCCTATTGGCTTATTGGCCTATGCGCCCTTTTTTTTATTGGCGTATCGGCCTATTGGCTTATCCGCGCCCCCTTTTATCCCCCCCCTTTTCTATTGGCGCTTCCCTTTTTGCCTTCCCGTTTTTATCTT	R1	0.009886401705443859
seelig	consider missing	seelig_cm_zinb_phantom	GCCTTTGTCAAGCTGTTCTTTGTCCCTATCCGTGGCTTTTCCTTGACCTCTGCCCTGGCATGCACCCAACAGAGCCCCTTCTCTTTGATCACTTCTTCCGTGGTAACAGTGAACAGAATTCTGCTGGGAGCCACAGAATGTTTAC	R1	0.009971135295927525
seelig	consider missing	seelig_cm_zinb_phantom	CTGTGTGACCCCTGAGTCACCGTCTGCCTGCCTCACTGCTGTGAGTCAGCGGCATTCTTTGTGGCTGAGAGCAGCGCAGCTCAACCTCAGGGCCCTTCCCCTGTACCTTGGTGAGCCTGGCACATCCTCCAGCTAGGCTAGGAGT	R1	0.009936513379216194
seelig	consider missing	seelig_cm_zinb_phantom	GATAACTTATAAGTCTTCCCGCAGCTTCGCGGGACGCGCCCTCCTTAGGAAGTTACGATTTCTCGCAGATACGATGACTCATAAGTGGTTTCGCGGGACGCGCCCCCCTTGCGATTTCTCGCAGATAAGATAACTTATCGCTCTT	R1	0.0098903002217412
seelig	consider missing	seelig_cm_zinb_phantom	CCGGTTGCGATTTCTCGCAGATAAGATAACTTATAAGTGGTTTCGCGGATTCGCGGGACGCCCCCCCTTTAGGAAGTTACATTTTCCTGAAGATACGATGACTTATCGCTCTTCCTTCCTTCCCGCATCGGCGCGGGACGCGCCC	R1	0.00992636103183031
seelig	consider missing	seelig_cm_zinb_phantom	AAGATAGAGGAAGCGCCGCCCACATCCAACCCAAAAAACAACCAAACAACAACCAAAAAACCAATGACTCAAAAGAAAGCGCAGTCGCGGAAGCGCCGCCCCCCAAAACCGATAACTCAACACCCACATCCAACCCAAAACACAC	R1	0.009975472465157509
seelig	consider missing	seelig_cm_zinb_phantom	AGATATACTTACAACAACGTAGCTCCGCGATATCGCTTCCTGAGTCGCGAAAGTCTAGGAAGTGACACTTTATCTGCGGAAGACCCCCACCCAAAGAAGCGACGCAATACGCGGATAAGTCTTATCAGTCCTGTGTAGGCGAGCA	R1	0.010199692100286484
seelig	consider missing	seelig_cm_zinb_phantom	TTGAACATGCCCGGACATGTCCGGGCATGCTCAATGTATAGTGGTAAAGGTCCAACGGTCTCCCGTATTCCCCTTAGATTATAGAATAATGGTGACAAAACGAGAAATTATGGTTTGTTTAAACTCCGGACAAGCTCAAGCTCCC	R1	0.009739580564200878
seelig	consider missing	seelig_cm_zinb_phantom	GGTAAGCTTTCTGGCGCGCGCGCCTGAGTATACTATGGAAGGGCATTCAGGGACTCGATCTATCCGGCCTCAGAAGCCCTGCACCTAGTGGTGTAGTGTGGCGCGCGCGCCTGACTTGAGCCCTCACGGTGTCGTGGTAGAAAAA	R1	0.010022031143307686
seelig	consider missing	seelig_cm_zinb_phantom	TTGCTGTAAACATTACGGAATTTCCCACGGTTTGACCTGTTGGACTGGGTCCAATGTCCAAACATGCCGGGGCACGTCCGGTCGACGTGCCAGCACAAGTTCATGCGGGGGGGCATGACCGACGCAGGCAGAGACCTGTCGCCCC	R1	0.00992443598806858
seelig	consider missing	seelig_cm_zinb_phantom	CTCCGGAATGTTTGTACTTTGGTCTCCTGTACTGCCGTCAACATGCCCCGGCATGCCTGCCTCTGTTCATTAATACAGAATGTTCCACCTCTCTAATGTTTGTCTCTCACACCTCCGGAATGTTTGTACTTTGGTCTTTCTCCCC	R1	0.010016360320150852
seelig	consider missing	seelig_cm_zinb_phantom	GGAAGCGCAAAAACGCTAACGCGCCACCCACATCCAAACCAAACAACAACACCAAATGACTAAAACCACCAATGACTCAAAAGAAAGCGCAGTCGCGGAAGCGCCGCCCACAACAACCAAAAAACCGATAACTCACCACCCACAT	R1	0.009737027809023857
seelig	consider missing	seelig_cm_zinb_phantom	GGTTTTTTATAAGGCGCCGCCCTATCTTATTATAAGAAGCCGCGCCTCGAAATATGACTCATTGGCGGAAGCGCCCCTTCCTATAAAATTATGAGTTGCGCCGCCCCAAAAACGCCCTTTCGCGTATGACGCATCCTAATGTGCC	R1	0.009914115071296692
seelig	consider missing	seelig_cm_zinb_phantom	GTGCATTAATACAGAATGTTCCACCTCTCTAATGTTTGTACTTTGGTCTCCTGTACTGCCGTCAACATGCCCCTGCATGCCTGCCTCTGTGCATTAATACAGAATCTTCCACCTCCGGAATGTTCCACCTCTCTACTGTTCCACC	R1	0.010018772445619106
seelig	consider missing	seelig_cm_zinb_phantom	CGCGTTACGCTTCCTTATCGCGCGCCACTCTTCGCGTTATCGAGATACGCTTTTTTTTGGCCTCTTGCGGGTCGCTCCTCTCGCGGGTCGCCCCTCTTGCGGCGCTTCCTCGCGCGTCAGATATCGCGTCACCCCGCTTCCTCGC	R1	0.010025381110608578
seelig	consider missing	seelig_cm_zinb_phantom	GCCTCCCCACGCCCTTATCAGCACCATACAGGGAAGGGAGAGGTGACAGCCTCACCCACCCCTCCCTGCTTCTAGGGGACTTGGACATGTCCGGGCAGGTCTGAGGCACTCCTGGTAAAAACTGGTGATTGCCTGGAGGCAGGGA	R1	0.00991102959960699
seelig	consider missing	seelig_cm_zinb_phantom	CCCTGGACCTTCGATTCGAGATAACGCGTCAGTCCCCCCACGCTGACTCATGGGCGGCCCCCCCGTTCCTACGATTTCATCGGCGCGGTACGATATCTTGAAGGTATCGTTTTCATCAGCGAGGGAAGTAACTTGCAGCATATCT	R1	0.00993067305535078
seelig	consider missing	seelig_cm_zinb_phantom	GTGACCAAAGCTCATGGGCACGTGAACTTTGGCCGCTCTGGTTGTACTCATTCCGGTCGCCGTTAGGTTCAAACCTGGGCATGATCGGAGGTTTTGTTCAACGGCCCGTTTACATCAACCGGTAAAGTGCAAAGGACGTCCGTCT	R1	0.009968306869268417
seelig	consider missing	seelig_cm_zinb_phantom	CATCGGAGAAGCAATTGGCTTCCTCCTTCTTATCCTCCGATATCGACGACTCATCACATCCTCATCGCGAATCAGCATCTGGGGGTGGCGCACCCACGCGACGGCGCGTTATAAGTCGTCGAATTGGTGGATGACTCACGAAAAC	R1	0.009980088099837303
seelig	consider missing	seelig_cm_zinb_phantom	CAGATTTGTGATGGTGATGACCTGCCCACCATGCTGAGTCCTTGACCTGGGATGTGACTCACAAAGCCAGCCGTTCACCTTATACATTTCATGCATTCCACACCCTGACTCGACGCAAGCTCAGAAGGTCACTGTATTAGTCATC	R1	0.009988788515329361
seelig	consider missing	seelig_cm_zinb_phantom	TGCACAATCACTGCAAACATGACCGGCTGAACATTCCCCATCACGTCAACATTCCAGTGCACAAACATGACCGAGCGAACATTCCCCATCATGTCAGGCACTGCCACCATGACGGAATGTTTAACCTTTGTACAAACATTGCAAA	R1	0.01003004889935255
seelig	consider missing	seelig_cm_zinb_phantom	CCCAGGCATGCCGGGAGATGTTCCCCACCACAGTAGGTTGGCTCCGTACTGAACGGGGTGAGTTCAACCACCTTTGTTCAAACAAAGGGAATTTGCACCACAACATACACTCCGGGCTGGGTCGACATTATGTAATGCATGCCAG	R1	0.010064742527902126
seelig	consider missing	seelig_cm_zinb_phantom	TGGCATGCTCCGTTGACCTGTCTTGTCAATGTACATGCCAAGGCCATCATGGTCTCCAGATTCACTAGTGTCGTGTCCTGTGCAATGTTCAACTTTACCCAGGCAAGGTCCGTAGTTTCATAGGCCATTCCGGTATAAACCAAAC	R1	0.009930786676704884
seelig	consider missing	seelig_cm_zinb_phantom	TGAAGTGGGGACAAAGCCGGTAGCCGGCAAGCCCGGGCAAGTTCAAACATTACGTAATTGTGTACCGGCCGAGTTAGGGCATGCCCAGGCAAGTAGTGGACTGGGGACAAGGCCGGCCGGGGGGAAGCCCGAGCAAGTTGGGTAA	R1	0.009939055889844894
seelig	consider missing	seelig_cm_zinb_phantom	GGCATGGAACAAACCAGGTAGGACCATGCCGGCATGCCCCTGACCAGAACAAACAAAGGAGCCCGGGCAATGCCGCCGGGCATGCCGAACGCGACCGGAATGAATGTGCCGGCATGCCGGCCGGCATGACCAGACCGGAATGAAT	R1	0.010042001493275166
seelig	consider missing	seelig_cm_zinb_phantom	TCCTGGCATGCACCCGAGGTAGCCAAAACAGAGTCCATGGTTCTGTACATTCCGGTGTTCGAACTTTGGATCGAAGGTTTCATGCTTGGGTCAACCGGCAAGAGTTTATACCCAGCCTGAGTTCATAGTCAACAATAGTGGATCA	R1	0.010137352161109447
seelig	consider missing	seelig_cm_zinb_phantom	TTGTTCACGAGGTCGCTGTACATGCCCTGGCATGTTTGCACACCTAAATGGGGACAAACACTTCTAAAAATCATAGCTCTGTACATGCGCAAAATTCCGATGGACTTTTGCCCTGTTGCCTAGGGACCCCGAGGTGAATTCACCA	R1	0.009733756072819233
seelig	consider missing	seelig_cm_zinb_phantom	GCGATAACTCGGAAGCCGCGCCCACCCGCGACTCAGAAACGCGGTGGGCGGATCGGGGGAGCGATAACGCAGTAACTGAGTCGCGGGCGCGATGAGTCGGAGGCGGCGCAGGAAGGAAGCCGCCGCCCCACCCACATAAGCAGCC	R1	0.009885772131383419
seelig	consider missing	seelig_cm_zinb_phantom	GGACAAACAAACCCGGCATGCCAGCAGGCATGCAGGGACATGTCCAGAACAAAAACGAACAACCGGACAATGACCACGGGCATGCCTGACCATGGCCAGGGACATGACGACCGGTATGCCTGGGCAACCATGCCACCCGGTGAGC	R1	0.009927580133080482
seelig	consider missing	seelig_cm_zinb_phantom	ACTCCTAGCCTAGCTGGAGGATGTGCCAGGCTCACCAAGGTACAGGGGAAGGGCCCTGAGGTTGAGCTGCGCTGCTCTCAGCCACAAAGAATGCCGCTGACTCACAGCAGTGAGGCAGGCAGACGGTGACTCAGGGGTCACACAG	R1	0.010022589936852455
seelig	consider missing	seelig_cm_zinb_phantom	ATAGTCCGCTTCCGAGTACTCGGTGTGGGGCGCGTCCCCCGTATTATTCGCCTTCTAAACGCGTCGCGCCTGTCTTCTCGCCCTTCAACAGCCTCCGCCACTTGCTTATAAGAAATAAGTATCCTCAAGAGACTCTTCGAGTATA	R1	0.010103774257004261
seelig	consider missing	seelig_cm_zinb_phantom	CCATATTCGCGGTATCGCTTCCTGATTCCTTATAGAATCCGAAAGAGCCGCTCCGCGAGTCATACGTCGTATCAGGAAGCTCCTTCAAGAAAGCGATACCGTTTCTTATTAGTCCGCCGATACGCGGATGATACACTATTATTGC	R1	0.01001206785440445
seelig	consider missing	seelig_cm_zinb_phantom	CCCATAGATGATAACACGCATTGGAGACTCAGCACAAAAGATATCGCGTGTCGTCCCGCGAACTAGCGTCTTATAGCGCGACGCGTTATCGGGCCCGGCCCATATCGTGAAGTAACTCTTCCAGATAAGGATGTTGCTTCCTCTT	R1	0.009880667552351952
seelig	consider missing	seelig_cm_zinb_phantom	CAGTGGCATGATCTCAGCTCACTGCAAGCTCCACCTCCCGGCTTCATGCCATTCTGCTTTAGCCTCCTGATTAGCTGGGGTGAAGTGGCGTGATCTCAACTCACTGCAACCTTTGCACCTTGGGTTCAATGATTCCCCTGCCTCA	R1	0.009859403595328331
seelig	consider missing	seelig_cm_zinb_phantom	GTAGGTCCATAGCGAACTTGCCAAGGCCTCTGTACATGACCGGACTTGACACGGGCAGTGTCCAAACACTCCGGGGTCAACCTCGATCATTGTCCACTGAACATCTCCCGGCATTGCCACTACACAATTCCGGGCATGTTGGGTC	R1	0.009887639433145523
seelig	consider missing	seelig_cm_zinb_phantom	ACACGAACGTGTATTGAACACTTGCTGTGTGCCAGACATTGTGCTGGGCTGGGTGCTTACCACGCATAATCTCATTCCTTCTTCTCAACAGCCCTGTTATCCCTACTGTGCAGATAAGGAAACTGAAGCTTTAGCTGAGTCATCT	R1	0.010075300000607967
seelig	consider missing	seelig_cm_zinb_phantom	GATAAAACTTCCTCAAAACCGCAAGATAACTCATCAGTCAGATAACTCATCAGTCCGCCCCTCCCATACACACTTATAACTCACCACCCATACACACATATATCGCCCCACCCATATCTCTTAAAACCGATAACTCATAAAAACA	R1	0.009817328304052353
seelig	consider missing	seelig_cm_zinb_phantom	AAGCATACTGATTCTTACTTATCAGCGCCGACTGCGCGTAAGTCACATCGGATTCGCACTTCCAATGAGAAATAAGGCGCGTCGCTGGAGGGGGCTCCCCCACCCTAAGTAACGCTTATTACGAGTCGTCGCCTTATATCTTATC	R1	0.01005926076322794
seelig	consider missing	seelig_cm_zinb_phantom	GGACAACTACCTTTCCCTTTCTTAGGATCCGCGATAAGCACCAATTGGCCCGAGGGGCGGATCTTATGAGATCGCGGATGCGTAAATTTCTGAAGAAAACGCTATCCGCGAAAACTGATGAGTCATCAAGCATATATCACTTTCT	R1	0.010125708766281605
seelig	consider missing	seelig_cm_zinb_phantom	GTCTTGTGTTTTGTACAAACCTTTGTACTCCTGTCTGTACAAACATTCCGACTCCGGTCGGCATGCCCGGACATTCACCTGACCGGATTTTCAGCTGACCGGATTTTTGTACATTCCCTCTTTTGTTCAAAGGTCTCCCGGCATG	R1	0.010028097778558731
seelig	consider missing	seelig_cm_zinb_phantom	TCACCTTTGAACTCCTGTCCGGAGTTTGAGCTGACCGGATTTTTGTACAAAGCTCCCTCTCCCTCCACCTTTGAACTTTGGCCCTCTCCCTGACCTGATGGTCGCCCGGCATGCCCGGACATTCCCCCTGCTCCCCCCCCTCTTC	R1	0.009963804855942726
seelig	consider missing	seelig_cm_zinb_phantom	ATCAGTCCGCCCCACCCATATCTCTTAAAACCGATAACTCATCAGTACGAAATAACTTCCTCAAAACCGCAAGATAACTCATCAGCCACACCCACACACACACACATATCTCACACACACACACACACATAAGCCACACCCACAC	R1	0.009889795444905758
seelig	consider missing	seelig_cm_zinb_phantom	ATCAATATTGCGGCAAGCTCAAACAAGCTTGAGCATGGCCCCTGAATGTAATGCTCTGGGGTTTGCCCAACTAGCCGGCAGAGGCACCTAGGTCGCTTGTTAATGTTTAGGTATTCGCTATTCCGGTCGCCAGCGATCCAACATC	R1	0.009857388213276863
seelig	consider missing	seelig_cm_zinb_phantom	ATAAGGATAGCGCGACTTCCCGATAAGTCGCTTCCTCATCTTTATTTATCATTTAGTAACCGCCTATTATTTTATCAGGAAGTTCCTCCTCCGAATTAGCATATATCGTATTTCTTACTCCAGGATCCGCCGCGCCGATAGGATA	R1	0.009759431704878807
seelig	consider missing	seelig_cm_zinb_phantom	CGTTACTTCCTCGTAAGGCCCGCCCCTCCCCCACGTGCTGACTCAGCCCCGCCCATATACGGTGTCTCTTATAGGTCTTCACGCGCGCGGATGCGCTTTCTTATCTGTCTTCCCGCGCGCGGAGACGCGTCTTCGCGGACTTATC	R1	0.00988286454230547
seelig	consider missing	seelig_cm_zinb_phantom	TTTAAGAGCCACCCTCTCAGCCTTAACCGGTGTTCTGCAGGCCTACGTCTAGCGCGAGCCTCGGAGACCCACAGATAGCCAGACGGTTGAACGACTGCCCGCTAATTTCACGTGGTGTGAGGCACTCGCGCTGTTTACTTAGGTT	R1	0.009668060578405857
seelig	consider missing	seelig_cm_zinb_phantom	TTTAAAACAAAAGAGAAAGTGAAAGCCATTAGGCAAGCTATGTGCTGGGCTGCTAACGTAGCCCCTGCAGGGAGGGGTCAGGAGCGCGCTGCAGTGAGCCTTGGGTCTCGCAGGCCCAGCCCTGCTGCAAGGAGCCAGGGCACCC	R1	0.01004223432391882
seelig	consider missing	seelig_cm_zinb_phantom	AAAATATCTCTGTAGGCAGATGCTTACAGCTGCTGCCGCAGACATATTTGGAGGTATCTGCCAAGCCCAGTCTCTCTGCCGCAGACAATTCCTGTAACCACACACTTCCTCTGCCAAGAGGGTGGAACCAAGGTCATACTCCCTC	R1	0.009914807043969631
seelig	consider missing	seelig_cm_zinb_phantom	TGTTTCACGGCTGCAAGTTGGGAATCCCCAGAGAGTTTGGCTTGGTATACCGGAGCTTGTACAAATACCGTTCGGGCAACCAAGGTGAAATTCTCGAACTTGTAGCAGTCCGTTGCACAACAGAACTGGACATGTTCGGTAAAGT	R1	0.010062134824693203
seelig	consider missing	seelig_cm_zinb_phantom	CGACGAACGGTCCGTCGTTTGAACTTTGGACATATGTAGACATGTCCACCGACGTCCGTCGACGGTGGTTGTTGACCGTTGACCGTTGTTTGAACGTTGGTCGTTCATTGACCGAAGGTCCACAGAATGCCCGCTGCGGAAGTAC	R1	0.009775435552001
seelig	consider missing	seelig_cm_zinb_phantom	CCCCGGTCGCCGATATAACGATATCGTAGCGCTTCCATGAGTGACTTACTCGTCGTTATCGTCGGGCGGATGCGCTTCGCAGAAAAGCGCGGCCCGACCCTATGTGCCAATAAATCGTCATATCTAACCTATTGCTAGATTGGGC	R1	0.009780952706933022
seelig	consider missing	seelig_cm_zinb_phantom	CTCCCCCACCCTCCCCTCCACTATTACATAATGTTTGTTCAAACCAAAGTTCACATTACCTAATGTTTGTACACATCCCCTGCAAACTCAACCTTTGTTCCACACTCCCACTGCAAACATGCCCGGACATTCACTCTACCGACCT	R1	0.009992020204663277
seelig	consider missing	seelig_cm_zinb_phantom	CTGCACCGTAGACAAACAGGAGGTCCGTTTGATTGCCATGTTTTGTAATGTAGAGCTCAGGCCGACATAATACAAGCCCTTCGGCTCCCTTTTGTAGTGATCTCCGGACATGTTTAGGCATGCTCAACCGTACAAAGATCGCTCA	R1	0.010071487165987492
seelig	consider missing	seelig_cm_zinb_phantom	GCCGAATGCAGGAGGAAGGGCATCCCCCAGGCTGTATACTGCAAGAATGGCTTCATAGACACCAGCGTGCGGCTTCTGGACAAGATTGAAAGGAACACTCTCACAAGGCAGAGTTCACTTCCCAAGGACAGAGGCAAACGGAGCA	R1	0.01015013549476862
seelig	consider missing	seelig_cm_zinb_phantom	TAAAAACAGATAACTCATCAGTCCGCCCCTCCCATATATCGCCCCACCCTTATCTCTTAAAACCGATAACACATCCTAAAACCCATAAACACTCAAGAAATAACTTCCTCAAAACCGCAAGATATCTCATAAGTCACTTATATCG	R1	0.010121693834662437
seelig	consider missing	seelig_cm_zinb_phantom	TCAGCTGCCCAGCCCCCTCCACCCCGGATGTATTTCCTGTCAGAAGGGGGTTCCGGTGGCCGTGTCCAGCCTGGTTTGGGGAGGCCCCTCTTTTGGATAAGCTCTCCCAGTGCTGGCGTAAGCTGTGAAGATCACACTGCCAGGA	R1	0.009976164437830448
seelig	consider missing	seelig_cm_zinb_phantom	GCGCTTCTTGGATGCGATATCGGCTTCTATGAGTCATCACTCTTCGGGGTAGCGCCGCCGATTGGAGAACCCGGATGTAACTCGCGGGAAGCGCCTCTCTCGGCCGATGAAACTTTATCATACGACGACAACCTATTAAACGTTA	R1	0.010029248893260956
seelig	consider missing	seelig_cm_zinb_phantom	CCCGCCTCTTCTCGGTTCGCGGGTCCCTTCTGCGCGTTACGCTTCCTTATCGGGCGCCACCCTCTTGTGGCGCCTCCCTTTTCTCGCGATATGGGTCGCGCTTTCGCGATACGTCTTCATCGTCGCGCGTCGTCATCCGCGCGCG	R1	0.010021325200796127
seelig	consider missing	seelig_cm_zinb_phantom	CGAGGGGGGCATGTTTGTATGGGCATGCCCGGGCATGTCCCCTGGGGCATGCCCGGGCATGTCCCCTGACCCCCTCCGGTGTTTGGCCCCTGACCGTGGGACACATGCCCCGGCATGTTTGTACACAGGGGGTCATGTACACAGT	R1	0.009875591844320297
seelig	consider missing	seelig_cm_zinb_phantom	GGTTCCTTATATGGCTCCGCCCACTTATGGGTCCGCCCCGCCAGATATCGCGTTTCTGAGATACGCTTCCTCTCACCCGTGGGCGGCGCCCTATATCGCTTTCGCGAGATACGCTTTCTCTTGCGGGTCGCCCCGCGCTTATACG	R1	0.009938553906977177
seelig	consider missing	seelig_cm_zinb_phantom	TTTGCCAGCAGGCTTAACCCCTTTTGTCCACGCTTCCCTCCTCAAGAAAACCTTAATCATCCTCATTTGAATTTCAAATGACCTCTCCCCCTCCCCACCCCAACAGGCTTTGAGGCAGGGATATGGAAATTCACCCTGCAGTATG	R1	0.010071828961372375
seelig	consider missing	seelig_cm_zinb_phantom	CTGCGTCTTTCCGATTAGCCCCGCCCCCATGCGAGTTATCGGTTCCGCGAGTGACTCTTCCTTTTCTTTCCTTCCTTCTTTTCTTCTTTGTCGCGCGCGCAAGTGATTTCTTCCTCCTCCTTCTTATCAGCCCCGCCCCTTTTTT	R1	0.01000748947262764
seelig	consider missing	seelig_cm_zinb_phantom	GCACTGATGTGAAAGTGCTCATTCCAGCAGCTGCAAGCCCTCAGAAGTGGGCCTGTGATTCTGGGCCGTACCCATCCCCTCACCCCAAGACTGCTTGGGGTGTCAGGCAAAAGCAAAAGCAGCACCTCGTGCAAAGGCAAATGAG	R1	0.009874856099486351
seelig	consider missing	seelig_cm_zinb_phantom	CCCTCTTCGTGTTATCGCGCGTGATATCTTTTTTATCTCACCCACTTTAAGTTACTTCCTTCTCGCGCGTCTTATCGCGAAAGCGCCTCTCCGAGAAATCGCCACCCACATTTAGTCTTCGCGCGTCTTATCGCGAAAGCGTTTT	R1	0.010106269270181656
seelig	consider missing	seelig_cm_zinb_phantom	GTCTTAGACGGACATGTCAACATGTCCTTACTTGACATGGACTACTTATCTCATGCACATGTCCGTGTCAGTTTGTACATGTAACATGTCCCACATGTCATGGGCCAGCTTCTGCGATGGCCGACATGTCAGCGACATGTCTTAC	R1	0.00997407827526331
seelig	consider missing	seelig_cm_zinb_phantom	TGTGGCCCAGGGTGGTCCGGAACTCCTGAGCTCAAGTTATCCACCCGTGTCGGCCTCCCACAGTGCTGGGATTACAGGCATGAGTCATCGCACCCGGCCGGTTACAGGGCTTTTGAGTATGAATGGCTCCTTGTGGCCCAGTCCC	R1	0.00971219502389431
seelig	consider missing	seelig_cm_zinb_phantom	CACCGCAAACAGCAACCACAGCGGCCATGGTTCCGCGTTTCTTCCACTTCCTTTCGTTCCAAATCGTTCCGAAAGGCCCCTTCCGCTGCTCTTCCCCTGTGGGCTCGAGTACCCCGTTCAAAGGTTCCGCAGGAGAACGCTGAGG	R1	0.010030294768512249
seelig	consider missing	seelig_cm_zinb_phantom	GACCGGATTGTTGAACATTCCCCCCTTCCCCTCCACCTTTGAACTTCGGTCTGTTGTGTTGTTCAAAGGTCTCCCGGCATGCCGGGACATTCACCTGACCGGATTGTTCCCCTGCTCCCCTTCTGTACAAAGCTTTGTACTCTGC	R1	0.009942730888724327
seelig	consider missing	seelig_cm_zinb_phantom	CAAACACATTATTGTGTGTCATAGGCTCAACTCGACGCCAATCAATATGAGTGAGAAATGTCGCAGCCAATGGGCTTGCCGGGGTCCCTGCTCCACCCAAGAAGTCAATAAGGGTGGAGACTGACACCTGAAGGAGGTAGTTTCA	R1	0.009889675304293633
seelig	consider missing	seelig_cm_zinb_phantom	ACCTCACAGATTGAATTCCGGCTTCCACCCAGGAGGGGCCAGGCTCCTCCCTGCTGCAAACACGTGGCAAAGTTCTGTGGCTCCACCCCAGTGCCTATTCCTCTTAGTGCACACTCCTCCCAGTGCGCAGGTCAGTTGAAGACTC	R1	0.010085426270961761
seelig	consider missing	seelig_cm_zinb_phantom	TCCTGGCAGTGTGATCTTCACAGCTTACGCCAGCACTGGGAGAGCTTATCCAAAAGAGGGGCCTCCCCAAACCAGGCTGGACACGGCCACCGGAACCCCCTTCTGACAGGAAATACATCCGGGGTGGAGGGGGCTGGGCAGCTGA	R1	0.009933005087077618
seelig	consider missing	seelig_cm_zinb_phantom	CACCCACATCCAAAAACACACACCAACACCGATAACTCACAAAAACGCTAACGCGCCACCCACATCCAACCAACAACAAATGACTCAAAAGAAAGCGCAGTCGCGGAAGCGCCGCCCCCACCACCAAATGACTCACCACCAACAA	R1	0.009945251047611237
seelig	consider missing	seelig_cm_zinb_phantom	CTCCGACCTATCGGAAGAATCGTATCCGGATCCGCCAATTAACGCGTAACGCCTCAATAAATCAAGCGTTATCGGCGGGTGGCGCGTCGATCCTTATCAGACTCATCCGTAGGCGGCATCACCTCTTCTGAGGAAGATATCCGCA	R1	0.010029178112745285
seelig	consider missing	seelig_cm_zinb_phantom	CAACTTCCGTGCCTCTTCCAGCCTTACGGATGTGCTGTTGGTAGCTGTGACTGCCTTGCTACTACGAGGAAAAGGAAGGCCAAGAGAATAGCAGAGACACTCGCTCTGATGCCTTTGAGCCAATGAATCAATGCCAGAAGCAGCT	R1	0.009871657937765121
seelig	consider missing	seelig_cm_zinb_phantom	CTGCATCAACATGCCCCTGCATGCCGACCGCCTGTTCCCCTCTCCCACCTCCGGAATGTTTGTACTTCGGTCTTTCTCCCTTGTACCAACATGCCCCTGCATGCCGGCCTGTACACAGAATGTTCCACCTCTCTAATGTTCCACC	R1	0.009932301007211208
seelig	consider missing	seelig_cm_zinb_phantom	ACTAACGGGGCGGCGCGCCTCTTTTTCGCATCCGAGAAATAGGTGTGGCGCGTTCCGATACGACGCGTGACTACTCCGAGAACACTCCCTCGAAGGATCGCGCCCCCCGCATCCAGAAATCGCATAGAGTCTCATAAGGAAGCGC	R1	0.010037887841463089
seelig	consider missing	seelig_cm_zinb_phantom	GTAACCGAATCCATCCTTCCTCCATCACTTGTCCTCCCTCTACCTGGAGAAAGTCCTTTTCATCTTTAGAAGAAGTAGGTACAAGATCAGGTGCTTGAGGGAGCAGAGGCGCTGTGACTGATGCCCAGAAGGGGGCAGATGCTGC	R1	0.009849507361650467
seelig	consider missing	seelig_cm_zinb_phantom	ATAGTGGCTTGCAGCAGAAGTCTTTATCTGGCCTTCACAAGAATGGAGATTGCACCTCCCCCGACCCCCCTGTCCACAAAACCCAGGAAACACCTTGCAGAGTTGATGCAATATTTGCTATCCCAGCCCTTGGTGACAGTTAAAA	R1	0.010052425786852837
seelig	consider missing	seelig_cm_zinb_phantom	GCGGGCCTATAGGCGCGGCTTCCTCGAGCCGGCGGGTGAGTCATCCGCCCGCCCCGGCCCTCAGTTATCGCTTCCTAGATATAGGGGGGCGGCGCTTCCGAGGGCGGGGCCGGGGCTGAGTCACCCAGATATCGCTTTCTTCCCC	R1	0.010074676014482975
seelig	consider missing	seelig_cm_zinb_phantom	AAAGACCCCCCCACCCTCGGAGCGCATCCGTATATCCGCGGAAGCAGGGCGATATCTCTCGCGGGAGAAATAAGGAAATATGGGGAAGCGCCACCCTATCCGCGGATGTGACTCACCCTATCGCCCGGGAGATAACTCACCCTAA	R1	0.009786726906895638
seelig	consider missing	seelig_cm_zinb_phantom	GGGGGGGGGGCGGGAAGTCGCGGAAGCGCCCGCCCCCCCGCCCCCCCCCCGATGACGCGTCGTTATCTCGTTAGCAGGAAGTCACGATACGCCTTCCGCCCCCGCCGATGACGCTTCCGGCTGATGGGGGGGAGTCGCTTCCTTA	R1	0.009958339855074883
seelig	consider missing	seelig_cm_zinb_phantom	GCCGGCATGTTTGCACACAGGTCGCTCCCCTGCTCTACTTCCTGTCATGTTTGTACCTTCCCCTTCTGCTCCTCCGCTGCTCTGCTGCCTCCTCCGCTCCTCCTCTCCTCTGCTCTGTACATACATCCCCCGGCATGTTTGTACA	R1	0.009962417185306549
seelig	consider missing	seelig_cm_zinb_phantom	TGTGCAAAGGTCACTGTGACCCCCCGGGCATGTACACAGGCCCCTGACCAACCCACCGGGCAGGGGTGCAAAGGTCACAGTACACAGAGCCCGGTAGACATGCCCGGGCATGTCACCCGCACCCTGTGAACATGACCCCCGGACC	R1	0.009807126596570015
seelig	consider missing	seelig_cm_zinb_phantom	GGGGGGGGGGGGGGGGGGGAGGTTTAAACATGCGGGGAGATGTACATAAGGGGATTGTTTGGAACTTACGGAAAGGCAAGCGGGGAGAAGGTCGAACAATGGTTGTTGCGTAAGGGGAATGTTGCGGAATGTTGAACTTACGGAA	R1	0.010019893757998943
seelig	consider missing	seelig_cm_zinb_phantom	ATAAGACACTCATCACGAAATAACTTCCTCAAAACCGCAAGATAACTCATCAGTCAGATAACTCATCAGTCCGCCCCTCCCATATATCCCAAAAACTCACAAACACACTCAAGAAATCACTTCCGCTACTCACATCCATATATCG	R1	0.009689034894108772
seelig	consider missing	seelig_cm_zinb_phantom	GCCATAAGCAACGCGCGGCAGCGATATCGCGAAAACCCGCATATACGAAGAGCTCCCGCCTCTTACGAGGAAGCTCCACACTGTTAAATCATTAAGATATCTCGGAAGCTGCTGATGAGTCATCTCTTTTTTACACCAATCGGCT	R1	0.00991323497146368
seelig	consider missing	seelig_cm_zinb_phantom	GATGACGCGTATCCTAATTCGGCGGCGCGGCGGATTCAATACTTATAAGACCCGCCCCATGACGCTTCGCCTTCCTTATCGCGAAAACGACGATGCGTGATAACAACATATTGCATCAGGAAGTCGCGCGCCCTATCCTACAACG	R1	0.010084235109388828
seelig	consider missing	seelig_cm_zinb_phantom	CCGATACGCCGATAACTCACCCACACAGCCACACCCACAGAAGCAAGATAACGCGGAAGCGCCCACCCGAGAAGCGCACACGCGCCGATGACTCAAGAAAACGGCGCGCCGATGACTCAAGAGAAGCGCGCACACGCCGATAACT	R1	0.010061018168926239
seelig	consider missing	seelig_cm_zinb_phantom	CCGATGACTCTTCCTTATCTCTCGCCGATGACGCTTCCTTATCGGCGGGGCGGGGCGGGGGGCCCCCCCCTTTCCAGGAAGTCGCGGAAGCGCTGAGTCACGATACGCCTTCCGCCCCCCCCGCTGTCTCTTCCGGCTGATGACT	R1	0.009874931536614895
seelig	consider missing	seelig_cm_zinb_phantom	TTCTGCGTCTCGCACATCGTCGACCCGCGCATCTTAAGGACGACTCACGAGATATATACTGACTCATAAGGAGGAACCGGTTCCATCATATCGGACTGGGCGATGCGTCGTCGAAGCGCGCAGGCCGTTCCTAATTTTTCCTCCC	R1	0.009752249345183372
seelig	consider missing	seelig_cm_zinb_phantom	AGAGGACAATCCACACTCCTCCCAGCAGCCTACGGGGTCCTGCGTCATCGGCTCCCTTCCTGCTTTCCAGCCTCAACCCAAGGTCACTCTCTTCCCTTCCCTCCCCTACTTCAGCCCCCTGGCCTCAGCTCTTTCACTCATGCTT	R1	0.009786338545382023
seelig	consider missing	seelig_cm_zinb_phantom	TCCGCGTATCTGCGGGAAGAGAAGACTCAGCCCGCGCCGATAAGCGGATCCGCCTCCGCAGATACCTCCGCGGAAGCCTGAGTCAGCGGAAGCGCCCCCCCCGATCCGGATGAGTCAGCCCCCATATATCGGCCGATATGCGCCC	R1	0.010140722617506981
seelig	consider missing	seelig_cm_zinb_phantom	TGGGGGCGGTTTCTCAAGAGTCGCCGCCCCGACCAAATGTAACACTACCATATCTCGTTATCGCGCTTCCGAGGATGAGGCATACCCGTGATGAGGACTAAGGATGCGCGACGCATCCGCCAATTGAAGCTTAACTCCGATATAT	R1	0.009896181523799896
seelig	consider missing	seelig_cm_zinb_phantom	GAGTTACTTCTTATCTCTTCCTGCGATTTCTTATCTCTTCTTTCGCGTGAGTCACTTCCTTCTCTCCTTTCTCCTCCTGCGAGTTATCGGTTCCTCCAGCGACTCTGCGTCTTTCCGATTAGCCCCGCCCCCATGCGGCTCTTTA	R1	0.009935509413480759
seelig	consider missing	seelig_cm_zinb_phantom	GAGCTGCAAGCCTCCGTTTCCTGGGAAATCACGTGCTCTGTCATTGAATTTGAAGCGGAGGCGTGGCTGGGAACCCAGCTCCACGTGGCCTACCTCCCCCAGGCCTCTGGGGCTTCTCCCTCACCGCCAGAATCACCACTTTCTC	R1	0.009954199194908142
seelig	consider missing	seelig_cm_zinb_phantom	CCTATGGGTCGCGCCCCACCCCGATATCGCGCGGCGTGGAAGACGCGCGGCCCCGATGTCGGGGAAGCTGACTCACGCCCCCGATAAGGCGCTACGCGGATCGCGGCGCCTATATCGCGGAATCGCCGCCTATGAGTCACACGCG	R1	0.01001994963735342
seelig	consider missing	seelig_cm_zinb_phantom	TGCTCCCCCTCTCCCTTCACCTTTGAACTTCTGTCCGGAGTTTGAGCTGACCGGATTTTTGTACAAAGCTCCCTCTCCCCCCTCCCTCCCTCAGCTGAAGGTCTCCCGGCATGCCCGGACATTCCCCTGTCTGTACAAACATTCC	R1	0.009816675446927547
seelig	consider missing	seelig_cm_zinb_phantom	ACACACACACACACACACACACACACACACACACACACAAACACTCAAGAAATAACTTCCTCAAAACCGCAAGATAACTCATAAGTCAGATAACTCATCAGTCCGCCCCACCCATATCTCTTAAAACCGATAACTCATCAAACCG	R1	0.009720233269035816
seelig	consider missing	seelig_cm_zinb_phantom	ACATAACTTTACTGCTGCCTGTGGGTCCGCCCATCATCCCGTGCTTATGGCAACTGCTTCCGCCCATCATCCCGTGCTTATGGCAACTGCACGTTATCTGCAAAGCACAGGAGGAGGATGGTGCTGAACCCAGAAAGAACATTAC	R1	0.01003251038491726
seelig	consider missing	seelig_cm_zinb_phantom	AGCCACTTAATCAAACGGGCATGTTTGGTCACGTCCCCAGAATTCCGGTACATTTCACCTCCGGCCGGACTTCGGCCGCCATGCCCCCCGGCAACAATGCGCCGGCATGACCGCTGCTCACCTGTACATTACATTACATAACCAA	R1	0.009697352536022663
seelig	consider missing	seelig_cm_zinb_phantom	TCACCTTTGCACTCCTGTCCGGAGTTTGAGCTGACCGGATTTTTGTACAAAGCTCCCTTTGTTCAAAGCTCCCTTCCCCTGAACCTCTCCCGGCATGCCCGGACATTCCCCTGTCTGTACAAACTCTCCTCTGGTCAAACATTCC	R1	0.010033661499619484
seelig	consider missing	seelig_cm_zinb_phantom	TTCCTTCTGCTTTTCCTACACGCCCAGGCATGCCACAGCACCAGCTCACATTCCTTTCCTTATTTGAGAAAAGACTGACTCTCTAGCTCGCCGCAGACGACCCCTTCCCCTAAATGTTTAGCCAATCGGGTCTAGCTTAGATTGT	R1	0.009939801879227161
seelig	consider missing	seelig_cm_zinb_phantom	GTCAACCATTACGTAAAAACAAACTTCCCTTTGAACTTTCGACCTCCTGTTAGTTCCAAAGTTCAAACTTCCGCTCTACCCACCCCCATTATGTAATTGTGTAAACATGACCGCATGCTTGCCCCCCAGCATGTCACCAACCACA	R1	0.010004522278904915
seelig	consider missing	seelig_cm_zinb_phantom	ATCCCTGCCTGGTAAGTTCAAGGTTACCAGGAAGTGAGATAAAAATCAACTCCTGACTCCTGGGCGAGTGTCCAAAAGCAATCTACATAAAACCCTTTGGCCGCCCGGAATTCCTCCTGCTCAGACATGCCGGGACATGCAGAGC	R1	0.009741002693772316
seelig	consider missing	seelig_cm_zinb_phantom	AGTGCTTAGTAAGCCCTGCTGAGGGGCAGAGTCATCAAAGTCATCTCTGTTGAGGGGTAGTGCTGAGTCATCCCCGTCTATGGGCAGAAGAAAGCAGTCTTGGTAACATTCCAGCTTTTTAACTTTGGTATGTAAACAGACATCT	R1	0.010074729099869728
seelig	consider missing	seelig_cm_zinb_phantom	AGGAGAGAGAGGTGAACAAAGGCCTCCGGGCATGCCCCCAGCAGTAGACCACGACCCCAGGGGGGCAGTGGACAAACAACCCCGGGCATGCCCCCAGCAGTACACAACCAACAGGAGAGAGAGAGAGAGAGGTGAACAAAGGCCA	R1	0.009740344248712063
seelig	consider missing	seelig_cm_zinb_phantom	ATGTCAACGGGCCGGCCTTCGGAGATCTTAGGCCTAATTGCTTTGAACTACTGATGTACCCCAGGTAGCAGTGGACCGAACTTTGAACGGGATTGTTGACCTTGGCATGCCGGGGCATGTACCAAACGAAGCTCCCGTACTGTAA	R1	0.009853387251496315
seelig	consider missing	seelig_cm_zinb_phantom	TGAGGCTTTCGTAATACTCCTCGGGATCATCGGTCTCGGTGAAGAGCACCTGGGAGAGGATCTTCCAGCCGCAGGTGTCCAGGCCGTGGCCCAGGTAGACCTGGAGCTGGTAACACAGAGTGTCGATTTCCTGCTCGGTCATCTC	R1	0.009938361123204231
seelig	consider missing	seelig_cm_zinb_phantom	GACAACGAGCCTACCTTATCCACGATTCGCGGATCTTATAATAAGGATGCGCGTTTCTTCATCAAGATGACGCTTCATCCGCGGATGACTCGTCCTCGAGAGACGCGATATCTGTCTTATCTGCAACGAAAGCGATACGCAAGGC	R1	0.009956887923181057
seelig	consider missing	seelig_cm_zinb_phantom	TTCCGATTGGCCGCGCGCGCAAGTGATCTCTTATCTCCCCCCGCGTGCGAGTTATCGGTTCTCCCTTCTTGCGATTTCTTATCTCCTCTTTCGGGTGAGTCACTTCCTTATCAGCCCCGCCCCTTATCTCTCCCCTCCTTTTCTT	R1	0.009983480907976627
seelig	consider missing	seelig_cm_zinb_phantom	GGGGGGGGGGGGCGCCTCTTCCTTATCAGGAAGTCACGATACGCCGTCGGCGGGGCGGGGCCCGCCCCCCTGTCTTCTCGCCCCCCCGCCGATGACGCGTCGTAAGCGGCGGGGCGGGCGGGGAAGTCACTTCCTTATCCGCCGG	R1	0.010036247782409191
seelig	consider missing	seelig_cm_zinb_phantom	ACACTTTCTTCCGCTACTCACACCCACACACAGATATAACTTCCTCAAAACCGCAAGATAACTCATCAGTCAGATAACTCATCAGTCCGCCCCTCCCATATATCGCCCCACCCTTATCTCTTAAAACCGATAACTCATCAAAACA	R1	0.010038877837359905
seelig	consider missing	seelig_cm_zinb_phantom	TCGCATCTTACGAATAAGAAATCGCCATCTGTGACTCGTAAGTGCGCTCCTACGGATGCGCGTGGCCTCGCGCTCCGATTTCTTTATCACGCAGCTGCCGACTCTTTCTTAACGGGTGATAAGAGTCGCGGAATCGAATTCCGCT	R1	0.009804144501686096
seelig	consider missing	seelig_cm_zinb_phantom	CCCGGGCGGCCGGCCGGCATGCCTTGCGACCTTTGCACCTTGCGTCATTTCGACCTTGGGTCATTCCGTGACCTTTTGACCTTTGTGCCGGGGGACATGCCCGGGCATGTACATGCCGGGGCATGTTCAGTGTGACCTTTGTCCA	R1	0.01000602450221777
seelig	consider missing	seelig_cm_zinb_phantom	ACCCACAGAACCCACACGCGCCGATGACTCAAGAGCGCCCACCCGAGAACACCACACCGATACGCCGATAACACACCCAAGAAGCGACTCCCACGGAAGCGCCCACCCGCGGCGCGCCGATGACTCAAGAAGCAGATAACGAGGA	R1	0.009949482046067715
seelig	consider missing	seelig_cm_zinb_phantom	GCTCCGCGTTTTCGCGCTTCCTCGCGGGAAATAAGCTATCTTATCATTCGCGGAAGACGCTTTCTTATCTTCCGATAAATGCGCTTCCTTATCGCGCGTCTTAGGATTCGCGGATCTTATAAGTCAGCGCCGCTTCCGAGGAAGC	R1	0.009907578118145466
seelig	consider missing	seelig_cm_zinb_phantom	CTCACTATGTGACCTCCGGACTATGTGACCTTGGTTGCTCACGAGCTTCGGAATGTTTAACCTTTGTACAAACATTGCAAACATGACCGGCTGAACATTCCCCATCATGTCAGGGAATGTTTGTCCATGACCGCCAAGCACTCTG	R1	0.009943213313817978
seelig	consider missing	seelig_cm_zinb_phantom	GGCTTCCAGGATACGCGTCTTCGAGGACGCGTCTTCTTATCTGTCCTCCTTCCTTGAGTCTGCTCTTCCTTGAGTCAGCCCCGCCCATATGCGCTGACTCATCCTTCTCTTCACGCGCGCGGAGACGCGTTTTCTTCCTCGTAAG	R1	0.010094174183905125
seelig	consider missing	seelig_cm_zinb_phantom	GGTATCTGTTTCTCGATAAGTCGCGCCATTCTTATCTGAGAGAAGCGGAATTGGCTCGCCCCCGACTTATAAGAAGAGGCGCAATTGACTTATCAGAGACGCGCCCCCCTTATAAGGCGCCTCCCCCGACTCTTATCTTATATGT	R1	0.00980878435075283
seelig	consider missing	seelig_cm_zinb_phantom	CCTATAAGGAAGCGGATCTCCGCGGAAGCGCCTCCGCGTCCGCCGATAACTATAAGAAAGGATGACTCACTATCAGGATCCGCCCCCCCGCGCGGATGCGGATGAGTCACCCCCTCCGCCCCCCCCGATCCGCGTGAGTCAGCCC	R1	0.01004689559340477
seelig	consider missing	seelig_cm_zinb_phantom	ACCCAGACCGACCTTGTACCAACATCCAGGCGACCTGTACAGTTCGGAGGCAATCTTTGTACAACCCGGAATGGTTAAACAATCCAACCTCCTCTACGGACTTCCGTCGGAAGGTTCTACTGTAAACAGGTCCCAATTGTATTGC	R1	0.010151040740311146
seelig	consider missing	seelig_cm_zinb_phantom	CTTATAAGCCGCATGCGCATGAGTCGCTTCCTAAGACTGAGGAAGCGTCTCGGCCCGCCTAATAACATAGAGCCGCCTCGCGCCTATAGCTAGATATCGCGAGTCAGCTACGGGTGGGGCACCCGCTTCTAGTATCGCGAAAAGC	R1	0.01013597846031189
seelig	consider missing	seelig_cm_zinb_phantom	GCGTTTTCGCGTATCTTCCTTCCTATACGCTTTCTCATCCGCCCTCTCCTTTTTCCGCGTATCTCCTTTCTTATGCGTCTTCCCGCGTATACGCTTTCTCATTTACACTTTCCTTTTTCCGCGTATCTCCCCCCCCATGCGTTTT	R1	0.010198657400906086
seelig	consider missing	seelig_cm_zinb_phantom	GTTTGTACACATCCCCTGCCAACTCCCCCCCTCCTCCCCACCACCCCTGCAAACATGCCCGGACATTTCCCCTGTTGACCAACCCTTTGTTCAACATTCCCTATTACATAATGTTTGTCCAAACCAAAGTTCAAACAACTCTCTC	R1	0.009754193015396595
seelig	consider missing	seelig_cm_zinb_phantom	TGTCCTCTGAGCCCTGTGACCTTGAGCAAATCGCTTGGTCTGTCTGAAAGACACGCTTCTCCACCCGCGGTGCGAGGGCGTGACACCACCGCAGGGCTCTCGCAAGGATGATGTAAAATCATTGAAAGGCCCAACGTGCAGACAA	R1	0.009874973446130753
seelig	consider missing	seelig_cm_zinb_phantom	CTGAACGGGCACGGACCTGAATTCGGTCAGGTGGACTGCACAGCCGAGTGCCAAGGCACAACAACAAAGGTGACAGGACACCCGGCCAAGCCACCTTTGTTCAATGTCCGCTGGTATTCCTAGGGTGCACCGGACCACGCTCGCA	R1	0.010062633082270622
seelig	consider missing	seelig_cm_zinb_phantom	CCCGCGCATCCGCGAATGAGTGGGCGGGGCGATAACGCGAAAGCCGCACCCATGGGCGGAGCCATAAGGCGGAAGCGCCATCAGCGAGAAGCGCCATCCGCCGCTGACTGAGTAGCGCCCCGCCCACCCACCCACACCCACGACT	R1	0.009816925041377544
seelig	consider missing	seelig_cm_zinb_phantom	GGCATTATTCTGCCACCATGGTTATGTAACCTGGCATGTCTACAGGTGAACCTACGGACAAGCCCACCGGACAGTGGGCCCTTTGTGCAAACGTAGACTGGAATGCTTCAACAATCAAGCACAATACCGTCGGACATTTTTGTTC	R1	0.00986691564321518
seelig	consider missing	seelig_cm_zinb_phantom	CATGCCACCAAGCAACCCGGCATGCCCCCCGGCATGCACCGGAATGTGACCAAAGAACGAACAAAGGAACAAAAACAAACAAACAACCGGACCATGACCAGGGATGTCCGGGCATGCCCCGGGGGGCATGCCGGGACGTGCCCCT	R1	0.009921475313603878
seelig	consider missing	seelig_cm_zinb_phantom	CAGCCTCCAGCCTGAGCTTTGTCCTGGACACCACGGGCAGCATGGGTGAGGAGATCAACGCTGCCAAAATCCAGGCTCGCCACCTTGTGGAGCAGCGGAGAGGCAGCCCCATGGAGCCTGTCCACTATGTCCTGGTGCCTTTTCA	R1	0.009747318923473358
seelig	consider missing	seelig_cm_zinb_phantom	ACTCAATCCCACAGTGTGCTAACAGTCGGGATCCCAAACCGGTTTATGCACCTTCTGGGCTCTCCTGACTGGCTTATGTGGCCACCTGCAGAGATCAGGGCCACCCTCTCTGGGAAATCGCATGCCCTGCTGCAGATGGCTTCTC	R1	0.009961165487766266
seelig	consider missing	seelig_cm_zinb_phantom	TGCTCCGTTTGCCTCTGTCCTTGGGAAGTGAACTCTGCCTTGTGAGAGTGTTCCTTTCAATCTTGTCCAGAAGCCGCACGCTGGTGTCTATGAAGCCATTCTTGCAGTATACAGCCTGGGGGATGCCCTTCCTCCTGCATTCGGC	R1	0.009805246256291866
seelig	consider missing	seelig_cm_zinb_phantom	AGCCCTGCAGAGGGAAGGACTGAGGAAGGCAGCTCAGAGGCCTCAGGCAGCCACAGTGTGCATGCTTGTCTATGACTCACAGCTACGACGTGGCCTGTGCTGCTGCAGCTGCTGATAAGCCTCAAACCTCATATACCACTCTCTT	R1	0.009805839508771896
seelig	consider missing	seelig_cm_zinb_phantom	GGGACATGTCCGGGCATGTCCACATGACCAAAGCACAAAGAGGGAGAGAGGGGGGGAGGGGGGGGGGGGGGGGGGGGGGGGGGAGGGAGCAATGTACAAACATGCCGGGAGAGCAATGGACAAACATGCCGGGGCATGTCCAAAG	R1	0.010154549032449722
seelig	consider missing	seelig_cm_zinb_phantom	GCGTATCTCCCCCCTTTCTCACTCATGCGTCTTCCTGCTTATATCTTCCCTCTCCCCTCTCCCCATACGTTTTCTTACTTATATCTTCCTTCTCTTCTTTCTTCTCTTCCGTTTCTATCCGCGTTTTCGCGTATCTCCCCGCCTA	R1	0.009855597279965878
seelig	consider missing	seelig_cm_zinb_phantom	GGGAGGGCGTTTCCTGGCTGGGGAAGGGAAGGCACTCCACACAATCTGCATAATGGATGCGCCCTCCCCCTCCCACAGGCTCCCTCTCCCTTCCCCCCACACCAGCTCTGATCTGTGTGCCGCAGAGGCACAGCTTCTTCGCATT	R1	0.010079081170260906
seelig	consider missing	seelig_cm_zinb_phantom	TATATCGGCGGGGGGGGGGGGAAGTCACTTCCGGGAAGGGCGGGCCCCCCCGCCTATAGGCGGGCCCCCCCCCCGCTTCCAGGAAGTGACTCACGGGCGGGCCCCGCCCCCAAGAAGATGAGTCATCGGCGGGGGGCGGGCGGGC	R1	0.010044253431260586
seelig	consider missing	seelig_cm_zinb_phantom	GATATGACTCACCCCCACGATGAGTCACCCCCACCCTGACTCACCGCAGATCCGCGGAAGCGACTCACCGAATAAGCGACTCACCCTATCGGCGAGGAAGCGTATCGCGCGGGAGATAACTCACCGTCAGGATGACTCACCCCCT	R1	0.009988733567297459
seelig	consider missing	seelig_cm_zinb_phantom	CCAAAGTCCGCTGGAAAGTACCCAGGGAGCTTGGGGGCTTTGGTCAAACTTTGCACTGCAGGCCTAAAGTCTCTACTGTAATCCTTTCACGTTTATGCCAAGGTCCCTTGTATACAAAACCAAAGTTCAAAGCTCCAGTACACAA	R1	0.010070521384477615
seelig	consider missing	seelig_cm_zinb_phantom	TCCTATCCGCGTTTTCGCGTATCTTCCTTCCTATACGCTTTCTCATTTACATCTTCCTTCTCCTCTTTCTTCTTTCCCGTTTCCATCCGCGTATATCTTCTCCCCCACGCTTTCTCACTCATGCGTCTTCCCGCGCTTCTGCTTA	R1	0.009904070757329464
seelig	consider missing	seelig_cm_zinb_phantom	CCGATAAGCCAATAACGCGGAAGCGCCGCGCGCCGATAAGTCAGAAGCCGCGCGTCTGCCGCCCCACCCCTATATCTGAGGCGGGGCCAATCCCTATATCGCGGAAGCGCCCAACCCCTATATCGCGAAAGCGCCCCATCTGACT	R1	0.010043011046946049
seelig	consider missing	seelig_cm_zinb_phantom	TACAACCCCAACACCCGGAATGTTAGTAATGTACAACACTCCGGACATGTCAACGTCCGCTCCAGTACAAATAGGTCTAAAAATTAGCCAACGGAATTCCGGTCGCCATGCCCGGGCATGCCTTGACGTAATAGGTCTTTGACCT	R1	0.00994051992893219
seelig	consider missing	seelig_cm_zinb_phantom	CTAGTCAACCCCACGACACACATTGTCCTGGCCCCACATTCACACCCAGTCTGCACGTTACGACCAGTTTATACCAGTAGTTCTGCCTTCTCACCACCAGGAGGCACTGCTTCACCCGAGTCACAGGAAGCCCTGGGCAGGTTAG	R1	0.009874925948679447
seelig	consider missing	seelig_cm_zinb_phantom	CCTGCTCTGTACATTCCCCGGCATGTTTGCACCTCCCCTGCTCCTCTGCTCTACTTCCTGTCATGTTTGTACACAGGTCGCTCTGTACATACATCCCCCGGCATGTCTACCGCTCTCTCCTCCGCTCCCCCTCTCGGTACATTCC	R1	0.010024648159742355
seelig	consider missing	seelig_cm_zinb_phantom	TCATCCGGCGGGTGAGTCATCCGGCGCCGCCGGTGCGCGGGCGGCGCTTCCGAGGGAGGGGCGGGCCTTCCTCCACCCGGCGGGTGAGTCACCCAGTTATCGCTTCCTAGATATAGGCGCGCCCCCCTTCCCGCCTATAGGCGCG	R1	0.010086853988468647
seelig	consider missing	seelig_cm_zinb_phantom	CTCCCCCTTCTTATTGGCCTATTGGCCCTCGCGCGCCCCCTCTTTTCTTTTCCCGCCCCCTCTTACTTATCGGCGTATCGGTTTACGCGCGCCTCCCCCTTTTGACTGATCGTTTCCCGCGCTTATCTTTTTATGTCTCCCCGCA	R1	0.009849666617810726
seelig	consider missing	seelig_cm_zinb_phantom	CCGATAACTCACAGACGCGGAGCCGCCCCCCACATACGAGTCACGCCCCACCCCCACATCCGCGCGGATCGGCCGATAACGCGGAAGGAAGCGGCCCGCGCCGACAGATAAGGCGGGACCAATCGGCGCGGGGCGGAAGCGCCCA	R1	0.009970962069928646
seelig	consider missing	seelig_cm_zinb_phantom	AAAGGTCTCCCGGCATGCCCGGACATTCCCTCTGCTCCCCCCTCTCCTGTCCGGAGTTTTGTACAAAGCTCCCTTGTCATGTTCCCTCTGTTCCCCTTCTGTTCAAACATTCCGACCTTTGTACACTCCCATTCCGGTCGGCATG	R1	0.009927317500114441
seelig	consider missing	seelig_cm_zinb_phantom	GCCAGCATGCCCGGACATCCATTTTACATAATGTTTGTTCTACCGAAAGTTCAAACAACTCTCTGTTCCACTCCACCCCTGCAAACATGCCCGGACATTTCCCCTTCTGTACAAACACATTACATAATGTTTGTCCCCTGCCTTT	R1	0.009758886881172657
seelig	consider missing	seelig_cm_zinb_phantom	GGTTGCTCACGAGCTTCGGAATGTTTAACCTTTGTACAACCCCTGAACATTCCCCATCATGTCAGGCACAACCACTGAACATTCCCCTTGACGTCAACATGACCGACCGAACATTCCCCTTGACGTCAACATTCCAGTGCACAAA	R1	0.00980507954955101
seelig	consider missing	seelig_cm_zinb_phantom	ACACACACACACATACACAGACTGTCTGTTGCCCCTTTGACCTTGTCTTCTACACTCCTGCCCAGCTCACTCACCCGGCCTCCTGGCTGCTGCAAGATCTTGGCATTTCTCCCCAGATATCTTTGTGACTCATTCCATCAGATCA	R1	0.009976575151085854
seelig	consider missing	seelig_cm_zinb_phantom	ATCCGCGGGCGGCGCTTCCGAGATATGGGCGGGGCTTCCTCGACCCCGCGGCTGAGTCACCCGGATCCGCCGATAGGCGCGGCTTCCTCGAGCCGGCGGGTGAGTCATCCCGATATCGCTTTCTTCCCCCACGCGTATCTTCCCC	R1	0.009991680271923542
seelig	consider missing	seelig_cm_zinb_phantom	CCGATGACTCACGCGATAGCGCCCCGCCCACATCCGCAAATAACGCCACCCATGGGCGGAGCGATAACGCGATAAGAGACGCGGAGGGCGGGGCCACCGATGGGCGGAGCGATAGCGCCACCCACGGATGAGAAGGCGGATCCGC	R1	0.01020747423171997
seelig	consider missing	seelig_cm_zinb_phantom	GCCCAATCGGTTCCTTCCTTCTTCTTGCGCGTGAGTAAGCGGTTCCTCCCGCTCCTCTGCGCCTTTCCGATTAGCCGCGCGCGCTACTTCCTTATTAGCCCCGCCCCCTTCCTTCCTATTGGCCGCGCGCGCAAGTGATCTCTTA	R1	0.010107949376106262
seelig	consider missing	seelig_cm_zinb_phantom	AGGTCATCCAACCGCTTGCCTGGCGCGCGCGCCTGATGAAGAGAGTGCGAAATCAAGTCGTATTGGCGCGCGCGCCTGAAGCCGAAGATGGCGCGCGCGCCTGATGGCGCGCGCGCCTGATGGGACAAGAACCGGTCGCCACGCG	R1	0.010004102252423763
seelig	consider missing	seelig_cm_zinb_phantom	CACACACAGATAACTCATCAGTCCGCCCCACCCATATCTCTTAAAACCGATAACTCATCAATACACACATAAAAAACACAGATATAACTTCCTCAAAACCGTCCGCCCCTCCCATATCTCTCACAACCGATAACTCATCAAAACG	R1	0.009987869299948215
seelig	consider missing	seelig_cm_zinb_phantom	CGCGCCGATGACTCAAGAGAGCGGCGCACCGATAACTCAGAAGCAAGATAACGAGGAAGCGCCCACCCGAGAAAGCGAGCTAACTCAAGAAAGCGGCGCGCCGATGACTCAAGAGCGCCCACCCGAGAAGCGCACGCCGATGACT	R1	0.010136501863598824
seelig	consider missing	seelig_cm_zinb_phantom	GTAATTTTGGACCTTCGGTCAGCAGTATTCCAGCAGGTATTCGGTAAGTTTAAACATGCCGGGCCAAGGCTCCTGGGCAGTTACAGAATTTGCCGACCGGAATTTGATCACTGCACAGATCATGCCCTGGTGATCCATGTCCGTT	R1	0.009925316087901592
seelig	consider missing	seelig_cm_zinb_phantom	TTAGTTTATTATAATATAGGGATGACGCAACTTCGTCATCCGCGGGACGCCGCCCCTCTATATATATCTGGCAGACCGCCTTATCTTATATGCCTCATCTTATTACGTCATCGCCTTATCAATAAGATATTTCGCGTAAATCGTT	R1	0.00986392516642809
seelig	consider missing	seelig_cm_zinb_phantom	GGCTTCGAGGACTTATCTGTCGTGCGAGATAACGCTTCTGCGAGATAAGGTTACTTCCTCGTAAGGCCCCGCCCATGCGTTCTCTTGAGGACACGCTTTCTTATCTGTCCTCCCTCGCTGAGTCAGCCCCGCCCATAGGCGCTGA	R1	0.01000168826431036
seelig	consider missing	seelig_cm_zinb_phantom	CGGGGGACATTCCGTTGTTTGTACATGCCCGGGCATGTCTGGCGGGCGGCTTTGCCCTTTGTGCCTTTGTACATGCCCCGGCATGTCGGCCGGCCGGCATGCCTGCCGGCGGGCATGCCGGGCGACCTTTGCACAGGGGGGGACA	R1	0.01013284083455801
seelig	consider missing	seelig_cm_zinb_phantom	TTCCGAGGAGCGCTTCTCCCAATAAGTTATCTTCTTCCGATACCTCAGTTTCTTAGGAGGGCGCGCCTCATGGATAAGAAAACGCATTTCCCGGAAGCGCCATATGCGGGAGAAGCCACTTGCGATATCTTATCTTACTCATACT	R1	0.009942683391273022
seelig	consider missing	seelig_cm_zinb_phantom	CCCGCGGGCTTATGAGTCATAAGTCGCGGAAGAGACCGATTATGACAAACCGCGACGATACGGAACTTTATCGGCGTAACCGGTGCCGATAACTTCGCGCGCCTATTCCGGAAACGCCCCGCCCATCGCAAAATTTCGCGGCGCT	R1	0.010047435760498047
seelig	consider missing	seelig_cm_zinb_phantom	AATGCCCGTTCTGTATGAACAAACATTACGGCAGCATGACCATAAGCATGCCCGGGGATTTTGATCGTTGACCATTACAGGTAGCGGTGAAAGCCTGCCTCCAGTTTTGAATGTTGGACAAAATCCCCGGCATGCCGGGGCACGT	R1	0.009700438007712364
seelig	consider missing	seelig_cm_zinb_phantom	AAGAGGCCTAAATGAGGGGGGCCACATATAACTCAGAAGCGGCGCGCGCCGACCTCTCACACGCGGCGCCTCAGGATAAGGAGGAAGCAGCCCCCGCCGATAAGTCAGAAGCGGCGCGTATATCGCGAAAGATAACACGAAGAAG	R1	0.009812717325985432
seelig	consider missing	seelig_cm_zinb_phantom	GCCCATGCGGTTCCTCCAGTGACTCTGCGTTTTTCTGATTAGCCCCGCCCCCATGCGGCTCCTTATCTCCTCTTTCGCGTGAGTCACTTCCTTATCAGCCCCGCCCGCGCCTTTCCGATTAGCCCCGCCCCCTTCTTTCTTCCTT	R1	0.009913614019751549
seelig	consider missing	seelig_cm_zinb_phantom	ATCCGTCCGCCCCACCCATATCTCTTAAAACCGATAACTCATCAATACGAAATAACTTCCTCAAAACCGCAAGATAACTCATCAGCCACACACACACACACACACACATCAAGAAATCACTTCCGCTACTCACACCCATATATCT	R1	0.009958148002624512
seelig	consider missing	seelig_cm_zinb_phantom	CCTTCCTTCCTCGTAAGGCCCCGCCCCCTTATCTCCCGCCCCTCCCTCACGCGCAGATACGCTGACTCATCCTTCTCTTCCTTCCTTGAGTCAGCCCCGCCCATAGACGCTGTCTCTGGAGGACGCGCTTTCTTATCTGTCTTCC	R1	0.009897747077047825
seelig	consider missing	seelig_cm_zinb_phantom	GAAGTGAGATAAAAATCAACTCCTGACTCCTGGGCGAGTGTCCAAAAGCAATCTACATAAAACCCTTTGGCCGCCCGGAATTCCTCCTGCTCAGACATGCCGGGACATGCAGAGCTCTGCCAACTCCAGCCCCCGCGCCCCCGTT	R1	0.009960123337805271
seelig	consider missing	seelig_cm_zinb_phantom	GTCTGGAGTTTTGTACAAAGCTCCCTTTCCCTTCACCTCCGCTCACCTGATGGTCGCCCGGCATGCCCGGACATTCACCTGACCGGAGTGTTCCCCTGCTCCCCTCCCTGTGCCATGGTCAAACATTCCGACCTTTGTACTCTGC	R1	0.010192734189331532
seelig	consider missing	seelig_cm_zinb_phantom	AAGAGAGATGACTCAAGAAAGCGGCGCGCCGATGACTCAAGAGAGCGGCGCGCGCCACACCCAAAAGGCAGATAACGAGGAAGCGCCCACCCGAGAACCCCACACCGATACGCCGATAACACAGCCACACCCACGGAAGCGACCA	R1	0.010125000029802322
seelig	consider missing	seelig_cm_zinb_phantom	CCTCTCCTCCCCTCCGCTCCTCCGCTCCTCCGCTCTACTTCCTCTTTGCTCTGTACATACATCCCCCGGCATGTTTGCACACAGGTCGCTCCCCTCCTCTCTTTCCTGTCATGTTTGTACCTTCCCTCCTCTCCTCCTCCCCTGC	R1	0.009701455943286419
seelig	consider missing	seelig_cm_zinb_phantom	TCCGCCAAGAAGCGGATCCGCGCCCCCCCCCCCGCGCGGATCCGCCTATCTGCGGGAAGATATCCGCGCGGATAAGGATGAGTCACCGGAAGCGCGCGCCGATATCTGGAAGAAGATAAGACACCCAATAAGCGTATCTCCCCGA	R1	0.009892957285046577
seelig	consider missing	seelig_cm_zinb_phantom	ACGTGCTTCCTCGTAAGGCCCCGCCCATGCGCGGCTTCGAGGACGCGTCTTTTCGAGGACGCGCCTTCTTATCTGCCCTCACGCGCTGACTCAGCCCCGCCCATATACGCTGACTCATCCTTCTCTTCCCGCGCTGACTCAGCGC	R1	0.010082821361720562
seelig	consider missing	seelig_cm_zinb_phantom	AAGCAAGATAACGAGGAAGCGCCCACCCGAGAAGCACACCCAACTGCGCCGATACGCCGATAAAGAAGCGACACAGCCACACCGACAGAACCCACACGCGCCGATGACTCAAGAGCGCCCACCCGAGAAGCCCACACCGATGGCT	R1	0.00984064768999815
seelig	consider missing	seelig_cm_zinb_phantom	GGGGATCCGCGCCGTCGCCGATTGGCGGATGTCTCTTCTCGCGGATGGGGCGCGCCGCCGATTGGGCGGCGCGGCGTCGTGGCGTCCCGCCCTGTTTCTTATTGGCGGATGCGTCTTCTCGCGGATGTCTTCCGCGCGTCCTTCG	R1	0.010045149363577366
seelig	consider missing	seelig_cm_zinb_phantom	CCGCGCGTCGCGATATCGTTTCCGCGAGATACGCTTTCTCTTGCGGGTCGGCCCCGCGCGTCCGAGATATCGCGCTTCCTAGATATCGCGTCCCTCTTCGCCAGATTCGGGTGGCGCCACTTATCGGTCGGCGCGTCGTTTCCGC	R1	0.010112334974110126
seelig	consider missing	seelig_cm_zinb_phantom	AGCAGTTTCTTTCTCAGAGTGGTTCTTCCACCTAGTTCTGGTGACTCACATCCTTGGCTGCAGGCACTTTGCTTATCTTGAGTGCTATAAAGCAGCGGTTCCCAACCGTTTTGGCACCAGGGACCAGTTTCATGGAAGACAATCT	R1	0.010125435888767242
seelig	consider missing	seelig_cm_zinb_phantom	GCTCAACGACCGGAACGACCGACGGTATGTCCGGTGGTATGTTTGGCACCAGGGAGCTTGCCCAGGTATGTACTCAACCAAGCTTGCCTAAACATGGATTTTGTCTACCTTAGGGCTTGGCCGCAGGCCAGTTTCCGTTGGTATA	R1	0.00991261750459671
seelig	consider missing	seelig_cm_zinb_phantom	CTCCCGCTTCCGCGTCTCCGCGTCTCCGATCCGCCGCGTCGCGGAGCCGCCGCGTCCTTCCTCTTTCTTCCGAGTTATCTCTCTTGCGAGTTATCTCTCTTCCGCGTTATCCGCGCCGCTTCCTATCTCTCCTCCCTCCGATTGG	R1	0.010194264352321625
seelig	consider missing	seelig_cm_zinb_phantom	GTACATTCCCCGGCATGTTTGTACACAGGTCGCTCTCCGCCTCCCTGCCTCCTCCGCTCCTCTGCTCTCTGGTTACATCCCCCGGCATGCCCTCTGCTCCTCTGCTTTCTGCTCCGCTCCTCCCCTTTCCTGTCATGTTTGCACA	R1	0.009961655363440514
seelig	consider missing	seelig_cm_zinb_phantom	ACCTATCCGCCCCCTTTCTTATCTTTTCTCTTACTTATTGGCTTATTGGCGTATCTTTTTTTGCGCGCCCGCCTTTTTTGACTGATTGGCGCTCGCCCCCTCGCTCGTTTTTTTTTACTGACTTATCGGCCCTCGCCCCCCCTTT	R1	0.010005934163928032
seelig	consider missing	seelig_cm_zinb_phantom	TCGTCAAAAGCCGCTTACAGTGCTGTATGATAACTTCTAAGAGGGCGGCTCTTCTGGATACGCGACTTATATCCGCGATATGCGGGTGATGTATCAGATGACTCATCCGTCGAGGAAGCGCCGCCCTCTTAAAAGTAACTTATCT	R1	0.009724149480462074
seelig	consider missing	seelig_cm_zinb_phantom	CTCTCTGCTCCTCTCCTCCGCTGGTTACATCCCCCGGCATGCCCTCCGCTCCTCTCCTCTCTGCTCCGCTCCTCCGCTCCTCCTCTCGGTACATTCCCCGGCATGTTTGCACACAGGTCGCTCTCTGCCTCCTCTGCTCCTCCTC	R1	0.009827429428696632
seelig	consider missing	seelig_cm_zinb_phantom	CGCTTTCTCTTCCTCCACGTGCTTCCTCGTAAGGCCCCGCCCATACGCGTCTTCGAGGACTTATCTGTCTTCCTCCCCTCCTTCCTTGAGTCAGCCCTTCCTTGAGTTAGCCCCGCGCGCGGAGACGCGTCTTCTTCCAGATAAG	R1	0.010136783123016357
seelig	consider missing	seelig_cm_zinb_phantom	CCCCCCCCCTGCGCCTTTCCGATTAGCCGCGCGCGCAAGTGATTTCTTATCTCCTTTTTCGCGTGAGTCACTTCCTTATCAGCCCCGCCCCCTTTTTCTTCCCTTCCTTTTTTCTCCCGCCCTTTCCTTCCTCCCTCTTTTCCTT	R1	0.010143695399165154
seelig	consider missing	seelig_cm_zinb_phantom	CTCCTCCTCTCCTCCTCTCCTCCGCTCCTCTGCTCTCTCGGTACATTCCCCGGCATGTTTGCACACAGGTCGCTCTCCTGCTCCCTCCTCCGCTCCTCCGCTGGTTACATCCCCCGGCATGCCTACTGCTCCCTCCTCTCCTCTG	R1	0.010243108496069908
seelig	consider missing	seelig_cm_zinb_phantom	CCGCGCGCGGATACGCGTTTTCTTCCTCGTAACGCCCGCCCCTCCCCCCCGCCCATATACGCTGACTCATCCTTCCTTATCTGTCCTTCCTCGTATCTCCCGCCCCCCTTCCCCACCCATAGGCGCTGACTCATCCTTCTCTTCC	R1	0.009950830601155758
seelig	consider missing	seelig_cm_zinb_phantom	GACCACACCACCCTGCAGCTCACCTTCAAAGATTGAGTTTTAGGCCCCTTTTTTAGATTATTTAACATCCTTCTCCCCACGCGCCCCACAAGGGAGGGCCATGCTGCTTATATCCCAAGGCCCAGCACAGAACCTGGCACAGAAG	R1	0.009808510541915894
seelig	consider missing	seelig_cm_zinb_phantom	ATCACTTCCTTATCTCTCGGAAGAGGGCGCGGCCTATTGGAAGTAACCTCCCCCCGCCCCCCCCCCCCCGCCGATGACTCATCACTTCCTTATCTCTCCGCCCGCCTATTTCTCGGAAGCGCCGCCCATTTCGCGGAAGTCACAC	R1	0.01020729634910822
seelig	consider missing	seelig_cm_zinb_phantom	CCCCCCCTATATCTCCCCCCCCGCTCTCACTCATGCGTCTTCCCGCGTTTTTCTTTTTCTATCCGCGTTTTCGCGTATCTTCCTTCCTATACGCTTTCTCATCCGCCCTCTCCTTCTCTCTTCTCCGCGCCCTCCCCCGTTCTCG	R1	0.01021812204271555
seelig	consider missing	seelig_cm_zinb_phantom	TTGTACAAACATGTCGAGTTTGGAATTTTCCGGTCATGCACTACAGGTAGGCTGCCATCTCCCAGCGGCAAACGAACATTACGATCAAAGCACCCAGCCGGTGGCAGTCATGTACCCGCCTCCAGTCATGTTCGGCTCCCAGGCC	R1	0.009988770820200443
seelig	consider missing	seelig_cm_zinb_phantom	CCCCCCCATAACTTCCTATATCGGCGGGGGGGGAGGGGCGGGGCTTCCAGGAAGTGACTCATCGGGGCGGGGCGGGCCCCCCCCCCTATAGGCCCGCCCCCCCCCCCCTTCCCGGAAGCCCCGCCCCCAGAGGATGAGTCATCCG	R1	0.010160320438444614
seelig	consider missing	seelig_cm_zinb_phantom	CGGGTGTCGCTTCCTTATCTCTGGGGCGGGAAGTCGCGGAAGCGCCCGCCCCCCCGCCGATGACGCGTCGTTATCGGCGGGGCGCGCTTCCAGGAAGTCACGATACGCCGTGGGCGGGGCGGGGGGGGGGGGGGGGGGGGGGGGG	R1	0.00994679145514965
seelig	consider missing	seelig_cm_zinb_phantom	GGGGGCCCCGCCCAGAAGAGGATGAGTCATCCTATCGGGGCGGAGCCCCGGAGGAGTAACTTCCTATATCGGCGGGGAGGCCAGCCTATAGGCGGGGCCCCCCCCCGCTTCCAGGAAGTGACTCATGGGCGGGGGCCCCCCCCAC	R1	0.010165723040699959
seelig	consider missing	seelig_cm_zinb_phantom	TCTCCCGTTTCTATCCGCGTTTTCGCGTATCTCCCCCCCCTTCTTCTTATATCTTCCCTCTCTCCTTTTTCCGCGTCTCTTCCTTCCTATACGCTTTCTCATCCGCCCTCTCCTTTTTCCGCCTTTCCGCGTATCTCCCCCCCCT	R1	0.010009913705289364
seelig	consider missing	seelig_cm_zinb_phantom	GGAGCAAAGTACCAAAGCCCGGAGTCCATTGTACCGACCCTGTATCCATTCTCAACCTACCTCCCCGGGATTGTTGCTTTACCTTTGTCCGGACAAGGGCCAAAACTTCCACTGCAAGCTTACGTAATTGGGTCCGTAGTCTAGC	R1	0.010150441899895668
seelig	consider missing	seelig_cm_zinb_phantom	CATCCGCGCGGATAACGCGGAAGAAGCGGCGCCCCGCCCCTCCCGCCACATCCGTATATCGCCCTATCGCGGAGGCGCCCCCTCTGACTCACAGGGAAGCGCGCTATCGGGCGGCGCCGATGTCGGGAAAGATAACTCACTGACT	R1	0.009940880350768566
seelig	consider missing	seelig_cm_zinb_phantom	CCGCCCCCCCCCCCCCCCCCGCCGATCGGCGGGGGGCGGCTTCCAGATATCGCGGGGGGGGGCCCTGGGGGGGGGGCGCGTGAGTCACTCCGCGATACGCGGATCCGGCGGCTGAGTCATCTCGCGGGGGGGGCCTATCGGCGCG	R1	0.009749339893460274
seelig	consider missing	seelig_cm_zinb_phantom	AATAGACTGGCGCGCGCGCCTGATGGCGCGCGCGCCTGATCAGGCTATACGTGTTGCGTTGTTGCAGCCCGTGGCGCGCGCGCCTGAACTGGCGCGCGCGCCTGATACCTCTGGGCTGTCACGCGGTGGCGCGCGCGCCTGAAGG	R1	0.009796921163797379
seelig	consider missing	seelig_cm_zinb_phantom	GCGGATGGGGCGTCCCCTCTTCCTCTTCCGCTTTCTTCGGATGCGGCGCGTTATCGCTTTATCGCTCCCGCTTCTTATCGCTTCCGTCGCGGATGTCTCTTCCCGCGTATCCGTCTTCCTTCCGCGTCTCCGATCGGCCCCGCCG	R1	0.010008372366428375
seelig	consider missing	seelig_cm_zinb_phantom	GCGTTTTCGCGTATCTTCCTTCCTATACGCTTTCTCATCTGCCCTCTCCTTTTTCCGCGTATCTCCCCCCCCTTCTGCTTATATCTTCCCTCTCTCCCGTTTCCCCCCGCGTTCTCACTCATGCGTCTCTCCCCGCTCCTTCTTA	R1	0.009828737005591393
seelig	consider missing	seelig_cm_zinb_phantom	TCTCCCGTTTCCATCCGCGTTTTCGCGTATCTCCCCGCCTATATCTTCCCTTTCCCGCGCCTTCTCTTACTCATGCGTCTCTCCCCCCATACGCTTTCTCATTTACATCTTCCTTTTCCCGCGTCTCTCCCCCCCCCCCCCCTCT	R1	0.009995675645768642
seelig	consider missing	seelig_cm_zinb_phantom	TCAGGATATCGCGATAACGCGATCCGCGCCTATCCGCGTATCTCCGGGAAGATAAGGAAGCGCCCCCCCCGCCGTCCGCGACTCTCCGCCGCCGGATCCGCGTGAGTCACCCCCCCCCCCCGCGCCTATACGCGTATCTCACCCC	R1	0.009871617890894413
seelig	consider missing	seelig_cm_zinb_phantom	GTCTCCTCGCGGATGGGGCGCGCCGCCCGGCGAGGGATGCGTCTTCCGAGTTATCTCTTCCCCGAGTTATCTCGTCATTGGCGGATCGGCGGGGGTGGCGTCCCGCCGCGTTTCTTATCTCTTCCTCGCGTCGCGGATGTATCGG	R1	0.009553920477628708
seelig	consider missing	seelig_cm_zinb_phantom	CTCTCCTGCTCTCTCGGTACATTCCCCGGCATGTTTGCTGCTTTCCCTTCCGCTCCTCCGCTCCTCTCCTGCCCTGCTTGCTCTGTACATACATCCCCCGGCATGTTTGCACACAGGTCGCTCCCCTGCTCTCTCCTCTCCTCCG	R1	0.00993561651557684
seelig	consider missing	seelig_cm_zinb_phantom	TAACTCACAAAAACGCTAACGCGCCACCCAAACAACCACATCCAACAAACCACCAATGACTCAAAAGAAAGCGCAGTCGCGGAAGCGCCGCCCACATCCAACCCAAAAAACCAAACCAAACAACCAAATGACTCACCACCCCAAT	R1	0.009973692707717419
seelig	consider missing	seelig_cm_zinb_phantom	CCCCCGGCTTCCAGATATCGCGGGGCCCCTGGGGGGGGCCCCCCCCCCCCCCCCAGCCCGAGGCTGAGTCACTCCGCGATACGCGGAGCCGGCGGGTGAGTCATCTGGGGGGGGCGGCCTATCCGCGCGGACCCGCGGACCCCGG	R1	0.009981195442378521
seelig	consider missing	seelig_cm_zinb_phantom	GGGGGGGCCCGCCGCGTGACTCACTCCGAGATACGCGGATCCGGCGGGTGAGTCATCCCGCGATACCGCGCCTTCGAGATATCGCGGGGCCCCTGGGGGGCCCCCCCCAGCCTGAGTCATCTCGGGGGGCCGGCCTATCCGCGCG	R1	0.0098348930478096
seelig	consider missing	seelig_cm_zinb_phantom	GTACATTCCCCGGCATGTTTGCCGCTCTCTCTTCCGCTCCTCCGCTCCTCTCCTGCCCTGCCTGCTCCTCCGCTCCTCTGCTCTACTTCCTGTCTTGTTTGTACATTCCCTGCTCTGTACATACATCCCCCGGCATGTTTGTACC	R1	0.009779885411262512
seelig	consider missing	seelig_cm_zinb_phantom	CTCTTCTGCTCTCTCGGTACATTCCCCGGCATGTTTGTACCTTCCCCTCCCGCTCCTCTGCTCTTCCGCTGGTTACATCCCCCGGCATGCCTACCGCTCCTCTGCTTCCTCCTCTGCTCCTCCCCTCTCCTCTCCTGTTTGCACA	R1	0.009955613873898983
seelig	consider missing	seelig_cm_zinb_phantom	CTGTTGCCCAGGGGACCAAGGGCTGGGGACAGTTCTAAGCCGAGGACTGGGTCTTGGGGACACTCGGGCCTCTGGAAGACAAGGCGGGTAGGGTGTCACCTGGGCTTCCCCCCAGGCCGTCTCAGCTCACTGCGCCCCTCCCCGC	R1	0.009973734617233276
seelig	consider missing	seelig_cm_zinb_phantom	TCTTATCCTTCCCTCCCCCTTTTCGCGTATCTCCCCGCCTATATCTTCCTTCTTCCGCGTTTCCGCGTTTTCGCGTCTCTCCCCCCCTATACGCTTTCTCACTCATGCGTCTTCCCGCGTATACGCTTTCTTATCCGCCCTCTCC	R1	0.010030640289187431
seelig	consider missing	seelig_cm_zinb_phantom	AGTCGCTGCGCGATATATCGTCCGCGAGATACGCTTCGCTCCGCCCGCGCTTCCTTCCGCGGAGTCGCGGGTCCTCGCCTCGCGCCTCTTATCGGTGCGCGGCGCTCTTTCGCGAGATATCGCCCCTTTTCGCGCGCTTCCTCGC	R1	0.009884488768875599
seelig	consider missing	seelig_cm_zinb_phantom	TTGCATCTAATGAGTAAGACAGAACGGCTCTCGCGATATGCTTCTGCTGCAGCGCCGTTTCTTATCATAAGAAGCATCGAGGAGCGCGCGTCGCGGGAAGCGCCTCCAATTAACTCCACCAATCGCTTCACTCGCCGCGGCTCTG	R1	0.009904532693326473
seelig	consider missing	seelig_cm_zinb_phantom	TCGAGCTGGCGCGCGCGCCTGATAATGAACGCAATTTCTGAGCACCGTGGCGCGCGCGCCTGAGTGGCGCGCGCGCCTGATCGTCTAGTGGCGCGCGCGCCTGACTCATGGCGCGCGCGCCTGACCAGCTGGCGCGCGCGCCTGA	R1	0.009662835858762264
seelig	consider missing	seelig_cm_zinb_phantom	TTTTTGTTGGCGCGCGCGCCTGAAGCGGGACTGCCAGGTGGCGCGCGCGCCTGAAGGCGATTATGGCGCGCGCGCCTGACACGGGGTATTGTCCTGGAGTTATGCGGCTACAGGAATGGGACGGCGCCACTGCGGGGTTTGCCGG	R1	0.010019046254456043
seelig	consider missing	seelig_cm_zinb_phantom	AACCCACACCCACGAGTAACTGGGCGGGGCCATCCGCGACTGACGAGGAAGCGCCACCCATGAGTCACTGGGCGGGCCCACGCGTGGGCGGATGGCGCGATCCGCGGATCGGAAGCGCCACCCACAGATAAGACACGCGGAACCC	R1	0.009820036590099335
seelig	consider missing	seelig_cm_zinb_phantom	CTCCCCTGCTCTGTACATACATCCCCCGGCATGTTTGCACACAGGTCGCTCCTCCGCTCCTCCGCTCCTCTGCTCTCCTCCCCTCTCCTCCGCTCCTCTGCTCCCCCTCTCGGTACATTCCCCGGCATGTTTGCACCTTCCCCTC	R1	0.009885085746645927
seelig	consider missing	seelig_cm_zinb_phantom	CCCCCCCCCCCCAGCGTGAGTCACTCCGCGATACGCGGCTTCCGAGATATCGCGGTCCCGTGGCTGAGTCATCTCGCGGGGCCGGCCTATCCGCGCGGATCCGCGTGCCCCCACCCCCCGCCCCTGGCTGAGTCATCTCGCGGGG	R1	0.00981230940669775
seelig	consider missing	seelig_cm_zinb_phantom	TGACTCACTCCGCGATACGCGGCTTCCGAGATATCGCGGTCCGGCGGGTGAGTCATATCGGCGCGGGTGGGGCTGGGGGGGCCGGCCTATCCGCGCGGATCCGCTTCCAGATATCGCGGGGCCCCCGGCGCGGGCCCCCCCCCCC	R1	0.009885062463581562
seelig	consider missing	seelig_cm_zinb_phantom	GTCGCGGAAGCCCTCTCCCCCCTTTCCAGGAAGTCGCGGAAGCGCCCCCCCCCCTCCCCTCTCGCCCCCCCCCCGATGACTCGTCTCTCCCTCTCGCGGATGACGCTTCCTTATCGGGGGGGCGGGAAGTCACGATACGCCGGGG	R1	0.009732234291732311
seelig	consider missing	seelig_cm_zinb_phantom	CCCCCCCCCACCCACAAGAGGATGAGTCATCCGATCGGGGCGGGGCGGCGGAAGCCCCGCCCCCCCCCCCCCCCCCCCCACCAGGAAGTCACTTCCGGGAAGGGCGGGCCCCCCCGCCTATAGGCAGATATCGGCGGGGGGGGGC	R1	0.009851545095443726
seelig	consider missing	seelig_cm_zinb_phantom	GCAGGAGAGCAATGGACAAACATGACGGGAGGAGAGGGGGGGGGGGGGGGGGGGGGGGGGGAGAGGGACATGTCCGGGCATGCCCGGAGGGGGAGGGCAATGAACCAATGTACAAACATGCCGGGGCATGTCCAAAGCAAAAAAG	R1	0.009320031851530075
seelig	consider missing	seelig_cm_zinb_phantom	CCCTGGCCCTGGGGGGGCCGGCCTATCGGCGCGGATGCGGCTGGGGGGGCCGGCCTATCCGCGCGGATCCGCTTCCAGATATCGCGGTGCGGCGGCTGAGTCATCTCGCGGGGCCGCGCTTCCGAGATACGCGGGGCCCCGCGCC	R1	0.010052957572042942
seelig	consider missing	seelig_cm_zinb_phantom	GCTGGACACGGCCACCGGAACCCCCTTCTGACAGGAAATACATCCGGGGTGGAGGGGGCTGGGCAGCTGAATCCCAGCGACGGAATGGCCCTTGCCCTCACGAGTTACTTTACACAAACCCGCTGTCCCTGACCTTTCCAGCTGC	R1	0.00991950836032629
seelig	consider missing	seelig_cm_zinb_phantom	CCCCCCTTTCCAGGAAGTCGCGGAAGCGCTGAGTCACGATACGCCCCGCCCCCCCGCCCCCCCCCCCCCCCGCCGATGACGCTTCCTTATCTCTCGCGGATGTCGCTTCCTTATCGGGGGGGCGGGAAGTCACGATACGCCTTTC	R1	0.010083554312586784
seelig	consider missing	seelig_cm_zinb_phantom	CTCACCGAGGCGGCGCTTCGCGAGAAAACGCCCCGCCAATCACCCGTCTTACCCTATAAGATAACGCATCCGCCTCCGCTTTCGCGCCACTACCTTATGGGTCAGTACCGGTTCATGAGTCCTACGCCTCCTCGCGCGACGCCTA	R1	0.00971769168972969
seelig	consider missing	seelig_cm_zinb_phantom	TGACTCATCTCGCGGGGCCGGCCTATCCGCGCGGATCCGCTTCCAGATATCGCGGGGCCCCTGGGGGGGGCCGGGCCCCCCCCGGGCCCCGCCCAGACCGCGCTTCCGAGATACGCGGATCCGGCGGCTGAGTCATATCGGCGTG	R1	0.01001396868377924
seelig	consider missing	seelig_cm_zinb_phantom	CGGATGACGCTTCCTTATCTCGGGGGCGGGAAGTCACGATACGCCGGGGGCGGGGGGGGGAGTCACTTCCTTATCTGTAAGTCACGGAAGCGCCCCCCCCCCCCCCCCCCCCCCCCCCCGCCCCCCCGCCGATGACGCTTCCTTA	R1	0.009476802311837673
seelig	consider missing	seelig_cm_zinb_phantom	CGTCATTCGCGGATCGCGTTATCCGCCGATCTCTCTTCTGAGTTATCTTCCGCGTCTCCGATTCGCCGATTCGCCCCGCCCTTCGCGGAGCCGCGTGTCGGCGTATCGGCGTGGCGGCGTATCTTCCCTCTTATCTTCCGATTGG	R1	0.009986559860408306
seelig	consider missing	seelig_cm_zinb_phantom	GCCCTTCCGCGTTTTCGCGTATCTTCCTTCCTATACGCTTTCTCATCCGCCCTCCCCCCCCCCCCTCCCCCCCCCCCCGCTTTCCCGCGCCTATCCGCGTTTTCGCGTATCTCCCTCCCTATGCGTCTTCCCGCGTATACGCTTT	R1	0.009985248558223248
seelig	consider missing	seelig_cm_zinb_phantom	ACGCGCTTCGAGATAAGGTTACTTCCTCGTAAGGCCCCGCCCATACGCGTCTTCGAGGACGCGTCTTCTTATCTGTCTTCCCGCGCGCGGAGACGCGTCTTCTTCCTCGTATCGCCCCGCCCATGCGTTCTCTTGAGGACTTCCC	R1	0.01004029531031847
seelig	consider missing	seelig_cm_zinb_phantom	TTGGCGCGCGCGCCTGATTAGCCAGCGGAAGTATGGCGCGCGCGCCTGAGCTGGCGCGCGCGCCTGAGGCCATGGCGCGCGCGCCTGATGGCGCGCGCGCCTGATTGGCGCGCGCGCCTGACTTCTTGGCGCGCGCGCCTGAAGA	R1	0.009557747282087803
seelig	consider missing	seelig_cm_zinb_phantom	TAGGGGCGGGGCTTCCCGGAAGCCCCGCCCCCCCCCGCTGACTCATCCCCCGGAAGTAACTTCCGGGAAGGGCGGCCCCCCCCGCCTATAGGCGGGCCCCCCCCCACCCAGAAGAGGATGAGTCATCCGATATCGGCGGGGGGCC	R1	0.010049057193100452
seelig	consider missing	seelig_cm_zinb_phantom	ACCTTCCTTCTCAGCCCCGCGCCAGACCTCAGCCCCGCCTTCCAGGCTAGTCCCCGCCCCTCGGACACACCCACAGACTTCGGCCCCGCGTCCCAGCACTAGGCCCCGCCTGACACAGCCACGGACTGGGCCTTGCCTCCCAGCT	R1	0.010123533196747303
seelig	consider missing	seelig_cm_zinb_phantom	CTGGGGGGGGGGGGCCCTGGGGGGGGGGCCCCCCCCCCCGCCCTTGGCTGAGTCATCTCGCGGGGGCGCGCTTCCGAGATACGCGGATCCGGGGGGCCCGGCCTATCGGCGCGGATCCGCTTCCAGATATCGCGGGGCGGCCGTC	R1	0.010089396499097347
seelig	consider missing	seelig_cm_zinb_phantom	GCGTTTCCGCGTATCTCCCCCCCCTTCTTCTTATACGCTTTCTCATCCGCCCTCTCCTTTTTCCCTTCCTTCTTCTCCGTTTCCATCCGCGTATATCTTCCCTCCCCCCCCCCCCCCCTTTCTCACTCATGCGTCTTCCCGCGTA	R1	0.010035418905317783
seelig	consider missing	seelig_cm_zinb_phantom	CCCCGCCTATCGGCGCGGATCCGCTTCGAGATATCGCGGGGCCCCCCGCGGCCCCGCCCTTGGCTGAGTCATCTCGCGGGGCCGGCCTATCGGCGCGGGTGGGGGGGGGGGGGGGGCGCTTCCGAGATACGCGGACCCCCGGGGC	R1	0.009937305003404617
seelig	consider missing	seelig_cm_zinb_phantom	TCGACTTCCTTATCTCTCGGAAGAGGGCGCGGCCTATCGGAAGGAAGCGCCGCCCGCCCTCCCCCCCACACCCCCCCCGATTTCGCGGAAGTCACACCCATTGGCTGATTTAATCCGCCCGATGACTCATCCGCCCCCCGCCCAC	R1	0.010174895636737347
seelig	consider missing	seelig_cm_zinb_phantom	GGCGGGGGGGGGAGTCACTTCCTTATCAGGAAGTCACGATACGCCGTGGGCGGGGCGGGCCCCGCCCCCCCCCCCCCTTGTCCTCCCCCCGATGACTCGTCTCTCCCTCTCGCGGATGACGCTTCCTTATCGGGGCGGCGGGGGG	R1	0.009950798004865646
seelig	consider missing	seelig_cm_zinb_phantom	GGGGCCCCGCCCCGGGGCCCCCCCCCGCTTCCAGGAAGTGACTCATCCGCGGGGGGCGGGCCCCCCCCCCCCCACCCAGAAGAGGATGAGTCATCCTATATCGGCGGGGGGCCCAGCCTATAGGCCGGCCCCCCCCCCCCCCCCC	R1	0.011689681559801102
seelig	consider missing	seelig_cm_zinb_phantom	GGGGGGGCCCCGCCTATAGGGGCGGCGCTTCCAGGAAGTGACTCATCGGGGGGGGGCGGGGGGGGCGGCCTATAGGGCCGGGGGGGGGGGACTTCCCGGAAGCGCCGCCCCAAGAGGATGAGTCATCCTATATCGGCGGAGGGCC	R1	0.00977917481213808
seelig	consider missing	seelig_cm_zinb_phantom	AAGCGGCGCAGATAACGCGGAACCAATCGCTATATCTGACTCACACCCTCCCGCCCCAGATAAGGCGGAAGCGGCGGGCCCACCCCCACATATAGGGGGGGCCGACCCCCCGCCTATGAGTCACGCCACATCCGCGTCACGCCCC	R1	0.009985946118831635
seelig	consider missing	seelig_cm_zinb_phantom	GGGGGGGGGGGGGGGGGGGGGGGGGGGGGGGGGGGAGGTTTAAACATGCGGGGAGATTTACATAAGGGGAATGTTGGGAGCTGACGGAAAGTTGAACTAACGGAAAGTCGAACAATGGTTGTTGCGGAATGTCGGAAAGTTGAAC	R1	0.009354211390018463
seelig	consider missing	seelig_cm_zinb_phantom	CCGTGGGCCTGGGGGGCCCCGCCTATCGGCGGGGGGCGGCTTCGAGATATCGCGATCCGGCGGCTGAGTCATATCGGCGTGGACCCGCGGACCCCGGGGGGGCCCTGGGGGGGCCGCGCTTCCGAGATACGGCGGCCCCCCCCCC	R1	0.009114770218729973
seelig	consider missing	seelig_cm_zinb_phantom	GTGGCACAAAACAATGACCGGACGGACATGCCCGGGCATGTCTGCCGCCCAGGCATGCCAGGGGCAAAGGACTTTGGACTGTGGCACCAAACAATCAACCAACGGTCATGCCCGGGCATGCCCCCTGCCCCCCCCCCCCCCCCCC	R1	0.009114770218729973
